frame,start_sec,end_sec,events,detections
0,0.004944,0.034943999999999996,552674,2
1,0.034943999999999996,0.064944,741633,4
2,0.064944,0.094944,804704,1
3,0.094944,0.124944,812128,4
4,0.124944,0.154944,752326,4
5,0.154944,0.184944,683518,4
6,0.184944,0.214944,634507,4
7,0.214944,0.244944,754014,4
8,0.244944,0.27494399999999997,1091351,3
9,0.27494399999999997,0.304944,943743,2
10,0.304944,0.334944,794537,2
11,0.334944,0.36494400000000005,653199,2
12,0.36494400000000005,0.3949440000000001,526894,4
13,0.3949440000000001,0.4249440000000001,447223,4
14,0.4249440000000001,0.4549440000000001,333389,1
15,0.4549440000000001,0.48494400000000015,225982,2
16,0.48494400000000015,0.5149440000000002,21009,1
17,0.5149440000000002,0.5449440000000002,11259,1
18,0.5449440000000002,0.5749440000000002,9229,0
19,0.5749440000000002,0.6049440000000003,7874,0
20,0.6049440000000003,0.6349440000000003,7031,0
21,0.6349440000000003,0.6649440000000003,6265,2
22,0.6649440000000003,0.6949440000000003,5598,0
23,0.6949440000000003,0.7249440000000004,5139,0
24,0.7249440000000004,0.7549440000000004,4806,0
25,0.7549440000000004,0.7849440000000004,4297,0
26,0.7849440000000004,0.8149440000000004,4149,1
27,0.8149440000000004,0.8449440000000005,3764,0
28,0.8449440000000005,0.8749440000000005,3593,0
29,0.8749440000000005,0.9049440000000005,3332,0
30,0.9049440000000005,0.9349440000000006,3187,0
31,0.9349440000000006,0.9649440000000006,3040,0
32,0.9649440000000006,0.9949440000000006,2963,0
33,0.9949440000000006,1.0249440000000005,2770,1
34,1.0249440000000005,1.0549440000000005,2739,0
35,1.0549440000000005,1.0849440000000006,2504,0
36,1.0849440000000006,1.1149440000000006,2456,0
37,1.1149440000000006,1.1449440000000006,2348,1
38,1.1449440000000006,1.1749440000000007,2275,0
39,1.1749440000000007,1.2049440000000007,2077,0
40,1.2049440000000007,1.2349440000000007,2030,1
41,1.2349440000000007,1.2649440000000007,2003,0
42,1.2649440000000007,1.2949440000000008,1914,1
43,1.2949440000000008,1.3249440000000008,1802,0
44,1.3249440000000008,1.3549440000000008,1899,0
45,1.3549440000000008,1.3849440000000008,1851,0
46,1.3849440000000008,1.4149440000000009,1683,0
47,1.4149440000000009,1.444944000000001,1640,1
48,1.444944000000001,1.474944000000001,1575,1
49,1.474944000000001,1.504944000000001,1628,0
50,1.504944000000001,1.534944000000001,1559,0
51,1.534944000000001,1.564944000000001,1506,0
52,1.564944000000001,1.594944000000001,1518,0
53,1.594944000000001,1.624944000000001,1471,0
54,1.624944000000001,1.654944000000001,1421,0
55,1.654944000000001,1.684944000000001,1388,0
56,1.684944000000001,1.7149440000000011,1318,0
57,1.7149440000000011,1.7449440000000012,1345,0
58,1.7449440000000012,1.7749440000000012,1239,0
59,1.7749440000000012,1.8049440000000012,1279,0
60,1.8049440000000012,1.8349440000000012,1290,0
61,1.8349440000000012,1.8649440000000013,1247,1
62,1.8649440000000013,1.8949440000000013,1130,0
63,1.8949440000000013,1.9249440000000013,1196,0
64,1.9249440000000013,1.9549440000000013,1208,0
65,1.9549440000000013,1.9849440000000014,1057,0
66,1.9849440000000014,2.014944000000001,1108,0
67,2.014944000000001,2.044944000000001,1059,0
68,2.044944000000001,2.074944000000001,1121,0
69,2.074944000000001,2.1049440000000006,1142,0
70,2.1049440000000006,2.1349440000000004,1019,0
71,2.1349440000000004,2.164944,1029,0
72,2.164944,2.194944,1011,0
73,2.194944,2.224944,1008,1
74,2.224944,2.2549439999999996,1012,0
75,2.2549439999999996,2.2849439999999994,1046,1
76,2.2849439999999994,2.3149439999999992,965,0
77,2.3149439999999992,2.344943999999999,975,1
78,2.344943999999999,2.374943999999999,909,0
79,2.374943999999999,2.4049439999999986,936,0
80,2.4049439999999986,2.4349439999999984,1005,0
81,2.4349439999999984,2.4649439999999982,887,1
82,2.4649439999999982,2.494943999999998,908,0
83,2.494943999999998,2.524943999999998,840,0
84,2.524943999999998,2.5549439999999977,846,0
85,2.5549439999999977,2.5849439999999975,891,0
86,2.5849439999999975,2.6149439999999973,866,0
87,2.6149439999999973,2.644943999999997,823,1
88,2.644943999999997,2.674943999999997,870,0
89,2.674943999999997,2.7049439999999967,788,0
90,2.7049439999999967,2.7349439999999965,796,0
91,2.7349439999999965,2.7649439999999963,805,0
92,2.7649439999999963,2.794943999999996,779,0
93,2.794943999999996,2.824943999999996,825,0
94,2.824943999999996,2.8549439999999957,781,0
95,2.8549439999999957,2.8849439999999955,771,0
96,2.8849439999999955,2.9149439999999953,795,1
97,2.9149439999999953,2.944943999999995,759,0
98,2.944943999999995,2.974943999999995,788,1
99,2.974943999999995,3.0049439999999947,730,0
100,3.0049439999999947,3.0349439999999945,755,0
101,3.0349439999999945,3.0649439999999943,765,1
102,3.0649439999999943,3.094943999999994,717,1
103,3.094943999999994,3.124943999999994,763,0
104,3.124943999999994,3.1549439999999938,738,0
105,3.1549439999999938,3.1849439999999936,760,0
106,3.1849439999999936,3.2149439999999934,767,0
107,3.2149439999999934,3.244943999999993,758,1
108,3.244943999999993,3.274943999999993,722,0
109,3.274943999999993,3.3049439999999928,673,0
110,3.3049439999999928,3.3349439999999926,794,0
111,3.3349439999999926,3.3649439999999924,734,0
112,3.3649439999999924,3.394943999999992,768,0
113,3.394943999999992,3.424943999999992,661,1
114,3.424943999999992,3.454943999999992,644,0
115,3.454943999999992,3.4849439999999916,719,1
116,3.4849439999999916,3.5149439999999914,707,0
117,3.5149439999999914,3.544943999999991,665,0
118,3.544943999999991,3.574943999999991,728,0
119,3.574943999999991,3.604943999999991,691,0
120,3.604943999999991,3.6349439999999906,672,0
121,3.6349439999999906,3.6649439999999904,647,0
122,3.6649439999999904,3.6949439999999902,636,0
123,3.6949439999999902,3.72494399999999,642,0
124,3.72494399999999,3.75494399999999,677,0
125,3.75494399999999,3.7849439999999897,668,0
126,3.7849439999999897,3.8149439999999895,643,0
127,3.8149439999999895,3.8449439999999893,679,1
128,3.8449439999999893,3.874943999999989,682,0
129,3.874943999999989,3.904943999999989,607,0
130,3.904943999999989,3.9349439999999887,641,0
131,3.9349439999999887,3.9649439999999885,603,0
132,3.9649439999999885,3.9949439999999883,658,2
133,3.9949439999999883,4.024943999999988,650,1
134,4.024943999999988,4.054943999999988,637,1
135,4.054943999999988,4.084943999999989,603,1
136,4.084943999999989,4.114943999999989,564,1
137,4.114943999999989,4.144943999999989,624,1
138,4.144943999999989,4.174943999999989,584,0
139,4.174943999999989,4.20494399999999,602,0
140,4.20494399999999,4.23494399999999,607,0
141,4.23494399999999,4.26494399999999,642,0
142,4.26494399999999,4.29494399999999,653,0
143,4.29494399999999,4.324943999999991,592,0
144,4.324943999999991,4.354943999999991,626,0
145,4.354943999999991,4.384943999999991,566,1
146,4.384943999999991,4.414943999999991,634,0
147,4.414943999999991,4.444943999999992,623,1
148,4.444943999999992,4.474943999999992,567,0
149,4.474943999999992,4.504943999999992,592,0
150,4.504943999999992,4.534943999999992,620,0
151,4.534943999999992,4.564943999999993,609,0
152,4.564943999999993,4.594943999999993,563,0
153,4.594943999999993,4.624943999999993,549,0
154,4.624943999999993,4.654943999999993,556,0
155,4.654943999999993,4.684943999999994,562,0
156,4.684943999999994,4.714943999999994,542,0
157,4.714943999999994,4.744943999999994,506,0
158,4.744943999999994,4.774943999999994,557,0
159,4.774943999999994,4.8049439999999946,583,0
160,4.8049439999999946,4.834943999999995,551,0
161,4.834943999999995,4.864943999999995,612,0
162,4.864943999999995,4.894943999999995,568,1
163,4.894943999999995,4.9249439999999955,570,2
164,4.9249439999999955,4.954943999999996,539,0
165,4.954943999999996,4.984943999999996,573,0
166,4.984943999999996,5.014943999999996,604,0
167,5.014943999999996,5.0449439999999965,573,1
168,5.0449439999999965,5.074943999999997,593,0
169,5.074943999999997,5.104943999999997,573,0
170,5.104943999999997,5.134943999999997,538,0
171,5.134943999999997,5.1649439999999975,536,1
172,5.1649439999999975,5.194943999999998,572,0
173,5.194943999999998,5.224943999999998,563,0
174,5.224943999999998,5.254943999999998,609,1
175,5.254943999999998,5.2849439999999985,551,0
176,5.2849439999999985,5.314943999999999,606,1
177,5.314943999999999,5.344943999999999,557,0
178,5.344943999999999,5.374943999999999,596,1
179,5.374943999999999,5.4049439999999995,633,1
180,5.4049439999999995,5.434944,556,1
181,5.434944,5.464944,603,0
182,5.464944,5.494944,622,0
183,5.494944,5.5249440000000005,542,0
184,5.5249440000000005,5.554944000000001,551,1
185,5.554944000000001,5.584944000000001,555,0
186,5.584944000000001,5.614944000000001,550,0
187,5.614944000000001,5.6449440000000015,583,0
188,5.6449440000000015,5.674944000000002,534,1
189,5.674944000000002,5.704944000000002,545,0
190,5.704944000000002,5.734944000000002,570,0
191,5.734944000000002,5.7649440000000025,584,0
192,5.7649440000000025,5.794944000000003,542,0
193,5.794944000000003,5.824944000000003,568,0
194,5.824944000000003,5.854944000000003,573,1
195,5.854944000000003,5.8849440000000035,541,0
196,5.8849440000000035,5.914944000000004,557,1
197,5.914944000000004,5.944944000000004,540,1
198,5.944944000000004,5.974944000000004,502,1
199,5.974944000000004,6.0049440000000045,559,0
200,6.0049440000000045,6.034944000000005,506,1
201,6.034944000000005,6.064944000000005,521,0
202,6.064944000000005,6.094944000000005,532,1
203,6.094944000000005,6.1249440000000055,558,0
204,6.1249440000000055,6.154944000000006,508,0
205,6.154944000000006,6.184944000000006,554,0
206,6.184944000000006,6.214944000000006,543,1
207,6.214944000000006,6.2449440000000065,509,0
208,6.2449440000000065,6.274944000000007,522,0
209,6.274944000000007,6.304944000000007,529,0
210,6.304944000000007,6.334944000000007,578,1
211,6.334944000000007,6.3649440000000075,511,1
212,6.3649440000000075,6.394944000000008,579,1
213,6.394944000000008,6.424944000000008,544,1
214,6.424944000000008,6.454944000000008,541,1
215,6.454944000000008,6.4849440000000085,529,1
216,6.4849440000000085,6.514944000000009,573,1
217,6.514944000000009,6.544944000000009,559,0
218,6.544944000000009,6.574944000000009,594,1
219,6.574944000000009,6.6049440000000095,521,0
220,6.6049440000000095,6.63494400000001,561,1
221,6.63494400000001,6.66494400000001,502,0
222,6.66494400000001,6.69494400000001,466,0
223,6.69494400000001,6.7249440000000105,503,0
224,6.7249440000000105,6.754944000000011,526,0
225,6.754944000000011,6.784944000000011,488,1
226,6.784944000000011,6.814944000000011,547,1
227,6.814944000000011,6.8449440000000115,538,0
228,6.8449440000000115,6.874944000000012,533,0
229,6.874944000000012,6.904944000000012,583,0
230,6.904944000000012,6.934944000000012,579,1
231,6.934944000000012,6.9649440000000125,529,0
232,6.9649440000000125,6.994944000000013,537,0
233,6.994944000000013,7.024944000000013,579,1
234,7.024944000000013,7.054944000000013,528,1
235,7.054944000000013,7.0849440000000135,501,1
236,7.0849440000000135,7.114944000000014,495,0
237,7.114944000000014,7.144944000000014,542,0
238,7.144944000000014,7.174944000000014,559,0
239,7.174944000000014,7.2049440000000144,504,0
240,7.2049440000000144,7.234944000000015,539,0
241,7.234944000000015,7.264944000000015,577,0
242,7.264944000000015,7.294944000000015,495,0
243,7.294944000000015,7.324944000000015,522,0
244,7.324944000000015,7.354944000000016,517,0
245,7.354944000000016,7.384944000000016,506,0
246,7.384944000000016,7.414944000000016,521,1
247,7.414944000000016,7.444944000000016,507,1
248,7.444944000000016,7.474944000000017,522,0
249,7.474944000000017,7.504944000000017,562,1
250,7.504944000000017,7.534944000000017,508,0
251,7.534944000000017,7.564944000000017,504,0
252,7.564944000000017,7.594944000000018,515,0
253,7.594944000000018,7.624944000000018,541,0
254,7.624944000000018,7.654944000000018,539,0
255,7.654944000000018,7.684944000000018,534,0
256,7.684944000000018,7.714944000000019,503,1
257,7.714944000000019,7.744944000000019,484,1
258,7.744944000000019,7.774944000000019,492,0
259,7.774944000000019,7.804944000000019,487,0
260,7.804944000000019,7.83494400000002,507,0
261,7.83494400000002,7.86494400000002,492,0
262,7.86494400000002,7.89494400000002,463,0
263,7.89494400000002,7.92494400000002,508,1
264,7.92494400000002,7.954944000000021,493,0
265,7.954944000000021,7.984944000000021,502,1
266,7.984944000000021,8.014944000000021,511,2
267,8.014944000000021,8.04494400000002,510,0
268,8.04494400000002,8.07494400000002,518,0
269,8.07494400000002,8.10494400000002,448,1
270,8.10494400000002,8.134944000000019,488,1
271,8.134944000000019,8.164944000000018,443,0
272,8.164944000000018,8.194944000000017,463,0
273,8.194944000000017,8.224944000000017,510,0
274,8.224944000000017,8.254944000000016,498,1
275,8.254944000000016,8.284944000000015,472,0
276,8.284944000000015,8.314944000000015,447,1
277,8.314944000000015,8.344944000000014,468,0
278,8.344944000000014,8.374944000000013,518,0
279,8.374944000000013,8.404944000000013,976,1
280,8.404944000000013,8.434944000000012,2225,1
281,8.434944000000012,8.464944000000012,3473,1
282,8.464944000000012,8.494944000000011,3809,1
283,8.494944000000011,8.52494400000001,3537,1
284,8.52494400000001,8.55494400000001,3352,1
285,8.55494400000001,8.584944000000009,2943,2
286,8.584944000000009,8.614944000000008,2595,2
287,8.614944000000008,8.644944000000008,2324,2
288,8.644944000000008,8.674944000000007,1994,1
289,8.674944000000007,8.704944000000006,1676,2
290,8.704944000000006,8.734944000000006,1447,1
291,8.734944000000006,8.764944000000005,1205,1
292,8.764944000000005,8.794944000000005,961,0
293,8.794944000000005,8.824944000000004,859,1
294,8.824944000000004,8.854944000000003,903,2
295,8.854944000000003,8.884944000000003,1054,1
296,8.884944000000003,8.914944000000002,1196,2
297,8.914944000000002,8.944944000000001,1403,2
298,8.944944000000001,8.974944,1517,1
299,8.974944,9.004944,1582,2
300,9.004944,9.034944,1648,1
301,9.034944,9.064943999999999,1710,1
302,9.064943999999999,9.094943999999998,1682,1
303,9.094943999999998,9.124943999999998,1672,1
304,9.124943999999998,9.154943999999997,1735,1
305,9.154943999999997,9.184943999999996,1617,2
306,9.184943999999996,9.214943999999996,1551,2
307,9.214943999999996,9.244943999999995,1601,1
308,9.244943999999995,9.274943999999994,1543,2
309,9.274943999999994,9.304943999999994,1540,1
310,9.304943999999994,9.334943999999993,1521,1
311,9.334943999999993,9.364943999999992,1353,1
312,9.364943999999992,9.394943999999992,1450,1
313,9.394943999999992,9.424943999999991,1521,1
314,9.424943999999991,9.45494399999999,1430,1
315,9.45494399999999,9.48494399999999,1540,2
316,9.48494399999999,9.51494399999999,1574,2
317,9.51494399999999,9.544943999999989,1578,1
318,9.544943999999989,9.574943999999988,1483,2
319,9.574943999999988,9.604943999999987,1486,2
320,9.604943999999987,9.634943999999987,1553,1
321,9.634943999999987,9.664943999999986,1526,2
322,9.664943999999986,9.694943999999985,1575,2
323,9.694943999999985,9.724943999999985,1568,2
324,9.724943999999985,9.754943999999984,1476,1
325,9.754943999999984,9.784943999999983,1358,1
326,9.784943999999983,9.814943999999983,1362,1
327,9.814943999999983,9.844943999999982,1350,1
328,9.844943999999982,9.874943999999982,1264,2
329,9.874943999999982,9.90494399999998,1243,2
330,9.90494399999998,9.93494399999998,1282,1
331,9.93494399999998,9.96494399999998,1377,1
332,9.96494399999998,9.994943999999979,1404,2
333,9.994943999999979,10.024943999999978,1297,2
334,10.024943999999978,10.054943999999978,1280,1
335,10.054943999999978,10.084943999999977,1255,1
336,10.084943999999977,10.114943999999976,1205,1
337,10.114943999999976,10.144943999999976,1273,1
338,10.144943999999976,10.174943999999975,1242,1
339,10.174943999999975,10.204943999999974,1215,1
340,10.204943999999974,10.234943999999974,1184,1
341,10.234943999999974,10.264943999999973,1162,2
342,10.264943999999973,10.294943999999973,1072,2
343,10.294943999999973,10.324943999999972,1130,1
344,10.324943999999972,10.354943999999971,1146,1
345,10.354943999999971,10.38494399999997,1091,2
346,10.38494399999997,10.41494399999997,1137,2
347,10.41494399999997,10.44494399999997,1119,1
348,10.44494399999997,10.474943999999969,1140,1
349,10.474943999999969,10.504943999999968,1097,1
350,10.504943999999968,10.534943999999967,1023,1
351,10.534943999999967,10.564943999999967,1099,1
352,10.564943999999967,10.594943999999966,1103,1
353,10.594943999999966,10.624943999999966,1065,1
354,10.624943999999966,10.654943999999965,1064,1
355,10.654943999999965,10.684943999999964,1119,2
356,10.684943999999964,10.714943999999964,1137,1
357,10.714943999999964,10.744943999999963,1143,1
358,10.744943999999963,10.774943999999962,1128,1
359,10.774943999999962,10.804943999999962,1212,1
360,10.804943999999962,10.834943999999961,1156,2
361,10.834943999999961,10.86494399999996,1155,2
362,10.86494399999996,10.89494399999996,1173,1
363,10.89494399999996,10.92494399999996,1236,1
364,10.92494399999996,10.954943999999958,1208,1
365,10.954943999999958,10.984943999999958,1176,1
366,10.984943999999958,11.014943999999957,1152,1
367,11.014943999999957,11.044943999999957,1097,1
368,11.044943999999957,11.074943999999956,825,1
369,11.074943999999956,11.104943999999955,803,1
370,11.104943999999955,11.134943999999955,1220,1
371,11.134943999999955,11.164943999999954,1289,2
372,11.164943999999954,11.194943999999953,1283,2
373,11.194943999999953,11.224943999999953,1188,2
374,11.224943999999953,11.254943999999952,1188,1
375,11.254943999999952,11.284943999999951,1214,1
376,11.284943999999951,11.31494399999995,1214,2
377,11.31494399999995,11.34494399999995,1210,2
378,11.34494399999995,11.37494399999995,1135,1
379,11.37494399999995,11.404943999999949,1206,1
380,11.404943999999949,11.434943999999948,1181,2
381,11.434943999999948,11.464943999999948,1205,2
382,11.464943999999948,11.494943999999947,1160,2
383,11.494943999999947,11.524943999999946,1208,1
384,11.524943999999946,11.554943999999946,1196,1
385,11.554943999999946,11.584943999999945,1150,1
386,11.584943999999945,11.614943999999944,1128,2
387,11.614943999999944,11.644943999999944,1191,1
388,11.644943999999944,11.674943999999943,1188,1
389,11.674943999999943,11.704943999999943,1211,1
390,11.704943999999943,11.734943999999942,1238,2
391,11.734943999999942,11.764943999999941,1251,1
392,11.764943999999941,11.79494399999994,1236,1
393,11.79494399999994,11.82494399999994,1278,2
394,11.82494399999994,11.85494399999994,1133,1
395,11.85494399999994,11.884943999999939,1176,1
396,11.884943999999939,11.914943999999938,1206,1
397,11.914943999999938,11.944943999999937,1304,1
398,11.944943999999937,11.974943999999937,1235,1
399,11.974943999999937,12.004943999999936,1235,1
400,12.004943999999936,12.034943999999935,1213,1
401,12.034943999999935,12.064943999999935,1241,1
402,12.064943999999935,12.094943999999934,1183,1
403,12.094943999999934,12.124943999999934,1159,1
404,12.124943999999934,12.154943999999933,1147,1
405,12.154943999999933,12.184943999999932,1101,1
406,12.184943999999932,12.214943999999932,1093,1
407,12.214943999999932,12.244943999999931,1044,2
408,12.244943999999931,12.27494399999993,1114,1
409,12.27494399999993,12.30494399999993,1178,2
410,12.30494399999993,12.334943999999929,1128,1
411,12.334943999999929,12.364943999999928,1160,3
412,12.364943999999928,12.394943999999928,1120,1
413,12.394943999999928,12.424943999999927,1066,1
414,12.424943999999927,12.454943999999927,954,1
415,12.454943999999927,12.484943999999926,814,1
416,12.484943999999926,12.514943999999925,860,0
417,12.514943999999925,12.544943999999925,752,0
418,12.544943999999925,12.574943999999924,627,0
419,12.574943999999924,12.604943999999923,594,1
420,12.604943999999923,12.634943999999923,652,1
421,12.634943999999923,12.664943999999922,750,2
422,12.664943999999922,12.694943999999921,901,2
423,12.694943999999921,12.72494399999992,1071,3
424,12.72494399999992,12.75494399999992,1182,2
425,12.75494399999992,12.78494399999992,1357,1
426,12.78494399999992,12.814943999999919,1648,2
427,12.814943999999919,12.844943999999918,1785,2
428,12.844943999999918,12.874943999999918,1885,1
429,12.874943999999918,12.904943999999917,2334,1
430,12.904943999999917,12.934943999999916,2562,1
431,12.934943999999916,12.964943999999916,2775,1
432,12.964943999999916,12.994943999999915,2978,1
433,12.994943999999915,13.024943999999914,3316,1
434,13.024943999999914,13.054943999999914,3466,1
435,13.054943999999914,13.084943999999913,3575,1
436,13.084943999999913,13.114943999999912,3505,1
437,13.114943999999912,13.144943999999912,4174,1
438,13.144943999999912,13.174943999999911,4541,1
439,13.174943999999911,13.20494399999991,4879,1
440,13.20494399999991,13.23494399999991,4979,3
441,13.23494399999991,13.26494399999991,5343,2
442,13.26494399999991,13.294943999999909,5621,1
443,13.294943999999909,13.324943999999908,5976,2
444,13.324943999999908,13.354943999999907,5961,2
445,13.354943999999907,13.384943999999907,5985,1
446,13.384943999999907,13.414943999999906,6035,2
447,13.414943999999906,13.444943999999905,6499,1
448,13.444943999999905,13.474943999999905,7066,1
449,13.474943999999905,13.504943999999904,7259,0
450,13.504943999999904,13.534943999999903,7139,0
451,13.534943999999903,13.564943999999903,6680,1
452,13.564943999999903,13.594943999999902,7307,1
453,13.594943999999902,13.624943999999902,8103,1
454,13.624943999999902,13.654943999999901,6930,1
455,13.654943999999901,13.6849439999999,7053,1
456,13.6849439999999,13.7149439999999,7165,1
457,13.7149439999999,13.744943999999899,6191,1
458,13.744943999999899,13.774943999999898,5829,0
459,13.774943999999898,13.804943999999898,6194,3
460,13.804943999999898,13.834943999999897,7358,1
461,13.834943999999897,13.864943999999896,6287,1
462,13.864943999999896,13.894943999999896,1764,3
463,13.894943999999896,13.924943999999895,677,0
464,13.924943999999895,13.954943999999895,716,0
465,13.954943999999895,13.984943999999894,596,0
466,13.984943999999894,14.014943999999893,602,0
467,14.014943999999893,14.044943999999893,562,0
468,14.044943999999893,14.074943999999892,604,0
469,14.074943999999892,14.104943999999891,582,0
470,14.104943999999891,14.13494399999989,542,0
471,14.13494399999989,14.16494399999989,521,0
472,14.16494399999989,14.19494399999989,521,0
473,14.19494399999989,14.224943999999889,529,0
474,14.224943999999889,14.254943999999888,528,1
475,14.254943999999888,14.284943999999888,484,1
476,14.284943999999888,14.314943999999887,498,0
477,14.314943999999887,14.344943999999886,484,0
478,14.344943999999886,14.374943999999886,565,0
479,14.374943999999886,14.404943999999885,522,1
480,14.404943999999885,14.434943999999884,508,1
481,14.434943999999884,14.464943999999884,540,1
482,14.464943999999884,14.494943999999883,482,0
483,14.494943999999883,14.524943999999882,482,0
484,14.524943999999882,14.554943999999882,463,0
485,14.554943999999882,14.584943999999881,511,0
486,14.584943999999881,14.61494399999988,546,0
487,14.61494399999988,14.64494399999988,518,1
488,14.64494399999988,14.67494399999988,479,0
489,14.67494399999988,14.704943999999879,494,0
490,14.704943999999879,14.734943999999878,464,0
491,14.734943999999878,14.764943999999877,535,0
492,14.764943999999877,14.794943999999877,449,0
493,14.794943999999877,14.824943999999876,459,0
494,14.824943999999876,14.854943999999875,547,1
495,14.854943999999875,14.884943999999875,523,0
496,14.884943999999875,14.914943999999874,506,0
497,14.914943999999874,14.944943999999873,490,0
498,14.944943999999873,14.974943999999873,462,0
499,14.974943999999873,15.004943999999872,500,1
500,15.004943999999872,15.034943999999872,471,0
501,15.034943999999872,15.06494399999987,486,0
502,15.06494399999987,15.09494399999987,465,1
503,15.09494399999987,15.12494399999987,521,0
504,15.12494399999987,15.154943999999869,458,1
505,15.154943999999869,15.184943999999868,480,0
506,15.184943999999868,15.214943999999868,512,1
507,15.214943999999868,15.244943999999867,1171,1
508,15.244943999999867,15.274943999999866,2306,1
509,15.274943999999866,15.304943999999866,2638,0
510,15.304943999999866,15.334943999999865,2715,0
511,15.334943999999865,15.364943999999864,2918,1
512,15.364943999999864,15.394943999999864,3185,1
513,15.394943999999864,15.424943999999863,3357,2
514,15.424943999999863,15.454943999999863,3296,2
515,15.454943999999863,15.484943999999862,3353,2
516,15.484943999999862,15.514943999999861,3344,1
517,15.514943999999861,15.54494399999986,3400,1
518,15.54494399999986,15.57494399999986,3330,2
519,15.57494399999986,15.60494399999986,3244,0
520,15.60494399999986,15.634943999999859,3206,1
521,15.634943999999859,15.664943999999858,3124,2
522,15.664943999999858,15.694943999999857,3252,2
523,15.694943999999857,15.724943999999857,3188,1
524,15.724943999999857,15.754943999999856,3073,1
525,15.754943999999856,15.784943999999856,3000,1
526,15.784943999999856,15.814943999999855,2732,1
527,15.814943999999855,15.844943999999854,2576,2
528,15.844943999999854,15.874943999999854,2560,1
529,15.874943999999854,15.904943999999853,2501,1
530,15.904943999999853,15.934943999999852,2465,1
531,15.934943999999852,15.964943999999852,2274,1
532,15.964943999999852,15.994943999999851,2223,1
533,15.994943999999851,16.024943999999852,2125,1
534,16.024943999999852,16.054943999999853,1984,2
535,16.054943999999853,16.084943999999854,1987,1
536,16.084943999999854,16.114943999999856,1941,1
537,16.114943999999856,16.144943999999857,2058,2
538,16.144943999999857,16.174943999999858,1809,1
539,16.174943999999858,16.20494399999986,1617,1
540,16.20494399999986,16.23494399999986,1526,1
541,16.23494399999986,16.26494399999986,1500,1
542,16.26494399999986,16.294943999999862,1501,1
543,16.294943999999862,16.324943999999864,1509,1
544,16.324943999999864,16.354943999999865,1466,1
545,16.354943999999865,16.384943999999866,1452,2
546,16.384943999999866,16.414943999999867,1386,1
547,16.414943999999867,16.444943999999868,1298,0
548,16.444943999999868,16.47494399999987,1276,2
549,16.47494399999987,16.50494399999987,1274,1
550,16.50494399999987,16.53494399999987,1279,1
551,16.53494399999987,16.564943999999873,1309,1
552,16.564943999999873,16.594943999999874,1305,1
553,16.594943999999874,16.624943999999875,1312,1
554,16.624943999999875,16.654943999999876,1138,1
555,16.654943999999876,16.684943999999877,1114,2
556,16.684943999999877,16.71494399999988,1046,1
557,16.71494399999988,16.74494399999988,1076,1
558,16.74494399999988,16.77494399999988,1167,1
559,16.77494399999988,16.80494399999988,1129,0
560,16.80494399999988,16.834943999999883,1186,2
561,16.834943999999883,16.864943999999884,1240,1
562,16.864943999999884,16.894943999999885,1220,2
563,16.894943999999885,16.924943999999886,1279,2
564,16.924943999999886,16.954943999999887,1257,2
565,16.954943999999887,16.98494399999989,1269,1
566,16.98494399999989,17.01494399999989,1305,0
567,17.01494399999989,17.04494399999989,1327,1
568,17.04494399999989,17.074943999999892,1407,1
569,17.074943999999892,17.104943999999893,1451,1
570,17.104943999999893,17.134943999999894,1526,1
571,17.134943999999894,17.164943999999895,1554,1
572,17.164943999999895,17.194943999999897,1511,1
573,17.194943999999897,17.224943999999898,1497,2
574,17.224943999999898,17.2549439999999,1496,2
575,17.2549439999999,17.2849439999999,1447,2
576,17.2849439999999,17.3149439999999,1512,2
577,17.3149439999999,17.344943999999902,1643,1
578,17.344943999999902,17.374943999999903,1556,1
579,17.374943999999903,17.404943999999904,1512,2
580,17.404943999999904,17.434943999999906,1554,2
581,17.434943999999906,17.464943999999907,1644,1
582,17.464943999999907,17.494943999999908,1680,1
583,17.494943999999908,17.52494399999991,1712,2
584,17.52494399999991,17.55494399999991,1714,1
585,17.55494399999991,17.58494399999991,1734,2
586,17.58494399999991,17.614943999999912,1808,2
587,17.614943999999912,17.644943999999914,1769,2
588,17.644943999999914,17.674943999999915,1803,2
589,17.674943999999915,17.704943999999916,1746,2
590,17.704943999999916,17.734943999999917,1777,2
591,17.734943999999917,17.764943999999918,1743,1
592,17.764943999999918,17.79494399999992,1847,1
593,17.79494399999992,17.82494399999992,1832,1
594,17.82494399999992,17.85494399999992,1815,1
595,17.85494399999992,17.884943999999923,1801,1
596,17.884943999999923,17.914943999999924,1867,2
597,17.914943999999924,17.944943999999925,1898,1
598,17.944943999999925,17.974943999999926,2040,1
599,17.974943999999926,18.004943999999927,2053,1
600,18.004943999999927,18.03494399999993,2157,1
601,18.03494399999993,18.06494399999993,2172,2
602,18.06494399999993,18.09494399999993,2146,1
603,18.09494399999993,18.12494399999993,2217,1
604,18.12494399999993,18.154943999999933,2211,1
605,18.154943999999933,18.184943999999934,2349,1
606,18.184943999999934,18.214943999999935,2313,1
607,18.214943999999935,18.244943999999936,2323,1
608,18.244943999999936,18.274943999999937,2305,1
609,18.274943999999937,18.30494399999994,2375,1
610,18.30494399999994,18.33494399999994,2358,0
611,18.33494399999994,18.36494399999994,2414,1
612,18.36494399999994,18.394943999999942,2362,1
613,18.394943999999942,18.424943999999943,2582,1
614,18.424943999999943,18.454943999999944,2539,1
615,18.454943999999944,18.484943999999945,2593,2
616,18.484943999999945,18.514943999999947,2507,1
617,18.514943999999947,18.544943999999948,2587,1
618,18.544943999999948,18.57494399999995,2548,2
619,18.57494399999995,18.60494399999995,2625,1
620,18.60494399999995,18.63494399999995,2569,2
621,18.63494399999995,18.664943999999952,2715,1
622,18.664943999999952,18.694943999999953,2750,1
623,18.694943999999953,18.724943999999955,2799,1
624,18.724943999999955,18.754943999999956,2956,1
625,18.754943999999956,18.784943999999957,3019,1
626,18.784943999999957,18.814943999999958,3033,1
627,18.814943999999958,18.84494399999996,2953,1
628,18.84494399999996,18.87494399999996,2920,1
629,18.87494399999996,18.90494399999996,2881,1
630,18.90494399999996,18.934943999999962,2751,1
631,18.934943999999962,18.964943999999964,2497,1
632,18.964943999999964,18.994943999999965,2143,1
633,18.994943999999965,19.024943999999966,1526,3
634,19.024943999999966,19.054943999999967,982,0
635,19.054943999999967,19.084943999999968,1200,1
636,19.084943999999968,19.11494399999997,1905,1
637,19.11494399999997,19.14494399999997,2628,0
638,19.14494399999997,19.17494399999997,3404,2
639,19.17494399999997,19.204943999999973,4020,2
640,19.204943999999973,19.234943999999974,4896,1
641,19.234943999999974,19.264943999999975,5318,2
642,19.264943999999975,19.294943999999976,5587,1
643,19.294943999999976,19.324943999999977,5792,2
644,19.324943999999977,19.35494399999998,5872,1
645,19.35494399999998,19.38494399999998,5714,1
646,19.38494399999998,19.41494399999998,5574,1
647,19.41494399999998,19.444943999999982,5691,0
648,19.444943999999982,19.474943999999983,5870,1
649,19.474943999999983,19.504943999999984,6358,1
650,19.504943999999984,19.534943999999985,6114,1
651,19.534943999999985,19.564943999999986,6473,1
652,19.564943999999986,19.594943999999987,6493,1
653,19.594943999999987,19.62494399999999,6499,1
654,19.62494399999999,19.65494399999999,6149,1
655,19.65494399999999,19.68494399999999,5733,1
656,19.68494399999999,19.714943999999992,5066,2
657,19.714943999999992,19.744943999999993,4344,2
658,19.744943999999993,19.774943999999994,4100,1
659,19.774943999999994,19.804943999999995,4200,2
660,19.804943999999995,19.834943999999997,4213,1
661,19.834943999999997,19.864943999999998,4324,2
662,19.864943999999998,19.894944,4259,1
663,19.894944,19.924944,4015,3
664,19.924944,19.954944,3810,2
665,19.954944,19.984944000000002,3808,1
666,19.984944000000002,20.014944000000003,3853,1
667,20.014944000000003,20.044944000000005,3803,1
668,20.044944000000005,20.074944000000006,3868,1
669,20.074944000000006,20.104944000000007,3928,1
670,20.104944000000007,20.134944000000008,3875,1
671,20.134944000000008,20.16494400000001,3807,1
672,20.16494400000001,20.19494400000001,3825,2
673,20.19494400000001,20.22494400000001,3831,3
674,20.22494400000001,20.254944000000012,3724,1
675,20.254944000000012,20.284944000000014,3395,1
676,20.284944000000014,20.314944000000015,3103,1
677,20.314944000000015,20.344944000000016,2684,1
678,20.344944000000016,20.374944000000017,2750,1
679,20.374944000000017,20.404944000000018,2609,1
680,20.404944000000018,20.43494400000002,2556,1
681,20.43494400000002,20.46494400000002,2544,1
682,20.46494400000002,20.49494400000002,2443,1
683,20.49494400000002,20.524944000000023,2333,1
684,20.524944000000023,20.554944000000024,2172,1
685,20.554944000000024,20.584944000000025,2082,1
686,20.584944000000025,20.614944000000026,1975,1
687,20.614944000000026,20.644944000000027,1819,1
688,20.644944000000027,20.67494400000003,1843,0
689,20.67494400000003,20.70494400000003,1759,1
690,20.70494400000003,20.73494400000003,1675,1
691,20.73494400000003,20.764944000000032,1560,3
692,20.764944000000032,20.794944000000033,1501,1
693,20.794944000000033,20.824944000000034,1425,2
694,20.824944000000034,20.854944000000035,1314,2
695,20.854944000000035,20.884944000000036,1319,1
696,20.884944000000036,20.914944000000038,1225,1
697,20.914944000000038,20.94494400000004,1246,1
698,20.94494400000004,20.97494400000004,1186,1
699,20.97494400000004,21.00494400000004,1190,1
700,21.00494400000004,21.034944000000042,1146,1
701,21.034944000000042,21.064944000000043,1094,2
702,21.064944000000043,21.094944000000044,1094,1
703,21.094944000000044,21.124944000000045,1063,1
704,21.124944000000045,21.154944000000047,1093,0
705,21.154944000000047,21.184944000000048,1062,1
706,21.184944000000048,21.21494400000005,1061,0
707,21.21494400000005,21.24494400000005,1170,1
708,21.24494400000005,21.27494400000005,1221,3
709,21.27494400000005,21.304944000000052,1166,2
710,21.304944000000052,21.334944000000053,1174,2
711,21.334944000000053,21.364944000000055,1199,2
712,21.364944000000055,21.394944000000056,1199,1
713,21.394944000000056,21.424944000000057,1273,2
714,21.424944000000057,21.454944000000058,1295,1
715,21.454944000000058,21.48494400000006,1211,1
716,21.48494400000006,21.51494400000006,1117,1
717,21.51494400000006,21.54494400000006,1086,1
718,21.54494400000006,21.574944000000063,1060,1
719,21.574944000000063,21.604944000000064,1049,2
720,21.604944000000064,21.634944000000065,954,1
721,21.634944000000065,21.664944000000066,919,2
722,21.664944000000066,21.694944000000067,875,2
723,21.694944000000067,21.724944000000068,824,0
724,21.724944000000068,21.75494400000007,704,0
725,21.75494400000007,21.78494400000007,678,0
726,21.78494400000007,21.81494400000007,638,1
727,21.81494400000007,21.844944000000073,671,0
728,21.844944000000073,21.874944000000074,664,2
729,21.874944000000074,21.904944000000075,783,0
730,21.904944000000075,21.934944000000076,804,1
731,21.934944000000076,21.964944000000077,836,1
732,21.964944000000077,21.99494400000008,884,2
733,21.99494400000008,22.02494400000008,760,1
734,22.02494400000008,22.05494400000008,827,1
735,22.05494400000008,22.084944000000082,758,0
736,22.084944000000082,22.114944000000083,826,0
737,22.114944000000083,22.144944000000084,826,2
738,22.144944000000084,22.174944000000085,744,0
739,22.174944000000085,22.204944000000086,741,1
740,22.204944000000086,22.234944000000088,676,0
741,22.234944000000088,22.26494400000009,690,0
742,22.26494400000009,22.29494400000009,668,0
743,22.29494400000009,22.32494400000009,682,0
744,22.32494400000009,22.354944000000092,684,1
745,22.354944000000092,22.384944000000093,719,0
746,22.384944000000093,22.414944000000094,713,2
747,22.414944000000094,22.444944000000095,722,1
748,22.444944000000095,22.474944000000097,753,1
749,22.474944000000097,22.504944000000098,805,1
750,22.504944000000098,22.5349440000001,851,2
751,22.5349440000001,22.5649440000001,958,2
752,22.5649440000001,22.5949440000001,890,1
753,22.5949440000001,22.624944000000102,883,1
754,22.624944000000102,22.654944000000103,1020,1
755,22.654944000000103,22.684944000000105,1011,1
756,22.684944000000105,22.714944000000106,1023,2
757,22.714944000000106,22.744944000000107,1034,2
758,22.744944000000107,22.774944000000108,1079,1
759,22.774944000000108,22.80494400000011,1054,1
760,22.80494400000011,22.83494400000011,1064,1
761,22.83494400000011,22.86494400000011,1022,1
762,22.86494400000011,22.894944000000113,1023,2
763,22.894944000000113,22.924944000000114,1019,1
764,22.924944000000114,22.954944000000115,1028,2
765,22.954944000000115,22.984944000000116,965,1
766,22.984944000000116,23.014944000000117,949,1
767,23.014944000000117,23.044944000000118,972,1
768,23.044944000000118,23.07494400000012,940,1
769,23.07494400000012,23.10494400000012,1017,2
770,23.10494400000012,23.13494400000012,995,1
771,23.13494400000012,23.164944000000123,948,1
772,23.164944000000123,23.194944000000124,971,1
773,23.194944000000124,23.224944000000125,908,1
774,23.224944000000125,23.254944000000126,914,1
775,23.254944000000126,23.284944000000127,963,1
776,23.284944000000127,23.31494400000013,915,1
777,23.31494400000013,23.34494400000013,917,1
778,23.34494400000013,23.37494400000013,870,1
779,23.37494400000013,23.404944000000132,861,1
780,23.404944000000132,23.434944000000133,788,1
781,23.434944000000133,23.464944000000134,747,1
782,23.464944000000134,23.494944000000135,777,1
783,23.494944000000135,23.524944000000136,805,0
784,23.524944000000136,23.554944000000138,805,1
785,23.554944000000138,23.58494400000014,839,1
786,23.58494400000014,23.61494400000014,848,2
787,23.61494400000014,23.64494400000014,820,0
788,23.64494400000014,23.674944000000142,861,1
789,23.674944000000142,23.704944000000143,871,2
790,23.704944000000143,23.734944000000144,922,1
791,23.734944000000144,23.764944000000146,938,1
792,23.764944000000146,23.794944000000147,947,2
793,23.794944000000147,23.824944000000148,984,2
794,23.824944000000148,23.85494400000015,975,0
795,23.85494400000015,23.88494400000015,1014,1
796,23.88494400000015,23.91494400000015,1061,1
797,23.91494400000015,23.944944000000152,1000,3
798,23.944944000000152,23.974944000000153,1015,1
799,23.974944000000153,24.004944000000155,1114,2
800,24.004944000000155,24.034944000000156,1186,1
801,24.034944000000156,24.064944000000157,1098,1
802,24.064944000000157,24.094944000000158,1113,0
803,24.094944000000158,24.12494400000016,1170,1
804,24.12494400000016,24.15494400000016,1166,0
805,24.15494400000016,24.18494400000016,1106,1
806,24.18494400000016,24.214944000000163,1143,0
807,24.214944000000163,24.244944000000164,1116,1
808,24.244944000000164,24.274944000000165,1111,1
809,24.274944000000165,24.304944000000166,1121,1
810,24.304944000000166,24.334944000000167,1200,0
811,24.334944000000167,24.36494400000017,1334,1
812,24.36494400000017,24.39494400000017,1363,1
813,24.39494400000017,24.42494400000017,1431,1
814,24.42494400000017,24.45494400000017,1435,1
815,24.45494400000017,24.484944000000173,1466,2
816,24.484944000000173,24.514944000000174,1482,2
817,24.514944000000174,24.544944000000175,1566,2
818,24.544944000000175,24.574944000000176,1657,1
819,24.574944000000176,24.604944000000177,1791,1
820,24.604944000000177,24.63494400000018,1946,1
821,24.63494400000018,24.66494400000018,2087,1
822,24.66494400000018,24.69494400000018,2210,1
823,24.69494400000018,24.724944000000182,2327,2
824,24.724944000000182,24.754944000000183,2647,1
825,24.754944000000183,24.784944000000184,3071,1
826,24.784944000000184,24.814944000000185,3199,2
827,24.814944000000185,24.844944000000186,3190,1
828,24.844944000000186,24.874944000000188,3501,1
829,24.874944000000188,24.90494400000019,3874,2
830,24.90494400000019,24.93494400000019,4168,1
831,24.93494400000019,24.96494400000019,4268,3
832,24.96494400000019,24.994944000000192,4486,3
833,24.994944000000192,25.024944000000193,4459,1
834,25.024944000000193,25.054944000000194,4639,1
835,25.054944000000194,25.084944000000196,4716,2
836,25.084944000000196,25.114944000000197,4991,1
837,25.114944000000197,25.144944000000198,5181,2
838,25.144944000000198,25.1749440000002,5437,2
839,25.1749440000002,25.2049440000002,5973,2
840,25.2049440000002,25.2349440000002,6385,2
841,25.2349440000002,25.264944000000202,7028,3
842,25.264944000000202,25.294944000000203,7375,2
843,25.294944000000203,25.324944000000205,7992,1
844,25.324944000000205,25.354944000000206,8335,1
845,25.354944000000206,25.384944000000207,7973,1
846,25.384944000000207,25.414944000000208,8430,1
847,25.414944000000208,25.44494400000021,8964,1
848,25.44494400000021,25.47494400000021,9156,1
849,25.47494400000021,25.50494400000021,11375,1
850,25.50494400000021,25.534944000000213,12285,1
851,25.534944000000213,25.564944000000214,13414,1
852,25.564944000000214,25.594944000000215,14380,1
853,25.594944000000215,25.624944000000216,15833,1
854,25.624944000000216,25.654944000000217,17003,0
855,25.654944000000217,25.68494400000022,17490,1
856,25.68494400000022,25.71494400000022,18512,0
857,25.71494400000022,25.74494400000022,18840,0
858,25.74494400000022,25.77494400000022,19321,2
859,25.77494400000022,25.804944000000223,19959,1
860,25.804944000000223,25.834944000000224,21081,1
861,25.834944000000224,25.864944000000225,21733,0
862,25.864944000000225,25.894944000000226,21705,2
863,25.894944000000226,25.924944000000227,19829,1
864,25.924944000000227,25.95494400000023,18670,1
865,25.95494400000023,25.98494400000023,17381,1
866,25.98494400000023,26.01494400000023,15926,1
867,26.01494400000023,26.044944000000232,13151,0
868,26.044944000000232,26.074944000000233,11201,2
869,26.074944000000233,26.104944000000234,9896,1
870,26.104944000000234,26.134944000000235,9290,2
871,26.134944000000235,26.164944000000236,8322,1
872,26.164944000000236,26.194944000000238,7376,1
873,26.194944000000238,26.22494400000024,6354,3
874,26.22494400000024,26.25494400000024,5572,1
875,26.25494400000024,26.28494400000024,4669,2
876,26.28494400000024,26.314944000000242,4001,1
877,26.314944000000242,26.344944000000243,3457,3
878,26.344944000000243,26.374944000000244,3262,0
879,26.374944000000244,26.404944000000246,3309,2
880,26.404944000000246,26.434944000000247,3247,1
881,26.434944000000247,26.464944000000248,3383,2
882,26.464944000000248,26.49494400000025,3543,0
883,26.49494400000025,26.52494400000025,3620,2
884,26.52494400000025,26.55494400000025,3691,3
885,26.55494400000025,26.584944000000252,3808,1
886,26.584944000000252,26.614944000000254,4024,1
887,26.614944000000254,26.644944000000255,4150,1
888,26.644944000000255,26.674944000000256,4153,1
889,26.674944000000256,26.704944000000257,3737,2
890,26.704944000000257,26.734944000000258,3344,1
891,26.734944000000258,26.76494400000026,3242,2
892,26.76494400000026,26.79494400000026,3282,2
893,26.79494400000026,26.82494400000026,3179,2
894,26.82494400000026,26.854944000000263,3165,2
895,26.854944000000263,26.884944000000264,2999,2
896,26.884944000000264,26.914944000000265,2748,1
897,26.914944000000265,26.944944000000266,2302,1
898,26.944944000000266,26.974944000000267,2177,1
899,26.974944000000267,27.00494400000027,2014,1
900,27.00494400000027,27.03494400000027,1897,1
901,27.03494400000027,27.06494400000027,1644,2
902,27.06494400000027,27.09494400000027,1562,1
903,27.09494400000027,27.124944000000273,1595,2
904,27.124944000000273,27.154944000000274,1737,2
905,27.154944000000274,27.184944000000275,1866,3
906,27.184944000000275,27.214944000000276,2057,0
907,27.214944000000276,27.244944000000277,2131,1
908,27.244944000000277,27.27494400000028,2272,1
909,27.27494400000028,27.30494400000028,2267,1
910,27.30494400000028,27.33494400000028,2329,1
911,27.33494400000028,27.364944000000282,2393,1
912,27.364944000000282,27.394944000000283,2398,2
913,27.394944000000283,27.424944000000284,2448,1
914,27.424944000000284,27.454944000000285,2370,2
915,27.454944000000285,27.484944000000286,2298,2
916,27.484944000000286,27.514944000000288,2264,2
917,27.514944000000288,27.54494400000029,2174,1
918,27.54494400000029,27.57494400000029,2043,1
919,27.57494400000029,27.60494400000029,1929,2
920,27.60494400000029,27.634944000000292,1799,1
921,27.634944000000292,27.664944000000293,1730,1
922,27.664944000000293,27.694944000000294,1501,2
923,27.694944000000294,27.724944000000296,1330,1
924,27.724944000000296,27.754944000000297,1217,1
925,27.754944000000297,27.784944000000298,1228,2
926,27.784944000000298,27.8149440000003,1332,1
927,27.8149440000003,27.8449440000003,1390,1
928,27.8449440000003,27.8749440000003,1485,0
929,27.8749440000003,27.904944000000302,1535,1
930,27.904944000000302,27.934944000000304,1673,1
931,27.934944000000304,27.964944000000305,1772,1
932,27.964944000000305,27.994944000000306,1789,2
933,27.994944000000306,28.024944000000307,1869,2
934,28.024944000000307,28.054944000000308,2048,3
935,28.054944000000308,28.08494400000031,2034,3
936,28.08494400000031,28.11494400000031,2136,1
937,28.11494400000031,28.14494400000031,2046,2
938,28.14494400000031,28.174944000000313,2101,1
939,28.174944000000313,28.204944000000314,2194,2
940,28.204944000000314,28.234944000000315,2090,1
941,28.234944000000315,28.264944000000316,1847,2
942,28.264944000000316,28.294944000000317,1675,1
943,28.294944000000317,28.32494400000032,1693,2
944,28.32494400000032,28.35494400000032,1706,2
945,28.35494400000032,28.38494400000032,1684,2
946,28.38494400000032,28.41494400000032,1561,1
947,28.41494400000032,28.444944000000323,1538,1
948,28.444944000000323,28.474944000000324,1528,1
949,28.474944000000324,28.504944000000325,1414,1
950,28.504944000000325,28.534944000000326,1418,1
951,28.534944000000326,28.564944000000327,1402,3
952,28.564944000000327,28.59494400000033,1208,2
953,28.59494400000033,28.62494400000033,1215,2
954,28.62494400000033,28.65494400000033,1149,1
955,28.65494400000033,28.684944000000332,1030,1
956,28.684944000000332,28.714944000000333,977,2
957,28.714944000000333,28.744944000000334,911,1
958,28.744944000000334,28.774944000000335,770,0
959,28.774944000000335,28.804944000000337,807,1
960,28.804944000000337,28.834944000000338,754,0
961,28.834944000000338,28.86494400000034,775,0
962,28.86494400000034,28.89494400000034,704,1
963,28.89494400000034,28.92494400000034,693,0
964,28.92494400000034,28.954944000000342,669,0
965,28.954944000000342,28.984944000000343,636,0
966,28.984944000000343,29.014944000000344,660,1
967,29.014944000000344,29.044944000000346,712,0
968,29.044944000000346,29.074944000000347,717,1
969,29.074944000000347,29.104944000000348,686,0
970,29.104944000000348,29.13494400000035,690,1
971,29.13494400000035,29.16494400000035,753,0
972,29.16494400000035,29.19494400000035,837,1
973,29.19494400000035,29.224944000000352,789,0
974,29.224944000000352,29.254944000000354,810,1
975,29.254944000000354,29.284944000000355,822,1
976,29.284944000000355,29.314944000000356,791,0
977,29.314944000000356,29.344944000000357,798,0
978,29.344944000000357,29.374944000000358,831,0
979,29.374944000000358,29.40494400000036,721,0
980,29.40494400000036,29.43494400000036,736,0
981,29.43494400000036,29.46494400000036,721,1
982,29.46494400000036,29.494944000000363,740,0
983,29.494944000000363,29.524944000000364,716,0
984,29.524944000000364,29.554944000000365,719,0
985,29.554944000000365,29.584944000000366,747,0
986,29.584944000000366,29.614944000000367,720,0
987,29.614944000000367,29.64494400000037,713,0
988,29.64494400000037,29.67494400000037,656,0
989,29.67494400000037,29.70494400000037,694,0
990,29.70494400000037,29.73494400000037,622,0
991,29.73494400000037,29.764944000000373,717,0
992,29.764944000000373,29.794944000000374,689,0
993,29.794944000000374,29.824944000000375,659,2
994,29.824944000000375,29.854944000000376,698,1
995,29.854944000000376,29.884944000000377,726,0
996,29.884944000000377,29.91494400000038,718,0
997,29.91494400000038,29.94494400000038,690,0
998,29.94494400000038,29.97494400000038,609,0
999,29.97494400000038,30.004944000000382,656,1
1000,30.004944000000382,30.034944000000383,671,1
1001,30.034944000000383,30.064944000000384,636,0
1002,30.064944000000384,30.094944000000385,642,0
1003,30.094944000000385,30.124944000000387,665,0
1004,30.124944000000387,30.154944000000388,643,0
1005,30.154944000000388,30.18494400000039,692,1
1006,30.18494400000039,30.21494400000039,634,1
1007,30.21494400000039,30.24494400000039,630,2
1008,30.24494400000039,30.274944000000392,707,1
1009,30.274944000000392,30.304944000000393,639,1
1010,30.304944000000393,30.334944000000394,667,1
1011,30.334944000000394,30.364944000000396,620,0
1012,30.364944000000396,30.394944000000397,613,1
1013,30.394944000000397,30.424944000000398,646,0
1014,30.424944000000398,30.4549440000004,689,1
1015,30.4549440000004,30.4849440000004,666,1
1016,30.4849440000004,30.5149440000004,693,1
1017,30.5149440000004,30.544944000000402,748,1
1018,30.544944000000402,30.574944000000404,749,2
1019,30.574944000000404,30.604944000000405,803,1
1020,30.604944000000405,30.634944000000406,760,2
1021,30.634944000000406,30.664944000000407,771,1
1022,30.664944000000407,30.694944000000408,800,1
1023,30.694944000000408,30.72494400000041,804,1
1024,30.72494400000041,30.75494400000041,781,1
1025,30.75494400000041,30.78494400000041,753,1
1026,30.78494400000041,30.814944000000413,778,1
1027,30.814944000000413,30.844944000000414,714,1
1028,30.844944000000414,30.874944000000415,743,1
1029,30.874944000000415,30.904944000000416,784,1
1030,30.904944000000416,30.934944000000417,689,1
1031,30.934944000000417,30.96494400000042,719,1
1032,30.96494400000042,30.99494400000042,749,1
1033,30.99494400000042,31.02494400000042,757,2
1034,31.02494400000042,31.05494400000042,735,1
1035,31.05494400000042,31.084944000000423,781,2
1036,31.084944000000423,31.114944000000424,739,2
1037,31.114944000000424,31.144944000000425,815,1
1038,31.144944000000425,31.174944000000426,801,1
1039,31.174944000000426,31.204944000000427,820,1
1040,31.204944000000427,31.23494400000043,850,2
1041,31.23494400000043,31.26494400000043,810,1
1042,31.26494400000043,31.29494400000043,810,1
1043,31.29494400000043,31.324944000000432,834,1
1044,31.324944000000432,31.354944000000433,842,2
1045,31.354944000000433,31.384944000000434,804,1
1046,31.384944000000434,31.414944000000435,824,2
1047,31.414944000000435,31.444944000000437,802,1
1048,31.444944000000437,31.474944000000438,788,1
1049,31.474944000000438,31.50494400000044,857,1
1050,31.50494400000044,31.53494400000044,815,2
1051,31.53494400000044,31.56494400000044,798,1
1052,31.56494400000044,31.594944000000442,854,1
1053,31.594944000000442,31.624944000000443,863,3
1054,31.624944000000443,31.654944000000445,918,1
1055,31.654944000000445,31.684944000000446,858,2
1056,31.684944000000446,31.714944000000447,927,1
1057,31.714944000000447,31.744944000000448,924,2
1058,31.744944000000448,31.77494400000045,843,1
1059,31.77494400000045,31.80494400000045,659,2
1060,31.80494400000045,31.83494400000045,660,1
1061,31.83494400000045,31.864944000000452,644,0
1062,31.864944000000452,31.894944000000454,742,1
1063,31.894944000000454,31.924944000000455,929,2
1064,31.924944000000455,31.954944000000456,957,2
1065,31.954944000000456,31.984944000000457,922,2
1066,31.984944000000457,32.014944000000455,960,1
1067,32.014944000000455,32.044944000000456,1030,2
1068,32.044944000000456,32.07494400000046,965,2
1069,32.07494400000046,32.10494400000046,928,1
1070,32.10494400000046,32.13494400000046,967,1
1071,32.13494400000046,32.16494400000046,1015,1
1072,32.16494400000046,32.19494400000046,981,2
1073,32.19494400000046,32.22494400000046,964,1
1074,32.22494400000046,32.254944000000464,944,1
1075,32.254944000000464,32.284944000000465,987,1
1076,32.284944000000465,32.314944000000466,1000,2
1077,32.314944000000466,32.34494400000047,994,1
1078,32.34494400000047,32.37494400000047,999,2
1079,32.37494400000047,32.40494400000047,1067,2
1080,32.40494400000047,32.43494400000047,1075,2
1081,32.43494400000047,32.46494400000047,957,1
1082,32.46494400000047,32.49494400000047,1025,2
1083,32.49494400000047,32.524944000000474,986,2
1084,32.524944000000474,32.554944000000475,951,1
1085,32.554944000000475,32.584944000000476,965,1
1086,32.584944000000476,32.61494400000048,962,1
1087,32.61494400000048,32.64494400000048,955,2
1088,32.64494400000048,32.67494400000048,1026,2
1089,32.67494400000048,32.70494400000048,1023,3
1090,32.70494400000048,32.73494400000048,971,1
1091,32.73494400000048,32.76494400000048,1001,1
1092,32.76494400000048,32.794944000000484,1032,1
1093,32.794944000000484,32.824944000000485,1073,1
1094,32.824944000000485,32.854944000000486,1080,1
1095,32.854944000000486,32.88494400000049,1118,1
1096,32.88494400000049,32.91494400000049,1100,1
1097,32.91494400000049,32.94494400000049,1057,1
1098,32.94494400000049,32.97494400000049,1131,2
1099,32.97494400000049,33.00494400000049,1078,1
1100,33.00494400000049,33.03494400000049,1126,1
1101,33.03494400000049,33.064944000000494,1022,1
1102,33.064944000000494,33.094944000000496,1053,0
1103,33.094944000000496,33.1249440000005,1059,1
1104,33.1249440000005,33.1549440000005,1071,2
1105,33.1549440000005,33.1849440000005,1113,1
1106,33.1849440000005,33.2149440000005,1136,1
1107,33.2149440000005,33.2449440000005,1266,1
1108,33.2449440000005,33.2749440000005,1347,1
1109,33.2749440000005,33.3049440000005,1468,1
1110,33.3049440000005,33.334944000000505,1624,1
1111,33.334944000000505,33.364944000000506,1848,2
1112,33.364944000000506,33.39494400000051,2001,1
1113,33.39494400000051,33.42494400000051,2234,1
1114,33.42494400000051,33.45494400000051,2342,1
1115,33.45494400000051,33.48494400000051,2407,1
1116,33.48494400000051,33.51494400000051,2402,1
1117,33.51494400000051,33.54494400000051,2597,1
1118,33.54494400000051,33.574944000000514,2684,2
1119,33.574944000000514,33.604944000000515,2783,2
1120,33.604944000000515,33.634944000000516,2830,1
1121,33.634944000000516,33.66494400000052,2679,2
1122,33.66494400000052,33.69494400000052,2651,1
1123,33.69494400000052,33.72494400000052,2900,3
1124,33.72494400000052,33.75494400000052,3107,0
1125,33.75494400000052,33.78494400000052,2955,0
1126,33.78494400000052,33.81494400000052,2922,0
1127,33.81494400000052,33.844944000000524,2929,2
1128,33.844944000000524,33.874944000000525,3000,2
1129,33.874944000000525,33.904944000000526,2734,1
1130,33.904944000000526,33.93494400000053,2550,2
1131,33.93494400000053,33.96494400000053,2552,1
1132,33.96494400000053,33.99494400000053,2515,1
1133,33.99494400000053,34.02494400000053,2632,1
1134,34.02494400000053,34.05494400000053,2635,2
1135,34.05494400000053,34.08494400000053,2332,1
1136,34.08494400000053,34.114944000000534,2184,1
1137,34.114944000000534,34.144944000000535,2029,1
1138,34.144944000000535,34.17494400000054,1830,1
1139,34.17494400000054,34.20494400000054,1704,1
1140,34.20494400000054,34.23494400000054,1495,0
1141,34.23494400000054,34.26494400000054,1465,0
1142,34.26494400000054,34.29494400000054,1450,3
1143,34.29494400000054,34.32494400000054,1354,0
1144,34.32494400000054,34.35494400000054,1185,1
1145,34.35494400000054,34.384944000000544,1222,2
1146,34.384944000000544,34.414944000000546,1147,2
1147,34.414944000000546,34.44494400000055,1081,2
1148,34.44494400000055,34.47494400000055,992,1
1149,34.47494400000055,34.50494400000055,904,2
1150,34.50494400000055,34.53494400000055,910,0
1151,34.53494400000055,34.56494400000055,806,1
1152,34.56494400000055,34.59494400000055,769,0
1153,34.59494400000055,34.62494400000055,860,2
1154,34.62494400000055,34.654944000000555,844,2
1155,34.654944000000555,34.684944000000556,956,2
1156,34.684944000000556,34.71494400000056,970,2
1157,34.71494400000056,34.74494400000056,1060,2
1158,34.74494400000056,34.77494400000056,1129,2
1159,34.77494400000056,34.80494400000056,1098,0
1160,34.80494400000056,34.83494400000056,1176,2
1161,34.83494400000056,34.86494400000056,1246,1
1162,34.86494400000056,34.894944000000564,1227,1
1163,34.894944000000564,34.924944000000565,1205,2
1164,34.924944000000565,34.954944000000566,1216,1
1165,34.954944000000566,34.98494400000057,1238,1
1166,34.98494400000057,35.01494400000057,1347,1
1167,35.01494400000057,35.04494400000057,1279,2
1168,35.04494400000057,35.07494400000057,1395,1
1169,35.07494400000057,35.10494400000057,1479,1
1170,35.10494400000057,35.13494400000057,1514,1
1171,35.13494400000057,35.164944000000574,1850,1
1172,35.164944000000574,35.194944000000575,1792,1
1173,35.194944000000575,35.224944000000576,1663,1
1174,35.224944000000576,35.25494400000058,1523,2
1175,35.25494400000058,35.28494400000058,1431,2
1176,35.28494400000058,35.31494400000058,1498,1
1177,35.31494400000058,35.34494400000058,1492,1
1178,35.34494400000058,35.37494400000058,1541,1
1179,35.37494400000058,35.40494400000058,1461,1
1180,35.40494400000058,35.434944000000584,1460,1
1181,35.434944000000584,35.464944000000585,1618,1
1182,35.464944000000585,35.49494400000059,1708,1
1183,35.49494400000059,35.52494400000059,1693,1
1184,35.52494400000059,35.55494400000059,1863,1
1185,35.55494400000059,35.58494400000059,2125,1
1186,35.58494400000059,35.61494400000059,2343,1
1187,35.61494400000059,35.64494400000059,2526,1
1188,35.64494400000059,35.67494400000059,2947,1
1189,35.67494400000059,35.704944000000594,3298,1
1190,35.704944000000594,35.734944000000596,3636,1
1191,35.734944000000596,35.7649440000006,3832,1
1192,35.7649440000006,35.7949440000006,3905,1
1193,35.7949440000006,35.8249440000006,4290,1
1194,35.8249440000006,35.8549440000006,4712,1
1195,35.8549440000006,35.8849440000006,4807,1
1196,35.8849440000006,35.9149440000006,4978,1
1197,35.9149440000006,35.9449440000006,5100,1
1198,35.9449440000006,35.974944000000605,4913,1
1199,35.974944000000605,36.004944000000606,5256,1
1200,36.004944000000606,36.03494400000061,5108,1
1201,36.03494400000061,36.06494400000061,4973,1
1202,36.06494400000061,36.09494400000061,5102,1
1203,36.09494400000061,36.12494400000061,5195,2
1204,36.12494400000061,36.15494400000061,5313,1
1205,36.15494400000061,36.18494400000061,4779,0
1206,36.18494400000061,36.214944000000614,3994,1
1207,36.214944000000614,36.244944000000615,4370,1
1208,36.244944000000615,36.274944000000616,7241,2
1209,36.274944000000616,36.30494400000062,8646,1
1210,36.30494400000062,36.33494400000062,8855,0
1211,36.33494400000062,36.36494400000062,9522,0
1212,36.36494400000062,36.39494400000062,9278,0
1213,36.39494400000062,36.42494400000062,8628,2
1214,36.42494400000062,36.45494400000062,10062,1
1215,36.45494400000062,36.484944000000624,11118,1
1216,36.484944000000624,36.514944000000625,11050,1
1217,36.514944000000625,36.544944000000626,11369,2
1218,36.544944000000626,36.57494400000063,11673,1
1219,36.57494400000063,36.60494400000063,11487,1
1220,36.60494400000063,36.63494400000063,11431,2
1221,36.63494400000063,36.66494400000063,10564,1
1222,36.66494400000063,36.69494400000063,6151,1
1223,36.69494400000063,36.72494400000063,1850,1
1224,36.72494400000063,36.754944000000634,810,0
1225,36.754944000000634,36.784944000000635,733,0
1226,36.784944000000635,36.81494400000064,673,0
1227,36.81494400000064,36.84494400000064,666,0
1228,36.84494400000064,36.87494400000064,661,1
1229,36.87494400000064,36.90494400000064,688,0
1230,36.90494400000064,36.93494400000064,642,1
1231,36.93494400000064,36.96494400000064,571,0
1232,36.96494400000064,36.99494400000064,616,0
1233,36.99494400000064,37.024944000000644,662,1
1234,37.024944000000644,37.054944000000646,635,0
1235,37.054944000000646,37.08494400000065,559,0
1236,37.08494400000065,37.11494400000065,647,0
1237,37.11494400000065,37.14494400000065,685,1
1238,37.14494400000065,37.17494400000065,625,0
1239,37.17494400000065,37.20494400000065,628,0
1240,37.20494400000065,37.23494400000065,579,0
1241,37.23494400000065,37.26494400000065,618,0
1242,37.26494400000065,37.294944000000655,621,1
1243,37.294944000000655,37.324944000000656,611,0
1244,37.324944000000656,37.35494400000066,592,0
1245,37.35494400000066,37.38494400000066,588,0
1246,37.38494400000066,37.41494400000066,611,0
1247,37.41494400000066,37.44494400000066,635,0
1248,37.44494400000066,37.47494400000066,668,0
1249,37.47494400000066,37.50494400000066,1881,1
1250,37.50494400000066,37.534944000000664,4614,1
1251,37.534944000000664,37.564944000000665,6381,1
1252,37.564944000000665,37.594944000000666,6519,2
1253,37.594944000000666,37.62494400000067,6382,2
1254,37.62494400000067,37.65494400000067,6342,1
1255,37.65494400000067,37.68494400000067,6065,1
1256,37.68494400000067,37.71494400000067,5885,2
1257,37.71494400000067,37.74494400000067,5579,1
1258,37.74494400000067,37.77494400000067,5323,1
1259,37.77494400000067,37.804944000000674,5077,1
1260,37.804944000000674,37.834944000000675,4874,1
1261,37.834944000000675,37.864944000000676,4396,2
1262,37.864944000000676,37.89494400000068,3394,1
1263,37.89494400000068,37.92494400000068,3568,1
1264,37.92494400000068,37.95494400000068,3929,1
1265,37.95494400000068,37.98494400000068,4012,1
1266,37.98494400000068,38.01494400000068,3915,2
1267,38.01494400000068,38.04494400000068,3866,1
1268,38.04494400000068,38.074944000000684,3565,1
1269,38.074944000000684,38.104944000000685,3280,2
1270,38.104944000000685,38.13494400000069,3232,1
1271,38.13494400000069,38.16494400000069,3072,2
1272,38.16494400000069,38.19494400000069,2886,1
1273,38.19494400000069,38.22494400000069,2555,1
1274,38.22494400000069,38.25494400000069,2410,2
1275,38.25494400000069,38.28494400000069,2353,1
1276,38.28494400000069,38.31494400000069,2320,2
1277,38.31494400000069,38.344944000000694,2147,3
1278,38.344944000000694,38.374944000000696,2046,1
1279,38.374944000000696,38.4049440000007,1752,1
1280,38.4049440000007,38.4349440000007,1953,2
1281,38.4349440000007,38.4649440000007,1940,2
1282,38.4649440000007,38.4949440000007,1909,1
1283,38.4949440000007,38.5249440000007,1852,3
1284,38.5249440000007,38.5549440000007,1819,3
1285,38.5549440000007,38.584944000000704,1748,3
1286,38.584944000000704,38.614944000000705,1658,1
1287,38.614944000000705,38.644944000000706,1584,1
1288,38.644944000000706,38.67494400000071,1546,2
1289,38.67494400000071,38.70494400000071,1557,1
1290,38.70494400000071,38.73494400000071,1472,2
1291,38.73494400000071,38.76494400000071,1400,2
1292,38.76494400000071,38.79494400000071,1417,1
1293,38.79494400000071,38.82494400000071,1270,0
1294,38.82494400000071,38.854944000000714,1137,1
1295,38.854944000000714,38.884944000000715,1200,2
1296,38.884944000000715,38.914944000000716,1139,1
1297,38.914944000000716,38.94494400000072,983,1
1298,38.94494400000072,38.97494400000072,974,1
1299,38.97494400000072,39.00494400000072,935,1
1300,39.00494400000072,39.03494400000072,848,0
1301,39.03494400000072,39.06494400000072,837,1
1302,39.06494400000072,39.09494400000072,728,1
1303,39.09494400000072,39.124944000000724,705,0
1304,39.124944000000724,39.154944000000725,671,0
1305,39.154944000000725,39.184944000000726,674,0
1306,39.184944000000726,39.21494400000073,763,0
1307,39.21494400000073,39.24494400000073,821,0
1308,39.24494400000073,39.27494400000073,862,2
1309,39.27494400000073,39.30494400000073,899,1
1310,39.30494400000073,39.33494400000073,963,1
1311,39.33494400000073,39.36494400000073,989,1
1312,39.36494400000073,39.394944000000734,1044,1
1313,39.394944000000734,39.424944000000735,988,1
1314,39.424944000000735,39.45494400000074,1182,1
1315,39.45494400000074,39.48494400000074,1170,1
1316,39.48494400000074,39.51494400000074,1183,1
1317,39.51494400000074,39.54494400000074,1167,1
1318,39.54494400000074,39.57494400000074,1167,1
1319,39.57494400000074,39.60494400000074,1139,2
1320,39.60494400000074,39.63494400000074,1179,1
1321,39.63494400000074,39.664944000000744,1236,1
1322,39.664944000000744,39.694944000000746,1296,1
1323,39.694944000000746,39.72494400000075,1327,2
1324,39.72494400000075,39.75494400000075,1455,2
1325,39.75494400000075,39.78494400000075,1442,1
1326,39.78494400000075,39.81494400000075,1421,1
1327,39.81494400000075,39.84494400000075,1450,1
1328,39.84494400000075,39.87494400000075,1460,1
1329,39.87494400000075,39.904944000000754,1506,1
1330,39.904944000000754,39.934944000000755,1517,1
1331,39.934944000000755,39.964944000000756,1480,1
1332,39.964944000000756,39.99494400000076,1394,2
1333,39.99494400000076,40.02494400000076,1325,2
1334,40.02494400000076,40.05494400000076,1335,2
1335,40.05494400000076,40.08494400000076,1469,2
1336,40.08494400000076,40.11494400000076,1408,1
1337,40.11494400000076,40.14494400000076,950,3
1338,40.14494400000076,40.174944000000764,1292,1
1339,40.174944000000764,40.204944000000765,1513,1
1340,40.204944000000765,40.234944000000766,1461,1
1341,40.234944000000766,40.26494400000077,1491,1
1342,40.26494400000077,40.29494400000077,1492,1
1343,40.29494400000077,40.32494400000077,1490,1
1344,40.32494400000077,40.35494400000077,1606,1
1345,40.35494400000077,40.38494400000077,1531,1
1346,40.38494400000077,40.41494400000077,1546,1
1347,40.41494400000077,40.444944000000774,1436,1
1348,40.444944000000774,40.474944000000775,1579,1
1349,40.474944000000775,40.504944000000776,1502,1
1350,40.504944000000776,40.53494400000078,1563,2
1351,40.53494400000078,40.56494400000078,1580,1
1352,40.56494400000078,40.59494400000078,1575,1
1353,40.59494400000078,40.62494400000078,1519,1
1354,40.62494400000078,40.65494400000078,1505,1
1355,40.65494400000078,40.68494400000078,1509,2
1356,40.68494400000078,40.714944000000784,1618,2
1357,40.714944000000784,40.744944000000785,1679,1
1358,40.744944000000785,40.77494400000079,1791,1
1359,40.77494400000079,40.80494400000079,1851,1
1360,40.80494400000079,40.83494400000079,1925,2
1361,40.83494400000079,40.86494400000079,2004,1
1362,40.86494400000079,40.89494400000079,2078,1
1363,40.89494400000079,40.92494400000079,2165,2
1364,40.92494400000079,40.95494400000079,2265,2
1365,40.95494400000079,40.984944000000795,2348,1
1366,40.984944000000795,41.014944000000796,2302,1
1367,41.014944000000796,41.0449440000008,1458,1
1368,41.0449440000008,41.0749440000008,697,0
1369,41.0749440000008,41.1049440000008,653,0
1370,41.1049440000008,41.1349440000008,659,1
1371,41.1349440000008,41.1649440000008,649,1
1372,41.1649440000008,41.1949440000008,643,0
1373,41.1949440000008,41.224944000000804,639,0
1374,41.224944000000804,41.254944000000805,600,1
1375,41.254944000000805,41.284944000000806,596,0
1376,41.284944000000806,41.31494400000081,673,0
1377,41.31494400000081,41.34494400000081,581,0
1378,41.34494400000081,41.37494400000081,611,0
1379,41.37494400000081,41.40494400000081,617,0
1380,41.40494400000081,41.43494400000081,614,0
1381,41.43494400000081,41.46494400000081,613,1
1382,41.46494400000081,41.494944000000814,654,0
1383,41.494944000000814,41.524944000000815,593,0
1384,41.524944000000815,41.554944000000816,552,0
1385,41.554944000000816,41.58494400000082,619,0
1386,41.58494400000082,41.61494400000082,585,0
1387,41.61494400000082,41.64494400000082,548,1
1388,41.64494400000082,41.67494400000082,623,0
1389,41.67494400000082,41.70494400000082,613,0
1390,41.70494400000082,41.73494400000082,570,0
1391,41.73494400000082,41.764944000000824,609,0
1392,41.764944000000824,41.794944000000825,610,0
1393,41.794944000000825,41.824944000000826,590,0
1394,41.824944000000826,41.85494400000083,580,0
1395,41.85494400000083,41.88494400000083,543,0
1396,41.88494400000083,41.91494400000083,558,0
1397,41.91494400000083,41.94494400000083,665,0
1398,41.94494400000083,41.97494400000083,2334,3
1399,41.97494400000083,42.00494400000083,3908,1
1400,42.00494400000083,42.034944000000834,3960,2
1401,42.034944000000834,42.064944000000835,3940,1
1402,42.064944000000835,42.09494400000084,3812,1
1403,42.09494400000084,42.12494400000084,3826,2
1404,42.12494400000084,42.15494400000084,3765,2
1405,42.15494400000084,42.18494400000084,3657,1
1406,42.18494400000084,42.21494400000084,3343,2
1407,42.21494400000084,42.24494400000084,3367,2
1408,42.24494400000084,42.27494400000084,3286,1
1409,42.27494400000084,42.304944000000845,2844,2
1410,42.304944000000845,42.334944000000846,2998,1
1411,42.334944000000846,42.36494400000085,3142,1
1412,42.36494400000085,42.39494400000085,3142,1
1413,42.39494400000085,42.42494400000085,3176,1
1414,42.42494400000085,42.45494400000085,3093,1
1415,42.45494400000085,42.48494400000085,3104,2
1416,42.48494400000085,42.51494400000085,3063,1
1417,42.51494400000085,42.544944000000854,2985,1
1418,42.544944000000854,42.574944000000855,2752,1
1419,42.574944000000855,42.604944000000856,2611,2
1420,42.604944000000856,42.63494400000086,2479,1
1421,42.63494400000086,42.66494400000086,2341,1
1422,42.66494400000086,42.69494400000086,2077,1
1423,42.69494400000086,42.72494400000086,2261,1
1424,42.72494400000086,42.75494400000086,2328,1
1425,42.75494400000086,42.78494400000086,2287,1
1426,42.78494400000086,42.814944000000864,2332,1
1427,42.814944000000864,42.844944000000865,2307,1
1428,42.844944000000865,42.874944000000866,2453,1
1429,42.874944000000866,42.90494400000087,2381,1
1430,42.90494400000087,42.93494400000087,2255,1
1431,42.93494400000087,42.96494400000087,2249,1
1432,42.96494400000087,42.99494400000087,2158,1
1433,42.99494400000087,43.02494400000087,2285,1
1434,43.02494400000087,43.05494400000087,2379,1
1435,43.05494400000087,43.084944000000874,2279,2
1436,43.084944000000874,43.114944000000875,2019,1
1437,43.114944000000875,43.144944000000876,1507,1
1438,43.144944000000876,43.17494400000088,1545,1
1439,43.17494400000088,43.20494400000088,1562,2
1440,43.20494400000088,43.23494400000088,1424,1
1441,43.23494400000088,43.26494400000088,1361,1
1442,43.26494400000088,43.29494400000088,1251,2
1443,43.29494400000088,43.32494400000088,1145,1
1444,43.32494400000088,43.354944000000884,1084,1
1445,43.354944000000884,43.384944000000885,946,2
1446,43.384944000000885,43.41494400000089,1015,1
1447,43.41494400000089,43.44494400000089,1044,1
1448,43.44494400000089,43.47494400000089,1209,1
1449,43.47494400000089,43.50494400000089,1264,2
1450,43.50494400000089,43.53494400000089,1324,1
1451,43.53494400000089,43.56494400000089,1399,1
1452,43.56494400000089,43.59494400000089,1364,1
1453,43.59494400000089,43.624944000000895,1324,1
1454,43.624944000000895,43.654944000000896,1344,1
1455,43.654944000000896,43.6849440000009,1379,1
1456,43.6849440000009,43.7149440000009,1382,2
1457,43.7149440000009,43.7449440000009,1386,1
1458,43.7449440000009,43.7749440000009,1342,1
1459,43.7749440000009,43.8049440000009,1328,2
1460,43.8049440000009,43.8349440000009,1350,1
1461,43.8349440000009,43.864944000000904,1338,1
1462,43.864944000000904,43.894944000000905,1362,1
1463,43.894944000000905,43.924944000000906,1329,2
1464,43.924944000000906,43.95494400000091,1368,1
1465,43.95494400000091,43.98494400000091,1344,1
1466,43.98494400000091,44.01494400000091,1322,2
1467,44.01494400000091,44.04494400000091,1365,1
1468,44.04494400000091,44.07494400000091,1273,1
1469,44.07494400000091,44.10494400000091,1264,1
1470,44.10494400000091,44.134944000000914,1313,1
1471,44.134944000000914,44.164944000000915,1358,2
1472,44.164944000000915,44.194944000000916,1402,2
1473,44.194944000000916,44.22494400000092,1370,1
1474,44.22494400000092,44.25494400000092,1351,1
1475,44.25494400000092,44.28494400000092,1372,1
1476,44.28494400000092,44.31494400000092,1351,1
1477,44.31494400000092,44.34494400000092,1384,1
1478,44.34494400000092,44.37494400000092,1307,1
1479,44.37494400000092,44.404944000000924,1446,1
1480,44.404944000000924,44.434944000000925,1435,1
1481,44.434944000000925,44.464944000000926,1351,1
1482,44.464944000000926,44.49494400000093,1300,1
1483,44.49494400000093,44.52494400000093,1255,1
1484,44.52494400000093,44.55494400000093,1247,2
1485,44.55494400000093,44.58494400000093,1239,2
1486,44.58494400000093,44.61494400000093,1219,1
1487,44.61494400000093,44.64494400000093,1194,1
1488,44.64494400000093,44.674944000000934,1143,1
1489,44.674944000000934,44.704944000000935,1182,2
1490,44.704944000000935,44.73494400000094,1184,1
1491,44.73494400000094,44.76494400000094,1291,1
1492,44.76494400000094,44.79494400000094,1302,2
1493,44.79494400000094,44.82494400000094,1342,2
1494,44.82494400000094,44.85494400000094,1302,1
1495,44.85494400000094,44.88494400000094,1308,1
1496,44.88494400000094,44.91494400000094,1225,1
1497,44.91494400000094,44.944944000000945,1180,2
1498,44.944944000000945,44.974944000000946,1094,1
1499,44.974944000000946,45.00494400000095,729,0
1500,45.00494400000095,45.03494400000095,1132,1
1501,45.03494400000095,45.06494400000095,1313,1
1502,45.06494400000095,45.09494400000095,1240,1
1503,45.09494400000095,45.12494400000095,1129,1
1504,45.12494400000095,45.15494400000095,1131,1
1505,45.15494400000095,45.184944000000954,1192,1
1506,45.184944000000954,45.214944000000955,1142,2
1507,45.214944000000955,45.244944000000956,1239,2
1508,45.244944000000956,45.27494400000096,1160,2
1509,45.27494400000096,45.30494400000096,1190,1
1510,45.30494400000096,45.33494400000096,1255,1
1511,45.33494400000096,45.36494400000096,1129,1
1512,45.36494400000096,45.39494400000096,1201,1
1513,45.39494400000096,45.42494400000096,1194,2
1514,45.42494400000096,45.454944000000964,1225,1
1515,45.454944000000964,45.484944000000965,1198,1
1516,45.484944000000965,45.514944000000966,1258,1
1517,45.514944000000966,45.54494400000097,1264,1
1518,45.54494400000097,45.57494400000097,1308,1
1519,45.57494400000097,45.60494400000097,1308,1
1520,45.60494400000097,45.63494400000097,1318,1
1521,45.63494400000097,45.66494400000097,1279,1
1522,45.66494400000097,45.69494400000097,1328,1
1523,45.69494400000097,45.724944000000974,1352,1
1524,45.724944000000974,45.754944000000975,1425,1
1525,45.754944000000975,45.784944000000976,1359,1
1526,45.784944000000976,45.81494400000098,1375,2
1527,45.81494400000098,45.84494400000098,1286,2
1528,45.84494400000098,45.87494400000098,1167,1
1529,45.87494400000098,45.90494400000098,1090,1
1530,45.90494400000098,45.93494400000098,1146,2
1531,45.93494400000098,45.96494400000098,1124,1
1532,45.96494400000098,45.994944000000984,1000,1
1533,45.994944000000984,46.024944000000986,925,1
1534,46.024944000000986,46.05494400000099,841,1
1535,46.05494400000099,46.08494400000099,707,1
1536,46.08494400000099,46.11494400000099,772,0
1537,46.11494400000099,46.14494400000099,779,1
1538,46.14494400000099,46.17494400000099,970,1
1539,46.17494400000099,46.20494400000099,1150,1
1540,46.20494400000099,46.23494400000099,1186,1
1541,46.23494400000099,46.264944000000995,1321,1
1542,46.264944000000995,46.294944000000996,1343,2
1543,46.294944000000996,46.324944000001,1542,2
1544,46.324944000001,46.354944000001,1615,1
1545,46.354944000001,46.384944000001,1649,1
1546,46.384944000001,46.414944000001,1615,2
1547,46.414944000001,46.444944000001,1562,1
1548,46.444944000001,46.474944000001,1622,2
1549,46.474944000001,46.504944000001004,1469,1
1550,46.504944000001004,46.534944000001005,1458,1
1551,46.534944000001005,46.564944000001006,1485,2
1552,46.564944000001006,46.59494400000101,1543,1
1553,46.59494400000101,46.62494400000101,1463,1
1554,46.62494400000101,46.65494400000101,1556,1
1555,46.65494400000101,46.68494400000101,1464,1
1556,46.68494400000101,46.71494400000101,1513,1
1557,46.71494400000101,46.74494400000101,1584,1
1558,46.74494400000101,46.774944000001014,1524,2
1559,46.774944000001014,46.804944000001015,1568,1
1560,46.804944000001015,46.834944000001016,1542,1
1561,46.834944000001016,46.86494400000102,1537,1
1562,46.86494400000102,46.89494400000102,1634,1
1563,46.89494400000102,46.92494400000102,1671,1
1564,46.92494400000102,46.95494400000102,1719,1
1565,46.95494400000102,46.98494400000102,1816,1
1566,46.98494400000102,47.01494400000102,1794,1
1567,47.01494400000102,47.044944000001024,1786,1
1568,47.044944000001024,47.074944000001025,1809,1
1569,47.074944000001025,47.104944000001026,1954,1
1570,47.104944000001026,47.13494400000103,1881,1
1571,47.13494400000103,47.16494400000103,1892,1
1572,47.16494400000103,47.19494400000103,1839,1
1573,47.19494400000103,47.22494400000103,1931,2
1574,47.22494400000103,47.25494400000103,2060,2
1575,47.25494400000103,47.28494400000103,2083,2
1576,47.28494400000103,47.314944000001034,2015,2
1577,47.314944000001034,47.344944000001036,2036,2
1578,47.344944000001036,47.37494400000104,1972,2
1579,47.37494400000104,47.40494400000104,1984,2
1580,47.40494400000104,47.43494400000104,1948,1
1581,47.43494400000104,47.46494400000104,1960,1
1582,47.46494400000104,47.49494400000104,1919,1
1583,47.49494400000104,47.52494400000104,1941,1
1584,47.52494400000104,47.55494400000104,1885,1
1585,47.55494400000104,47.584944000001045,1959,1
1586,47.584944000001045,47.614944000001046,1788,3
1587,47.614944000001046,47.64494400000105,1916,1
1588,47.64494400000105,47.67494400000105,2110,2
1589,47.67494400000105,47.70494400000105,2200,2
1590,47.70494400000105,47.73494400000105,2295,1
1591,47.73494400000105,47.76494400000105,2481,1
1592,47.76494400000105,47.79494400000105,2717,1
1593,47.79494400000105,47.824944000001054,2912,1
1594,47.824944000001054,47.854944000001055,3122,1
1595,47.854944000001055,47.884944000001056,3314,2
1596,47.884944000001056,47.91494400000106,3503,2
1597,47.91494400000106,47.94494400000106,3662,3
1598,47.94494400000106,47.97494400000106,3884,1
1599,47.97494400000106,48.00494400000106,3914,1
1600,48.00494400000106,48.03494400000106,3995,1
1601,48.03494400000106,48.06494400000106,4500,1
1602,48.06494400000106,48.094944000001064,4688,2
1603,48.094944000001064,48.124944000001065,5006,2
1604,48.124944000001065,48.154944000001066,5365,1
1605,48.154944000001066,48.18494400000107,5592,1
1606,48.18494400000107,48.21494400000107,5736,2
1607,48.21494400000107,48.24494400000107,5503,1
1608,48.24494400000107,48.27494400000107,4480,1
1609,48.27494400000107,48.30494400000107,4537,1
1610,48.30494400000107,48.33494400000107,4585,1
1611,48.33494400000107,48.364944000001074,4650,1
1612,48.364944000001074,48.394944000001075,4167,3
1613,48.394944000001075,48.42494400000108,3392,2
1614,48.42494400000108,48.45494400000108,2243,1
1615,48.45494400000108,48.48494400000108,1490,2
1616,48.48494400000108,48.51494400000108,963,1
1617,48.51494400000108,48.54494400000108,790,0
1618,48.54494400000108,48.57494400000108,776,1
1619,48.57494400000108,48.60494400000108,732,2
1620,48.60494400000108,48.634944000001084,714,0
1621,48.634944000001084,48.664944000001086,709,0
1622,48.664944000001086,48.69494400000109,886,1
1623,48.69494400000109,48.72494400000109,1298,2
1624,48.72494400000109,48.75494400000109,1676,2
1625,48.75494400000109,48.78494400000109,2395,1
1626,48.78494400000109,48.81494400000109,3435,1
1627,48.81494400000109,48.84494400000109,4367,1
1628,48.84494400000109,48.87494400000109,5027,1
1629,48.87494400000109,48.904944000001095,6306,2
1630,48.904944000001095,48.934944000001096,6878,2
1631,48.934944000001096,48.9649440000011,6732,1
1632,48.9649440000011,48.9949440000011,7299,1
1633,48.9949440000011,49.0249440000011,7930,1
1634,49.0249440000011,49.0549440000011,8365,1
1635,49.0549440000011,49.0849440000011,9188,1
1636,49.0849440000011,49.1149440000011,9123,1
1637,49.1149440000011,49.144944000001104,9027,1
1638,49.144944000001104,49.174944000001105,9123,1
1639,49.174944000001105,49.204944000001106,9163,1
1640,49.204944000001106,49.23494400000111,8920,2
1641,49.23494400000111,49.26494400000111,7543,1
1642,49.26494400000111,49.29494400000111,7620,0
1643,49.29494400000111,49.32494400000111,7930,3
1644,49.32494400000111,49.35494400000111,8734,1
1645,49.35494400000111,49.38494400000111,9209,0
1646,49.38494400000111,49.414944000001114,9052,2
1647,49.414944000001114,49.444944000001115,9398,1
1648,49.444944000001115,49.474944000001116,9295,1
1649,49.474944000001116,49.50494400000112,8222,2
1650,49.50494400000112,49.53494400000112,7010,1
1651,49.53494400000112,49.56494400000112,6841,1
1652,49.56494400000112,49.59494400000112,6762,0
1653,49.59494400000112,49.62494400000112,6264,0
1654,49.62494400000112,49.65494400000112,5927,1
1655,49.65494400000112,49.684944000001124,5745,1
1656,49.684944000001124,49.714944000001125,5275,1
1657,49.714944000001125,49.74494400000113,4999,1
1658,49.74494400000113,49.77494400000113,4716,1
1659,49.77494400000113,49.80494400000113,4246,1
1660,49.80494400000113,49.83494400000113,4100,1
1661,49.83494400000113,49.86494400000113,3718,1
1662,49.86494400000113,49.89494400000113,3586,1
1663,49.89494400000113,49.92494400000113,3480,2
1664,49.92494400000113,49.954944000001134,3128,2
1665,49.954944000001134,49.984944000001136,2886,1
1666,49.984944000001136,50.01494400000114,2718,1
1667,50.01494400000114,50.04494400000114,2608,2
1668,50.04494400000114,50.07494400000114,2391,1
1669,50.07494400000114,50.10494400000114,2237,3
1670,50.10494400000114,50.13494400000114,2010,1
1671,50.13494400000114,50.16494400000114,1866,2
1672,50.16494400000114,50.19494400000114,1733,1
1673,50.19494400000114,50.224944000001145,1745,1
1674,50.224944000001145,50.254944000001146,1655,2
1675,50.254944000001146,50.28494400000115,1697,1
1676,50.28494400000115,50.31494400000115,1703,0
1677,50.31494400000115,50.34494400000115,1681,1
1678,50.34494400000115,50.37494400000115,1785,2
1679,50.37494400000115,50.40494400000115,1861,1
1680,50.40494400000115,50.43494400000115,1843,1
1681,50.43494400000115,50.464944000001154,1698,1
1682,50.464944000001154,50.494944000001155,1628,1
1683,50.494944000001155,50.524944000001156,1403,1
1684,50.524944000001156,50.55494400000116,1289,2
1685,50.55494400000116,50.58494400000116,1226,1
1686,50.58494400000116,50.61494400000116,1116,1
1687,50.61494400000116,50.64494400000116,1022,1
1688,50.64494400000116,50.67494400000116,970,1
1689,50.67494400000116,50.70494400000116,876,0
1690,50.70494400000116,50.734944000001164,842,1
1691,50.734944000001164,50.764944000001165,851,0
1692,50.764944000001165,50.794944000001166,950,0
1693,50.794944000001166,50.82494400000117,925,1
1694,50.82494400000117,50.85494400000117,957,1
1695,50.85494400000117,50.88494400000117,931,1
1696,50.88494400000117,50.91494400000117,908,1
1697,50.91494400000117,50.94494400000117,987,1
1698,50.94494400000117,50.97494400000117,1004,1
1699,50.97494400000117,51.004944000001174,1036,1
1700,51.004944000001174,51.034944000001175,1007,1
1701,51.034944000001175,51.06494400000118,1105,1
1702,51.06494400000118,51.09494400000118,1038,1
1703,51.09494400000118,51.12494400000118,1038,0
1704,51.12494400000118,51.15494400000118,1023,1
1705,51.15494400000118,51.18494400000118,1052,2
1706,51.18494400000118,51.21494400000118,1044,1
1707,51.21494400000118,51.24494400000118,1093,1
1708,51.24494400000118,51.274944000001184,1105,1
1709,51.274944000001184,51.304944000001186,1135,1
1710,51.304944000001186,51.33494400000119,1173,1
1711,51.33494400000119,51.36494400000119,1118,1
1712,51.36494400000119,51.39494400000119,1123,1
1713,51.39494400000119,51.42494400000119,1153,1
1714,51.42494400000119,51.45494400000119,1122,1
1715,51.45494400000119,51.48494400000119,1165,1
1716,51.48494400000119,51.514944000001194,1142,1
1717,51.514944000001194,51.544944000001195,1161,0
1718,51.544944000001195,51.574944000001196,1136,1
1719,51.574944000001196,51.6049440000012,1109,1
1720,51.6049440000012,51.6349440000012,1150,1
1721,51.6349440000012,51.6649440000012,1153,1
1722,51.6649440000012,51.6949440000012,1133,1
1723,51.6949440000012,51.7249440000012,1116,1
1724,51.7249440000012,51.7549440000012,1024,1
1725,51.7549440000012,51.784944000001204,1077,1
1726,51.784944000001204,51.814944000001205,1048,1
1727,51.814944000001205,51.844944000001206,1129,1
1728,51.844944000001206,51.87494400000121,1079,2
1729,51.87494400000121,51.90494400000121,1083,1
1730,51.90494400000121,51.93494400000121,1058,1
1731,51.93494400000121,51.96494400000121,960,1
1732,51.96494400000121,51.99494400000121,819,1
1733,51.99494400000121,52.02494400000121,971,1
1734,52.02494400000121,52.054944000001214,877,1
1735,52.054944000001214,52.084944000001215,839,1
1736,52.084944000001215,52.114944000001216,1054,1
1737,52.114944000001216,52.14494400000122,1078,1
1738,52.14494400000122,52.17494400000122,1086,1
1739,52.17494400000122,52.20494400000122,1032,1
1740,52.20494400000122,52.23494400000122,1058,1
1741,52.23494400000122,52.26494400000122,1039,1
1742,52.26494400000122,52.29494400000122,1082,2
1743,52.29494400000122,52.324944000001224,1089,1
1744,52.324944000001224,52.354944000001225,1075,3
1745,52.354944000001225,52.38494400000123,1030,2
1746,52.38494400000123,52.41494400000123,1062,1
1747,52.41494400000123,52.44494400000123,1065,2
1748,52.44494400000123,52.47494400000123,1100,1
1749,52.47494400000123,52.50494400000123,1107,1
1750,52.50494400000123,52.53494400000123,1138,2
1751,52.53494400000123,52.56494400000123,1037,1
1752,52.56494400000123,52.594944000001234,1066,2
1753,52.594944000001234,52.624944000001236,1068,2
1754,52.624944000001236,52.65494400000124,1021,2
1755,52.65494400000124,52.68494400000124,972,1
1756,52.68494400000124,52.71494400000124,972,1
1757,52.71494400000124,52.74494400000124,950,1
1758,52.74494400000124,52.77494400000124,971,1
1759,52.77494400000124,52.80494400000124,984,0
1760,52.80494400000124,52.834944000001244,962,1
1761,52.834944000001244,52.864944000001245,1012,2
1762,52.864944000001245,52.894944000001246,912,2
1763,52.894944000001246,52.92494400000125,913,1
1764,52.92494400000125,52.95494400000125,938,1
1765,52.95494400000125,52.98494400000125,920,2
1766,52.98494400000125,53.01494400000125,980,1
1767,53.01494400000125,53.04494400000125,956,2
1768,53.04494400000125,53.07494400000125,915,1
1769,53.07494400000125,53.104944000001254,1020,1
1770,53.104944000001254,53.134944000001255,1013,1
1771,53.134944000001255,53.164944000001256,1093,2
1772,53.164944000001256,53.19494400000126,1099,1
1773,53.19494400000126,53.22494400000126,1080,1
1774,53.22494400000126,53.25494400000126,1105,1
1775,53.25494400000126,53.28494400000126,1109,1
1776,53.28494400000126,53.31494400000126,1157,1
1777,53.31494400000126,53.34494400000126,1144,1
1778,53.34494400000126,53.374944000001264,1126,1
1779,53.374944000001264,53.404944000001265,1096,1
1780,53.404944000001265,53.434944000001266,1093,0
1781,53.434944000001266,53.46494400000127,1148,1
1782,53.46494400000127,53.49494400000127,1123,2
1783,53.49494400000127,53.52494400000127,1138,2
1784,53.52494400000127,53.55494400000127,1163,1
1785,53.55494400000127,53.58494400000127,1273,1
1786,53.58494400000127,53.61494400000127,1210,1
1787,53.61494400000127,53.644944000001274,1214,1
1788,53.644944000001274,53.674944000001275,1187,1
1789,53.674944000001275,53.70494400000128,1172,1
1790,53.70494400000128,53.73494400000128,1195,1
1791,53.73494400000128,53.76494400000128,1211,1
1792,53.76494400000128,53.79494400000128,1296,2
1793,53.79494400000128,53.82494400000128,1207,1
1794,53.82494400000128,53.85494400000128,1162,1
1795,53.85494400000128,53.88494400000128,1197,1
1796,53.88494400000128,53.914944000001285,1170,1
1797,53.914944000001285,53.944944000001286,1102,1
1798,53.944944000001286,53.97494400000129,1120,2
1799,53.97494400000129,54.00494400000129,1089,1
1800,54.00494400000129,54.03494400000129,1003,1
1801,54.03494400000129,54.06494400000129,1056,1
1802,54.06494400000129,54.09494400000129,1026,1
1803,54.09494400000129,54.12494400000129,1172,1
1804,54.12494400000129,54.154944000001294,1165,2
1805,54.154944000001294,54.184944000001295,1175,1
1806,54.184944000001295,54.214944000001296,1271,2
1807,54.214944000001296,54.2449440000013,1277,1
1808,54.2449440000013,54.2749440000013,1355,1
1809,54.2749440000013,54.3049440000013,1421,1
1810,54.3049440000013,54.3349440000013,1454,1
1811,54.3349440000013,54.3649440000013,1385,1
1812,54.3649440000013,54.3949440000013,1452,1
1813,54.3949440000013,54.424944000001304,1483,1
1814,54.424944000001304,54.454944000001305,1432,2
1815,54.454944000001305,54.484944000001306,1536,1
1816,54.484944000001306,54.51494400000131,1563,1
1817,54.51494400000131,54.54494400000131,1601,1
1818,54.54494400000131,54.57494400000131,1699,1
1819,54.57494400000131,54.60494400000131,1666,1
1820,54.60494400000131,54.63494400000131,1535,1
1821,54.63494400000131,54.66494400000131,1568,2
1822,54.66494400000131,54.694944000001314,1659,1
1823,54.694944000001314,54.724944000001315,1626,2
1824,54.724944000001315,54.754944000001316,1660,1
1825,54.754944000001316,54.78494400000132,1637,1
1826,54.78494400000132,54.81494400000132,1691,1
1827,54.81494400000132,54.84494400000132,1637,1
1828,54.84494400000132,54.87494400000132,1644,1
1829,54.87494400000132,54.90494400000132,1735,1
1830,54.90494400000132,54.93494400000132,1728,1
1831,54.93494400000132,54.964944000001324,1751,0
1832,54.964944000001324,54.994944000001325,1748,1
1833,54.994944000001325,55.02494400000133,1749,1
1834,55.02494400000133,55.05494400000133,1780,2
1835,55.05494400000133,55.08494400000133,1771,3
1836,55.08494400000133,55.11494400000133,1751,2
1837,55.11494400000133,55.14494400000133,1802,2
1838,55.14494400000133,55.17494400000133,1730,2
1839,55.17494400000133,55.20494400000133,1738,1
1840,55.20494400000133,55.234944000001335,1809,3
1841,55.234944000001335,55.264944000001336,1928,3
1842,55.264944000001336,55.29494400000134,1971,1
1843,55.29494400000134,55.32494400000134,2019,1
1844,55.32494400000134,55.35494400000134,2109,1
1845,55.35494400000134,55.38494400000134,2289,1
1846,55.38494400000134,55.41494400000134,2317,2
1847,55.41494400000134,55.44494400000134,2346,1
1848,55.44494400000134,55.474944000001344,2395,2
1849,55.474944000001344,55.504944000001345,2515,1
1850,55.504944000001345,55.534944000001346,2708,1
1851,55.534944000001346,55.56494400000135,2717,2
1852,55.56494400000135,55.59494400000135,2712,1
1853,55.59494400000135,55.62494400000135,2924,2
1854,55.62494400000135,55.65494400000135,3267,1
1855,55.65494400000135,55.68494400000135,3142,2
1856,55.68494400000135,55.71494400000135,3027,2
1857,55.71494400000135,55.744944000001354,3019,3
1858,55.744944000001354,55.774944000001355,2925,3
1859,55.774944000001355,55.804944000001356,2945,1
1860,55.804944000001356,55.83494400000136,3019,2
1861,55.83494400000136,55.86494400000136,2857,1
1862,55.86494400000136,55.89494400000136,2702,1
1863,55.89494400000136,55.92494400000136,2683,1
1864,55.92494400000136,55.95494400000136,2605,1
1865,55.95494400000136,55.98494400000136,2507,1
1866,55.98494400000136,56.014944000001364,2449,2
1867,56.014944000001364,56.044944000001365,2375,1
1868,56.044944000001365,56.074944000001366,2288,1
1869,56.074944000001366,56.10494400000137,2168,1
1870,56.10494400000137,56.13494400000137,2074,1
1871,56.13494400000137,56.16494400000137,2021,1
1872,56.16494400000137,56.19494400000137,1907,4
1873,56.19494400000137,56.22494400000137,1836,2
1874,56.22494400000137,56.25494400000137,1784,0
1875,56.25494400000137,56.284944000001374,1628,0
1876,56.284944000001374,56.314944000001375,1567,3
1877,56.314944000001375,56.34494400000138,1536,1
1878,56.34494400000138,56.37494400000138,1470,1
1879,56.37494400000138,56.40494400000138,1536,1
1880,56.40494400000138,56.43494400000138,1526,1
1881,56.43494400000138,56.46494400000138,1514,1
1882,56.46494400000138,56.49494400000138,1623,1
1883,56.49494400000138,56.52494400000138,1603,1
1884,56.52494400000138,56.554944000001385,1611,2
1885,56.554944000001385,56.584944000001386,1625,1
1886,56.584944000001386,56.61494400000139,1698,1
1887,56.61494400000139,56.64494400000139,1798,2
1888,56.64494400000139,56.67494400000139,1765,1
1889,56.67494400000139,56.70494400000139,1721,1
1890,56.70494400000139,56.73494400000139,1764,1
1891,56.73494400000139,56.76494400000139,1792,2
1892,56.76494400000139,56.794944000001394,1807,1
1893,56.794944000001394,56.824944000001395,1763,1
1894,56.824944000001395,56.854944000001396,1855,1
1895,56.854944000001396,56.8849440000014,1878,2
1896,56.8849440000014,56.9149440000014,1938,1
1897,56.9149440000014,56.9449440000014,1957,1
1898,56.9449440000014,56.9749440000014,1945,1
1899,56.9749440000014,57.0049440000014,1981,1
1900,57.0049440000014,57.0349440000014,1907,1
1901,57.0349440000014,57.064944000001404,1950,1
1902,57.064944000001404,57.094944000001405,1958,1
1903,57.094944000001405,57.124944000001406,2114,2
1904,57.124944000001406,57.15494400000141,2114,1
1905,57.15494400000141,57.18494400000141,2131,4
1906,57.18494400000141,57.21494400000141,2121,1
1907,57.21494400000141,57.24494400000141,2079,3
1908,57.24494400000141,57.27494400000141,2107,3
1909,57.27494400000141,57.30494400000141,1998,1
1910,57.30494400000141,57.334944000001414,1958,1
1911,57.334944000001414,57.364944000001415,1863,1
1912,57.364944000001415,57.394944000001416,1898,3
1913,57.394944000001416,57.42494400000142,1824,2
1914,57.42494400000142,57.45494400000142,1698,1
1915,57.45494400000142,57.48494400000142,1561,1
1916,57.48494400000142,57.51494400000142,1500,1
1917,57.51494400000142,57.54494400000142,1490,0
1918,57.54494400000142,57.57494400000142,1408,1
1919,57.57494400000142,57.604944000001424,1424,2
1920,57.604944000001424,57.634944000001425,1399,1
1921,57.634944000001425,57.66494400000143,1327,1
1922,57.66494400000143,57.69494400000143,1254,1
1923,57.69494400000143,57.72494400000143,1278,1
1924,57.72494400000143,57.75494400000143,1492,3
1925,57.75494400000143,57.78494400000143,1317,1
1926,57.78494400000143,57.81494400000143,1425,1
1927,57.81494400000143,57.84494400000143,1514,1
1928,57.84494400000143,57.874944000001435,1460,1
1929,57.874944000001435,57.904944000001436,1426,1
1930,57.904944000001436,57.93494400000144,1453,1
1931,57.93494400000144,57.96494400000144,1335,2
1932,57.96494400000144,57.99494400000144,1372,1
1933,57.99494400000144,58.02494400000144,1261,1
1934,58.02494400000144,58.05494400000144,1211,1
1935,58.05494400000144,58.08494400000144,1139,2
1936,58.08494400000144,58.114944000001444,1123,1
1937,58.114944000001444,58.144944000001445,1057,2
1938,58.144944000001445,58.174944000001446,1033,2
1939,58.174944000001446,58.20494400000145,943,1
1940,58.20494400000145,58.23494400000145,926,0
1941,58.23494400000145,58.26494400000145,896,1
1942,58.26494400000145,58.29494400000145,874,0
1943,58.29494400000145,58.32494400000145,826,2
1944,58.32494400000145,58.35494400000145,831,1
1945,58.35494400000145,58.384944000001454,804,2
1946,58.384944000001454,58.414944000001455,808,0
1947,58.414944000001455,58.444944000001456,720,1
1948,58.444944000001456,58.47494400000146,741,1
1949,58.47494400000146,58.50494400000146,747,0
1950,58.50494400000146,58.53494400000146,653,0
1951,58.53494400000146,58.56494400000146,690,0
1952,58.56494400000146,58.59494400000146,659,0
1953,58.59494400000146,58.62494400000146,723,0
1954,58.62494400000146,58.654944000001464,679,1
1955,58.654944000001464,58.684944000001465,728,0
1956,58.684944000001465,58.714944000001466,748,1
1957,58.714944000001466,58.74494400000147,795,0
1958,58.74494400000147,58.77494400000147,784,0
1959,58.77494400000147,58.80494400000147,792,0
1960,58.80494400000147,58.83494400000147,863,1
1961,58.83494400000147,58.86494400000147,800,0
1962,58.86494400000147,58.89494400000147,839,1
1963,58.89494400000147,58.924944000001474,917,1
1964,58.924944000001474,58.954944000001476,973,1
1965,58.954944000001476,58.98494400000148,1013,1
1966,58.98494400000148,59.01494400000148,1055,1
1967,59.01494400000148,59.04494400000148,1054,1
1968,59.04494400000148,59.07494400000148,1145,2
1969,59.07494400000148,59.10494400000148,1224,1
1970,59.10494400000148,59.13494400000148,1290,2
1971,59.13494400000148,59.16494400000148,1307,2
1972,59.16494400000148,59.194944000001485,1328,1
1973,59.194944000001485,59.224944000001486,1326,2
1974,59.224944000001486,59.25494400000149,1433,1
1975,59.25494400000149,59.28494400000149,1558,3
1976,59.28494400000149,59.31494400000149,1479,1
1977,59.31494400000149,59.34494400000149,1428,1
1978,59.34494400000149,59.37494400000149,1440,1
1979,59.37494400000149,59.40494400000149,1372,1
1980,59.40494400000149,59.434944000001494,1412,2
1981,59.434944000001494,59.464944000001495,1409,1
1982,59.464944000001495,59.494944000001496,1382,2
1983,59.494944000001496,59.5249440000015,1465,1
1984,59.5249440000015,59.5549440000015,1435,1
1985,59.5549440000015,59.5849440000015,1432,1
1986,59.5849440000015,59.6149440000015,1459,1
1987,59.6149440000015,59.6449440000015,1368,1
1988,59.6449440000015,59.6749440000015,1393,1
1989,59.6749440000015,59.704944000001504,1392,1
1990,59.704944000001504,59.734944000001505,1371,1
1991,59.734944000001505,59.764944000001506,1443,1
1992,59.764944000001506,59.79494400000151,1327,1
1993,59.79494400000151,59.82494400000151,1077,1
1994,59.82494400000151,59.85494400000151,1151,1
1995,59.85494400000151,59.88494400000151,1209,1
1996,59.88494400000151,59.91494400000151,1508,1
1997,59.91494400000151,59.94494400000151,1509,3
1998,59.94494400000151,59.974944000001514,1583,2
1999,59.974944000001514,60.004944000001515,1408,1
2000,60.004944000001515,60.034944000001516,1334,1
2001,60.034944000001516,60.06494400000152,1306,1
2002,60.06494400000152,60.09494400000152,1281,1
2003,60.09494400000152,60.12494400000152,1277,1
2004,60.12494400000152,60.15494400000152,1209,1
2005,60.15494400000152,60.18494400000152,1209,1
2006,60.18494400000152,60.21494400000152,1226,2
2007,60.21494400000152,60.244944000001524,1197,2
2008,60.244944000001524,60.274944000001526,1220,2
2009,60.274944000001526,60.30494400000153,1130,1
2010,60.30494400000153,60.33494400000153,1096,1
2011,60.33494400000153,60.36494400000153,1087,1
2012,60.36494400000153,60.39494400000153,1114,1
2013,60.39494400000153,60.42494400000153,1093,1
2014,60.42494400000153,60.45494400000153,1087,1
2015,60.45494400000153,60.48494400000153,1104,1
2016,60.48494400000153,60.514944000001535,1044,1
2017,60.514944000001535,60.544944000001536,1158,0
2018,60.544944000001536,60.57494400000154,1149,1
2019,60.57494400000154,60.60494400000154,1196,3
2020,60.60494400000154,60.63494400000154,1170,2
2021,60.63494400000154,60.66494400000154,1201,1
2022,60.66494400000154,60.69494400000154,1160,2
2023,60.69494400000154,60.72494400000154,1151,2
2024,60.72494400000154,60.754944000001544,1050,1
2025,60.754944000001544,60.784944000001545,1118,1
2026,60.784944000001545,60.814944000001546,1178,1
2027,60.814944000001546,60.84494400000155,1207,1
2028,60.84494400000155,60.87494400000155,1284,1
2029,60.87494400000155,60.90494400000155,1250,1
2030,60.90494400000155,60.93494400000155,1239,2
2031,60.93494400000155,60.96494400000155,1209,0
2032,60.96494400000155,60.99494400000155,1156,1
2033,60.99494400000155,61.024944000001554,1009,2
2034,61.024944000001554,61.054944000001555,997,0
2035,61.054944000001555,61.084944000001556,959,1
2036,61.084944000001556,61.11494400000156,857,0
2037,61.11494400000156,61.14494400000156,862,0
2038,61.14494400000156,61.17494400000156,976,1
2039,61.17494400000156,61.20494400000156,992,1
2040,61.20494400000156,61.23494400000156,1037,2
2041,61.23494400000156,61.26494400000156,1164,3
2042,61.26494400000156,61.294944000001564,1225,1
2043,61.294944000001564,61.324944000001565,1257,1
2044,61.324944000001565,61.35494400000157,1350,1
2045,61.35494400000157,61.38494400000157,1327,2
2046,61.38494400000157,61.41494400000157,1370,1
2047,61.41494400000157,61.44494400000157,1420,1
2048,61.44494400000157,61.47494400000157,1492,2
2049,61.47494400000157,61.50494400000157,1524,2
2050,61.50494400000157,61.53494400000157,1548,1
2051,61.53494400000157,61.564944000001574,1562,2
2052,61.564944000001574,61.594944000001576,1534,1
2053,61.594944000001576,61.62494400000158,1565,1
2054,61.62494400000158,61.65494400000158,1478,1
2055,61.65494400000158,61.68494400000158,1467,2
2056,61.68494400000158,61.71494400000158,1523,2
2057,61.71494400000158,61.74494400000158,1419,1
2058,61.74494400000158,61.77494400000158,1411,0
2059,61.77494400000158,61.80494400000158,1550,1
2060,61.80494400000158,61.834944000001585,1484,1
2061,61.834944000001585,61.864944000001586,1547,1
2062,61.864944000001586,61.89494400000159,1531,1
2063,61.89494400000159,61.92494400000159,1585,2
2064,61.92494400000159,61.95494400000159,1659,2
2065,61.95494400000159,61.98494400000159,1594,1
2066,61.98494400000159,62.01494400000159,1698,1
2067,62.01494400000159,62.04494400000159,1661,1
2068,62.04494400000159,62.074944000001594,1816,1
2069,62.074944000001594,62.104944000001595,1799,2
2070,62.104944000001595,62.134944000001596,1896,1
2071,62.134944000001596,62.1649440000016,1863,1
2072,62.1649440000016,62.1949440000016,1958,1
2073,62.1949440000016,62.2249440000016,2027,2
2074,62.2249440000016,62.2549440000016,2024,1
2075,62.2549440000016,62.2849440000016,1902,1
2076,62.2849440000016,62.3149440000016,2039,2
2077,62.3149440000016,62.344944000001604,2301,0
2078,62.344944000001604,62.374944000001605,2310,1
2079,62.374944000001605,62.404944000001606,2323,0
2080,62.404944000001606,62.43494400000161,2309,1
2081,62.43494400000161,62.46494400000161,2249,1
2082,62.46494400000161,62.49494400000161,2170,1
2083,62.49494400000161,62.52494400000161,2488,2
2084,62.52494400000161,62.55494400000161,2564,1
2085,62.55494400000161,62.58494400000161,2651,1
2086,62.58494400000161,62.614944000001614,2678,2
2087,62.614944000001614,62.644944000001615,2731,2
2088,62.644944000001615,62.67494400000162,2733,1
2089,62.67494400000162,62.70494400000162,2747,1
2090,62.70494400000162,62.73494400000162,2653,1
2091,62.73494400000162,62.76494400000162,2697,2
2092,62.76494400000162,62.79494400000162,2669,1
2093,62.79494400000162,62.82494400000162,2839,1
2094,62.82494400000162,62.85494400000162,2828,0
2095,62.85494400000162,62.884944000001624,2855,2
2096,62.884944000001624,62.914944000001626,2909,1
2097,62.914944000001626,62.94494400000163,2896,1
2098,62.94494400000163,62.97494400000163,2954,1
2099,62.97494400000163,63.00494400000163,2871,1
2100,63.00494400000163,63.03494400000163,2806,1
2101,63.03494400000163,63.06494400000163,2827,1
2102,63.06494400000163,63.09494400000163,2898,1
2103,63.09494400000163,63.12494400000163,2852,1
2104,63.12494400000163,63.154944000001635,3032,1
2105,63.154944000001635,63.184944000001636,3051,1
2106,63.184944000001636,63.21494400000164,2926,1
2107,63.21494400000164,63.24494400000164,2947,1
2108,63.24494400000164,63.27494400000164,2939,1
2109,63.27494400000164,63.30494400000164,2603,2
2110,63.30494400000164,63.33494400000164,1013,0
2111,63.33494400000164,63.36494400000164,780,1
2112,63.36494400000164,63.394944000001644,785,0
2113,63.394944000001644,63.424944000001645,747,0
2114,63.424944000001645,63.454944000001646,774,1
2115,63.454944000001646,63.48494400000165,759,0
2116,63.48494400000165,63.51494400000165,712,0
2117,63.51494400000165,63.54494400000165,697,0
2118,63.54494400000165,63.57494400000165,722,0
2119,63.57494400000165,63.60494400000165,675,0
2120,63.60494400000165,63.63494400000165,689,1
2121,63.63494400000165,63.664944000001654,668,0
2122,63.664944000001654,63.694944000001655,654,0
2123,63.694944000001655,63.724944000001656,674,0
2124,63.724944000001656,63.75494400000166,662,0
2125,63.75494400000166,63.78494400000166,671,0
2126,63.78494400000166,63.81494400000166,671,1
2127,63.81494400000166,63.84494400000166,603,0
2128,63.84494400000166,63.87494400000166,642,0
2129,63.87494400000166,63.90494400000166,605,0
2130,63.90494400000166,63.934944000001664,614,0
2131,63.934944000001664,63.964944000001665,640,1
2132,63.964944000001665,63.99494400000167,651,1
2133,63.99494400000167,64.02494400000167,554,0
2134,64.02494400000167,64.05494400000167,591,0
2135,64.05494400000167,64.08494400000167,591,0
2136,64.08494400000167,64.11494400000167,689,1
2137,64.11494400000167,64.14494400000167,610,0
2138,64.14494400000167,64.17494400000167,624,2
2139,64.17494400000167,64.20494400000167,607,0
2140,64.20494400000167,64.23494400000168,610,0
2141,64.23494400000168,64.26494400000168,622,1
2142,64.26494400000168,64.29494400000168,678,0
2143,64.29494400000168,64.32494400000168,608,1
2144,64.32494400000168,64.35494400000168,619,0
2145,64.35494400000168,64.38494400000168,629,0
2146,64.38494400000168,64.41494400000168,619,0
2147,64.41494400000168,64.44494400000168,627,0
2148,64.44494400000168,64.47494400000168,558,0
2149,64.47494400000168,64.50494400000169,625,0
2150,64.50494400000169,64.53494400000169,613,0
2151,64.53494400000169,64.56494400000169,601,1
2152,64.56494400000169,64.59494400000169,678,0
2153,64.59494400000169,64.62494400000169,703,0
2154,64.62494400000169,64.65494400000169,656,0
2155,64.65494400000169,64.68494400000169,658,0
2156,64.68494400000169,64.7149440000017,597,0
2157,64.7149440000017,64.7449440000017,628,1
2158,64.7449440000017,64.7749440000017,659,1
2159,64.7749440000017,64.8049440000017,631,0
2160,64.8049440000017,64.8349440000017,629,1
2161,64.8349440000017,64.8649440000017,604,1
2162,64.8649440000017,64.8949440000017,620,0
2163,64.8949440000017,64.9249440000017,649,0
2164,64.9249440000017,64.9549440000017,657,0
2165,64.9549440000017,64.9849440000017,605,0
2166,64.9849440000017,65.0149440000017,1394,1
2167,65.0149440000017,65.0449440000017,5755,1
2168,65.0449440000017,65.07494400000171,7478,2
2169,65.07494400000171,65.10494400000171,7842,1
2170,65.10494400000171,65.13494400000171,8118,1
2171,65.13494400000171,65.16494400000171,8034,1
2172,65.16494400000171,65.19494400000171,8176,2
2173,65.19494400000171,65.22494400000171,8160,1
2174,65.22494400000171,65.25494400000171,7924,1
2175,65.25494400000171,65.28494400000172,7838,1
2176,65.28494400000172,65.31494400000172,8186,1
2177,65.31494400000172,65.34494400000172,7798,1
2178,65.34494400000172,65.37494400000172,7404,2
2179,65.37494400000172,65.40494400000172,7080,1
2180,65.40494400000172,65.43494400000172,7179,0
2181,65.43494400000172,65.46494400000172,7281,0
2182,65.46494400000172,65.49494400000172,7077,0
2183,65.49494400000172,65.52494400000172,6574,1
2184,65.52494400000172,65.55494400000173,6185,0
2185,65.55494400000173,65.58494400000173,5896,2
2186,65.58494400000173,65.61494400000173,5953,3
2187,65.61494400000173,65.64494400000173,6092,0
2188,65.64494400000173,65.67494400000173,5824,0
2189,65.67494400000173,65.70494400000173,5439,2
2190,65.70494400000173,65.73494400000173,5296,1
2191,65.73494400000173,65.76494400000173,5162,1
2192,65.76494400000173,65.79494400000173,4867,2
2193,65.79494400000173,65.82494400000174,4601,2
2194,65.82494400000174,65.85494400000174,4358,1
2195,65.85494400000174,65.88494400000174,4091,1
2196,65.88494400000174,65.91494400000174,3740,1
2197,65.91494400000174,65.94494400000174,3221,1
2198,65.94494400000174,65.97494400000174,2651,1
2199,65.97494400000174,66.00494400000174,2587,1
2200,66.00494400000174,66.03494400000174,2517,1
2201,66.03494400000174,66.06494400000174,2489,3
2202,66.06494400000174,66.09494400000175,2328,1
2203,66.09494400000175,66.12494400000175,2132,1
2204,66.12494400000175,66.15494400000175,2006,2
2205,66.15494400000175,66.18494400000175,1906,2
2206,66.18494400000175,66.21494400000175,1891,1
2207,66.21494400000175,66.24494400000175,1853,1
2208,66.24494400000175,66.27494400000175,1628,1
2209,66.27494400000175,66.30494400000175,1642,2
2210,66.30494400000175,66.33494400000176,1439,2
2211,66.33494400000176,66.36494400000176,1317,2
2212,66.36494400000176,66.39494400000176,1267,2
2213,66.39494400000176,66.42494400000176,1270,2
2214,66.42494400000176,66.45494400000176,1259,2
2215,66.45494400000176,66.48494400000176,1318,1
2216,66.48494400000176,66.51494400000176,1411,2
2217,66.51494400000176,66.54494400000176,1415,1
2218,66.54494400000176,66.57494400000176,1575,2
2219,66.57494400000176,66.60494400000177,1552,1
2220,66.60494400000177,66.63494400000177,1684,1
2221,66.63494400000177,66.66494400000177,1717,1
2222,66.66494400000177,66.69494400000177,1733,1
2223,66.69494400000177,66.72494400000177,1816,1
2224,66.72494400000177,66.75494400000177,1884,2
2225,66.75494400000177,66.78494400000177,1960,1
2226,66.78494400000177,66.81494400000177,2062,1
2227,66.81494400000177,66.84494400000177,2078,2
2228,66.84494400000177,66.87494400000178,2068,1
2229,66.87494400000178,66.90494400000178,1980,1
2230,66.90494400000178,66.93494400000178,1902,1
2231,66.93494400000178,66.96494400000178,1816,2
2232,66.96494400000178,66.99494400000178,1838,1
2233,66.99494400000178,67.02494400000178,1670,1
2234,67.02494400000178,67.05494400000178,1668,1
2235,67.05494400000178,67.08494400000178,1608,2
2236,67.08494400000178,67.11494400000178,1559,1
2237,67.11494400000178,67.14494400000179,1549,2
2238,67.14494400000179,67.17494400000179,1436,2
2239,67.17494400000179,67.20494400000179,1343,1
2240,67.20494400000179,67.23494400000179,1234,1
2241,67.23494400000179,67.26494400000179,1294,1
2242,67.26494400000179,67.29494400000179,1358,1
2243,67.29494400000179,67.32494400000179,1281,2
2244,67.32494400000179,67.3549440000018,1267,1
2245,67.3549440000018,67.3849440000018,1252,1
2246,67.3849440000018,67.4149440000018,1293,1
2247,67.4149440000018,67.4449440000018,1232,1
2248,67.4449440000018,67.4749440000018,1256,1
2249,67.4749440000018,67.5049440000018,1204,1
2250,67.5049440000018,67.5349440000018,1228,2
2251,67.5349440000018,67.5649440000018,1178,1
2252,67.5649440000018,67.5949440000018,1232,2
2253,67.5949440000018,67.6249440000018,1187,1
2254,67.6249440000018,67.6549440000018,1171,1
2255,67.6549440000018,67.6849440000018,1176,1
2256,67.6849440000018,67.71494400000181,1214,1
2257,67.71494400000181,67.74494400000181,1262,1
2258,67.74494400000181,67.77494400000181,1226,1
2259,67.77494400000181,67.80494400000181,1215,2
2260,67.80494400000181,67.83494400000181,1263,1
2261,67.83494400000181,67.86494400000181,1181,1
2262,67.86494400000181,67.89494400000181,1254,1
2263,67.89494400000181,67.92494400000182,1239,2
2264,67.92494400000182,67.95494400000182,1279,1
2265,67.95494400000182,67.98494400000182,1218,1
2266,67.98494400000182,68.01494400000182,1185,1
2267,68.01494400000182,68.04494400000182,1176,1
2268,68.04494400000182,68.07494400000182,1266,1
2269,68.07494400000182,68.10494400000182,1204,1
2270,68.10494400000182,68.13494400000182,1222,1
2271,68.13494400000182,68.16494400000182,1179,1
2272,68.16494400000182,68.19494400000183,1199,1
2273,68.19494400000183,68.22494400000183,1107,2
2274,68.22494400000183,68.25494400000183,1106,1
2275,68.25494400000183,68.28494400000183,892,1
2276,68.28494400000183,68.31494400000183,1070,2
2277,68.31494400000183,68.34494400000183,942,1
2278,68.34494400000183,68.37494400000183,1068,1
2279,68.37494400000183,68.40494400000183,1202,1
2280,68.40494400000183,68.43494400000183,1140,1
2281,68.43494400000183,68.46494400000184,1183,1
2282,68.46494400000184,68.49494400000184,1226,2
2283,68.49494400000184,68.52494400000184,1196,2
2284,68.52494400000184,68.55494400000184,1232,1
2285,68.55494400000184,68.58494400000184,1232,2
2286,68.58494400000184,68.61494400000184,7405,1
2287,68.61494400000184,68.64494400000184,17056,4
2288,68.64494400000184,68.67494400000184,11704,4
2289,68.67494400000184,68.70494400000184,10056,2
2290,68.70494400000184,68.73494400000185,2768,2
2291,68.73494400000185,68.76494400000185,1912,2
2292,68.76494400000185,68.79494400000185,1695,1
2293,68.79494400000185,68.82494400000185,1600,1
2294,68.82494400000185,68.85494400000185,1539,1
2295,68.85494400000185,68.88494400000185,1414,1
2296,68.88494400000185,68.91494400000185,1387,2
2297,68.91494400000185,68.94494400000185,1334,2
2298,68.94494400000185,68.97494400000186,1292,1
2299,68.97494400000186,69.00494400000186,1288,1
2300,69.00494400000186,69.03494400000186,1208,2
2301,69.03494400000186,69.06494400000186,1226,2
2302,69.06494400000186,69.09494400000186,1188,1
2303,69.09494400000186,69.12494400000186,1195,1
2304,69.12494400000186,69.15494400000186,1222,1
2305,69.15494400000186,69.18494400000186,1183,1
2306,69.18494400000186,69.21494400000186,1177,1
2307,69.21494400000186,69.24494400000187,1182,1
2308,69.24494400000187,69.27494400000187,1103,1
2309,69.27494400000187,69.30494400000187,1109,1
2310,69.30494400000187,69.33494400000187,1046,2
2311,69.33494400000187,69.36494400000187,997,1
2312,69.36494400000187,69.39494400000187,1055,1
2313,69.39494400000187,69.42494400000187,1054,1
2314,69.42494400000187,69.45494400000187,994,2
2315,69.45494400000187,69.48494400000187,936,1
2316,69.48494400000187,69.51494400000188,957,1
2317,69.51494400000188,69.54494400000188,942,2
2318,69.54494400000188,69.57494400000188,981,1
2319,69.57494400000188,69.60494400000188,1019,1
2320,69.60494400000188,69.63494400000188,1014,2
2321,69.63494400000188,69.66494400000188,1048,2
2322,69.66494400000188,69.69494400000188,1069,1
2323,69.69494400000188,69.72494400000188,990,1
2324,69.72494400000188,69.75494400000188,1032,1
2325,69.75494400000188,69.78494400000189,1046,1
2326,69.78494400000189,69.81494400000189,1007,1
2327,69.81494400000189,69.84494400000189,1045,1
2328,69.84494400000189,69.87494400000189,1080,1
2329,69.87494400000189,69.90494400000189,1249,1
2330,69.90494400000189,69.93494400000189,1239,1
2331,69.93494400000189,69.96494400000189,1459,1
2332,69.96494400000189,69.9949440000019,1561,2
2333,69.9949440000019,70.0249440000019,1709,1
2334,70.0249440000019,70.0549440000019,1914,2
2335,70.0549440000019,70.0849440000019,2050,1
2336,70.0849440000019,70.1149440000019,2208,1
2337,70.1149440000019,70.1449440000019,2211,2
2338,70.1449440000019,70.1749440000019,2318,1
2339,70.1749440000019,70.2049440000019,2212,1
2340,70.2049440000019,70.2349440000019,2053,1
2341,70.2349440000019,70.2649440000019,2174,1
2342,70.2649440000019,70.2949440000019,2423,1
2343,70.2949440000019,70.3249440000019,2432,1
2344,70.3249440000019,70.35494400000191,2497,1
2345,70.35494400000191,70.38494400000191,2636,1
2346,70.38494400000191,70.41494400000191,2733,1
2347,70.41494400000191,70.44494400000191,2809,1
2348,70.44494400000191,70.47494400000191,2722,2
2349,70.47494400000191,70.50494400000191,2747,1
2350,70.50494400000191,70.53494400000191,2891,1
2351,70.53494400000191,70.56494400000192,3162,1
2352,70.56494400000192,70.59494400000192,3253,1
2353,70.59494400000192,70.62494400000192,3471,1
2354,70.62494400000192,70.65494400000192,3544,1
2355,70.65494400000192,70.68494400000192,3550,1
2356,70.68494400000192,70.71494400000192,3565,1
2357,70.71494400000192,70.74494400000192,3484,1
2358,70.74494400000192,70.77494400000192,3341,1
2359,70.77494400000192,70.80494400000192,3265,1
2360,70.80494400000192,70.83494400000193,3454,2
2361,70.83494400000193,70.86494400000193,3290,1
2362,70.86494400000193,70.89494400000193,3341,1
2363,70.89494400000193,70.92494400000193,3492,3
2364,70.92494400000193,70.95494400000193,3683,2
2365,70.95494400000193,70.98494400000193,3731,2
2366,70.98494400000193,71.01494400000193,3942,1
2367,71.01494400000193,71.04494400000193,4099,1
2368,71.04494400000193,71.07494400000193,4097,1
2369,71.07494400000193,71.10494400000194,4165,2
2370,71.10494400000194,71.13494400000194,4218,1
2371,71.13494400000194,71.16494400000194,4056,1
2372,71.16494400000194,71.19494400000194,3819,1
2373,71.19494400000194,71.22494400000194,3627,1
2374,71.22494400000194,71.25494400000194,3562,2
2375,71.25494400000194,71.28494400000194,3406,1
2376,71.28494400000194,71.31494400000194,3558,2
2377,71.31494400000194,71.34494400000195,3749,1
2378,71.34494400000195,71.37494400000195,4068,1
2379,71.37494400000195,71.40494400000195,4017,1
2380,71.40494400000195,71.43494400000195,3751,2
2381,71.43494400000195,71.46494400000195,3532,1
2382,71.46494400000195,71.49494400000195,3321,1
2383,71.49494400000195,71.52494400000195,3105,1
2384,71.52494400000195,71.55494400000195,2749,2
2385,71.55494400000195,71.58494400000195,2338,2
2386,71.58494400000195,71.61494400000196,2026,1
2387,71.61494400000196,71.64494400000196,1760,2
2388,71.64494400000196,71.67494400000196,1531,2
2389,71.67494400000196,71.70494400000196,1265,0
2390,71.70494400000196,71.73494400000196,1321,0
2391,71.73494400000196,71.76494400000196,1504,3
2392,71.76494400000196,71.79494400000196,1571,1
2393,71.79494400000196,71.82494400000196,1656,2
2394,71.82494400000196,71.85494400000196,1767,3
2395,71.85494400000196,71.88494400000197,1844,1
2396,71.88494400000197,71.91494400000197,1871,1
2397,71.91494400000197,71.94494400000197,1893,1
2398,71.94494400000197,71.97494400000197,1949,1
2399,71.97494400000197,72.00494400000197,1883,3
2400,72.00494400000197,72.03494400000197,1740,2
2401,72.03494400000197,72.06494400000197,1755,2
2402,72.06494400000197,72.09494400000197,1709,1
2403,72.09494400000197,72.12494400000197,1764,1
2404,72.12494400000197,72.15494400000198,1590,2
2405,72.15494400000198,72.18494400000198,1599,1
2406,72.18494400000198,72.21494400000198,1469,1
2407,72.21494400000198,72.24494400000198,1444,1
2408,72.24494400000198,72.27494400000198,1320,1
2409,72.27494400000198,72.30494400000198,1311,1
2410,72.30494400000198,72.33494400000198,1222,0
2411,72.33494400000198,72.36494400000198,1390,0
2412,72.36494400000198,72.39494400000198,1354,3
2413,72.39494400000198,72.42494400000199,1542,0
2414,72.42494400000199,72.45494400000199,1515,2
2415,72.45494400000199,72.48494400000199,1597,0
2416,72.48494400000199,72.51494400000199,1574,0
2417,72.51494400000199,72.54494400000199,1596,1
2418,72.54494400000199,72.57494400000199,1558,1
2419,72.57494400000199,72.60494400000199,1522,1
2420,72.60494400000199,72.634944000002,1431,1
2421,72.634944000002,72.664944000002,1390,1
2422,72.664944000002,72.694944000002,1307,0
2423,72.694944000002,72.724944000002,1267,1
2424,72.724944000002,72.754944000002,1196,1
2425,72.754944000002,72.784944000002,1199,0
2426,72.784944000002,72.814944000002,1140,1
2427,72.814944000002,72.844944000002,1138,0
2428,72.844944000002,72.874944000002,1068,1
2429,72.874944000002,72.904944000002,1103,2
2430,72.904944000002,72.934944000002,1048,0
2431,72.934944000002,72.964944000002,1060,2
2432,72.964944000002,72.99494400000201,1099,2
2433,72.99494400000201,73.02494400000201,1167,1
2434,73.02494400000201,73.05494400000201,1157,1
2435,73.05494400000201,73.08494400000201,1246,1
2436,73.08494400000201,73.11494400000201,1203,1
2437,73.11494400000201,73.14494400000201,1229,1
2438,73.14494400000201,73.17494400000201,1214,1
2439,73.17494400000201,73.20494400000202,1277,2
2440,73.20494400000202,73.23494400000202,1269,2
2441,73.23494400000202,73.26494400000202,1272,1
2442,73.26494400000202,73.29494400000202,1238,1
2443,73.29494400000202,73.32494400000202,1194,1
2444,73.32494400000202,73.35494400000202,1335,1
2445,73.35494400000202,73.38494400000202,1279,1
2446,73.38494400000202,73.41494400000202,1280,1
2447,73.41494400000202,73.44494400000202,1293,1
2448,73.44494400000202,73.47494400000203,1275,1
2449,73.47494400000203,73.50494400000203,1030,1
2450,73.50494400000203,73.53494400000203,898,1
2451,73.53494400000203,73.56494400000203,1186,1
2452,73.56494400000203,73.59494400000203,1064,1
2453,73.59494400000203,73.62494400000203,1018,1
2454,73.62494400000203,73.65494400000203,1225,2
2455,73.65494400000203,73.68494400000203,1305,1
2456,73.68494400000203,73.71494400000203,1243,1
2457,73.71494400000203,73.74494400000204,1304,1
2458,73.74494400000204,73.77494400000204,1267,1
2459,73.77494400000204,73.80494400000204,1306,1
2460,73.80494400000204,73.83494400000204,1268,1
2461,73.83494400000204,73.86494400000204,1239,1
2462,73.86494400000204,73.89494400000204,1277,1
2463,73.89494400000204,73.92494400000204,1252,1
2464,73.92494400000204,73.95494400000204,1309,1
2465,73.95494400000204,73.98494400000205,1357,2
2466,73.98494400000205,74.01494400000205,1356,1
2467,74.01494400000205,74.04494400000205,1387,1
2468,74.04494400000205,74.07494400000205,1318,1
2469,74.07494400000205,74.10494400000205,1324,2
2470,74.10494400000205,74.13494400000205,1279,1
2471,74.13494400000205,74.16494400000205,1328,1
2472,74.16494400000205,74.19494400000205,1341,1
2473,74.19494400000205,74.22494400000205,1421,1
2474,74.22494400000205,74.25494400000206,1382,1
2475,74.25494400000206,74.28494400000206,1345,1
2476,74.28494400000206,74.31494400000206,1285,2
2477,74.31494400000206,74.34494400000206,1303,1
2478,74.34494400000206,74.37494400000206,1415,1
2479,74.37494400000206,74.40494400000206,1412,1
2480,74.40494400000206,74.43494400000206,1238,1
2481,74.43494400000206,74.46494400000206,1158,0
2482,74.46494400000206,74.49494400000206,1169,2
2483,74.49494400000206,74.52494400000207,1065,1
2484,74.52494400000207,74.55494400000207,1017,1
2485,74.55494400000207,74.58494400000207,996,1
2486,74.58494400000207,74.61494400000207,985,1
2487,74.61494400000207,74.64494400000207,953,2
2488,74.64494400000207,74.67494400000207,977,1
2489,74.67494400000207,74.70494400000207,923,1
2490,74.70494400000207,74.73494400000207,986,2
2491,74.73494400000207,74.76494400000207,1011,1
2492,74.76494400000207,74.79494400000208,1103,2
2493,74.79494400000208,74.82494400000208,1165,2
2494,74.82494400000208,74.85494400000208,1218,2
2495,74.85494400000208,74.88494400000208,1333,1
2496,74.88494400000208,74.91494400000208,1405,2
2497,74.91494400000208,74.94494400000208,1520,0
2498,74.94494400000208,74.97494400000208,1512,1
2499,74.97494400000208,75.00494400000208,1414,1
2500,75.00494400000208,75.03494400000208,1448,0
2501,75.03494400000208,75.06494400000209,1753,1
2502,75.06494400000209,75.09494400000209,2067,1
2503,75.09494400000209,75.12494400000209,2212,1
2504,75.12494400000209,75.15494400000209,2315,2
2505,75.15494400000209,75.18494400000209,2291,0
2506,75.18494400000209,75.21494400000209,2420,1
2507,75.21494400000209,75.24494400000209,2597,1
2508,75.24494400000209,75.2749440000021,2693,0
2509,75.2749440000021,75.3049440000021,2718,3
2510,75.3049440000021,75.3349440000021,2819,2
2511,75.3349440000021,75.3649440000021,2964,1
2512,75.3649440000021,75.3949440000021,3168,1
2513,75.3949440000021,75.4249440000021,3121,1
2514,75.4249440000021,75.4549440000021,3172,1
2515,75.4549440000021,75.4849440000021,2997,1
2516,75.4849440000021,75.5149440000021,2697,0
2517,75.5149440000021,75.5449440000021,2726,1
2518,75.5449440000021,75.5749440000021,2750,1
2519,75.5749440000021,75.6049440000021,2803,1
2520,75.6049440000021,75.63494400000211,2773,1
2521,75.63494400000211,75.66494400000211,2723,1
2522,75.66494400000211,75.69494400000211,2707,0
2523,75.69494400000211,75.72494400000211,2727,1
2524,75.72494400000211,75.75494400000211,2715,0
2525,75.75494400000211,75.78494400000211,2640,1
2526,75.78494400000211,75.81494400000211,2497,1
2527,75.81494400000211,75.84494400000212,2274,1
2528,75.84494400000212,75.87494400000212,2149,0
2529,75.87494400000212,75.90494400000212,2031,0
2530,75.90494400000212,75.93494400000212,2104,1
2531,75.93494400000212,75.96494400000212,2103,1
2532,75.96494400000212,75.99494400000212,2061,1
2533,75.99494400000212,76.02494400000212,2036,1
2534,76.02494400000212,76.05494400000212,2030,1
2535,76.05494400000212,76.08494400000212,1936,1
2536,76.08494400000212,76.11494400000213,2001,1
2537,76.11494400000213,76.14494400000213,1897,1
2538,76.14494400000213,76.17494400000213,1870,1
2539,76.17494400000213,76.20494400000213,1649,1
2540,76.20494400000213,76.23494400000213,1448,2
2541,76.23494400000213,76.26494400000213,1368,1
2542,76.26494400000213,76.29494400000213,1317,2
2543,76.29494400000213,76.32494400000213,1296,1
2544,76.32494400000213,76.35494400000213,1352,1
2545,76.35494400000213,76.38494400000214,1284,1
2546,76.38494400000214,76.41494400000214,1262,1
2547,76.41494400000214,76.44494400000214,1163,1
2548,76.44494400000214,76.47494400000214,1078,1
2549,76.47494400000214,76.50494400000214,1075,1
2550,76.50494400000214,76.53494400000214,975,1
2551,76.53494400000214,76.56494400000214,1018,0
2552,76.56494400000214,76.59494400000214,1018,1
2553,76.59494400000214,76.62494400000215,1004,1
2554,76.62494400000215,76.65494400000215,995,1
2555,76.65494400000215,76.68494400000215,1024,2
2556,76.68494400000215,76.71494400000215,1118,1
2557,76.71494400000215,76.74494400000215,1124,1
2558,76.74494400000215,76.77494400000215,1242,2
2559,76.77494400000215,76.80494400000215,1249,2
2560,76.80494400000215,76.83494400000215,1256,2
2561,76.83494400000215,76.86494400000215,1289,1
2562,76.86494400000215,76.89494400000216,1253,1
2563,76.89494400000216,76.92494400000216,1333,1
2564,76.92494400000216,76.95494400000216,1318,2
2565,76.95494400000216,76.98494400000216,1331,1
2566,76.98494400000216,77.01494400000216,1355,1
2567,77.01494400000216,77.04494400000216,1358,1
2568,77.04494400000216,77.07494400000216,1495,1
2569,77.07494400000216,77.10494400000216,1458,2
2570,77.10494400000216,77.13494400000216,1463,1
2571,77.13494400000216,77.16494400000217,1454,1
2572,77.16494400000217,77.19494400000217,1440,1
2573,77.19494400000217,77.22494400000217,1484,2
2574,77.22494400000217,77.25494400000217,1459,1
2575,77.25494400000217,77.28494400000217,1429,2
2576,77.28494400000217,77.31494400000217,1364,1
2577,77.31494400000217,77.34494400000217,1401,1
2578,77.34494400000217,77.37494400000217,1385,1
2579,77.37494400000217,77.40494400000217,1466,1
2580,77.40494400000217,77.43494400000218,1339,1
2581,77.43494400000218,77.46494400000218,1025,1
2582,77.46494400000218,77.49494400000218,1097,2
2583,77.49494400000218,77.52494400000218,1191,1
2584,77.52494400000218,77.55494400000218,1336,1
2585,77.55494400000218,77.58494400000218,1293,1
2586,77.58494400000218,77.61494400000218,1328,1
2587,77.61494400000218,77.64494400000218,1423,1
2588,77.64494400000218,77.67494400000218,1344,1
2589,77.67494400000218,77.70494400000219,1389,1
2590,77.70494400000219,77.73494400000219,1428,2
2591,77.73494400000219,77.76494400000219,1442,1
2592,77.76494400000219,77.79494400000219,1434,1
2593,77.79494400000219,77.82494400000219,1374,1
2594,77.82494400000219,77.85494400000219,1316,1
2595,77.85494400000219,77.88494400000219,1389,1
2596,77.88494400000219,77.9149440000022,1430,2
2597,77.9149440000022,77.9449440000022,1381,2
2598,77.9449440000022,77.9749440000022,1375,1
2599,77.9749440000022,78.0049440000022,1350,2
2600,78.0049440000022,78.0349440000022,1487,1
2601,78.0349440000022,78.0649440000022,1363,2
2602,78.0649440000022,78.0949440000022,1278,1
2603,78.0949440000022,78.1249440000022,1247,1
2604,78.1249440000022,78.1549440000022,1267,1
2605,78.1549440000022,78.1849440000022,1245,1
2606,78.1849440000022,78.2149440000022,1226,1
2607,78.2149440000022,78.2449440000022,1254,1
2608,78.2449440000022,78.27494400000221,1196,1
2609,78.27494400000221,78.30494400000221,1186,1
2610,78.30494400000221,78.33494400000221,1178,1
2611,78.33494400000221,78.36494400000221,1055,1
2612,78.36494400000221,78.39494400000221,1085,1
2613,78.39494400000221,78.42494400000221,1002,2
2614,78.42494400000221,78.45494400000221,1000,1
2615,78.45494400000221,78.48494400000222,966,0
2616,78.48494400000222,78.51494400000222,916,1
2617,78.51494400000222,78.54494400000222,797,0
2618,78.54494400000222,78.57494400000222,738,0
2619,78.57494400000222,78.60494400000222,688,0
2620,78.60494400000222,78.63494400000222,656,0
2621,78.63494400000222,78.66494400000222,713,1
2622,78.66494400000222,78.69494400000222,827,1
2623,78.69494400000222,78.72494400000222,937,1
2624,78.72494400000222,78.75494400000223,991,2
2625,78.75494400000223,78.78494400000223,996,1
2626,78.78494400000223,78.81494400000223,1110,1
2627,78.81494400000223,78.84494400000223,1242,2
2628,78.84494400000223,78.87494400000223,1350,1
2629,78.87494400000223,78.90494400000223,1431,1
2630,78.90494400000223,78.93494400000223,1494,1
2631,78.93494400000223,78.96494400000223,1611,1
2632,78.96494400000223,78.99494400000223,1599,2
2633,78.99494400000223,79.02494400000224,1722,1
2634,79.02494400000224,79.05494400000224,1732,1
2635,79.05494400000224,79.08494400000224,1728,1
2636,79.08494400000224,79.11494400000224,1986,1
2637,79.11494400000224,79.14494400000224,1940,2
2638,79.14494400000224,79.17494400000224,1823,2
2639,79.17494400000224,79.20494400000224,1724,1
2640,79.20494400000224,79.23494400000224,1653,1
2641,79.23494400000224,79.26494400000225,1674,1
2642,79.26494400000225,79.29494400000225,1755,1
2643,79.29494400000225,79.32494400000225,1780,0
2644,79.32494400000225,79.35494400000225,1749,1
2645,79.35494400000225,79.38494400000225,1806,1
2646,79.38494400000225,79.41494400000225,1759,1
2647,79.41494400000225,79.44494400000225,1803,1
2648,79.44494400000225,79.47494400000225,1782,1
2649,79.47494400000225,79.50494400000225,1840,1
2650,79.50494400000225,79.53494400000226,1822,1
2651,79.53494400000226,79.56494400000226,1845,1
2652,79.56494400000226,79.59494400000226,1927,1
2653,79.59494400000226,79.62494400000226,1952,2
2654,79.62494400000226,79.65494400000226,1960,1
2655,79.65494400000226,79.68494400000226,2058,1
2656,79.68494400000226,79.71494400000226,2059,1
2657,79.71494400000226,79.74494400000226,2030,2
2658,79.74494400000226,79.77494400000226,2026,1
2659,79.77494400000226,79.80494400000227,2225,3
2660,79.80494400000227,79.83494400000227,2125,2
2661,79.83494400000227,79.86494400000227,2110,1
2662,79.86494400000227,79.89494400000227,2144,1
2663,79.89494400000227,79.92494400000227,2058,3
2664,79.92494400000227,79.95494400000227,2018,1
2665,79.95494400000227,79.98494400000227,2010,1
2666,79.98494400000227,80.01494400000227,2049,1
2667,80.01494400000227,80.04494400000227,2083,2
2668,80.04494400000227,80.07494400000228,2074,1
2669,80.07494400000228,80.10494400000228,2110,2
2670,80.10494400000228,80.13494400000228,2071,1
2671,80.13494400000228,80.16494400000228,1911,2
2672,80.16494400000228,80.19494400000228,2130,1
2673,80.19494400000228,80.22494400000228,2072,0
2674,80.22494400000228,80.25494400000228,2278,2
2675,80.25494400000228,80.28494400000228,2201,1
2676,80.28494400000228,80.31494400000228,2160,1
2677,80.31494400000228,80.34494400000229,2088,1
2678,80.34494400000229,80.37494400000229,2060,1
2679,80.37494400000229,80.40494400000229,1988,1
2680,80.40494400000229,80.43494400000229,1830,1
2681,80.43494400000229,80.46494400000229,1774,2
2682,80.46494400000229,80.49494400000229,1596,1
2683,80.49494400000229,80.5249440000023,1616,1
2684,80.5249440000023,80.5549440000023,1631,2
2685,80.5549440000023,80.5849440000023,1641,1
2686,80.5849440000023,80.6149440000023,1677,1
2687,80.6149440000023,80.6449440000023,1820,1
2688,80.6449440000023,80.6749440000023,1905,2
2689,80.6749440000023,80.7049440000023,2109,1
2690,80.7049440000023,80.7349440000023,2380,4
2691,80.7349440000023,80.7649440000023,2634,1
2692,80.7649440000023,80.7949440000023,2820,1
2693,80.7949440000023,80.8249440000023,2999,1
2694,80.8249440000023,80.8549440000023,3212,1
2695,80.8549440000023,80.8849440000023,3261,1
2696,80.8849440000023,80.91494400000231,3163,1
2697,80.91494400000231,80.94494400000231,3200,1
2698,80.94494400000231,80.97494400000231,3269,1
2699,80.97494400000231,81.00494400000231,3102,1
2700,81.00494400000231,81.03494400000231,2869,2
2701,81.03494400000231,81.06494400000231,2915,1
2702,81.06494400000231,81.09494400000231,2888,1
2703,81.09494400000231,81.12494400000232,2834,1
2704,81.12494400000232,81.15494400000232,2906,0
2705,81.15494400000232,81.18494400000232,2937,1
2706,81.18494400000232,81.21494400000232,3011,1
2707,81.21494400000232,81.24494400000232,3369,1
2708,81.24494400000232,81.27494400000232,3506,2
2709,81.27494400000232,81.30494400000232,3509,1
2710,81.30494400000232,81.33494400000232,3764,3
2711,81.33494400000232,81.36494400000232,3947,1
2712,81.36494400000232,81.39494400000233,4080,2
2713,81.39494400000233,81.42494400000233,4158,1
2714,81.42494400000233,81.45494400000233,4259,1
2715,81.45494400000233,81.48494400000233,4345,2
2716,81.48494400000233,81.51494400000233,4454,1
2717,81.51494400000233,81.54494400000233,4505,2
2718,81.54494400000233,81.57494400000233,4488,2
2719,81.57494400000233,81.60494400000233,4403,1
2720,81.60494400000233,81.63494400000233,4164,2
2721,81.63494400000233,81.66494400000234,4252,2
2722,81.66494400000234,81.69494400000234,4149,1
2723,81.69494400000234,81.72494400000234,4348,1
2724,81.72494400000234,81.75494400000234,4395,2
2725,81.75494400000234,81.78494400000234,4304,1
2726,81.78494400000234,81.81494400000234,4265,1
2727,81.81494400000234,81.84494400000234,4133,2
2728,81.84494400000234,81.87494400000234,3783,0
2729,81.87494400000234,81.90494400000235,3850,2
2730,81.90494400000235,81.93494400000235,3605,1
2731,81.93494400000235,81.96494400000235,4018,2
2732,81.96494400000235,81.99494400000235,4059,2
2733,81.99494400000235,82.02494400000235,3767,0
2734,82.02494400000235,82.05494400000235,3480,1
2735,82.05494400000235,82.08494400000235,3155,0
2736,82.08494400000235,82.11494400000235,2989,0
2737,82.11494400000235,82.14494400000235,2928,1
2738,82.14494400000235,82.17494400000236,2902,1
2739,82.17494400000236,82.20494400000236,2700,2
2740,82.20494400000236,82.23494400000236,2416,0
2741,82.23494400000236,82.26494400000236,2151,1
2742,82.26494400000236,82.29494400000236,2100,1
2743,82.29494400000236,82.32494400000236,1974,1
2744,82.32494400000236,82.35494400000236,1836,1
2745,82.35494400000236,82.38494400000236,1821,1
2746,82.38494400000236,82.41494400000236,1670,1
2747,82.41494400000236,82.44494400000237,1622,1
2748,82.44494400000237,82.47494400000237,1607,1
2749,82.47494400000237,82.50494400000237,1619,1
2750,82.50494400000237,82.53494400000237,1452,1
2751,82.53494400000237,82.56494400000237,1494,2
2752,82.56494400000237,82.59494400000237,1392,0
2753,82.59494400000237,82.62494400000237,1365,1
2754,82.62494400000237,82.65494400000237,1367,2
2755,82.65494400000237,82.68494400000237,1315,2
2756,82.68494400000237,82.71494400000238,1307,3
2757,82.71494400000238,82.74494400000238,1364,0
2758,82.74494400000238,82.77494400000238,1333,0
2759,82.77494400000238,82.80494400000238,1283,1
2760,82.80494400000238,82.83494400000238,1210,2
2761,82.83494400000238,82.86494400000238,1166,1
2762,82.86494400000238,82.89494400000238,1126,1
2763,82.89494400000238,82.92494400000238,1015,0
2764,82.92494400000238,82.95494400000238,863,1
2765,82.95494400000238,82.98494400000239,780,0
2766,82.98494400000239,83.01494400000239,787,0
2767,83.01494400000239,83.04494400000239,796,1
2768,83.04494400000239,83.07494400000239,747,0
2769,83.07494400000239,83.10494400000239,747,0
2770,83.10494400000239,83.13494400000239,715,1
2771,83.13494400000239,83.1649440000024,757,0
2772,83.1649440000024,83.1949440000024,741,1
2773,83.1949440000024,83.2249440000024,735,1
2774,83.2249440000024,83.2549440000024,828,1
2775,83.2549440000024,83.2849440000024,867,0
2776,83.2849440000024,83.3149440000024,916,0
2777,83.3149440000024,83.3449440000024,1001,1
2778,83.3449440000024,83.3749440000024,1014,1
2779,83.3749440000024,83.4049440000024,1119,1
2780,83.4049440000024,83.4349440000024,1086,1
2781,83.4349440000024,83.4649440000024,1099,1
2782,83.4649440000024,83.4949440000024,1046,1
2783,83.4949440000024,83.5249440000024,1151,1
2784,83.5249440000024,83.55494400000241,1160,1
2785,83.55494400000241,83.58494400000241,1186,3
2786,83.58494400000241,83.61494400000241,1234,2
2787,83.61494400000241,83.64494400000241,1237,2
2788,83.64494400000241,83.67494400000241,1352,3
2789,83.67494400000241,83.70494400000241,1350,1
2790,83.70494400000241,83.73494400000241,1368,1
2791,83.73494400000241,83.76494400000242,1365,1
2792,83.76494400000242,83.79494400000242,1408,1
2793,83.79494400000242,83.82494400000242,1447,1
2794,83.82494400000242,83.85494400000242,1435,2
2795,83.85494400000242,83.88494400000242,1569,2
2796,83.88494400000242,83.91494400000242,1510,1
2797,83.91494400000242,83.94494400000242,1500,2
2798,83.94494400000242,83.97494400000242,1579,1
2799,83.97494400000242,84.00494400000242,1571,1
2800,84.00494400000242,84.03494400000243,1580,1
2801,84.03494400000243,84.06494400000243,1560,2
2802,84.06494400000243,84.09494400000243,1581,1
2803,84.09494400000243,84.12494400000243,1506,1
2804,84.12494400000243,84.15494400000243,1442,1
2805,84.15494400000243,84.18494400000243,1411,3
2806,84.18494400000243,84.21494400000243,1435,2
2807,84.21494400000243,84.24494400000243,1431,1
2808,84.24494400000243,84.27494400000244,1415,1
2809,84.27494400000244,84.30494400000244,1489,2
2810,84.30494400000244,84.33494400000244,1436,1
2811,84.33494400000244,84.36494400000244,1407,1
2812,84.36494400000244,84.39494400000244,1367,1
2813,84.39494400000244,84.42494400000244,1425,1
2814,84.42494400000244,84.45494400000244,1388,1
2815,84.45494400000244,84.48494400000244,1409,1
2816,84.48494400000244,84.51494400000244,1431,1
2817,84.51494400000244,84.54494400000245,1453,1
2818,84.54494400000245,84.57494400000245,1567,1
2819,84.57494400000245,84.60494400000245,1625,1
2820,84.60494400000245,84.63494400000245,1564,1
2821,84.63494400000245,84.66494400000245,1525,1
2822,84.66494400000245,84.69494400000245,1477,2
2823,84.69494400000245,84.72494400000245,1534,1
2824,84.72494400000245,84.75494400000245,1527,1
2825,84.75494400000245,84.78494400000245,1518,2
2826,84.78494400000245,84.81494400000246,1478,1
2827,84.81494400000246,84.84494400000246,1451,1
2828,84.84494400000246,84.87494400000246,1459,1
2829,84.87494400000246,84.90494400000246,1420,1
2830,84.90494400000246,84.93494400000246,1463,1
2831,84.93494400000246,84.96494400000246,1471,0
2832,84.96494400000246,84.99494400000246,1377,3
2833,84.99494400000246,85.02494400000246,1083,2
2834,85.02494400000246,85.05494400000246,1076,2
2835,85.05494400000246,85.08494400000247,1349,2
2836,85.08494400000247,85.11494400000247,1380,2
2837,85.11494400000247,85.14494400000247,1438,1
2838,85.14494400000247,85.17494400000247,1430,2
2839,85.17494400000247,85.20494400000247,1343,1
2840,85.20494400000247,85.23494400000247,1343,1
2841,85.23494400000247,85.26494400000247,1324,1
2842,85.26494400000247,85.29494400000247,1396,1
2843,85.29494400000247,85.32494400000247,1367,1
2844,85.32494400000247,85.35494400000248,1309,1
2845,85.35494400000248,85.38494400000248,1341,1
2846,85.38494400000248,85.41494400000248,1401,1
2847,85.41494400000248,85.44494400000248,1295,2
2848,85.44494400000248,85.47494400000248,1337,1
2849,85.47494400000248,85.50494400000248,1276,0
2850,85.50494400000248,85.53494400000248,1352,2
2851,85.53494400000248,85.56494400000248,1310,2
2852,85.56494400000248,85.59494400000249,1346,1
2853,85.59494400000249,85.62494400000249,1315,1
2854,85.62494400000249,85.65494400000249,1288,1
2855,85.65494400000249,85.68494400000249,1241,2
2856,85.68494400000249,85.71494400000249,1279,1
2857,85.71494400000249,85.74494400000249,1279,1
2858,85.74494400000249,85.77494400000249,1308,1
2859,85.77494400000249,85.8049440000025,1250,1
2860,85.8049440000025,85.8349440000025,1226,1
2861,85.8349440000025,85.8649440000025,1272,1
2862,85.8649440000025,85.8949440000025,1186,1
2863,85.8949440000025,85.9249440000025,1242,1
2864,85.9249440000025,85.9549440000025,1199,1
2865,85.9549440000025,85.9849440000025,1197,0
2866,85.9849440000025,86.0149440000025,1184,1
2867,86.0149440000025,86.0449440000025,1158,1
2868,86.0449440000025,86.0749440000025,1160,1
2869,86.0749440000025,86.1049440000025,1158,0
2870,86.1049440000025,86.1349440000025,1042,1
2871,86.1349440000025,86.1649440000025,997,1
2872,86.1649440000025,86.19494400000251,989,1
2873,86.19494400000251,86.22494400000251,942,1
2874,86.22494400000251,86.25494400000251,883,1
2875,86.25494400000251,86.28494400000251,864,1
2876,86.28494400000251,86.31494400000251,899,1
2877,86.31494400000251,86.34494400000251,892,2
2878,86.34494400000251,86.37494400000251,847,0
2879,86.37494400000251,86.40494400000252,829,1
2880,86.40494400000252,86.43494400000252,777,0
2881,86.43494400000252,86.46494400000252,783,1
2882,86.46494400000252,86.49494400000252,800,1
2883,86.49494400000252,86.52494400000252,797,1
2884,86.52494400000252,86.55494400000252,839,0
2885,86.55494400000252,86.58494400000252,824,0
2886,86.58494400000252,86.61494400000252,886,0
2887,86.61494400000252,86.64494400000252,965,2
2888,86.64494400000252,86.67494400000253,943,1
2889,86.67494400000253,86.70494400000253,986,1
2890,86.70494400000253,86.73494400000253,1105,2
2891,86.73494400000253,86.76494400000253,1120,2
2892,86.76494400000253,86.79494400000253,1138,1
2893,86.79494400000253,86.82494400000253,1208,0
2894,86.82494400000253,86.85494400000253,1238,2
2895,86.85494400000253,86.88494400000253,1169,1
2896,86.88494400000253,86.91494400000254,1199,1
2897,86.91494400000254,86.94494400000254,1222,1
2898,86.94494400000254,86.97494400000254,1274,2
2899,86.97494400000254,87.00494400000254,1312,1
2900,87.00494400000254,87.03494400000254,1355,2
2901,87.03494400000254,87.06494400000254,1399,2
2902,87.06494400000254,87.09494400000254,1395,1
2903,87.09494400000254,87.12494400000254,1509,1
2904,87.12494400000254,87.15494400000254,1619,2
2905,87.15494400000254,87.18494400000255,1525,1
2906,87.18494400000255,87.21494400000255,1537,1
2907,87.21494400000255,87.24494400000255,1620,1
2908,87.24494400000255,87.27494400000255,1679,1
2909,87.27494400000255,87.30494400000255,1730,1
2910,87.30494400000255,87.33494400000255,1877,1
2911,87.33494400000255,87.36494400000255,1839,2
2912,87.36494400000255,87.39494400000255,1874,2
2913,87.39494400000255,87.42494400000255,1843,2
2914,87.42494400000255,87.45494400000256,1929,2
2915,87.45494400000256,87.48494400000256,1914,1
2916,87.48494400000256,87.51494400000256,2020,1
2917,87.51494400000256,87.54494400000256,2093,1
2918,87.54494400000256,87.57494400000256,1866,1
2919,87.57494400000256,87.60494400000256,1835,1
2920,87.60494400000256,87.63494400000256,2066,1
2921,87.63494400000256,87.66494400000256,2055,1
2922,87.66494400000256,87.69494400000256,1971,1
2923,87.69494400000256,87.72494400000257,1923,2
2924,87.72494400000257,87.75494400000257,1846,2
2925,87.75494400000257,87.78494400000257,1902,1
2926,87.78494400000257,87.81494400000257,1992,1
2927,87.81494400000257,87.84494400000257,1953,2
2928,87.84494400000257,87.87494400000257,1960,1
2929,87.87494400000257,87.90494400000257,1945,2
2930,87.90494400000257,87.93494400000257,1871,1
2931,87.93494400000257,87.96494400000257,1794,1
2932,87.96494400000257,87.99494400000258,1764,1
2933,87.99494400000258,88.02494400000258,1592,1
2934,88.02494400000258,88.05494400000258,1607,2
2935,88.05494400000258,88.08494400000258,1612,1
2936,88.08494400000258,88.11494400000258,1647,1
2937,88.11494400000258,88.14494400000258,1525,1
2938,88.14494400000258,88.17494400000258,1446,1
2939,88.17494400000258,88.20494400000258,1535,2
2940,88.20494400000258,88.23494400000259,1690,3
2941,88.23494400000259,88.26494400000259,1644,1
2942,88.26494400000259,88.29494400000259,1575,3
2943,88.29494400000259,88.32494400000259,1615,1
2944,88.32494400000259,88.35494400000259,1637,1
2945,88.35494400000259,88.38494400000259,1425,1
2946,88.38494400000259,88.41494400000259,1491,1
2947,88.41494400000259,88.4449440000026,1500,1
2948,88.4449440000026,88.4749440000026,1472,1
2949,88.4749440000026,88.5049440000026,1501,0
2950,88.5049440000026,88.5349440000026,1472,1
2951,88.5349440000026,88.5649440000026,1452,1
2952,88.5649440000026,88.5949440000026,1513,1
2953,88.5949440000026,88.6249440000026,1455,0
2954,88.6249440000026,88.6549440000026,1500,1
2955,88.6549440000026,88.6849440000026,1553,2
2956,88.6849440000026,88.7149440000026,1479,1
2957,88.7149440000026,88.7449440000026,1481,1
2958,88.7449440000026,88.7749440000026,1513,1
2959,88.7749440000026,88.8049440000026,1499,1
2960,88.8049440000026,88.83494400000261,1530,1
2961,88.83494400000261,88.86494400000261,1490,1
2962,88.86494400000261,88.89494400000261,1534,1
2963,88.89494400000261,88.92494400000261,1488,1
2964,88.92494400000261,88.95494400000261,1432,1
2965,88.95494400000261,88.98494400000261,1472,1
2966,88.98494400000261,89.01494400000261,1309,1
2967,89.01494400000261,89.04494400000262,1214,1
2968,89.04494400000262,89.07494400000262,1178,2
2969,89.07494400000262,89.10494400000262,1124,1
2970,89.10494400000262,89.13494400000262,1008,1
2971,89.13494400000262,89.16494400000262,950,1
2972,89.16494400000262,89.19494400000262,828,1
2973,89.19494400000262,89.22494400000262,744,1
2974,89.22494400000262,89.25494400000262,793,0
2975,89.25494400000262,89.28494400000262,962,1
2976,89.28494400000262,89.31494400000263,1158,1
2977,89.31494400000263,89.34494400000263,1279,1
2978,89.34494400000263,89.37494400000263,1491,1
2979,89.37494400000263,89.40494400000263,1551,1
2980,89.40494400000263,89.43494400000263,1714,1
2981,89.43494400000263,89.46494400000263,1724,1
2982,89.46494400000263,89.49494400000263,1754,2
2983,89.49494400000263,89.52494400000263,1842,1
2984,89.52494400000263,89.55494400000264,1901,1
2985,89.55494400000264,89.58494400000264,1860,1
2986,89.58494400000264,89.61494400000264,1905,1
2987,89.61494400000264,89.64494400000264,1876,1
2988,89.64494400000264,89.67494400000264,1858,1
2989,89.67494400000264,89.70494400000264,1841,1
2990,89.70494400000264,89.73494400000264,1937,1
2991,89.73494400000264,89.76494400000264,1941,1
2992,89.76494400000264,89.79494400000264,1957,1
2993,89.79494400000264,89.82494400000265,1971,1
2994,89.82494400000265,89.85494400000265,1949,1
2995,89.85494400000265,89.88494400000265,2031,2
2996,89.88494400000265,89.91494400000265,2153,2
2997,89.91494400000265,89.94494400000265,2308,2
2998,89.94494400000265,89.97494400000265,2435,2
2999,89.97494400000265,90.00494400000265,2533,2
3000,90.00494400000265,90.03494400000265,2570,2
3001,90.03494400000265,90.06494400000265,2565,1
3002,90.06494400000265,90.09494400000266,2453,1
3003,90.09494400000266,90.12494400000266,2486,1
3004,90.12494400000266,90.15494400000266,2608,2
3005,90.15494400000266,90.18494400000266,2567,1
3006,90.18494400000266,90.21494400000266,2673,1
3007,90.21494400000266,90.24494400000266,2747,2
3008,90.24494400000266,90.27494400000266,2863,1
3009,90.27494400000266,90.30494400000266,2902,1
3010,90.30494400000266,90.33494400000266,2817,1
3011,90.33494400000266,90.36494400000267,2883,2
3012,90.36494400000267,90.39494400000267,2868,1
3013,90.39494400000267,90.42494400000267,2391,0
3014,90.42494400000267,90.45494400000267,2749,1
3015,90.45494400000267,90.48494400000267,3055,2
3016,90.48494400000267,90.51494400000267,3061,1
3017,90.51494400000267,90.54494400000267,3061,1
3018,90.54494400000267,90.57494400000267,3037,2
3019,90.57494400000267,90.60494400000267,2999,0
3020,90.60494400000267,90.63494400000268,2765,1
3021,90.63494400000268,90.66494400000268,2793,1
3022,90.66494400000268,90.69494400000268,2596,1
3023,90.69494400000268,90.72494400000268,2576,1
3024,90.72494400000268,90.75494400000268,2423,1
3025,90.75494400000268,90.78494400000268,2195,1
3026,90.78494400000268,90.81494400000268,2092,1
3027,90.81494400000268,90.84494400000268,1842,1
3028,90.84494400000268,90.87494400000269,1751,1
3029,90.87494400000269,90.90494400000269,1676,2
3030,90.90494400000269,90.93494400000269,1518,2
3031,90.93494400000269,90.96494400000269,1520,2
3032,90.96494400000269,90.99494400000269,1408,1
3033,90.99494400000269,91.02494400000269,1414,1
3034,91.02494400000269,91.05494400000269,1358,1
3035,91.05494400000269,91.0849440000027,1183,1
3036,91.0849440000027,91.1149440000027,1191,2
3037,91.1149440000027,91.1449440000027,1076,1
3038,91.1449440000027,91.1749440000027,1028,2
3039,91.1749440000027,91.2049440000027,1030,1
3040,91.2049440000027,91.2349440000027,995,0
3041,91.2349440000027,91.2649440000027,953,0
3042,91.2649440000027,91.2949440000027,962,2
3043,91.2949440000027,91.3249440000027,911,1
3044,91.3249440000027,91.3549440000027,915,1
3045,91.3549440000027,91.3849440000027,949,1
3046,91.3849440000027,91.4149440000027,949,1
3047,91.4149440000027,91.4449440000027,916,2
3048,91.4449440000027,91.47494400000271,848,1
3049,91.47494400000271,91.50494400000271,942,1
3050,91.50494400000271,91.53494400000271,975,2
3051,91.53494400000271,91.56494400000271,974,1
3052,91.56494400000271,91.59494400000271,969,2
3053,91.59494400000271,91.62494400000271,1055,1
3054,91.62494400000271,91.65494400000271,1056,2
3055,91.65494400000271,91.68494400000272,1084,1
3056,91.68494400000272,91.71494400000272,1101,1
3057,91.71494400000272,91.74494400000272,1090,2
3058,91.74494400000272,91.77494400000272,1060,1
3059,91.77494400000272,91.80494400000272,1062,1
3060,91.80494400000272,91.83494400000272,1088,1
3061,91.83494400000272,91.86494400000272,1144,1
3062,91.86494400000272,91.89494400000272,1178,1
3063,91.89494400000272,91.92494400000272,1143,1
3064,91.92494400000272,91.95494400000273,1093,1
3065,91.95494400000273,91.98494400000273,1131,1
3066,91.98494400000273,92.01494400000273,1142,1
3067,92.01494400000273,92.04494400000273,1150,2
3068,92.04494400000273,92.07494400000273,1130,1
3069,92.07494400000273,92.10494400000273,1136,2
3070,92.10494400000273,92.13494400000273,1133,2
3071,92.13494400000273,92.16494400000273,1110,1
3072,92.16494400000273,92.19494400000274,1118,2
3073,92.19494400000274,92.22494400000274,1045,2
3074,92.22494400000274,92.25494400000274,1030,1
3075,92.25494400000274,92.28494400000274,1029,1
3076,92.28494400000274,92.31494400000274,993,1
3077,92.31494400000274,92.34494400000274,1081,1
3078,92.34494400000274,92.37494400000274,1105,1
3079,92.37494400000274,92.40494400000274,1161,1
3080,92.40494400000274,92.43494400000274,1157,2
3081,92.43494400000274,92.46494400000275,1147,1
3082,92.46494400000275,92.49494400000275,1219,1
3083,92.49494400000275,92.52494400000275,1182,2
3084,92.52494400000275,92.55494400000275,1303,1
3085,92.55494400000275,92.58494400000275,1239,1
3086,92.58494400000275,92.61494400000275,1224,1
3087,92.61494400000275,92.64494400000275,1206,1
3088,92.64494400000275,92.67494400000275,1203,1
3089,92.67494400000275,92.70494400000275,1216,2
3090,92.70494400000275,92.73494400000276,1271,2
3091,92.73494400000276,92.76494400000276,1193,1
3092,92.76494400000276,92.79494400000276,1231,2
3093,92.79494400000276,92.82494400000276,1215,1
3094,92.82494400000276,92.85494400000276,1256,1
3095,92.85494400000276,92.88494400000276,1171,1
3096,92.88494400000276,92.91494400000276,1212,1
3097,92.91494400000276,92.94494400000276,1248,1
3098,92.94494400000276,92.97494400000276,1172,2
3099,92.97494400000276,93.00494400000277,890,1
3100,93.00494400000277,93.03494400000277,1029,1
3101,93.03494400000277,93.06494400000277,934,0
3102,93.06494400000277,93.09494400000277,1142,1
3103,93.09494400000277,93.12494400000277,1353,1
3104,93.12494400000277,93.15494400000277,1349,1
3105,93.15494400000277,93.18494400000277,1356,1
3106,93.18494400000277,93.21494400000277,1345,1
3107,93.21494400000277,93.24494400000277,1343,1
3108,93.24494400000277,93.27494400000278,1369,1
3109,93.27494400000278,93.30494400000278,1354,1
3110,93.30494400000278,93.33494400000278,1337,1
3111,93.33494400000278,93.36494400000278,1326,1
3112,93.36494400000278,93.39494400000278,1350,1
3113,93.39494400000278,93.42494400000278,1355,2
3114,93.42494400000278,93.45494400000278,1252,2
3115,93.45494400000278,93.48494400000278,1197,1
3116,93.48494400000278,93.51494400000279,1137,1
3117,93.51494400000279,93.54494400000279,1165,1
3118,93.54494400000279,93.57494400000279,1229,1
3119,93.57494400000279,93.60494400000279,1213,2
3120,93.60494400000279,93.63494400000279,1260,2
3121,93.63494400000279,93.66494400000279,1196,2
3122,93.66494400000279,93.69494400000279,1108,1
3123,93.69494400000279,93.7249440000028,1323,1
3124,93.7249440000028,93.7549440000028,1336,1
3125,93.7549440000028,93.7849440000028,1408,1
3126,93.7849440000028,93.8149440000028,1386,2
3127,93.8149440000028,93.8449440000028,1426,1
3128,93.8449440000028,93.8749440000028,1454,1
3129,93.8749440000028,93.9049440000028,1393,1
3130,93.9049440000028,93.9349440000028,1390,2
3131,93.9349440000028,93.9649440000028,1558,1
3132,93.9649440000028,93.9949440000028,1576,1
3133,93.9949440000028,94.0249440000028,1551,2
3134,94.0249440000028,94.0549440000028,1517,1
3135,94.0549440000028,94.0849440000028,1490,1
3136,94.0849440000028,94.11494400000281,1483,1
3137,94.11494400000281,94.14494400000281,1378,1
3138,94.14494400000281,94.17494400000281,1300,1
3139,94.17494400000281,94.20494400000281,1259,1
3140,94.20494400000281,94.23494400000281,1111,1
3141,94.23494400000281,94.26494400000281,1050,1
3142,94.26494400000281,94.29494400000281,995,1
3143,94.29494400000281,94.32494400000282,998,1
3144,94.32494400000282,94.35494400000282,1082,2
3145,94.35494400000282,94.38494400000282,1249,2
3146,94.38494400000282,94.41494400000282,1420,1
3147,94.41494400000282,94.44494400000282,1637,2
3148,94.44494400000282,94.47494400000282,1812,1
3149,94.47494400000282,94.50494400000282,2037,1
3150,94.50494400000282,94.53494400000282,2108,1
3151,94.53494400000282,94.56494400000282,2484,1
3152,94.56494400000282,94.59494400000283,2440,2
3153,94.59494400000283,94.62494400000283,2504,1
3154,94.62494400000283,94.65494400000283,2522,1
3155,94.65494400000283,94.68494400000283,2541,2
3156,94.68494400000283,94.71494400000283,2708,2
3157,94.71494400000283,94.74494400000283,2920,1
3158,94.74494400000283,94.77494400000283,3195,2
3159,94.77494400000283,94.80494400000283,3229,2
3160,94.80494400000283,94.83494400000284,3277,1
3161,94.83494400000284,94.86494400000284,3476,1
3162,94.86494400000284,94.89494400000284,3411,1
3163,94.89494400000284,94.92494400000284,3499,1
3164,94.92494400000284,94.95494400000284,3120,2
3165,94.95494400000284,94.98494400000284,3183,2
3166,94.98494400000284,95.01494400000284,3040,3
3167,95.01494400000284,95.04494400000284,2943,1
3168,95.04494400000284,95.07494400000284,2888,1
3169,95.07494400000284,95.10494400000285,2866,1
3170,95.10494400000285,95.13494400000285,2765,1
3171,95.13494400000285,95.16494400000285,2603,1
3172,95.16494400000285,95.19494400000285,2395,1
3173,95.19494400000285,95.22494400000285,2379,1
3174,95.22494400000285,95.25494400000285,2287,2
3175,95.25494400000285,95.28494400000285,2217,2
3176,95.28494400000285,95.31494400000285,2162,2
3177,95.31494400000285,95.34494400000285,2286,1
3178,95.34494400000285,95.37494400000286,2082,1
3179,95.37494400000286,95.40494400000286,2028,1
3180,95.40494400000286,95.43494400000286,1885,1
3181,95.43494400000286,95.46494400000286,1877,1
3182,95.46494400000286,95.49494400000286,2183,1
3183,95.49494400000286,95.52494400000286,2264,1
3184,95.52494400000286,95.55494400000286,2219,1
3185,95.55494400000286,95.58494400000286,2243,1
3186,95.58494400000286,95.61494400000286,2295,2
3187,95.61494400000286,95.64494400000287,2279,2
3188,95.64494400000287,95.67494400000287,2340,1
3189,95.67494400000287,95.70494400000287,2387,1
3190,95.70494400000287,95.73494400000287,2549,1
3191,95.73494400000287,95.76494400000287,2541,1
3192,95.76494400000287,95.79494400000287,2569,1
3193,95.79494400000287,95.82494400000287,2744,1
3194,95.82494400000287,95.85494400000287,2816,2
3195,95.85494400000287,95.88494400000287,2886,2
3196,95.88494400000287,95.91494400000288,3013,1
3197,95.91494400000288,95.94494400000288,3105,3
3198,95.94494400000288,95.97494400000288,3190,3
3199,95.97494400000288,96.00494400000288,2500,1
3200,96.00494400000288,96.03494400000288,1431,1
3201,96.03494400000288,96.06494400000288,831,0
3202,96.06494400000288,96.09494400000288,776,0
3203,96.09494400000288,96.12494400000288,753,0
3204,96.12494400000288,96.15494400000289,785,1
3205,96.15494400000289,96.18494400000289,719,0
3206,96.18494400000289,96.21494400000289,754,1
3207,96.21494400000289,96.24494400000289,675,1
3208,96.24494400000289,96.27494400000289,624,0
3209,96.27494400000289,96.30494400000289,689,0
3210,96.30494400000289,96.33494400000289,698,0
3211,96.33494400000289,96.3649440000029,680,0
3212,96.3649440000029,96.3949440000029,706,0
3213,96.3949440000029,96.4249440000029,716,0
3214,96.4249440000029,96.4549440000029,664,0
3215,96.4549440000029,96.4849440000029,678,0
3216,96.4849440000029,96.5149440000029,660,0
3217,96.5149440000029,96.5449440000029,732,0
3218,96.5449440000029,96.5749440000029,753,0
3219,96.5749440000029,96.6049440000029,715,1
3220,96.6049440000029,96.6349440000029,723,0
3221,96.6349440000029,96.6649440000029,737,0
3222,96.6649440000029,96.6949440000029,708,0
3223,96.6949440000029,96.7249440000029,967,0
3224,96.7249440000029,96.75494400000291,1984,1
3225,96.75494400000291,96.78494400000291,3222,1
3226,96.78494400000291,96.81494400000291,3727,1
3227,96.81494400000291,96.84494400000291,4051,1
3228,96.84494400000291,96.87494400000291,4346,1
3229,96.87494400000291,96.90494400000291,4344,1
3230,96.90494400000291,96.93494400000291,4743,1
3231,96.93494400000291,96.96494400000292,4936,1
3232,96.96494400000292,96.99494400000292,5272,1
3233,96.99494400000292,97.02494400000292,5856,1
3234,97.02494400000292,97.05494400000292,5874,1
3235,97.05494400000292,97.08494400000292,5811,1
3236,97.08494400000292,97.11494400000292,5734,1
3237,97.11494400000292,97.14494400000292,5617,1
3238,97.14494400000292,97.17494400000292,6390,2
3239,97.17494400000292,97.20494400000293,6497,2
3240,97.20494400000293,97.23494400000293,6822,1
3241,97.23494400000293,97.26494400000293,6979,1
3242,97.26494400000293,97.29494400000293,7014,1
3243,97.29494400000293,97.32494400000293,6512,1
3244,97.32494400000293,97.35494400000293,7042,1
3245,97.35494400000293,97.38494400000293,7151,1
3246,97.38494400000293,97.41494400000293,7022,1
3247,97.41494400000293,97.44494400000293,7245,1
3248,97.44494400000293,97.47494400000294,7823,0
3249,97.47494400000294,97.50494400000294,7801,1
3250,97.50494400000294,97.53494400000294,7302,1
3251,97.53494400000294,97.56494400000294,6622,0
3252,97.56494400000294,97.59494400000294,6668,1
3253,97.59494400000294,97.62494400000294,7901,1
3254,97.62494400000294,97.65494400000294,8013,2
3255,97.65494400000294,97.68494400000294,7564,2
3256,97.68494400000294,97.71494400000294,7559,0
3257,97.71494400000294,97.74494400000295,7426,1
3258,97.74494400000295,97.77494400000295,7359,1
3259,97.77494400000295,97.80494400000295,7612,1
3260,97.80494400000295,97.83494400000295,7772,0
3261,97.83494400000295,97.86494400000295,6896,3
3262,97.86494400000295,97.89494400000295,6288,1
3263,97.89494400000295,97.92494400000295,3057,1
3264,97.92494400000295,97.95494400000295,1074,0
3265,97.95494400000295,97.98494400000295,952,0
3266,97.98494400000295,98.01494400000296,933,0
3267,98.01494400000296,98.04494400000296,886,1
3268,98.04494400000296,98.07494400000296,833,1
3269,98.07494400000296,98.10494400000296,794,1
3270,98.10494400000296,98.13494400000296,787,1
3271,98.13494400000296,98.16494400000296,769,0
3272,98.16494400000296,98.19494400000296,817,0
3273,98.19494400000296,98.22494400000296,740,0
3274,98.22494400000296,98.25494400000296,775,0
3275,98.25494400000296,98.28494400000297,762,0
3276,98.28494400000297,98.31494400000297,668,0
3277,98.31494400000297,98.34494400000297,759,1
3278,98.34494400000297,98.37494400000297,726,0
3279,98.37494400000297,98.40494400000297,742,0
3280,98.40494400000297,98.43494400000297,746,1
3281,98.43494400000297,98.46494400000297,734,0
3282,98.46494400000297,98.49494400000297,700,0
3283,98.49494400000297,98.52494400000298,729,1
3284,98.52494400000298,98.55494400000298,722,1
3285,98.55494400000298,98.58494400000298,733,0
3286,98.58494400000298,98.61494400000298,719,0
3287,98.61494400000298,98.64494400000298,730,0
3288,98.64494400000298,98.67494400000298,731,0
3289,98.67494400000298,98.70494400000298,718,1
3290,98.70494400000298,98.73494400000298,696,0
3291,98.73494400000298,98.76494400000298,706,0
3292,98.76494400000298,98.79494400000299,719,0
3293,98.79494400000299,98.82494400000299,699,0
3294,98.82494400000299,98.85494400000299,685,0
3295,98.85494400000299,98.88494400000299,640,0
3296,98.88494400000299,98.91494400000299,687,0
3297,98.91494400000299,98.94494400000299,690,0
3298,98.94494400000299,98.97494400000299,709,0
3299,98.97494400000299,99.004944000003,691,0
3300,99.004944000003,99.034944000003,720,0
3301,99.034944000003,99.064944000003,738,2
3302,99.064944000003,99.094944000003,685,1
3303,99.094944000003,99.124944000003,720,1
3304,99.124944000003,99.154944000003,682,0
3305,99.154944000003,99.184944000003,629,0
3306,99.184944000003,99.214944000003,1016,1
3307,99.214944000003,99.244944000003,1652,1
3308,99.244944000003,99.274944000003,1729,1
3309,99.274944000003,99.304944000003,1689,1
3310,99.304944000003,99.334944000003,1802,1
3311,99.334944000003,99.364944000003,1690,1
3312,99.364944000003,99.39494400000301,1701,2
3313,99.39494400000301,99.42494400000301,1650,1
3314,99.42494400000301,99.45494400000301,1648,2
3315,99.45494400000301,99.48494400000301,1597,2
3316,99.48494400000301,99.51494400000301,1485,1
3317,99.51494400000301,99.54494400000301,1444,1
3318,99.54494400000301,99.57494400000301,1402,2
3319,99.57494400000301,99.60494400000302,1335,1
3320,99.60494400000302,99.63494400000302,1348,2
3321,99.63494400000302,99.66494400000302,1385,1
3322,99.66494400000302,99.69494400000302,1417,1
3323,99.69494400000302,99.72494400000302,1583,1
3324,99.72494400000302,99.75494400000302,1475,1
3325,99.75494400000302,99.78494400000302,1536,2
3326,99.78494400000302,99.81494400000302,1601,2
3327,99.81494400000302,99.84494400000303,1594,2
3328,99.84494400000303,99.87494400000303,1546,1
3329,99.87494400000303,99.90494400000303,1604,1
3330,99.90494400000303,99.93494400000303,1469,1
3331,99.93494400000303,99.96494400000303,1491,1
3332,99.96494400000303,99.99494400000303,1451,1
3333,99.99494400000303,100.02494400000303,1573,1
3334,100.02494400000303,100.05494400000303,1447,1
3335,100.05494400000303,100.08494400000303,1439,2
3336,100.08494400000303,100.11494400000304,1406,1
3337,100.11494400000304,100.14494400000304,1403,1
3338,100.14494400000304,100.17494400000304,1390,1
3339,100.17494400000304,100.20494400000304,1352,1
3340,100.20494400000304,100.23494400000304,1314,1
3341,100.23494400000304,100.26494400000304,1418,1
3342,100.26494400000304,100.29494400000304,1367,1
3343,100.29494400000304,100.32494400000304,1369,3
3344,100.32494400000304,100.35494400000304,1356,2
3345,100.35494400000304,100.38494400000305,1360,2
3346,100.38494400000305,100.41494400000305,1334,1
3347,100.41494400000305,100.44494400000305,1301,1
3348,100.44494400000305,100.47494400000305,1289,1
3349,100.47494400000305,100.50494400000305,1258,2
3350,100.50494400000305,100.53494400000305,1061,2
3351,100.53494400000305,100.56494400000305,936,1
3352,100.56494400000305,100.59494400000305,981,1
3353,100.59494400000305,100.62494400000305,1211,1
3354,100.62494400000305,100.65494400000306,1190,1
3355,100.65494400000306,100.68494400000306,1264,1
3356,100.68494400000306,100.71494400000306,1234,1
3357,100.71494400000306,100.74494400000306,1175,1
3358,100.74494400000306,100.77494400000306,1238,1
3359,100.77494400000306,100.80494400000306,1274,1
3360,100.80494400000306,100.83494400000306,1177,1
3361,100.83494400000306,100.86494400000306,1177,1
3362,100.86494400000306,100.89494400000306,1127,1
3363,100.89494400000306,100.92494400000307,1220,1
3364,100.92494400000307,100.95494400000307,1195,1
3365,100.95494400000307,100.98494400000307,1228,1
3366,100.98494400000307,101.01494400000307,1211,1
3367,101.01494400000307,101.04494400000307,1216,2
3368,101.04494400000307,101.07494400000307,1106,1
3369,101.07494400000307,101.10494400000307,1129,1
3370,101.10494400000307,101.13494400000307,1117,1
3371,101.13494400000307,101.16494400000308,1176,1
3372,101.16494400000308,101.19494400000308,1103,1
3373,101.19494400000308,101.22494400000308,1052,2
3374,101.22494400000308,101.25494400000308,1076,1
3375,101.25494400000308,101.28494400000308,999,1
3376,101.28494400000308,101.31494400000308,1060,1
3377,101.31494400000308,101.34494400000308,1000,1
3378,101.34494400000308,101.37494400000308,1067,1
3379,101.37494400000308,101.40494400000308,1107,1
3380,101.40494400000308,101.43494400000309,1140,1
3381,101.43494400000309,101.46494400000309,1206,1
3382,101.46494400000309,101.49494400000309,1235,2
3383,101.49494400000309,101.52494400000309,1195,1
3384,101.52494400000309,101.55494400000309,1239,1
3385,101.55494400000309,101.58494400000309,1235,1
3386,101.58494400000309,101.61494400000309,1156,1
3387,101.61494400000309,101.6449440000031,1198,1
3388,101.6449440000031,101.6749440000031,1182,2
3389,101.6749440000031,101.7049440000031,1118,1
3390,101.7049440000031,101.7349440000031,1167,2
3391,101.7349440000031,101.7649440000031,1145,1
3392,101.7649440000031,101.7949440000031,1156,1
3393,101.7949440000031,101.8249440000031,1088,0
3394,101.8249440000031,101.8549440000031,965,0
3395,101.8549440000031,101.8849440000031,960,1
3396,101.8849440000031,101.9149440000031,909,0
3397,101.9149440000031,101.9449440000031,791,1
3398,101.9449440000031,101.9749440000031,738,0
3399,101.9749440000031,102.0049440000031,697,1
3400,102.0049440000031,102.03494400000311,844,0
3401,102.03494400000311,102.06494400000311,916,1
3402,102.06494400000311,102.09494400000311,1016,1
3403,102.09494400000311,102.12494400000311,1175,1
3404,102.12494400000311,102.15494400000311,1156,1
3405,102.15494400000311,102.18494400000311,1230,2
3406,102.18494400000311,102.21494400000311,1180,1
3407,102.21494400000311,102.24494400000312,1262,2
3408,102.24494400000312,102.27494400000312,1192,1
3409,102.27494400000312,102.30494400000312,1197,0
3410,102.30494400000312,102.33494400000312,1338,1
3411,102.33494400000312,102.36494400000312,1329,1
3412,102.36494400000312,102.39494400000312,1431,1
3413,102.39494400000312,102.42494400000312,1501,1
3414,102.42494400000312,102.45494400000312,1621,1
3415,102.45494400000312,102.48494400000313,1743,1
3416,102.48494400000313,102.51494400000313,1829,1
3417,102.51494400000313,102.54494400000313,1913,1
3418,102.54494400000313,102.57494400000313,2012,1
3419,102.57494400000313,102.60494400000313,2228,1
3420,102.60494400000313,102.63494400000313,2388,2
3421,102.63494400000313,102.66494400000313,2679,1
3422,102.66494400000313,102.69494400000313,2801,2
3423,102.69494400000313,102.72494400000313,2892,2
3424,102.72494400000313,102.75494400000314,3017,2
3425,102.75494400000314,102.78494400000314,3074,1
3426,102.78494400000314,102.81494400000314,3153,1
3427,102.81494400000314,102.84494400000314,3265,1
3428,102.84494400000314,102.87494400000314,3323,1
3429,102.87494400000314,102.90494400000314,3611,0
3430,102.90494400000314,102.93494400000314,3900,1
3431,102.93494400000314,102.96494400000314,4004,1
3432,102.96494400000314,102.99494400000314,4112,1
3433,102.99494400000314,103.02494400000315,4184,1
3434,103.02494400000315,103.05494400000315,4291,1
3435,103.05494400000315,103.08494400000315,4452,1
3436,103.08494400000315,103.11494400000315,4562,1
3437,103.11494400000315,103.14494400000315,5096,1
3438,103.14494400000315,103.17494400000315,5273,1
3439,103.17494400000315,103.20494400000315,5187,1
3440,103.20494400000315,103.23494400000315,5630,0
3441,103.23494400000315,103.26494400000315,6346,0
3442,103.26494400000315,103.29494400000316,6753,0
3443,103.29494400000316,103.32494400000316,7306,0
3444,103.32494400000316,103.35494400000316,7646,0
3445,103.35494400000316,103.38494400000316,7076,0
3446,103.38494400000316,103.41494400000316,6681,2
3447,103.41494400000316,103.44494400000316,4080,1
3448,103.44494400000316,103.47494400000316,1042,0
3449,103.47494400000316,103.50494400000316,887,0
3450,103.50494400000316,103.53494400000316,859,0
3451,103.53494400000316,103.56494400000317,834,0
3452,103.56494400000317,103.59494400000317,829,1
3453,103.59494400000317,103.62494400000317,820,1
3454,103.62494400000317,103.65494400000317,857,0
3455,103.65494400000317,103.68494400000317,800,0
3456,103.68494400000317,103.71494400000317,796,1
3457,103.71494400000317,103.74494400000317,788,1
3458,103.74494400000317,103.77494400000317,712,0
3459,103.77494400000317,103.80494400000318,720,1
3460,103.80494400000318,103.83494400000318,759,0
3461,103.83494400000318,103.86494400000318,734,0
3462,103.86494400000318,103.89494400000318,722,0
3463,103.89494400000318,103.92494400000318,677,0
3464,103.92494400000318,103.95494400000318,741,0
3465,103.95494400000318,103.98494400000318,744,0
3466,103.98494400000318,104.01494400000318,781,1
3467,104.01494400000318,104.04494400000318,683,0
3468,104.04494400000318,104.07494400000319,701,0
3469,104.07494400000319,104.10494400000319,693,0
3470,104.10494400000319,104.13494400000319,705,0
3471,104.13494400000319,104.16494400000319,735,0
3472,104.16494400000319,104.19494400000319,791,0
3473,104.19494400000319,104.22494400000319,670,0
3474,104.22494400000319,104.25494400000319,714,0
3475,104.25494400000319,104.2849440000032,732,0
3476,104.2849440000032,104.3149440000032,761,0
3477,104.3149440000032,104.3449440000032,719,1
3478,104.3449440000032,104.3749440000032,737,0
3479,104.3749440000032,104.4049440000032,720,0
3480,104.4049440000032,104.4349440000032,755,1
3481,104.4349440000032,104.4649440000032,737,0
3482,104.4649440000032,104.4949440000032,704,1
3483,104.4949440000032,104.5249440000032,715,1
3484,104.5249440000032,104.5549440000032,739,0
3485,104.5549440000032,104.5849440000032,739,0
3486,104.5849440000032,104.6149440000032,683,1
3487,104.6149440000032,104.6449440000032,713,0
3488,104.6449440000032,104.67494400000321,714,0
3489,104.67494400000321,104.70494400000321,713,0
3490,104.70494400000321,104.73494400000321,784,0
3491,104.73494400000321,104.76494400000321,718,0
3492,104.76494400000321,104.79494400000321,664,0
3493,104.79494400000321,104.82494400000321,679,0
3494,104.82494400000321,104.85494400000321,758,2
3495,104.85494400000321,104.88494400000322,736,1
3496,104.88494400000322,104.91494400000322,680,0
3497,104.91494400000322,104.94494400000322,713,0
3498,104.94494400000322,104.97494400000322,718,0
3499,104.97494400000322,105.00494400000322,675,1
3500,105.00494400000322,105.03494400000322,701,1
3501,105.03494400000322,105.06494400000322,698,0
3502,105.06494400000322,105.09494400000322,732,0
3503,105.09494400000322,105.12494400000323,715,1
3504,105.12494400000323,105.15494400000323,757,2
3505,105.15494400000323,105.18494400000323,638,1
3506,105.18494400000323,105.21494400000323,686,1
3507,105.21494400000323,105.24494400000323,726,1
3508,105.24494400000323,105.27494400000323,1377,1
3509,105.27494400000323,105.30494400000323,3503,3
3510,105.30494400000323,105.33494400000323,4090,1
3511,105.33494400000323,105.36494400000323,4294,1
3512,105.36494400000323,105.39494400000324,4545,1
3513,105.39494400000324,105.42494400000324,4624,1
3514,105.42494400000324,105.45494400000324,4373,1
3515,105.45494400000324,105.48494400000324,4212,1
3516,105.48494400000324,105.51494400000324,4227,1
3517,105.51494400000324,105.54494400000324,4060,1
3518,105.54494400000324,105.57494400000324,4001,1
3519,105.57494400000324,105.60494400000324,3712,1
3520,105.60494400000324,105.63494400000324,3630,1
3521,105.63494400000324,105.66494400000325,3655,1
3522,105.66494400000325,105.69494400000325,3679,2
3523,105.69494400000325,105.72494400000325,3518,1
3524,105.72494400000325,105.75494400000325,3404,2
3525,105.75494400000325,105.78494400000325,3295,1
3526,105.78494400000325,105.81494400000325,2895,0
3527,105.81494400000325,105.84494400000325,2818,1
3528,105.84494400000325,105.87494400000325,2771,1
3529,105.87494400000325,105.90494400000325,2789,2
3530,105.90494400000325,105.93494400000326,2725,1
3531,105.93494400000326,105.96494400000326,2682,2
3532,105.96494400000326,105.99494400000326,2622,2
3533,105.99494400000326,106.02494400000326,2582,2
3534,106.02494400000326,106.05494400000326,2310,1
3535,106.05494400000326,106.08494400000326,2396,2
3536,106.08494400000326,106.11494400000326,2324,1
3537,106.11494400000326,106.14494400000326,2256,1
3538,106.14494400000326,106.17494400000326,2231,2
3539,106.17494400000326,106.20494400000327,2055,1
3540,106.20494400000327,106.23494400000327,2045,1
3541,106.23494400000327,106.26494400000327,1936,1
3542,106.26494400000327,106.29494400000327,1878,1
3543,106.29494400000327,106.32494400000327,1763,1
3544,106.32494400000327,106.35494400000327,1791,1
3545,106.35494400000327,106.38494400000327,1726,2
3546,106.38494400000327,106.41494400000327,1726,1
3547,106.41494400000327,106.44494400000328,1666,2
3548,106.44494400000328,106.47494400000328,1647,1
3549,106.47494400000328,106.50494400000328,1568,1
3550,106.50494400000328,106.53494400000328,1621,1
3551,106.53494400000328,106.56494400000328,1449,1
3552,106.56494400000328,106.59494400000328,1440,2
3553,106.59494400000328,106.62494400000328,1388,0
3554,106.62494400000328,106.65494400000328,1339,1
3555,106.65494400000328,106.68494400000328,1302,1
3556,106.68494400000328,106.71494400000329,1280,1
3557,106.71494400000329,106.74494400000329,1148,2
3558,106.74494400000329,106.77494400000329,1160,1
3559,106.77494400000329,106.80494400000329,1203,1
3560,106.80494400000329,106.83494400000329,1139,1
3561,106.83494400000329,106.86494400000329,1096,1
3562,106.86494400000329,106.89494400000329,1022,0
3563,106.89494400000329,106.9249440000033,944,1
3564,106.9249440000033,106.9549440000033,939,0
3565,106.9549440000033,106.9849440000033,831,0
3566,106.9849440000033,107.0149440000033,789,0
3567,107.0149440000033,107.0449440000033,847,1
3568,107.0449440000033,107.0749440000033,880,1
3569,107.0749440000033,107.1049440000033,988,0
3570,107.1049440000033,107.1349440000033,1018,0
3571,107.1349440000033,107.1649440000033,1147,1
3572,107.1649440000033,107.1949440000033,1177,1
3573,107.1949440000033,107.2249440000033,1186,1
3574,107.2249440000033,107.2549440000033,1136,1
3575,107.2549440000033,107.2849440000033,1110,1
3576,107.2849440000033,107.31494400000331,1167,1
3577,107.31494400000331,107.34494400000331,1257,2
3578,107.34494400000331,107.37494400000331,1292,2
3579,107.37494400000331,107.40494400000331,1311,2
3580,107.40494400000331,107.43494400000331,1281,1
3581,107.43494400000331,107.46494400000331,1264,1
3582,107.46494400000331,107.49494400000331,1234,1
3583,107.49494400000331,107.52494400000332,1213,1
3584,107.52494400000332,107.55494400000332,1240,1
3585,107.55494400000332,107.58494400000332,1219,2
3586,107.58494400000332,107.61494400000332,1240,2
3587,107.61494400000332,107.64494400000332,1304,1
3588,107.64494400000332,107.67494400000332,1180,0
3589,107.67494400000332,107.70494400000332,1245,1
3590,107.70494400000332,107.73494400000332,1257,1
3591,107.73494400000332,107.76494400000333,1300,1
3592,107.76494400000333,107.79494400000333,1325,1
3593,107.79494400000333,107.82494400000333,1317,1
3594,107.82494400000333,107.85494400000333,1370,1
3595,107.85494400000333,107.88494400000333,1327,1
3596,107.88494400000333,107.91494400000333,1278,1
3597,107.91494400000333,107.94494400000333,1304,1
3598,107.94494400000333,107.97494400000333,1335,1
3599,107.97494400000333,108.00494400000333,1331,1
3600,108.00494400000333,108.03494400000334,1341,2
3601,108.03494400000334,108.06494400000334,1338,1
3602,108.06494400000334,108.09494400000334,1323,2
3603,108.09494400000334,108.12494400000334,1325,1
3604,108.12494400000334,108.15494400000334,1340,1
3605,108.15494400000334,108.18494400000334,1333,1
3606,108.18494400000334,108.21494400000334,1423,2
3607,108.21494400000334,108.24494400000334,1402,1
3608,108.24494400000334,108.27494400000334,1371,1
3609,108.27494400000334,108.30494400000335,1355,1
3610,108.30494400000335,108.33494400000335,1188,1
3611,108.33494400000335,108.36494400000335,954,1
3612,108.36494400000335,108.39494400000335,1019,1
3613,108.39494400000335,108.42494400000335,1232,1
3614,108.42494400000335,108.45494400000335,1360,1
3615,108.45494400000335,108.48494400000335,1316,1
3616,108.48494400000335,108.51494400000335,1375,1
3617,108.51494400000335,108.54494400000335,1361,1
3618,108.54494400000335,108.57494400000336,1339,1
3619,108.57494400000336,108.60494400000336,1330,0
3620,108.60494400000336,108.63494400000336,1355,1
3621,108.63494400000336,108.66494400000336,1428,1
3622,108.66494400000336,108.69494400000336,1402,1
3623,108.69494400000336,108.72494400000336,1396,1
3624,108.72494400000336,108.75494400000336,1355,1
3625,108.75494400000336,108.78494400000336,1385,1
3626,108.78494400000336,108.81494400000336,1392,3
3627,108.81494400000336,108.84494400000337,1419,1
3628,108.84494400000337,108.87494400000337,1362,1
3629,108.87494400000337,108.90494400000337,1401,2
3630,108.90494400000337,108.93494400000337,1397,1
3631,108.93494400000337,108.96494400000337,1352,1
3632,108.96494400000337,108.99494400000337,1369,1
3633,108.99494400000337,109.02494400000337,1481,1
3634,109.02494400000337,109.05494400000337,1411,1
3635,109.05494400000337,109.08494400000338,1456,1
3636,109.08494400000338,109.11494400000338,1433,1
3637,109.11494400000338,109.14494400000338,1424,1
3638,109.14494400000338,109.17494400000338,1353,1
3639,109.17494400000338,109.20494400000338,1333,1
3640,109.20494400000338,109.23494400000338,1381,1
3641,109.23494400000338,109.26494400000338,1377,1
3642,109.26494400000338,109.29494400000338,1311,1
3643,109.29494400000338,109.32494400000338,1308,1
3644,109.32494400000338,109.35494400000339,1228,1
3645,109.35494400000339,109.38494400000339,1208,1
3646,109.38494400000339,109.41494400000339,1152,2
3647,109.41494400000339,109.44494400000339,1171,1
3648,109.44494400000339,109.47494400000339,1171,2
3649,109.47494400000339,109.50494400000339,1194,1
3650,109.50494400000339,109.53494400000339,1232,1
3651,109.53494400000339,109.5649440000034,1166,1
3652,109.5649440000034,109.5949440000034,1095,1
3653,109.5949440000034,109.6249440000034,1042,1
3654,109.6249440000034,109.6549440000034,1066,1
3655,109.6549440000034,109.6849440000034,1035,1
3656,109.6849440000034,109.7149440000034,985,1
3657,109.7149440000034,109.7449440000034,1083,2
3658,109.7449440000034,109.7749440000034,969,1
3659,109.7749440000034,109.8049440000034,1016,1
3660,109.8049440000034,109.8349440000034,990,1
3661,109.8349440000034,109.8649440000034,978,0
3662,109.8649440000034,109.8949440000034,941,2
3663,109.8949440000034,109.9249440000034,924,1
3664,109.9249440000034,109.95494400000341,895,1
3665,109.95494400000341,109.98494400000341,857,0
3666,109.98494400000341,110.01494400000341,899,0
3667,110.01494400000341,110.04494400000341,869,0
3668,110.04494400000341,110.07494400000341,900,1
3669,110.07494400000341,110.10494400000341,920,1
3670,110.10494400000341,110.13494400000341,925,0
3671,110.13494400000341,110.16494400000342,886,2
3672,110.16494400000342,110.19494400000342,966,0
3673,110.19494400000342,110.22494400000342,1066,1
3674,110.22494400000342,110.25494400000342,1095,1
3675,110.25494400000342,110.28494400000342,1210,1
3676,110.28494400000342,110.31494400000342,1202,2
3677,110.31494400000342,110.34494400000342,1316,1
3678,110.34494400000342,110.37494400000342,1377,1
3679,110.37494400000342,110.40494400000343,1451,1
3680,110.40494400000343,110.43494400000343,1524,1
3681,110.43494400000343,110.46494400000343,1517,1
3682,110.46494400000343,110.49494400000343,1582,2
3683,110.49494400000343,110.52494400000343,1596,1
3684,110.52494400000343,110.55494400000343,1621,1
3685,110.55494400000343,110.58494400000343,1596,1
3686,110.58494400000343,110.61494400000343,1620,1
3687,110.61494400000343,110.64494400000343,1729,1
3688,110.64494400000343,110.67494400000344,1669,2
3689,110.67494400000344,110.70494400000344,1625,1
3690,110.70494400000344,110.73494400000344,1543,1
3691,110.73494400000344,110.76494400000344,1590,1
3692,110.76494400000344,110.79494400000344,1581,2
3693,110.79494400000344,110.82494400000344,1528,3
3694,110.82494400000344,110.85494400000344,1498,1
3695,110.85494400000344,110.88494400000344,1699,2
3696,110.88494400000344,110.91494400000344,1766,1
3697,110.91494400000344,110.94494400000345,1763,2
3698,110.94494400000345,110.97494400000345,1797,1
3699,110.97494400000345,111.00494400000345,1886,1
3700,111.00494400000345,111.03494400000345,1974,1
3701,111.03494400000345,111.06494400000345,1899,1
3702,111.06494400000345,111.09494400000345,1778,1
3703,111.09494400000345,111.12494400000345,1815,1
3704,111.12494400000345,111.15494400000345,1823,1
3705,111.15494400000345,111.18494400000345,1730,1
3706,111.18494400000345,111.21494400000346,1756,1
3707,111.21494400000346,111.24494400000346,1744,1
3708,111.24494400000346,111.27494400000346,1742,1
3709,111.27494400000346,111.30494400000346,1690,1
3710,111.30494400000346,111.33494400000346,1656,1
3711,111.33494400000346,111.36494400000346,1735,1
3712,111.36494400000346,111.39494400000346,1689,2
3713,111.39494400000346,111.42494400000346,1725,2
3714,111.42494400000346,111.45494400000347,1639,1
3715,111.45494400000347,111.48494400000347,1696,1
3716,111.48494400000347,111.51494400000347,1672,1
3717,111.51494400000347,111.54494400000347,1593,2
3718,111.54494400000347,111.57494400000347,1503,2
3719,111.57494400000347,111.60494400000347,1454,2
3720,111.60494400000347,111.63494400000347,1476,1
3721,111.63494400000347,111.66494400000347,1431,1
3722,111.66494400000347,111.69494400000347,1448,0
3723,111.69494400000347,111.72494400000348,1376,0
3724,111.72494400000348,111.75494400000348,1402,1
3725,111.75494400000348,111.78494400000348,1372,2
3726,111.78494400000348,111.81494400000348,1369,1
3727,111.81494400000348,111.84494400000348,1318,2
3728,111.84494400000348,111.87494400000348,1358,2
3729,111.87494400000348,111.90494400000348,1322,0
3730,111.90494400000348,111.93494400000348,1329,1
3731,111.93494400000348,111.96494400000348,1443,1
3732,111.96494400000348,111.99494400000349,1530,1
3733,111.99494400000349,112.02494400000349,1613,2
3734,112.02494400000349,112.05494400000349,1635,1
3735,112.05494400000349,112.08494400000349,1757,2
3736,112.08494400000349,112.11494400000349,1773,1
3737,112.11494400000349,112.14494400000349,1886,1
3738,112.14494400000349,112.17494400000349,2016,1
3739,112.17494400000349,112.2049440000035,2154,1
3740,112.2049440000035,112.2349440000035,2228,2
3741,112.2349440000035,112.2649440000035,2345,1
3742,112.2649440000035,112.2949440000035,2367,1
3743,112.2949440000035,112.3249440000035,2416,1
3744,112.3249440000035,112.3549440000035,2476,2
3745,112.3549440000035,112.3849440000035,2570,1
3746,112.3849440000035,112.4149440000035,2697,1
3747,112.4149440000035,112.4449440000035,2585,1
3748,112.4449440000035,112.4749440000035,2656,1
3749,112.4749440000035,112.5049440000035,2846,1
3750,112.5049440000035,112.5349440000035,2677,1
3751,112.5349440000035,112.5649440000035,2170,2
3752,112.5649440000035,112.59494400000351,1488,1
3753,112.59494400000351,112.62494400000351,911,1
3754,112.62494400000351,112.65494400000351,788,0
3755,112.65494400000351,112.68494400000351,779,0
3756,112.68494400000351,112.698865,318,0
