frame,source_time_of_day_sec,source_filename
0,69269.588576,20/RGB/Video_20_19_14_29.588576.jpg
1,69269.62191,20/RGB/Video_20_19_14_29.621910.jpg
2,69269.655244,20/RGB/Video_20_19_14_29.655244.jpg
3,69269.688578,20/RGB/Video_20_19_14_29.688578.jpg
4,69269.721915,20/RGB/Video_20_19_14_29.721915.jpg
5,69269.755246,20/RGB/Video_20_19_14_29.755246.jpg
6,69269.78858,20/RGB/Video_20_19_14_29.788580.jpg
7,69269.821914,20/RGB/Video_20_19_14_29.821914.jpg
8,69269.855248,20/RGB/Video_20_19_14_29.855248.jpg
9,69269.888585,20/RGB/Video_20_19_14_29.888585.jpg
10,69269.921916,20/RGB/Video_20_19_14_29.921916.jpg
11,69269.955253,20/RGB/Video_20_19_14_29.955253.jpg
12,69269.988584,20/RGB/Video_20_19_14_29.988584.jpg
13,69270.021917,20/RGB/Video_20_19_14_30.021917.jpg
14,69270.055252,20/RGB/Video_20_19_14_30.055252.jpg
15,69270.088586,20/RGB/Video_20_19_14_30.088586.jpg
16,69270.12192,20/RGB/Video_20_19_14_30.121920.jpg
17,69270.155254,20/RGB/Video_20_19_14_30.155254.jpg
18,69270.188588,20/RGB/Video_20_19_14_30.188588.jpg
19,69270.221921,20/RGB/Video_20_19_14_30.221921.jpg
20,69270.255256,20/RGB/Video_20_19_14_30.255256.jpg
21,69270.289176,20/RGB/Video_20_19_14_30.289176.jpg
22,69270.322511,20/RGB/Video_20_19_14_30.322511.jpg
23,69270.355845,20/RGB/Video_20_19_14_30.355845.jpg
24,69270.389179,20/RGB/Video_20_19_14_30.389179.jpg
25,69270.422513,20/RGB/Video_20_19_14_30.422513.jpg
26,69270.455846,20/RGB/Video_20_19_14_30.455846.jpg
27,69270.48918,20/RGB/Video_20_19_14_30.489180.jpg
28,69270.522515,20/RGB/Video_20_19_14_30.522515.jpg
29,69270.555849,20/RGB/Video_20_19_14_30.555849.jpg
30,69270.589183,20/RGB/Video_20_19_14_30.589183.jpg
31,69270.622517,20/RGB/Video_20_19_14_30.622517.jpg
32,69270.655851,20/RGB/Video_20_19_14_30.655851.jpg
33,69270.689184,20/RGB/Video_20_19_14_30.689184.jpg
34,69270.722519,20/RGB/Video_20_19_14_30.722519.jpg
35,69270.755853,20/RGB/Video_20_19_14_30.755853.jpg
36,69270.789187,20/RGB/Video_20_19_14_30.789187.jpg
37,69270.822521,20/RGB/Video_20_19_14_30.822521.jpg
38,69270.855854,20/RGB/Video_20_19_14_30.855854.jpg
39,69270.889188,20/RGB/Video_20_19_14_30.889188.jpg
40,69270.922523,20/RGB/Video_20_19_14_30.922523.jpg
41,69270.955862,20/RGB/Video_20_19_14_30.955862.jpg
42,69270.989196,20/RGB/Video_20_19_14_30.989196.jpg
43,69271.022529,20/RGB/Video_20_19_14_31.022529.jpg
44,69271.055863,20/RGB/Video_20_19_14_31.055863.jpg
45,69271.089198,20/RGB/Video_20_19_14_31.089198.jpg
46,69271.122532,20/RGB/Video_20_19_14_31.122532.jpg
47,69271.155866,20/RGB/Video_20_19_14_31.155866.jpg
48,69271.1892,20/RGB/Video_20_19_14_31.189200.jpg
49,69271.222534,20/RGB/Video_20_19_14_31.222534.jpg
50,69271.255868,20/RGB/Video_20_19_14_31.255868.jpg
51,69271.289202,20/RGB/Video_20_19_14_31.289202.jpg
52,69271.322536,20/RGB/Video_20_19_14_31.322536.jpg
53,69271.35587,20/RGB/Video_20_19_14_31.355870.jpg
54,69271.389204,20/RGB/Video_20_19_14_31.389204.jpg
55,69271.422538,20/RGB/Video_20_19_14_31.422538.jpg
56,69271.455872,20/RGB/Video_20_19_14_31.455872.jpg
57,69271.489205,20/RGB/Video_20_19_14_31.489205.jpg
58,69271.522542,20/RGB/Video_20_19_14_31.522542.jpg
59,69271.555876,20/RGB/Video_20_19_14_31.555876.jpg
60,69271.589208,20/RGB/Video_20_19_14_31.589208.jpg
61,69271.622542,20/RGB/Video_20_19_14_31.622542.jpg
62,69271.655878,20/RGB/Video_20_19_14_31.655878.jpg
63,69271.68921,20/RGB/Video_20_19_14_31.689210.jpg
64,69271.722544,20/RGB/Video_20_19_14_31.722544.jpg
65,69271.755878,20/RGB/Video_20_19_14_31.755878.jpg
66,69271.789212,20/RGB/Video_20_19_14_31.789212.jpg
67,69271.822545,20/RGB/Video_20_19_14_31.822545.jpg
68,69271.855883,20/RGB/Video_20_19_14_31.855883.jpg
69,69271.889214,20/RGB/Video_20_19_14_31.889214.jpg
70,69271.922548,20/RGB/Video_20_19_14_31.922548.jpg
71,69271.955881,20/RGB/Video_20_19_14_31.955881.jpg
72,69271.989215,20/RGB/Video_20_19_14_31.989215.jpg
73,69272.02255,20/RGB/Video_20_19_14_32.022550.jpg
74,69272.055884,20/RGB/Video_20_19_14_32.055884.jpg
75,69272.089218,20/RGB/Video_20_19_14_32.089218.jpg
76,69272.122554,20/RGB/Video_20_19_14_32.122554.jpg
77,69272.155886,20/RGB/Video_20_19_14_32.155886.jpg
78,69272.18922,20/RGB/Video_20_19_14_32.189220.jpg
79,69272.222554,20/RGB/Video_20_19_14_32.222554.jpg
80,69272.255888,20/RGB/Video_20_19_14_32.255888.jpg
81,69272.289222,20/RGB/Video_20_19_14_32.289222.jpg
82,69272.322556,20/RGB/Video_20_19_14_32.322556.jpg
83,69272.35589,20/RGB/Video_20_19_14_32.355890.jpg
84,69272.389224,20/RGB/Video_20_19_14_32.389224.jpg
85,69272.42256,20/RGB/Video_20_19_14_32.422560.jpg
86,69272.455894,20/RGB/Video_20_19_14_32.455894.jpg
87,69272.489226,20/RGB/Video_20_19_14_32.489226.jpg
88,69272.52256,20/RGB/Video_20_19_14_32.522560.jpg
89,69272.555894,20/RGB/Video_20_19_14_32.555894.jpg
90,69272.589228,20/RGB/Video_20_19_14_32.589228.jpg
91,69272.622562,20/RGB/Video_20_19_14_32.622562.jpg
92,69272.655896,20/RGB/Video_20_19_14_32.655896.jpg
93,69272.68923,20/RGB/Video_20_19_14_32.689230.jpg
94,69272.722566,20/RGB/Video_20_19_14_32.722566.jpg
95,69272.755898,20/RGB/Video_20_19_14_32.755898.jpg
96,69272.789233,20/RGB/Video_20_19_14_32.789233.jpg
97,69272.822566,20/RGB/Video_20_19_14_32.822566.jpg
98,69272.855899,20/RGB/Video_20_19_14_32.855899.jpg
99,69272.889234,20/RGB/Video_20_19_14_32.889234.jpg
100,69272.922568,20/RGB/Video_20_19_14_32.922568.jpg
101,69272.955902,20/RGB/Video_20_19_14_32.955902.jpg
102,69272.989239,20/RGB/Video_20_19_14_32.989239.jpg
103,69273.022569,20/RGB/Video_20_19_14_33.022569.jpg
104,69273.055904,20/RGB/Video_20_19_14_33.055904.jpg
105,69273.089238,20/RGB/Video_20_19_14_33.089238.jpg
106,69273.122572,20/RGB/Video_20_19_14_33.122572.jpg
107,69273.155908,20/RGB/Video_20_19_14_33.155908.jpg
108,69273.18924,20/RGB/Video_20_19_14_33.189240.jpg
109,69273.222574,20/RGB/Video_20_19_14_33.222574.jpg
110,69273.255907,20/RGB/Video_20_19_14_33.255907.jpg
111,69273.289242,20/RGB/Video_20_19_14_33.289242.jpg
112,69273.322578,20/RGB/Video_20_19_14_33.322578.jpg
113,69273.355917,20/RGB/Video_20_19_14_33.355917.jpg
114,69273.389252,20/RGB/Video_20_19_14_33.389252.jpg
115,69273.422587,20/RGB/Video_20_19_14_33.422587.jpg
116,69273.45592,20/RGB/Video_20_19_14_33.455920.jpg
117,69273.489299,20/RGB/Video_20_19_14_33.489299.jpg
118,69273.522633,20/RGB/Video_20_19_14_33.522633.jpg
119,69273.555968,20/RGB/Video_20_19_14_33.555968.jpg
120,69273.589302,20/RGB/Video_20_19_14_33.589302.jpg
121,69273.622635,20/RGB/Video_20_19_14_33.622635.jpg
122,69273.65597,20/RGB/Video_20_19_14_33.655970.jpg
123,69273.689304,20/RGB/Video_20_19_14_33.689304.jpg
124,69273.722638,20/RGB/Video_20_19_14_33.722638.jpg
125,69273.755974,20/RGB/Video_20_19_14_33.755974.jpg
126,69273.789305,20/RGB/Video_20_19_14_33.789305.jpg
127,69273.82264,20/RGB/Video_20_19_14_33.822640.jpg
128,69273.855974,20/RGB/Video_20_19_14_33.855974.jpg
129,69273.889308,20/RGB/Video_20_19_14_33.889308.jpg
130,69273.922642,20/RGB/Video_20_19_14_33.922642.jpg
131,69273.955976,20/RGB/Video_20_19_14_33.955976.jpg
132,69273.98931,20/RGB/Video_20_19_14_33.989310.jpg
133,69274.022643,20/RGB/Video_20_19_14_34.022643.jpg
134,69274.055978,20/RGB/Video_20_19_14_34.055978.jpg
135,69274.089311,20/RGB/Video_20_19_14_34.089311.jpg
136,69274.122646,20/RGB/Video_20_19_14_34.122646.jpg
137,69274.15598,20/RGB/Video_20_19_14_34.155980.jpg
138,69274.189327,20/RGB/Video_20_19_14_34.189327.jpg
139,69274.22266,20/RGB/Video_20_19_14_34.222660.jpg
140,69274.255995,20/RGB/Video_20_19_14_34.255995.jpg
141,69274.289329,20/RGB/Video_20_19_14_34.289329.jpg
142,69274.322663,20/RGB/Video_20_19_14_34.322663.jpg
143,69274.355997,20/RGB/Video_20_19_14_34.355997.jpg
144,69274.389331,20/RGB/Video_20_19_14_34.389331.jpg
145,69274.422667,20/RGB/Video_20_19_14_34.422667.jpg
146,69274.456002,20/RGB/Video_20_19_14_34.456002.jpg
147,69274.489335,20/RGB/Video_20_19_14_34.489335.jpg
148,69274.522667,20/RGB/Video_20_19_14_34.522667.jpg
149,69274.556001,20/RGB/Video_20_19_14_34.556001.jpg
150,69274.589337,20/RGB/Video_20_19_14_34.589337.jpg
151,69274.622669,20/RGB/Video_20_19_14_34.622669.jpg
152,69274.656006,20/RGB/Video_20_19_14_34.656006.jpg
153,69274.689336,20/RGB/Video_20_19_14_34.689336.jpg
154,69274.722673,20/RGB/Video_20_19_14_34.722673.jpg
155,69274.756007,20/RGB/Video_20_19_14_34.756007.jpg
156,69274.789342,20/RGB/Video_20_19_14_34.789342.jpg
157,69274.822673,20/RGB/Video_20_19_14_34.822673.jpg
158,69274.856009,20/RGB/Video_20_19_14_34.856009.jpg
159,69274.889341,20/RGB/Video_20_19_14_34.889341.jpg
160,69274.922675,20/RGB/Video_20_19_14_34.922675.jpg
161,69274.956011,20/RGB/Video_20_19_14_34.956011.jpg
162,69274.989345,20/RGB/Video_20_19_14_34.989345.jpg
163,69275.022677,20/RGB/Video_20_19_14_35.022677.jpg
164,69275.056011,20/RGB/Video_20_19_14_35.056011.jpg
165,69275.089345,20/RGB/Video_20_19_14_35.089345.jpg
166,69275.122679,20/RGB/Video_20_19_14_35.122679.jpg
167,69275.156014,20/RGB/Video_20_19_14_35.156014.jpg
168,69275.189347,20/RGB/Video_20_19_14_35.189347.jpg
169,69275.222682,20/RGB/Video_20_19_14_35.222682.jpg
170,69275.256018,20/RGB/Video_20_19_14_35.256018.jpg
171,69275.289352,20/RGB/Video_20_19_14_35.289352.jpg
172,69275.322684,20/RGB/Video_20_19_14_35.322684.jpg
173,69275.356021,20/RGB/Video_20_19_14_35.356021.jpg
174,69275.389352,20/RGB/Video_20_19_14_35.389352.jpg
175,69275.422686,20/RGB/Video_20_19_14_35.422686.jpg
176,69275.456023,20/RGB/Video_20_19_14_35.456023.jpg
177,69275.489359,20/RGB/Video_20_19_14_35.489359.jpg
178,69275.522691,20/RGB/Video_20_19_14_35.522691.jpg
179,69275.556025,20/RGB/Video_20_19_14_35.556025.jpg
180,69275.589359,20/RGB/Video_20_19_14_35.589359.jpg
181,69275.622696,20/RGB/Video_20_19_14_35.622696.jpg
182,69275.65603,20/RGB/Video_20_19_14_35.656030.jpg
183,69275.689362,20/RGB/Video_20_19_14_35.689362.jpg
184,69275.722696,20/RGB/Video_20_19_14_35.722696.jpg
185,69275.75603,20/RGB/Video_20_19_14_35.756030.jpg
186,69275.789366,20/RGB/Video_20_19_14_35.789366.jpg
187,69275.8227,20/RGB/Video_20_19_14_35.822700.jpg
188,69275.856034,20/RGB/Video_20_19_14_35.856034.jpg
189,69275.889366,20/RGB/Video_20_19_14_35.889366.jpg
190,69275.9227,20/RGB/Video_20_19_14_35.922700.jpg
191,69275.956033,20/RGB/Video_20_19_14_35.956033.jpg
192,69275.989368,20/RGB/Video_20_19_14_35.989368.jpg
193,69276.022702,20/RGB/Video_20_19_14_36.022702.jpg
194,69276.056035,20/RGB/Video_20_19_14_36.056035.jpg
195,69276.089372,20/RGB/Video_20_19_14_36.089372.jpg
196,69276.122706,20/RGB/Video_20_19_14_36.122706.jpg
197,69276.156038,20/RGB/Video_20_19_14_36.156038.jpg
198,69276.189371,20/RGB/Video_20_19_14_36.189371.jpg
199,69276.222706,20/RGB/Video_20_19_14_36.222706.jpg
200,69276.25604,20/RGB/Video_20_19_14_36.256040.jpg
201,69276.289374,20/RGB/Video_20_19_14_36.289374.jpg
202,69276.322708,20/RGB/Video_20_19_14_36.322708.jpg
203,69276.356042,20/RGB/Video_20_19_14_36.356042.jpg
204,69276.389376,20/RGB/Video_20_19_14_36.389376.jpg
205,69276.42271,20/RGB/Video_20_19_14_36.422710.jpg
206,69276.456044,20/RGB/Video_20_19_14_36.456044.jpg
207,69276.489378,20/RGB/Video_20_19_14_36.489378.jpg
208,69276.522712,20/RGB/Video_20_19_14_36.522712.jpg
209,69276.556046,20/RGB/Video_20_19_14_36.556046.jpg
210,69276.58938,20/RGB/Video_20_19_14_36.589380.jpg
211,69276.622713,20/RGB/Video_20_19_14_36.622713.jpg
212,69276.656047,20/RGB/Video_20_19_14_36.656047.jpg
213,69276.689382,20/RGB/Video_20_19_14_36.689382.jpg
214,69276.722716,20/RGB/Video_20_19_14_36.722716.jpg
215,69276.756056,20/RGB/Video_20_19_14_36.756056.jpg
216,69276.789394,20/RGB/Video_20_19_14_36.789394.jpg
217,69276.822724,20/RGB/Video_20_19_14_36.822724.jpg
218,69276.856058,20/RGB/Video_20_19_14_36.856058.jpg
219,69276.889393,20/RGB/Video_20_19_14_36.889393.jpg
220,69276.922727,20/RGB/Video_20_19_14_36.922727.jpg
221,69276.95606,20/RGB/Video_20_19_14_36.956060.jpg
222,69276.989395,20/RGB/Video_20_19_14_36.989395.jpg
223,69277.022729,20/RGB/Video_20_19_14_37.022729.jpg
224,69277.056063,20/RGB/Video_20_19_14_37.056063.jpg
225,69277.089397,20/RGB/Video_20_19_14_37.089397.jpg
226,69277.12273,20/RGB/Video_20_19_14_37.122730.jpg
227,69277.156064,20/RGB/Video_20_19_14_37.156064.jpg
228,69277.189398,20/RGB/Video_20_19_14_37.189398.jpg
229,69277.222732,20/RGB/Video_20_19_14_37.222732.jpg
230,69277.256067,20/RGB/Video_20_19_14_37.256067.jpg
231,69277.2894,20/RGB/Video_20_19_14_37.289400.jpg
232,69277.322735,20/RGB/Video_20_19_14_37.322735.jpg
233,69277.356069,20/RGB/Video_20_19_14_37.356069.jpg
234,69277.389403,20/RGB/Video_20_19_14_37.389403.jpg
235,69277.42274,20/RGB/Video_20_19_14_37.422740.jpg
236,69277.456071,20/RGB/Video_20_19_14_37.456071.jpg
237,69277.489405,20/RGB/Video_20_19_14_37.489405.jpg
238,69277.52273900001,20/RGB/Video_20_19_14_37.522739.jpg
239,69277.556073,20/RGB/Video_20_19_14_37.556073.jpg
240,69277.589406,20/RGB/Video_20_19_14_37.589406.jpg
241,69277.622741,20/RGB/Video_20_19_14_37.622741.jpg
242,69277.656075,20/RGB/Video_20_19_14_37.656075.jpg
243,69277.689409,20/RGB/Video_20_19_14_37.689409.jpg
244,69277.722746,20/RGB/Video_20_19_14_37.722746.jpg
245,69277.756077,20/RGB/Video_20_19_14_37.756077.jpg
246,69277.789411,20/RGB/Video_20_19_14_37.789411.jpg
247,69277.822748,20/RGB/Video_20_19_14_37.822748.jpg
248,69277.856081,20/RGB/Video_20_19_14_37.856081.jpg
249,69277.889413,20/RGB/Video_20_19_14_37.889413.jpg
250,69277.92275,20/RGB/Video_20_19_14_37.922750.jpg
251,69277.95608,20/RGB/Video_20_19_14_37.956080.jpg
252,69277.989415,20/RGB/Video_20_19_14_37.989415.jpg
253,69278.022752,20/RGB/Video_20_19_14_38.022752.jpg
254,69278.056083,20/RGB/Video_20_19_14_38.056083.jpg
255,69278.089416,20/RGB/Video_20_19_14_38.089416.jpg
256,69278.122753,20/RGB/Video_20_19_14_38.122753.jpg
257,69278.156085,20/RGB/Video_20_19_14_38.156085.jpg
258,69278.189419,20/RGB/Video_20_19_14_38.189419.jpg
259,69278.222753,20/RGB/Video_20_19_14_38.222753.jpg
260,69278.256087,20/RGB/Video_20_19_14_38.256087.jpg
261,69278.289423,20/RGB/Video_20_19_14_38.289423.jpg
262,69278.322755,20/RGB/Video_20_19_14_38.322755.jpg
263,69278.356089,20/RGB/Video_20_19_14_38.356089.jpg
264,69278.389422,20/RGB/Video_20_19_14_38.389422.jpg
265,69278.42276,20/RGB/Video_20_19_14_38.422760.jpg
266,69278.456091,20/RGB/Video_20_19_14_38.456091.jpg
267,69278.489425,20/RGB/Video_20_19_14_38.489425.jpg
268,69278.522761,20/RGB/Video_20_19_14_38.522761.jpg
269,69278.556093,20/RGB/Video_20_19_14_38.556093.jpg
270,69278.589426,20/RGB/Video_20_19_14_38.589426.jpg
271,69278.622761,20/RGB/Video_20_19_14_38.622761.jpg
272,69278.656095,20/RGB/Video_20_19_14_38.656095.jpg
273,69278.689431,20/RGB/Video_20_19_14_38.689431.jpg
274,69278.722765,20/RGB/Video_20_19_14_38.722765.jpg
275,69278.756096,20/RGB/Video_20_19_14_38.756096.jpg
276,69278.789431,20/RGB/Video_20_19_14_38.789431.jpg
277,69278.822765,20/RGB/Video_20_19_14_38.822765.jpg
278,69278.856101,20/RGB/Video_20_19_14_38.856101.jpg
279,69278.889432,20/RGB/Video_20_19_14_38.889432.jpg
280,69278.922767,20/RGB/Video_20_19_14_38.922767.jpg
281,69278.956101,20/RGB/Video_20_19_14_38.956101.jpg
282,69278.989437,20/RGB/Video_20_19_14_38.989437.jpg
283,69279.022769,20/RGB/Video_20_19_14_39.022769.jpg
284,69279.056105,20/RGB/Video_20_19_14_39.056105.jpg
285,69279.089439,20/RGB/Video_20_19_14_39.089439.jpg
286,69279.122771,20/RGB/Video_20_19_14_39.122771.jpg
287,69279.156105,20/RGB/Video_20_19_14_39.156105.jpg
288,69279.189438,20/RGB/Video_20_19_14_39.189438.jpg
289,69279.222773,20/RGB/Video_20_19_14_39.222773.jpg
290,69279.256109,20/RGB/Video_20_19_14_39.256109.jpg
291,69279.289443,20/RGB/Video_20_19_14_39.289443.jpg
292,69279.322775,20/RGB/Video_20_19_14_39.322775.jpg
293,69279.356109,20/RGB/Video_20_19_14_39.356109.jpg
294,69279.389446,20/RGB/Video_20_19_14_39.389446.jpg
295,69279.422777,20/RGB/Video_20_19_14_39.422777.jpg
296,69279.456111,20/RGB/Video_20_19_14_39.456111.jpg
297,69279.489445,20/RGB/Video_20_19_14_39.489445.jpg
298,69279.522779,20/RGB/Video_20_19_14_39.522779.jpg
299,69279.556113,20/RGB/Video_20_19_14_39.556113.jpg
300,69279.589447,20/RGB/Video_20_19_14_39.589447.jpg
301,69279.622781,20/RGB/Video_20_19_14_39.622781.jpg
302,69279.656117,20/RGB/Video_20_19_14_39.656117.jpg
303,69279.689449,20/RGB/Video_20_19_14_39.689449.jpg
304,69279.722783,20/RGB/Video_20_19_14_39.722783.jpg
305,69279.756116,20/RGB/Video_20_19_14_39.756116.jpg
306,69279.789452,20/RGB/Video_20_19_14_39.789452.jpg
307,69279.822785,20/RGB/Video_20_19_14_39.822785.jpg
308,69279.856119,20/RGB/Video_20_19_14_39.856119.jpg
309,69279.889453,20/RGB/Video_20_19_14_39.889453.jpg
310,69279.922787,20/RGB/Video_20_19_14_39.922787.jpg
311,69279.956121,20/RGB/Video_20_19_14_39.956121.jpg
312,69279.989458,20/RGB/Video_20_19_14_39.989458.jpg
313,69280.022789,20/RGB/Video_20_19_14_40.022789.jpg
314,69280.056123,20/RGB/Video_20_19_14_40.056123.jpg
315,69280.08946,20/RGB/Video_20_19_14_40.089460.jpg
316,69280.122972,20/RGB/Video_20_19_14_40.122972.jpg
317,69280.156306,20/RGB/Video_20_19_14_40.156306.jpg
318,69280.18964,20/RGB/Video_20_19_14_40.189640.jpg
319,69280.222974,20/RGB/Video_20_19_14_40.222974.jpg
320,69280.256308,20/RGB/Video_20_19_14_40.256308.jpg
321,69280.289642,20/RGB/Video_20_19_14_40.289642.jpg
322,69280.322976,20/RGB/Video_20_19_14_40.322976.jpg
323,69280.35631,20/RGB/Video_20_19_14_40.356310.jpg
324,69280.389643,20/RGB/Video_20_19_14_40.389643.jpg
325,69280.422977,20/RGB/Video_20_19_14_40.422977.jpg
326,69280.456311,20/RGB/Video_20_19_14_40.456311.jpg
327,69280.489645,20/RGB/Video_20_19_14_40.489645.jpg
328,69280.52298,20/RGB/Video_20_19_14_40.522980.jpg
329,69280.556314,20/RGB/Video_20_19_14_40.556314.jpg
330,69280.589648,20/RGB/Video_20_19_14_40.589648.jpg
331,69280.622981,20/RGB/Video_20_19_14_40.622981.jpg
332,69280.656316,20/RGB/Video_20_19_14_40.656316.jpg
333,69280.68965,20/RGB/Video_20_19_14_40.689650.jpg
334,69280.72298399999,20/RGB/Video_20_19_14_40.722984.jpg
335,69280.756317,20/RGB/Video_20_19_14_40.756317.jpg
336,69280.789651,20/RGB/Video_20_19_14_40.789651.jpg
337,69280.822988,20/RGB/Video_20_19_14_40.822988.jpg
338,69280.85632,20/RGB/Video_20_19_14_40.856320.jpg
339,69280.889654,20/RGB/Video_20_19_14_40.889654.jpg
340,69280.922988,20/RGB/Video_20_19_14_40.922988.jpg
341,69280.956322,20/RGB/Video_20_19_14_40.956322.jpg
342,69280.989656,20/RGB/Video_20_19_14_40.989656.jpg
343,69281.022993,20/RGB/Video_20_19_14_41.022993.jpg
344,69281.056326,20/RGB/Video_20_19_14_41.056326.jpg
345,69281.089658,20/RGB/Video_20_19_14_41.089658.jpg
346,69281.122991,20/RGB/Video_20_19_14_41.122991.jpg
347,69281.156328,20/RGB/Video_20_19_14_41.156328.jpg
348,69281.18966,20/RGB/Video_20_19_14_41.189660.jpg
349,69281.222994,20/RGB/Video_20_19_14_41.222994.jpg
350,69281.25633,20/RGB/Video_20_19_14_41.256330.jpg
351,69281.289662,20/RGB/Video_20_19_14_41.289662.jpg
352,69281.322995,20/RGB/Video_20_19_14_41.322995.jpg
353,69281.35633,20/RGB/Video_20_19_14_41.356330.jpg
354,69281.389666,20/RGB/Video_20_19_14_41.389666.jpg
355,69281.423,20/RGB/Video_20_19_14_41.423000.jpg
356,69281.456332,20/RGB/Video_20_19_14_41.456332.jpg
357,69281.489668,20/RGB/Video_20_19_14_41.489668.jpg
358,69281.523,20/RGB/Video_20_19_14_41.523000.jpg
359,69281.556333,20/RGB/Video_20_19_14_41.556333.jpg
360,69281.589667,20/RGB/Video_20_19_14_41.589667.jpg
361,69281.623004,20/RGB/Video_20_19_14_41.623004.jpg
362,69281.656336,20/RGB/Video_20_19_14_41.656336.jpg
363,69281.689672,20/RGB/Video_20_19_14_41.689672.jpg
364,69281.723006,20/RGB/Video_20_19_14_41.723006.jpg
365,69281.75634,20/RGB/Video_20_19_14_41.756340.jpg
366,69281.789671,20/RGB/Video_20_19_14_41.789671.jpg
367,69281.823008,20/RGB/Video_20_19_14_41.823008.jpg
368,69281.85634,20/RGB/Video_20_19_14_41.856340.jpg
369,69281.889673,20/RGB/Video_20_19_14_41.889673.jpg
370,69281.92301,20/RGB/Video_20_19_14_41.923010.jpg
371,69281.956344,20/RGB/Video_20_19_14_41.956344.jpg
372,69281.989676,20/RGB/Video_20_19_14_41.989676.jpg
373,69282.023012,20/RGB/Video_20_19_14_42.023012.jpg
374,69282.056346,20/RGB/Video_20_19_14_42.056346.jpg
375,69282.089677,20/RGB/Video_20_19_14_42.089677.jpg
376,69282.123012,20/RGB/Video_20_19_14_42.123012.jpg
377,69282.156346,20/RGB/Video_20_19_14_42.156346.jpg
378,69282.189679,20/RGB/Video_20_19_14_42.189679.jpg
379,69282.223013,20/RGB/Video_20_19_14_42.223013.jpg
380,69282.256348,20/RGB/Video_20_19_14_42.256348.jpg
381,69282.289682,20/RGB/Video_20_19_14_42.289682.jpg
382,69282.323016,20/RGB/Video_20_19_14_42.323016.jpg
383,69282.356352,20/RGB/Video_20_19_14_42.356352.jpg
384,69282.389684,20/RGB/Video_20_19_14_42.389684.jpg
385,69282.42302,20/RGB/Video_20_19_14_42.423020.jpg
386,69282.456354,20/RGB/Video_20_19_14_42.456354.jpg
387,69282.489688,20/RGB/Video_20_19_14_42.489688.jpg
388,69282.523019,20/RGB/Video_20_19_14_42.523019.jpg
389,69282.556354,20/RGB/Video_20_19_14_42.556354.jpg
390,69282.589688,20/RGB/Video_20_19_14_42.589688.jpg
391,69282.623022,20/RGB/Video_20_19_14_42.623022.jpg
392,69282.656356,20/RGB/Video_20_19_14_42.656356.jpg
393,69282.68969,20/RGB/Video_20_19_14_42.689690.jpg
394,69282.723027,20/RGB/Video_20_19_14_42.723027.jpg
395,69282.75636,20/RGB/Video_20_19_14_42.756360.jpg
396,69282.789692,20/RGB/Video_20_19_14_42.789692.jpg
397,69282.823028,20/RGB/Video_20_19_14_42.823028.jpg
398,69282.85636,20/RGB/Video_20_19_14_42.856360.jpg
399,69282.889694,20/RGB/Video_20_19_14_42.889694.jpg
400,69282.923028,20/RGB/Video_20_19_14_42.923028.jpg
401,69282.956362,20/RGB/Video_20_19_14_42.956362.jpg
402,69282.989696,20/RGB/Video_20_19_14_42.989696.jpg
403,69283.023032,20/RGB/Video_20_19_14_43.023032.jpg
404,69283.056364,20/RGB/Video_20_19_14_43.056364.jpg
405,69283.089698,20/RGB/Video_20_19_14_43.089698.jpg
406,69283.123031,20/RGB/Video_20_19_14_43.123031.jpg
407,69283.156366,20/RGB/Video_20_19_14_43.156366.jpg
408,69283.1897,20/RGB/Video_20_19_14_43.189700.jpg
409,69283.223036,20/RGB/Video_20_19_14_43.223036.jpg
410,69283.256367,20/RGB/Video_20_19_14_43.256367.jpg
411,69283.289702,20/RGB/Video_20_19_14_43.289702.jpg
412,69283.323994,20/RGB/Video_20_19_14_43.323994.jpg
413,69283.357328,20/RGB/Video_20_19_14_43.357328.jpg
414,69283.390662,20/RGB/Video_20_19_14_43.390662.jpg
415,69283.423996,20/RGB/Video_20_19_14_43.423996.jpg
416,69283.457329,20/RGB/Video_20_19_14_43.457329.jpg
417,69283.490663,20/RGB/Video_20_19_14_43.490663.jpg
418,69283.523998,20/RGB/Video_20_19_14_43.523998.jpg
419,69283.557332,20/RGB/Video_20_19_14_43.557332.jpg
420,69283.590666,20/RGB/Video_20_19_14_43.590666.jpg
421,69283.624,20/RGB/Video_20_19_14_43.624000.jpg
422,69283.657335,20/RGB/Video_20_19_14_43.657335.jpg
423,69283.690669,20/RGB/Video_20_19_14_43.690669.jpg
424,69283.724003,20/RGB/Video_20_19_14_43.724003.jpg
425,69283.757337,20/RGB/Video_20_19_14_43.757337.jpg
426,69283.790671,20/RGB/Video_20_19_14_43.790671.jpg
427,69283.824005,20/RGB/Video_20_19_14_43.824005.jpg
428,69283.857339,20/RGB/Video_20_19_14_43.857339.jpg
429,69283.890675,20/RGB/Video_20_19_14_43.890675.jpg
430,69283.924007,20/RGB/Video_20_19_14_43.924007.jpg
431,69283.957341,20/RGB/Video_20_19_14_43.957341.jpg
432,69283.990675,20/RGB/Video_20_19_14_43.990675.jpg
433,69284.024008,20/RGB/Video_20_19_14_44.024008.jpg
434,69284.057343,20/RGB/Video_20_19_14_44.057343.jpg
435,69284.090677,20/RGB/Video_20_19_14_44.090677.jpg
436,69284.124011,20/RGB/Video_20_19_14_44.124011.jpg
437,69284.157344,20/RGB/Video_20_19_14_44.157344.jpg
438,69284.190679,20/RGB/Video_20_19_14_44.190679.jpg
439,69284.224013,20/RGB/Video_20_19_14_44.224013.jpg
440,69284.257347,20/RGB/Video_20_19_14_44.257347.jpg
441,69284.290681,20/RGB/Video_20_19_14_44.290681.jpg
442,69284.324015,20/RGB/Video_20_19_14_44.324015.jpg
443,69284.357348,20/RGB/Video_20_19_14_44.357348.jpg
444,69284.390682,20/RGB/Video_20_19_14_44.390682.jpg
445,69284.424017,20/RGB/Video_20_19_14_44.424017.jpg
446,69284.457351,20/RGB/Video_20_19_14_44.457351.jpg
447,69284.490685,20/RGB/Video_20_19_14_44.490685.jpg
448,69284.524019,20/RGB/Video_20_19_14_44.524019.jpg
449,69284.557357,20/RGB/Video_20_19_14_44.557357.jpg
450,69284.590687,20/RGB/Video_20_19_14_44.590687.jpg
451,69284.624021,20/RGB/Video_20_19_14_44.624021.jpg
452,69284.657355,20/RGB/Video_20_19_14_44.657355.jpg
453,69284.690691,20/RGB/Video_20_19_14_44.690691.jpg
454,69284.724023,20/RGB/Video_20_19_14_44.724023.jpg
455,69284.757357,20/RGB/Video_20_19_14_44.757357.jpg
456,69284.790693,20/RGB/Video_20_19_14_44.790693.jpg
457,69284.824027,20/RGB/Video_20_19_14_44.824027.jpg
458,69284.857359,20/RGB/Video_20_19_14_44.857359.jpg
459,69284.890693,20/RGB/Video_20_19_14_44.890693.jpg
460,69284.924029,20/RGB/Video_20_19_14_44.924029.jpg
461,69284.957361,20/RGB/Video_20_19_14_44.957361.jpg
462,69284.990694,20/RGB/Video_20_19_14_44.990694.jpg
463,69285.024028,20/RGB/Video_20_19_14_45.024028.jpg
464,69285.057365,20/RGB/Video_20_19_14_45.057365.jpg
465,69285.090699,20/RGB/Video_20_19_14_45.090699.jpg
466,69285.124031,20/RGB/Video_20_19_14_45.124031.jpg
467,69285.157365,20/RGB/Video_20_19_14_45.157365.jpg
468,69285.190701,20/RGB/Video_20_19_14_45.190701.jpg
469,69285.224035,20/RGB/Video_20_19_14_45.224035.jpg
470,69285.257367,20/RGB/Video_20_19_14_45.257367.jpg
471,69285.290704,20/RGB/Video_20_19_14_45.290704.jpg
472,69285.324037,20/RGB/Video_20_19_14_45.324037.jpg
473,69285.357369,20/RGB/Video_20_19_14_45.357369.jpg
474,69285.390703,20/RGB/Video_20_19_14_45.390703.jpg
475,69285.424037,20/RGB/Video_20_19_14_45.424037.jpg
476,69285.457372,20/RGB/Video_20_19_14_45.457372.jpg
477,69285.490707,20/RGB/Video_20_19_14_45.490707.jpg
478,69285.524041,20/RGB/Video_20_19_14_45.524041.jpg
479,69285.557373,20/RGB/Video_20_19_14_45.557373.jpg
480,69285.590707,20/RGB/Video_20_19_14_45.590707.jpg
481,69285.624043,20/RGB/Video_20_19_14_45.624043.jpg
482,69285.657377,20/RGB/Video_20_19_14_45.657377.jpg
483,69285.690709,20/RGB/Video_20_19_14_45.690709.jpg
484,69285.724043,20/RGB/Video_20_19_14_45.724043.jpg
485,69285.757377,20/RGB/Video_20_19_14_45.757377.jpg
486,69285.790713,20/RGB/Video_20_19_14_45.790713.jpg
487,69285.824045,20/RGB/Video_20_19_14_45.824045.jpg
488,69285.857379,20/RGB/Video_20_19_14_45.857379.jpg
489,69285.890715,20/RGB/Video_20_19_14_45.890715.jpg
490,69285.924047,20/RGB/Video_20_19_14_45.924047.jpg
491,69285.957381,20/RGB/Video_20_19_14_45.957381.jpg
492,69285.990715,20/RGB/Video_20_19_14_45.990715.jpg
493,69286.024048,20/RGB/Video_20_19_14_46.024048.jpg
494,69286.057383,20/RGB/Video_20_19_14_46.057383.jpg
495,69286.090719,20/RGB/Video_20_19_14_46.090719.jpg
496,69286.124051,20/RGB/Video_20_19_14_46.124051.jpg
497,69286.157385,20/RGB/Video_20_19_14_46.157385.jpg
498,69286.190721,20/RGB/Video_20_19_14_46.190721.jpg
499,69286.224053,20/RGB/Video_20_19_14_46.224053.jpg
500,69286.257386,20/RGB/Video_20_19_14_46.257386.jpg
501,69286.29072,20/RGB/Video_20_19_14_46.290720.jpg
502,69286.324055,20/RGB/Video_20_19_14_46.324055.jpg
503,69286.357389,20/RGB/Video_20_19_14_46.357389.jpg
504,69286.390722,20/RGB/Video_20_19_14_46.390722.jpg
505,69286.424058,20/RGB/Video_20_19_14_46.424058.jpg
506,69286.45739,20/RGB/Video_20_19_14_46.457390.jpg
507,69286.490724,20/RGB/Video_20_19_14_46.490724.jpg
508,69286.524058,20/RGB/Video_20_19_14_46.524058.jpg
509,69286.557392,20/RGB/Video_20_19_14_46.557392.jpg
510,69286.591178,20/RGB/Video_20_19_14_46.591178.jpg
511,69286.624514,20/RGB/Video_20_19_14_46.624514.jpg
512,69286.657845,20/RGB/Video_20_19_14_46.657845.jpg
513,69286.691179,20/RGB/Video_20_19_14_46.691179.jpg
514,69286.724514,20/RGB/Video_20_19_14_46.724514.jpg
515,69286.75785,20/RGB/Video_20_19_14_46.757850.jpg
516,69286.791182,20/RGB/Video_20_19_14_46.791182.jpg
517,69286.824516,20/RGB/Video_20_19_14_46.824516.jpg
518,69286.85785,20/RGB/Video_20_19_14_46.857850.jpg
519,69286.891183,20/RGB/Video_20_19_14_46.891183.jpg
520,69286.924517,20/RGB/Video_20_19_14_46.924517.jpg
521,69286.957852,20/RGB/Video_20_19_14_46.957852.jpg
522,69286.991185,20/RGB/Video_20_19_14_46.991185.jpg
523,69287.024519,20/RGB/Video_20_19_14_47.024519.jpg
524,69287.057854,20/RGB/Video_20_19_14_47.057854.jpg
525,69287.091188,20/RGB/Video_20_19_14_47.091188.jpg
526,69287.124521,20/RGB/Video_20_19_14_47.124521.jpg
527,69287.157856,20/RGB/Video_20_19_14_47.157856.jpg
528,69287.19119,20/RGB/Video_20_19_14_47.191190.jpg
529,69287.224523,20/RGB/Video_20_19_14_47.224523.jpg
530,69287.257861,20/RGB/Video_20_19_14_47.257861.jpg
531,69287.291191,20/RGB/Video_20_19_14_47.291191.jpg
532,69287.324528,20/RGB/Video_20_19_14_47.324528.jpg
533,69287.35786,20/RGB/Video_20_19_14_47.357860.jpg
534,69287.391194,20/RGB/Video_20_19_14_47.391194.jpg
535,69287.424528,20/RGB/Video_20_19_14_47.424528.jpg
536,69287.457862,20/RGB/Video_20_19_14_47.457862.jpg
537,69287.491195,20/RGB/Video_20_19_14_47.491195.jpg
538,69287.52453,20/RGB/Video_20_19_14_47.524530.jpg
539,69287.557864,20/RGB/Video_20_19_14_47.557864.jpg
540,69287.591198,20/RGB/Video_20_19_14_47.591198.jpg
541,69287.624531,20/RGB/Video_20_19_14_47.624531.jpg
542,69287.657866,20/RGB/Video_20_19_14_47.657866.jpg
543,69287.691202,20/RGB/Video_20_19_14_47.691202.jpg
544,69287.724534,20/RGB/Video_20_19_14_47.724534.jpg
545,69287.757868,20/RGB/Video_20_19_14_47.757868.jpg
546,69287.791201,20/RGB/Video_20_19_14_47.791201.jpg
547,69287.824538,20/RGB/Video_20_19_14_47.824538.jpg
548,69287.85787,20/RGB/Video_20_19_14_47.857870.jpg
549,69287.891206,20/RGB/Video_20_19_14_47.891206.jpg
550,69287.924538,20/RGB/Video_20_19_14_47.924538.jpg
551,69287.957874,20/RGB/Video_20_19_14_47.957874.jpg
552,69287.991206,20/RGB/Video_20_19_14_47.991206.jpg
553,69288.024542,20/RGB/Video_20_19_14_48.024542.jpg
554,69288.057874,20/RGB/Video_20_19_14_48.057874.jpg
555,69288.09121,20/RGB/Video_20_19_14_48.091210.jpg
556,69288.124542,20/RGB/Video_20_19_14_48.124542.jpg
557,69288.157878,20/RGB/Video_20_19_14_48.157878.jpg
558,69288.191209,20/RGB/Video_20_19_14_48.191209.jpg
559,69288.224543,20/RGB/Video_20_19_14_48.224543.jpg
560,69288.25788,20/RGB/Video_20_19_14_48.257880.jpg
561,69288.291214,20/RGB/Video_20_19_14_48.291214.jpg
562,69288.324549,20/RGB/Video_20_19_14_48.324549.jpg
563,69288.357879,20/RGB/Video_20_19_14_48.357879.jpg
564,69288.391214,20/RGB/Video_20_19_14_48.391214.jpg
565,69288.424547,20/RGB/Video_20_19_14_48.424547.jpg
566,69288.457882,20/RGB/Video_20_19_14_48.457882.jpg
567,69288.491215,20/RGB/Video_20_19_14_48.491215.jpg
568,69288.52455,20/RGB/Video_20_19_14_48.524550.jpg
569,69288.557884,20/RGB/Video_20_19_14_48.557884.jpg
570,69288.59122,20/RGB/Video_20_19_14_48.591220.jpg
571,69288.624554,20/RGB/Video_20_19_14_48.624554.jpg
572,69288.657889,20/RGB/Video_20_19_14_48.657889.jpg
573,69288.69122,20/RGB/Video_20_19_14_48.691220.jpg
574,69288.724554,20/RGB/Video_20_19_14_48.724554.jpg
575,69288.757889,20/RGB/Video_20_19_14_48.757889.jpg
576,69288.791224,20/RGB/Video_20_19_14_48.791224.jpg
577,69288.824556,20/RGB/Video_20_19_14_48.824556.jpg
578,69288.85789,20/RGB/Video_20_19_14_48.857890.jpg
579,69288.891223,20/RGB/Video_20_19_14_48.891223.jpg
580,69288.924559,20/RGB/Video_20_19_14_48.924559.jpg
581,69288.957894,20/RGB/Video_20_19_14_48.957894.jpg
582,69288.991228,20/RGB/Video_20_19_14_48.991228.jpg
583,69289.02456,20/RGB/Video_20_19_14_49.024560.jpg
584,69289.057896,20/RGB/Video_20_19_14_49.057896.jpg
585,69289.091228,20/RGB/Video_20_19_14_49.091228.jpg
586,69289.124562,20/RGB/Video_20_19_14_49.124562.jpg
587,69289.157898,20/RGB/Video_20_19_14_49.157898.jpg
588,69289.19123,20/RGB/Video_20_19_14_49.191230.jpg
589,69289.224564,20/RGB/Video_20_19_14_49.224564.jpg
590,69289.257897,20/RGB/Video_20_19_14_49.257897.jpg
591,69289.291234,20/RGB/Video_20_19_14_49.291234.jpg
592,69289.324568,20/RGB/Video_20_19_14_49.324568.jpg
593,69289.3579,20/RGB/Video_20_19_14_49.357900.jpg
594,69289.391234,20/RGB/Video_20_19_14_49.391234.jpg
595,69289.424568,20/RGB/Video_20_19_14_49.424568.jpg
596,69289.457904,20/RGB/Video_20_19_14_49.457904.jpg
597,69289.491236,20/RGB/Video_20_19_14_49.491236.jpg
598,69289.524572,20/RGB/Video_20_19_14_49.524572.jpg
599,69289.557904,20/RGB/Video_20_19_14_49.557904.jpg
600,69289.591237,20/RGB/Video_20_19_14_49.591237.jpg
601,69289.624572,20/RGB/Video_20_19_14_49.624572.jpg
602,69289.657908,20/RGB/Video_20_19_14_49.657908.jpg
603,69289.691243,20/RGB/Video_20_19_14_49.691243.jpg
604,69289.724573,20/RGB/Video_20_19_14_49.724573.jpg
605,69289.758292,20/RGB/Video_20_19_14_49.758292.jpg
606,69289.791625,20/RGB/Video_20_19_14_49.791625.jpg
607,69289.824963,20/RGB/Video_20_19_14_49.824963.jpg
608,69289.858293,20/RGB/Video_20_19_14_49.858293.jpg
609,69289.891627,20/RGB/Video_20_19_14_49.891627.jpg
610,69289.924961,20/RGB/Video_20_19_14_49.924961.jpg
611,69289.958296,20/RGB/Video_20_19_14_49.958296.jpg
612,69289.991629,20/RGB/Video_20_19_14_49.991629.jpg
613,69290.024964,20/RGB/Video_20_19_14_50.024964.jpg
614,69290.058298,20/RGB/Video_20_19_14_50.058298.jpg
615,69290.091632,20/RGB/Video_20_19_14_50.091632.jpg
616,69290.124966,20/RGB/Video_20_19_14_50.124966.jpg
617,69290.158299,20/RGB/Video_20_19_14_50.158299.jpg
618,69290.191634,20/RGB/Video_20_19_14_50.191634.jpg
619,69290.224968,20/RGB/Video_20_19_14_50.224968.jpg
620,69290.258301,20/RGB/Video_20_19_14_50.258301.jpg
621,69290.291636,20/RGB/Video_20_19_14_50.291636.jpg
622,69290.32497,20/RGB/Video_20_19_14_50.324970.jpg
623,69290.358304,20/RGB/Video_20_19_14_50.358304.jpg
624,69290.391638,20/RGB/Video_20_19_14_50.391638.jpg
625,69290.424971,20/RGB/Video_20_19_14_50.424971.jpg
626,69290.458373,20/RGB/Video_20_19_14_50.458373.jpg
627,69290.491708,20/RGB/Video_20_19_14_50.491708.jpg
628,69290.525042,20/RGB/Video_20_19_14_50.525042.jpg
629,69290.558375,20/RGB/Video_20_19_14_50.558375.jpg
630,69290.591709,20/RGB/Video_20_19_14_50.591709.jpg
631,69290.625044,20/RGB/Video_20_19_14_50.625044.jpg
632,69290.65838,20/RGB/Video_20_19_14_50.658380.jpg
633,69290.691711,20/RGB/Video_20_19_14_50.691711.jpg
634,69290.725048,20/RGB/Video_20_19_14_50.725048.jpg
635,69290.75838,20/RGB/Video_20_19_14_50.758380.jpg
636,69290.791713,20/RGB/Video_20_19_14_50.791713.jpg
637,69290.825048,20/RGB/Video_20_19_14_50.825048.jpg
638,69290.858384,20/RGB/Video_20_19_14_50.858384.jpg
639,69290.891716,20/RGB/Video_20_19_14_50.891716.jpg
640,69290.92505,20/RGB/Video_20_19_14_50.925050.jpg
641,69290.958387,20/RGB/Video_20_19_14_50.958387.jpg
642,69290.99172,20/RGB/Video_20_19_14_50.991720.jpg
643,69291.025052,20/RGB/Video_20_19_14_51.025052.jpg
644,69291.058388,20/RGB/Video_20_19_14_51.058388.jpg
645,69291.09172,20/RGB/Video_20_19_14_51.091720.jpg
646,69291.125054,20/RGB/Video_20_19_14_51.125054.jpg
647,69291.15839,20/RGB/Video_20_19_14_51.158390.jpg
648,69291.191722,20/RGB/Video_20_19_14_51.191722.jpg
649,69291.225056,20/RGB/Video_20_19_14_51.225056.jpg
650,69291.258389,20/RGB/Video_20_19_14_51.258389.jpg
651,69291.291724,20/RGB/Video_20_19_14_51.291724.jpg
652,69291.32506,20/RGB/Video_20_19_14_51.325060.jpg
653,69291.358392,20/RGB/Video_20_19_14_51.358392.jpg
654,69291.391728,20/RGB/Video_20_19_14_51.391728.jpg
655,69291.42506,20/RGB/Video_20_19_14_51.425060.jpg
656,69291.458394,20/RGB/Video_20_19_14_51.458394.jpg
657,69291.491728,20/RGB/Video_20_19_14_51.491728.jpg
658,69291.525062,20/RGB/Video_20_19_14_51.525062.jpg
659,69291.558396,20/RGB/Video_20_19_14_51.558396.jpg
660,69291.591729,20/RGB/Video_20_19_14_51.591729.jpg
661,69291.625064,20/RGB/Video_20_19_14_51.625064.jpg
662,69291.658397,20/RGB/Video_20_19_14_51.658397.jpg
663,69291.691731,20/RGB/Video_20_19_14_51.691731.jpg
664,69291.725068,20/RGB/Video_20_19_14_51.725068.jpg
665,69291.758402,20/RGB/Video_20_19_14_51.758402.jpg
666,69291.791734,20/RGB/Video_20_19_14_51.791734.jpg
667,69291.82507,20/RGB/Video_20_19_14_51.825070.jpg
668,69291.858404,20/RGB/Video_20_19_14_51.858404.jpg
669,69291.891736,20/RGB/Video_20_19_14_51.891736.jpg
670,69291.925069,20/RGB/Video_20_19_14_51.925069.jpg
671,69291.958406,20/RGB/Video_20_19_14_51.958406.jpg
672,69291.99174,20/RGB/Video_20_19_14_51.991740.jpg
673,69292.025074,20/RGB/Video_20_19_14_52.025074.jpg
674,69292.058406,20/RGB/Video_20_19_14_52.058406.jpg
675,69292.091743,20/RGB/Video_20_19_14_52.091743.jpg
676,69292.125074,20/RGB/Video_20_19_14_52.125074.jpg
677,69292.158408,20/RGB/Video_20_19_14_52.158408.jpg
678,69292.191742,20/RGB/Video_20_19_14_52.191742.jpg
679,69292.225078,20/RGB/Video_20_19_14_52.225078.jpg
680,69292.258412,20/RGB/Video_20_19_14_52.258412.jpg
681,69292.291744,20/RGB/Video_20_19_14_52.291744.jpg
682,69292.325078,20/RGB/Video_20_19_14_52.325078.jpg
683,69292.358412,20/RGB/Video_20_19_14_52.358412.jpg
684,69292.391746,20/RGB/Video_20_19_14_52.391746.jpg
685,69292.42508,20/RGB/Video_20_19_14_52.425080.jpg
686,69292.458413,20/RGB/Video_20_19_14_52.458413.jpg
687,69292.491747,20/RGB/Video_20_19_14_52.491747.jpg
688,69292.525084,20/RGB/Video_20_19_14_52.525084.jpg
689,69292.558418,20/RGB/Video_20_19_14_52.558418.jpg
690,69292.59175,20/RGB/Video_20_19_14_52.591750.jpg
691,69292.625084,20/RGB/Video_20_19_14_52.625084.jpg
692,69292.658417,20/RGB/Video_20_19_14_52.658417.jpg
693,69292.691751,20/RGB/Video_20_19_14_52.691751.jpg
694,69292.725085,20/RGB/Video_20_19_14_52.725085.jpg
695,69292.75842,20/RGB/Video_20_19_14_52.758420.jpg
696,69292.791754,20/RGB/Video_20_19_14_52.791754.jpg
697,69292.825091,20/RGB/Video_20_19_14_52.825091.jpg
698,69292.858422,20/RGB/Video_20_19_14_52.858422.jpg
699,69292.891756,20/RGB/Video_20_19_14_52.891756.jpg
700,69292.92509,20/RGB/Video_20_19_14_52.925090.jpg
701,69292.959532,20/RGB/Video_20_19_14_52.959532.jpg
702,69292.992866,20/RGB/Video_20_19_14_52.992866.jpg
703,69293.0262,20/RGB/Video_20_19_14_53.026200.jpg
704,69293.059536,20/RGB/Video_20_19_14_53.059536.jpg
705,69293.092868,20/RGB/Video_20_19_14_53.092868.jpg
706,69293.126201,20/RGB/Video_20_19_14_53.126201.jpg
707,69293.159535,20/RGB/Video_20_19_14_53.159535.jpg
708,69293.192869,20/RGB/Video_20_19_14_53.192869.jpg
709,69293.226204,20/RGB/Video_20_19_14_53.226204.jpg
710,69293.259537,20/RGB/Video_20_19_14_53.259537.jpg
711,69293.292871,20/RGB/Video_20_19_14_53.292871.jpg
712,69293.326205,20/RGB/Video_20_19_14_53.326205.jpg
713,69293.359539,20/RGB/Video_20_19_14_53.359539.jpg
714,69293.392874,20/RGB/Video_20_19_14_53.392874.jpg
715,69293.426208,20/RGB/Video_20_19_14_53.426208.jpg
716,69293.459587,20/RGB/Video_20_19_14_53.459587.jpg
717,69293.492921,20/RGB/Video_20_19_14_53.492921.jpg
718,69293.526255,20/RGB/Video_20_19_14_53.526255.jpg
719,69293.55959,20/RGB/Video_20_19_14_53.559590.jpg
720,69293.592924,20/RGB/Video_20_19_14_53.592924.jpg
721,69293.626257,20/RGB/Video_20_19_14_53.626257.jpg
722,69293.659642,20/RGB/Video_20_19_14_53.659642.jpg
723,69293.692974,20/RGB/Video_20_19_14_53.692974.jpg
724,69293.726307,20/RGB/Video_20_19_14_53.726307.jpg
725,69293.759642,20/RGB/Video_20_19_14_53.759642.jpg
726,69293.792976,20/RGB/Video_20_19_14_53.792976.jpg
727,69293.82631,20/RGB/Video_20_19_14_53.826310.jpg
728,69293.859644,20/RGB/Video_20_19_14_53.859644.jpg
729,69293.89298,20/RGB/Video_20_19_14_53.892980.jpg
730,69293.926314,20/RGB/Video_20_19_14_53.926314.jpg
731,69293.959645,20/RGB/Video_20_19_14_53.959645.jpg
732,69293.992982,20/RGB/Video_20_19_14_53.992982.jpg
733,69294.026314,20/RGB/Video_20_19_14_54.026314.jpg
734,69294.059648,20/RGB/Video_20_19_14_54.059648.jpg
735,69294.092982,20/RGB/Video_20_19_14_54.092982.jpg
736,69294.126316,20/RGB/Video_20_19_14_54.126316.jpg
737,69294.15965,20/RGB/Video_20_19_14_54.159650.jpg
738,69294.192984,20/RGB/Video_20_19_14_54.192984.jpg
739,69294.226318,20/RGB/Video_20_19_14_54.226318.jpg
740,69294.259653,20/RGB/Video_20_19_14_54.259653.jpg
741,69294.292986,20/RGB/Video_20_19_14_54.292986.jpg
742,69294.326323,20/RGB/Video_20_19_14_54.326323.jpg
743,69294.359654,20/RGB/Video_20_19_14_54.359654.jpg
744,69294.392987,20/RGB/Video_20_19_14_54.392987.jpg
745,69294.426321,20/RGB/Video_20_19_14_54.426321.jpg
746,69294.459656,20/RGB/Video_20_19_14_54.459656.jpg
747,69294.492992,20/RGB/Video_20_19_14_54.492992.jpg
748,69294.526326,20/RGB/Video_20_19_14_54.526326.jpg
749,69294.559658,20/RGB/Video_20_19_14_54.559658.jpg
750,69294.592992,20/RGB/Video_20_19_14_54.592992.jpg
751,69294.626326,20/RGB/Video_20_19_14_54.626326.jpg
752,69294.659659,20/RGB/Video_20_19_14_54.659659.jpg
753,69294.692994,20/RGB/Video_20_19_14_54.692994.jpg
754,69294.726327,20/RGB/Video_20_19_14_54.726327.jpg
755,69294.759665,20/RGB/Video_20_19_14_54.759665.jpg
756,69294.792996,20/RGB/Video_20_19_14_54.792996.jpg
757,69294.82633,20/RGB/Video_20_19_14_54.826330.jpg
758,69294.859666,20/RGB/Video_20_19_14_54.859666.jpg
759,69294.892997,20/RGB/Video_20_19_14_54.892997.jpg
760,69294.926334,20/RGB/Video_20_19_14_54.926334.jpg
761,69294.959666,20/RGB/Video_20_19_14_54.959666.jpg
762,69294.993002,20/RGB/Video_20_19_14_54.993002.jpg
763,69295.026337,20/RGB/Video_20_19_14_55.026337.jpg
764,69295.059668,20/RGB/Video_20_19_14_55.059668.jpg
765,69295.093002,20/RGB/Video_20_19_14_55.093002.jpg
766,69295.126336,20/RGB/Video_20_19_14_55.126336.jpg
767,69295.15967,20/RGB/Video_20_19_14_55.159670.jpg
768,69295.193004,20/RGB/Video_20_19_14_55.193004.jpg
769,69295.22634,20/RGB/Video_20_19_14_55.226340.jpg
770,69295.259671,20/RGB/Video_20_19_14_55.259671.jpg
771,69295.293006,20/RGB/Video_20_19_14_55.293006.jpg
772,69295.32634,20/RGB/Video_20_19_14_55.326340.jpg
773,69295.359674,20/RGB/Video_20_19_14_55.359674.jpg
774,69295.39301,20/RGB/Video_20_19_14_55.393010.jpg
775,69295.426342,20/RGB/Video_20_19_14_55.426342.jpg
776,69295.459676,20/RGB/Video_20_19_14_55.459676.jpg
777,69295.49301,20/RGB/Video_20_19_14_55.493010.jpg
778,69295.526346,20/RGB/Video_20_19_14_55.526346.jpg
779,69295.55968,20/RGB/Video_20_19_14_55.559680.jpg
780,69295.593012,20/RGB/Video_20_19_14_55.593012.jpg
781,69295.626346,20/RGB/Video_20_19_14_55.626346.jpg
782,69295.65968,20/RGB/Video_20_19_14_55.659680.jpg
783,69295.693014,20/RGB/Video_20_19_14_55.693014.jpg
784,69295.726349,20/RGB/Video_20_19_14_55.726349.jpg
785,69295.759682,20/RGB/Video_20_19_14_55.759682.jpg
786,69295.793016,20/RGB/Video_20_19_14_55.793016.jpg
787,69295.826352,20/RGB/Video_20_19_14_55.826352.jpg
788,69295.859683,20/RGB/Video_20_19_14_55.859683.jpg
789,69295.893018,20/RGB/Video_20_19_14_55.893018.jpg
790,69295.926352,20/RGB/Video_20_19_14_55.926352.jpg
791,69295.959686,20/RGB/Video_20_19_14_55.959686.jpg
792,69295.99302,20/RGB/Video_20_19_14_55.993020.jpg
793,69296.026354,20/RGB/Video_20_19_14_56.026354.jpg
794,69296.059687,20/RGB/Video_20_19_14_56.059687.jpg
795,69296.093022,20/RGB/Video_20_19_14_56.093022.jpg
796,69296.126356,20/RGB/Video_20_19_14_56.126356.jpg
797,69296.160784,20/RGB/Video_20_19_14_56.160784.jpg
798,69296.194118,20/RGB/Video_20_19_14_56.194118.jpg
799,69296.227452,20/RGB/Video_20_19_14_56.227452.jpg
800,69296.260786,20/RGB/Video_20_19_14_56.260786.jpg
801,69296.294121,20/RGB/Video_20_19_14_56.294121.jpg
802,69296.327455,20/RGB/Video_20_19_14_56.327455.jpg
803,69296.360789,20/RGB/Video_20_19_14_56.360789.jpg
804,69296.394123,20/RGB/Video_20_19_14_56.394123.jpg
805,69296.427457,20/RGB/Video_20_19_14_56.427457.jpg
806,69296.46079,20/RGB/Video_20_19_14_56.460790.jpg
807,69296.494125,20/RGB/Video_20_19_14_56.494125.jpg
808,69296.527459,20/RGB/Video_20_19_14_56.527459.jpg
809,69296.560793,20/RGB/Video_20_19_14_56.560793.jpg
810,69296.594126,20/RGB/Video_20_19_14_56.594126.jpg
811,69296.627461,20/RGB/Video_20_19_14_56.627461.jpg
812,69296.660798,20/RGB/Video_20_19_14_56.660798.jpg
813,69296.694128,20/RGB/Video_20_19_14_56.694128.jpg
814,69296.727463,20/RGB/Video_20_19_14_56.727463.jpg
815,69296.760797,20/RGB/Video_20_19_14_56.760797.jpg
816,69296.794131,20/RGB/Video_20_19_14_56.794131.jpg
817,69296.827465,20/RGB/Video_20_19_14_56.827465.jpg
818,69296.860846,20/RGB/Video_20_19_14_56.860846.jpg
819,69296.894179,20/RGB/Video_20_19_14_56.894179.jpg
820,69296.927514,20/RGB/Video_20_19_14_56.927514.jpg
821,69296.960848,20/RGB/Video_20_19_14_56.960848.jpg
822,69296.994182,20/RGB/Video_20_19_14_56.994182.jpg
823,69297.027516,20/RGB/Video_20_19_14_57.027516.jpg
824,69297.060853,20/RGB/Video_20_19_14_57.060853.jpg
825,69297.09419,20/RGB/Video_20_19_14_57.094190.jpg
826,69297.127521,20/RGB/Video_20_19_14_57.127521.jpg
827,69297.160855,20/RGB/Video_20_19_14_57.160855.jpg
828,69297.194189,20/RGB/Video_20_19_14_57.194189.jpg
829,69297.227523,20/RGB/Video_20_19_14_57.227523.jpg
830,69297.26086,20/RGB/Video_20_19_14_57.260860.jpg
831,69297.294191,20/RGB/Video_20_19_14_57.294191.jpg
832,69297.327525,20/RGB/Video_20_19_14_57.327525.jpg
833,69297.360859,20/RGB/Video_20_19_14_57.360859.jpg
834,69297.394193,20/RGB/Video_20_19_14_57.394193.jpg
835,69297.427526,20/RGB/Video_20_19_14_57.427526.jpg
836,69297.460861,20/RGB/Video_20_19_14_57.460861.jpg
837,69297.494195,20/RGB/Video_20_19_14_57.494195.jpg
838,69297.527531,20/RGB/Video_20_19_14_57.527531.jpg
839,69297.560863,20/RGB/Video_20_19_14_57.560863.jpg
840,69297.594197,20/RGB/Video_20_19_14_57.594197.jpg
841,69297.627531,20/RGB/Video_20_19_14_57.627531.jpg
842,69297.660868,20/RGB/Video_20_19_14_57.660868.jpg
843,69297.694203,20/RGB/Video_20_19_14_57.694203.jpg
844,69297.727537,20/RGB/Video_20_19_14_57.727537.jpg
845,69297.760871,20/RGB/Video_20_19_14_57.760871.jpg
846,69297.794204,20/RGB/Video_20_19_14_57.794204.jpg
847,69297.827539,20/RGB/Video_20_19_14_57.827539.jpg
848,69297.860873,20/RGB/Video_20_19_14_57.860873.jpg
849,69297.894209,20/RGB/Video_20_19_14_57.894209.jpg
850,69297.927541,20/RGB/Video_20_19_14_57.927541.jpg
851,69297.960877,20/RGB/Video_20_19_14_57.960877.jpg
852,69297.994209,20/RGB/Video_20_19_14_57.994209.jpg
853,69298.027543,20/RGB/Video_20_19_14_58.027543.jpg
854,69298.060879,20/RGB/Video_20_19_14_58.060879.jpg
855,69298.094211,20/RGB/Video_20_19_14_58.094211.jpg
856,69298.127544,20/RGB/Video_20_19_14_58.127544.jpg
857,69298.160881,20/RGB/Video_20_19_14_58.160881.jpg
858,69298.194213,20/RGB/Video_20_19_14_58.194213.jpg
859,69298.227549,20/RGB/Video_20_19_14_58.227549.jpg
860,69298.26088,20/RGB/Video_20_19_14_58.260880.jpg
861,69298.294215,20/RGB/Video_20_19_14_58.294215.jpg
862,69298.327552,20/RGB/Video_20_19_14_58.327552.jpg
863,69298.360885,20/RGB/Video_20_19_14_58.360885.jpg
864,69298.394217,20/RGB/Video_20_19_14_58.394217.jpg
865,69298.427553,20/RGB/Video_20_19_14_58.427553.jpg
866,69298.460885,20/RGB/Video_20_19_14_58.460885.jpg
867,69298.494221,20/RGB/Video_20_19_14_58.494221.jpg
868,69298.527555,20/RGB/Video_20_19_14_58.527555.jpg
869,69298.560887,20/RGB/Video_20_19_14_58.560887.jpg
870,69298.594221,20/RGB/Video_20_19_14_58.594221.jpg
871,69298.627555,20/RGB/Video_20_19_14_58.627555.jpg
872,69298.660889,20/RGB/Video_20_19_14_58.660889.jpg
873,69298.694225,20/RGB/Video_20_19_14_58.694225.jpg
874,69298.727557,20/RGB/Video_20_19_14_58.727557.jpg
875,69298.760891,20/RGB/Video_20_19_14_58.760891.jpg
876,69298.794228,20/RGB/Video_20_19_14_58.794228.jpg
877,69298.827559,20/RGB/Video_20_19_14_58.827559.jpg
878,69298.860893,20/RGB/Video_20_19_14_58.860893.jpg
879,69298.894231,20/RGB/Video_20_19_14_58.894231.jpg
880,69298.927561,20/RGB/Video_20_19_14_58.927561.jpg
881,69298.960898,20/RGB/Video_20_19_14_58.960898.jpg
882,69298.994231,20/RGB/Video_20_19_14_58.994231.jpg
883,69299.027563,20/RGB/Video_20_19_14_59.027563.jpg
884,69299.060897,20/RGB/Video_20_19_14_59.060897.jpg
885,69299.094231,20/RGB/Video_20_19_14_59.094231.jpg
886,69299.127565,20/RGB/Video_20_19_14_59.127565.jpg
887,69299.160901,20/RGB/Video_20_19_14_59.160901.jpg
888,69299.194235,20/RGB/Video_20_19_14_59.194235.jpg
889,69299.227569,20/RGB/Video_20_19_14_59.227569.jpg
890,69299.260903,20/RGB/Video_20_19_14_59.260903.jpg
891,69299.294237,20/RGB/Video_20_19_14_59.294237.jpg
892,69299.327573,20/RGB/Video_20_19_14_59.327573.jpg
893,69299.360905,20/RGB/Video_20_19_14_59.360905.jpg
894,69299.394241,20/RGB/Video_20_19_14_59.394241.jpg
895,69299.428057,20/RGB/Video_20_19_14_59.428057.jpg
896,69299.461392,20/RGB/Video_20_19_14_59.461392.jpg
897,69299.494726,20/RGB/Video_20_19_14_59.494726.jpg
898,69299.528063,20/RGB/Video_20_19_14_59.528063.jpg
899,69299.561393,20/RGB/Video_20_19_14_59.561393.jpg
900,69299.594728,20/RGB/Video_20_19_14_59.594728.jpg
901,69299.628062,20/RGB/Video_20_19_14_59.628062.jpg
902,69299.661396,20/RGB/Video_20_19_14_59.661396.jpg
903,69299.694729,20/RGB/Video_20_19_14_59.694729.jpg
904,69299.728064,20/RGB/Video_20_19_14_59.728064.jpg
905,69299.761397,20/RGB/Video_20_19_14_59.761397.jpg
906,69299.794732,20/RGB/Video_20_19_14_59.794732.jpg
907,69299.828066,20/RGB/Video_20_19_14_59.828066.jpg
908,69299.8614,20/RGB/Video_20_19_14_59.861400.jpg
909,69299.894734,20/RGB/Video_20_19_14_59.894734.jpg
910,69299.928067,20/RGB/Video_20_19_14_59.928067.jpg
911,69299.961402,20/RGB/Video_20_19_14_59.961402.jpg
912,69299.994735,20/RGB/Video_20_19_14_59.994735.jpg
913,69300.02807,20/RGB/Video_20_19_15_00.028070.jpg
914,69300.061403,20/RGB/Video_20_19_15_00.061403.jpg
915,69300.094738,20/RGB/Video_20_19_15_00.094738.jpg
916,69300.128072,20/RGB/Video_20_19_15_00.128072.jpg
917,69300.161405,20/RGB/Video_20_19_15_00.161405.jpg
918,69300.19474,20/RGB/Video_20_19_15_00.194740.jpg
919,69300.228074,20/RGB/Video_20_19_15_00.228074.jpg
920,69300.261407,20/RGB/Video_20_19_15_00.261407.jpg
921,69300.294745,20/RGB/Video_20_19_15_00.294745.jpg
922,69300.328078,20/RGB/Video_20_19_15_00.328078.jpg
923,69300.361409,20/RGB/Video_20_19_15_00.361409.jpg
924,69300.394744,20/RGB/Video_20_19_15_00.394744.jpg
925,69300.42808,20/RGB/Video_20_19_15_00.428080.jpg
926,69300.461412,20/RGB/Video_20_19_15_00.461412.jpg
927,69300.494746,20/RGB/Video_20_19_15_00.494746.jpg
928,69300.52808,20/RGB/Video_20_19_15_00.528080.jpg
929,69300.561413,20/RGB/Video_20_19_15_00.561413.jpg
930,69300.594748,20/RGB/Video_20_19_15_00.594748.jpg
931,69300.628081,20/RGB/Video_20_19_15_00.628081.jpg
932,69300.661416,20/RGB/Video_20_19_15_00.661416.jpg
933,69300.69475,20/RGB/Video_20_19_15_00.694750.jpg
934,69300.728084,20/RGB/Video_20_19_15_00.728084.jpg
935,69300.761418,20/RGB/Video_20_19_15_00.761418.jpg
936,69300.794751,20/RGB/Video_20_19_15_00.794751.jpg
937,69300.828088,20/RGB/Video_20_19_15_00.828088.jpg
938,69300.861419,20/RGB/Video_20_19_15_00.861419.jpg
939,69300.894754,20/RGB/Video_20_19_15_00.894754.jpg
940,69300.928096,20/RGB/Video_20_19_15_00.928096.jpg
941,69300.96143,20/RGB/Video_20_19_15_00.961430.jpg
942,69300.994764,20/RGB/Video_20_19_15_00.994764.jpg
943,69301.028098,20/RGB/Video_20_19_15_01.028098.jpg
944,69301.061431,20/RGB/Video_20_19_15_01.061431.jpg
945,69301.094766,20/RGB/Video_20_19_15_01.094766.jpg
946,69301.128102,20/RGB/Video_20_19_15_01.128102.jpg
947,69301.161434,20/RGB/Video_20_19_15_01.161434.jpg
948,69301.194768,20/RGB/Video_20_19_15_01.194768.jpg
949,69301.228104,20/RGB/Video_20_19_15_01.228104.jpg
950,69301.261436,20/RGB/Video_20_19_15_01.261436.jpg
951,69301.29477,20/RGB/Video_20_19_15_01.294770.jpg
952,69301.328104,20/RGB/Video_20_19_15_01.328104.jpg
953,69301.361438,20/RGB/Video_20_19_15_01.361438.jpg
954,69301.394774,20/RGB/Video_20_19_15_01.394774.jpg
955,69301.428106,20/RGB/Video_20_19_15_01.428106.jpg
956,69301.46144,20/RGB/Video_20_19_15_01.461440.jpg
957,69301.494774,20/RGB/Video_20_19_15_01.494774.jpg
958,69301.52811,20/RGB/Video_20_19_15_01.528110.jpg
959,69301.561444,20/RGB/Video_20_19_15_01.561444.jpg
960,69301.594778,20/RGB/Video_20_19_15_01.594778.jpg
961,69301.62811,20/RGB/Video_20_19_15_01.628110.jpg
962,69301.661444,20/RGB/Video_20_19_15_01.661444.jpg
963,69301.69478,20/RGB/Video_20_19_15_01.694780.jpg
964,69301.728114,20/RGB/Video_20_19_15_01.728114.jpg
965,69301.761446,20/RGB/Video_20_19_15_01.761446.jpg
966,69301.79478,20/RGB/Video_20_19_15_01.794780.jpg
967,69301.828116,20/RGB/Video_20_19_15_01.828116.jpg
968,69301.861448,20/RGB/Video_20_19_15_01.861448.jpg
969,69301.894782,20/RGB/Video_20_19_15_01.894782.jpg
970,69301.928116,20/RGB/Video_20_19_15_01.928116.jpg
971,69301.96145,20/RGB/Video_20_19_15_01.961450.jpg
972,69301.994783,20/RGB/Video_20_19_15_01.994783.jpg
973,69302.028121,20/RGB/Video_20_19_15_02.028121.jpg
974,69302.061452,20/RGB/Video_20_19_15_02.061452.jpg
975,69302.094786,20/RGB/Video_20_19_15_02.094786.jpg
976,69302.128119,20/RGB/Video_20_19_15_02.128119.jpg
977,69302.161454,20/RGB/Video_20_19_15_02.161454.jpg
978,69302.194788,20/RGB/Video_20_19_15_02.194788.jpg
979,69302.228122,20/RGB/Video_20_19_15_02.228122.jpg
980,69302.261458,20/RGB/Video_20_19_15_02.261458.jpg
981,69302.29479,20/RGB/Video_20_19_15_02.294790.jpg
982,69302.328124,20/RGB/Video_20_19_15_02.328124.jpg
983,69302.361458,20/RGB/Video_20_19_15_02.361458.jpg
984,69302.394792,20/RGB/Video_20_19_15_02.394792.jpg
985,69302.428126,20/RGB/Video_20_19_15_02.428126.jpg
986,69302.46146,20/RGB/Video_20_19_15_02.461460.jpg
987,69302.494794,20/RGB/Video_20_19_15_02.494794.jpg
988,69302.528128,20/RGB/Video_20_19_15_02.528128.jpg
989,69302.561461,20/RGB/Video_20_19_15_02.561461.jpg
990,69302.594796,20/RGB/Video_20_19_15_02.594796.jpg
991,69302.629547,20/RGB/Video_20_19_15_02.629547.jpg
992,69302.662881,20/RGB/Video_20_19_15_02.662881.jpg
993,69302.696215,20/RGB/Video_20_19_15_02.696215.jpg
994,69302.729548,20/RGB/Video_20_19_15_02.729548.jpg
995,69302.762882,20/RGB/Video_20_19_15_02.762882.jpg
996,69302.796217,20/RGB/Video_20_19_15_02.796217.jpg
997,69302.829551,20/RGB/Video_20_19_15_02.829551.jpg
998,69302.862885,20/RGB/Video_20_19_15_02.862885.jpg
999,69302.896221,20/RGB/Video_20_19_15_02.896221.jpg
1000,69302.929553,20/RGB/Video_20_19_15_02.929553.jpg
1001,69302.962886,20/RGB/Video_20_19_15_02.962886.jpg
1002,69302.99622,20/RGB/Video_20_19_15_02.996220.jpg
1003,69303.029555,20/RGB/Video_20_19_15_03.029555.jpg
1004,69303.062889,20/RGB/Video_20_19_15_03.062889.jpg
1005,69303.096223,20/RGB/Video_20_19_15_03.096223.jpg
1006,69303.129557,20/RGB/Video_20_19_15_03.129557.jpg
1007,69303.162893,20/RGB/Video_20_19_15_03.162893.jpg
1008,69303.196225,20/RGB/Video_20_19_15_03.196225.jpg
1009,69303.229559,20/RGB/Video_20_19_15_03.229559.jpg
1010,69303.262893,20/RGB/Video_20_19_15_03.262893.jpg
1011,69303.296229,20/RGB/Video_20_19_15_03.296229.jpg
1012,69303.329561,20/RGB/Video_20_19_15_03.329561.jpg
1013,69303.362895,20/RGB/Video_20_19_15_03.362895.jpg
1014,69303.396231,20/RGB/Video_20_19_15_03.396231.jpg
1015,69303.429563,20/RGB/Video_20_19_15_03.429563.jpg
1016,69303.462899,20/RGB/Video_20_19_15_03.462899.jpg
1017,69303.496233,20/RGB/Video_20_19_15_03.496233.jpg
1018,69303.529565,20/RGB/Video_20_19_15_03.529565.jpg
1019,69303.562901,20/RGB/Video_20_19_15_03.562901.jpg
1020,69303.596235,20/RGB/Video_20_19_15_03.596235.jpg
1021,69303.629569,20/RGB/Video_20_19_15_03.629569.jpg
1022,69303.6629,20/RGB/Video_20_19_15_03.662900.jpg
1023,69303.696235,20/RGB/Video_20_19_15_03.696235.jpg
1024,69303.729569,20/RGB/Video_20_19_15_03.729569.jpg
1025,69303.762906,20/RGB/Video_20_19_15_03.762906.jpg
1026,69303.796237,20/RGB/Video_20_19_15_03.796237.jpg
1027,69303.829571,20/RGB/Video_20_19_15_03.829571.jpg
1028,69303.862905,20/RGB/Video_20_19_15_03.862905.jpg
1029,69303.896239,20/RGB/Video_20_19_15_03.896239.jpg
1030,69303.929573,20/RGB/Video_20_19_15_03.929573.jpg
1031,69303.962906,20/RGB/Video_20_19_15_03.962906.jpg
1032,69303.99624,20/RGB/Video_20_19_15_03.996240.jpg
1033,69304.029574,20/RGB/Video_20_19_15_04.029574.jpg
1034,69304.062909,20/RGB/Video_20_19_15_04.062909.jpg
1035,69304.096243,20/RGB/Video_20_19_15_04.096243.jpg
1036,69304.129579,20/RGB/Video_20_19_15_04.129579.jpg
1037,69304.162913,20/RGB/Video_20_19_15_04.162913.jpg
1038,69304.196244,20/RGB/Video_20_19_15_04.196244.jpg
1039,69304.229579,20/RGB/Video_20_19_15_04.229579.jpg
1040,69304.262912,20/RGB/Video_20_19_15_04.262912.jpg
1041,69304.296247,20/RGB/Video_20_19_15_04.296247.jpg
1042,69304.329581,20/RGB/Video_20_19_15_04.329581.jpg
1043,69304.362915,20/RGB/Video_20_19_15_04.362915.jpg
1044,69304.396251,20/RGB/Video_20_19_15_04.396251.jpg
1045,69304.429585,20/RGB/Video_20_19_15_04.429585.jpg
1046,69304.46292,20/RGB/Video_20_19_15_04.462920.jpg
1047,69304.496251,20/RGB/Video_20_19_15_04.496251.jpg
1048,69304.529585,20/RGB/Video_20_19_15_04.529585.jpg
1049,69304.562919,20/RGB/Video_20_19_15_04.562919.jpg
1050,69304.596255,20/RGB/Video_20_19_15_04.596255.jpg
1051,69304.629587,20/RGB/Video_20_19_15_04.629587.jpg
1052,69304.66292,20/RGB/Video_20_19_15_04.662920.jpg
1053,69304.696255,20/RGB/Video_20_19_15_04.696255.jpg
1054,69304.729589,20/RGB/Video_20_19_15_04.729589.jpg
1055,69304.762923,20/RGB/Video_20_19_15_04.762923.jpg
1056,69304.796257,20/RGB/Video_20_19_15_04.796257.jpg
1057,69304.829591,20/RGB/Video_20_19_15_04.829591.jpg
1058,69304.862927,20/RGB/Video_20_19_15_04.862927.jpg
1059,69304.896258,20/RGB/Video_20_19_15_04.896258.jpg
1060,69304.929592,20/RGB/Video_20_19_15_04.929592.jpg
1061,69304.962927,20/RGB/Video_20_19_15_04.962927.jpg
1062,69304.99626,20/RGB/Video_20_19_15_04.996260.jpg
1063,69305.029595,20/RGB/Video_20_19_15_05.029595.jpg
1064,69305.062931,20/RGB/Video_20_19_15_05.062931.jpg
1065,69305.096265,20/RGB/Video_20_19_15_05.096265.jpg
1066,69305.129597,20/RGB/Video_20_19_15_05.129597.jpg
1067,69305.162931,20/RGB/Video_20_19_15_05.162931.jpg
1068,69305.196267,20/RGB/Video_20_19_15_05.196267.jpg
1069,69305.229599,20/RGB/Video_20_19_15_05.229599.jpg
1070,69305.262933,20/RGB/Video_20_19_15_05.262933.jpg
1071,69305.296267,20/RGB/Video_20_19_15_05.296267.jpg
1072,69305.3296,20/RGB/Video_20_19_15_05.329600.jpg
1073,69305.362938,20/RGB/Video_20_19_15_05.362938.jpg
1074,69305.396269,20/RGB/Video_20_19_15_05.396269.jpg
1075,69305.429603,20/RGB/Video_20_19_15_05.429603.jpg
1076,69305.462939,20/RGB/Video_20_19_15_05.462939.jpg
1077,69305.496273,20/RGB/Video_20_19_15_05.496273.jpg
1078,69305.529607,20/RGB/Video_20_19_15_05.529607.jpg
1079,69305.562939,20/RGB/Video_20_19_15_05.562939.jpg
1080,69305.596273,20/RGB/Video_20_19_15_05.596273.jpg
1081,69305.629607,20/RGB/Video_20_19_15_05.629607.jpg
1082,69305.662942,20/RGB/Video_20_19_15_05.662942.jpg
1083,69305.696278,20/RGB/Video_20_19_15_05.696278.jpg
1084,69305.729609,20/RGB/Video_20_19_15_05.729609.jpg
1085,69305.762944,20/RGB/Video_20_19_15_05.762944.jpg
1086,69305.796278,20/RGB/Video_20_19_15_05.796278.jpg
1087,69305.829612,20/RGB/Video_20_19_15_05.829612.jpg
1088,69305.862946,20/RGB/Video_20_19_15_05.862946.jpg
1089,69305.896279,20/RGB/Video_20_19_15_05.896279.jpg
1090,69305.929614,20/RGB/Video_20_19_15_05.929614.jpg
1091,69305.962948,20/RGB/Video_20_19_15_05.962948.jpg
1092,69305.996282,20/RGB/Video_20_19_15_05.996282.jpg
1093,69306.029615,20/RGB/Video_20_19_15_06.029615.jpg
1094,69306.062949,20/RGB/Video_20_19_15_06.062949.jpg
1095,69306.096284,20/RGB/Video_20_19_15_06.096284.jpg
1096,69306.129617,20/RGB/Video_20_19_15_06.129617.jpg
1097,69306.162952,20/RGB/Video_20_19_15_06.162952.jpg
1098,69306.196285,20/RGB/Video_20_19_15_06.196285.jpg
1099,69306.229619,20/RGB/Video_20_19_15_06.229619.jpg
1100,69306.262957,20/RGB/Video_20_19_15_06.262957.jpg
1101,69306.296287,20/RGB/Video_20_19_15_06.296287.jpg
1102,69306.329622,20/RGB/Video_20_19_15_06.329622.jpg
1103,69306.362956,20/RGB/Video_20_19_15_06.362956.jpg
1104,69306.396289,20/RGB/Video_20_19_15_06.396289.jpg
1105,69306.429646,20/RGB/Video_20_19_15_06.429646.jpg
1106,69306.462981,20/RGB/Video_20_19_15_06.462981.jpg
1107,69306.496333,20/RGB/Video_20_19_15_06.496333.jpg
1108,69306.529668,20/RGB/Video_20_19_15_06.529668.jpg
1109,69306.563004,20/RGB/Video_20_19_15_06.563004.jpg
1110,69306.596335,20/RGB/Video_20_19_15_06.596335.jpg
1111,69306.62967,20/RGB/Video_20_19_15_06.629670.jpg
1112,69306.663004,20/RGB/Video_20_19_15_06.663004.jpg
1113,69306.696341,20/RGB/Video_20_19_15_06.696341.jpg
1114,69306.729671,20/RGB/Video_20_19_15_06.729671.jpg
1115,69306.763009,20/RGB/Video_20_19_15_06.763009.jpg
1116,69306.796342,20/RGB/Video_20_19_15_06.796342.jpg
1117,69306.829674,20/RGB/Video_20_19_15_06.829674.jpg
1118,69306.863011,20/RGB/Video_20_19_15_06.863011.jpg
1119,69306.896345,20/RGB/Video_20_19_15_06.896345.jpg
1120,69306.929676,20/RGB/Video_20_19_15_06.929676.jpg
1121,69306.963012,20/RGB/Video_20_19_15_06.963012.jpg
1122,69306.996343,20/RGB/Video_20_19_15_06.996343.jpg
1123,69307.029678,20/RGB/Video_20_19_15_07.029678.jpg
1124,69307.063015,20/RGB/Video_20_19_15_07.063015.jpg
1125,69307.096346,20/RGB/Video_20_19_15_07.096346.jpg
1126,69307.12968,20/RGB/Video_20_19_15_07.129680.jpg
1127,69307.163014,20/RGB/Video_20_19_15_07.163014.jpg
1128,69307.196348,20/RGB/Video_20_19_15_07.196348.jpg
1129,69307.229681,20/RGB/Video_20_19_15_07.229681.jpg
1130,69307.263015,20/RGB/Video_20_19_15_07.263015.jpg
1131,69307.29635,20/RGB/Video_20_19_15_07.296350.jpg
1132,69307.329687,20/RGB/Video_20_19_15_07.329687.jpg
1133,69307.363018,20/RGB/Video_20_19_15_07.363018.jpg
1134,69307.396352,20/RGB/Video_20_19_15_07.396352.jpg
1135,69307.429688,20/RGB/Video_20_19_15_07.429688.jpg
1136,69307.46302,20/RGB/Video_20_19_15_07.463020.jpg
1137,69307.496354,20/RGB/Video_20_19_15_07.496354.jpg
1138,69307.529688,20/RGB/Video_20_19_15_07.529688.jpg
1139,69307.563024,20/RGB/Video_20_19_15_07.563024.jpg
1140,69307.596356,20/RGB/Video_20_19_15_07.596356.jpg
1141,69307.62969,20/RGB/Video_20_19_15_07.629690.jpg
1142,69307.663023,20/RGB/Video_20_19_15_07.663023.jpg
1143,69307.696357,20/RGB/Video_20_19_15_07.696357.jpg
1144,69307.729692,20/RGB/Video_20_19_15_07.729692.jpg
1145,69307.763026,20/RGB/Video_20_19_15_07.763026.jpg
1146,69307.796363,20/RGB/Video_20_19_15_07.796363.jpg
1147,69307.829696,20/RGB/Video_20_19_15_07.829696.jpg
1148,69307.863028,20/RGB/Video_20_19_15_07.863028.jpg
1149,69307.896364,20/RGB/Video_20_19_15_07.896364.jpg
1150,69307.929698,20/RGB/Video_20_19_15_07.929698.jpg
1151,69307.963029,20/RGB/Video_20_19_15_07.963029.jpg
1152,69307.996367,20/RGB/Video_20_19_15_07.996367.jpg
1153,69308.029698,20/RGB/Video_20_19_15_08.029698.jpg
1154,69308.063031,20/RGB/Video_20_19_15_08.063031.jpg
1155,69308.096369,20/RGB/Video_20_19_15_08.096369.jpg
1156,69308.129703,20/RGB/Video_20_19_15_08.129703.jpg
1157,69308.163036,20/RGB/Video_20_19_15_08.163036.jpg
1158,69308.19637,20/RGB/Video_20_19_15_08.196370.jpg
1159,69308.229702,20/RGB/Video_20_19_15_08.229702.jpg
1160,69308.263035,20/RGB/Video_20_19_15_08.263035.jpg
1161,69308.29637,20/RGB/Video_20_19_15_08.296370.jpg
1162,69308.329706,20/RGB/Video_20_19_15_08.329706.jpg
1163,69308.36304,20/RGB/Video_20_19_15_08.363040.jpg
1164,69308.396371,20/RGB/Video_20_19_15_08.396371.jpg
1165,69308.429706,20/RGB/Video_20_19_15_08.429706.jpg
1166,69308.46304,20/RGB/Video_20_19_15_08.463040.jpg
1167,69308.496373,20/RGB/Video_20_19_15_08.496373.jpg
1168,69308.529708,20/RGB/Video_20_19_15_08.529708.jpg
1169,69308.563042,20/RGB/Video_20_19_15_08.563042.jpg
1170,69308.596376,20/RGB/Video_20_19_15_08.596376.jpg
1171,69308.629712,20/RGB/Video_20_19_15_08.629712.jpg
1172,69308.663044,20/RGB/Video_20_19_15_08.663044.jpg
1173,69308.69638,20/RGB/Video_20_19_15_08.696380.jpg
1174,69308.729712,20/RGB/Video_20_19_15_08.729712.jpg
1175,69308.763046,20/RGB/Video_20_19_15_08.763046.jpg
1176,69308.796379,20/RGB/Video_20_19_15_08.796379.jpg
1177,69308.829714,20/RGB/Video_20_19_15_08.829714.jpg
1178,69308.863051,20/RGB/Video_20_19_15_08.863051.jpg
1179,69308.896382,20/RGB/Video_20_19_15_08.896382.jpg
1180,69308.929716,20/RGB/Video_20_19_15_08.929716.jpg
1181,69308.963049,20/RGB/Video_20_19_15_08.963049.jpg
1182,69308.996384,20/RGB/Video_20_19_15_08.996384.jpg
1183,69309.029718,20/RGB/Video_20_19_15_09.029718.jpg
1184,69309.063726,20/RGB/Video_20_19_15_09.063726.jpg
1185,69309.097061,20/RGB/Video_20_19_15_09.097061.jpg
1186,69309.130394,20/RGB/Video_20_19_15_09.130394.jpg
1187,69309.163729,20/RGB/Video_20_19_15_09.163729.jpg
1188,69309.197063,20/RGB/Video_20_19_15_09.197063.jpg
1189,69309.230397,20/RGB/Video_20_19_15_09.230397.jpg
1190,69309.26373,20/RGB/Video_20_19_15_09.263730.jpg
1191,69309.297068,20/RGB/Video_20_19_15_09.297068.jpg
1192,69309.330398,20/RGB/Video_20_19_15_09.330398.jpg
1193,69309.363732,20/RGB/Video_20_19_15_09.363732.jpg
1194,69309.397066,20/RGB/Video_20_19_15_09.397066.jpg
1195,69309.430403,20/RGB/Video_20_19_15_09.430403.jpg
1196,69309.463734,20/RGB/Video_20_19_15_09.463734.jpg
1197,69309.497093,20/RGB/Video_20_19_15_09.497093.jpg
1198,69309.530427,20/RGB/Video_20_19_15_09.530427.jpg
1199,69309.56376,20/RGB/Video_20_19_15_09.563760.jpg
1200,69309.597095,20/RGB/Video_20_19_15_09.597095.jpg
1201,69309.630428,20/RGB/Video_20_19_15_09.630428.jpg
1202,69309.663763,20/RGB/Video_20_19_15_09.663763.jpg
1203,69309.697097,20/RGB/Video_20_19_15_09.697097.jpg
1204,69309.730431,20/RGB/Video_20_19_15_09.730431.jpg
1205,69309.763765,20/RGB/Video_20_19_15_09.763765.jpg
1206,69309.797098,20/RGB/Video_20_19_15_09.797098.jpg
1207,69309.830435,20/RGB/Video_20_19_15_09.830435.jpg
1208,69309.863766,20/RGB/Video_20_19_15_09.863766.jpg
1209,69309.897101,20/RGB/Video_20_19_15_09.897101.jpg
1210,69309.930437,20/RGB/Video_20_19_15_09.930437.jpg
1211,69309.963771,20/RGB/Video_20_19_15_09.963771.jpg
1212,69309.997105,20/RGB/Video_20_19_15_09.997105.jpg
1213,69310.030437,20/RGB/Video_20_19_15_10.030437.jpg
1214,69310.06377,20/RGB/Video_20_19_15_10.063770.jpg
1215,69310.097105,20/RGB/Video_20_19_15_10.097105.jpg
1216,69310.130439,20/RGB/Video_20_19_15_10.130439.jpg
1217,69310.163772,20/RGB/Video_20_19_15_10.163772.jpg
1218,69310.197109,20/RGB/Video_20_19_15_10.197109.jpg
1219,69310.230441,20/RGB/Video_20_19_15_10.230441.jpg
1220,69310.263777,20/RGB/Video_20_19_15_10.263777.jpg
1221,69310.297111,20/RGB/Video_20_19_15_10.297111.jpg
1222,69310.330445,20/RGB/Video_20_19_15_10.330445.jpg
1223,69310.363778,20/RGB/Video_20_19_15_10.363778.jpg
1224,69310.397111,20/RGB/Video_20_19_15_10.397111.jpg
1225,69310.430445,20/RGB/Video_20_19_15_10.430445.jpg
1226,69310.463783,20/RGB/Video_20_19_15_10.463783.jpg
1227,69310.497116,20/RGB/Video_20_19_15_10.497116.jpg
1228,69310.53045,20/RGB/Video_20_19_15_10.530450.jpg
1229,69310.563784,20/RGB/Video_20_19_15_10.563784.jpg
1230,69310.597118,20/RGB/Video_20_19_15_10.597118.jpg
1231,69310.63045,20/RGB/Video_20_19_15_10.630450.jpg
1232,69310.663786,20/RGB/Video_20_19_15_10.663786.jpg
1233,69310.697117,20/RGB/Video_20_19_15_10.697117.jpg
1234,69310.730452,20/RGB/Video_20_19_15_10.730452.jpg
1235,69310.763788,20/RGB/Video_20_19_15_10.763788.jpg
1236,69310.79712,20/RGB/Video_20_19_15_10.797120.jpg
1237,69310.830454,20/RGB/Video_20_19_15_10.830454.jpg
1238,69310.86379,20/RGB/Video_20_19_15_10.863790.jpg
1239,69310.897124,20/RGB/Video_20_19_15_10.897124.jpg
1240,69310.930456,20/RGB/Video_20_19_15_10.930456.jpg
1241,69310.963789,20/RGB/Video_20_19_15_10.963789.jpg
1242,69310.997126,20/RGB/Video_20_19_15_10.997126.jpg
1243,69311.03046,20/RGB/Video_20_19_15_11.030460.jpg
1244,69311.063791,20/RGB/Video_20_19_15_11.063791.jpg
1245,69311.097128,20/RGB/Video_20_19_15_11.097128.jpg
1246,69311.13046,20/RGB/Video_20_19_15_11.130460.jpg
1247,69311.163794,20/RGB/Video_20_19_15_11.163794.jpg
1248,69311.19713,20/RGB/Video_20_19_15_11.197130.jpg
1249,69311.230462,20/RGB/Video_20_19_15_11.230462.jpg
1250,69311.263796,20/RGB/Video_20_19_15_11.263796.jpg
1251,69311.297129,20/RGB/Video_20_19_15_11.297129.jpg
1252,69311.330464,20/RGB/Video_20_19_15_11.330464.jpg
1253,69311.3638,20/RGB/Video_20_19_15_11.363800.jpg
1254,69311.397134,20/RGB/Video_20_19_15_11.397134.jpg
1255,69311.430468,20/RGB/Video_20_19_15_11.430468.jpg
1256,69311.4638,20/RGB/Video_20_19_15_11.463800.jpg
1257,69311.497133,20/RGB/Video_20_19_15_11.497133.jpg
1258,69311.53047,20/RGB/Video_20_19_15_11.530470.jpg
1259,69311.563802,20/RGB/Video_20_19_15_11.563802.jpg
1260,69311.597136,20/RGB/Video_20_19_15_11.597136.jpg
1261,69311.630472,20/RGB/Video_20_19_15_11.630472.jpg
1262,69311.663804,20/RGB/Video_20_19_15_11.663804.jpg
1263,69311.69714,20/RGB/Video_20_19_15_11.697140.jpg
1264,69311.730474,20/RGB/Video_20_19_15_11.730474.jpg
1265,69311.763806,20/RGB/Video_20_19_15_11.763806.jpg
1266,69311.79714,20/RGB/Video_20_19_15_11.797140.jpg
1267,69311.830476,20/RGB/Video_20_19_15_11.830476.jpg
1268,69311.863808,20/RGB/Video_20_19_15_11.863808.jpg
1269,69311.897142,20/RGB/Video_20_19_15_11.897142.jpg
1270,69311.930475,20/RGB/Video_20_19_15_11.930475.jpg
1271,69311.963812,20/RGB/Video_20_19_15_11.963812.jpg
1272,69311.997143,20/RGB/Video_20_19_15_11.997143.jpg
1273,69312.030478,20/RGB/Video_20_19_15_12.030478.jpg
1274,69312.063812,20/RGB/Video_20_19_15_12.063812.jpg
1275,69312.097146,20/RGB/Video_20_19_15_12.097146.jpg
1276,69312.13048,20/RGB/Video_20_19_15_12.130480.jpg
1277,69312.163814,20/RGB/Video_20_19_15_12.163814.jpg
1278,69312.197148,20/RGB/Video_20_19_15_12.197148.jpg
1279,69312.230482,20/RGB/Video_20_19_15_12.230482.jpg
1280,69312.264372,20/RGB/Video_20_19_15_12.264372.jpg
1281,69312.297707,20/RGB/Video_20_19_15_12.297707.jpg
1282,69312.331041,20/RGB/Video_20_19_15_12.331041.jpg
1283,69312.364375,20/RGB/Video_20_19_15_12.364375.jpg
1284,69312.397709,20/RGB/Video_20_19_15_12.397709.jpg
1285,69312.431042,20/RGB/Video_20_19_15_12.431042.jpg
1286,69312.464376,20/RGB/Video_20_19_15_12.464376.jpg
1287,69312.497711,20/RGB/Video_20_19_15_12.497711.jpg
1288,69312.531045,20/RGB/Video_20_19_15_12.531045.jpg
1289,69312.564381,20/RGB/Video_20_19_15_12.564381.jpg
1290,69312.597713,20/RGB/Video_20_19_15_12.597713.jpg
1291,69312.631047,20/RGB/Video_20_19_15_12.631047.jpg
1292,69312.664381,20/RGB/Video_20_19_15_12.664381.jpg
1293,69312.697714,20/RGB/Video_20_19_15_12.697714.jpg
1294,69312.731049,20/RGB/Video_20_19_15_12.731049.jpg
1295,69312.764383,20/RGB/Video_20_19_15_12.764383.jpg
1296,69312.797717,20/RGB/Video_20_19_15_12.797717.jpg
1297,69312.83105,20/RGB/Video_20_19_15_12.831050.jpg
1298,69312.864385,20/RGB/Video_20_19_15_12.864385.jpg
1299,69312.897719,20/RGB/Video_20_19_15_12.897719.jpg
1300,69312.931053,20/RGB/Video_20_19_15_12.931053.jpg
1301,69312.964386,20/RGB/Video_20_19_15_12.964386.jpg
1302,69312.997723,20/RGB/Video_20_19_15_12.997723.jpg
1303,69313.031055,20/RGB/Video_20_19_15_13.031055.jpg
1304,69313.064389,20/RGB/Video_20_19_15_13.064389.jpg
1305,69313.097722,20/RGB/Video_20_19_15_13.097722.jpg
1306,69313.131058,20/RGB/Video_20_19_15_13.131058.jpg
1307,69313.164391,20/RGB/Video_20_19_15_13.164391.jpg
1308,69313.197727,20/RGB/Video_20_19_15_13.197727.jpg
1309,69313.231059,20/RGB/Video_20_19_15_13.231059.jpg
1310,69313.264396,20/RGB/Video_20_19_15_13.264396.jpg
1311,69313.297727,20/RGB/Video_20_19_15_13.297727.jpg
1312,69313.331061,20/RGB/Video_20_19_15_13.331061.jpg
1313,69313.364395,20/RGB/Video_20_19_15_13.364395.jpg
1314,69313.397729,20/RGB/Video_20_19_15_13.397729.jpg
1315,69313.431062,20/RGB/Video_20_19_15_13.431062.jpg
1316,69313.464397,20/RGB/Video_20_19_15_13.464397.jpg
1317,69313.497734,20/RGB/Video_20_19_15_13.497734.jpg
1318,69313.531067,20/RGB/Video_20_19_15_13.531067.jpg
1319,69313.564401,20/RGB/Video_20_19_15_13.564401.jpg
1320,69313.597732,20/RGB/Video_20_19_15_13.597732.jpg
1321,69313.631067,20/RGB/Video_20_19_15_13.631067.jpg
1322,69313.664401,20/RGB/Video_20_19_15_13.664401.jpg
1323,69313.697734,20/RGB/Video_20_19_15_13.697734.jpg
1324,69313.731073,20/RGB/Video_20_19_15_13.731073.jpg
1325,69313.764409,20/RGB/Video_20_19_15_13.764409.jpg
1326,69313.797741,20/RGB/Video_20_19_15_13.797741.jpg
1327,69313.831075,20/RGB/Video_20_19_15_13.831075.jpg
1328,69313.864408,20/RGB/Video_20_19_15_13.864408.jpg
1329,69313.897743,20/RGB/Video_20_19_15_13.897743.jpg
1330,69313.931079,20/RGB/Video_20_19_15_13.931079.jpg
1331,69313.964411,20/RGB/Video_20_19_15_13.964411.jpg
1332,69313.997748,20/RGB/Video_20_19_15_13.997748.jpg
1333,69314.031078,20/RGB/Video_20_19_15_14.031078.jpg
1334,69314.064413,20/RGB/Video_20_19_15_14.064413.jpg
1335,69314.097747,20/RGB/Video_20_19_15_14.097747.jpg
1336,69314.131081,20/RGB/Video_20_19_15_14.131081.jpg
1337,69314.164415,20/RGB/Video_20_19_15_14.164415.jpg
1338,69314.197751,20/RGB/Video_20_19_15_14.197751.jpg
1339,69314.231083,20/RGB/Video_20_19_15_14.231083.jpg
1340,69314.264417,20/RGB/Video_20_19_15_14.264417.jpg
1341,69314.29775,20/RGB/Video_20_19_15_14.297750.jpg
1342,69314.331085,20/RGB/Video_20_19_15_14.331085.jpg
1343,69314.364419,20/RGB/Video_20_19_15_14.364419.jpg
1344,69314.397756,20/RGB/Video_20_19_15_14.397756.jpg
1345,69314.431089,20/RGB/Video_20_19_15_14.431089.jpg
1346,69314.464421,20/RGB/Video_20_19_15_14.464421.jpg
1347,69314.497754,20/RGB/Video_20_19_15_14.497754.jpg
1348,69314.531089,20/RGB/Video_20_19_15_14.531089.jpg
1349,69314.564425,20/RGB/Video_20_19_15_14.564425.jpg
1350,69314.597757,20/RGB/Video_20_19_15_14.597757.jpg
1351,69314.631093,20/RGB/Video_20_19_15_14.631093.jpg
1352,69314.664427,20/RGB/Video_20_19_15_14.664427.jpg
1353,69314.697759,20/RGB/Video_20_19_15_14.697759.jpg
1354,69314.731093,20/RGB/Video_20_19_15_14.731093.jpg
1355,69314.764426,20/RGB/Video_20_19_15_14.764426.jpg
1356,69314.797761,20/RGB/Video_20_19_15_14.797761.jpg
1357,69314.831095,20/RGB/Video_20_19_15_14.831095.jpg
1358,69314.864429,20/RGB/Video_20_19_15_14.864429.jpg
1359,69314.897765,20/RGB/Video_20_19_15_14.897765.jpg
1360,69314.931099,20/RGB/Video_20_19_15_14.931099.jpg
1361,69314.964433,20/RGB/Video_20_19_15_14.964433.jpg
1362,69314.997764,20/RGB/Video_20_19_15_14.997764.jpg
1363,69315.031099,20/RGB/Video_20_19_15_15.031099.jpg
1364,69315.064433,20/RGB/Video_20_19_15_15.064433.jpg
1365,69315.097769,20/RGB/Video_20_19_15_15.097769.jpg
1366,69315.131101,20/RGB/Video_20_19_15_15.131101.jpg
1367,69315.164434,20/RGB/Video_20_19_15_15.164434.jpg
1368,69315.197768,20/RGB/Video_20_19_15_15.197768.jpg
1369,69315.231103,20/RGB/Video_20_19_15_15.231103.jpg
1370,69315.264437,20/RGB/Video_20_19_15_15.264437.jpg
1371,69315.297771,20/RGB/Video_20_19_15_15.297771.jpg
1372,69315.331107,20/RGB/Video_20_19_15_15.331107.jpg
1373,69315.364441,20/RGB/Video_20_19_15_15.364441.jpg
1374,69315.397776,20/RGB/Video_20_19_15_15.397776.jpg
1375,69315.431107,20/RGB/Video_20_19_15_15.431107.jpg
1376,69315.464441,20/RGB/Video_20_19_15_15.464441.jpg
1377,69315.497778,20/RGB/Video_20_19_15_15.497778.jpg
1378,69315.531109,20/RGB/Video_20_19_15_15.531109.jpg
1379,69315.564442,20/RGB/Video_20_19_15_15.564442.jpg
1380,69315.597777,20/RGB/Video_20_19_15_15.597777.jpg
1381,69315.631111,20/RGB/Video_20_19_15_15.631111.jpg
1382,69315.664445,20/RGB/Video_20_19_15_15.664445.jpg
1383,69315.697778,20/RGB/Video_20_19_15_15.697778.jpg
1384,69315.731112,20/RGB/Video_20_19_15_15.731112.jpg
1385,69315.764446,20/RGB/Video_20_19_15_15.764446.jpg
1386,69315.797781,20/RGB/Video_20_19_15_15.797781.jpg
1387,69315.831115,20/RGB/Video_20_19_15_15.831115.jpg
1388,69315.864448,20/RGB/Video_20_19_15_15.864448.jpg
1389,69315.897783,20/RGB/Video_20_19_15_15.897783.jpg
1390,69315.931116,20/RGB/Video_20_19_15_15.931116.jpg
1391,69315.964451,20/RGB/Video_20_19_15_15.964451.jpg
1392,69315.997787,20/RGB/Video_20_19_15_15.997787.jpg
1393,69316.031119,20/RGB/Video_20_19_15_16.031119.jpg
1394,69316.064452,20/RGB/Video_20_19_15_16.064452.jpg
1395,69316.097786,20/RGB/Video_20_19_15_16.097786.jpg
1396,69316.131121,20/RGB/Video_20_19_15_16.131121.jpg
1397,69316.164455,20/RGB/Video_20_19_15_16.164455.jpg
1398,69316.197789,20/RGB/Video_20_19_15_16.197789.jpg
1399,69316.231123,20/RGB/Video_20_19_15_16.231123.jpg
1400,69316.264457,20/RGB/Video_20_19_15_16.264457.jpg
1401,69316.29779,20/RGB/Video_20_19_15_16.297790.jpg
1402,69316.33116,20/RGB/Video_20_19_15_16.331160.jpg
1403,69316.364494,20/RGB/Video_20_19_15_16.364494.jpg
1404,69316.397828,20/RGB/Video_20_19_15_16.397828.jpg
1405,69316.431165,20/RGB/Video_20_19_15_16.431165.jpg
1406,69316.464496,20/RGB/Video_20_19_15_16.464496.jpg
1407,69316.497829,20/RGB/Video_20_19_15_16.497829.jpg
1408,69316.531163,20/RGB/Video_20_19_15_16.531163.jpg
1409,69316.564498,20/RGB/Video_20_19_15_16.564498.jpg
1410,69316.597832,20/RGB/Video_20_19_15_16.597832.jpg
1411,69316.631165,20/RGB/Video_20_19_15_16.631165.jpg
1412,69316.6645,20/RGB/Video_20_19_15_16.664500.jpg
1413,69316.697834,20/RGB/Video_20_19_15_16.697834.jpg
1414,69316.731167,20/RGB/Video_20_19_15_16.731167.jpg
1415,69316.764505,20/RGB/Video_20_19_15_16.764505.jpg
1416,69316.797836,20/RGB/Video_20_19_15_16.797836.jpg
1417,69316.831169,20/RGB/Video_20_19_15_16.831169.jpg
1418,69316.864503,20/RGB/Video_20_19_15_16.864503.jpg
1419,69316.897838,20/RGB/Video_20_19_15_16.897838.jpg
1420,69316.931172,20/RGB/Video_20_19_15_16.931172.jpg
1421,69316.964506,20/RGB/Video_20_19_15_16.964506.jpg
1422,69316.99784,20/RGB/Video_20_19_15_16.997840.jpg
1423,69317.031173,20/RGB/Video_20_19_15_17.031173.jpg
1424,69317.064507,20/RGB/Video_20_19_15_17.064507.jpg
1425,69317.097844,20/RGB/Video_20_19_15_17.097844.jpg
1426,69317.131176,20/RGB/Video_20_19_15_17.131176.jpg
1427,69317.164512,20/RGB/Video_20_19_15_17.164512.jpg
1428,69317.197844,20/RGB/Video_20_19_15_17.197844.jpg
1429,69317.231177,20/RGB/Video_20_19_15_17.231177.jpg
1430,69317.264514,20/RGB/Video_20_19_15_17.264514.jpg
1431,69317.297848,20/RGB/Video_20_19_15_17.297848.jpg
1432,69317.33118,20/RGB/Video_20_19_15_17.331180.jpg
1433,69317.364514,20/RGB/Video_20_19_15_17.364514.jpg
1434,69317.39785,20/RGB/Video_20_19_15_17.397850.jpg
1435,69317.431182,20/RGB/Video_20_19_15_17.431182.jpg
1436,69317.464516,20/RGB/Video_20_19_15_17.464516.jpg
1437,69317.49785,20/RGB/Video_20_19_15_17.497850.jpg
1438,69317.531184,20/RGB/Video_20_19_15_17.531184.jpg
1439,69317.564518,20/RGB/Video_20_19_15_17.564518.jpg
1440,69317.597852,20/RGB/Video_20_19_15_17.597852.jpg
1441,69317.631188,20/RGB/Video_20_19_15_17.631188.jpg
1442,69317.66452,20/RGB/Video_20_19_15_17.664520.jpg
1443,69317.697856,20/RGB/Video_20_19_15_17.697856.jpg
1444,69317.731188,20/RGB/Video_20_19_15_17.731188.jpg
1445,69317.764524,20/RGB/Video_20_19_15_17.764524.jpg
1446,69317.797858,20/RGB/Video_20_19_15_17.797858.jpg
1447,69317.831192,20/RGB/Video_20_19_15_17.831192.jpg
1448,69317.864526,20/RGB/Video_20_19_15_17.864526.jpg
1449,69317.89786,20/RGB/Video_20_19_15_17.897860.jpg
1450,69317.931191,20/RGB/Video_20_19_15_17.931191.jpg
1451,69317.964526,20/RGB/Video_20_19_15_17.964526.jpg
1452,69317.997862,20/RGB/Video_20_19_15_17.997862.jpg
1453,69318.031194,20/RGB/Video_20_19_15_18.031194.jpg
1454,69318.06453,20/RGB/Video_20_19_15_18.064530.jpg
1455,69318.097864,20/RGB/Video_20_19_15_18.097864.jpg
1456,69318.131196,20/RGB/Video_20_19_15_18.131196.jpg
1457,69318.164532,20/RGB/Video_20_19_15_18.164532.jpg
1458,69318.197866,20/RGB/Video_20_19_15_18.197866.jpg
1459,69318.231198,20/RGB/Video_20_19_15_18.231198.jpg
1460,69318.264534,20/RGB/Video_20_19_15_18.264534.jpg
1461,69318.297869,20/RGB/Video_20_19_15_18.297869.jpg
1462,69318.331202,20/RGB/Video_20_19_15_18.331202.jpg
1463,69318.364533,20/RGB/Video_20_19_15_18.364533.jpg
1464,69318.397867,20/RGB/Video_20_19_15_18.397867.jpg
1465,69318.431202,20/RGB/Video_20_19_15_18.431202.jpg
1466,69318.464535,20/RGB/Video_20_19_15_18.464535.jpg
1467,69318.497872,20/RGB/Video_20_19_15_18.497872.jpg
1468,69318.531204,20/RGB/Video_20_19_15_18.531204.jpg
1469,69318.564538,20/RGB/Video_20_19_15_18.564538.jpg
1470,69318.597872,20/RGB/Video_20_19_15_18.597872.jpg
1471,69318.631206,20/RGB/Video_20_19_15_18.631206.jpg
1472,69318.66454,20/RGB/Video_20_19_15_18.664540.jpg
1473,69318.697874,20/RGB/Video_20_19_15_18.697874.jpg
1474,69318.731207,20/RGB/Video_20_19_15_18.731207.jpg
1475,69318.764542,20/RGB/Video_20_19_15_18.764542.jpg
1476,69318.797876,20/RGB/Video_20_19_15_18.797876.jpg
1477,69318.83165,20/RGB/Video_20_19_15_18.831650.jpg
1478,69318.864983,20/RGB/Video_20_19_15_18.864983.jpg
1479,69318.898318,20/RGB/Video_20_19_15_18.898318.jpg
1480,69318.931651,20/RGB/Video_20_19_15_18.931651.jpg
1481,69318.964985,20/RGB/Video_20_19_15_18.964985.jpg
1482,69318.99832,20/RGB/Video_20_19_15_18.998320.jpg
1483,69319.031654,20/RGB/Video_20_19_15_19.031654.jpg
1484,69319.064988,20/RGB/Video_20_19_15_19.064988.jpg
1485,69319.098322,20/RGB/Video_20_19_15_19.098322.jpg
1486,69319.131656,20/RGB/Video_20_19_15_19.131656.jpg
1487,69319.16499,20/RGB/Video_20_19_15_19.164990.jpg
1488,69319.198323,20/RGB/Video_20_19_15_19.198323.jpg
1489,69319.231657,20/RGB/Video_20_19_15_19.231657.jpg
1490,69319.264992,20/RGB/Video_20_19_15_19.264992.jpg
1491,69319.298325,20/RGB/Video_20_19_15_19.298325.jpg
1492,69319.33166,20/RGB/Video_20_19_15_19.331660.jpg
1493,69319.364994,20/RGB/Video_20_19_15_19.364994.jpg
1494,69319.398328,20/RGB/Video_20_19_15_19.398328.jpg
1495,69319.431661,20/RGB/Video_20_19_15_19.431661.jpg
1496,69319.464995,20/RGB/Video_20_19_15_19.464995.jpg
1497,69319.49833,20/RGB/Video_20_19_15_19.498330.jpg
1498,69319.53168,20/RGB/Video_20_19_15_19.531680.jpg
1499,69319.565014,20/RGB/Video_20_19_15_19.565014.jpg
1500,69319.598348,20/RGB/Video_20_19_15_19.598348.jpg
1501,69319.631682,20/RGB/Video_20_19_15_19.631682.jpg
1502,69319.665016,20/RGB/Video_20_19_15_19.665016.jpg
1503,69319.69835,20/RGB/Video_20_19_15_19.698350.jpg
1504,69319.731684,20/RGB/Video_20_19_15_19.731684.jpg
1505,69319.765028,20/RGB/Video_20_19_15_19.765028.jpg
1506,69319.798362,20/RGB/Video_20_19_15_19.798362.jpg
1507,69319.831693,20/RGB/Video_20_19_15_19.831693.jpg
1508,69319.865027,20/RGB/Video_20_19_15_19.865027.jpg
1509,69319.89836,20/RGB/Video_20_19_15_19.898360.jpg
1510,69319.931695,20/RGB/Video_20_19_15_19.931695.jpg
1511,69319.965029,20/RGB/Video_20_19_15_19.965029.jpg
1512,69319.998363,20/RGB/Video_20_19_15_19.998363.jpg
1513,69320.031697,20/RGB/Video_20_19_15_20.031697.jpg
1514,69320.065033,20/RGB/Video_20_19_15_20.065033.jpg
1515,69320.098365,20/RGB/Video_20_19_15_20.098365.jpg
1516,69320.131699,20/RGB/Video_20_19_15_20.131699.jpg
1517,69320.165037,20/RGB/Video_20_19_15_20.165037.jpg
1518,69320.198371,20/RGB/Video_20_19_15_20.198371.jpg
1519,69320.231705,20/RGB/Video_20_19_15_20.231705.jpg
1520,69320.265048,20/RGB/Video_20_19_15_20.265048.jpg
1521,69320.29837,20/RGB/Video_20_19_15_20.298370.jpg
1522,69320.331705,20/RGB/Video_20_19_15_20.331705.jpg
1523,69320.365041,20/RGB/Video_20_19_15_20.365041.jpg
1524,69320.398373,20/RGB/Video_20_19_15_20.398373.jpg
1525,69320.431707,20/RGB/Video_20_19_15_20.431707.jpg
1526,69320.465041,20/RGB/Video_20_19_15_20.465041.jpg
1527,69320.498375,20/RGB/Video_20_19_15_20.498375.jpg
1528,69320.531711,20/RGB/Video_20_19_15_20.531711.jpg
1529,69320.565045,20/RGB/Video_20_19_15_20.565045.jpg
1530,69320.598377,20/RGB/Video_20_19_15_20.598377.jpg
1531,69320.631711,20/RGB/Video_20_19_15_20.631711.jpg
1532,69320.665044,20/RGB/Video_20_19_15_20.665044.jpg
1533,69320.698379,20/RGB/Video_20_19_15_20.698379.jpg
1534,69320.731713,20/RGB/Video_20_19_15_20.731713.jpg
1535,69320.765051,20/RGB/Video_20_19_15_20.765051.jpg
1536,69320.798381,20/RGB/Video_20_19_15_20.798381.jpg
1537,69320.831717,20/RGB/Video_20_19_15_20.831717.jpg
1538,69320.865051,20/RGB/Video_20_19_15_20.865051.jpg
1539,69320.898382,20/RGB/Video_20_19_15_20.898382.jpg
1540,69320.931716,20/RGB/Video_20_19_15_20.931716.jpg
1541,69320.965051,20/RGB/Video_20_19_15_20.965051.jpg
1542,69320.998385,20/RGB/Video_20_19_15_20.998385.jpg
1543,69321.031722,20/RGB/Video_20_19_15_21.031722.jpg
1544,69321.065055,20/RGB/Video_20_19_15_21.065055.jpg
1545,69321.098386,20/RGB/Video_20_19_15_21.098386.jpg
1546,69321.131721,20/RGB/Video_20_19_15_21.131721.jpg
1547,69321.165055,20/RGB/Video_20_19_15_21.165055.jpg
1548,69321.198392,20/RGB/Video_20_19_15_21.198392.jpg
1549,69321.231723,20/RGB/Video_20_19_15_21.231723.jpg
1550,69321.265057,20/RGB/Video_20_19_15_21.265057.jpg
1551,69321.298391,20/RGB/Video_20_19_15_21.298391.jpg
1552,69321.331725,20/RGB/Video_20_19_15_21.331725.jpg
1553,69321.365059,20/RGB/Video_20_19_15_21.365059.jpg
1554,69321.398395,20/RGB/Video_20_19_15_21.398395.jpg
1555,69321.431729,20/RGB/Video_20_19_15_21.431729.jpg
1556,69321.465063,20/RGB/Video_20_19_15_21.465063.jpg
1557,69321.498395,20/RGB/Video_20_19_15_21.498395.jpg
1558,69321.531731,20/RGB/Video_20_19_15_21.531731.jpg
1559,69321.565062,20/RGB/Video_20_19_15_21.565062.jpg
1560,69321.598397,20/RGB/Video_20_19_15_21.598397.jpg
1561,69321.63173,20/RGB/Video_20_19_15_21.631730.jpg
1562,69321.665065,20/RGB/Video_20_19_15_21.665065.jpg
1563,69321.698399,20/RGB/Video_20_19_15_21.698399.jpg
1564,69321.731732,20/RGB/Video_20_19_15_21.731732.jpg
1565,69321.765069,20/RGB/Video_20_19_15_21.765069.jpg
1566,69321.798401,20/RGB/Video_20_19_15_21.798401.jpg
1567,69321.831738,20/RGB/Video_20_19_15_21.831738.jpg
1568,69321.865071,20/RGB/Video_20_19_15_21.865071.jpg
1569,69321.898403,20/RGB/Video_20_19_15_21.898403.jpg
1570,69321.931737,20/RGB/Video_20_19_15_21.931737.jpg
1571,69321.965071,20/RGB/Video_20_19_15_21.965071.jpg
1572,69321.998405,20/RGB/Video_20_19_15_21.998405.jpg
1573,69322.031739,20/RGB/Video_20_19_15_22.031739.jpg
1574,69322.065075,20/RGB/Video_20_19_15_22.065075.jpg
1575,69322.099066,20/RGB/Video_20_19_15_22.099066.jpg
1576,69322.132401,20/RGB/Video_20_19_15_22.132401.jpg
1577,69322.165735,20/RGB/Video_20_19_15_22.165735.jpg
1578,69322.199069,20/RGB/Video_20_19_15_22.199069.jpg
1579,69322.232402,20/RGB/Video_20_19_15_22.232402.jpg
1580,69322.265737,20/RGB/Video_20_19_15_22.265737.jpg
1581,69322.299071,20/RGB/Video_20_19_15_22.299071.jpg
1582,69322.332404,20/RGB/Video_20_19_15_22.332404.jpg
1583,69322.365739,20/RGB/Video_20_19_15_22.365739.jpg
1584,69322.399072,20/RGB/Video_20_19_15_22.399072.jpg
1585,69322.432407,20/RGB/Video_20_19_15_22.432407.jpg
1586,69322.465741,20/RGB/Video_20_19_15_22.465741.jpg
1587,69322.499074,20/RGB/Video_20_19_15_22.499074.jpg
1588,69322.532409,20/RGB/Video_20_19_15_22.532409.jpg
1589,69322.565743,20/RGB/Video_20_19_15_22.565743.jpg
1590,69322.599076,20/RGB/Video_20_19_15_22.599076.jpg
1591,69322.632411,20/RGB/Video_20_19_15_22.632411.jpg
1592,69322.665745,20/RGB/Video_20_19_15_22.665745.jpg
1593,69322.699078,20/RGB/Video_20_19_15_22.699078.jpg
1594,69322.732413,20/RGB/Video_20_19_15_22.732413.jpg
1595,69322.765747,20/RGB/Video_20_19_15_22.765747.jpg
1596,69322.799081,20/RGB/Video_20_19_15_22.799081.jpg
1597,69322.832417,20/RGB/Video_20_19_15_22.832417.jpg
1598,69322.865749,20/RGB/Video_20_19_15_22.865749.jpg
1599,69322.899083,20/RGB/Video_20_19_15_22.899083.jpg
1600,69322.932416,20/RGB/Video_20_19_15_22.932416.jpg
1601,69322.965751,20/RGB/Video_20_19_15_22.965751.jpg
1602,69322.999085,20/RGB/Video_20_19_15_22.999085.jpg
1603,69323.032421,20/RGB/Video_20_19_15_23.032421.jpg
1604,69323.065753,20/RGB/Video_20_19_15_23.065753.jpg
1605,69323.099087,20/RGB/Video_20_19_15_23.099087.jpg
1606,69323.13242,20/RGB/Video_20_19_15_23.132420.jpg
1607,69323.165758,20/RGB/Video_20_19_15_23.165758.jpg
1608,69323.199089,20/RGB/Video_20_19_15_23.199089.jpg
1609,69323.232422,20/RGB/Video_20_19_15_23.232422.jpg
1610,69323.265757,20/RGB/Video_20_19_15_23.265757.jpg
1611,69323.29909,20/RGB/Video_20_19_15_23.299090.jpg
1612,69323.332427,20/RGB/Video_20_19_15_23.332427.jpg
1613,69323.365759,20/RGB/Video_20_19_15_23.365759.jpg
1614,69323.399093,20/RGB/Video_20_19_15_23.399093.jpg
1615,69323.43243,20/RGB/Video_20_19_15_23.432430.jpg
1616,69323.465761,20/RGB/Video_20_19_15_23.465761.jpg
1617,69323.499097,20/RGB/Video_20_19_15_23.499097.jpg
1618,69323.532429,20/RGB/Video_20_19_15_23.532429.jpg
1619,69323.565763,20/RGB/Video_20_19_15_23.565763.jpg
1620,69323.599099,20/RGB/Video_20_19_15_23.599099.jpg
1621,69323.632433,20/RGB/Video_20_19_15_23.632433.jpg
1622,69323.665765,20/RGB/Video_20_19_15_23.665765.jpg
1623,69323.699101,20/RGB/Video_20_19_15_23.699101.jpg
1624,69323.732433,20/RGB/Video_20_19_15_23.732433.jpg
1625,69323.765767,20/RGB/Video_20_19_15_23.765767.jpg
1626,69323.799101,20/RGB/Video_20_19_15_23.799101.jpg
1627,69323.832437,20/RGB/Video_20_19_15_23.832437.jpg
1628,69323.865769,20/RGB/Video_20_19_15_23.865769.jpg
1629,69323.899103,20/RGB/Video_20_19_15_23.899103.jpg
1630,69323.932437,20/RGB/Video_20_19_15_23.932437.jpg
1631,69323.965771,20/RGB/Video_20_19_15_23.965771.jpg
1632,69323.999107,20/RGB/Video_20_19_15_23.999107.jpg
1633,69324.032441,20/RGB/Video_20_19_15_24.032441.jpg
1634,69324.065772,20/RGB/Video_20_19_15_24.065772.jpg
1635,69324.099106,20/RGB/Video_20_19_15_24.099106.jpg
1636,69324.132441,20/RGB/Video_20_19_15_24.132441.jpg
1637,69324.165775,20/RGB/Video_20_19_15_24.165775.jpg
1638,69324.199111,20/RGB/Video_20_19_15_24.199111.jpg
1639,69324.232445,20/RGB/Video_20_19_15_24.232445.jpg
1640,69324.265777,20/RGB/Video_20_19_15_24.265777.jpg
1641,69324.299113,20/RGB/Video_20_19_15_24.299113.jpg
1642,69324.332445,20/RGB/Video_20_19_15_24.332445.jpg
1643,69324.365779,20/RGB/Video_20_19_15_24.365779.jpg
1644,69324.399113,20/RGB/Video_20_19_15_24.399113.jpg
1645,69324.432449,20/RGB/Video_20_19_15_24.432449.jpg
1646,69324.465782,20/RGB/Video_20_19_15_24.465782.jpg
1647,69324.499115,20/RGB/Video_20_19_15_24.499115.jpg
1648,69324.532449,20/RGB/Video_20_19_15_24.532449.jpg
1649,69324.565783,20/RGB/Video_20_19_15_24.565783.jpg
1650,69324.599116,20/RGB/Video_20_19_15_24.599116.jpg
1651,69324.632451,20/RGB/Video_20_19_15_24.632451.jpg
1652,69324.665787,20/RGB/Video_20_19_15_24.665787.jpg
1653,69324.69912,20/RGB/Video_20_19_15_24.699120.jpg
1654,69324.732455,20/RGB/Video_20_19_15_24.732455.jpg
1655,69324.765787,20/RGB/Video_20_19_15_24.765787.jpg
1656,69324.79912,20/RGB/Video_20_19_15_24.799120.jpg
1657,69324.832457,20/RGB/Video_20_19_15_24.832457.jpg
1658,69324.865789,20/RGB/Video_20_19_15_24.865789.jpg
1659,69324.899125,20/RGB/Video_20_19_15_24.899125.jpg
1660,69324.932457,20/RGB/Video_20_19_15_24.932457.jpg
1661,69324.965791,20/RGB/Video_20_19_15_24.965791.jpg
1662,69324.999125,20/RGB/Video_20_19_15_24.999125.jpg
1663,69325.032459,20/RGB/Video_20_19_15_25.032459.jpg
1664,69325.065793,20/RGB/Video_20_19_15_25.065793.jpg
1665,69325.099129,20/RGB/Video_20_19_15_25.099129.jpg
1666,69325.132463,20/RGB/Video_20_19_15_25.132463.jpg
1667,69325.165795,20/RGB/Video_20_19_15_25.165795.jpg
1668,69325.199131,20/RGB/Video_20_19_15_25.199131.jpg
1669,69325.232465,20/RGB/Video_20_19_15_25.232465.jpg
1670,69325.265797,20/RGB/Video_20_19_15_25.265797.jpg
1671,69325.300113,20/RGB/Video_20_19_15_25.300113.jpg
1672,69325.333448,20/RGB/Video_20_19_15_25.333448.jpg
1673,69325.366785,20/RGB/Video_20_19_15_25.366785.jpg
1674,69325.400115,20/RGB/Video_20_19_15_25.400115.jpg
1675,69325.43345,20/RGB/Video_20_19_15_25.433450.jpg
1676,69325.466784,20/RGB/Video_20_19_15_25.466784.jpg
1677,69325.500118,20/RGB/Video_20_19_15_25.500118.jpg
1678,69325.533452,20/RGB/Video_20_19_15_25.533452.jpg
1679,69325.566786,20/RGB/Video_20_19_15_25.566786.jpg
1680,69325.600119,20/RGB/Video_20_19_15_25.600119.jpg
1681,69325.633454,20/RGB/Video_20_19_15_25.633454.jpg
1682,69325.666788,20/RGB/Video_20_19_15_25.666788.jpg
1683,69325.700122,20/RGB/Video_20_19_15_25.700122.jpg
1684,69325.733456,20/RGB/Video_20_19_15_25.733456.jpg
1685,69325.76679,20/RGB/Video_20_19_15_25.766790.jpg
1686,69325.800124,20/RGB/Video_20_19_15_25.800124.jpg
1687,69325.833458,20/RGB/Video_20_19_15_25.833458.jpg
1688,69325.866792,20/RGB/Video_20_19_15_25.866792.jpg
1689,69325.900125,20/RGB/Video_20_19_15_25.900125.jpg
1690,69325.93346,20/RGB/Video_20_19_15_25.933460.jpg
1691,69325.966797,20/RGB/Video_20_19_15_25.966797.jpg
1692,69326.000128,20/RGB/Video_20_19_15_26.000128.jpg
1693,69326.033462,20/RGB/Video_20_19_15_26.033462.jpg
1694,69326.066796,20/RGB/Video_20_19_15_26.066796.jpg
1695,69326.10013,20/RGB/Video_20_19_15_26.100130.jpg
1696,69326.133464,20/RGB/Video_20_19_15_26.133464.jpg
1697,69326.1668,20/RGB/Video_20_19_15_26.166800.jpg
1698,69326.200134,20/RGB/Video_20_19_15_26.200134.jpg
1699,69326.233466,20/RGB/Video_20_19_15_26.233466.jpg
1700,69326.266799,20/RGB/Video_20_19_15_26.266799.jpg
1701,69326.300134,20/RGB/Video_20_19_15_26.300134.jpg
1702,69326.333468,20/RGB/Video_20_19_15_26.333468.jpg
1703,69326.366802,20/RGB/Video_20_19_15_26.366802.jpg
1704,69326.400136,20/RGB/Video_20_19_15_26.400136.jpg
1705,69326.43347,20/RGB/Video_20_19_15_26.433470.jpg
1706,69326.466804,20/RGB/Video_20_19_15_26.466804.jpg
1707,69326.500138,20/RGB/Video_20_19_15_26.500138.jpg
1708,69326.533472,20/RGB/Video_20_19_15_26.533472.jpg
1709,69326.566806,20/RGB/Video_20_19_15_26.566806.jpg
1710,69326.600142,20/RGB/Video_20_19_15_26.600142.jpg
1711,69326.633474,20/RGB/Video_20_19_15_26.633474.jpg
1712,69326.66681,20/RGB/Video_20_19_15_26.666810.jpg
1713,69326.700142,20/RGB/Video_20_19_15_26.700142.jpg
1714,69326.733478,20/RGB/Video_20_19_15_26.733478.jpg
1715,69326.76681,20/RGB/Video_20_19_15_26.766810.jpg
1716,69326.800144,20/RGB/Video_20_19_15_26.800144.jpg
1717,69326.83348,20/RGB/Video_20_19_15_26.833480.jpg
1718,69326.866814,20/RGB/Video_20_19_15_26.866814.jpg
1719,69326.900145,20/RGB/Video_20_19_15_26.900145.jpg
1720,69326.93348,20/RGB/Video_20_19_15_26.933480.jpg
1721,69326.966814,20/RGB/Video_20_19_15_26.966814.jpg
1722,69327.000148,20/RGB/Video_20_19_15_27.000148.jpg
1723,69327.033484,20/RGB/Video_20_19_15_27.033484.jpg
1724,69327.066816,20/RGB/Video_20_19_15_27.066816.jpg
1725,69327.100152,20/RGB/Video_20_19_15_27.100152.jpg
1726,69327.133484,20/RGB/Video_20_19_15_27.133484.jpg
1727,69327.166818,20/RGB/Video_20_19_15_27.166818.jpg
1728,69327.200154,20/RGB/Video_20_19_15_27.200154.jpg
1729,69327.233486,20/RGB/Video_20_19_15_27.233486.jpg
1730,69327.26682,20/RGB/Video_20_19_15_27.266820.jpg
1731,69327.300156,20/RGB/Video_20_19_15_27.300156.jpg
1732,69327.333488,20/RGB/Video_20_19_15_27.333488.jpg
1733,69327.366822,20/RGB/Video_20_19_15_27.366822.jpg
1734,69327.400156,20/RGB/Video_20_19_15_27.400156.jpg
1735,69327.43349,20/RGB/Video_20_19_15_27.433490.jpg
1736,69327.466826,20/RGB/Video_20_19_15_27.466826.jpg
1737,69327.500158,20/RGB/Video_20_19_15_27.500158.jpg
1738,69327.533494,20/RGB/Video_20_19_15_27.533494.jpg
1739,69327.566826,20/RGB/Video_20_19_15_27.566826.jpg
1740,69327.600159,20/RGB/Video_20_19_15_27.600159.jpg
1741,69327.633496,20/RGB/Video_20_19_15_27.633496.jpg
1742,69327.666827,20/RGB/Video_20_19_15_27.666827.jpg
1743,69327.700162,20/RGB/Video_20_19_15_27.700162.jpg
1744,69327.733498,20/RGB/Video_20_19_15_27.733498.jpg
1745,69327.76683,20/RGB/Video_20_19_15_27.766830.jpg
1746,69327.800163,20/RGB/Video_20_19_15_27.800163.jpg
1747,69327.833498,20/RGB/Video_20_19_15_27.833498.jpg
1748,69327.866832,20/RGB/Video_20_19_15_27.866832.jpg
1749,69327.900168,20/RGB/Video_20_19_15_27.900168.jpg
1750,69327.9335,20/RGB/Video_20_19_15_27.933500.jpg
1751,69327.966836,20/RGB/Video_20_19_15_27.966836.jpg
1752,69328.000168,20/RGB/Video_20_19_15_28.000168.jpg
1753,69328.033502,20/RGB/Video_20_19_15_28.033502.jpg
1754,69328.066836,20/RGB/Video_20_19_15_28.066836.jpg
1755,69328.10017,20/RGB/Video_20_19_15_28.100170.jpg
1756,69328.133506,20/RGB/Video_20_19_15_28.133506.jpg
1757,69328.166838,20/RGB/Video_20_19_15_28.166838.jpg
1758,69328.200171,20/RGB/Video_20_19_15_28.200171.jpg
1759,69328.233506,20/RGB/Video_20_19_15_28.233506.jpg
1760,69328.26684,20/RGB/Video_20_19_15_28.266840.jpg
1761,69328.300174,20/RGB/Video_20_19_15_28.300174.jpg
1762,69328.333508,20/RGB/Video_20_19_15_28.333508.jpg
1763,69328.366842,20/RGB/Video_20_19_15_28.366842.jpg
1764,69328.400176,20/RGB/Video_20_19_15_28.400176.jpg
1765,69328.43351,20/RGB/Video_20_19_15_28.433510.jpg
1766,69328.466844,20/RGB/Video_20_19_15_28.466844.jpg
1767,69328.501116,20/RGB/Video_20_19_15_28.501116.jpg
1768,69328.53445,20/RGB/Video_20_19_15_28.534450.jpg
1769,69328.567784,20/RGB/Video_20_19_15_28.567784.jpg
1770,69328.601119,20/RGB/Video_20_19_15_28.601119.jpg
1771,69328.634453,20/RGB/Video_20_19_15_28.634453.jpg
1772,69328.667787,20/RGB/Video_20_19_15_28.667787.jpg
1773,69328.701121,20/RGB/Video_20_19_15_28.701121.jpg
1774,69328.734454,20/RGB/Video_20_19_15_28.734454.jpg
1775,69328.767789,20/RGB/Video_20_19_15_28.767789.jpg
1776,69328.801122,20/RGB/Video_20_19_15_28.801122.jpg
1777,69328.834457,20/RGB/Video_20_19_15_28.834457.jpg
1778,69328.867793,20/RGB/Video_20_19_15_28.867793.jpg
1779,69328.901125,20/RGB/Video_20_19_15_28.901125.jpg
1780,69328.934458,20/RGB/Video_20_19_15_28.934458.jpg
1781,69328.967793,20/RGB/Video_20_19_15_28.967793.jpg
1782,69329.001126,20/RGB/Video_20_19_15_29.001126.jpg
1783,69329.034461,20/RGB/Video_20_19_15_29.034461.jpg
1784,69329.067794,20/RGB/Video_20_19_15_29.067794.jpg
1785,69329.101129,20/RGB/Video_20_19_15_29.101129.jpg
1786,69329.134462,20/RGB/Video_20_19_15_29.134462.jpg
1787,69329.167799,20/RGB/Video_20_19_15_29.167799.jpg
1788,69329.201131,20/RGB/Video_20_19_15_29.201131.jpg
1789,69329.234467,20/RGB/Video_20_19_15_29.234467.jpg
1790,69329.267799,20/RGB/Video_20_19_15_29.267799.jpg
1791,69329.301133,20/RGB/Video_20_19_15_29.301133.jpg
1792,69329.334467,20/RGB/Video_20_19_15_29.334467.jpg
1793,69329.367804,20/RGB/Video_20_19_15_29.367804.jpg
1794,69329.401134,20/RGB/Video_20_19_15_29.401134.jpg
1795,69329.434471,20/RGB/Video_20_19_15_29.434471.jpg
1796,69329.467806,20/RGB/Video_20_19_15_29.467806.jpg
1797,69329.501139,20/RGB/Video_20_19_15_29.501139.jpg
1798,69329.53447,20/RGB/Video_20_19_15_29.534470.jpg
1799,69329.567808,20/RGB/Video_20_19_15_29.567808.jpg
1800,69329.601141,20/RGB/Video_20_19_15_29.601141.jpg
1801,69329.634473,20/RGB/Video_20_19_15_29.634473.jpg
1802,69329.667807,20/RGB/Video_20_19_15_29.667807.jpg
1803,69329.701141,20/RGB/Video_20_19_15_29.701141.jpg
1804,69329.734475,20/RGB/Video_20_19_15_29.734475.jpg
1805,69329.76781,20/RGB/Video_20_19_15_29.767810.jpg
1806,69329.801146,20/RGB/Video_20_19_15_29.801146.jpg
1807,69329.834478,20/RGB/Video_20_19_15_29.834478.jpg
1808,69329.867811,20/RGB/Video_20_19_15_29.867811.jpg
1809,69329.901148,20/RGB/Video_20_19_15_29.901148.jpg
1810,69329.934479,20/RGB/Video_20_19_15_29.934479.jpg
1811,69329.967816,20/RGB/Video_20_19_15_29.967816.jpg
1812,69330.001148,20/RGB/Video_20_19_15_30.001148.jpg
1813,69330.034484,20/RGB/Video_20_19_15_30.034484.jpg
1814,69330.067816,20/RGB/Video_20_19_15_30.067816.jpg
1815,69330.10115,20/RGB/Video_20_19_15_30.101150.jpg
1816,69330.134486,20/RGB/Video_20_19_15_30.134486.jpg
1817,69330.167818,20/RGB/Video_20_19_15_30.167818.jpg
1818,69330.201152,20/RGB/Video_20_19_15_30.201152.jpg
1819,69330.234486,20/RGB/Video_20_19_15_30.234486.jpg
1820,69330.267822,20/RGB/Video_20_19_15_30.267822.jpg
1821,69330.301154,20/RGB/Video_20_19_15_30.301154.jpg
1822,69330.334488,20/RGB/Video_20_19_15_30.334488.jpg
1823,69330.367822,20/RGB/Video_20_19_15_30.367822.jpg
1824,69330.401156,20/RGB/Video_20_19_15_30.401156.jpg
1825,69330.43449,20/RGB/Video_20_19_15_30.434490.jpg
1826,69330.467826,20/RGB/Video_20_19_15_30.467826.jpg
1827,69330.501158,20/RGB/Video_20_19_15_30.501158.jpg
1828,69330.534494,20/RGB/Video_20_19_15_30.534494.jpg
1829,69330.567829,20/RGB/Video_20_19_15_30.567829.jpg
1830,69330.601162,20/RGB/Video_20_19_15_30.601162.jpg
1831,69330.634494,20/RGB/Video_20_19_15_30.634494.jpg
1832,69330.66783,20/RGB/Video_20_19_15_30.667830.jpg
1833,69330.701161,20/RGB/Video_20_19_15_30.701161.jpg
1834,69330.734495,20/RGB/Video_20_19_15_30.734495.jpg
1835,69330.767829,20/RGB/Video_20_19_15_30.767829.jpg
1836,69330.801164,20/RGB/Video_20_19_15_30.801164.jpg
1837,69330.834499,20/RGB/Video_20_19_15_30.834499.jpg
1838,69330.867832,20/RGB/Video_20_19_15_30.867832.jpg
1839,69330.901168,20/RGB/Video_20_19_15_30.901168.jpg
1840,69330.9345,20/RGB/Video_20_19_15_30.934500.jpg
1841,69330.967834,20/RGB/Video_20_19_15_30.967834.jpg
1842,69331.001171,20/RGB/Video_20_19_15_31.001171.jpg
1843,69331.034502,20/RGB/Video_20_19_15_31.034502.jpg
1844,69331.067836,20/RGB/Video_20_19_15_31.067836.jpg
1845,69331.10117,20/RGB/Video_20_19_15_31.101170.jpg
1846,69331.134504,20/RGB/Video_20_19_15_31.134504.jpg
1847,69331.16784,20/RGB/Video_20_19_15_31.167840.jpg
1848,69331.201174,20/RGB/Video_20_19_15_31.201174.jpg
1849,69331.234506,20/RGB/Video_20_19_15_31.234506.jpg
1850,69331.267839,20/RGB/Video_20_19_15_31.267839.jpg
1851,69331.301174,20/RGB/Video_20_19_15_31.301174.jpg
1852,69331.334508,20/RGB/Video_20_19_15_31.334508.jpg
1853,69331.367842,20/RGB/Video_20_19_15_31.367842.jpg
1854,69331.401176,20/RGB/Video_20_19_15_31.401176.jpg
1855,69331.434511,20/RGB/Video_20_19_15_31.434511.jpg
1856,69331.467843,20/RGB/Video_20_19_15_31.467843.jpg
1857,69331.501178,20/RGB/Video_20_19_15_31.501178.jpg
1858,69331.534512,20/RGB/Video_20_19_15_31.534512.jpg
1859,69331.567846,20/RGB/Video_20_19_15_31.567846.jpg
1860,69331.60118,20/RGB/Video_20_19_15_31.601180.jpg
1861,69331.634513,20/RGB/Video_20_19_15_31.634513.jpg
1862,69331.668266,20/RGB/Video_20_19_15_31.668266.jpg
1863,69331.7016,20/RGB/Video_20_19_15_31.701600.jpg
1864,69331.734934,20/RGB/Video_20_19_15_31.734934.jpg
1865,69331.768268,20/RGB/Video_20_19_15_31.768268.jpg
1866,69331.801603,20/RGB/Video_20_19_15_31.801603.jpg
1867,69331.834937,20/RGB/Video_20_19_15_31.834937.jpg
1868,69331.868271,20/RGB/Video_20_19_15_31.868271.jpg
1869,69331.901605,20/RGB/Video_20_19_15_31.901605.jpg
1870,69331.934939,20/RGB/Video_20_19_15_31.934939.jpg
1871,69331.968273,20/RGB/Video_20_19_15_31.968273.jpg
1872,69332.00161,20/RGB/Video_20_19_15_32.001610.jpg
1873,69332.034941,20/RGB/Video_20_19_15_32.034941.jpg
1874,69332.068275,20/RGB/Video_20_19_15_32.068275.jpg
1875,69332.101609,20/RGB/Video_20_19_15_32.101609.jpg
1876,69332.134943,20/RGB/Video_20_19_15_32.134943.jpg
1877,69332.168279,20/RGB/Video_20_19_15_32.168279.jpg
1878,69332.20161,20/RGB/Video_20_19_15_32.201610.jpg
1879,69332.234944,20/RGB/Video_20_19_15_32.234944.jpg
1880,69332.268279,20/RGB/Video_20_19_15_32.268279.jpg
1881,69332.301612,20/RGB/Video_20_19_15_32.301612.jpg
1882,69332.334947,20/RGB/Video_20_19_15_32.334947.jpg
1883,69332.368284,20/RGB/Video_20_19_15_32.368284.jpg
1884,69332.401615,20/RGB/Video_20_19_15_32.401615.jpg
1885,69332.434949,20/RGB/Video_20_19_15_32.434949.jpg
1886,69332.468283,20/RGB/Video_20_19_15_32.468283.jpg
1887,69332.501616,20/RGB/Video_20_19_15_32.501616.jpg
1888,69332.53495,20/RGB/Video_20_19_15_32.534950.jpg
1889,69332.568285,20/RGB/Video_20_19_15_32.568285.jpg
1890,69332.601622,20/RGB/Video_20_19_15_32.601622.jpg
1891,69332.634953,20/RGB/Video_20_19_15_32.634953.jpg
1892,69332.668287,20/RGB/Video_20_19_15_32.668287.jpg
1893,69332.701623,20/RGB/Video_20_19_15_32.701623.jpg
1894,69332.734955,20/RGB/Video_20_19_15_32.734955.jpg
1895,69332.768291,20/RGB/Video_20_19_15_32.768291.jpg
1896,69332.801623,20/RGB/Video_20_19_15_32.801623.jpg
1897,69332.834959,20/RGB/Video_20_19_15_32.834959.jpg
1898,69332.868291,20/RGB/Video_20_19_15_32.868291.jpg
1899,69332.901625,20/RGB/Video_20_19_15_32.901625.jpg
1900,69332.934959,20/RGB/Video_20_19_15_32.934959.jpg
1901,69332.968293,20/RGB/Video_20_19_15_32.968293.jpg
1902,69333.001627,20/RGB/Video_20_19_15_33.001627.jpg
1903,69333.034964,20/RGB/Video_20_19_15_33.034964.jpg
1904,69333.068298,20/RGB/Video_20_19_15_33.068298.jpg
1905,69333.101632,20/RGB/Video_20_19_15_33.101632.jpg
1906,69333.134966,20/RGB/Video_20_19_15_33.134966.jpg
1907,69333.1683,20/RGB/Video_20_19_15_33.168300.jpg
1908,69333.201634,20/RGB/Video_20_19_15_33.201634.jpg
1909,69333.234976,20/RGB/Video_20_19_15_33.234976.jpg
1910,69333.268312,20/RGB/Video_20_19_15_33.268312.jpg
1911,69333.301646,20/RGB/Video_20_19_15_33.301646.jpg
1912,69333.33498,20/RGB/Video_20_19_15_33.334980.jpg
1913,69333.368312,20/RGB/Video_20_19_15_33.368312.jpg
1914,69333.401648,20/RGB/Video_20_19_15_33.401648.jpg
1915,69333.434982,20/RGB/Video_20_19_15_33.434982.jpg
1916,69333.468314,20/RGB/Video_20_19_15_33.468314.jpg
1917,69333.501647,20/RGB/Video_20_19_15_33.501647.jpg
1918,69333.534985,20/RGB/Video_20_19_15_33.534985.jpg
1919,69333.568316,20/RGB/Video_20_19_15_33.568316.jpg
1920,69333.60165,20/RGB/Video_20_19_15_33.601650.jpg
1921,69333.634986,20/RGB/Video_20_19_15_33.634986.jpg
1922,69333.66832,20/RGB/Video_20_19_15_33.668320.jpg
1923,69333.701654,20/RGB/Video_20_19_15_33.701654.jpg
1924,69333.734988,20/RGB/Video_20_19_15_33.734988.jpg
1925,69333.768319,20/RGB/Video_20_19_15_33.768319.jpg
1926,69333.801656,20/RGB/Video_20_19_15_33.801656.jpg
1927,69333.834988,20/RGB/Video_20_19_15_33.834988.jpg
1928,69333.868324,20/RGB/Video_20_19_15_33.868324.jpg
1929,69333.901656,20/RGB/Video_20_19_15_33.901656.jpg
1930,69333.93499,20/RGB/Video_20_19_15_33.934990.jpg
1931,69333.968326,20/RGB/Video_20_19_15_33.968326.jpg
1932,69334.00166,20/RGB/Video_20_19_15_34.001660.jpg
1933,69334.034993,20/RGB/Video_20_19_15_34.034993.jpg
1934,69334.06833,20/RGB/Video_20_19_15_34.068330.jpg
1935,69334.101665,20/RGB/Video_20_19_15_34.101665.jpg
1936,69334.134996,20/RGB/Video_20_19_15_34.134996.jpg
1937,69334.168332,20/RGB/Video_20_19_15_34.168332.jpg
1938,69334.201666,20/RGB/Video_20_19_15_34.201666.jpg
1939,69334.235,20/RGB/Video_20_19_15_34.235000.jpg
1940,69334.268332,20/RGB/Video_20_19_15_34.268332.jpg
1941,69334.301668,20/RGB/Video_20_19_15_34.301668.jpg
1942,69334.335,20/RGB/Video_20_19_15_34.335000.jpg
1943,69334.368336,20/RGB/Video_20_19_15_34.368336.jpg
1944,69334.401668,20/RGB/Video_20_19_15_34.401668.jpg
1945,69334.435002,20/RGB/Video_20_19_15_34.435002.jpg
1946,69334.468335,20/RGB/Video_20_19_15_34.468335.jpg
1947,69334.501673,20/RGB/Video_20_19_15_34.501673.jpg
1948,69334.535004,20/RGB/Video_20_19_15_34.535004.jpg
1949,69334.568338,20/RGB/Video_20_19_15_34.568338.jpg
1950,69334.601672,20/RGB/Video_20_19_15_34.601672.jpg
1951,69334.635006,20/RGB/Video_20_19_15_34.635006.jpg
1952,69334.668342,20/RGB/Video_20_19_15_34.668342.jpg
1953,69334.701674,20/RGB/Video_20_19_15_34.701674.jpg
1954,69334.735008,20/RGB/Video_20_19_15_34.735008.jpg
1955,69334.768341,20/RGB/Video_20_19_15_34.768341.jpg
1956,69334.801676,20/RGB/Video_20_19_15_34.801676.jpg
1957,69334.835012,20/RGB/Video_20_19_15_34.835012.jpg
1958,69334.868344,20/RGB/Video_20_19_15_34.868344.jpg
1959,69334.901678,20/RGB/Video_20_19_15_34.901678.jpg
1960,69334.935012,20/RGB/Video_20_19_15_34.935012.jpg
1961,69334.968346,20/RGB/Video_20_19_15_34.968346.jpg
1962,69335.00168,20/RGB/Video_20_19_15_35.001680.jpg
1963,69335.035013,20/RGB/Video_20_19_15_35.035013.jpg
1964,69335.068347,20/RGB/Video_20_19_15_35.068347.jpg
1965,69335.101682,20/RGB/Video_20_19_15_35.101682.jpg
1966,69335.135015,20/RGB/Video_20_19_15_35.135015.jpg
1967,69335.16835,20/RGB/Video_20_19_15_35.168350.jpg
1968,69335.201684,20/RGB/Video_20_19_15_35.201684.jpg
1969,69335.235018,20/RGB/Video_20_19_15_35.235018.jpg
1970,69335.268351,20/RGB/Video_20_19_15_35.268351.jpg
1971,69335.301686,20/RGB/Video_20_19_15_35.301686.jpg
1972,69335.335019,20/RGB/Video_20_19_15_35.335019.jpg
1973,69335.368353,20/RGB/Video_20_19_15_35.368353.jpg
1974,69335.401688,20/RGB/Video_20_19_15_35.401688.jpg
1975,69335.435022,20/RGB/Video_20_19_15_35.435022.jpg
1976,69335.468355,20/RGB/Video_20_19_15_35.468355.jpg
1977,69335.50169,20/RGB/Video_20_19_15_35.501690.jpg
1978,69335.535024,20/RGB/Video_20_19_15_35.535024.jpg
1979,69335.568357,20/RGB/Video_20_19_15_35.568357.jpg
1980,69335.601692,20/RGB/Video_20_19_15_35.601692.jpg
1981,69335.635025,20/RGB/Video_20_19_15_35.635025.jpg
1982,69335.66836,20/RGB/Video_20_19_15_35.668360.jpg
1983,69335.701694,20/RGB/Video_20_19_15_35.701694.jpg
1984,69335.735029,20/RGB/Video_20_19_15_35.735029.jpg
1985,69335.768362,20/RGB/Video_20_19_15_35.768362.jpg
1986,69335.801699,20/RGB/Video_20_19_15_35.801699.jpg
1987,69335.835031,20/RGB/Video_20_19_15_35.835031.jpg
1988,69335.868365,20/RGB/Video_20_19_15_35.868365.jpg
1989,69335.901702,20/RGB/Video_20_19_15_35.901702.jpg
1990,69335.935032,20/RGB/Video_20_19_15_35.935032.jpg
1991,69335.968369,20/RGB/Video_20_19_15_35.968369.jpg
1992,69336.001701,20/RGB/Video_20_19_15_36.001701.jpg
1993,69336.035035,20/RGB/Video_20_19_15_36.035035.jpg
1994,69336.068373,20/RGB/Video_20_19_15_36.068373.jpg
1995,69336.101706,20/RGB/Video_20_19_15_36.101706.jpg
1996,69336.135038,20/RGB/Video_20_19_15_36.135038.jpg
1997,69336.168372,20/RGB/Video_20_19_15_36.168372.jpg
1998,69336.201709,20/RGB/Video_20_19_15_36.201709.jpg
1999,69336.235042,20/RGB/Video_20_19_15_36.235042.jpg
2000,69336.268374,20/RGB/Video_20_19_15_36.268374.jpg
2001,69336.301708,20/RGB/Video_20_19_15_36.301708.jpg
2002,69336.335042,20/RGB/Video_20_19_15_36.335042.jpg
2003,69336.368376,20/RGB/Video_20_19_15_36.368376.jpg
2004,69336.40171,20/RGB/Video_20_19_15_36.401710.jpg
2005,69336.435046,20/RGB/Video_20_19_15_36.435046.jpg
2006,69336.468378,20/RGB/Video_20_19_15_36.468378.jpg
2007,69336.501712,20/RGB/Video_20_19_15_36.501712.jpg
2008,69336.535046,20/RGB/Video_20_19_15_36.535046.jpg
2009,69336.56838,20/RGB/Video_20_19_15_36.568380.jpg
2010,69336.601714,20/RGB/Video_20_19_15_36.601714.jpg
2011,69336.635048,20/RGB/Video_20_19_15_36.635048.jpg
2012,69336.668384,20/RGB/Video_20_19_15_36.668384.jpg
2013,69336.701718,20/RGB/Video_20_19_15_36.701718.jpg
2014,69336.735052,20/RGB/Video_20_19_15_36.735052.jpg
2015,69336.768384,20/RGB/Video_20_19_15_36.768384.jpg
2016,69336.80172,20/RGB/Video_20_19_15_36.801720.jpg
2017,69336.835051,20/RGB/Video_20_19_15_36.835051.jpg
2018,69336.868388,20/RGB/Video_20_19_15_36.868388.jpg
2019,69336.90172,20/RGB/Video_20_19_15_36.901720.jpg
2020,69336.935054,20/RGB/Video_20_19_15_36.935054.jpg
2021,69336.968388,20/RGB/Video_20_19_15_36.968388.jpg
2022,69337.001721,20/RGB/Video_20_19_15_37.001721.jpg
2023,69337.035056,20/RGB/Video_20_19_15_37.035056.jpg
2024,69337.06839,20/RGB/Video_20_19_15_37.068390.jpg
2025,69337.101727,20/RGB/Video_20_19_15_37.101727.jpg
2026,69337.135058,20/RGB/Video_20_19_15_37.135058.jpg
2027,69337.168392,20/RGB/Video_20_19_15_37.168392.jpg
2028,69337.201728,20/RGB/Video_20_19_15_37.201728.jpg
2029,69337.235062,20/RGB/Video_20_19_15_37.235062.jpg
2030,69337.2684,20/RGB/Video_20_19_15_37.268400.jpg
2031,69337.301731,20/RGB/Video_20_19_15_37.301731.jpg
2032,69337.335067,20/RGB/Video_20_19_15_37.335067.jpg
2033,69337.368398,20/RGB/Video_20_19_15_37.368398.jpg
2034,69337.401735,20/RGB/Video_20_19_15_37.401735.jpg
2035,69337.435066,20/RGB/Video_20_19_15_37.435066.jpg
2036,69337.468403,20/RGB/Video_20_19_15_37.468403.jpg
2037,69337.501735,20/RGB/Video_20_19_15_37.501735.jpg
2038,69337.535069,20/RGB/Video_20_19_15_37.535069.jpg
2039,69337.568405,20/RGB/Video_20_19_15_37.568405.jpg
2040,69337.601737,20/RGB/Video_20_19_15_37.601737.jpg
2041,69337.63507,20/RGB/Video_20_19_15_37.635070.jpg
2042,69337.668405,20/RGB/Video_20_19_15_37.668405.jpg
2043,69337.701741,20/RGB/Video_20_19_15_37.701741.jpg
2044,69337.735075,20/RGB/Video_20_19_15_37.735075.jpg
2045,69337.768407,20/RGB/Video_20_19_15_37.768407.jpg
2046,69337.80174,20/RGB/Video_20_19_15_37.801740.jpg
2047,69337.835075,20/RGB/Video_20_19_15_37.835075.jpg
2048,69337.868409,20/RGB/Video_20_19_15_37.868409.jpg
2049,69337.901745,20/RGB/Video_20_19_15_37.901745.jpg
2050,69337.935079,20/RGB/Video_20_19_15_37.935079.jpg
2051,69337.968411,20/RGB/Video_20_19_15_37.968411.jpg
2052,69338.001745,20/RGB/Video_20_19_15_38.001745.jpg
2053,69338.035078,20/RGB/Video_20_19_15_38.035078.jpg
2054,69338.068413,20/RGB/Video_20_19_15_38.068413.jpg
2055,69338.101754,20/RGB/Video_20_19_15_38.101754.jpg
2056,69338.135091,20/RGB/Video_20_19_15_38.135091.jpg
2057,69338.168422,20/RGB/Video_20_19_15_38.168422.jpg
2058,69338.201755,20/RGB/Video_20_19_15_38.201755.jpg
2059,69338.235089,20/RGB/Video_20_19_15_38.235089.jpg
2060,69338.268424,20/RGB/Video_20_19_15_38.268424.jpg
2061,69338.302025,20/RGB/Video_20_19_15_38.302025.jpg
2062,69338.33536,20/RGB/Video_20_19_15_38.335360.jpg
2063,69338.368693,20/RGB/Video_20_19_15_38.368693.jpg
2064,69338.402028,20/RGB/Video_20_19_15_38.402028.jpg
2065,69338.435362,20/RGB/Video_20_19_15_38.435362.jpg
2066,69338.468696,20/RGB/Video_20_19_15_38.468696.jpg
2067,69338.50203,20/RGB/Video_20_19_15_38.502030.jpg
2068,69338.535364,20/RGB/Video_20_19_15_38.535364.jpg
2069,69338.568697,20/RGB/Video_20_19_15_38.568697.jpg
2070,69338.602031,20/RGB/Video_20_19_15_38.602031.jpg
2071,69338.635366,20/RGB/Video_20_19_15_38.635366.jpg
2072,69338.668699,20/RGB/Video_20_19_15_38.668699.jpg
2073,69338.702034,20/RGB/Video_20_19_15_38.702034.jpg
2074,69338.735367,20/RGB/Video_20_19_15_38.735367.jpg
2075,69338.768702,20/RGB/Video_20_19_15_38.768702.jpg
2076,69338.802036,20/RGB/Video_20_19_15_38.802036.jpg
2077,69338.83537,20/RGB/Video_20_19_15_38.835370.jpg
2078,69338.868704,20/RGB/Video_20_19_15_38.868704.jpg
2079,69338.902038,20/RGB/Video_20_19_15_38.902038.jpg
2080,69338.935371,20/RGB/Video_20_19_15_38.935371.jpg
2081,69338.968706,20/RGB/Video_20_19_15_38.968706.jpg
2082,69339.00204,20/RGB/Video_20_19_15_39.002040.jpg
2083,69339.035373,20/RGB/Video_20_19_15_39.035373.jpg
2084,69339.068707,20/RGB/Video_20_19_15_39.068707.jpg
2085,69339.102042,20/RGB/Video_20_19_15_39.102042.jpg
2086,69339.135376,20/RGB/Video_20_19_15_39.135376.jpg
2087,69339.168709,20/RGB/Video_20_19_15_39.168709.jpg
2088,69339.202075,20/RGB/Video_20_19_15_39.202075.jpg
2089,69339.235378,20/RGB/Video_20_19_15_39.235378.jpg
2090,69339.268746,20/RGB/Video_20_19_15_39.268746.jpg
2091,69339.302083,20/RGB/Video_20_19_15_39.302083.jpg
2092,69339.335415,20/RGB/Video_20_19_15_39.335415.jpg
2093,69339.368751,20/RGB/Video_20_19_15_39.368751.jpg
2094,69339.402083,20/RGB/Video_20_19_15_39.402083.jpg
2095,69339.435417,20/RGB/Video_20_19_15_39.435417.jpg
2096,69339.468751,20/RGB/Video_20_19_15_39.468751.jpg
2097,69339.502085,20/RGB/Video_20_19_15_39.502085.jpg
2098,69339.535421,20/RGB/Video_20_19_15_39.535421.jpg
2099,69339.568753,20/RGB/Video_20_19_15_39.568753.jpg
2100,69339.602087,20/RGB/Video_20_19_15_39.602087.jpg
2101,69339.635421,20/RGB/Video_20_19_15_39.635421.jpg
2102,69339.668757,20/RGB/Video_20_19_15_39.668757.jpg
2103,69339.702089,20/RGB/Video_20_19_15_39.702089.jpg
2104,69339.735423,20/RGB/Video_20_19_15_39.735423.jpg
2105,69339.768759,20/RGB/Video_20_19_15_39.768759.jpg
2106,69339.802091,20/RGB/Video_20_19_15_39.802091.jpg
2107,69339.835425,20/RGB/Video_20_19_15_39.835425.jpg
2108,69339.868762,20/RGB/Video_20_19_15_39.868762.jpg
2109,69339.902092,20/RGB/Video_20_19_15_39.902092.jpg
2110,69339.935427,20/RGB/Video_20_19_15_39.935427.jpg
2111,69339.968763,20/RGB/Video_20_19_15_39.968763.jpg
2112,69340.002095,20/RGB/Video_20_19_15_40.002095.jpg
2113,69340.035428,20/RGB/Video_20_19_15_40.035428.jpg
2114,69340.068765,20/RGB/Video_20_19_15_40.068765.jpg
2115,69340.102097,20/RGB/Video_20_19_15_40.102097.jpg
2116,69340.135431,20/RGB/Video_20_19_15_40.135431.jpg
2117,69340.168765,20/RGB/Video_20_19_15_40.168765.jpg
2118,69340.202099,20/RGB/Video_20_19_15_40.202099.jpg
2119,69340.235433,20/RGB/Video_20_19_15_40.235433.jpg
2120,69340.268767,20/RGB/Video_20_19_15_40.268767.jpg
2121,69340.302101,20/RGB/Video_20_19_15_40.302101.jpg
2122,69340.335435,20/RGB/Video_20_19_15_40.335435.jpg
2123,69340.368769,20/RGB/Video_20_19_15_40.368769.jpg
2124,69340.402105,20/RGB/Video_20_19_15_40.402105.jpg
2125,69340.43544,20/RGB/Video_20_19_15_40.435440.jpg
2126,69340.468771,20/RGB/Video_20_19_15_40.468771.jpg
2127,69340.502107,20/RGB/Video_20_19_15_40.502107.jpg
2128,69340.535441,20/RGB/Video_20_19_15_40.535441.jpg
2129,69340.568772,20/RGB/Video_20_19_15_40.568772.jpg
2130,69340.602107,20/RGB/Video_20_19_15_40.602107.jpg
2131,69340.635441,20/RGB/Video_20_19_15_40.635441.jpg
2132,69340.668775,20/RGB/Video_20_19_15_40.668775.jpg
2133,69340.702109,20/RGB/Video_20_19_15_40.702109.jpg
2134,69340.735445,20/RGB/Video_20_19_15_40.735445.jpg
2135,69340.768777,20/RGB/Video_20_19_15_40.768777.jpg
2136,69340.80211,20/RGB/Video_20_19_15_40.802110.jpg
2137,69340.835444,20/RGB/Video_20_19_15_40.835444.jpg
2138,69340.868779,20/RGB/Video_20_19_15_40.868779.jpg
2139,69340.902115,20/RGB/Video_20_19_15_40.902115.jpg
2140,69340.935447,20/RGB/Video_20_19_15_40.935447.jpg
2141,69340.96878,20/RGB/Video_20_19_15_40.968780.jpg
2142,69341.002115,20/RGB/Video_20_19_15_41.002115.jpg
2143,69341.035451,20/RGB/Video_20_19_15_41.035451.jpg
2144,69341.068782,20/RGB/Video_20_19_15_41.068782.jpg
2145,69341.102117,20/RGB/Video_20_19_15_41.102117.jpg
2146,69341.135451,20/RGB/Video_20_19_15_41.135451.jpg
2147,69341.168787,20/RGB/Video_20_19_15_41.168787.jpg
2148,69341.202119,20/RGB/Video_20_19_15_41.202119.jpg
2149,69341.235453,20/RGB/Video_20_19_15_41.235453.jpg
2150,69341.268787,20/RGB/Video_20_19_15_41.268787.jpg
2151,69341.302121,20/RGB/Video_20_19_15_41.302121.jpg
2152,69341.335455,20/RGB/Video_20_19_15_41.335455.jpg
2153,69341.368789,20/RGB/Video_20_19_15_41.368789.jpg
2154,69341.402122,20/RGB/Video_20_19_15_41.402122.jpg
2155,69341.435459,20/RGB/Video_20_19_15_41.435459.jpg
2156,69341.468791,20/RGB/Video_20_19_15_41.468791.jpg
2157,69341.502593,20/RGB/Video_20_19_15_41.502593.jpg
2158,69341.535927,20/RGB/Video_20_19_15_41.535927.jpg
2159,69341.569261,20/RGB/Video_20_19_15_41.569261.jpg
2160,69341.602596,20/RGB/Video_20_19_15_41.602596.jpg
2161,69341.63593,20/RGB/Video_20_19_15_41.635930.jpg
2162,69341.669263,20/RGB/Video_20_19_15_41.669263.jpg
2163,69341.702597,20/RGB/Video_20_19_15_41.702597.jpg
2164,69341.735931,20/RGB/Video_20_19_15_41.735931.jpg
2165,69341.769266,20/RGB/Video_20_19_15_41.769266.jpg
2166,69341.802599,20/RGB/Video_20_19_15_41.802599.jpg
2167,69341.835934,20/RGB/Video_20_19_15_41.835934.jpg
2168,69341.869268,20/RGB/Video_20_19_15_41.869268.jpg
2169,69341.902601,20/RGB/Video_20_19_15_41.902601.jpg
2170,69341.935938,20/RGB/Video_20_19_15_41.935938.jpg
2171,69341.96927,20/RGB/Video_20_19_15_41.969270.jpg
2172,69342.002603,20/RGB/Video_20_19_15_42.002603.jpg
2173,69342.035938,20/RGB/Video_20_19_15_42.035938.jpg
2174,69342.069272,20/RGB/Video_20_19_15_42.069272.jpg
2175,69342.102605,20/RGB/Video_20_19_15_42.102605.jpg
2176,69342.135944,20/RGB/Video_20_19_15_42.135944.jpg
2177,69342.169277,20/RGB/Video_20_19_15_42.169277.jpg
2178,69342.202612,20/RGB/Video_20_19_15_42.202612.jpg
2179,69342.235946,20/RGB/Video_20_19_15_42.235946.jpg
2180,69342.26928,20/RGB/Video_20_19_15_42.269280.jpg
2181,69342.302614,20/RGB/Video_20_19_15_42.302614.jpg
2182,69342.335958,20/RGB/Video_20_19_15_42.335958.jpg
2183,69342.369288,20/RGB/Video_20_19_15_42.369288.jpg
2184,69342.402622,20/RGB/Video_20_19_15_42.402622.jpg
2185,69342.435957,20/RGB/Video_20_19_15_42.435957.jpg
2186,69342.469291,20/RGB/Video_20_19_15_42.469291.jpg
2187,69342.502625,20/RGB/Video_20_19_15_42.502625.jpg
2188,69342.535962,20/RGB/Video_20_19_15_42.535962.jpg
2189,69342.569293,20/RGB/Video_20_19_15_42.569293.jpg
2190,69342.602627,20/RGB/Video_20_19_15_42.602627.jpg
2191,69342.635961,20/RGB/Video_20_19_15_42.635961.jpg
2192,69342.669295,20/RGB/Video_20_19_15_42.669295.jpg
2193,69342.702628,20/RGB/Video_20_19_15_42.702628.jpg
2194,69342.735963,20/RGB/Video_20_19_15_42.735963.jpg
2195,69342.769299,20/RGB/Video_20_19_15_42.769299.jpg
2196,69342.802633,20/RGB/Video_20_19_15_42.802633.jpg
2197,69342.835964,20/RGB/Video_20_19_15_42.835964.jpg
2198,69342.869299,20/RGB/Video_20_19_15_42.869299.jpg
2199,69342.902635,20/RGB/Video_20_19_15_42.902635.jpg
2200,69342.93597,20/RGB/Video_20_19_15_42.935970.jpg
2201,69342.969301,20/RGB/Video_20_19_15_42.969301.jpg
2202,69343.002635,20/RGB/Video_20_19_15_43.002635.jpg
2203,69343.035971,20/RGB/Video_20_19_15_43.035971.jpg
2204,69343.069303,20/RGB/Video_20_19_15_43.069303.jpg
2205,69343.102637,20/RGB/Video_20_19_15_43.102637.jpg
2206,69343.135974,20/RGB/Video_20_19_15_43.135974.jpg
2207,69343.169304,20/RGB/Video_20_19_15_43.169304.jpg
2208,69343.202639,20/RGB/Video_20_19_15_43.202639.jpg
2209,69343.235975,20/RGB/Video_20_19_15_43.235975.jpg
2210,69343.269309,20/RGB/Video_20_19_15_43.269309.jpg
2211,69343.302643,20/RGB/Video_20_19_15_43.302643.jpg
2212,69343.335974,20/RGB/Video_20_19_15_43.335974.jpg
2213,69343.369309,20/RGB/Video_20_19_15_43.369309.jpg
2214,69343.402642,20/RGB/Video_20_19_15_43.402642.jpg
2215,69343.435977,20/RGB/Video_20_19_15_43.435977.jpg
2216,69343.469311,20/RGB/Video_20_19_15_43.469311.jpg
2217,69343.502647,20/RGB/Video_20_19_15_43.502647.jpg
2218,69343.535978,20/RGB/Video_20_19_15_43.535978.jpg
2219,69343.569312,20/RGB/Video_20_19_15_43.569312.jpg
2220,69343.602647,20/RGB/Video_20_19_15_43.602647.jpg
2221,69343.635984,20/RGB/Video_20_19_15_43.635984.jpg
2222,69343.669317,20/RGB/Video_20_19_15_43.669317.jpg
2223,69343.702648,20/RGB/Video_20_19_15_43.702648.jpg
2224,69343.735985,20/RGB/Video_20_19_15_43.735985.jpg
2225,69343.76932,20/RGB/Video_20_19_15_43.769320.jpg
2226,69343.802654,20/RGB/Video_20_19_15_43.802654.jpg
2227,69343.835985,20/RGB/Video_20_19_15_43.835985.jpg
2228,69343.869319,20/RGB/Video_20_19_15_43.869319.jpg
2229,69343.902652,20/RGB/Video_20_19_15_43.902652.jpg
2230,69343.935989,20/RGB/Video_20_19_15_43.935989.jpg
2231,69343.969323,20/RGB/Video_20_19_15_43.969323.jpg
2232,69344.002655,20/RGB/Video_20_19_15_44.002655.jpg
2233,69344.035989,20/RGB/Video_20_19_15_44.035989.jpg
2234,69344.069322,20/RGB/Video_20_19_15_44.069322.jpg
2235,69344.102657,20/RGB/Video_20_19_15_44.102657.jpg
2236,69344.135993,20/RGB/Video_20_19_15_44.135993.jpg
2237,69344.169325,20/RGB/Video_20_19_15_44.169325.jpg
2238,69344.202661,20/RGB/Video_20_19_15_44.202661.jpg
2239,69344.235993,20/RGB/Video_20_19_15_44.235993.jpg
2240,69344.269328,20/RGB/Video_20_19_15_44.269328.jpg
2241,69344.302664,20/RGB/Video_20_19_15_44.302664.jpg
2242,69344.335998,20/RGB/Video_20_19_15_44.335998.jpg
2243,69344.369332,20/RGB/Video_20_19_15_44.369332.jpg
2244,69344.402664,20/RGB/Video_20_19_15_44.402664.jpg
2245,69344.435997,20/RGB/Video_20_19_15_44.435997.jpg
2246,69344.469332,20/RGB/Video_20_19_15_44.469332.jpg
2247,69344.502666,20/RGB/Video_20_19_15_44.502666.jpg
2248,69344.535999,20/RGB/Video_20_19_15_44.535999.jpg
2249,69344.569334,20/RGB/Video_20_19_15_44.569334.jpg
2250,69344.60267,20/RGB/Video_20_19_15_44.602670.jpg
2251,69344.636002,20/RGB/Video_20_19_15_44.636002.jpg
2252,69344.669336,20/RGB/Video_20_19_15_44.669336.jpg
2253,69344.703644,20/RGB/Video_20_19_15_44.703644.jpg
2254,69344.736979,20/RGB/Video_20_19_15_44.736979.jpg
2255,69344.770313,20/RGB/Video_20_19_15_44.770313.jpg
2256,69344.803647,20/RGB/Video_20_19_15_44.803647.jpg
2257,69344.836981,20/RGB/Video_20_19_15_44.836981.jpg
2258,69344.870315,20/RGB/Video_20_19_15_44.870315.jpg
2259,69344.903648,20/RGB/Video_20_19_15_44.903648.jpg
2260,69344.936983,20/RGB/Video_20_19_15_44.936983.jpg
2261,69344.970316,20/RGB/Video_20_19_15_44.970316.jpg
2262,69345.003654,20/RGB/Video_20_19_15_45.003654.jpg
2263,69345.036984,20/RGB/Video_20_19_15_45.036984.jpg
2264,69345.070319,20/RGB/Video_20_19_15_45.070319.jpg
2265,69345.103652,20/RGB/Video_20_19_15_45.103652.jpg
2266,69345.136987,20/RGB/Video_20_19_15_45.136987.jpg
2267,69345.170323,20/RGB/Video_20_19_15_45.170323.jpg
2268,69345.203655,20/RGB/Video_20_19_15_45.203655.jpg
2269,69345.236988,20/RGB/Video_20_19_15_45.236988.jpg
2270,69345.270322,20/RGB/Video_20_19_15_45.270322.jpg
2271,69345.303656,20/RGB/Video_20_19_15_45.303656.jpg
2272,69345.33699,20/RGB/Video_20_19_15_45.336990.jpg
2273,69345.370327,20/RGB/Video_20_19_15_45.370327.jpg
2274,69345.403659,20/RGB/Video_20_19_15_45.403659.jpg
2275,69345.436992,20/RGB/Video_20_19_15_45.436992.jpg
2276,69345.470327,20/RGB/Video_20_19_15_45.470327.jpg
2277,69345.50366,20/RGB/Video_20_19_15_45.503660.jpg
2278,69345.536995,20/RGB/Video_20_19_15_45.536995.jpg
2279,69345.570329,20/RGB/Video_20_19_15_45.570329.jpg
2280,69345.603663,20/RGB/Video_20_19_15_45.603663.jpg
2281,69345.636997,20/RGB/Video_20_19_15_45.636997.jpg
2282,69345.67033,20/RGB/Video_20_19_15_45.670330.jpg
2283,69345.703667,20/RGB/Video_20_19_15_45.703667.jpg
2284,69345.737002,20/RGB/Video_20_19_15_45.737002.jpg
2285,69345.770333,20/RGB/Video_20_19_15_45.770333.jpg
2286,69345.803667,20/RGB/Video_20_19_15_45.803667.jpg
2287,69345.837001,20/RGB/Video_20_19_15_45.837001.jpg
2288,69345.870335,20/RGB/Video_20_19_15_45.870335.jpg
2289,69345.903671,20/RGB/Video_20_19_15_45.903671.jpg
2290,69345.937005,20/RGB/Video_20_19_15_45.937005.jpg
2291,69345.970339,20/RGB/Video_20_19_15_45.970339.jpg
2292,69346.003671,20/RGB/Video_20_19_15_46.003671.jpg
2293,69346.037008,20/RGB/Video_20_19_15_46.037008.jpg
2294,69346.070339,20/RGB/Video_20_19_15_46.070339.jpg
2295,69346.103673,20/RGB/Video_20_19_15_46.103673.jpg
2296,69346.137006,20/RGB/Video_20_19_15_46.137006.jpg
2297,69346.170341,20/RGB/Video_20_19_15_46.170341.jpg
2298,69346.203675,20/RGB/Video_20_19_15_46.203675.jpg
2299,69346.237009,20/RGB/Video_20_19_15_46.237009.jpg
2300,69346.270345,20/RGB/Video_20_19_15_46.270345.jpg
2301,69346.303676,20/RGB/Video_20_19_15_46.303676.jpg
2302,69346.337013,20/RGB/Video_20_19_15_46.337013.jpg
2303,69346.370347,20/RGB/Video_20_19_15_46.370347.jpg
2304,69346.403679,20/RGB/Video_20_19_15_46.403679.jpg
2305,69346.437012,20/RGB/Video_20_19_15_46.437012.jpg
2306,69346.470349,20/RGB/Video_20_19_15_46.470349.jpg
2307,69346.503681,20/RGB/Video_20_19_15_46.503681.jpg
2308,69346.537017,20/RGB/Video_20_19_15_46.537017.jpg
2309,69346.570351,20/RGB/Video_20_19_15_46.570351.jpg
2310,69346.603685,20/RGB/Video_20_19_15_46.603685.jpg
2311,69346.637017,20/RGB/Video_20_19_15_46.637017.jpg
2312,69346.67035,20/RGB/Video_20_19_15_46.670350.jpg
2313,69346.703687,20/RGB/Video_20_19_15_46.703687.jpg
2314,69346.737021,20/RGB/Video_20_19_15_46.737021.jpg
2315,69346.770352,20/RGB/Video_20_19_15_46.770352.jpg
2316,69346.803689,20/RGB/Video_20_19_15_46.803689.jpg
2317,69346.837021,20/RGB/Video_20_19_15_46.837021.jpg
2318,69346.870355,20/RGB/Video_20_19_15_46.870355.jpg
2319,69346.903691,20/RGB/Video_20_19_15_46.903691.jpg
2320,69346.937025,20/RGB/Video_20_19_15_46.937025.jpg
2321,69346.970359,20/RGB/Video_20_19_15_46.970359.jpg
2322,69347.003693,20/RGB/Video_20_19_15_47.003693.jpg
2323,69347.037027,20/RGB/Video_20_19_15_47.037027.jpg
2324,69347.070359,20/RGB/Video_20_19_15_47.070359.jpg
2325,69347.103693,20/RGB/Video_20_19_15_47.103693.jpg
2326,69347.137026,20/RGB/Video_20_19_15_47.137026.jpg
2327,69347.17036,20/RGB/Video_20_19_15_47.170360.jpg
2328,69347.203695,20/RGB/Video_20_19_15_47.203695.jpg
2329,69347.237029,20/RGB/Video_20_19_15_47.237029.jpg
2330,69347.270363,20/RGB/Video_20_19_15_47.270363.jpg
2331,69347.303699,20/RGB/Video_20_19_15_47.303699.jpg
2332,69347.337031,20/RGB/Video_20_19_15_47.337031.jpg
2333,69347.370365,20/RGB/Video_20_19_15_47.370365.jpg
2334,69347.403699,20/RGB/Video_20_19_15_47.403699.jpg
2335,69347.437032,20/RGB/Video_20_19_15_47.437032.jpg
2336,69347.470367,20/RGB/Video_20_19_15_47.470367.jpg
2337,69347.503704,20/RGB/Video_20_19_15_47.503704.jpg
2338,69347.537036,20/RGB/Video_20_19_15_47.537036.jpg
2339,69347.570372,20/RGB/Video_20_19_15_47.570372.jpg
2340,69347.603706,20/RGB/Video_20_19_15_47.603706.jpg
2341,69347.637038,20/RGB/Video_20_19_15_47.637038.jpg
2342,69347.670372,20/RGB/Video_20_19_15_47.670372.jpg
2343,69347.703706,20/RGB/Video_20_19_15_47.703706.jpg
2344,69347.73704,20/RGB/Video_20_19_15_47.737040.jpg
2345,69347.770374,20/RGB/Video_20_19_15_47.770374.jpg
2346,69347.803707,20/RGB/Video_20_19_15_47.803707.jpg
2347,69347.837042,20/RGB/Video_20_19_15_47.837042.jpg
2348,69347.870376,20/RGB/Video_20_19_15_47.870376.jpg
2349,69347.90371,20/RGB/Video_20_19_15_47.903710.jpg
2350,69347.937043,20/RGB/Video_20_19_15_47.937043.jpg
2351,69347.970897,20/RGB/Video_20_19_15_47.970897.jpg
2352,69348.00423,20/RGB/Video_20_19_15_48.004230.jpg
2353,69348.037565,20/RGB/Video_20_19_15_48.037565.jpg
2354,69348.070898,20/RGB/Video_20_19_15_48.070898.jpg
2355,69348.104233,20/RGB/Video_20_19_15_48.104233.jpg
2356,69348.137567,20/RGB/Video_20_19_15_48.137567.jpg
2357,69348.1709,20/RGB/Video_20_19_15_48.170900.jpg
2358,69348.204234,20/RGB/Video_20_19_15_48.204234.jpg
2359,69348.237569,20/RGB/Video_20_19_15_48.237569.jpg
2360,69348.270902,20/RGB/Video_20_19_15_48.270902.jpg
2361,69348.304236,20/RGB/Video_20_19_15_48.304236.jpg
2362,69348.33757,20/RGB/Video_20_19_15_48.337570.jpg
2363,69348.370904,20/RGB/Video_20_19_15_48.370904.jpg
2364,69348.404238,20/RGB/Video_20_19_15_48.404238.jpg
2365,69348.437575,20/RGB/Video_20_19_15_48.437575.jpg
2366,69348.470907,20/RGB/Video_20_19_15_48.470907.jpg
2367,69348.50424,20/RGB/Video_20_19_15_48.504240.jpg
2368,69348.537574,20/RGB/Video_20_19_15_48.537574.jpg
2369,69348.570909,20/RGB/Video_20_19_15_48.570909.jpg
2370,69348.604242,20/RGB/Video_20_19_15_48.604242.jpg
2371,69348.637577,20/RGB/Video_20_19_15_48.637577.jpg
2372,69348.67091,20/RGB/Video_20_19_15_48.670910.jpg
2373,69348.704244,20/RGB/Video_20_19_15_48.704244.jpg
2374,69348.737579,20/RGB/Video_20_19_15_48.737579.jpg
2375,69348.770913,20/RGB/Video_20_19_15_48.770913.jpg
2376,69348.804246,20/RGB/Video_20_19_15_48.804246.jpg
2377,69348.837584,20/RGB/Video_20_19_15_48.837584.jpg
2378,69348.870917,20/RGB/Video_20_19_15_48.870917.jpg
2379,69348.904249,20/RGB/Video_20_19_15_48.904249.jpg
2380,69348.937585,20/RGB/Video_20_19_15_48.937585.jpg
2381,69348.970917,20/RGB/Video_20_19_15_48.970917.jpg
2382,69349.004251,20/RGB/Video_20_19_15_49.004251.jpg
2383,69349.037585,20/RGB/Video_20_19_15_49.037585.jpg
2384,69349.070922,20/RGB/Video_20_19_15_49.070922.jpg
2385,69349.104255,20/RGB/Video_20_19_15_49.104255.jpg
2386,69349.137587,20/RGB/Video_20_19_15_49.137587.jpg
2387,69349.170924,20/RGB/Video_20_19_15_49.170924.jpg
2388,69349.204259,20/RGB/Video_20_19_15_49.204259.jpg
2389,69349.237592,20/RGB/Video_20_19_15_49.237592.jpg
2390,69349.270927,20/RGB/Video_20_19_15_49.270927.jpg
2391,69349.30426,20/RGB/Video_20_19_15_49.304260.jpg
2392,69349.337597,20/RGB/Video_20_19_15_49.337597.jpg
2393,69349.37093,20/RGB/Video_20_19_15_49.370930.jpg
2394,69349.404263,20/RGB/Video_20_19_15_49.404263.jpg
2395,69349.437597,20/RGB/Video_20_19_15_49.437597.jpg
2396,69349.470934,20/RGB/Video_20_19_15_49.470934.jpg
2397,69349.504265,20/RGB/Video_20_19_15_49.504265.jpg
2398,69349.537601,20/RGB/Video_20_19_15_49.537601.jpg
2399,69349.570935,20/RGB/Video_20_19_15_49.570935.jpg
2400,69349.604269,20/RGB/Video_20_19_15_49.604269.jpg
2401,69349.637604,20/RGB/Video_20_19_15_49.637604.jpg
2402,69349.670935,20/RGB/Video_20_19_15_49.670935.jpg
2403,69349.704272,20/RGB/Video_20_19_15_49.704272.jpg
2404,69349.737603,20/RGB/Video_20_19_15_49.737603.jpg
2405,69349.770937,20/RGB/Video_20_19_15_49.770937.jpg
2406,69349.804271,20/RGB/Video_20_19_15_49.804271.jpg
2407,69349.837605,20/RGB/Video_20_19_15_49.837605.jpg
2408,69349.870939,20/RGB/Video_20_19_15_49.870939.jpg
2409,69349.904276,20/RGB/Video_20_19_15_49.904276.jpg
2410,69349.937607,20/RGB/Video_20_19_15_49.937607.jpg
2411,69349.97094,20/RGB/Video_20_19_15_49.970940.jpg
2412,69350.004275,20/RGB/Video_20_19_15_50.004275.jpg
2413,69350.037608,20/RGB/Video_20_19_15_50.037608.jpg
2414,69350.070945,20/RGB/Video_20_19_15_50.070945.jpg
2415,69350.104277,20/RGB/Video_20_19_15_50.104277.jpg
2416,69350.137613,20/RGB/Video_20_19_15_50.137613.jpg
2417,69350.170947,20/RGB/Video_20_19_15_50.170947.jpg
2418,69350.204279,20/RGB/Video_20_19_15_50.204279.jpg
2419,69350.237615,20/RGB/Video_20_19_15_50.237615.jpg
2420,69350.270947,20/RGB/Video_20_19_15_50.270947.jpg
2421,69350.304281,20/RGB/Video_20_19_15_50.304281.jpg
2422,69350.337618,20/RGB/Video_20_19_15_50.337618.jpg
2423,69350.370952,20/RGB/Video_20_19_15_50.370952.jpg
2424,69350.404285,20/RGB/Video_20_19_15_50.404285.jpg
2425,69350.437617,20/RGB/Video_20_19_15_50.437617.jpg
2426,69350.47095,20/RGB/Video_20_19_15_50.470950.jpg
2427,69350.504285,20/RGB/Video_20_19_15_50.504285.jpg
2428,69350.537619,20/RGB/Video_20_19_15_50.537619.jpg
2429,69350.570953,20/RGB/Video_20_19_15_50.570953.jpg
2430,69350.604287,20/RGB/Video_20_19_15_50.604287.jpg
2431,69350.637621,20/RGB/Video_20_19_15_50.637621.jpg
2432,69350.670955,20/RGB/Video_20_19_15_50.670955.jpg
2433,69350.704289,20/RGB/Video_20_19_15_50.704289.jpg
2434,69350.737623,20/RGB/Video_20_19_15_50.737623.jpg
2435,69350.770959,20/RGB/Video_20_19_15_50.770959.jpg
2436,69350.804291,20/RGB/Video_20_19_15_50.804291.jpg
2437,69350.837625,20/RGB/Video_20_19_15_50.837625.jpg
2438,69350.870958,20/RGB/Video_20_19_15_50.870958.jpg
2439,69350.904295,20/RGB/Video_20_19_15_50.904295.jpg
2440,69350.93763,20/RGB/Video_20_19_15_50.937630.jpg
2441,69350.970961,20/RGB/Video_20_19_15_50.970961.jpg
2442,69351.004295,20/RGB/Video_20_19_15_51.004295.jpg
2443,69351.037629,20/RGB/Video_20_19_15_51.037629.jpg
2444,69351.070963,20/RGB/Video_20_19_15_51.070963.jpg
2445,69351.104297,20/RGB/Video_20_19_15_51.104297.jpg
2446,69351.137631,20/RGB/Video_20_19_15_51.137631.jpg
2447,69351.170978,20/RGB/Video_20_19_15_51.170978.jpg
2448,69351.204312,20/RGB/Video_20_19_15_51.204312.jpg
2449,69351.237645,20/RGB/Video_20_19_15_51.237645.jpg
2450,69351.27098,20/RGB/Video_20_19_15_51.270980.jpg
2451,69351.304316,20/RGB/Video_20_19_15_51.304316.jpg
2452,69351.337651,20/RGB/Video_20_19_15_51.337651.jpg
2453,69351.370987,20/RGB/Video_20_19_15_51.370987.jpg
2454,69351.404319,20/RGB/Video_20_19_15_51.404319.jpg
2455,69351.437652,20/RGB/Video_20_19_15_51.437652.jpg
2456,69351.470986,20/RGB/Video_20_19_15_51.470986.jpg
2457,69351.504321,20/RGB/Video_20_19_15_51.504321.jpg
2458,69351.537655,20/RGB/Video_20_19_15_51.537655.jpg
2459,69351.570988,20/RGB/Video_20_19_15_51.570988.jpg
2460,69351.604323,20/RGB/Video_20_19_15_51.604323.jpg
2461,69351.637656,20/RGB/Video_20_19_15_51.637656.jpg
2462,69351.670991,20/RGB/Video_20_19_15_51.670991.jpg
2463,69351.704325,20/RGB/Video_20_19_15_51.704325.jpg
2464,69351.737659,20/RGB/Video_20_19_15_51.737659.jpg
2465,69351.770993,20/RGB/Video_20_19_15_51.770993.jpg
2466,69351.804327,20/RGB/Video_20_19_15_51.804327.jpg
2467,69351.837664,20/RGB/Video_20_19_15_51.837664.jpg
2468,69351.870995,20/RGB/Video_20_19_15_51.870995.jpg
2469,69351.904329,20/RGB/Video_20_19_15_51.904329.jpg
2470,69351.937662,20/RGB/Video_20_19_15_51.937662.jpg
2471,69351.970997,20/RGB/Video_20_19_15_51.970997.jpg
2472,69352.00433,20/RGB/Video_20_19_15_52.004330.jpg
2473,69352.037668,20/RGB/Video_20_19_15_52.037668.jpg
2474,69352.070999,20/RGB/Video_20_19_15_52.070999.jpg
2475,69352.104333,20/RGB/Video_20_19_15_52.104333.jpg
2476,69352.137669,20/RGB/Video_20_19_15_52.137669.jpg
2477,69352.171003,20/RGB/Video_20_19_15_52.171003.jpg
2478,69352.204338,20/RGB/Video_20_19_15_52.204338.jpg
2479,69352.237672,20/RGB/Video_20_19_15_52.237672.jpg
2480,69352.271003,20/RGB/Video_20_19_15_52.271003.jpg
2481,69352.304337,20/RGB/Video_20_19_15_52.304337.jpg
2482,69352.33767,20/RGB/Video_20_19_15_52.337670.jpg
2483,69352.371004,20/RGB/Video_20_19_15_52.371004.jpg
2484,69352.404339,20/RGB/Video_20_19_15_52.404339.jpg
2485,69352.437673,20/RGB/Video_20_19_15_52.437673.jpg
2486,69352.471007,20/RGB/Video_20_19_15_52.471007.jpg
2487,69352.504343,20/RGB/Video_20_19_15_52.504343.jpg
2488,69352.537675,20/RGB/Video_20_19_15_52.537675.jpg
2489,69352.571009,20/RGB/Video_20_19_15_52.571009.jpg
2490,69352.604343,20/RGB/Video_20_19_15_52.604343.jpg
2491,69352.637677,20/RGB/Video_20_19_15_52.637677.jpg
2492,69352.67101,20/RGB/Video_20_19_15_52.671010.jpg
2493,69352.704344,20/RGB/Video_20_19_15_52.704344.jpg
2494,69352.737679,20/RGB/Video_20_19_15_52.737679.jpg
2495,69352.771016,20/RGB/Video_20_19_15_52.771016.jpg
2496,69352.804348,20/RGB/Video_20_19_15_52.804348.jpg
2497,69352.837682,20/RGB/Video_20_19_15_52.837682.jpg
2498,69352.871018,20/RGB/Video_20_19_15_52.871018.jpg
2499,69352.90435,20/RGB/Video_20_19_15_52.904350.jpg
2500,69352.937683,20/RGB/Video_20_19_15_52.937683.jpg
2501,69352.971021,20/RGB/Video_20_19_15_52.971021.jpg
2502,69353.004354,20/RGB/Video_20_19_15_53.004354.jpg
2503,69353.037688,20/RGB/Video_20_19_15_53.037688.jpg
2504,69353.071023,20/RGB/Video_20_19_15_53.071023.jpg
2505,69353.104356,20/RGB/Video_20_19_15_53.104356.jpg
2506,69353.137688,20/RGB/Video_20_19_15_53.137688.jpg
2507,69353.171022,20/RGB/Video_20_19_15_53.171022.jpg
2508,69353.204355,20/RGB/Video_20_19_15_53.204355.jpg
2509,69353.23769,20/RGB/Video_20_19_15_53.237690.jpg
2510,69353.271024,20/RGB/Video_20_19_15_53.271024.jpg
2511,69353.304358,20/RGB/Video_20_19_15_53.304358.jpg
2512,69353.337694,20/RGB/Video_20_19_15_53.337694.jpg
2513,69353.371026,20/RGB/Video_20_19_15_53.371026.jpg
2514,69353.404362,20/RGB/Video_20_19_15_53.404362.jpg
2515,69353.437694,20/RGB/Video_20_19_15_53.437694.jpg
2516,69353.471027,20/RGB/Video_20_19_15_53.471027.jpg
2517,69353.504362,20/RGB/Video_20_19_15_53.504362.jpg
2518,69353.537699,20/RGB/Video_20_19_15_53.537699.jpg
2519,69353.57103,20/RGB/Video_20_19_15_53.571030.jpg
2520,69353.604364,20/RGB/Video_20_19_15_53.604364.jpg
2521,69353.637697,20/RGB/Video_20_19_15_53.637697.jpg
2522,69353.671031,20/RGB/Video_20_19_15_53.671031.jpg
2523,69353.704365,20/RGB/Video_20_19_15_53.704365.jpg
2524,69353.7377,20/RGB/Video_20_19_15_53.737700.jpg
2525,69353.771034,20/RGB/Video_20_19_15_53.771034.jpg
2526,69353.804368,20/RGB/Video_20_19_15_53.804368.jpg
2527,69353.837702,20/RGB/Video_20_19_15_53.837702.jpg
2528,69353.871036,20/RGB/Video_20_19_15_53.871036.jpg
2529,69353.90437,20/RGB/Video_20_19_15_53.904370.jpg
2530,69353.937704,20/RGB/Video_20_19_15_53.937704.jpg
2531,69353.971038,20/RGB/Video_20_19_15_53.971038.jpg
2532,69354.004374,20/RGB/Video_20_19_15_54.004374.jpg
2533,69354.037706,20/RGB/Video_20_19_15_54.037706.jpg
2534,69354.071042,20/RGB/Video_20_19_15_54.071042.jpg
2535,69354.104373,20/RGB/Video_20_19_15_54.104373.jpg
2536,69354.137708,20/RGB/Video_20_19_15_54.137708.jpg
2537,69354.171044,20/RGB/Video_20_19_15_54.171044.jpg
2538,69354.204376,20/RGB/Video_20_19_15_54.204376.jpg
2539,69354.23771,20/RGB/Video_20_19_15_54.237710.jpg
2540,69354.271046,20/RGB/Video_20_19_15_54.271046.jpg
2541,69354.304378,20/RGB/Video_20_19_15_54.304378.jpg
2542,69354.337712,20/RGB/Video_20_19_15_54.337712.jpg
2543,69354.371046,20/RGB/Video_20_19_15_54.371046.jpg
2544,69354.4051,20/RGB/Video_20_19_15_54.405100.jpg
2545,69354.438435,20/RGB/Video_20_19_15_54.438435.jpg
2546,69354.471768,20/RGB/Video_20_19_15_54.471768.jpg
2547,69354.505102,20/RGB/Video_20_19_15_54.505102.jpg
2548,69354.538437,20/RGB/Video_20_19_15_54.538437.jpg
2549,69354.571771,20/RGB/Video_20_19_15_54.571771.jpg
2550,69354.605105,20/RGB/Video_20_19_15_54.605105.jpg
2551,69354.638439,20/RGB/Video_20_19_15_54.638439.jpg
2552,69354.671772,20/RGB/Video_20_19_15_54.671772.jpg
2553,69354.705107,20/RGB/Video_20_19_15_54.705107.jpg
2554,69354.738441,20/RGB/Video_20_19_15_54.738441.jpg
2555,69354.771776,20/RGB/Video_20_19_15_54.771776.jpg
2556,69354.80511,20/RGB/Video_20_19_15_54.805110.jpg
2557,69354.838443,20/RGB/Video_20_19_15_54.838443.jpg
2558,69354.871778,20/RGB/Video_20_19_15_54.871778.jpg
2559,69354.905112,20/RGB/Video_20_19_15_54.905112.jpg
2560,69354.938446,20/RGB/Video_20_19_15_54.938446.jpg
2561,69354.97178,20/RGB/Video_20_19_15_54.971780.jpg
2562,69355.005114,20/RGB/Video_20_19_15_55.005114.jpg
2563,69355.038456,20/RGB/Video_20_19_15_55.038456.jpg
2564,69355.071784,20/RGB/Video_20_19_15_55.071784.jpg
2565,69355.105119,20/RGB/Video_20_19_15_55.105119.jpg
2566,69355.138453,20/RGB/Video_20_19_15_55.138453.jpg
2567,69355.171786,20/RGB/Video_20_19_15_55.171786.jpg
2568,69355.20512,20/RGB/Video_20_19_15_55.205120.jpg
2569,69355.238455,20/RGB/Video_20_19_15_55.238455.jpg
2570,69355.271788,20/RGB/Video_20_19_15_55.271788.jpg
2571,69355.305123,20/RGB/Video_20_19_15_55.305123.jpg
2572,69355.338458,20/RGB/Video_20_19_15_55.338458.jpg
2573,69355.371792,20/RGB/Video_20_19_15_55.371792.jpg
2574,69355.405127,20/RGB/Video_20_19_15_55.405127.jpg
2575,69355.438464,20/RGB/Video_20_19_15_55.438464.jpg
2576,69355.471795,20/RGB/Video_20_19_15_55.471795.jpg
2577,69355.505129,20/RGB/Video_20_19_15_55.505129.jpg
2578,69355.538463,20/RGB/Video_20_19_15_55.538463.jpg
2579,69355.571796,20/RGB/Video_20_19_15_55.571796.jpg
2580,69355.60513,20/RGB/Video_20_19_15_55.605130.jpg
2581,69355.638467,20/RGB/Video_20_19_15_55.638467.jpg
2582,69355.671801,20/RGB/Video_20_19_15_55.671801.jpg
2583,69355.705135,20/RGB/Video_20_19_15_55.705135.jpg
2584,69355.738467,20/RGB/Video_20_19_15_55.738467.jpg
2585,69355.771803,20/RGB/Video_20_19_15_55.771803.jpg
2586,69355.805137,20/RGB/Video_20_19_15_55.805137.jpg
2587,69355.838469,20/RGB/Video_20_19_15_55.838469.jpg
2588,69355.871806,20/RGB/Video_20_19_15_55.871806.jpg
2589,69355.905137,20/RGB/Video_20_19_15_55.905137.jpg
2590,69355.938471,20/RGB/Video_20_19_15_55.938471.jpg
2591,69355.971804,20/RGB/Video_20_19_15_55.971804.jpg
2592,69356.005139,20/RGB/Video_20_19_15_56.005139.jpg
2593,69356.038473,20/RGB/Video_20_19_15_56.038473.jpg
2594,69356.071807,20/RGB/Video_20_19_15_56.071807.jpg
2595,69356.10514100001,20/RGB/Video_20_19_15_56.105141.jpg
2596,69356.138475,20/RGB/Video_20_19_15_56.138475.jpg
2597,69356.171809,20/RGB/Video_20_19_15_56.171809.jpg
2598,69356.205146,20/RGB/Video_20_19_15_56.205146.jpg
2599,69356.238479,20/RGB/Video_20_19_15_56.238479.jpg
2600,69356.271813,20/RGB/Video_20_19_15_56.271813.jpg
2601,69356.305145,20/RGB/Video_20_19_15_56.305145.jpg
2602,69356.338481,20/RGB/Video_20_19_15_56.338481.jpg
2603,69356.371813,20/RGB/Video_20_19_15_56.371813.jpg
2604,69356.405147,20/RGB/Video_20_19_15_56.405147.jpg
2605,69356.438481,20/RGB/Video_20_19_15_56.438481.jpg
2606,69356.471815,20/RGB/Video_20_19_15_56.471815.jpg
2607,69356.505149,20/RGB/Video_20_19_15_56.505149.jpg
2608,69356.538483,20/RGB/Video_20_19_15_56.538483.jpg
2609,69356.571817,20/RGB/Video_20_19_15_56.571817.jpg
2610,69356.60515,20/RGB/Video_20_19_15_56.605150.jpg
2611,69356.638485,20/RGB/Video_20_19_15_56.638485.jpg
2612,69356.671818,20/RGB/Video_20_19_15_56.671818.jpg
2613,69356.705153,20/RGB/Video_20_19_15_56.705153.jpg
2614,69356.738486,20/RGB/Video_20_19_15_56.738486.jpg
2615,69356.771821,20/RGB/Video_20_19_15_56.771821.jpg
2616,69356.805155,20/RGB/Video_20_19_15_56.805155.jpg
2617,69356.838489,20/RGB/Video_20_19_15_56.838489.jpg
2618,69356.871823,20/RGB/Video_20_19_15_56.871823.jpg
2619,69356.905157,20/RGB/Video_20_19_15_56.905157.jpg
2620,69356.938491,20/RGB/Video_20_19_15_56.938491.jpg
2621,69356.971825,20/RGB/Video_20_19_15_56.971825.jpg
2622,69357.005159,20/RGB/Video_20_19_15_57.005159.jpg
2623,69357.038493,20/RGB/Video_20_19_15_57.038493.jpg
2624,69357.071827,20/RGB/Video_20_19_15_57.071827.jpg
2625,69357.105161,20/RGB/Video_20_19_15_57.105161.jpg
2626,69357.138495,20/RGB/Video_20_19_15_57.138495.jpg
2627,69357.171829,20/RGB/Video_20_19_15_57.171829.jpg
2628,69357.205163,20/RGB/Video_20_19_15_57.205163.jpg
2629,69357.238497,20/RGB/Video_20_19_15_57.238497.jpg
2630,69357.271831,20/RGB/Video_20_19_15_57.271831.jpg
2631,69357.305165,20/RGB/Video_20_19_15_57.305165.jpg
2632,69357.338499,20/RGB/Video_20_19_15_57.338499.jpg
2633,69357.371833,20/RGB/Video_20_19_15_57.371833.jpg
2634,69357.405168,20/RGB/Video_20_19_15_57.405168.jpg
2635,69357.438501,20/RGB/Video_20_19_15_57.438501.jpg
2636,69357.471834,20/RGB/Video_20_19_15_57.471834.jpg
2637,69357.505169,20/RGB/Video_20_19_15_57.505169.jpg
2638,69357.538506,20/RGB/Video_20_19_15_57.538506.jpg
2639,69357.571837,20/RGB/Video_20_19_15_57.571837.jpg
2640,69357.605171,20/RGB/Video_20_19_15_57.605171.jpg
2641,69357.638507,20/RGB/Video_20_19_15_57.638507.jpg
2642,69357.671839,20/RGB/Video_20_19_15_57.671839.jpg
2643,69357.705174,20/RGB/Video_20_19_15_57.705174.jpg
2644,69357.738508,20/RGB/Video_20_19_15_57.738508.jpg
2645,69357.771845,20/RGB/Video_20_19_15_57.771845.jpg
2646,69357.805175,20/RGB/Video_20_19_15_57.805175.jpg
2647,69357.838509,20/RGB/Video_20_19_15_57.838509.jpg
2648,69357.871846,20/RGB/Video_20_19_15_57.871846.jpg
2649,69357.905178,20/RGB/Video_20_19_15_57.905178.jpg
2650,69357.938511,20/RGB/Video_20_19_15_57.938511.jpg
2651,69357.971846,20/RGB/Video_20_19_15_57.971846.jpg
2652,69358.00518,20/RGB/Video_20_19_15_58.005180.jpg
2653,69358.038513,20/RGB/Video_20_19_15_58.038513.jpg
2654,69358.071848,20/RGB/Video_20_19_15_58.071848.jpg
2655,69358.105182,20/RGB/Video_20_19_15_58.105182.jpg
2656,69358.138515,20/RGB/Video_20_19_15_58.138515.jpg
2657,69358.17185,20/RGB/Video_20_19_15_58.171850.jpg
2658,69358.205184,20/RGB/Video_20_19_15_58.205184.jpg
2659,69358.238518,20/RGB/Video_20_19_15_58.238518.jpg
2660,69358.271852,20/RGB/Video_20_19_15_58.271852.jpg
2661,69358.305186,20/RGB/Video_20_19_15_58.305186.jpg
2662,69358.338519,20/RGB/Video_20_19_15_58.338519.jpg
2663,69358.371853,20/RGB/Video_20_19_15_58.371853.jpg
2664,69358.405188,20/RGB/Video_20_19_15_58.405188.jpg
2665,69358.438522,20/RGB/Video_20_19_15_58.438522.jpg
2666,69358.471855,20/RGB/Video_20_19_15_58.471855.jpg
2667,69358.505192,20/RGB/Video_20_19_15_58.505192.jpg
2668,69358.538543,20/RGB/Video_20_19_15_58.538543.jpg
2669,69358.571876,20/RGB/Video_20_19_15_58.571876.jpg
2670,69358.605211,20/RGB/Video_20_19_15_58.605211.jpg
2671,69358.638545,20/RGB/Video_20_19_15_58.638545.jpg
2672,69358.671881,20/RGB/Video_20_19_15_58.671881.jpg
2673,69358.705212,20/RGB/Video_20_19_15_58.705212.jpg
2674,69358.738547,20/RGB/Video_20_19_15_58.738547.jpg
2675,69358.771881,20/RGB/Video_20_19_15_58.771881.jpg
2676,69358.805214,20/RGB/Video_20_19_15_58.805214.jpg
2677,69358.838549,20/RGB/Video_20_19_15_58.838549.jpg
2678,69358.871885,20/RGB/Video_20_19_15_58.871885.jpg
2679,69358.905217,20/RGB/Video_20_19_15_58.905217.jpg
2680,69358.93855,20/RGB/Video_20_19_15_58.938550.jpg
2681,69358.971885,20/RGB/Video_20_19_15_58.971885.jpg
2682,69359.005219,20/RGB/Video_20_19_15_59.005219.jpg
2683,69359.038553,20/RGB/Video_20_19_15_59.038553.jpg
2684,69359.071889,20/RGB/Video_20_19_15_59.071889.jpg
2685,69359.105221,20/RGB/Video_20_19_15_59.105221.jpg
2686,69359.138555,20/RGB/Video_20_19_15_59.138555.jpg
2687,69359.171889,20/RGB/Video_20_19_15_59.171889.jpg
2688,69359.205225,20/RGB/Video_20_19_15_59.205225.jpg
2689,69359.238559,20/RGB/Video_20_19_15_59.238559.jpg
2690,69359.27189,20/RGB/Video_20_19_15_59.271890.jpg
2691,69359.305225,20/RGB/Video_20_19_15_59.305225.jpg
2692,69359.338561,20/RGB/Video_20_19_15_59.338561.jpg
2693,69359.371893,20/RGB/Video_20_19_15_59.371893.jpg
2694,69359.405227,20/RGB/Video_20_19_15_59.405227.jpg
2695,69359.438563,20/RGB/Video_20_19_15_59.438563.jpg
2696,69359.471895,20/RGB/Video_20_19_15_59.471895.jpg
2697,69359.505229,20/RGB/Video_20_19_15_59.505229.jpg
2698,69359.538563,20/RGB/Video_20_19_15_59.538563.jpg
2699,69359.571897,20/RGB/Video_20_19_15_59.571897.jpg
2700,69359.605234,20/RGB/Video_20_19_15_59.605234.jpg
2701,69359.638567,20/RGB/Video_20_19_15_59.638567.jpg
2702,69359.671899,20/RGB/Video_20_19_15_59.671899.jpg
2703,69359.705233,20/RGB/Video_20_19_15_59.705233.jpg
2704,69359.738567,20/RGB/Video_20_19_15_59.738567.jpg
2705,69359.771901,20/RGB/Video_20_19_15_59.771901.jpg
2706,69359.805235,20/RGB/Video_20_19_15_59.805235.jpg
2707,69359.838569,20/RGB/Video_20_19_15_59.838569.jpg
2708,69359.871905,20/RGB/Video_20_19_15_59.871905.jpg
2709,69359.90524,20/RGB/Video_20_19_15_59.905240.jpg
2710,69359.938573,20/RGB/Video_20_19_15_59.938573.jpg
2711,69359.971905,20/RGB/Video_20_19_15_59.971905.jpg
2712,69360.005239,20/RGB/Video_20_19_16_00.005239.jpg
2713,69360.038572,20/RGB/Video_20_19_16_00.038572.jpg
2714,69360.071909,20/RGB/Video_20_19_16_00.071909.jpg
2715,69360.105243,20/RGB/Video_20_19_16_00.105243.jpg
2716,69360.138575,20/RGB/Video_20_19_16_00.138575.jpg
2717,69360.171908,20/RGB/Video_20_19_16_00.171908.jpg
2718,69360.205243,20/RGB/Video_20_19_16_00.205243.jpg
2719,69360.238577,20/RGB/Video_20_19_16_00.238577.jpg
2720,69360.271911,20/RGB/Video_20_19_16_00.271911.jpg
2721,69360.305245,20/RGB/Video_20_19_16_00.305245.jpg
2722,69360.338582,20/RGB/Video_20_19_16_00.338582.jpg
2723,69360.371913,20/RGB/Video_20_19_16_00.371913.jpg
2724,69360.405247,20/RGB/Video_20_19_16_00.405247.jpg
2725,69360.438581,20/RGB/Video_20_19_16_00.438581.jpg
2726,69360.471914,20/RGB/Video_20_19_16_00.471914.jpg
2727,69360.505249,20/RGB/Video_20_19_16_00.505249.jpg
2728,69360.538582,20/RGB/Video_20_19_16_00.538582.jpg
2729,69360.571919,20/RGB/Video_20_19_16_00.571919.jpg
2730,69360.605253,20/RGB/Video_20_19_16_00.605253.jpg
2731,69360.638587,20/RGB/Video_20_19_16_00.638587.jpg
2732,69360.671918,20/RGB/Video_20_19_16_00.671918.jpg
2733,69360.705253,20/RGB/Video_20_19_16_00.705253.jpg
2734,69360.738587,20/RGB/Video_20_19_16_00.738587.jpg
2735,69360.771921,20/RGB/Video_20_19_16_00.771921.jpg
2736,69360.805257,20/RGB/Video_20_19_16_00.805257.jpg
2737,69360.838588,20/RGB/Video_20_19_16_00.838588.jpg
2738,69360.871925,20/RGB/Video_20_19_16_00.871925.jpg
2739,69360.905257,20/RGB/Video_20_19_16_00.905257.jpg
2740,69360.938591,20/RGB/Video_20_19_16_00.938591.jpg
2741,69360.972753,20/RGB/Video_20_19_16_00.972753.jpg
2742,69361.006087,20/RGB/Video_20_19_16_01.006087.jpg
2743,69361.039421,20/RGB/Video_20_19_16_01.039421.jpg
2744,69361.072755,20/RGB/Video_20_19_16_01.072755.jpg
2745,69361.106088,20/RGB/Video_20_19_16_01.106088.jpg
2746,69361.139423,20/RGB/Video_20_19_16_01.139423.jpg
2747,69361.172756,20/RGB/Video_20_19_16_01.172756.jpg
2748,69361.20609,20/RGB/Video_20_19_16_01.206090.jpg
2749,69361.239424,20/RGB/Video_20_19_16_01.239424.jpg
2750,69361.272759,20/RGB/Video_20_19_16_01.272759.jpg
2751,69361.306093,20/RGB/Video_20_19_16_01.306093.jpg
2752,69361.339426,20/RGB/Video_20_19_16_01.339426.jpg
2753,69361.37276,20/RGB/Video_20_19_16_01.372760.jpg
2754,69361.406095,20/RGB/Video_20_19_16_01.406095.jpg
2755,69361.439429,20/RGB/Video_20_19_16_01.439429.jpg
2756,69361.472763,20/RGB/Video_20_19_16_01.472763.jpg
2757,69361.506097,20/RGB/Video_20_19_16_01.506097.jpg
2758,69361.53943,20/RGB/Video_20_19_16_01.539430.jpg
2759,69361.572765,20/RGB/Video_20_19_16_01.572765.jpg
2760,69361.606099,20/RGB/Video_20_19_16_01.606099.jpg
2761,69361.639433,20/RGB/Video_20_19_16_01.639433.jpg
2762,69361.672769,20/RGB/Video_20_19_16_01.672769.jpg
2763,69361.706101,20/RGB/Video_20_19_16_01.706101.jpg
2764,69361.739435,20/RGB/Video_20_19_16_01.739435.jpg
2765,69361.772769,20/RGB/Video_20_19_16_01.772769.jpg
2766,69361.806103,20/RGB/Video_20_19_16_01.806103.jpg
2767,69361.839437,20/RGB/Video_20_19_16_01.839437.jpg
2768,69361.872774,20/RGB/Video_20_19_16_01.872774.jpg
2769,69361.906105,20/RGB/Video_20_19_16_01.906105.jpg
2770,69361.939439,20/RGB/Video_20_19_16_01.939439.jpg
2771,69361.972776,20/RGB/Video_20_19_16_01.972776.jpg
2772,69362.006107,20/RGB/Video_20_19_16_02.006107.jpg
2773,69362.039441,20/RGB/Video_20_19_16_02.039441.jpg
2774,69362.072777,20/RGB/Video_20_19_16_02.072777.jpg
2775,69362.106109,20/RGB/Video_20_19_16_02.106109.jpg
2776,69362.139445,20/RGB/Video_20_19_16_02.139445.jpg
2777,69362.172777,20/RGB/Video_20_19_16_02.172777.jpg
2778,69362.206113,20/RGB/Video_20_19_16_02.206113.jpg
2779,69362.239445,20/RGB/Video_20_19_16_02.239445.jpg
2780,69362.272778,20/RGB/Video_20_19_16_02.272778.jpg
2781,69362.306113,20/RGB/Video_20_19_16_02.306113.jpg
2782,69362.339446,20/RGB/Video_20_19_16_02.339446.jpg
2783,69362.372781,20/RGB/Video_20_19_16_02.372781.jpg
2784,69362.406115,20/RGB/Video_20_19_16_02.406115.jpg
2785,69362.439449,20/RGB/Video_20_19_16_02.439449.jpg
2786,69362.472783,20/RGB/Video_20_19_16_02.472783.jpg
2787,69362.506117,20/RGB/Video_20_19_16_02.506117.jpg
2788,69362.539451,20/RGB/Video_20_19_16_02.539451.jpg
2789,69362.572785,20/RGB/Video_20_19_16_02.572785.jpg
2790,69362.606118,20/RGB/Video_20_19_16_02.606118.jpg
2791,69362.639455,20/RGB/Video_20_19_16_02.639455.jpg
2792,69362.672787,20/RGB/Video_20_19_16_02.672787.jpg
2793,69362.706121,20/RGB/Video_20_19_16_02.706121.jpg
2794,69362.739456,20/RGB/Video_20_19_16_02.739456.jpg
2795,69362.772789,20/RGB/Video_20_19_16_02.772789.jpg
2796,69362.806123,20/RGB/Video_20_19_16_02.806123.jpg
2797,69362.839457,20/RGB/Video_20_19_16_02.839457.jpg
2798,69362.87279,20/RGB/Video_20_19_16_02.872790.jpg
2799,69362.906125,20/RGB/Video_20_19_16_02.906125.jpg
2800,69362.939461,20/RGB/Video_20_19_16_02.939461.jpg
2801,69362.972793,20/RGB/Video_20_19_16_02.972793.jpg
2802,69363.006127,20/RGB/Video_20_19_16_03.006127.jpg
2803,69363.039461,20/RGB/Video_20_19_16_03.039461.jpg
2804,69363.072794,20/RGB/Video_20_19_16_03.072794.jpg
2805,69363.106129,20/RGB/Video_20_19_16_03.106129.jpg
2806,69363.139463,20/RGB/Video_20_19_16_03.139463.jpg
2807,69363.172796,20/RGB/Video_20_19_16_03.172796.jpg
2808,69363.206131,20/RGB/Video_20_19_16_03.206131.jpg
2809,69363.239467,20/RGB/Video_20_19_16_03.239467.jpg
2810,69363.272799,20/RGB/Video_20_19_16_03.272799.jpg
2811,69363.306133,20/RGB/Video_20_19_16_03.306133.jpg
2812,69363.339467,20/RGB/Video_20_19_16_03.339467.jpg
2813,69363.372801,20/RGB/Video_20_19_16_03.372801.jpg
2814,69363.406135,20/RGB/Video_20_19_16_03.406135.jpg
2815,69363.439469,20/RGB/Video_20_19_16_03.439469.jpg
2816,69363.472805,20/RGB/Video_20_19_16_03.472805.jpg
2817,69363.506137,20/RGB/Video_20_19_16_03.506137.jpg
2818,69363.539471,20/RGB/Video_20_19_16_03.539471.jpg
2819,69363.572805,20/RGB/Video_20_19_16_03.572805.jpg
2820,69363.606139,20/RGB/Video_20_19_16_03.606139.jpg
2821,69363.639475,20/RGB/Video_20_19_16_03.639475.jpg
2822,69363.672809,20/RGB/Video_20_19_16_03.672809.jpg
2823,69363.706141,20/RGB/Video_20_19_16_03.706141.jpg
2824,69363.739477,20/RGB/Video_20_19_16_03.739477.jpg
2825,69363.772809,20/RGB/Video_20_19_16_03.772809.jpg
2826,69363.806142,20/RGB/Video_20_19_16_03.806142.jpg
2827,69363.839477,20/RGB/Video_20_19_16_03.839477.jpg
2828,69363.872811,20/RGB/Video_20_19_16_03.872811.jpg
2829,69363.906145,20/RGB/Video_20_19_16_03.906145.jpg
2830,69363.939479,20/RGB/Video_20_19_16_03.939479.jpg
2831,69363.972813,20/RGB/Video_20_19_16_03.972813.jpg
2832,69364.006179,20/RGB/Video_20_19_16_04.006179.jpg
2833,69364.039514,20/RGB/Video_20_19_16_04.039514.jpg
2834,69364.072848,20/RGB/Video_20_19_16_04.072848.jpg
2835,69364.106182,20/RGB/Video_20_19_16_04.106182.jpg
2836,69364.139515,20/RGB/Video_20_19_16_04.139515.jpg
2837,69364.1734,20/RGB/Video_20_19_16_04.173400.jpg
2838,69364.206734,20/RGB/Video_20_19_16_04.206734.jpg
2839,69364.240072,20/RGB/Video_20_19_16_04.240072.jpg
2840,69364.273405,20/RGB/Video_20_19_16_04.273405.jpg
2841,69364.30674,20/RGB/Video_20_19_16_04.306740.jpg
2842,69364.340074,20/RGB/Video_20_19_16_04.340074.jpg
2843,69364.373408,20/RGB/Video_20_19_16_04.373408.jpg
2844,69364.406742,20/RGB/Video_20_19_16_04.406742.jpg
2845,69364.440075,20/RGB/Video_20_19_16_04.440075.jpg
2846,69364.473409,20/RGB/Video_20_19_16_04.473409.jpg
2847,69364.506744,20/RGB/Video_20_19_16_04.506744.jpg
2848,69364.540077,20/RGB/Video_20_19_16_04.540077.jpg
2849,69364.573412,20/RGB/Video_20_19_16_04.573412.jpg
2850,69364.606746,20/RGB/Video_20_19_16_04.606746.jpg
2851,69364.64008,20/RGB/Video_20_19_16_04.640080.jpg
2852,69364.673436,20/RGB/Video_20_19_16_04.673436.jpg
2853,69364.70677,20/RGB/Video_20_19_16_04.706770.jpg
2854,69364.740104,20/RGB/Video_20_19_16_04.740104.jpg
2855,69364.773437,20/RGB/Video_20_19_16_04.773437.jpg
2856,69364.806772,20/RGB/Video_20_19_16_04.806772.jpg
2857,69364.840108,20/RGB/Video_20_19_16_04.840108.jpg
2858,69364.873441,20/RGB/Video_20_19_16_04.873441.jpg
2859,69364.906774,20/RGB/Video_20_19_16_04.906774.jpg
2860,69364.940108,20/RGB/Video_20_19_16_04.940108.jpg
2861,69364.973445,20/RGB/Video_20_19_16_04.973445.jpg
2862,69365.006776,20/RGB/Video_20_19_16_05.006776.jpg
2863,69365.040111,20/RGB/Video_20_19_16_05.040111.jpg
2864,69365.073447,20/RGB/Video_20_19_16_05.073447.jpg
2865,69365.106779,20/RGB/Video_20_19_16_05.106779.jpg
2866,69365.140113,20/RGB/Video_20_19_16_05.140113.jpg
2867,69365.17345,20/RGB/Video_20_19_16_05.173450.jpg
2868,69365.206783,20/RGB/Video_20_19_16_05.206783.jpg
2869,69365.240115,20/RGB/Video_20_19_16_05.240115.jpg
2870,69365.273448,20/RGB/Video_20_19_16_05.273448.jpg
2871,69365.306783,20/RGB/Video_20_19_16_05.306783.jpg
2872,69365.340116,20/RGB/Video_20_19_16_05.340116.jpg
2873,69365.373451,20/RGB/Video_20_19_16_05.373451.jpg
2874,69365.406785,20/RGB/Video_20_19_16_05.406785.jpg
2875,69365.440119,20/RGB/Video_20_19_16_05.440119.jpg
2876,69365.473452,20/RGB/Video_20_19_16_05.473452.jpg
2877,69365.50679,20/RGB/Video_20_19_16_05.506790.jpg
2878,69365.540121,20/RGB/Video_20_19_16_05.540121.jpg
2879,69365.573455,20/RGB/Video_20_19_16_05.573455.jpg
2880,69365.606788,20/RGB/Video_20_19_16_05.606788.jpg
2881,69365.640125,20/RGB/Video_20_19_16_05.640125.jpg
2882,69365.673457,20/RGB/Video_20_19_16_05.673457.jpg
2883,69365.706793,20/RGB/Video_20_19_16_05.706793.jpg
2884,69365.740125,20/RGB/Video_20_19_16_05.740125.jpg
2885,69365.773459,20/RGB/Video_20_19_16_05.773459.jpg
2886,69365.806793,20/RGB/Video_20_19_16_05.806793.jpg
2887,69365.840127,20/RGB/Video_20_19_16_05.840127.jpg
2888,69365.873463,20/RGB/Video_20_19_16_05.873463.jpg
2889,69365.906797,20/RGB/Video_20_19_16_05.906797.jpg
2890,69365.940131,20/RGB/Video_20_19_16_05.940131.jpg
2891,69365.973465,20/RGB/Video_20_19_16_05.973465.jpg
2892,69366.006799,20/RGB/Video_20_19_16_06.006799.jpg
2893,69366.040131,20/RGB/Video_20_19_16_06.040131.jpg
2894,69366.073465,20/RGB/Video_20_19_16_06.073465.jpg
2895,69366.106798,20/RGB/Video_20_19_16_06.106798.jpg
2896,69366.140133,20/RGB/Video_20_19_16_06.140133.jpg
2897,69366.17347,20/RGB/Video_20_19_16_06.173470.jpg
2898,69366.206803,20/RGB/Video_20_19_16_06.206803.jpg
2899,69366.240135,20/RGB/Video_20_19_16_06.240135.jpg
2900,69366.273469,20/RGB/Video_20_19_16_06.273469.jpg
2901,69366.306805,20/RGB/Video_20_19_16_06.306805.jpg
2902,69366.340137,20/RGB/Video_20_19_16_06.340137.jpg
2903,69366.373473,20/RGB/Video_20_19_16_06.373473.jpg
2904,69366.406807,20/RGB/Video_20_19_16_06.406807.jpg
2905,69366.440138,20/RGB/Video_20_19_16_06.440138.jpg
2906,69366.473475,20/RGB/Video_20_19_16_06.473475.jpg
2907,69366.506809,20/RGB/Video_20_19_16_06.506809.jpg
2908,69366.540141,20/RGB/Video_20_19_16_06.540141.jpg
2909,69366.573477,20/RGB/Video_20_19_16_06.573477.jpg
2910,69366.606811,20/RGB/Video_20_19_16_06.606811.jpg
2911,69366.640143,20/RGB/Video_20_19_16_06.640143.jpg
2912,69366.673477,20/RGB/Video_20_19_16_06.673477.jpg
2913,69366.706811,20/RGB/Video_20_19_16_06.706811.jpg
2914,69366.740145,20/RGB/Video_20_19_16_06.740145.jpg
2915,69366.773478,20/RGB/Video_20_19_16_06.773478.jpg
2916,69366.806815,20/RGB/Video_20_19_16_06.806815.jpg
2917,69366.840149,20/RGB/Video_20_19_16_06.840149.jpg
2918,69366.873481,20/RGB/Video_20_19_16_06.873481.jpg
2919,69366.906815,20/RGB/Video_20_19_16_06.906815.jpg
2920,69366.940151,20/RGB/Video_20_19_16_06.940151.jpg
2921,69366.973483,20/RGB/Video_20_19_16_06.973483.jpg
2922,69367.006817,20/RGB/Video_20_19_16_07.006817.jpg
2923,69367.040151,20/RGB/Video_20_19_16_07.040151.jpg
2924,69367.073485,20/RGB/Video_20_19_16_07.073485.jpg
2925,69367.106819,20/RGB/Video_20_19_16_07.106819.jpg
2926,69367.140153,20/RGB/Video_20_19_16_07.140153.jpg
2927,69367.173487,20/RGB/Video_20_19_16_07.173487.jpg
2928,69367.206821,20/RGB/Video_20_19_16_07.206821.jpg
2929,69367.240155,20/RGB/Video_20_19_16_07.240155.jpg
2930,69367.273489,20/RGB/Video_20_19_16_07.273489.jpg
2931,69367.306822,20/RGB/Video_20_19_16_07.306822.jpg
2932,69367.340157,20/RGB/Video_20_19_16_07.340157.jpg
2933,69367.373493,20/RGB/Video_20_19_16_07.373493.jpg
2934,69367.406827,20/RGB/Video_20_19_16_07.406827.jpg
2935,69367.440751,20/RGB/Video_20_19_16_07.440751.jpg
2936,69367.474087,20/RGB/Video_20_19_16_07.474087.jpg
2937,69367.50742,20/RGB/Video_20_19_16_07.507420.jpg
2938,69367.540753,20/RGB/Video_20_19_16_07.540753.jpg
2939,69367.574088,20/RGB/Video_20_19_16_07.574088.jpg
2940,69367.607422,20/RGB/Video_20_19_16_07.607422.jpg
2941,69367.640755,20/RGB/Video_20_19_16_07.640755.jpg
2942,69367.674089,20/RGB/Video_20_19_16_07.674089.jpg
2943,69367.707423,20/RGB/Video_20_19_16_07.707423.jpg
2944,69367.740757,20/RGB/Video_20_19_16_07.740757.jpg
2945,69367.774092,20/RGB/Video_20_19_16_07.774092.jpg
2946,69367.807426,20/RGB/Video_20_19_16_07.807426.jpg
2947,69367.84076,20/RGB/Video_20_19_16_07.840760.jpg
2948,69367.874094,20/RGB/Video_20_19_16_07.874094.jpg
2949,69367.907428,20/RGB/Video_20_19_16_07.907428.jpg
2950,69367.940762,20/RGB/Video_20_19_16_07.940762.jpg
2951,69367.974095,20/RGB/Video_20_19_16_07.974095.jpg
2952,69368.00743,20/RGB/Video_20_19_16_08.007430.jpg
2953,69368.040763,20/RGB/Video_20_19_16_08.040763.jpg
2954,69368.074122,20/RGB/Video_20_19_16_08.074122.jpg
2955,69368.107456,20/RGB/Video_20_19_16_08.107456.jpg
2956,69368.140789,20/RGB/Video_20_19_16_08.140789.jpg
2957,69368.174124,20/RGB/Video_20_19_16_08.174124.jpg
2958,69368.207457,20/RGB/Video_20_19_16_08.207457.jpg
2959,69368.240792,20/RGB/Video_20_19_16_08.240792.jpg
2960,69368.274126,20/RGB/Video_20_19_16_08.274126.jpg
2961,69368.30746,20/RGB/Video_20_19_16_08.307460.jpg
2962,69368.340793,20/RGB/Video_20_19_16_08.340793.jpg
2963,69368.374131,20/RGB/Video_20_19_16_08.374131.jpg
2964,69368.407461,20/RGB/Video_20_19_16_08.407461.jpg
2965,69368.440796,20/RGB/Video_20_19_16_08.440796.jpg
2966,69368.47413,20/RGB/Video_20_19_16_08.474130.jpg
2967,69368.507464,20/RGB/Video_20_19_16_08.507464.jpg
2968,69368.540798,20/RGB/Video_20_19_16_08.540798.jpg
2969,69368.574132,20/RGB/Video_20_19_16_08.574132.jpg
2970,69368.607465,20/RGB/Video_20_19_16_08.607465.jpg
2971,69368.6408,20/RGB/Video_20_19_16_08.640800.jpg
2972,69368.674134,20/RGB/Video_20_19_16_08.674134.jpg
2973,69368.707468,20/RGB/Video_20_19_16_08.707468.jpg
2974,69368.740802,20/RGB/Video_20_19_16_08.740802.jpg
2975,69368.774138,20/RGB/Video_20_19_16_08.774138.jpg
2976,69368.807469,20/RGB/Video_20_19_16_08.807469.jpg
2977,69368.840804,20/RGB/Video_20_19_16_08.840804.jpg
2978,69368.874138,20/RGB/Video_20_19_16_08.874138.jpg
2979,69368.907472,20/RGB/Video_20_19_16_08.907472.jpg
2980,69368.940805,20/RGB/Video_20_19_16_08.940805.jpg
2981,69368.974142,20/RGB/Video_20_19_16_08.974142.jpg
2982,69369.007474,20/RGB/Video_20_19_16_09.007474.jpg
2983,69369.04081,20/RGB/Video_20_19_16_09.040810.jpg
2984,69369.074142,20/RGB/Video_20_19_16_09.074142.jpg
2985,69369.107478,20/RGB/Video_20_19_16_09.107478.jpg
2986,69369.140813,20/RGB/Video_20_19_16_09.140813.jpg
2987,69369.174144,20/RGB/Video_20_19_16_09.174144.jpg
2988,69369.207478,20/RGB/Video_20_19_16_09.207478.jpg
2989,69369.240812,20/RGB/Video_20_19_16_09.240812.jpg
2990,69369.274146,20/RGB/Video_20_19_16_09.274146.jpg
2991,69369.30748,20/RGB/Video_20_19_16_09.307480.jpg
2992,69369.340814,20/RGB/Video_20_19_16_09.340814.jpg
2993,69369.374148,20/RGB/Video_20_19_16_09.374148.jpg
2994,69369.407482,20/RGB/Video_20_19_16_09.407482.jpg
2995,69369.440818,20/RGB/Video_20_19_16_09.440818.jpg
2996,69369.47415,20/RGB/Video_20_19_16_09.474150.jpg
2997,69369.507484,20/RGB/Video_20_19_16_09.507484.jpg
2998,69369.54082,20/RGB/Video_20_19_16_09.540820.jpg
2999,69369.574152,20/RGB/Video_20_19_16_09.574152.jpg
3000,69369.607488,20/RGB/Video_20_19_16_09.607488.jpg
3001,69369.640822,20/RGB/Video_20_19_16_09.640822.jpg
3002,69369.674153,20/RGB/Video_20_19_16_09.674153.jpg
3003,69369.707487,20/RGB/Video_20_19_16_09.707487.jpg
3004,69369.740822,20/RGB/Video_20_19_16_09.740822.jpg
3005,69369.774156,20/RGB/Video_20_19_16_09.774156.jpg
3006,69369.807492,20/RGB/Video_20_19_16_09.807492.jpg
3007,69369.840824,20/RGB/Video_20_19_16_09.840824.jpg
3008,69369.874158,20/RGB/Video_20_19_16_09.874158.jpg
3009,69369.907492,20/RGB/Video_20_19_16_09.907492.jpg
3010,69369.940825,20/RGB/Video_20_19_16_09.940825.jpg
3011,69369.974163,20/RGB/Video_20_19_16_09.974163.jpg
3012,69370.007494,20/RGB/Video_20_19_16_10.007494.jpg
3013,69370.040828,20/RGB/Video_20_19_16_10.040828.jpg
3014,69370.074164,20/RGB/Video_20_19_16_10.074164.jpg
3015,69370.107495,20/RGB/Video_20_19_16_10.107495.jpg
3016,69370.14083,20/RGB/Video_20_19_16_10.140830.jpg
3017,69370.174164,20/RGB/Video_20_19_16_10.174164.jpg
3018,69370.2075,20/RGB/Video_20_19_16_10.207500.jpg
3019,69370.240834,20/RGB/Video_20_19_16_10.240834.jpg
3020,69370.274166,20/RGB/Video_20_19_16_10.274166.jpg
3021,69370.3075,20/RGB/Video_20_19_16_10.307500.jpg
3022,69370.340833,20/RGB/Video_20_19_16_10.340833.jpg
3023,69370.374168,20/RGB/Video_20_19_16_10.374168.jpg
3024,69370.407502,20/RGB/Video_20_19_16_10.407502.jpg
3025,69370.440836,20/RGB/Video_20_19_16_10.440836.jpg
3026,69370.47417,20/RGB/Video_20_19_16_10.474170.jpg
3027,69370.507506,20/RGB/Video_20_19_16_10.507506.jpg
3028,69370.540838,20/RGB/Video_20_19_16_10.540838.jpg
3029,69370.574172,20/RGB/Video_20_19_16_10.574172.jpg
3030,69370.607506,20/RGB/Video_20_19_16_10.607506.jpg
3031,69370.641685,20/RGB/Video_20_19_16_10.641685.jpg
3032,69370.67502,20/RGB/Video_20_19_16_10.675020.jpg
3033,69370.708354,20/RGB/Video_20_19_16_10.708354.jpg
3034,69370.741687,20/RGB/Video_20_19_16_10.741687.jpg
3035,69370.775022,20/RGB/Video_20_19_16_10.775022.jpg
3036,69370.808356,20/RGB/Video_20_19_16_10.808356.jpg
3037,69370.84169,20/RGB/Video_20_19_16_10.841690.jpg
3038,69370.875023,20/RGB/Video_20_19_16_10.875023.jpg
3039,69370.908358,20/RGB/Video_20_19_16_10.908358.jpg
3040,69370.941692,20/RGB/Video_20_19_16_10.941692.jpg
3041,69370.975028,20/RGB/Video_20_19_16_10.975028.jpg
3042,69371.00836,20/RGB/Video_20_19_16_11.008360.jpg
3043,69371.041693,20/RGB/Video_20_19_16_11.041693.jpg
3044,69371.075028,20/RGB/Video_20_19_16_11.075028.jpg
3045,69371.108361,20/RGB/Video_20_19_16_11.108361.jpg
3046,69371.141696,20/RGB/Video_20_19_16_11.141696.jpg
3047,69371.175029,20/RGB/Video_20_19_16_11.175029.jpg
3048,69371.208363,20/RGB/Video_20_19_16_11.208363.jpg
3049,69371.241698,20/RGB/Video_20_19_16_11.241698.jpg
3050,69371.275068,20/RGB/Video_20_19_16_11.275068.jpg
3051,69371.308403,20/RGB/Video_20_19_16_11.308403.jpg
3052,69371.341737,20/RGB/Video_20_19_16_11.341737.jpg
3053,69371.375071,20/RGB/Video_20_19_16_11.375071.jpg
3054,69371.408405,20/RGB/Video_20_19_16_11.408405.jpg
3055,69371.441739,20/RGB/Video_20_19_16_11.441739.jpg
3056,69371.475072,20/RGB/Video_20_19_16_11.475072.jpg
3057,69371.508409,20/RGB/Video_20_19_16_11.508409.jpg
3058,69371.541741,20/RGB/Video_20_19_16_11.541741.jpg
3059,69371.575077,20/RGB/Video_20_19_16_11.575077.jpg
3060,69371.608408,20/RGB/Video_20_19_16_11.608408.jpg
3061,69371.641743,20/RGB/Video_20_19_16_11.641743.jpg
3062,69371.675079,20/RGB/Video_20_19_16_11.675079.jpg
3063,69371.708414,20/RGB/Video_20_19_16_11.708414.jpg
3064,69371.741745,20/RGB/Video_20_19_16_11.741745.jpg
3065,69371.775079,20/RGB/Video_20_19_16_11.775079.jpg
3066,69371.808413,20/RGB/Video_20_19_16_11.808413.jpg
3067,69371.841747,20/RGB/Video_20_19_16_11.841747.jpg
3068,69371.875084,20/RGB/Video_20_19_16_11.875084.jpg
3069,69371.908415,20/RGB/Video_20_19_16_11.908415.jpg
3070,69371.941749,20/RGB/Video_20_19_16_11.941749.jpg
3071,69371.975083,20/RGB/Video_20_19_16_11.975083.jpg
3072,69372.00842,20/RGB/Video_20_19_16_12.008420.jpg
3073,69372.04175,20/RGB/Video_20_19_16_12.041750.jpg
3074,69372.075087,20/RGB/Video_20_19_16_12.075087.jpg
3075,69372.108419,20/RGB/Video_20_19_16_12.108419.jpg
3076,69372.141753,20/RGB/Video_20_19_16_12.141753.jpg
3077,69372.175087,20/RGB/Video_20_19_16_12.175087.jpg
3078,69372.208421,20/RGB/Video_20_19_16_12.208421.jpg
3079,69372.241757,20/RGB/Video_20_19_16_12.241757.jpg
3080,69372.275092,20/RGB/Video_20_19_16_12.275092.jpg
3081,69372.308423,20/RGB/Video_20_19_16_12.308423.jpg
3082,69372.341759,20/RGB/Video_20_19_16_12.341759.jpg
3083,69372.37509,20/RGB/Video_20_19_16_12.375090.jpg
3084,69372.408425,20/RGB/Video_20_19_16_12.408425.jpg
3085,69372.441761,20/RGB/Video_20_19_16_12.441761.jpg
3086,69372.475095,20/RGB/Video_20_19_16_12.475095.jpg
3087,69372.508426,20/RGB/Video_20_19_16_12.508426.jpg
3088,69372.54176,20/RGB/Video_20_19_16_12.541760.jpg
3089,69372.575095,20/RGB/Video_20_19_16_12.575095.jpg
3090,69372.608429,20/RGB/Video_20_19_16_12.608429.jpg
3091,69372.641762,20/RGB/Video_20_19_16_12.641762.jpg
3092,69372.675096,20/RGB/Video_20_19_16_12.675096.jpg
3093,69372.708433,20/RGB/Video_20_19_16_12.708433.jpg
3094,69372.741767,20/RGB/Video_20_19_16_12.741767.jpg
3095,69372.775101,20/RGB/Video_20_19_16_12.775101.jpg
3096,69372.808433,20/RGB/Video_20_19_16_12.808433.jpg
3097,69372.841767,20/RGB/Video_20_19_16_12.841767.jpg
3098,69372.875103,20/RGB/Video_20_19_16_12.875103.jpg
3099,69372.908435,20/RGB/Video_20_19_16_12.908435.jpg
3100,69372.941771,20/RGB/Video_20_19_16_12.941771.jpg
3101,69372.975105,20/RGB/Video_20_19_16_12.975105.jpg
3102,69373.008439,20/RGB/Video_20_19_16_13.008439.jpg
3103,69373.041773,20/RGB/Video_20_19_16_13.041773.jpg
3104,69373.075105,20/RGB/Video_20_19_16_13.075105.jpg
3105,69373.108439,20/RGB/Video_20_19_16_13.108439.jpg
3106,69373.141773,20/RGB/Video_20_19_16_13.141773.jpg
3107,69373.175107,20/RGB/Video_20_19_16_13.175107.jpg
3108,69373.208443,20/RGB/Video_20_19_16_13.208443.jpg
3109,69373.241777,20/RGB/Video_20_19_16_13.241777.jpg
3110,69373.275111,20/RGB/Video_20_19_16_13.275111.jpg
3111,69373.308447,20/RGB/Video_20_19_16_13.308447.jpg
3112,69373.341779,20/RGB/Video_20_19_16_13.341779.jpg
3113,69373.375111,20/RGB/Video_20_19_16_13.375111.jpg
3114,69373.408447,20/RGB/Video_20_19_16_13.408447.jpg
3115,69373.441781,20/RGB/Video_20_19_16_13.441781.jpg
3116,69373.475115,20/RGB/Video_20_19_16_13.475115.jpg
3117,69373.508447,20/RGB/Video_20_19_16_13.508447.jpg
3118,69373.54178,20/RGB/Video_20_19_16_13.541780.jpg
3119,69373.575115,20/RGB/Video_20_19_16_13.575115.jpg
3120,69373.60845,20/RGB/Video_20_19_16_13.608450.jpg
3121,69373.641783,20/RGB/Video_20_19_16_13.641783.jpg
3122,69373.675117,20/RGB/Video_20_19_16_13.675117.jpg
3123,69373.708956,20/RGB/Video_20_19_16_13.708956.jpg
3124,69373.74229,20/RGB/Video_20_19_16_13.742290.jpg
3125,69373.77707,20/RGB/Video_20_19_16_13.777070.jpg
3126,69373.810404,20/RGB/Video_20_19_16_13.810404.jpg
3127,69373.843738,20/RGB/Video_20_19_16_13.843738.jpg
3128,69373.877072,20/RGB/Video_20_19_16_13.877072.jpg
3129,69373.910406,20/RGB/Video_20_19_16_13.910406.jpg
3130,69373.94374,20/RGB/Video_20_19_16_13.943740.jpg
3131,69373.977074,20/RGB/Video_20_19_16_13.977074.jpg
3132,69374.010408,20/RGB/Video_20_19_16_14.010408.jpg
3133,69374.043741,20/RGB/Video_20_19_16_14.043741.jpg
3134,69374.077076,20/RGB/Video_20_19_16_14.077076.jpg
3135,69374.110409,20/RGB/Video_20_19_16_14.110409.jpg
3136,69374.143744,20/RGB/Video_20_19_16_14.143744.jpg
3137,69374.180531,20/RGB/Video_20_19_16_14.180531.jpg
3138,69374.213865,20/RGB/Video_20_19_16_14.213865.jpg
3139,69374.247198,20/RGB/Video_20_19_16_14.247198.jpg
3140,69374.280535,20/RGB/Video_20_19_16_14.280535.jpg
3141,69374.313869,20/RGB/Video_20_19_16_14.313869.jpg
3142,69374.347201,20/RGB/Video_20_19_16_14.347201.jpg
3143,69374.380535,20/RGB/Video_20_19_16_14.380535.jpg
3144,69374.413869,20/RGB/Video_20_19_16_14.413869.jpg
3145,69374.447203,20/RGB/Video_20_19_16_14.447203.jpg
3146,69374.480537,20/RGB/Video_20_19_16_14.480537.jpg
3147,69374.513873,20/RGB/Video_20_19_16_14.513873.jpg
3148,69374.547205,20/RGB/Video_20_19_16_14.547205.jpg
3149,69374.580541,20/RGB/Video_20_19_16_14.580541.jpg
3150,69374.613872,20/RGB/Video_20_19_16_14.613872.jpg
3151,69374.647207,20/RGB/Video_20_19_16_14.647207.jpg
3152,69374.680544,20/RGB/Video_20_19_16_14.680544.jpg
3153,69374.713877,20/RGB/Video_20_19_16_14.713877.jpg
3154,69374.747209,20/RGB/Video_20_19_16_14.747209.jpg
3155,69374.780545,20/RGB/Video_20_19_16_14.780545.jpg
3156,69374.813877,20/RGB/Video_20_19_16_14.813877.jpg
3157,69374.847211,20/RGB/Video_20_19_16_14.847211.jpg
3158,69374.880545,20/RGB/Video_20_19_16_14.880545.jpg
3159,69374.913879,20/RGB/Video_20_19_16_14.913879.jpg
3160,69374.947215,20/RGB/Video_20_19_16_14.947215.jpg
3161,69374.980547,20/RGB/Video_20_19_16_14.980547.jpg
3162,69375.013883,20/RGB/Video_20_19_16_15.013883.jpg
3163,69375.047217,20/RGB/Video_20_19_16_15.047217.jpg
3164,69375.080549,20/RGB/Video_20_19_16_15.080549.jpg
3165,69375.113883,20/RGB/Video_20_19_16_15.113883.jpg
3166,69375.147219,20/RGB/Video_20_19_16_15.147219.jpg
3167,69375.180553,20/RGB/Video_20_19_16_15.180553.jpg
3168,69375.213887,20/RGB/Video_20_19_16_15.213887.jpg
3169,69375.247219,20/RGB/Video_20_19_16_15.247219.jpg
3170,69375.280553,20/RGB/Video_20_19_16_15.280553.jpg
3171,69375.313889,20/RGB/Video_20_19_16_15.313889.jpg
3172,69375.347221,20/RGB/Video_20_19_16_15.347221.jpg
3173,69375.380557,20/RGB/Video_20_19_16_15.380557.jpg
3174,69375.413891,20/RGB/Video_20_19_16_15.413891.jpg
3175,69375.447225,20/RGB/Video_20_19_16_15.447225.jpg
3176,69375.480556,20/RGB/Video_20_19_16_15.480556.jpg
3177,69375.513893,20/RGB/Video_20_19_16_15.513893.jpg
3178,69375.547227,20/RGB/Video_20_19_16_15.547227.jpg
3179,69375.580559,20/RGB/Video_20_19_16_15.580559.jpg
3180,69375.613893,20/RGB/Video_20_19_16_15.613893.jpg
3181,69375.64723,20/RGB/Video_20_19_16_15.647230.jpg
3182,69375.680561,20/RGB/Video_20_19_16_15.680561.jpg
3183,69375.713895,20/RGB/Video_20_19_16_15.713895.jpg
3184,69375.747232,20/RGB/Video_20_19_16_15.747232.jpg
3185,69375.780564,20/RGB/Video_20_19_16_15.780564.jpg
3186,69375.813899,20/RGB/Video_20_19_16_15.813899.jpg
3187,69375.847231,20/RGB/Video_20_19_16_15.847231.jpg
3188,69375.880565,20/RGB/Video_20_19_16_15.880565.jpg
3189,69375.913899,20/RGB/Video_20_19_16_15.913899.jpg
3190,69375.947235,20/RGB/Video_20_19_16_15.947235.jpg
3191,69375.980567,20/RGB/Video_20_19_16_15.980567.jpg
3192,69376.013901,20/RGB/Video_20_19_16_16.013901.jpg
3193,69376.047235,20/RGB/Video_20_19_16_16.047235.jpg
3194,69376.080569,20/RGB/Video_20_19_16_16.080569.jpg
3195,69376.113903,20/RGB/Video_20_19_16_16.113903.jpg
3196,69376.147239,20/RGB/Video_20_19_16_16.147239.jpg
3197,69376.180571,20/RGB/Video_20_19_16_16.180571.jpg
3198,69376.213905,20/RGB/Video_20_19_16_16.213905.jpg
3199,69376.247239,20/RGB/Video_20_19_16_16.247239.jpg
3200,69376.280573,20/RGB/Video_20_19_16_16.280573.jpg
3201,69376.313907,20/RGB/Video_20_19_16_16.313907.jpg
3202,69376.347243,20/RGB/Video_20_19_16_16.347243.jpg
3203,69376.380575,20/RGB/Video_20_19_16_16.380575.jpg
3204,69376.413909,20/RGB/Video_20_19_16_16.413909.jpg
3205,69376.447243,20/RGB/Video_20_19_16_16.447243.jpg
3206,69376.481299,20/RGB/Video_20_19_16_16.481299.jpg
3207,69376.514633,20/RGB/Video_20_19_16_16.514633.jpg
3208,69376.547968,20/RGB/Video_20_19_16_16.547968.jpg
3209,69376.581302,20/RGB/Video_20_19_16_16.581302.jpg
3210,69376.614636,20/RGB/Video_20_19_16_16.614636.jpg
3211,69376.647971,20/RGB/Video_20_19_16_16.647971.jpg
3212,69376.681304,20/RGB/Video_20_19_16_16.681304.jpg
3213,69376.714638,20/RGB/Video_20_19_16_16.714638.jpg
3214,69376.747972,20/RGB/Video_20_19_16_16.747972.jpg
3215,69376.781306,20/RGB/Video_20_19_16_16.781306.jpg
3216,69376.81464,20/RGB/Video_20_19_16_16.814640.jpg
3217,69376.847973,20/RGB/Video_20_19_16_16.847973.jpg
3218,69376.881308,20/RGB/Video_20_19_16_16.881308.jpg
3219,69376.914642,20/RGB/Video_20_19_16_16.914642.jpg
3220,69376.947975,20/RGB/Video_20_19_16_16.947975.jpg
3221,69376.981309,20/RGB/Video_20_19_16_16.981309.jpg
3222,69377.014644,20/RGB/Video_20_19_16_17.014644.jpg
3223,69377.047978,20/RGB/Video_20_19_16_17.047978.jpg
3224,69377.081312,20/RGB/Video_20_19_16_17.081312.jpg
3225,69377.114645,20/RGB/Video_20_19_16_17.114645.jpg
3226,69377.147979,20/RGB/Video_20_19_16_17.147979.jpg
3227,69377.181314,20/RGB/Video_20_19_16_17.181314.jpg
3228,69377.214648,20/RGB/Video_20_19_16_17.214648.jpg
3229,69377.247982,20/RGB/Video_20_19_16_17.247982.jpg
3230,69377.281319,20/RGB/Video_20_19_16_17.281319.jpg
3231,69377.314649,20/RGB/Video_20_19_16_17.314649.jpg
3232,69377.347986,20/RGB/Video_20_19_16_17.347986.jpg
3233,69377.381317,20/RGB/Video_20_19_16_17.381317.jpg
3234,69377.414651,20/RGB/Video_20_19_16_17.414651.jpg
3235,69377.447985,20/RGB/Video_20_19_16_17.447985.jpg
3236,69377.481322,20/RGB/Video_20_19_16_17.481322.jpg
3237,69377.514653,20/RGB/Video_20_19_16_17.514653.jpg
3238,69377.547987,20/RGB/Video_20_19_16_17.547987.jpg
3239,69377.581324,20/RGB/Video_20_19_16_17.581324.jpg
3240,69377.614656,20/RGB/Video_20_19_16_17.614656.jpg
3241,69377.64799,20/RGB/Video_20_19_16_17.647990.jpg
3242,69377.681324,20/RGB/Video_20_19_16_17.681324.jpg
3243,69377.714658,20/RGB/Video_20_19_16_17.714658.jpg
3244,69377.747992,20/RGB/Video_20_19_16_17.747992.jpg
3245,69377.781326,20/RGB/Video_20_19_16_17.781326.jpg
3246,69377.814663,20/RGB/Video_20_19_16_17.814663.jpg
3247,69377.847995,20/RGB/Video_20_19_16_17.847995.jpg
3248,69377.881332,20/RGB/Video_20_19_16_17.881332.jpg
3249,69377.914663,20/RGB/Video_20_19_16_17.914663.jpg
3250,69377.947997,20/RGB/Video_20_19_16_17.947997.jpg
3251,69377.981331,20/RGB/Video_20_19_16_17.981331.jpg
3252,69378.014665,20/RGB/Video_20_19_16_18.014665.jpg
3253,69378.048001,20/RGB/Video_20_19_16_18.048001.jpg
3254,69378.081333,20/RGB/Video_20_19_16_18.081333.jpg
3255,69378.114667,20/RGB/Video_20_19_16_18.114667.jpg
3256,69378.148003,20/RGB/Video_20_19_16_18.148003.jpg
3257,69378.181337,20/RGB/Video_20_19_16_18.181337.jpg
3258,69378.214671,20/RGB/Video_20_19_16_18.214671.jpg
3259,69378.248005,20/RGB/Video_20_19_16_18.248005.jpg
3260,69378.281339,20/RGB/Video_20_19_16_18.281339.jpg
3261,69378.314674,20/RGB/Video_20_19_16_18.314674.jpg
3262,69378.348008,20/RGB/Video_20_19_16_18.348008.jpg
3263,69378.381342,20/RGB/Video_20_19_16_18.381342.jpg
3264,69378.414678,20/RGB/Video_20_19_16_18.414678.jpg
3265,69378.44801,20/RGB/Video_20_19_16_18.448010.jpg
3266,69378.481344,20/RGB/Video_20_19_16_18.481344.jpg
3267,69378.514678,20/RGB/Video_20_19_16_18.514678.jpg
3268,69378.548011,20/RGB/Video_20_19_16_18.548011.jpg
3269,69378.581346,20/RGB/Video_20_19_16_18.581346.jpg
3270,69378.614682,20/RGB/Video_20_19_16_18.614682.jpg
3271,69378.648016,20/RGB/Video_20_19_16_18.648016.jpg
3272,69378.681351,20/RGB/Video_20_19_16_18.681351.jpg
3273,69378.714682,20/RGB/Video_20_19_16_18.714682.jpg
3274,69378.748016,20/RGB/Video_20_19_16_18.748016.jpg
3275,69378.78135,20/RGB/Video_20_19_16_18.781350.jpg
3276,69378.814684,20/RGB/Video_20_19_16_18.814684.jpg
3277,69378.848021,20/RGB/Video_20_19_16_18.848021.jpg
3278,69378.881354,20/RGB/Video_20_19_16_18.881354.jpg
3279,69378.914685,20/RGB/Video_20_19_16_18.914685.jpg
3280,69378.94802,20/RGB/Video_20_19_16_18.948020.jpg
3281,69378.981354,20/RGB/Video_20_19_16_18.981354.jpg
3282,69379.014688,20/RGB/Video_20_19_16_19.014688.jpg
3283,69379.048022,20/RGB/Video_20_19_16_19.048022.jpg
3284,69379.081356,20/RGB/Video_20_19_16_19.081356.jpg
3285,69379.114692,20/RGB/Video_20_19_16_19.114692.jpg
3286,69379.148024,20/RGB/Video_20_19_16_19.148024.jpg
3287,69379.181358,20/RGB/Video_20_19_16_19.181358.jpg
3288,69379.214695,20/RGB/Video_20_19_16_19.214695.jpg
3289,69379.248027,20/RGB/Video_20_19_16_19.248027.jpg
3290,69379.281363,20/RGB/Video_20_19_16_19.281363.jpg
3291,69379.314697,20/RGB/Video_20_19_16_19.314697.jpg
3292,69379.348029,20/RGB/Video_20_19_16_19.348029.jpg
3293,69379.381363,20/RGB/Video_20_19_16_19.381363.jpg
3294,69379.414697,20/RGB/Video_20_19_16_19.414697.jpg
3295,69379.448033,20/RGB/Video_20_19_16_19.448033.jpg
3296,69379.481364,20/RGB/Video_20_19_16_19.481364.jpg
3297,69379.514699,20/RGB/Video_20_19_16_19.514699.jpg
3298,69379.548033,20/RGB/Video_20_19_16_19.548033.jpg
3299,69379.581367,20/RGB/Video_20_19_16_19.581367.jpg
3300,69379.614701,20/RGB/Video_20_19_16_19.614701.jpg
3301,69379.648038,20/RGB/Video_20_19_16_19.648038.jpg
3302,69379.681372,20/RGB/Video_20_19_16_19.681372.jpg
3303,69379.714708,20/RGB/Video_20_19_16_19.714708.jpg
3304,69379.74804,20/RGB/Video_20_19_16_19.748040.jpg
3305,69379.782122,20/RGB/Video_20_19_16_19.782122.jpg
3306,69379.815456,20/RGB/Video_20_19_16_19.815456.jpg
3307,69379.84879,20/RGB/Video_20_19_16_19.848790.jpg
3308,69379.882125,20/RGB/Video_20_19_16_19.882125.jpg
3309,69379.915462,20/RGB/Video_20_19_16_19.915462.jpg
3310,69379.948793,20/RGB/Video_20_19_16_19.948793.jpg
3311,69379.982126,20/RGB/Video_20_19_16_19.982126.jpg
3312,69380.015461,20/RGB/Video_20_19_16_20.015461.jpg
3313,69380.048795,20/RGB/Video_20_19_16_20.048795.jpg
3314,69380.082128,20/RGB/Video_20_19_16_20.082128.jpg
3315,69380.115463,20/RGB/Video_20_19_16_20.115463.jpg
3316,69380.148797,20/RGB/Video_20_19_16_20.148797.jpg
3317,69380.18213,20/RGB/Video_20_19_16_20.182130.jpg
3318,69380.215465,20/RGB/Video_20_19_16_20.215465.jpg
3319,69380.248807,20/RGB/Video_20_19_16_20.248807.jpg
3320,69380.282166,20/RGB/Video_20_19_16_20.282166.jpg
3321,69380.315499,20/RGB/Video_20_19_16_20.315499.jpg
3322,69380.348834,20/RGB/Video_20_19_16_20.348834.jpg
3323,69380.382168,20/RGB/Video_20_19_16_20.382168.jpg
3324,69380.415502,20/RGB/Video_20_19_16_20.415502.jpg
3325,69380.448836,20/RGB/Video_20_19_16_20.448836.jpg
3326,69380.482171,20/RGB/Video_20_19_16_20.482171.jpg
3327,69380.515504,20/RGB/Video_20_19_16_20.515504.jpg
3328,69380.548841,20/RGB/Video_20_19_16_20.548841.jpg
3329,69380.582176,20/RGB/Video_20_19_16_20.582176.jpg
3330,69380.615509,20/RGB/Video_20_19_16_20.615509.jpg
3331,69380.648843,20/RGB/Video_20_19_16_20.648843.jpg
3332,69380.682177,20/RGB/Video_20_19_16_20.682177.jpg
3333,69380.715515,20/RGB/Video_20_19_16_20.715515.jpg
3334,69380.748846,20/RGB/Video_20_19_16_20.748846.jpg
3335,69380.782183,20/RGB/Video_20_19_16_20.782183.jpg
3336,69380.815521,20/RGB/Video_20_19_16_20.815521.jpg
3337,69380.848852,20/RGB/Video_20_19_16_20.848852.jpg
3338,69380.882187,20/RGB/Video_20_19_16_20.882187.jpg
3339,69380.915523,20/RGB/Video_20_19_16_20.915523.jpg
3340,69380.948855,20/RGB/Video_20_19_16_20.948855.jpg
3341,69380.982192,20/RGB/Video_20_19_16_20.982192.jpg
3342,69381.015522,20/RGB/Video_20_19_16_21.015522.jpg
3343,69381.048857,20/RGB/Video_20_19_16_21.048857.jpg
3344,69381.082191,20/RGB/Video_20_19_16_21.082191.jpg
3345,69381.115525,20/RGB/Video_20_19_16_21.115525.jpg
3346,69381.148859,20/RGB/Video_20_19_16_21.148859.jpg
3347,69381.182193,20/RGB/Video_20_19_16_21.182193.jpg
3348,69381.215527,20/RGB/Video_20_19_16_21.215527.jpg
3349,69381.248863,20/RGB/Video_20_19_16_21.248863.jpg
3350,69381.282195,20/RGB/Video_20_19_16_21.282195.jpg
3351,69381.315531,20/RGB/Video_20_19_16_21.315531.jpg
3352,69381.348862,20/RGB/Video_20_19_16_21.348862.jpg
3353,69381.382197,20/RGB/Video_20_19_16_21.382197.jpg
3354,69381.415533,20/RGB/Video_20_19_16_21.415533.jpg
3355,69381.448864,20/RGB/Video_20_19_16_21.448864.jpg
3356,69381.482199,20/RGB/Video_20_19_16_21.482199.jpg
3357,69381.515533,20/RGB/Video_20_19_16_21.515533.jpg
3358,69381.548867,20/RGB/Video_20_19_16_21.548867.jpg
3359,69381.582203,20/RGB/Video_20_19_16_21.582203.jpg
3360,69381.615537,20/RGB/Video_20_19_16_21.615537.jpg
3361,69381.648868,20/RGB/Video_20_19_16_21.648868.jpg
3362,69381.682205,20/RGB/Video_20_19_16_21.682205.jpg
3363,69381.715537,20/RGB/Video_20_19_16_21.715537.jpg
3364,69381.748874,20/RGB/Video_20_19_16_21.748874.jpg
3365,69381.782205,20/RGB/Video_20_19_16_21.782205.jpg
3366,69381.815538,20/RGB/Video_20_19_16_21.815538.jpg
3367,69381.848872,20/RGB/Video_20_19_16_21.848872.jpg
3368,69381.882207,20/RGB/Video_20_19_16_21.882207.jpg
3369,69381.915543,20/RGB/Video_20_19_16_21.915543.jpg
3370,69381.948875,20/RGB/Video_20_19_16_21.948875.jpg
3371,69381.982211,20/RGB/Video_20_19_16_21.982211.jpg
3372,69382.015543,20/RGB/Video_20_19_16_22.015543.jpg
3373,69382.048879,20/RGB/Video_20_19_16_22.048879.jpg
3374,69382.082211,20/RGB/Video_20_19_16_22.082211.jpg
3375,69382.115545,20/RGB/Video_20_19_16_22.115545.jpg
3376,69382.148879,20/RGB/Video_20_19_16_22.148879.jpg
3377,69382.182213,20/RGB/Video_20_19_16_22.182213.jpg
3378,69382.215547,20/RGB/Video_20_19_16_22.215547.jpg
3379,69382.248881,20/RGB/Video_20_19_16_22.248881.jpg
3380,69382.282217,20/RGB/Video_20_19_16_22.282217.jpg
