timestamp,window_id,tp,fp,fn,matches,lag_sec
0.066666,0,0,1,0,[],0.029320000000000006
0.09999899999999999,2,0,1,0,[],0.0026530000000000026
0.133332,3,0,1,0,[],0.005986000000000019
0.16666499999999998,4,0,1,0,[],0.009318999999999994
0.19999799999999998,5,0,1,0,[],0.012651999999999997
0.23333099999999998,6,0,1,0,[],0.015985
0.266664,7,0,1,0,[],0.01931800000000003
0.299997,8,0,2,0,[],0.022651000000000032
0.33332999999999996,9,0,0,0,[],0.02598399999999995
0.36666299999999996,10,0,1,0,[],0.029316999999999926
0.39999599999999996,12,0,3,0,[],0.0026499999999998747
0.43332899999999996,13,0,3,0,[],0.0059829999999998495
0.46666199999999997,14,0,3,0,[],0.009315999999999824
0.49999499999999997,15,0,2,0,[],0.0126489999999998
0.533328,16,0,2,0,[],0.01598199999999983
0.566661,17,0,3,0,[],0.01931499999999975
0.599994,18,0,3,0,[],0.02264799999999978
0.633327,19,0,4,0,[],0.0259809999999997
0.6666599999999999,20,0,4,0,[],0.029313999999999618
0.699993,22,0,4,0,[],0.002646999999999622
0.7333259999999999,23,0,3,0,[],0.005979999999999541
0.766659,24,0,3,0,[],0.009312999999999572
0.7999919999999999,25,0,3,0,[],0.012645999999999491
0.833325,26,0,3,0,[],0.01597899999999952
0.8666579999999999,27,0,4,0,[],0.01931199999999944
0.899991,28,0,3,0,[],0.02264499999999947
0.9333239999999999,29,0,3,0,[],0.02597799999999939
0.966657,30,0,3,0,[],0.02931099999999942
0.9999899999999999,32,0,4,0,[],0.0026439999999993136
1.033323,33,0,4,0,[],0.005976999999999455
1.066656,34,0,3,0,[],0.009309999999999485
1.0999889999999999,35,0,3,0,[],0.012642999999999294
1.133322,36,0,4,0,[],0.015975999999999324
1.166655,37,0,3,0,[],0.019308999999999354
1.199988,38,0,3,0,[],0.022641999999999385
1.233321,39,0,3,0,[],0.025974999999999193
1.266654,40,0,3,0,[],0.029307999999999224
1.299987,42,0,3,0,[],0.0026409999999992273
1.3333199999999998,43,0,4,0,[],0.005973999999999036
1.366653,44,0,3,0,[],0.009306999999999066
1.399986,45,0,4,0,[],0.012639999999999096
1.433319,46,0,3,0,[],0.015972999999999127
1.4666519999999998,47,0,3,0,[],0.019305999999998935
1.499985,48,0,3,0,[],0.022638999999998966
1.533318,49,0,3,0,[],0.025971999999998996
1.566651,50,0,4,0,[],0.029304999999999026
1.5999839999999999,52,0,3,0,[],0.002637999999998808
1.633317,53,0,4,0,[],0.005970999999998838
1.66665,54,0,3,0,[],0.009303999999998869
1.699983,55,0,4,0,[],0.012636999999998899
1.7333159999999999,56,0,4,0,[],0.015969999999998707
1.766649,57,0,4,0,[],0.019302999999998738
1.799982,58,0,4,0,[],0.022635999999998768
1.833315,59,0,4,0,[],0.0259689999999988
1.8666479999999999,60,0,4,0,[],0.029301999999998607
1.899981,62,0,4,0,[],0.0026349999999986107
1.933314,63,0,4,0,[],0.005967999999998641
1.9666469999999998,64,0,4,0,[],0.00930099999999845
1.9999799999999999,65,0,4,0,[],0.01263399999999848
2.0333129999999997,66,0,4,0,[],0.01596699999999851
2.066646,67,0,4,0,[],0.019299999999998985
2.099979,68,0,4,0,[],0.022632999999999015
2.133312,69,0,4,0,[],0.02596599999999949
2.166645,70,0,4,0,[],0.02929899999999952
2.1999779999999998,72,0,4,0,[],0.0026319999999997457
2.233311,73,0,4,0,[],0.00596500000000022
2.266644,74,0,4,0,[],0.00929800000000025
2.2999769999999997,75,0,4,0,[],0.012631000000000281
2.33331,76,0,4,0,[],0.015964000000000755
2.366643,77,0,4,0,[],0.019297000000000786
2.399976,78,0,4,0,[],0.02263000000000126
2.433309,79,0,4,0,[],0.02596300000000129
2.466642,80,0,3,0,[],0.02929600000000132
2.499975,82,0,3,0,[],0.002629000000001991
2.533308,83,0,4,0,[],0.005962000000002021
2.5666409999999997,84,0,3,0,[],0.009295000000002052
2.599974,85,0,4,0,[],0.012628000000002526
2.633307,86,0,4,0,[],0.015961000000002556
2.6666399999999997,87,0,4,0,[],0.019294000000002587
2.699973,88,0,4,0,[],0.02262700000000306
2.733306,89,0,4,0,[],0.02596000000000309
2.766639,90,0,4,0,[],0.029293000000003566
2.799972,92,0,4,0,[],0.002626000000003792
2.8333049999999997,93,0,4,0,[],0.005959000000003822
2.866638,94,0,4,0,[],0.009292000000004297
2.899971,95,0,4,0,[],0.012625000000004327
2.9333039999999997,96,0,4,0,[],0.015958000000004358
2.966637,97,0,4,0,[],0.019291000000004832
2.99997,98,0,4,0,[],0.022624000000004862
3.033303,99,0,4,0,[],0.025957000000005337
3.066636,100,0,4,0,[],0.029290000000005367
3.0999689999999998,102,0,4,0,[],0.002623000000005593
3.133302,103,0,4,0,[],0.0059560000000060676
3.166635,104,0,4,0,[],0.009289000000006098
3.1999679999999997,105,0,4,0,[],0.012622000000006128
3.233301,106,0,4,0,[],0.015955000000006603
3.266634,107,0,3,0,[],0.019288000000006633
3.2999669999999997,108,0,1,0,[],0.022621000000006664
3.3333,109,0,4,0,[],0.025954000000007138
3.3666329999999998,110,0,4,0,[],0.02928700000000717
3.399966,112,0,4,0,[],0.0026200000000078383
3.433299,113,0,4,0,[],0.005953000000007869
3.4666319999999997,114,0,4,0,[],0.009286000000007899
3.499965,115,0,4,0,[],0.012619000000008374
3.533298,116,0,3,0,[],0.015952000000008404
3.5666309999999997,117,0,4,0,[],0.019285000000008434
3.599964,118,0,4,0,[],0.02261800000000891
3.6332969999999998,119,0,3,0,[],0.02595100000000894
3.66663,120,0,3,0,[],0.029284000000009414
3.699963,122,0,2,0,[],0.0026170000000096394
3.7332959999999997,123,0,2,0,[],0.00595000000000967
3.766629,124,0,3,0,[],0.009283000000010144
3.799962,125,0,1,0,[],0.012616000000010175
3.8332949999999997,126,0,2,0,[],0.015949000000010205
3.866628,127,0,1,0,[],0.01928200000001068
3.899961,128,0,2,0,[],0.02261500000001071
3.9332939999999996,129,0,1,0,[],0.02594800000001074
3.966627,130,0,0,0,[],0.029281000000011215
3.9999599999999997,132,0,0,0,[],0.0026140000000114405
4.033293,133,0,0,0,[],0.005947000000011471
4.066625999999999,134,0,0,0,[],0.009280000000011057
4.099959,135,0,0,0,[],0.012613000000011532
4.133292,136,0,1,0,[],0.015946000000011118
4.166625,137,1,0,0,"[[0, 0]]",0.019279000000010704
4.199958,138,1,1,0,"[[0, 0]]",0.02261200000001029
4.2332909999999995,139,1,1,0,"[[0, 0]]",0.025945000000009877
4.266624,140,1,0,0,"[[0, 0]]",0.02927800000001035
4.299957,142,1,0,0,"[[0, 0]]",0.002611000000009689
4.33329,143,1,0,0,"[[0, 0]]",0.005944000000009275
4.366623,144,1,0,0,"[[0, 0]]",0.009277000000008861
4.3999559999999995,145,1,0,0,"[[0, 0]]",0.012610000000008448
4.433288999999999,146,1,0,0,"[[0, 0]]",0.015943000000008034
4.466622,147,1,0,0,"[[0, 0]]",0.01927600000000851
4.499955,148,1,1,0,"[[0, 0]]",0.022609000000008095
4.533288,149,1,1,0,"[[0, 0]]",0.02594200000000768
4.566621,150,1,2,0,"[[0, 0]]",0.029275000000007267
4.599953999999999,152,1,2,0,"[[0, 0]]",0.002608000000006605
4.633287,153,1,0,0,"[[0, 0]]",0.0059410000000070795
4.66662,154,1,0,0,"[[0, 0]]",0.009274000000006666
4.699953,155,1,0,0,"[[0, 0]]",0.012607000000006252
4.733286,156,1,0,0,"[[0, 0]]",0.01594000000000584
4.7666189999999995,157,1,0,0,"[[0, 0]]",0.019273000000005425
4.799952,158,1,1,0,"[[0, 0]]",0.0226060000000059
4.833285,159,1,0,0,"[[0, 0]]",0.025939000000005485
4.866618,160,1,0,0,"[[0, 0]]",0.029272000000005072
4.899951,162,1,0,0,"[[0, 0]]",0.0026050000000044093
4.933284,163,1,0,0,"[[0, 0]]",0.005938000000003996
4.966616999999999,164,1,0,0,"[[0, 0]]",0.009271000000003582
4.99995,165,1,0,0,"[[0, 0]]",0.012604000000004056
5.033283,166,1,0,0,"[[0, 0]]",0.015937000000003643
5.066616,167,1,1,0,"[[0, 0]]",0.01927000000000323
5.099949,168,1,1,0,"[[0, 0]]",0.022603000000002815
5.1332819999999995,169,1,0,0,"[[0, 0]]",0.0259360000000024
5.166615,170,1,0,0,"[[0, 0]]",0.029269000000002876
5.199948,172,1,1,0,"[[0, 0]]",0.0026020000000022137
5.233281,173,1,1,0,"[[0, 0]]",0.0059350000000018
5.266614,174,1,0,0,"[[0, 0]]",0.009268000000001386
5.2999469999999995,175,1,1,0,"[[0, 0]]",0.012601000000000973
5.333279999999999,176,1,1,0,"[[0, 0]]",0.01593400000000056
5.366613,177,1,1,0,"[[0, 0]]",0.019267000000001033
5.399946,178,1,1,0,"[[0, 0]]",0.02260000000000062
5.433279,179,1,0,0,"[[0, 0]]",0.025933000000000206
5.466612,180,1,0,0,"[[0, 0]]",0.029265999999999792
5.499944999999999,182,1,1,0,"[[0, 0]]",0.00259899999999913
5.533278,183,1,0,0,"[[0, 0]]",0.005931999999999604
5.566611,184,1,1,0,"[[0, 0]]",0.00926499999999919
5.599944,185,1,1,0,"[[0, 0]]",0.012597999999998777
5.633277,186,1,1,0,"[[0, 0]]",0.015930999999998363
5.6666099999999995,187,1,1,0,"[[0, 0]]",0.01926399999999795
5.699942999999999,188,1,1,0,"[[0, 0]]",0.022596999999997536
5.733276,189,1,0,0,"[[0, 0]]",0.02592999999999801
5.766609,190,1,1,0,"[[0, 0]]",0.029262999999997596
5.799942,192,1,0,0,"[[0, 0]]",0.002595999999996934
5.8332749999999995,193,1,0,0,"[[0, 0]]",0.00592899999999652
5.866607999999999,194,0,0,1,[],0.009261999999996107
5.899941,195,1,0,0,"[[0, 0]]",0.012594999999996581
5.933274,196,0,0,1,[],0.015927999999996167
5.966607,197,0,0,1,[],0.019260999999995754
5.99994,198,0,0,1,[],0.02259399999999534
6.033272999999999,199,1,0,0,"[[0, 0]]",0.025926999999994926
6.066606,200,1,0,0,"[[0, 0]]",0.0292599999999954
6.099939,202,1,0,0,"[[0, 0]]",0.0025929999999947384
6.133272,203,1,0,0,"[[0, 0]]",0.005925999999994325
6.166605,204,1,0,0,"[[0, 0]]",0.009258999999993911
6.1999379999999995,205,0,0,1,[],0.012591999999993497
6.233270999999999,206,1,0,0,"[[0, 0]]",0.015924999999993084
6.266604,207,0,0,1,[],0.019257999999993558
6.299937,208,1,0,0,"[[0, 0]]",0.022590999999993144
6.33327,209,0,0,1,[],0.02592399999999273
6.366603,210,0,0,1,[],0.029256999999992317
6.399935999999999,212,0,0,1,[],0.0025899999999916545
6.433269,213,0,0,1,[],0.005922999999992129
6.466602,214,0,0,1,[],0.009255999999991715
6.499935,215,1,0,0,"[[0, 0]]",0.012588999999991302
6.533268,216,0,0,1,[],0.015921999999990888
6.5666009999999995,217,0,0,1,[],0.019254999999990474
6.599933999999999,218,0,0,1,[],0.02258799999999006
6.633267,219,0,0,1,[],0.025920999999990535
6.6666,220,1,0,0,"[[0, 0]]",0.02925399999999012
6.699933,222,1,0,0,"[[0, 0]]",0.002586999999989459
6.7332659999999995,223,1,0,0,"[[0, 0]]",0.005919999999989045
6.766598999999999,224,1,0,0,"[[0, 0]]",0.009252999999988631
6.799932,225,1,0,0,"[[0, 0]]",0.012585999999989106
6.833265,226,1,0,0,"[[0, 0]]",0.015918999999988692
6.866598,227,1,0,0,"[[0, 0]]",0.01925199999998828
6.899931,228,1,0,0,"[[0, 0]]",0.022584999999987865
6.933263999999999,229,1,0,0,"[[0, 0]]",0.02591799999998745
6.966596999999999,230,1,0,0,"[[0, 0]]",0.029250999999987037
6.99993,232,1,0,0,"[[0, 0]]",0.002583999999987263
7.033263,233,0,0,1,[],0.0059169999999868494
7.066596,234,0,0,1,[],0.009249999999986436
7.0999289999999995,235,0,0,1,[],0.012582999999986022
7.133261999999999,236,0,0,1,[],0.01591599999998561
7.166595,237,0,0,1,[],0.019248999999986083
7.199928,238,0,0,1,[],0.02258199999998567
7.233261,239,0,0,1,[],0.025914999999985255
7.2665939999999996,240,0,0,1,[],0.02924799999998484
7.299926999999999,242,0,0,1,[],0.0025809999999841793
7.33326,243,0,0,1,[],0.005913999999984654
7.366593,244,0,0,1,[],0.00924699999998424
7.399926,245,0,0,1,[],0.012579999999983826
7.433259,246,0,0,1,[],0.015912999999983413
7.4665919999999995,247,0,0,1,[],0.019245999999983
7.499924999999999,248,0,0,1,[],0.022578999999982585
7.533258,249,0,0,1,[],0.02591199999998306
7.566591,250,0,0,1,[],0.029244999999982646
7.599924,252,0,0,1,[],0.0025779999999819836
7.6332569999999995,253,0,0,1,[],0.00591099999998157
7.666589999999999,254,0,0,1,[],0.009243999999981156
7.699923,255,0,0,1,[],0.01257699999998163
7.733256,256,0,0,1,[],0.015909999999981217
7.766589,257,0,0,1,[],0.019242999999980803
7.799922,258,0,0,1,[],0.02257599999998039
7.833254999999999,259,0,0,1,[],0.025908999999979976
7.866587999999999,260,0,0,1,[],0.029241999999979562
7.899921,262,0,0,1,[],0.002574999999979788
7.933254,263,0,0,1,[],0.005907999999979374
7.966587,264,0,0,1,[],0.00924099999997896
7.9999199999999995,265,0,0,1,[],0.012573999999978547
8.033253,266,0,0,1,[],0.01590699999997902
8.066586,267,0,0,1,[],0.019239999999978608
8.099919,268,1,0,0,"[[0, 0]]",0.02257299999997997
8.133251999999999,269,0,0,1,[],0.025905999999979556
8.166585,270,0,0,1,[],0.02923899999998092
8.199918,272,0,0,1,[],0.0025719999999829213
8.233251,273,0,0,1,[],0.005904999999982508
8.266584,274,0,0,1,[],0.00923799999998387
8.299916999999999,275,0,0,1,[],0.012570999999983457
8.33325,276,0,0,1,[],0.01590399999998482
8.366583,277,0,0,1,[],0.019236999999986182
8.399916,278,0,0,1,[],0.022569999999985768
8.433249,279,0,0,1,[],0.02590299999998713
8.466581999999999,280,0,0,1,[],0.029235999999986717
8.499915,282,0,0,1,[],0.002568999999988719
8.533248,283,0,0,1,[],0.005901999999990082
8.566581,284,0,0,1,[],0.009234999999989668
8.599914,285,0,0,1,[],0.01256799999999103
8.633246999999999,286,1,0,0,"[[0, 0]]",0.015900999999990617
8.66658,287,1,0,0,"[[0, 0]]",0.01923399999999198
8.699913,288,1,0,0,"[[0, 0]]",0.022566999999993342
8.733246,289,1,0,0,"[[0, 0]]",0.02589999999999293
8.766579,290,0,0,1,[],0.02923299999999429
8.799911999999999,292,1,0,0,"[[0, 0]]",0.002565999999994517
8.833245,293,1,0,0,"[[0, 0]]",0.00589899999999588
8.866577999999999,294,1,0,0,"[[0, 0]]",0.009231999999995466
8.899911,295,1,0,0,"[[0, 0]]",0.012564999999996829
8.933244,296,1,0,0,"[[0, 0]]",0.01589799999999819
8.966577,297,0,0,1,[],0.019230999999997778
8.99991,298,0,0,1,[],0.02256399999999914
9.033242999999999,299,0,0,1,[],0.025896999999998727
9.066576,300,0,0,1,[],0.02923000000000009
9.099909,302,0,0,1,[],0.0025630000000020914
9.133242,303,0,0,1,[],0.005896000000001678
9.166575,304,0,0,1,[],0.00922900000000304
9.199907999999999,305,0,0,1,[],0.012562000000002627
9.233241,306,0,0,1,[],0.01589500000000399
9.266574,307,0,0,1,[],0.019228000000005352
9.299907,308,0,0,1,[],0.022561000000004938
9.33324,309,0,0,1,[],0.0258940000000063
9.366572999999999,310,1,0,0,"[[0, 0]]",0.029227000000005887
9.399906,312,1,0,0,"[[0, 0]]",0.0025600000000078893
9.433239,313,0,0,1,[],0.005893000000009252
9.466572,314,0,0,1,[],0.009226000000008838
9.499905,315,0,0,1,[],0.012559000000010201
9.533237999999999,316,0,0,1,[],0.015892000000009787
9.566571,317,0,0,1,[],0.01922500000001115
9.599904,318,0,0,1,[],0.022558000000012512
9.633237,319,0,0,1,[],0.0258910000000121
9.66657,320,1,0,0,"[[0, 0]]",0.02922400000001346
9.699902999999999,322,0,0,1,[],0.002557000000013687
9.733236,323,0,0,1,[],0.00589000000001505
9.766568999999999,324,0,0,1,[],0.009223000000014636
9.799902,325,0,0,1,[],0.012556000000015999
9.833235,326,0,0,1,[],0.01588900000001736
9.866568,327,0,0,1,[],0.019222000000016948
9.899901,328,0,0,1,[],0.02255500000001831
9.933233999999999,329,0,0,1,[],0.025888000000017897
9.966567,330,1,0,0,"[[0, 0]]",0.02922100000001926
9.9999,332,1,0,0,"[[0, 0]]",0.0025540000000212615
10.033233,333,0,0,1,[],0.005887000000020848
10.066566,334,0,0,1,[],0.00922000000002221
10.099898999999999,335,1,0,0,"[[0, 0]]",0.012553000000021797
10.133232,336,0,0,1,[],0.01588600000002316
10.166565,337,0,0,1,[],0.019219000000024522
10.199898,338,0,0,1,[],0.02255200000002411
10.233231,339,1,0,0,"[[0, 0]]",0.02588500000002547
10.266563999999999,340,1,0,0,"[[0, 0]]",0.029218000000025057
10.299897,342,1,0,0,"[[0, 0]]",0.0025510000000270594
10.33323,343,0,0,1,[],0.005884000000028422
10.366563,344,0,0,1,[],0.009217000000028008
10.399896,345,0,0,1,[],0.012550000000029371
10.433228999999999,346,0,0,1,[],0.015883000000028957
10.466562,347,0,0,1,[],0.01921600000003032
10.499894999999999,348,0,0,1,[],0.022549000000029906
10.533228,349,1,0,0,"[[0, 0]]",0.02588200000003127
10.566561,350,1,0,0,"[[0, 0]]",0.02921500000003263
10.599893999999999,352,1,0,0,"[[0, 0]]",0.0025480000000328573
10.633227,353,1,0,0,"[[0, 0]]",0.00588100000003422
10.666559999999999,354,1,0,0,"[[0, 0]]",0.009214000000033806
10.699893,355,1,0,0,"[[0, 0]]",0.012547000000035169
10.733226,356,1,0,0,"[[0, 0]]",0.01588000000003653
10.766558999999999,357,1,0,0,"[[0, 0]]",0.019213000000036118
10.799892,358,1,0,0,"[[0, 0]]",0.02254600000003748
10.833224999999999,359,0,0,1,[],0.025879000000037067
10.866558,360,1,0,0,"[[0, 0]]",0.02921200000003843
10.899891,362,0,0,1,[],0.0025450000000404316
10.933224,363,1,0,0,"[[0, 0]]",0.005878000000040018
10.966557,364,0,0,1,[],0.00921100000004138
10.999889999999999,365,0,0,1,[],0.012544000000040967
11.033223,366,0,0,1,[],0.01587700000004233
11.066556,367,0,0,1,[],0.019210000000043692
11.099889,368,0,0,1,[],0.02254300000004328
11.133222,369,0,0,1,[],0.02587600000004464
11.166554999999999,370,0,0,1,[],0.029209000000044227
11.199888,372,0,0,1,[],0.0025420000000462295
11.233221,373,0,0,1,[],0.005875000000047592
11.266554,374,0,0,1,[],0.009208000000047178
11.299887,375,0,0,1,[],0.012541000000048541
11.333219999999999,376,0,0,1,[],0.015874000000048127
11.366553,377,0,0,1,[],0.01920700000004949
11.399885999999999,378,1,0,0,"[[0, 0]]",0.022540000000049076
11.433219,379,0,0,1,[],0.02587300000005044
11.466552,380,0,0,1,[],0.0292060000000518
11.499884999999999,382,0,0,1,[],0.0025390000000520274
11.533218,383,0,0,1,[],0.00587200000005339
11.566550999999999,384,0,0,1,[],0.009205000000052976
11.599884,385,1,0,0,"[[0, 0]]",0.012538000000054339
11.633217,386,0,0,1,[],0.0158710000000557
11.666549999999999,387,0,0,1,[],0.019204000000055288
11.699883,388,0,0,1,[],0.02253700000005665
11.733215999999999,389,0,0,1,[],0.025870000000056237
11.766549,390,1,0,0,"[[0, 0]]",0.0292030000000576
11.799882,392,1,0,0,"[[0, 0]]",0.0025360000000596017
11.833215,393,1,1,0,"[[0, 0]]",0.005869000000059188
11.866548,394,1,1,0,"[[0, 0]]",0.00920200000006055
11.899880999999999,395,1,1,0,"[[0, 0]]",0.012535000000060137
11.933214,396,1,1,0,"[[0, 0]]",0.0158680000000615
11.966547,397,1,0,0,"[[0, 0]]",0.019201000000062862
11.99988,398,1,0,0,"[[0, 0]]",0.02253400000006245
12.033213,399,1,0,0,"[[0, 0]]",0.02586700000006381
12.066545999999999,400,1,0,0,"[[0, 0]]",0.029200000000063397
12.099879,402,1,0,0,"[[0, 0]]",0.0025330000000653996
12.133212,403,1,0,0,"[[0, 0]]",0.005866000000066762
12.166545,404,1,0,0,"[[0, 0]]",0.009199000000066349
12.199878,405,1,0,0,"[[0, 0]]",0.012532000000067711
12.233210999999999,406,1,0,0,"[[0, 0]]",0.015865000000067297
12.266544,407,1,0,0,"[[0, 0]]",0.01919800000006866
12.299876999999999,408,1,0,0,"[[0, 0]]",0.022531000000068246
12.33321,409,1,0,0,"[[0, 0]]",0.02586400000006961
12.366543,410,1,0,0,"[[0, 0]]",0.029197000000070972
12.399875999999999,412,1,0,0,"[[0, 0]]",0.0025300000000711975
12.433209,413,1,0,0,"[[0, 0]]",0.00586300000007256
12.466541999999999,414,1,0,0,"[[0, 0]]",0.009196000000072146
12.499875,415,1,0,0,"[[0, 0]]",0.012529000000073509
12.533208,416,1,0,0,"[[0, 0]]",0.015862000000074872
12.566540999999999,417,1,0,0,"[[0, 0]]",0.019195000000074458
12.599874,418,1,0,0,"[[0, 0]]",0.02252800000007582
12.633206999999999,419,1,0,0,"[[0, 0]]",0.025861000000075407
12.66654,420,1,0,0,"[[0, 0]]",0.02919400000007677
12.699873,422,1,0,0,"[[0, 0]]",0.002527000000078772
12.733206,423,1,0,0,"[[0, 0]]",0.005860000000078358
12.766539,424,1,0,0,"[[0, 0]]",0.00919300000007972
12.799871999999999,425,1,0,0,"[[0, 0]]",0.012526000000079307
12.833205,426,1,1,0,"[[0, 0]]",0.01585900000008067
12.866538,427,1,0,0,"[[0, 0]]",0.019192000000082032
12.899871,428,1,0,0,"[[0, 0]]",0.02252500000008162
12.933204,429,1,1,0,"[[0, 0]]",0.02585800000008298
12.966536999999999,430,1,1,0,"[[0, 0]]",0.029191000000082568
12.99987,432,1,1,0,"[[0, 0]]",0.0025240000000845697
13.033202999999999,433,1,1,0,"[[0, 0]]",0.005857000000084156
13.066536,434,1,1,0,"[[0, 0]]",0.009190000000085519
13.099869,435,1,1,0,"[[0, 0]]",0.012523000000086881
13.133201999999999,436,1,1,0,"[[0, 0]]",0.015856000000086468
13.166535,437,1,1,0,"[[0, 0]]",0.01918900000008783
13.199867999999999,438,1,1,0,"[[0, 0]]",0.022522000000087417
13.233201,439,1,1,0,"[[0, 0]]",0.02585500000008878
13.266534,440,1,1,0,"[[0, 0]]",0.029188000000090142
13.299866999999999,442,1,1,0,"[[0, 0]]",0.0025210000000903676
13.3332,443,1,1,0,"[[0, 0]]",0.00585400000009173
13.366532999999999,444,1,1,0,"[[0, 0]]",0.009187000000091317
13.399866,445,1,1,0,"[[0, 0]]",0.01252000000009268
13.433199,446,1,1,0,"[[0, 0]]",0.015853000000094042
13.466531999999999,447,1,1,0,"[[0, 0]]",0.019186000000093628
13.499865,448,1,1,0,"[[0, 0]]",0.02251900000009499
13.533197999999999,449,1,1,0,"[[0, 0]]",0.025852000000094577
13.566531,450,1,1,0,"[[0, 0]]",0.02918500000009594
13.599864,452,1,1,0,"[[0, 0]]",0.002518000000097942
13.633197,453,1,1,0,"[[0, 0]]",0.005851000000097528
13.66653,454,1,1,0,"[[0, 0]]",0.00918400000009889
13.699862999999999,455,1,1,0,"[[0, 0]]",0.012517000000098477
13.733196,456,1,1,0,"[[0, 0]]",0.01585000000009984
13.766529,457,1,1,0,"[[0, 0]]",0.019183000000101202
13.799862,458,1,1,0,"[[0, 0]]",0.02251600000010079
13.833195,459,1,1,0,"[[0, 0]]",0.02584900000010215
13.866527999999999,460,1,1,0,"[[0, 0]]",0.029182000000101738
13.899861,462,1,1,0,"[[0, 0]]",0.00251500000010374
13.933193999999999,463,1,1,0,"[[0, 0]]",0.005848000000103326
13.966527,464,1,1,0,"[[0, 0]]",0.009181000000104689
13.99986,465,1,1,0,"[[0, 0]]",0.012514000000106051
14.033192999999999,466,1,1,0,"[[0, 0]]",0.015847000000105638
14.066526,467,1,1,0,"[[0, 0]]",0.019180000000107
14.099858999999999,468,1,1,0,"[[0, 0]]",0.022513000000106587
14.133192,469,1,1,0,"[[0, 0]]",0.02584600000010795
14.166525,470,1,1,0,"[[0, 0]]",0.029179000000109312
14.199857999999999,472,1,1,0,"[[0, 0]]",0.0025120000001095377
14.233191,473,1,1,0,"[[0, 0]]",0.0058450000001109
14.266523999999999,474,1,1,0,"[[0, 0]]",0.009178000000110487
14.299857,475,1,1,0,"[[0, 0]]",0.01251100000011185
14.33319,476,1,0,0,"[[0, 0]]",0.015844000000113212
14.366522999999999,477,1,0,0,"[[0, 0]]",0.019177000000112798
14.399856,478,1,0,0,"[[0, 0]]",0.02251000000011416
14.433188999999999,479,1,0,0,"[[0, 0]]",0.025843000000113747
14.466522,480,1,0,0,"[[0, 0]]",0.02917600000011511
14.499855,482,1,1,0,"[[0, 0]]",0.002509000000117112
14.533187999999999,483,1,1,0,"[[0, 0]]",0.005842000000116698
14.566521,484,1,1,0,"[[0, 0]]",0.009175000000118061
14.599853999999999,485,1,1,0,"[[0, 0]]",0.012508000000117647
14.633187,486,1,1,0,"[[0, 0]]",0.01584100000011901
14.66652,487,1,1,0,"[[0, 0]]",0.019174000000120373
14.699853,488,1,1,0,"[[0, 0]]",0.02250700000011996
14.733186,489,1,1,0,"[[0, 0]]",0.02584000000012132
14.766518999999999,490,1,1,0,"[[0, 0]]",0.029173000000120908
14.799852,492,1,1,0,"[[0, 0]]",0.00250600000012291
14.833184999999999,493,1,1,0,"[[0, 0]]",0.005839000000122496
14.866518,494,1,1,0,"[[0, 0]]",0.009172000000123859
14.899851,495,1,1,0,"[[0, 0]]",0.012505000000125222
14.933183999999999,496,1,1,0,"[[0, 0]]",0.015838000000124808
14.966517,497,1,1,0,"[[0, 0]]",0.01917100000012617
14.999849999999999,498,1,1,0,"[[0, 0]]",0.022504000000125757
15.033183,499,1,1,0,"[[0, 0]]",0.02583700000012712
15.066516,500,1,1,0,"[[0, 0]]",0.029170000000128482
15.099848999999999,502,1,1,0,"[[0, 0]]",0.002503000000128708
15.133182,503,1,1,0,"[[0, 0]]",0.0058360000001300705
15.166514999999999,504,1,1,0,"[[0, 0]]",0.009169000000129657
15.199848,505,1,1,0,"[[0, 0]]",0.01250200000013102
15.233181,506,1,1,0,"[[0, 0]]",0.015835000000132382
15.266513999999999,507,1,1,0,"[[0, 0]]",0.01916800000013197
15.299847,508,1,1,0,"[[0, 0]]",0.02250100000013333
15.333179999999999,509,1,1,0,"[[0, 0]]",0.025834000000132917
15.366513,510,1,1,0,"[[0, 0]]",0.02916700000013428
15.399846,512,1,1,0,"[[0, 0]]",0.002500000000136282
15.433178999999999,513,1,1,0,"[[0, 0]]",0.005833000000135868
15.466512,514,1,1,0,"[[0, 0]]",0.009166000000137231
15.499844999999999,515,1,1,0,"[[0, 0]]",0.012499000000136817
15.533178,516,1,1,0,"[[0, 0]]",0.01583200000013818
15.566510999999998,517,1,1,0,"[[0, 0]]",0.019165000000137766
15.599844,518,1,1,0,"[[0, 0]]",0.02249800000013913
15.633177,519,1,1,0,"[[0, 0]]",0.02583100000014049
15.666509999999999,520,1,1,0,"[[0, 0]]",0.029164000000140078
15.699843,522,1,1,0,"[[0, 0]]",0.00249700000014208
15.733175999999998,523,1,1,0,"[[0, 0]]",0.005830000000141666
15.766509,524,1,1,0,"[[0, 0]]",0.009163000000143029
15.799842,525,1,1,0,"[[0, 0]]",0.012496000000144392
15.833174999999999,526,1,1,0,"[[0, 0]]",0.015829000000143978
15.866508,527,1,1,0,"[[0, 0]]",0.01916200000014534
15.899840999999999,528,1,1,0,"[[0, 0]]",0.022495000000144927
15.933174,529,1,1,0,"[[0, 0]]",0.02582800000014629
15.966507,530,1,1,0,"[[0, 0]]",0.029161000000147652
15.999839999999999,532,1,1,0,"[[0, 0]]",0.002494000000147878
16.033172999999998,533,1,1,0,"[[0, 0]]",0.005827000000145688
16.066506,534,1,1,0,"[[0, 0]]",0.00916000000014705
16.099839,535,1,1,0,"[[0, 0]]",0.01249300000014486
16.133172,536,1,1,0,"[[0, 0]]",0.01582600000014267
16.166505,537,1,1,0,"[[0, 0]]",0.019159000000144033
16.199838,538,1,1,0,"[[0, 0]]",0.022492000000141843
16.233171,539,1,1,0,"[[0, 0]]",0.025825000000139653
16.266503999999998,540,1,1,0,"[[0, 0]]",0.029158000000137463
16.299837,542,1,1,0,"[[0, 0]]",0.0024910000001376886
16.33317,543,1,1,0,"[[0, 0]]",0.005824000000135499
16.366502999999998,544,1,1,0,"[[0, 0]]",0.009157000000133309
16.399836,545,1,1,0,"[[0, 0]]",0.012490000000134671
16.433169,546,1,1,0,"[[0, 0]]",0.01582300000013248
16.466502,547,1,1,0,"[[0, 0]]",0.01915600000013029
16.499835,548,1,1,0,"[[0, 0]]",0.022489000000131654
16.533168,549,1,1,0,"[[0, 0]]",0.025822000000129464
16.566501,550,1,1,0,"[[0, 0]]",0.029155000000127274
16.599833999999998,552,1,1,0,"[[0, 0]]",0.0024880000001239466
16.633167,553,1,1,0,"[[0, 0]]",0.005821000000125309
16.6665,554,1,1,0,"[[0, 0]]",0.00915400000012312
16.699832999999998,555,1,1,0,"[[0, 0]]",0.01248700000012093
16.733166,556,1,1,0,"[[0, 0]]",0.015820000000122292
16.766499,557,1,1,0,"[[0, 0]]",0.0191530000001201
16.799832,558,1,1,0,"[[0, 0]]",0.02248600000011791
16.833164999999997,559,1,1,0,"[[0, 0]]",0.02581900000011572
16.866498,560,1,1,0,"[[0, 0]]",0.029152000000117084
16.899831,562,1,1,0,"[[0, 0]]",0.0024850000001137573
16.933163999999998,563,1,1,0,"[[0, 0]]",0.005818000000111567
16.966497,564,1,1,0,"[[0, 0]]",0.00915100000011293
16.99983,565,1,1,0,"[[0, 0]]",0.01248400000011074
17.033163,566,1,1,0,"[[0, 0]]",0.01581700000010855
17.066496,567,1,1,0,"[[0, 0]]",0.019150000000109912
17.099829,568,1,1,0,"[[0, 0]]",0.022483000000107722
17.133162,569,1,1,0,"[[0, 0]]",0.025816000000105532
17.166494999999998,570,1,1,0,"[[0, 0]]",0.029149000000103342
17.199828,572,1,1,0,"[[0, 0]]",0.002482000000103568
17.233161,573,1,1,0,"[[0, 0]]",0.005815000000101378
17.266493999999998,574,1,1,0,"[[0, 0]]",0.009148000000099188
17.299827,575,1,0,0,"[[0, 0]]",0.01248100000010055
17.33316,576,1,0,0,"[[0, 0]]",0.01581400000009836
17.366493,577,0,0,1,[],0.01914700000009617
17.399826,578,0,0,1,[],0.022480000000097533
17.433159,579,0,0,1,[],0.025813000000095343
17.466492,580,0,0,1,[],0.029146000000093153
17.499824999999998,582,0,0,1,[],0.002479000000089826
17.533158,583,0,0,1,[],0.005812000000091189
17.566491,584,0,0,1,[],0.009145000000088999
17.599823999999998,585,0,0,1,[],0.012478000000086809
17.633157,586,0,0,1,[],0.01581100000008817
17.66649,587,0,0,1,[],0.01914400000008598
17.699823,588,0,0,1,[],0.02247700000008379
17.733155999999997,589,0,0,1,[],0.0258100000000816
17.766489,590,0,0,1,[],0.029143000000082964
17.799822,592,0,0,1,[],0.0024760000000796367
17.833154999999998,593,0,0,1,[],0.005809000000077447
17.866488,594,0,0,1,[],0.00914200000007881
17.899821,595,0,0,1,[],0.01247500000007662
17.933154,596,0,0,1,[],0.01580800000007443
17.966487,597,0,0,1,[],0.019141000000075792
17.99982,598,0,0,1,[],0.022474000000073602
18.033153,599,0,0,1,[],0.02580700000007141
18.066485999999998,600,0,0,1,[],0.02914000000006922
18.099819,602,0,0,1,[],0.0024730000000694474
18.133152,603,0,0,1,[],0.005806000000067257
18.166484999999998,604,0,0,1,[],0.009139000000065067
18.199818,605,0,0,1,[],0.01247200000006643
18.233151,606,0,0,1,[],0.01580500000006424
18.266484,607,0,0,1,[],0.01913800000006205
18.299817,608,0,0,1,[],0.022471000000063412
18.33315,609,0,0,1,[],0.025804000000061222
18.366483,610,0,0,1,[],0.029137000000059032
18.399815999999998,612,0,0,1,[],0.0024700000000557054
18.433149,613,0,0,1,[],0.005803000000057068
18.466482,614,0,0,1,[],0.009136000000054878
18.499814999999998,615,0,0,1,[],0.012469000000052688
18.533148,616,0,0,1,[],0.01580200000005405
18.566481,617,0,0,1,[],0.01913500000005186
18.599814,618,0,0,1,[],0.02246800000004967
18.633146999999997,619,0,0,1,[],0.02580100000004748
18.66648,620,0,0,1,[],0.029134000000048843
18.699813,622,0,0,1,[],0.002467000000045516
18.733145999999998,623,0,0,1,[],0.005800000000043326
18.766479,624,0,0,1,[],0.009133000000044689
18.799812,625,0,0,1,[],0.012466000000042499
18.833145,626,0,0,1,[],0.01579900000004031
18.866478,627,0,0,1,[],0.01913200000004167
18.899811,628,0,0,1,[],0.02246500000003948
18.933144,629,0,0,1,[],0.02579800000003729
18.966476999999998,630,0,0,1,[],0.0291310000000351
18.99981,632,0,0,1,[],0.002464000000035327
19.033143,633,0,0,1,[],0.005797000000033137
19.066475999999998,634,0,0,1,[],0.009130000000030947
19.099809,635,0,0,1,[],0.01246300000003231
19.133142,636,0,0,1,[],0.01579600000003012
19.166475,637,0,0,1,[],0.01912900000002793
19.199808,638,0,0,1,[],0.022462000000029292
19.233141,639,0,0,1,[],0.025795000000027102
19.266474,640,0,0,1,[],0.029128000000024912
19.299806999999998,642,0,0,1,[],0.002461000000021585
19.33314,643,0,0,1,[],0.0057940000000229475
19.366473,644,0,0,1,[],0.009127000000020757
19.399805999999998,645,0,0,1,[],0.012460000000018567
19.433139,646,0,0,1,[],0.01579300000001993
19.466472,647,0,0,1,[],0.01912600000001774
19.499805,648,0,0,1,[],0.02245900000001555
19.533137999999997,649,0,0,1,[],0.02579200000001336
19.566471,650,0,0,1,[],0.029125000000014722
19.599804,652,0,0,1,[],0.0024580000000113955
19.633136999999998,653,0,0,1,[],0.0057910000000092055
19.66647,654,0,0,1,[],0.009124000000010568
19.699803,655,0,0,1,[],0.012457000000008378
19.733136,656,0,0,1,[],0.015790000000006188
19.766469,657,0,0,1,[],0.01912300000000755
19.799802,658,0,0,1,[],0.02245600000000536
19.833135,659,0,0,1,[],0.02578900000000317
19.866467999999998,660,0,0,1,[],0.02912200000000098
19.899801,662,0,0,1,[],0.0024550000000012062
19.933134,663,1,0,0,"[[0, 0]]",0.005787999999999016
19.966466999999998,664,0,0,1,[],0.009120999999996826
19.9998,665,0,0,1,[],0.012453999999998189
20.033133,666,0,0,1,[],0.015786999999996
20.066466,667,0,0,1,[],0.01911999999999381
20.099799,668,1,0,0,"[[0, 0]]",0.02245299999999517
20.133132,669,1,0,0,"[[0, 0]]",0.02578599999999298
20.166465,670,1,0,0,"[[0, 0]]",0.02911899999999079
20.199797999999998,672,1,0,0,"[[0, 0]]",0.002451999999987464
20.233131,673,1,0,0,"[[0, 0]]",0.005784999999988827
20.266464,674,1,0,0,"[[0, 0]]",0.009117999999986637
20.299796999999998,675,1,0,0,"[[0, 0]]",0.012450999999984447
20.33313,676,1,0,0,"[[0, 0]]",0.01578399999998581
20.366463,677,1,0,0,"[[0, 0]]",0.01911699999998362
20.399796,678,1,0,0,"[[0, 0]]",0.02244999999998143
20.433128999999997,679,1,0,0,"[[0, 0]]",0.02578299999997924
20.466462,680,1,0,0,"[[0, 0]]",0.029115999999980602
20.499795,682,1,0,0,"[[0, 0]]",0.002448999999977275
20.533127999999998,683,1,0,0,"[[0, 0]]",0.005781999999975085
20.566461,684,1,0,0,"[[0, 0]]",0.009114999999976447
20.599794,685,1,0,0,"[[0, 0]]",0.012447999999974257
20.633126999999998,686,1,0,0,"[[0, 0]]",0.015780999999972067
20.66646,687,1,0,0,"[[0, 0]]",0.01911399999997343
20.699793,688,1,0,0,"[[0, 0]]",0.02244699999997124
20.733126,689,1,0,0,"[[0, 0]]",0.02577999999996905
20.766458999999998,690,1,0,0,"[[0, 0]]",0.02911299999996686
20.799792,692,1,0,0,"[[0, 0]]",0.0024459999999670856
20.833125,693,1,0,0,"[[0, 0]]",0.0057789999999648956
20.866457999999998,694,1,0,0,"[[0, 0]]",0.009111999999962705
20.899791,695,1,0,0,"[[0, 0]]",0.012444999999964068
20.933124,696,1,0,0,"[[0, 0]]",0.015777999999961878
20.966457,697,1,0,0,"[[0, 0]]",0.019110999999959688
20.999789999999997,698,1,0,0,"[[0, 0]]",0.022443999999957498
21.033123,699,1,0,0,"[[0, 0]]",0.02577699999995886
21.066456,700,1,0,0,"[[0, 0]]",0.02910999999995667
21.099788999999998,702,1,0,0,"[[0, 0]]",0.0024429999999533436
21.133122,703,1,0,0,"[[0, 0]]",0.005775999999954706
21.166455,704,1,0,0,"[[0, 0]]",0.009108999999952516
21.199787999999998,705,0,0,1,[],0.012441999999950326
21.233121,706,0,0,1,[],0.01577499999995169
21.266454,707,0,0,1,[],0.0191079999999495
21.299787,708,1,0,0,"[[0, 0]]",0.02244099999994731
21.333119999999997,709,1,0,0,"[[0, 0]]",0.02577399999994512
21.366453,710,1,0,0,"[[0, 0]]",0.02910699999994648
21.399786,712,0,0,1,[],0.0024399999999431543
21.433118999999998,713,0,0,1,[],0.005772999999940964
21.466452,714,0,0,1,[],0.009105999999942327
21.499785,715,0,0,1,[],0.012438999999940137
21.533117999999998,716,0,0,1,[],0.015771999999937947
21.566451,717,0,0,1,[],0.01910499999993931
21.599784,718,0,0,1,[],0.02243799999993712
21.633117,719,0,0,1,[],0.02577099999993493
21.666449999999998,720,0,0,1,[],0.02910399999993274
21.699783,722,0,0,1,[],0.002436999999932965
21.733116,723,0,0,1,[],0.005769999999930775
21.766448999999998,724,0,0,1,[],0.009102999999928585
21.799782,725,0,0,1,[],0.012435999999929948
21.833115,726,0,0,1,[],0.015768999999927757
21.866448,727,0,0,1,[],0.019101999999925567
21.899780999999997,728,0,0,1,[],0.022434999999923377
21.933114,729,0,0,1,[],0.02576799999992474
21.966447,730,0,0,1,[],0.02910099999992255
21.999779999999998,732,0,0,1,[],0.002433999999919223
22.033113,733,0,0,1,[],0.005766999999920586
22.066446,734,0,0,1,[],0.009099999999918396
22.099778999999998,735,0,0,1,[],0.012432999999916206
22.133112,736,0,0,1,[],0.015765999999917568
22.166445,737,0,0,1,[],0.019098999999915378
22.199778,738,0,0,1,[],0.022431999999913188
22.233110999999997,739,0,0,1,[],0.025764999999910998
22.266444,740,0,0,1,[],0.02909799999991236
22.299777,742,0,0,1,[],0.0024309999999090337
22.333109999999998,743,0,0,1,[],0.005763999999906844
22.366443,744,0,0,1,[],0.009096999999908206
22.399776,745,0,0,1,[],0.012429999999906016
22.433108999999998,746,0,0,1,[],0.015762999999903826
22.466442,747,0,0,1,[],0.01909599999990519
22.499775,748,0,0,1,[],0.022428999999903
22.533108,749,0,0,1,[],0.02576199999990081
22.566440999999998,750,0,0,1,[],0.02909499999989862
22.599774,752,0,0,1,[],0.0024279999998988444
22.633107,753,0,0,1,[],0.005760999999896654
22.666439999999998,754,0,0,1,[],0.009093999999894464
22.699773,755,0,0,1,[],0.012426999999895827
22.733106,756,0,0,1,[],0.015759999999893637
22.766439,757,0,0,1,[],0.019092999999891447
22.799771999999997,758,0,0,1,[],0.022425999999889257
22.833105,759,0,0,1,[],0.02575899999989062
22.866438,760,0,0,1,[],0.02909199999988843
22.899770999999998,762,0,0,1,[],0.0024249999998851024
22.933104,763,0,0,1,[],0.005757999999886465
22.966437,764,0,0,1,[],0.009090999999884275
22.999769999999998,765,0,0,1,[],0.012423999999882085
23.033103,766,0,0,1,[],0.015756999999883448
23.066436,767,0,0,1,[],0.019089999999881258
23.099769,768,0,0,1,[],0.022422999999879067
23.133101999999997,769,0,0,1,[],0.025755999999876877
23.166435,770,0,0,1,[],0.02908899999987824
23.199768,772,0,0,1,[],0.002421999999874913
23.233100999999998,773,0,0,1,[],0.005754999999872723
23.266434,774,0,0,1,[],0.009087999999874086
23.299767,775,0,0,1,[],0.012420999999871896
23.333099999999998,776,0,0,1,[],0.015753999999869706
23.366433,777,0,0,1,[],0.019086999999871068
23.399766,778,0,0,1,[],0.022419999999868878
23.433099,779,0,0,1,[],0.025752999999866688
23.466431999999998,780,0,0,1,[],0.029085999999864498
23.499765,782,0,0,1,[],0.002418999999864724
23.533098,783,0,0,1,[],0.005751999999862534
23.566430999999998,784,0,0,1,[],0.009084999999860344
23.599764,785,0,0,1,[],0.012417999999861706
23.633097,786,0,0,1,[],0.015750999999859516
23.66643,787,0,0,1,[],0.019083999999857326
23.699762999999997,788,0,0,1,[],0.022416999999855136
23.733096,789,0,0,1,[],0.0257499999998565
23.766429,790,0,0,1,[],0.02908299999985431
23.799761999999998,792,0,0,1,[],0.002415999999850982
23.833095,793,0,0,1,[],0.0057489999998523444
23.866428,794,0,0,1,[],0.009081999999850154
23.899760999999998,795,0,0,1,[],0.012414999999847964
23.933094,796,0,0,1,[],0.015747999999849327
23.966427,797,0,0,1,[],0.019080999999847137
23.99976,798,0,0,1,[],0.022413999999844947
24.033092999999997,799,0,0,1,[],0.025746999999842757
24.066426,800,0,0,1,[],0.02907999999984412
24.099759,802,0,0,1,[],0.0024129999998407925
24.133091999999998,803,0,0,1,[],0.0057459999998386024
24.166425,804,0,0,1,[],0.009078999999839965
24.199758,805,0,0,1,[],0.012411999999837775
24.233090999999998,806,0,0,1,[],0.015744999999835585
24.266424,807,0,0,1,[],0.019077999999836948
24.299757,808,0,0,1,[],0.022410999999834758
24.33309,809,0,0,1,[],0.025743999999832567
24.366422999999998,810,0,0,1,[],0.029076999999830377
24.399756,812,0,0,1,[],0.002409999999830603
24.433089,813,0,0,1,[],0.005742999999828413
24.466421999999998,814,0,0,1,[],0.009075999999826223
24.499755,815,0,0,1,[],0.012408999999827586
24.533088,816,0,0,1,[],0.015741999999825396
24.566421,817,0,0,1,[],0.019074999999823206
24.599753999999997,818,0,0,1,[],0.022407999999821016
24.633087,819,0,0,1,[],0.025740999999822378
24.66642,820,0,0,1,[],0.029073999999820188
24.699752999999998,822,0,0,1,[],0.002406999999816861
24.733086,823,0,0,1,[],0.005739999999818224
24.766419,824,0,0,1,[],0.009072999999816034
24.799751999999998,825,0,0,1,[],0.012405999999813844
24.833085,826,0,0,1,[],0.015738999999815206
24.866418,827,0,0,1,[],0.019071999999813016
24.899751,828,0,1,1,[],0.022404999999810826
24.933083999999997,829,0,0,1,[],0.025737999999808636
24.966417,830,0,0,1,[],0.02907099999981
24.99975,832,0,0,1,[],0.002403999999806672
25.033082999999998,833,0,0,1,[],0.005736999999804482
25.066416,834,0,0,1,[],0.009069999999805844
25.099749,835,0,0,1,[],0.012402999999803654
25.133081999999998,836,0,0,1,[],0.015735999999801464
25.166414999999997,837,0,0,1,[],0.019068999999799274
25.199748,838,0,0,1,[],0.022401999999800637
25.233081,839,0,0,1,[],0.025734999999798447
25.266413999999997,840,0,0,1,[],0.029067999999796257
25.299747,842,0,0,1,[],0.0024009999997964826
25.33308,843,0,0,1,[],0.0057339999997942925
25.366412999999998,844,0,0,1,[],0.009066999999792102
25.399746,845,0,0,1,[],0.012399999999793465
25.433079,846,0,0,1,[],0.015732999999791275
25.466412,847,0,0,1,[],0.019065999999789085
25.499744999999997,848,0,0,1,[],0.022398999999786895
25.533078,849,0,0,1,[],0.025731999999788258
25.566411,850,0,0,1,[],0.029064999999786068
25.599743999999998,852,0,0,1,[],0.0023979999997827406
25.633077,853,0,0,1,[],0.005730999999784103
25.66641,854,0,0,1,[],0.009063999999781913
25.699742999999998,855,0,0,1,[],0.012396999999779723
25.733076,856,0,0,1,[],0.015729999999781086
25.766409,857,0,0,1,[],0.019062999999778896
25.799742,858,0,0,1,[],0.022395999999776706
25.833074999999997,859,0,0,1,[],0.025728999999774516
25.866408,860,0,0,1,[],0.029061999999775878
25.899741,862,0,0,1,[],0.0023949999997725513
25.933073999999998,863,0,0,1,[],0.005727999999770361
25.966407,864,0,0,1,[],0.009060999999771724
25.99974,865,0,0,1,[],0.012393999999769534
26.033072999999998,866,0,0,1,[],0.015726999999767344
26.066405999999997,867,0,0,1,[],0.019059999999765154
26.099739,868,0,0,1,[],0.022392999999766516
26.133072,869,0,0,1,[],0.025725999999764326
26.166404999999997,870,0,0,1,[],0.029058999999762136
26.199738,872,0,0,1,[],0.002391999999762362
26.233071,873,0,0,1,[],0.005724999999760172
26.266403999999998,874,0,0,1,[],0.009057999999757982
26.299737,875,0,0,1,[],0.012390999999759345
26.33307,876,0,0,1,[],0.015723999999757154
26.366403,877,0,0,1,[],0.019056999999754964
26.399735999999997,878,0,0,1,[],0.022389999999752774
26.433069,879,0,0,1,[],0.025722999999754137
26.466402,880,0,0,1,[],0.029055999999751947
26.499734999999998,882,0,0,1,[],0.00238899999974862
26.533068,883,0,0,1,[],0.005721999999749983
26.566401,884,0,0,1,[],0.009054999999747793
26.599733999999998,885,0,0,1,[],0.012387999999745603
26.633067,886,0,0,1,[],0.015720999999746965
26.6664,887,0,0,1,[],0.019053999999744775
26.699733,888,0,0,1,[],0.022386999999742585
26.733065999999997,889,0,0,1,[],0.025719999999740395
26.766399,890,0,0,1,[],0.029052999999741758
26.799732,892,0,0,1,[],0.0023859999997384307
26.833064999999998,893,0,0,1,[],0.005718999999736241
26.866398,894,0,0,1,[],0.009051999999737603
26.899731,895,0,0,1,[],0.012384999999735413
26.933063999999998,896,0,0,1,[],0.015717999999733223
26.966396999999997,897,0,0,1,[],0.019050999999731033
26.99973,898,0,0,1,[],0.022383999999732396
27.033063,899,0,0,1,[],0.025716999999730206
27.066395999999997,900,0,0,1,[],0.029049999999728016
27.099729,902,0,0,1,[],0.0023829999997282414
27.133062,903,0,0,1,[],0.005715999999726051
27.166394999999998,904,0,0,1,[],0.009048999999723861
27.199728,905,0,0,1,[],0.012381999999725224
27.233061,906,0,0,1,[],0.015714999999723034
27.266394,907,0,0,1,[],0.019047999999720844
27.299726999999997,908,0,0,1,[],0.022380999999718654
27.33306,909,0,0,1,[],0.025713999999720016
27.366393,910,0,0,1,[],0.029046999999717826
27.399725999999998,912,0,0,1,[],0.0023799999997144994
27.433059,913,0,0,1,[],0.005712999999715862
27.466392,914,0,0,1,[],0.009045999999713672
27.499724999999998,915,0,0,1,[],0.012378999999711482
27.533058,916,0,0,1,[],0.015711999999712845
27.566391,917,0,0,1,[],0.019044999999710654
27.599724,918,0,0,1,[],0.022377999999708464
27.633056999999997,919,0,0,1,[],0.025710999999706274
27.66639,920,0,0,1,[],0.029043999999707637
27.699723,922,0,0,1,[],0.00237699999970431
27.733055999999998,923,0,0,1,[],0.00570999999970212
27.766389,924,0,0,1,[],0.009042999999703483
27.799722,925,0,0,1,[],0.012375999999701293
27.833054999999998,926,0,0,1,[],0.015708999999699103
27.866387999999997,927,0,0,1,[],0.019041999999696912
27.899721,928,0,0,1,[],0.022374999999698275
27.933054,929,0,0,1,[],0.025707999999696085
27.966386999999997,930,0,0,1,[],0.029040999999693895
27.99972,932,0,0,1,[],0.002373999999694121
28.033053,933,0,0,1,[],0.005706999999691931
28.066385999999998,934,0,0,1,[],0.00903999999968974
28.099719,935,0,0,1,[],0.012372999999691103
28.133052,936,0,0,1,[],0.015705999999688913
28.166385,937,0,0,1,[],0.019038999999686723
28.199717999999997,938,0,0,1,[],0.022371999999684533
28.233051,939,0,0,1,[],0.025704999999685896
28.266384,940,0,0,1,[],0.029037999999683706
28.299716999999998,942,0,0,1,[],0.0023709999996803788
28.33305,943,0,0,1,[],0.005703999999681741
28.366383,944,0,0,1,[],0.009036999999679551
28.399715999999998,945,0,0,1,[],0.012369999999677361
28.433049,946,0,0,1,[],0.015702999999678724
28.466382,947,0,0,1,[],0.019035999999676534
28.499715,948,0,0,1,[],0.022368999999674344
28.533047999999997,949,0,0,1,[],0.025701999999672154
28.566381,950,0,0,1,[],0.029034999999673516
28.599714,952,0,0,1,[],0.0023679999996701895
28.633046999999998,953,0,0,1,[],0.005700999999667999
28.66638,954,0,0,1,[],0.009033999999669362
28.699713,955,0,0,1,[],0.012366999999667172
28.733045999999998,956,0,0,1,[],0.015699999999664982
28.766378999999997,957,0,0,1,[],0.019032999999662792
28.799712,958,0,0,1,[],0.022365999999664155
28.833045,959,0,0,1,[],0.025698999999661964
28.866377999999997,960,0,0,1,[],0.029031999999659774
28.899711,962,0,0,1,[],0.00236499999966
28.933044,963,0,0,1,[],0.00569799999965781
28.966376999999998,964,0,0,1,[],0.00903099999965562
28.99971,965,0,0,1,[],0.012363999999656983
29.033043,966,0,0,1,[],0.015696999999654793
29.066375999999998,967,0,0,1,[],0.019029999999652603
29.099708999999997,968,0,0,1,[],0.022362999999650413
29.133042,969,0,0,1,[],0.025695999999651775
29.166375,970,0,0,1,[],0.029028999999649585
29.199707999999998,972,0,0,1,[],0.002361999999646258
29.233041,973,0,0,1,[],0.005694999999647621
29.266374,974,0,0,1,[],0.00902799999964543
29.299706999999998,975,0,0,1,[],0.01236099999964324
29.33304,976,0,0,1,[],0.015693999999644603
29.366373,977,0,0,1,[],0.019026999999642413
29.399706,978,0,0,1,[],0.022359999999640223
29.433038999999997,979,0,0,1,[],0.025692999999638033
29.466372,980,0,0,1,[],0.029025999999639396
29.499705,982,0,0,1,[],0.002358999999636069
29.533037999999998,983,0,0,1,[],0.005691999999633879
29.566371,984,0,0,1,[],0.009024999999635241
29.599704,985,0,0,1,[],0.012357999999633051
29.633036999999998,986,0,0,1,[],0.01569099999963086
29.666369999999997,987,0,0,1,[],0.01902399999962867
29.699703,988,0,0,1,[],0.022356999999630034
29.733036,989,0,0,1,[],0.025689999999627844
29.766368999999997,990,0,0,1,[],0.029022999999625654
29.799702,992,0,0,1,[],0.0023559999996258796
29.833035,993,0,0,1,[],0.0056889999996236895
29.866367999999998,994,0,0,1,[],0.0090219999996215
29.899701,995,0,0,1,[],0.012354999999622862
29.933034,996,0,0,1,[],0.015687999999620672
29.966366999999998,997,0,0,1,[],0.019020999999618482
29.999699999999997,998,0,0,1,[],0.022353999999616292
30.033033,999,0,0,1,[],0.025686999999617655
30.066366,1000,0,0,1,[],0.029019999999615465
30.099698999999998,1002,0,0,1,[],0.0023529999996121376
30.133032,1003,0,0,1,[],0.0056859999996135
30.166365,1004,0,0,1,[],0.00901899999961131
30.199697999999998,1005,0,0,1,[],0.01235199999960912
30.233030999999997,1006,0,0,1,[],0.01568499999960693
30.266364,1007,0,0,1,[],0.019017999999608293
30.299697,1008,0,0,1,[],0.022350999999606103
30.333029999999997,1009,0,0,1,[],0.025683999999603913
30.366363,1010,0,0,1,[],0.029016999999605275
30.399696,1012,0,0,1,[],0.0023499999996019483
30.433028999999998,1013,0,0,1,[],0.005682999999599758
30.466362,1014,0,0,1,[],0.00901599999960112
30.499695,1015,0,0,1,[],0.01234899999959893
30.533027999999998,1016,0,0,1,[],0.01568199999959674
30.566360999999997,1017,0,0,1,[],0.01901499999959455
30.599694,1018,0,0,1,[],0.022347999999595913
30.633027,1019,0,0,1,[],0.025680999999593723
30.666359999999997,1020,0,0,1,[],0.029013999999591533
30.699693,1022,0,0,1,[],0.002346999999591759
30.733026,1023,0,0,1,[],0.005679999999589569
30.766358999999998,1024,0,0,1,[],0.009012999999587379
30.799692,1025,0,0,1,[],0.012345999999588742
30.833025,1026,0,0,1,[],0.01567899999958655
30.866357999999998,1027,0,0,1,[],0.01901199999958436
30.899690999999997,1028,0,0,1,[],0.02234499999958217
30.933024,1029,0,0,1,[],0.025677999999583534
30.966357,1030,0,0,1,[],0.029010999999581344
30.999689999999998,1032,1,0,0,"[[0, 0]]",0.002343999999578017
31.033023,1033,0,0,1,[],0.00567699999957938
31.066356,1034,0,0,1,[],0.00900999999957719
31.099688999999998,1035,0,0,1,[],0.012342999999575
31.133021999999997,1036,0,0,1,[],0.01567599999957281
31.166355,1037,0,0,1,[],0.019008999999574172
31.199688,1038,0,0,1,[],0.022341999999571982
31.233020999999997,1039,0,0,1,[],0.025674999999569792
31.266354,1040,0,0,1,[],0.029007999999571155
31.299687,1042,0,0,1,[],0.0023409999995678277
31.333019999999998,1043,0,0,1,[],0.005673999999565638
31.366353,1044,0,0,1,[],0.009006999999567
31.399686,1045,0,0,1,[],0.01233999999956481
31.433018999999998,1046,0,0,1,[],0.01567299999956262
31.466351999999997,1047,0,0,1,[],0.01900599999956043
31.499685,1048,0,0,1,[],0.022338999999561793
31.533018,1049,0,0,1,[],0.025671999999559603
31.566350999999997,1050,0,0,1,[],0.029004999999557413
31.599684,1052,0,0,1,[],0.0023379999995576384
31.633017,1053,0,0,1,[],0.005670999999555448
31.666349999999998,1054,0,0,1,[],0.009003999999553258
31.699683,1055,0,0,1,[],0.012336999999554621
31.733016,1056,0,0,1,[],0.01566999999955243
31.766348999999998,1057,0,0,1,[],0.01900299999955024
31.799681999999997,1058,0,0,1,[],0.02233599999954805
31.833015,1059,0,0,1,[],0.025668999999549413
31.866348,1060,0,0,1,[],0.029001999999547223
31.899680999999998,1062,0,0,1,[],0.0023349999995438964
31.933014,1063,0,0,1,[],0.005667999999545259
31.966347,1064,0,0,1,[],0.009000999999543069
31.999679999999998,1065,0,0,1,[],0.012333999999540879
32.033013,1066,0,0,1,[],0.01566699999953869
32.066345999999996,1067,0,0,1,[],0.0189999999995365
32.099679,1068,0,0,1,[],0.022332999999541414
32.133012,1069,0,0,1,[],0.025665999999539224
32.166345,1070,0,0,1,[],0.028998999999537034
32.199678,1072,0,0,1,[],0.002331999999533707
32.233011,1073,0,0,1,[],0.005664999999531517
32.266344,1074,0,0,1,[],0.008997999999529327
32.299676999999996,1075,0,0,1,[],0.012330999999527137
32.33301,1076,0,0,1,[],0.015663999999532052
32.366343,1077,0,0,1,[],0.018996999999529862
32.399676,1078,0,0,1,[],0.022329999999527672
32.433009,1079,0,0,1,[],0.025662999999525482
32.466342,1080,0,0,1,[],0.028995999999523292
32.499674999999996,1082,0,0,1,[],0.002328999999519965
32.533007999999995,1083,0,0,1,[],0.005661999999517775
32.566341,1084,0,0,1,[],0.00899499999952269
32.599674,1085,0,0,1,[],0.0123279999995205
32.633007,1086,0,0,1,[],0.01566099999951831
32.66634,1087,0,0,1,[],0.01899399999951612
32.699673,1088,0,0,1,[],0.02232699999951393
32.733005999999996,1089,0,0,1,[],0.02565999999951174
32.766338999999995,1090,0,0,1,[],0.02899299999950955
32.799672,1092,0,0,1,[],0.0023259999995133285
32.833005,1093,0,0,1,[],0.005658999999511138
32.866338,1094,0,0,1,[],0.008991999999508948
32.899671,1095,0,0,1,[],0.012324999999506758
32.933004,1096,0,0,1,[],0.015657999999504568
32.966336999999996,1097,0,0,1,[],0.018990999999502378
32.99967,1098,0,0,1,[],0.022323999999507294
33.033003,1099,0,0,1,[],0.025656999999505103
33.066336,1100,0,0,1,[],0.028989999999502913
33.099669,1102,0,0,1,[],0.0023229999994995865
33.133002,1103,0,0,1,[],0.005655999999497396
33.166335,1104,0,0,1,[],0.008988999999495206
33.199667999999996,1105,0,0,1,[],0.012321999999493016
33.233001,1106,0,0,1,[],0.01565499999949793
33.266334,1107,0,0,1,[],0.01898799999949574
33.299667,1108,0,0,1,[],0.02232099999949355
33.333,1109,0,0,1,[],0.02565399999949136
33.366333,1110,0,0,1,[],0.02898699999948917
33.399665999999996,1112,0,0,1,[],0.0023199999994858445
33.432998999999995,1113,0,0,1,[],0.005652999999483654
33.466332,1114,0,0,1,[],0.00898599999948857
33.499665,1115,0,0,1,[],0.01231899999948638
33.532998,1116,0,0,1,[],0.01565199999948419
33.566331,1117,0,0,1,[],0.018984999999482
33.599664,1118,0,0,1,[],0.02231799999947981
33.632996999999996,1119,0,0,1,[],0.02565099999947762
33.666329999999995,1120,0,0,1,[],0.02898399999947543
33.699663,1122,0,0,1,[],0.002316999999479208
33.732996,1123,0,1,1,[],0.005649999999477018
33.766329,1124,0,0,1,[],0.008982999999474828
33.799662,1125,0,0,1,[],0.012315999999472638
33.832995,1126,0,1,1,[],0.015648999999470448
33.866327999999996,1127,0,0,1,[],0.018981999999468258
33.899661,1128,0,0,1,[],0.022314999999473173
33.932994,1129,0,0,1,[],0.025647999999470983
33.966327,1130,0,1,1,[],0.028980999999468793
33.99966,1132,0,0,1,[],0.002313999999465466
34.032993,1133,0,1,1,[],0.005646999999463276
34.066326,1134,0,1,1,[],0.008979999999461086
34.099658999999996,1135,0,0,1,[],0.012312999999458896
34.132992,1136,1,0,0,"[[0, 0]]",0.01564599999946381
34.166325,1137,0,1,1,[],0.01897899999946162
34.199658,1138,0,1,1,[],0.02231199999945943
34.232991,1139,0,1,1,[],0.02564499999945724
34.266324,1140,0,1,1,[],0.02897799999945505
34.299656999999996,1142,0,1,1,[],0.002310999999451724
34.332989999999995,1143,0,1,1,[],0.005643999999449534
34.366323,1144,0,1,1,[],0.00897699999945445
34.399656,1145,1,1,0,"[[1, 0]]",0.012309999999452259
34.432989,1146,0,1,1,[],0.01564299999945007
34.466322,1147,0,1,1,[],0.01897599999944788
34.499655,1148,0,1,1,[],0.02230899999944569
34.532987999999996,1149,1,0,0,"[[0, 0]]",0.0256419999994435
34.566320999999995,1150,0,0,1,[],0.02897499999944131
34.599654,1152,0,0,1,[],0.0023079999994450873
34.632987,1153,0,0,1,[],0.005640999999442897
34.66632,1154,0,0,1,[],0.008973999999440707
34.699653,1155,0,0,1,[],0.012306999999438517
34.732986,1156,1,0,0,"[[0, 0]]",0.015639999999436327
34.766318999999996,1157,1,0,0,"[[0, 0]]",0.018972999999434137
34.799652,1158,0,0,1,[],0.022305999999439052
34.832985,1159,1,0,0,"[[0, 0]]",0.025638999999436862
34.866318,1160,0,0,1,[],0.028971999999434672
34.899651,1162,0,0,1,[],0.0023049999994313453
34.932984,1163,1,0,0,"[[0, 0]]",0.005637999999429155
34.966317,1164,0,0,1,[],0.008970999999426965
34.999649999999995,1165,0,0,1,[],0.012303999999424775
35.032983,1166,1,0,0,"[[0, 0]]",0.01563699999942969
35.066316,1167,1,0,0,"[[0, 0]]",0.0189699999994275
35.099649,1168,1,0,0,"[[0, 0]]",0.02230299999942531
35.132982,1169,0,0,1,[],0.02563599999942312
35.166315,1170,1,0,0,"[[0, 0]]",0.02896899999942093
35.199647999999996,1172,1,0,0,"[[0, 0]]",0.0023019999994176032
35.232980999999995,1173,1,0,0,"[[0, 0]]",0.005634999999415413
35.266314,1174,1,0,0,"[[0, 0]]",0.008967999999420329
35.299647,1175,0,0,1,[],0.012300999999418138
35.33298,1176,1,0,0,"[[0, 0]]",0.01563399999941595
35.366313,1177,1,1,0,"[[1, 0]]",0.01896699999941376
35.399646,1178,1,0,0,"[[0, 0]]",0.02229999999941157
35.432978999999996,1179,1,0,0,"[[0, 0]]",0.025632999999409378
35.466311999999995,1180,1,1,0,"[[0, 0]]",0.028965999999407188
35.499645,1182,1,1,0,"[[0, 0]]",0.0022989999994109667
35.532978,1183,1,1,0,"[[0, 0]]",0.005631999999408777
35.566311,1184,1,0,0,"[[0, 0]]",0.008964999999406587
35.599644,1185,1,1,0,"[[0, 0]]",0.012297999999404396
35.632977,1186,1,1,0,"[[0, 0]]",0.015630999999402206
35.666309999999996,1187,1,1,0,"[[0, 0]]",0.018963999999400016
35.699643,1188,1,0,0,"[[0, 0]]",0.02229699999940493
35.732976,1189,1,0,0,"[[0, 0]]",0.02562999999940274
35.766309,1190,1,0,0,"[[0, 0]]",0.02896299999940055
35.799642,1192,1,0,0,"[[0, 0]]",0.0022959999993972247
35.832975,1193,1,0,0,"[[0, 0]]",0.005628999999395035
35.866308,1194,1,0,0,"[[0, 0]]",0.008961999999392845
35.899640999999995,1195,1,0,0,"[[0, 0]]",0.012294999999390654
35.932974,1196,1,0,0,"[[0, 0]]",0.01562799999939557
35.966307,1197,1,0,0,"[[0, 0]]",0.01896099999939338
35.99964,1198,1,0,0,"[[0, 0]]",0.02229399999939119
36.032973,1199,1,0,0,"[[0, 0]]",0.025626999999389
36.066306,1200,1,0,0,"[[0, 0]]",0.02895999999938681
36.099638999999996,1202,1,0,0,"[[0, 0]]",0.0022929999993834826
36.132971999999995,1203,1,0,0,"[[0, 0]]",0.005625999999381293
36.166305,1204,1,0,0,"[[0, 0]]",0.008958999999386208
36.199638,1205,1,0,0,"[[0, 0]]",0.012291999999384018
36.232971,1206,1,0,0,"[[0, 0]]",0.015624999999381828
36.266304,1207,1,0,0,"[[0, 0]]",0.018957999999379638
36.299637,1208,1,0,0,"[[0, 0]]",0.022290999999377448
36.332969999999996,1209,1,0,0,"[[0, 0]]",0.025623999999375258
36.366302999999995,1210,1,0,0,"[[0, 0]]",0.028956999999373068
36.399636,1212,1,0,0,"[[0, 0]]",0.002289999999376846
36.432969,1213,1,0,0,"[[0, 0]]",0.005622999999374656
36.466302,1214,1,0,0,"[[0, 0]]",0.008955999999372466
36.499635,1215,1,0,0,"[[0, 0]]",0.012288999999370276
36.532968,1216,1,0,0,"[[0, 0]]",0.015621999999368086
36.566300999999996,1217,1,0,0,"[[0, 0]]",0.018954999999365896
36.599634,1218,1,0,0,"[[0, 0]]",0.02228799999937081
36.632967,1219,1,0,0,"[[0, 0]]",0.02562099999936862
36.6663,1220,1,0,0,"[[0, 0]]",0.02895399999936643
36.699633,1222,1,0,0,"[[0, 0]]",0.002286999999363104
36.732966,1223,1,0,0,"[[0, 0]]",0.005619999999360914
36.766299,1224,1,0,0,"[[0, 0]]",0.008952999999358724
36.799631999999995,1225,1,0,0,"[[0, 0]]",0.012285999999356534
36.832965,1226,1,0,0,"[[0, 0]]",0.01561899999936145
36.866298,1227,1,0,0,"[[0, 0]]",0.01895199999935926
36.899631,1228,1,0,0,"[[0, 0]]",0.02228499999935707
36.932964,1229,1,0,0,"[[0, 0]]",0.02561799999935488
36.966297,1230,1,0,0,"[[0, 0]]",0.02895099999935269
36.999629999999996,1232,1,0,0,"[[0, 0]]",0.002283999999349362
37.032962999999995,1233,1,0,0,"[[0, 0]]",0.005616999999347172
37.066296,1234,1,0,0,"[[0, 0]]",0.008949999999352087
37.099629,1235,1,0,0,"[[0, 0]]",0.012282999999349897
37.132962,1236,1,0,0,"[[0, 0]]",0.015615999999347707
37.166295,1237,1,0,0,"[[0, 0]]",0.018948999999345517
37.199628,1238,1,0,0,"[[0, 0]]",0.022281999999343327
37.232960999999996,1239,1,0,0,"[[0, 0]]",0.025614999999341137
37.266293999999995,1240,1,0,0,"[[0, 0]]",0.028947999999338947
37.299627,1242,1,0,0,"[[0, 0]]",0.0022809999993427255
37.33296,1243,1,0,0,"[[0, 0]]",0.005613999999340535
37.366293,1244,1,0,0,"[[0, 0]]",0.008946999999338345
37.399626,1245,1,0,0,"[[0, 0]]",0.012279999999336155
37.432959,1246,1,0,0,"[[0, 0]]",0.015612999999333965
37.466291999999996,1247,1,0,0,"[[0, 0]]",0.018945999999331775
37.499625,1248,1,0,0,"[[0, 0]]",0.02227899999933669
37.532958,1249,1,0,0,"[[0, 0]]",0.0256119999993345
37.566291,1250,1,0,0,"[[0, 0]]",0.02894499999933231
37.599624,1252,1,0,0,"[[0, 0]]",0.0022779999993289834
37.632957,1253,1,0,0,"[[0, 0]]",0.005610999999326793
37.66629,1254,1,0,0,"[[0, 0]]",0.008943999999324603
37.699622999999995,1255,1,0,0,"[[0, 0]]",0.012276999999322413
37.732956,1256,1,0,0,"[[0, 0]]",0.015609999999327329
37.766289,1257,1,0,0,"[[0, 0]]",0.01894299999932514
37.799622,1258,1,0,0,"[[0, 0]]",0.02227599999932295
37.832955,1259,1,0,0,"[[0, 0]]",0.02560899999932076
37.866288,1260,1,0,0,"[[0, 0]]",0.02894199999931857
37.899620999999996,1262,1,0,0,"[[0, 0]]",0.0022749999993152414
37.932953999999995,1263,1,0,0,"[[0, 0]]",0.005607999999313051
37.966287,1264,1,1,0,"[[0, 0]]",0.008940999999317967
37.99962,1265,1,0,0,"[[0, 0]]",0.012273999999315777
38.032953,1266,1,1,0,"[[0, 0]]",0.015606999999313587
38.066286,1267,1,1,0,"[[0, 0]]",0.018939999999311397
38.099619,1268,1,1,0,"[[0, 0]]",0.022272999999309206
38.132951999999996,1269,1,2,0,"[[0, 0]]",0.025605999999307016
38.166284999999995,1270,1,1,0,"[[0, 0]]",0.028938999999304826
38.199618,1272,1,1,0,"[[0, 0]]",0.002271999999308605
38.232951,1273,1,1,0,"[[0, 0]]",0.005604999999306415
38.266284,1274,1,1,0,"[[0, 0]]",0.008937999999304225
38.299617,1275,1,1,0,"[[0, 0]]",0.012270999999302035
38.33295,1276,1,1,0,"[[0, 0]]",0.015603999999299845
38.366282999999996,1277,1,0,0,"[[0, 0]]",0.018936999999297655
38.399616,1278,1,1,0,"[[0, 0]]",0.02226999999930257
38.432949,1279,1,1,0,"[[0, 0]]",0.02560299999930038
38.466282,1280,1,0,0,"[[0, 0]]",0.02893599999929819
38.499615,1282,1,0,0,"[[0, 0]]",0.002268999999294863
38.532948,1283,1,1,0,"[[0, 0]]",0.005601999999292673
38.566281,1284,1,0,0,"[[0, 0]]",0.008934999999290483
38.599613999999995,1285,1,0,0,"[[0, 0]]",0.012267999999288293
38.632947,1286,1,0,0,"[[0, 0]]",0.015600999999293208
38.66628,1287,1,0,0,"[[0, 0]]",0.018933999999291018
38.699613,1288,1,0,0,"[[0, 0]]",0.022266999999288828
38.732946,1289,1,0,0,"[[0, 0]]",0.025599999999286638
38.766279,1290,1,0,0,"[[0, 0]]",0.028932999999284448
38.799611999999996,1292,1,0,0,"[[0, 0]]",0.002265999999281121
38.832944999999995,1293,1,0,0,"[[0, 0]]",0.005598999999278931
38.866278,1294,1,0,0,"[[0, 0]]",0.008931999999283846
38.899611,1295,1,0,0,"[[0, 0]]",0.012264999999281656
38.932944,1296,1,0,0,"[[0, 0]]",0.015597999999279466
38.966277,1297,1,0,0,"[[0, 0]]",0.018930999999277276
38.99961,1298,1,0,0,"[[0, 0]]",0.022263999999275086
39.032942999999996,1299,1,1,0,"[[0, 0]]",0.025596999999272896
39.066275999999995,1300,1,0,0,"[[0, 0]]",0.028929999999270706
39.099609,1302,1,0,0,"[[0, 0]]",0.0022629999992744843
39.132942,1303,1,0,0,"[[0, 0]]",0.005595999999272294
39.166275,1304,1,0,0,"[[0, 0]]",0.008928999999270104
39.199608,1305,1,0,0,"[[0, 0]]",0.012261999999267914
39.232941,1306,1,0,0,"[[0, 0]]",0.015594999999265724
39.266273999999996,1307,1,0,0,"[[0, 0]]",0.018927999999263534
39.299607,1308,1,1,0,"[[0, 0]]",0.02226099999926845
39.33294,1309,1,1,0,"[[0, 0]]",0.02559399999926626
39.366273,1310,1,1,0,"[[0, 0]]",0.02892699999926407
39.399606,1312,1,0,0,"[[0, 0]]",0.0022599999992607422
39.432939,1313,1,1,0,"[[0, 0]]",0.005592999999258552
39.466272,1314,1,1,0,"[[0, 0]]",0.008925999999256362
39.499604999999995,1315,1,1,0,"[[0, 0]]",0.012258999999254172
39.532938,1316,1,0,0,"[[0, 0]]",0.015591999999259087
39.566271,1317,1,1,0,"[[0, 0]]",0.018924999999256897
39.599604,1318,1,1,0,"[[0, 0]]",0.022257999999254707
39.632937,1319,1,1,0,"[[0, 0]]",0.025590999999252517
39.66627,1320,1,0,0,"[[0, 0]]",0.028923999999250327
39.699602999999996,1322,1,1,0,"[[0, 0]]",0.0022569999992470002
39.732935999999995,1323,1,0,0,"[[0, 0]]",0.00558999999924481
39.766269,1324,1,0,0,"[[0, 0]]",0.008922999999249726
39.799602,1325,1,0,0,"[[0, 0]]",0.012255999999247535
39.832935,1326,1,0,0,"[[0, 0]]",0.015588999999245345
39.866268,1327,1,0,0,"[[0, 0]]",0.018921999999243155
39.899601,1328,1,0,0,"[[0, 0]]",0.022254999999240965
39.932933999999996,1329,1,0,0,"[[0, 0]]",0.025587999999238775
39.966266999999995,1330,1,0,0,"[[0, 0]]",0.028920999999236585
39.9996,1332,1,0,0,"[[0, 0]]",0.0022539999992403636
40.032933,1333,1,0,0,"[[0, 0]]",0.005586999999238174
40.066266,1334,1,0,0,"[[0, 0]]",0.008919999999235984
40.099599,1335,1,0,0,"[[0, 0]]",0.012252999999233793
40.132932,1336,1,0,0,"[[0, 0]]",0.015585999999231603
40.166264999999996,1337,1,0,0,"[[0, 0]]",0.018918999999229413
40.199598,1338,1,0,0,"[[0, 0]]",0.02225199999923433
40.232931,1339,1,0,0,"[[0, 0]]",0.02558499999923214
40.266264,1340,1,0,0,"[[0, 0]]",0.02891799999922995
40.299597,1342,1,0,0,"[[0, 0]]",0.0022509999992266216
40.33293,1343,1,0,0,"[[0, 0]]",0.005583999999224432
40.366263,1344,1,0,0,"[[0, 0]]",0.008916999999222242
40.399595999999995,1345,1,0,0,"[[0, 0]]",0.012249999999220051
40.432929,1346,1,0,0,"[[0, 0]]",0.015582999999224967
40.466262,1347,1,0,0,"[[0, 0]]",0.018915999999222777
40.499595,1348,1,0,0,"[[0, 0]]",0.022248999999220587
40.532928,1349,1,0,0,"[[0, 0]]",0.025581999999218397
40.566261,1350,1,0,0,"[[0, 0]]",0.028914999999216207
40.599593999999996,1352,1,0,0,"[[0, 0]]",0.0022479999992128796
40.632926999999995,1353,1,0,0,"[[0, 0]]",0.0055809999992106896
40.66626,1354,1,0,0,"[[0, 0]]",0.008913999999215605
40.699593,1355,1,0,0,"[[0, 0]]",0.012246999999213415
40.732926,1356,1,0,0,"[[0, 0]]",0.015579999999211225
40.766259,1357,1,0,0,"[[0, 0]]",0.018912999999209035
40.799592,1358,1,0,0,"[[0, 0]]",0.022245999999206845
40.832924999999996,1359,1,0,0,"[[0, 0]]",0.025578999999204655
40.866257999999995,1360,1,0,0,"[[0, 0]]",0.028911999999202465
40.899591,1362,1,0,0,"[[0, 0]]",0.002244999999206243
40.932924,1363,1,0,0,"[[0, 0]]",0.005577999999204053
40.966257,1364,1,0,0,"[[0, 0]]",0.008910999999201863
40.99959,1365,1,0,0,"[[0, 0]]",0.012243999999199673
41.032923,1366,1,0,0,"[[0, 0]]",0.015576999999197483
41.066255999999996,1367,1,0,0,"[[0, 0]]",0.018909999999195293
41.099588999999995,1368,1,0,0,"[[0, 0]]",0.022242999999193103
41.132922,1369,1,0,0,"[[0, 0]]",0.025575999999198018
41.166255,1370,1,0,0,"[[0, 0]]",0.028908999999195828
41.199588,1372,1,0,0,"[[0, 0]]",0.002241999999192501
41.232921,1373,1,0,0,"[[0, 0]]",0.005574999999190311
41.266253999999996,1374,1,0,0,"[[0, 0]]",0.008907999999188121
41.299586999999995,1375,1,0,0,"[[0, 0]]",0.01224099999918593
41.33292,1376,1,0,0,"[[0, 0]]",0.015573999999190846
41.366253,1377,1,0,0,"[[0, 0]]",0.018906999999188656
41.399586,1378,1,0,0,"[[0, 0]]",0.022239999999186466
41.432919,1379,1,0,0,"[[0, 0]]",0.025572999999184276
41.466252,1380,1,0,0,"[[0, 0]]",0.028905999999182086
41.499584999999996,1382,1,0,0,"[[0, 0]]",0.002238999999178759
41.532917999999995,1383,1,0,0,"[[0, 0]]",0.005571999999176569
41.566251,1384,1,0,0,"[[0, 0]]",0.008904999999181484
41.599584,1385,1,0,0,"[[0, 0]]",0.012237999999179294
41.632917,1386,1,0,0,"[[0, 0]]",0.015570999999177104
41.66625,1387,1,1,0,"[[0, 0]]",0.018903999999174914
41.699583,1388,1,0,0,"[[0, 0]]",0.022236999999172724
41.732915999999996,1389,0,0,1,[],0.025569999999170534
41.766248999999995,1390,1,0,0,"[[0, 0]]",0.028902999999168344
41.799582,1392,1,0,0,"[[0, 0]]",0.0022359999991721224
41.832915,1393,1,0,0,"[[0, 0]]",0.005568999999169932
41.866248,1394,1,0,0,"[[0, 0]]",0.008901999999167742
41.899581,1395,1,0,0,"[[0, 0]]",0.012234999999165552
41.932914,1396,1,0,0,"[[0, 0]]",0.015567999999163362
41.966246999999996,1397,0,0,1,[],0.018900999999161172
41.999579999999995,1398,0,0,1,[],0.022233999999158982
42.032913,1399,1,1,0,"[[0, 0]]",0.025566999999163897
42.066246,1400,1,0,0,"[[0, 0]]",0.028899999999161707
42.099579,1402,0,0,1,[],0.0022329999991583804
42.132912,1403,0,0,1,[],0.00556599999915619
42.166244999999996,1404,0,0,1,[],0.008898999999154
42.199577999999995,1405,0,0,1,[],0.01223199999915181
42.232911,1406,0,0,1,[],0.015564999999156726
42.266244,1407,0,0,1,[],0.018897999999154536
42.299577,1408,0,0,1,[],0.022230999999152345
42.33291,1409,0,0,1,[],0.025563999999150155
42.366243,1410,0,0,1,[],0.028896999999147965
42.399575999999996,1412,0,0,1,[],0.0022299999991446384
42.432908999999995,1413,0,0,1,[],0.005562999999142448
42.466242,1414,0,0,1,[],0.008895999999147364
42.499575,1415,0,0,1,[],0.012228999999145174
42.532908,1416,0,0,1,[],0.015561999999142984
42.566241,1417,0,0,1,[],0.018894999999140794
42.599574,1418,0,0,1,[],0.022227999999138603
42.632906999999996,1419,0,0,1,[],0.025560999999136413
42.666239999999995,1420,0,0,1,[],0.028893999999134223
42.699573,1422,0,0,1,[],0.002226999999138002
42.732906,1423,0,0,1,[],0.005559999999135812
42.766239,1424,0,0,1,[],0.008892999999133622
42.799572,1425,0,0,1,[],0.012225999999131432
42.832905,1426,0,0,1,[],0.015558999999129242
42.866237999999996,1427,0,0,1,[],0.01889199999912705
42.899570999999995,1428,0,0,1,[],0.02222499999912486
42.932904,1429,0,0,1,[],0.025557999999129777
42.966237,1430,0,0,1,[],0.028890999999127587
42.99957,1432,0,0,1,[],0.00222399999912426
43.032903,1433,0,0,1,[],0.00555699999912207
43.066235999999996,1434,0,0,1,[],0.00888999999911988
43.099568999999995,1435,0,0,1,[],0.01222299999911769
43.132902,1436,0,0,1,[],0.015555999999122605
43.166235,1437,0,0,1,[],0.018888999999120415
43.199568,1438,0,0,1,[],0.022221999999118225
43.232901,1439,0,0,1,[],0.025554999999116035
43.266234,1440,0,0,1,[],0.028887999999113845
43.299566999999996,1442,0,0,1,[],0.002220999999110518
43.332899999999995,1443,0,0,1,[],0.005553999999108328
43.366233,1444,0,0,1,[],0.008886999999113243
43.399566,1445,0,0,1,[],0.012219999999111053
43.432899,1446,0,0,1,[],0.015552999999108863
43.466232,1447,0,0,1,[],0.018885999999106673
43.499565,1448,0,0,1,[],0.022218999999104483
43.532897999999996,1449,0,0,1,[],0.025551999999102293
43.566230999999995,1450,0,0,1,[],0.028884999999100103
43.599564,1452,0,0,1,[],0.0022179999991038812
43.632897,1453,0,0,1,[],0.005550999999101691
43.66623,1454,0,0,1,[],0.008883999999099501
43.699563,1455,0,0,1,[],0.012216999999097311
43.732896,1456,0,0,1,[],0.015549999999095121
43.766228999999996,1457,0,0,1,[],0.01888299999909293
43.799561999999995,1458,0,0,1,[],0.02221599999909074
43.832895,1459,0,0,1,[],0.025548999999095656
43.866228,1460,0,0,1,[],0.028881999999093466
43.899561,1462,0,0,1,[],0.0022149999990901392
43.932894,1463,0,0,1,[],0.005547999999087949
43.966226999999996,1464,0,0,1,[],0.008880999999085759
43.999559999999995,1465,0,0,1,[],0.012213999999083569
44.032893,1466,0,0,1,[],0.015546999999088484
44.066226,1467,0,0,1,[],0.018879999999086294
44.099559,1468,0,0,1,[],0.022212999999084104
44.132892,1469,0,0,1,[],0.025545999999081914
44.166225,1470,0,0,1,[],0.028878999999079724
44.199557999999996,1472,0,0,1,[],0.002211999999076397
44.232890999999995,1473,0,0,1,[],0.005544999999074207
44.266224,1474,0,0,1,[],0.008877999999079123
44.299557,1475,0,0,1,[],0.012210999999076932
44.33289,1476,0,0,1,[],0.015543999999074742
44.366223,1477,0,0,1,[],0.018876999999072552
44.399556,1478,0,0,1,[],0.022209999999070362
44.432888999999996,1479,0,0,1,[],0.025542999999068172
44.466221999999995,1480,0,0,1,[],0.028875999999065982
44.499555,1482,0,0,1,[],0.0022089999990697606
44.532888,1483,0,0,1,[],0.005541999999067571
44.566221,1484,0,0,1,[],0.00887499999906538
44.599554,1485,0,0,1,[],0.01220799999906319
44.632887,1486,0,0,1,[],0.015540999999061
44.666219999999996,1487,0,0,1,[],0.01887399999905881
44.699552999999995,1488,0,0,1,[],0.02220699999905662
44.732886,1489,0,0,1,[],0.025539999999061536
44.766219,1490,0,0,1,[],0.028872999999059346
44.799552,1492,0,0,1,[],0.0022059999990560186
44.832885,1493,0,0,1,[],0.0055389999990538286
44.866217999999996,1494,0,0,1,[],0.008871999999051638
44.899550999999995,1495,0,0,1,[],0.012204999999049448
44.932884,1496,0,0,1,[],0.015537999999054364
44.966217,1497,0,0,1,[],0.018870999999052174
44.99955,1498,0,0,1,[],0.022203999999049984
45.032883,1499,0,0,1,[],0.025536999999047794
45.066216,1500,0,0,1,[],0.028869999999045604
45.099548999999996,1502,0,0,1,[],0.0022029999990422766
45.132881999999995,1503,0,0,1,[],0.0055359999990400865
45.166215,1504,0,0,1,[],0.008868999999045002
45.199548,1505,0,0,1,[],0.012201999999042812
45.232881,1506,0,0,1,[],0.015534999999040622
45.266214,1507,0,0,1,[],0.01886799999903843
45.299547,1508,0,0,1,[],0.02220099999903624
45.332879999999996,1509,0,0,1,[],0.02553399999903405
45.366212999999995,1510,0,0,1,[],0.02886699999903186
45.399546,1512,0,0,1,[],0.00219999999903564
45.432879,1513,0,0,1,[],0.00553299999903345
45.466212,1514,0,0,1,[],0.00886599999903126
45.499545,1515,0,0,1,[],0.01219899999902907
45.532878,1516,0,0,1,[],0.01553199999902688
45.566210999999996,1517,0,0,1,[],0.01886499999902469
45.599543999999995,1518,0,0,1,[],0.0221979999990225
45.632877,1519,0,0,1,[],0.025530999999027415
45.66621,1520,0,0,1,[],0.028863999999025225
45.699543,1522,0,0,1,[],0.002196999999021898
45.732876,1523,0,0,1,[],0.005529999999019708
45.766208999999996,1524,0,0,1,[],0.008862999999017518
45.799541999999995,1525,0,0,1,[],0.012195999999015328
45.832875,1526,0,0,1,[],0.015528999999020243
45.866208,1527,0,0,1,[],0.018861999999018053
45.899541,1528,0,0,1,[],0.022194999999015863
45.932874,1529,0,0,1,[],0.025527999999013673
45.966207,1530,0,0,1,[],0.028860999999011483
45.999539999999996,1532,0,0,1,[],0.002193999999008156
46.032872999999995,1533,0,0,1,[],0.005526999999005966
46.066206,1534,0,0,1,[],0.008859999999010881
46.099539,1535,0,0,1,[],0.012192999999008691
46.132872,1536,0,0,1,[],0.015525999999006501
46.166205,1537,0,0,1,[],0.01885899999900431
46.199538,1538,0,0,1,[],0.02219199999900212
46.232870999999996,1539,0,0,1,[],0.02552499999899993
46.266203999999995,1540,0,0,1,[],0.02885799999899774
46.299537,1542,0,0,1,[],0.0021909999990015194
46.33287,1543,0,0,1,[],0.005523999998999329
46.366203,1544,0,0,1,[],0.00885699999899714
46.399536,1545,0,0,1,[],0.01218999999899495
46.432869,1546,0,0,1,[],0.01552299999899276
46.466201999999996,1547,0,0,1,[],0.01885599999899057
46.499534999999995,1548,0,0,1,[],0.02218899999898838
46.532868,1549,0,0,1,[],0.025521999998993294
46.566201,1550,0,0,1,[],0.028854999998991104
46.599534,1552,0,0,1,[],0.0021879999989877774
46.632867,1553,0,0,1,[],0.005520999998985587
46.666199999999996,1554,0,0,1,[],0.008853999998983397
46.699532999999995,1555,0,0,1,[],0.012186999998981207
46.732866,1556,0,0,1,[],0.015519999998986123
46.766199,1557,0,0,1,[],0.018852999998983933
46.799532,1558,0,0,1,[],0.022185999998981742
46.832865,1559,0,0,1,[],0.025518999998979552
46.866198,1560,0,0,1,[],0.028851999998977362
46.899530999999996,1562,0,0,1,[],0.0021849999989740354
46.932863999999995,1563,0,0,1,[],0.005517999998971845
46.966197,1564,0,0,1,[],0.00885099999897676
46.99953,1565,0,0,1,[],0.01218399999897457
47.032863,1566,0,0,1,[],0.01551699999897238
47.066196,1567,0,0,1,[],0.01884999999897019
47.099529,1568,0,0,1,[],0.022182999998968
47.132861999999996,1569,0,0,1,[],0.02551599999896581
47.166194999999995,1570,0,0,1,[],0.02884899999896362
47.199528,1572,0,0,1,[],0.002181999998967399
47.232861,1573,0,0,1,[],0.005514999998965209
47.266194,1574,0,0,1,[],0.008847999998963019
47.299527,1575,0,0,1,[],0.012180999998960829
47.33286,1576,0,0,1,[],0.015513999998958639
47.366192999999996,1577,0,0,1,[],0.01884699999895645
47.399525999999994,1578,0,0,1,[],0.02217999999895426
47.432859,1579,0,0,1,[],0.025512999998959174
47.466192,1580,0,0,1,[],0.028845999998956984
47.499525,1582,0,0,1,[],0.002178999998953657
47.532858,1583,0,0,1,[],0.005511999998951467
47.566190999999996,1584,0,0,1,[],0.008844999998949277
47.599523999999995,1585,0,0,1,[],0.012177999998947087
47.632857,1586,0,0,1,[],0.015510999998952002
47.66619,1587,0,0,1,[],0.018843999998949812
47.699523,1588,0,0,1,[],0.022176999998947622
47.732856,1589,0,0,1,[],0.025509999998945432
47.766189,1590,0,0,1,[],0.028842999998943242
47.799521999999996,1592,0,0,1,[],0.002175999998939915
47.832854999999995,1593,0,0,1,[],0.005508999998937725
47.866188,1594,0,0,1,[],0.00884199999894264
47.899521,1595,0,0,1,[],0.01217499999894045
47.932854,1596,0,0,1,[],0.01550799999893826
47.966187,1597,0,0,1,[],0.01884099999893607
47.99952,1598,0,0,1,[],0.02217399999893388
48.032852999999996,1599,0,0,1,[],0.02550699999893169
48.066185999999995,1600,0,0,1,[],0.0288399999989295
48.099519,1602,0,0,1,[],0.0021729999989332782
48.132852,1603,0,0,1,[],0.005505999998931088
48.166185,1604,0,0,1,[],0.008838999998928898
48.199518,1605,0,0,1,[],0.012171999998926708
48.232851,1606,0,0,1,[],0.015504999998924518
48.266183999999996,1607,0,0,1,[],0.018837999998922328
48.299516999999994,1608,0,0,1,[],0.022170999998920138
48.33285,1609,0,0,1,[],0.025503999998925053
48.366183,1610,0,0,1,[],0.028836999998922863
48.399516,1612,0,0,1,[],0.002169999998919536
48.432849,1613,0,0,1,[],0.005502999998917346
48.466181999999996,1614,0,0,1,[],0.008835999998915156
48.499514999999995,1615,0,0,1,[],0.012168999998912966
48.532848,1616,0,0,1,[],0.015501999998917881
48.566181,1617,0,0,1,[],0.01883499999891569
48.599514,1618,0,0,1,[],0.0221679999989135
48.632847,1619,0,0,1,[],0.02550099999891131
48.66618,1620,0,0,1,[],0.02883399999890912
48.699512999999996,1622,0,0,1,[],0.002166999998905794
48.732845999999995,1623,0,0,1,[],0.005499999998903604
48.766179,1624,0,0,1,[],0.00883299999890852
48.799512,1625,0,0,1,[],0.01216599999890633
48.832845,1626,0,0,1,[],0.01549899999890414
48.866178,1627,0,0,1,[],0.01883199999890195
48.899511,1628,0,0,1,[],0.02216499999889976
48.932843999999996,1629,0,0,1,[],0.02549799999889757
48.966176999999995,1630,0,0,1,[],0.02883099999889538
48.99951,1632,0,0,1,[],0.0021639999988991576
49.032843,1633,0,0,1,[],0.0054969999988969676
49.066176,1634,0,0,1,[],0.008829999998894777
49.099509,1635,0,0,1,[],0.012162999998892587
49.132842,1636,0,0,1,[],0.015495999998890397
49.166174999999996,1637,0,0,1,[],0.018828999998888207
49.199507999999994,1638,0,0,1,[],0.022161999998886017
49.232841,1639,0,0,1,[],0.025494999998890933
49.266174,1640,0,0,1,[],0.028827999998888743
49.299507,1642,0,0,1,[],0.0021609999988854156
49.33284,1643,0,0,1,[],0.0054939999988832255
49.366172999999996,1644,0,0,1,[],0.008826999998881035
49.399505999999995,1645,0,0,1,[],0.012159999998878845
49.432839,1646,0,0,1,[],0.01549299999888376
49.466172,1647,0,0,1,[],0.01882599999888157
49.499505,1648,0,0,1,[],0.02215899999887938
49.532838,1649,0,0,1,[],0.02549199999887719
49.566171,1650,0,0,1,[],0.028824999998875
49.599503999999996,1652,0,0,1,[],0.0021579999988716736
49.632836999999995,1653,0,0,1,[],0.0054909999988694835
49.66617,1654,0,0,1,[],0.008823999998874399
49.699503,1655,0,0,1,[],0.012156999998872209
49.732836,1656,0,0,1,[],0.015489999998870019
49.766169,1657,0,0,1,[],0.01882299999886783
49.799502,1658,0,0,1,[],0.02215599999886564
49.832834999999996,1659,0,0,1,[],0.02548899999886345
49.866167999999995,1660,0,0,1,[],0.02882199999886126
49.899501,1662,0,0,1,[],0.002154999998865037
49.932834,1663,0,0,1,[],0.005487999998862847
49.966167,1664,0,0,1,[],0.008820999998860657
49.9995,1665,0,0,1,[],0.012153999998858467
50.032833,1666,0,0,1,[],0.015486999998856277
50.066165999999996,1667,0,0,1,[],0.018819999998854087
50.099498999999994,1668,1,0,0,"[[0, 0]]",0.022152999998851897
50.132832,1669,1,0,0,"[[0, 0]]",0.025485999998856812
50.166165,1670,1,0,0,"[[0, 0]]",0.028818999998854622
50.199498,1672,1,0,0,"[[0, 0]]",0.002151999998851295
50.232831,1673,0,0,1,[],0.005484999998849105
50.266163999999996,1674,0,0,1,[],0.008817999998846915
50.299496999999995,1675,0,0,1,[],0.012150999998844725
50.332829999999994,1676,0,0,1,[],0.015483999998842535
50.366163,1677,0,0,1,[],0.01881699999884745
50.399496,1678,0,0,1,[],0.02214999999884526
50.432829,1679,0,0,1,[],0.02548299999884307
50.466162,1680,0,0,1,[],0.02881599999884088
50.499494999999996,1682,1,0,0,"[[0, 0]]",0.002148999998837553
50.532827999999995,1683,0,0,1,[],0.005481999998835363
50.566161,1684,0,0,1,[],0.008814999998840278
50.599494,1685,0,0,1,[],0.012147999998838088
50.632827,1686,0,0,1,[],0.015480999998835898
50.66616,1687,0,0,1,[],0.018813999998833708
50.699493,1688,0,0,1,[],0.022146999998831518
50.732825999999996,1689,0,0,1,[],0.025479999998829328
50.766158999999995,1690,0,0,1,[],0.028812999998827138
50.799492,1692,0,0,1,[],0.0021459999988309164
50.832825,1693,0,0,1,[],0.005478999998828726
50.866158,1694,0,0,1,[],0.008811999998826536
50.899491,1695,0,0,1,[],0.012144999998824346
50.932824,1696,0,0,1,[],0.015477999998822156
50.966156999999995,1697,0,0,1,[],0.018810999998819966
50.999489999999994,1698,0,0,1,[],0.022143999998817776
51.032823,1699,0,0,1,[],0.02547699999882269
51.066156,1700,0,0,1,[],0.0288099999988205
51.099489,1702,0,0,1,[],0.0021429999988171744
51.132822,1703,0,0,1,[],0.005475999998814984
51.166154999999996,1704,0,0,1,[],0.008808999998812794
51.199487999999995,1705,0,0,1,[],0.012141999998810604
51.232820999999994,1706,0,0,1,[],0.015474999998808414
51.266154,1707,0,0,1,[],0.01880799999881333
51.299487,1708,0,0,1,[],0.02214099999881114
51.33282,1709,0,0,1,[],0.02547399999880895
51.366153,1710,0,0,1,[],0.02880699999880676
51.399485999999996,1712,0,0,1,[],0.0021399999988034324
51.432818999999995,1713,0,0,1,[],0.005472999998801242
51.466152,1714,0,0,1,[],0.008805999998806158
51.499485,1715,0,0,1,[],0.012138999998803968
51.532818,1716,0,0,1,[],0.015471999998801778
51.566151,1717,0,0,1,[],0.018804999998799588
51.599484,1718,0,0,1,[],0.022137999998797397
51.632816999999996,1719,0,0,1,[],0.025470999998795207
51.666149999999995,1720,0,0,1,[],0.028803999998793017
51.699483,1722,0,0,1,[],0.002136999998796796
51.732816,1723,0,0,1,[],0.005469999998794606
51.766149,1724,0,0,1,[],0.008802999998792416
51.799482,1725,0,0,1,[],0.012135999998790226
51.832815,1726,0,0,1,[],0.015468999998788036
51.866147999999995,1727,0,0,1,[],0.018801999998785845
51.899480999999994,1728,0,0,1,[],0.022134999998783655
51.932814,1729,0,0,1,[],0.02546799999878857
51.966147,1730,0,0,1,[],0.02880099999878638
51.99948,1732,0,0,1,[],0.002133999998783054
52.032813,1733,0,0,1,[],0.005466999998780864
52.066145999999996,1734,0,0,1,[],0.008799999998778674
52.099478999999995,1735,0,0,1,[],0.012132999998776484
52.132811999999994,1736,0,0,1,[],0.015465999998774294
52.166145,1737,0,0,1,[],0.01879899999877921
52.199478,1738,0,0,1,[],0.02213199999877702
52.232811,1739,0,0,1,[],0.02546499999877483
52.266144,1740,0,0,1,[],0.02879799999877264
52.299476999999996,1742,0,0,1,[],0.002130999998769312
52.332809999999995,1743,0,0,1,[],0.005463999998767122
52.366143,1744,0,0,1,[],0.008796999998772037
52.399476,1745,0,0,1,[],0.012129999998769847
52.432809,1746,0,0,1,[],0.015462999998767657
52.466142,1747,0,0,1,[],0.018795999998765467
52.499475,1748,0,0,1,[],0.022128999998763277
52.532807999999996,1749,0,0,1,[],0.025461999998761087
52.566140999999995,1750,0,0,1,[],0.028794999998758897
52.599474,1752,0,0,1,[],0.002127999998762675
52.632807,1753,0,0,1,[],0.005460999998760485
52.66614,1754,0,0,1,[],0.008793999998758295
52.699473,1755,0,0,1,[],0.012126999998756105
52.732806,1756,0,0,1,[],0.015459999998753915
52.766138999999995,1757,0,0,1,[],0.018792999998751725
52.799471999999994,1758,0,0,1,[],0.022125999998749535
52.832805,1759,0,0,1,[],0.02545899999875445
52.866138,1760,0,0,1,[],0.02879199999875226
52.899471,1762,0,0,1,[],0.002124999998748933
52.932804,1763,0,0,1,[],0.005457999998746743
52.966136999999996,1764,0,0,1,[],0.008790999998744553
52.999469999999995,1765,0,0,1,[],0.012123999998742363
53.032802999999994,1766,0,0,1,[],0.015456999998740173
53.066136,1767,0,0,1,[],0.01878999999874509
53.099469,1768,0,0,1,[],0.022122999998742898
53.132802,1769,0,0,1,[],0.025455999998740708
53.166135,1770,0,0,1,[],0.028788999998738518
53.199467999999996,1772,0,0,1,[],0.002121999998735191
53.232800999999995,1773,0,0,1,[],0.005454999998733001
53.266134,1774,0,0,1,[],0.008787999998737916
53.299467,1775,0,0,1,[],0.012120999998735726
53.3328,1776,0,0,1,[],0.015453999998733536
53.366133,1777,0,0,1,[],0.018786999998731346
53.399466,1778,0,0,1,[],0.022119999998729156
53.432798999999996,1779,0,0,1,[],0.025452999998726966
53.466131999999995,1780,0,0,1,[],0.028785999998724776
53.499465,1782,0,0,1,[],0.0021189999987285546
53.532798,1783,0,0,1,[],0.0054519999987263645
53.566131,1784,0,0,1,[],0.008784999998724174
53.599464,1785,0,0,1,[],0.012117999998721984
53.632797,1786,0,0,1,[],0.015450999998719794
53.666129999999995,1787,0,0,1,[],0.018783999998717604
53.699462999999994,1788,0,0,1,[],0.022116999998715414
53.732796,1789,0,0,1,[],0.02544999999872033
53.766129,1790,0,0,1,[],0.02878299999871814
53.799462,1792,0,0,1,[],0.0021159999987148126
53.832795,1793,0,0,1,[],0.0054489999987126225
53.866127999999996,1794,0,0,1,[],0.008781999998710432
53.899460999999995,1795,0,0,1,[],0.012114999998708242
53.932793999999994,1796,0,0,1,[],0.015447999998706052
53.966127,1797,0,0,1,[],0.018780999998710968
53.99946,1798,0,0,1,[],0.022113999998708778
54.032793,1799,0,0,1,[],0.025446999998706588
54.066126,1800,0,0,1,[],0.028779999998704398
54.099458999999996,1802,0,0,1,[],0.0021129999987010706
54.132791999999995,1803,0,0,1,[],0.0054459999986988805
54.166125,1804,0,0,1,[],0.008778999998703796
54.199458,1805,0,0,1,[],0.012111999998701606
54.232791,1806,0,0,1,[],0.015444999998699416
54.266124,1807,0,0,1,[],0.018777999998697226
54.299457,1808,0,0,1,[],0.022110999998695036
54.332789999999996,1809,0,0,1,[],0.025443999998692846
54.366122999999995,1810,0,0,1,[],0.028776999998690656
54.399456,1812,0,0,1,[],0.002109999998694434
54.432789,1813,0,0,1,[],0.005442999998692244
54.466122,1814,0,0,1,[],0.008775999998690054
54.499455,1815,0,0,1,[],0.012108999998687864
54.532788,1816,0,0,1,[],0.015441999998685674
54.566120999999995,1817,0,0,1,[],0.018774999998683484
54.599453999999994,1818,0,0,1,[],0.022107999998681294
54.632787,1819,0,0,1,[],0.02544099999868621
54.66612,1820,0,0,1,[],0.02877399999868402
54.699453,1822,0,0,1,[],0.002106999998680692
54.732786,1823,0,0,1,[],0.005439999998678502
54.766118999999996,1824,0,0,1,[],0.008772999998676312
54.799451999999995,1825,0,0,1,[],0.012105999998674122
54.832784999999994,1826,0,0,1,[],0.015438999998671932
54.866118,1827,0,0,1,[],0.018771999998676847
54.899451,1828,0,0,1,[],0.022104999998674657
54.932784,1829,0,0,1,[],0.025437999998672467
54.966117,1830,0,0,1,[],0.028770999998670277
54.999449999999996,1832,0,0,1,[],0.00210399999866695
55.032782999999995,1833,0,0,1,[],0.00543699999866476
55.066116,1834,0,0,1,[],0.008769999998669675
55.099449,1835,0,0,1,[],0.012102999998667485
55.132782,1836,0,0,1,[],0.015435999998665295
55.166115,1837,0,0,1,[],0.018768999998663105
55.199448,1838,0,0,1,[],0.022101999998660915
55.232780999999996,1839,0,0,1,[],0.025434999998658725
55.266113999999995,1840,0,0,1,[],0.028767999998656535
55.299447,1842,0,0,1,[],0.0021009999986603134
55.33278,1843,0,0,1,[],0.005433999998658123
55.366113,1844,0,0,1,[],0.008766999998655933
55.399446,1845,0,0,1,[],0.012099999998653743
55.432779,1846,0,0,1,[],0.015432999998651553
55.466111999999995,1847,0,0,1,[],0.018765999998649363
55.499444999999994,1848,0,0,1,[],0.022098999998647173
55.532778,1849,0,0,1,[],0.02543199999865209
55.566111,1850,0,0,1,[],0.0287649999986499
55.599444,1852,0,0,1,[],0.0020979999986465714
55.632777,1853,0,0,1,[],0.005430999998644381
55.666109999999996,1854,0,0,1,[],0.008763999998642191
55.699442999999995,1855,0,0,1,[],0.012096999998640001
55.732775999999994,1856,0,0,1,[],0.015429999998637811
55.766109,1857,0,0,1,[],0.018762999998642726
55.799442,1858,0,0,1,[],0.022095999998640536
55.832775,1859,0,0,1,[],0.025428999998638346
55.866108,1860,0,0,1,[],0.028761999998636156
55.899440999999996,1862,0,0,1,[],0.0020949999986328294
55.932773999999995,1863,0,0,1,[],0.005427999998630639
55.966107,1864,0,0,1,[],0.008760999998635555
55.99944,1865,0,0,1,[],0.012093999998633365
56.032773,1866,0,0,1,[],0.015426999998631175
56.066106,1867,0,0,1,[],0.018759999998628984
56.099439,1868,0,0,1,[],0.022092999998626794
56.132771999999996,1869,0,0,1,[],0.025425999998624604
56.166104999999995,1870,0,0,1,[],0.028758999998622414
56.199438,1872,0,0,1,[],0.002091999998626193
56.232771,1873,0,0,1,[],0.005424999998624003
56.266104,1874,0,0,1,[],0.008757999998621813
56.299437,1875,0,0,1,[],0.012090999998619623
56.33277,1876,0,0,1,[],0.015423999998617433
56.366102999999995,1877,0,0,1,[],0.018756999998615242
56.399435999999994,1878,0,0,1,[],0.022089999998613052
56.432769,1879,0,0,1,[],0.025422999998617968
56.466102,1880,0,0,1,[],0.028755999998615778
56.499435,1882,0,0,1,[],0.0020889999986124508
56.532768,1883,0,0,1,[],0.005421999998610261
56.566100999999996,1884,0,0,1,[],0.00875499999860807
56.599433999999995,1885,0,0,1,[],0.01208799999860588
56.632766999999994,1886,0,0,1,[],0.01542099999860369
56.6661,1887,0,0,1,[],0.018753999998608606
56.699433,1888,0,0,1,[],0.022086999998606416
56.732766,1889,0,0,1,[],0.025419999998604226
56.766099,1890,0,0,1,[],0.028752999998602036
56.799431999999996,1892,0,0,1,[],0.0020859999985987088
56.832764999999995,1893,0,0,1,[],0.005418999998596519
56.866098,1894,0,0,1,[],0.008751999998601434
56.899431,1895,0,0,1,[],0.012084999998599244
56.932764,1896,0,0,1,[],0.015417999998597054
56.966097,1897,0,0,1,[],0.018750999998594864
56.99943,1898,0,0,1,[],0.022083999998592674
57.032762999999996,1899,0,0,1,[],0.025416999998590484
57.066095999999995,1900,0,0,1,[],0.028749999998588294
57.099429,1902,0,0,1,[],0.002082999998592072
57.132762,1903,0,0,1,[],0.005415999998589882
57.166095,1904,0,0,1,[],0.008748999998587692
57.199428,1905,0,0,1,[],0.012081999998585502
57.232760999999996,1906,0,0,1,[],0.015414999998583312
57.266093999999995,1907,0,0,1,[],0.018747999998581122
57.299426999999994,1908,0,0,1,[],0.022080999998578932
57.33276,1909,0,0,1,[],0.025413999998583847
57.366093,1910,0,0,1,[],0.028746999998581657
57.399426,1912,0,0,1,[],0.00207999999857833
57.432759,1913,0,0,1,[],0.00541299999857614
57.466091999999996,1914,0,0,1,[],0.00874599999857395
57.499424999999995,1915,0,0,1,[],0.01207899999857176
57.532757999999994,1916,0,0,1,[],0.01541199999856957
57.566091,1917,0,0,1,[],0.018744999998574485
57.599424,1918,0,0,1,[],0.022077999998572295
57.632757,1919,0,0,1,[],0.025410999998570105
57.66609,1920,0,0,1,[],0.028743999998567915
57.699422999999996,1922,0,0,1,[],0.002076999998564588
57.732755999999995,1923,0,0,1,[],0.005409999998562398
57.766089,1924,0,0,1,[],0.008742999998567313
57.799422,1925,0,0,1,[],0.012075999998565123
57.832755,1926,0,0,1,[],0.015408999998562933
57.866088,1927,0,0,1,[],0.018741999998560743
57.899421,1928,0,0,1,[],0.022074999998558553
57.932753999999996,1929,0,0,1,[],0.025407999998556363
57.966086999999995,1930,0,0,1,[],0.028740999998554173
57.99942,1932,0,0,1,[],0.0020739999985579516
58.032753,1933,0,0,1,[],0.0054069999985557615
58.066086,1934,0,0,1,[],0.008739999998553571
58.099419,1935,0,0,1,[],0.012072999998551381
58.132751999999996,1936,0,0,1,[],0.015405999998549191
58.166084999999995,1937,0,0,1,[],0.018738999998547
58.199417999999994,1938,0,0,1,[],0.02207199999854481
58.232751,1939,0,0,1,[],0.025404999998549727
58.266084,1940,0,0,1,[],0.028737999998547537
58.299417,1942,0,0,1,[],0.0020709999985442096
58.33275,1943,0,0,1,[],0.0054039999985420195
58.366082999999996,1944,0,0,1,[],0.00873699999853983
58.399415999999995,1945,0,0,1,[],0.01206999999853764
58.432748999999994,1946,0,0,1,[],0.01540299999853545
58.466082,1947,0,0,1,[],0.018735999998540365
58.499415,1948,0,0,1,[],0.022068999998538175
58.532748,1949,0,0,1,[],0.025401999998535985
58.566081,1950,0,0,1,[],0.028734999998533794
58.599413999999996,1952,0,0,1,[],0.0020679999985304676
58.632746999999995,1953,0,0,1,[],0.0054009999985282775
58.66608,1954,0,0,1,[],0.008733999998533193
58.699413,1955,0,0,1,[],0.012066999998531003
58.732746,1956,0,0,1,[],0.015399999998528813
58.766079,1957,0,0,1,[],0.018732999998526623
58.799412,1958,0,0,1,[],0.022065999998524433
58.832744999999996,1959,0,0,1,[],0.025398999998522243
58.866077999999995,1960,0,0,1,[],0.028731999998520052
58.899411,1962,0,0,1,[],0.002064999998523831
58.932744,1963,0,0,1,[],0.005397999998521641
58.966077,1964,0,0,1,[],0.00873099999851945
58.99941,1965,0,0,1,[],0.01206399999851726
59.032742999999996,1966,0,0,1,[],0.01539699999851507
59.066075999999995,1967,0,0,1,[],0.01872999999851288
59.099408999999994,1968,0,0,1,[],0.02206299999851069
59.132742,1969,0,0,1,[],0.025395999998515606
59.166075,1970,0,0,1,[],0.028728999998513416
59.199408,1972,0,0,1,[],0.002061999998510089
59.232741,1973,0,0,1,[],0.005394999998507899
59.266073999999996,1974,0,0,1,[],0.008727999998505709
59.299406999999995,1975,0,0,1,[],0.012060999998503519
59.332739999999994,1976,0,0,1,[],0.015393999998501329
59.366073,1977,0,0,1,[],0.018726999998506244
59.399406,1978,0,0,1,[],0.022059999998504054
59.432739,1979,0,0,1,[],0.025392999998501864
59.466072,1980,0,0,1,[],0.028725999998499674
59.499404999999996,1982,0,0,1,[],0.002058999998496347
59.532737999999995,1983,0,0,1,[],0.005391999998494157
59.566070999999994,1984,0,0,1,[],0.008724999998491967
59.599404,1985,0,0,1,[],0.012057999998496882
59.632737,1986,0,0,1,[],0.015390999998494692
59.66607,1987,0,0,1,[],0.018723999998492502
59.699403,1988,0,0,1,[],0.022056999998490312
59.732735999999996,1989,0,0,1,[],0.025389999998488122
59.766068999999995,1990,0,0,1,[],0.028722999998485932
59.799402,1992,0,0,1,[],0.0020559999984897104
59.832735,1993,0,0,1,[],0.00538899999848752
59.866068,1994,0,0,1,[],0.00872199999848533
59.899401,1995,0,0,1,[],0.01205499999848314
59.932733999999996,1996,0,0,1,[],0.01538799999848095
59.966066999999995,1997,0,0,1,[],0.01872099999847876
59.999399999999994,1998,0,0,1,[],0.02205399999847657
60.032733,1999,0,0,1,[],0.025386999998481485
60.066066,2000,0,0,1,[],0.028719999998479295
60.099399,2002,0,0,1,[],0.0020529999984759684
60.132732,2003,0,0,1,[],0.005385999998473778
60.166064999999996,2004,0,0,1,[],0.008718999998471588
60.199397999999995,2005,0,0,1,[],0.012051999998469398
60.232730999999994,2006,0,0,1,[],0.015384999998467208
60.266064,2007,0,0,1,[],0.018717999998472123
60.299397,2008,0,0,1,[],0.022050999998469933
60.33273,2009,0,0,1,[],0.025383999998467743
60.366063,2010,0,0,1,[],0.028716999998465553
60.399395999999996,2012,0,0,1,[],0.0020499999984622264
60.432728999999995,2013,0,0,1,[],0.005382999998460036
60.466061999999994,2014,0,0,1,[],0.008715999998457846
60.499395,2015,0,0,1,[],0.012048999998462762
60.532728,2016,0,0,1,[],0.015381999998460572
60.566061,2017,0,0,1,[],0.01871499999845838
60.599394,2018,0,0,1,[],0.02204799999845619
60.632726999999996,2019,0,0,1,[],0.025380999998454
60.666059999999995,2020,0,0,1,[],0.02871399999845181
60.699393,2022,0,0,1,[],0.0020469999984555898
60.732726,2023,0,0,1,[],0.0053799999984534
60.766059,2024,0,0,1,[],0.00871299999845121
60.799392,2025,0,0,1,[],0.01204599999844902
60.832724999999996,2026,0,0,1,[],0.01537899999844683
60.866057999999995,2027,0,0,1,[],0.01871199999844464
60.899390999999994,2028,0,0,1,[],0.02204499999844245
60.932724,2029,0,0,1,[],0.025377999998447365
60.966057,2030,0,0,1,[],0.028710999998445175
60.99939,2032,0,0,1,[],0.0020439999984418478
61.032723,2033,0,0,1,[],0.005376999998439658
61.066055999999996,2034,0,0,1,[],0.008709999998437468
61.099388999999995,2035,0,0,1,[],0.012042999998435278
61.132721999999994,2036,0,0,1,[],0.015375999998433088
61.166055,2037,0,0,1,[],0.018708999998438003
61.199388,2038,0,0,1,[],0.022041999998435813
61.232721,2039,0,0,1,[],0.025374999998433623
61.266054,2040,0,0,1,[],0.028707999998431433
61.299386999999996,2042,0,0,1,[],0.0020409999984281058
61.332719999999995,2043,0,0,1,[],0.005373999998425916
61.366052999999994,2044,0,0,1,[],0.008706999998423726
61.399386,2045,0,0,1,[],0.012039999998428641
61.432719,2046,0,0,1,[],0.015372999998426451
61.466052,2047,0,0,1,[],0.01870599999842426
61.499385,2048,0,0,1,[],0.02203899999842207
61.532717999999996,2049,0,0,1,[],0.02537199999841988
61.566050999999995,2050,0,0,1,[],0.02870499999841769
61.599384,2052,0,0,1,[],0.002037999998421469
61.632717,2053,0,0,1,[],0.005370999998419279
61.66605,2054,0,0,1,[],0.008703999998417089
61.699383,2055,0,0,1,[],0.012036999998414899
61.732715999999996,2056,0,0,1,[],0.015369999998412709
61.766048999999995,2057,0,0,1,[],0.01870299999841052
61.799381999999994,2058,0,0,1,[],0.02203599999840833
61.832715,2059,0,0,1,[],0.025368999998413244
61.866048,2060,0,0,1,[],0.028701999998411054
61.899381,2062,0,0,1,[],0.002034999998407727
61.932714,2063,0,0,1,[],0.005367999998405537
61.966046999999996,2064,0,0,1,[],0.008700999998403347
61.999379999999995,2065,0,0,1,[],0.012033999998401157
62.032712999999994,2066,0,0,1,[],0.015366999998398967
62.066046,2067,0,0,1,[],0.018699999998403882
62.099379,2068,0,0,1,[],0.022032999998401692
62.132712,2069,0,0,1,[],0.025365999998399502
62.166045,2070,0,0,1,[],0.028698999998397312
62.199377999999996,2072,0,0,1,[],0.002031999998393985
62.232710999999995,2073,0,0,1,[],0.005364999998391795
62.266043999999994,2074,0,0,1,[],0.008697999998389605
62.299377,2075,0,0,1,[],0.01203099999839452
62.33271,2076,0,0,1,[],0.01536399999839233
62.366043,2077,0,0,1,[],0.01869699999839014
62.399376,2078,0,0,1,[],0.02202999999838795
62.432708999999996,2079,0,0,1,[],0.02536299999838576
62.466041999999995,2080,0,0,1,[],0.02869599999838357
62.499375,2082,0,0,1,[],0.0020289999983873486
62.532708,2083,0,0,1,[],0.0053619999983851585
62.566041,2084,0,0,1,[],0.008694999998382968
62.599374,2085,0,0,1,[],0.012027999998380778
62.632706999999996,2086,0,0,1,[],0.015360999998378588
62.666039999999995,2087,0,0,1,[],0.018693999998376398
62.699372999999994,2088,0,0,1,[],0.022026999998374208
62.732706,2089,0,0,1,[],0.025359999998379124
62.766039,2090,0,0,1,[],0.028692999998376933
62.799372,2092,0,0,1,[],0.0020259999983736066
62.832705,2093,0,0,1,[],0.0053589999983714165
62.866037999999996,2094,0,0,1,[],0.008691999998369226
62.899370999999995,2095,0,0,1,[],0.012024999998367036
62.932703999999994,2096,0,0,1,[],0.015357999998364846
62.966037,2097,0,0,1,[],0.01869099999836976
62.99937,2098,0,0,1,[],0.02202399999836757
63.032703,2099,0,0,1,[],0.02535699999836538
63.066036,2100,0,0,1,[],0.02868999999836319
63.099368999999996,2102,0,0,1,[],0.0020229999983598645
63.132701999999995,2103,0,0,1,[],0.0053559999983576745
63.166034999999994,2104,0,0,1,[],0.008688999998355484
63.199368,2105,0,0,1,[],0.0120219999983604
63.232701,2106,0,0,1,[],0.01535499999835821
63.266034,2107,0,0,1,[],0.01868799999835602
63.299367,2108,0,0,1,[],0.02202099999835383
63.332699999999996,2109,0,0,1,[],0.02535399999835164
63.366032999999995,2110,0,0,1,[],0.02868699999834945
63.399366,2112,0,0,1,[],0.002019999998353228
63.432699,2113,0,0,1,[],0.005352999998351038
63.466032,2114,0,0,1,[],0.008685999998348848
63.499365,2115,0,0,1,[],0.012018999998346658
63.532697999999996,2116,0,0,1,[],0.015351999998344468
63.566030999999995,2117,0,0,1,[],0.018684999998342278
63.599363999999994,2118,0,0,1,[],0.022017999998340088
63.632697,2119,0,0,1,[],0.025350999998345003
63.66603,2120,0,0,1,[],0.028683999998342813
63.699363,2122,0,0,1,[],0.002016999998339486
63.732696,2123,0,0,1,[],0.005349999998337296
63.766028999999996,2124,0,0,1,[],0.008682999998335106
63.799361999999995,2125,0,0,1,[],0.012015999998332916
63.832694999999994,2126,0,0,1,[],0.015348999998330726
63.866028,2127,0,0,1,[],0.01868199999833564
63.899361,2128,0,0,1,[],0.02201499999833345
63.932694,2129,0,0,1,[],0.02534799999833126
63.966027,2130,0,0,1,[],0.02868099999832907
63.999359999999996,2132,0,0,1,[],0.002013999998325744
64.032693,2133,0,0,1,[],0.005346999998323554
64.066026,2134,0,0,1,[],0.008679999998321364
64.09935899999999,2135,0,0,1,[],0.012012999998319174
64.13269199999999,2136,0,0,1,[],0.015345999998316984
64.16602499999999,2137,0,0,1,[],0.018678999998314794
64.199358,2138,0,0,1,[],0.022011999998326814
64.232691,2139,0,0,1,[],0.025344999998324624
64.266024,2140,0,0,1,[],0.028677999998322434
64.299357,2142,0,0,1,[],0.0020109999983191074
64.33269,2143,0,0,1,[],0.005343999998316917
64.366023,2144,0,0,1,[],0.008676999998314727
64.399356,2145,0,0,1,[],0.012009999998312537
64.432689,2146,0,0,1,[],0.015342999998310347
64.466022,2147,0,0,1,[],0.018675999998308157
64.499355,2148,0,0,1,[],0.022008999998305967
64.532688,2149,0,0,1,[],0.025341999998303777
64.56602099999999,2150,0,0,1,[],0.028674999998301587
64.59935399999999,2152,0,0,1,[],0.00200799999829826
64.63268699999999,2153,0,0,1,[],0.00534099999829607
64.66602,2154,0,0,1,[],0.00867399999830809
64.699353,2155,0,0,1,[],0.0120069999983059
64.732686,2156,0,0,1,[],0.01533999999830371
64.766019,2157,0,0,1,[],0.01867299999830152
64.799352,2158,0,0,1,[],0.02200599999829933
64.832685,2159,0,0,1,[],0.02533899999829714
64.866018,2160,0,0,1,[],0.02867199999829495
64.899351,2162,0,0,1,[],0.0020049999982916233
64.932684,2163,0,0,1,[],0.005337999998289433
64.966017,2164,0,0,1,[],0.008670999998287243
64.99934999999999,2165,0,0,1,[],0.012003999998285053
65.03268299999999,2166,0,0,1,[],0.015336999998282863
65.06601599999999,2167,0,0,1,[],0.018669999998280673
65.099349,2168,0,0,1,[],0.022002999998292694
65.132682,2169,0,0,1,[],0.025335999998290504
65.166015,2170,0,0,1,[],0.028668999998288314
65.199348,2172,0,0,1,[],0.0020019999982849868
65.232681,2173,0,0,1,[],0.005334999998282797
65.266014,2174,0,0,1,[],0.008667999998280607
65.299347,2175,0,0,1,[],0.012000999998278417
65.33268,2176,0,0,1,[],0.015333999998276227
65.366013,2177,0,0,1,[],0.018666999998274036
65.399346,2178,0,0,1,[],0.021999999998271846
65.432679,2179,0,0,1,[],0.025332999998269656
65.46601199999999,2180,0,0,1,[],0.028665999998267466
65.49934499999999,2182,0,0,1,[],0.0019989999982641393
65.53267799999999,2183,0,0,1,[],0.005331999998261949
65.566011,2184,0,0,1,[],0.00866499999827397
65.599344,2185,0,0,1,[],0.01199799999827178
65.632677,2186,0,0,1,[],0.01533099999826959
65.66601,2187,0,0,1,[],0.0186639999982674
65.699343,2188,0,0,1,[],0.02199699999826521
65.732676,2189,0,0,1,[],0.02532999999826302
65.766009,2190,0,0,1,[],0.02866299999826083
65.799342,2192,0,0,1,[],0.0019959999982575027
65.832675,2193,0,0,1,[],0.005328999998255313
65.866008,2194,0,0,1,[],0.008661999998253123
65.89934099999999,2195,0,0,1,[],0.011994999998250933
65.93267399999999,2196,0,0,1,[],0.015327999998248742
65.96600699999999,2197,0,0,1,[],0.018660999998246552
65.99934,2198,0,0,1,[],0.021993999998258573
66.032673,2199,0,0,1,[],0.025326999998256383
66.066006,2200,0,0,1,[],0.028659999998254193
66.099339,2202,0,0,1,[],0.001992999998250866
66.132672,2203,0,0,1,[],0.005325999998248676
66.166005,2204,0,0,1,[],0.008658999998246486
66.199338,2205,0,0,1,[],0.011991999998244296
66.232671,2206,0,0,1,[],0.015324999998242106
66.266004,2207,0,0,1,[],0.018657999998239916
66.299337,2208,0,0,1,[],0.021990999998237726
66.33267,2209,0,0,1,[],0.025323999998235536
66.36600299999999,2210,0,0,1,[],0.028656999998233346
66.39933599999999,2212,0,0,1,[],0.0019899999982300187
66.43266899999999,2213,0,0,1,[],0.005322999998227829
66.466002,2214,0,0,1,[],0.00865599999823985
66.499335,2215,0,0,1,[],0.01198899999823766
66.532668,2216,0,0,1,[],0.01532199999823547
66.566001,2217,0,0,1,[],0.01865499999823328
66.599334,2218,0,0,1,[],0.02198799999823109
66.632667,2219,0,0,1,[],0.0253209999982289
66.666,2220,0,0,1,[],0.02865399999822671
66.699333,2222,0,0,1,[],0.001986999998223382
66.732666,2223,0,0,1,[],0.005319999998221192
66.765999,2224,0,0,1,[],0.008652999998219002
66.79933199999999,2225,0,0,1,[],0.011985999998216812
66.83266499999999,2226,0,0,1,[],0.015318999998214622
66.86599799999999,2227,0,0,1,[],0.018651999998212432
66.899331,2228,0,0,1,[],0.021984999998224453
66.932664,2229,0,0,1,[],0.025317999998222263
66.965997,2230,0,0,1,[],0.028650999998220072
66.99933,2232,0,0,1,[],0.0019839999982167456
67.032663,2233,0,0,1,[],0.0053169999982145555
67.065996,2234,0,0,1,[],0.008649999998212365
67.099329,2235,0,0,1,[],0.011982999998210175
67.132662,2236,0,0,1,[],0.015315999998207985
67.165995,2237,0,0,1,[],0.018648999998205795
67.199328,2238,0,0,1,[],0.021981999998203605
67.232661,2239,0,0,1,[],0.025314999998201415
67.26599399999999,2240,0,0,1,[],0.028647999998199225
67.29932699999999,2242,0,0,1,[],0.001980999998195898
67.33265999999999,2243,0,0,1,[],0.005313999998193708
67.365993,2244,0,0,1,[],0.008646999998205729
67.399326,2245,0,0,1,[],0.011979999998203539
67.432659,2246,0,0,1,[],0.015312999998201349
67.465992,2247,0,0,1,[],0.01864599999819916
67.499325,2248,0,0,1,[],0.02197899999819697
67.532658,2249,0,0,1,[],0.02531199999819478
67.565991,2250,0,0,1,[],0.02864499999819259
67.599324,2252,0,0,1,[],0.0019779999981892615
67.632657,2253,0,0,1,[],0.0053109999981870715
67.66599,2254,0,0,1,[],0.008643999998184881
67.69932299999999,2255,0,0,1,[],0.011976999998182691
67.73265599999999,2256,0,0,1,[],0.015309999998180501
67.76598899999999,2257,0,0,1,[],0.01864299999817831
67.799322,2258,0,0,1,[],0.021975999998190332
67.832655,2259,0,0,1,[],0.025308999998188142
67.865988,2260,0,0,1,[],0.028641999998185952
67.899321,2262,0,0,1,[],0.001974999998182625
67.932654,2263,0,0,1,[],0.005307999998180435
67.965987,2264,0,0,1,[],0.008640999998178245
67.99932,2265,0,0,1,[],0.011973999998176055
68.032653,2266,0,0,1,[],0.015306999998173865
68.065986,2267,0,0,1,[],0.018639999998171675
68.099319,2268,0,0,1,[],0.021972999998169485
68.132652,2269,0,0,1,[],0.025305999998167295
68.16598499999999,2270,0,0,1,[],0.028638999998165104
68.19931799999999,2272,0,0,1,[],0.0019719999981617775
68.23265099999999,2273,0,0,1,[],0.0053049999981595874
68.265984,2274,0,0,1,[],0.008637999998171608
68.299317,2275,0,0,1,[],0.011970999998169418
68.33265,2276,0,0,1,[],0.015303999998167228
68.365983,2277,0,0,1,[],0.018636999998165038
68.399316,2278,0,0,1,[],0.021969999998162848
68.432649,2279,0,0,1,[],0.025302999998160658
68.465982,2280,0,0,1,[],0.028635999998158468
68.499315,2282,0,0,1,[],0.001968999998155141
68.532648,2283,0,0,1,[],0.005301999998152951
68.565981,2284,0,0,1,[],0.00863499999815076
68.59931399999999,2285,0,0,1,[],0.01196799999814857
68.63264699999999,2286,0,0,1,[],0.01530099999814638
68.66597999999999,2287,0,0,1,[],0.01863399999814419
68.699313,2288,0,0,1,[],0.02196699999815621
68.732646,2289,0,0,1,[],0.02529999999815402
68.765979,2290,0,0,1,[],0.02863299999815183
68.799312,2292,0,0,1,[],0.0019659999981485043
68.832645,2293,0,0,1,[],0.005298999998146314
68.865978,2294,0,0,1,[],0.008631999998144124
68.899311,2295,0,0,1,[],0.011964999998141934
68.932644,2296,0,0,1,[],0.015297999998139744
68.965977,2297,0,0,1,[],0.018630999998137554
68.99931,2298,0,0,1,[],0.021963999998135364
69.032643,2299,0,0,1,[],0.025296999998133174
69.06597599999999,2300,0,0,1,[],0.028629999998130984
69.09930899999999,2302,0,0,1,[],0.001962999998127657
69.13264199999999,2303,0,0,1,[],0.005295999998125467
69.165975,2304,0,0,1,[],0.008628999998137488
69.199308,2305,0,0,1,[],0.011961999998135298
69.232641,2306,0,0,1,[],0.015294999998133108
69.265974,2307,0,0,1,[],0.018627999998130917
69.299307,2308,0,0,1,[],0.021960999998128727
69.33264,2309,0,0,1,[],0.025293999998126537
69.365973,2310,0,0,1,[],0.028626999998124347
69.399306,2312,0,0,1,[],0.0019599999981210203
69.432639,2313,0,0,1,[],0.00529299999811883
69.465972,2314,0,0,1,[],0.00862599999811664
69.49930499999999,2315,0,0,1,[],0.01195899999811445
69.53263799999999,2316,0,0,1,[],0.01529199999811226
69.56597099999999,2317,0,0,1,[],0.01862499999811007
69.599304,2318,0,0,1,[],0.02195799999812209
69.632637,2319,0,0,1,[],0.0252909999981199
69.66597,2320,0,0,1,[],0.02862399999811771
69.699303,2322,0,0,1,[],0.0019569999981143837
69.732636,2323,0,0,1,[],0.005289999998112194
69.765969,2324,0,0,1,[],0.008622999998110004
69.799302,2325,0,0,1,[],0.011955999998107814
69.832635,2326,0,0,1,[],0.015288999998105623
69.865968,2327,0,0,1,[],0.018621999998103433
69.899301,2328,0,0,1,[],0.021954999998101243
69.932634,2329,0,0,1,[],0.025287999998099053
69.96596699999999,2330,0,0,1,[],0.028620999998096863
69.99929999999999,2332,0,0,1,[],0.0019539999980935363
70.03263299999999,2333,0,0,1,[],0.005286999998091346
70.065966,2334,0,0,1,[],0.008619999998103367
70.099299,2335,0,0,1,[],0.011952999998101177
70.132632,2336,0,0,1,[],0.015285999998098987
70.165965,2337,0,0,1,[],0.018618999998096797
70.199298,2338,0,0,1,[],0.021951999998094607
70.232631,2339,0,0,1,[],0.025284999998092417
70.265964,2340,0,0,1,[],0.028617999998090227
70.299297,2342,0,0,1,[],0.0019509999980868997
70.33263,2343,0,0,1,[],0.00528399999808471
70.365963,2344,0,0,1,[],0.00861699999808252
70.39929599999999,2345,0,0,1,[],0.01194999999808033
70.43262899999999,2346,0,0,1,[],0.01528299999807814
70.46596199999999,2347,0,0,1,[],0.01861599999807595
70.499295,2348,0,0,1,[],0.02194899999808797
70.532628,2349,0,0,1,[],0.02528199999808578
70.565961,2350,0,1,1,[],0.02861499999808359
70.599294,2352,0,0,1,[],0.0019479999980802631
70.632627,2353,0,0,1,[],0.005280999998078073
70.66596,2354,0,0,1,[],0.008613999998075883
70.699293,2355,0,0,1,[],0.011946999998073693
70.732626,2356,0,0,1,[],0.015279999998071503
70.765959,2357,0,0,1,[],0.018612999998069313
70.799292,2358,0,0,1,[],0.021945999998067123
70.832625,2359,0,0,1,[],0.025278999998064933
70.86595799999999,2360,0,0,1,[],0.028611999998062743
70.89929099999999,2362,0,0,1,[],0.0019449999980594157
70.93262399999999,2363,0,0,1,[],0.005277999998057226
70.965957,2364,0,0,1,[],0.008610999998069246
70.99929,2365,0,0,1,[],0.011943999998067056
71.032623,2366,0,0,1,[],0.015276999998064866
71.065956,2367,0,0,1,[],0.018609999998062676
71.099289,2368,0,0,1,[],0.021942999998060486
71.132622,2369,0,0,1,[],0.025275999998058296
71.165955,2370,0,0,1,[],0.028608999998056106
71.199288,2372,0,0,1,[],0.0019419999980527791
71.232621,2373,0,0,1,[],0.005274999998050589
71.265954,2374,0,0,1,[],0.008607999998048399
71.29928699999999,2375,0,0,1,[],0.011940999998046209
71.33261999999999,2376,0,0,1,[],0.015273999998044019
71.36595299999999,2377,0,0,1,[],0.01860699999804183
71.399286,2378,0,0,1,[],0.02193999999805385
71.432619,2379,0,0,1,[],0.02527299999805166
71.465952,2380,0,0,1,[],0.02860599999804947
71.499285,2382,0,0,1,[],0.0019389999980461425
71.532618,2383,0,0,1,[],0.0052719999980439525
71.565951,2384,0,0,1,[],0.008604999998041762
71.599284,2385,0,0,1,[],0.011937999998039572
71.632617,2386,0,0,1,[],0.015270999998037382
71.66595,2387,0,0,1,[],0.018603999998035192
71.699283,2388,0,0,1,[],0.021936999998033002
71.732616,2389,0,1,1,[],0.025269999998030812
71.76594899999999,2390,0,0,1,[],0.028602999998028622
71.79928199999999,2392,0,0,1,[],0.001935999998025295
71.83261499999999,2393,0,0,1,[],0.005268999998023105
71.865948,2394,0,0,1,[],0.008601999998035126
71.899281,2395,0,0,1,[],0.011934999998032936
71.932614,2396,0,0,1,[],0.015267999998030746
71.965947,2397,0,0,1,[],0.018600999998028556
71.99928,2398,0,0,1,[],0.021933999998026366
72.032613,2399,0,0,1,[],0.025266999998024176
72.065946,2400,0,0,1,[],0.028599999998021985
72.099279,2402,0,0,1,[],0.0019329999980186585
72.132612,2403,0,0,1,[],0.0052659999980164685
72.165945,2404,0,0,1,[],0.008598999998014278
72.19927799999999,2405,0,0,1,[],0.011931999998012088
72.23261099999999,2406,0,0,1,[],0.015264999998009898
72.26594399999999,2407,0,0,1,[],0.018597999998007708
72.299277,2408,0,0,1,[],0.02193099999801973
72.33261,2409,0,0,1,[],0.02526399999801754
72.365943,2410,0,0,1,[],0.02859699999801535
72.399276,2412,0,0,1,[],0.001929999998012022
72.432609,2413,0,0,1,[],0.005262999998009832
72.465942,2414,0,0,1,[],0.008595999998007642
72.499275,2415,0,0,1,[],0.011928999998005452
72.532608,2416,0,0,1,[],0.015261999998003262
72.565941,2417,0,0,1,[],0.01859499999800107
72.599274,2418,0,0,1,[],0.02192799999799888
72.632607,2419,0,0,1,[],0.02526099999799669
72.66593999999999,2420,0,0,1,[],0.0285939999979945
72.69927299999999,2422,0,0,1,[],0.0019269999979911745
72.73260599999999,2423,0,0,1,[],0.005259999997988984
72.765939,2424,0,0,1,[],0.008592999998001005
72.799272,2425,0,0,1,[],0.011925999997998815
72.832605,2426,0,0,1,[],0.015258999997996625
72.865938,2427,0,0,1,[],0.018591999997994435
72.899271,2428,0,0,1,[],0.021924999997992245
72.932604,2429,0,0,1,[],0.025257999997990055
72.965937,2430,0,0,1,[],0.028590999997987865
72.99927,2432,0,0,1,[],0.001923999997984538
73.032603,2433,0,0,1,[],0.005256999997982348
73.065936,2434,0,0,1,[],0.008589999997980158
73.09926899999999,2435,0,0,1,[],0.011922999997977968
73.13260199999999,2436,0,0,1,[],0.015255999997975778
73.16593499999999,2437,0,0,1,[],0.018588999997973588
73.199268,2438,0,0,1,[],0.02192199999798561
73.232601,2439,1,0,0,"[[0, 0]]",0.02525499999798342
73.265934,2440,0,0,1,[],0.028587999997981228
73.299267,2442,0,0,1,[],0.0019209999979779013
73.3326,2443,1,0,0,"[[0, 0]]",0.005253999997975711
73.365933,2444,0,0,1,[],0.008586999997973521
73.399266,2445,1,0,0,"[[0, 0]]",0.011919999997971331
73.432599,2446,0,0,1,[],0.015252999997969141
73.465932,2447,0,0,1,[],0.01858599999796695
73.499265,2448,0,0,1,[],0.02191899999796476
73.532598,2449,0,0,1,[],0.02525199999796257
73.56593099999999,2450,1,0,0,"[[0, 0]]",0.02858499999796038
73.59926399999999,2452,1,0,0,"[[0, 0]]",0.001917999997957054
73.63259699999999,2453,1,0,0,"[[0, 0]]",0.005250999997954864
73.66593,2454,1,0,0,"[[0, 0]]",0.008583999997966885
73.699263,2455,1,0,0,"[[0, 0]]",0.011916999997964695
73.732596,2456,1,0,0,"[[0, 0]]",0.015249999997962504
73.765929,2457,1,0,0,"[[0, 0]]",0.018582999997960314
73.799262,2458,1,0,0,"[[0, 0]]",0.021915999997958124
73.832595,2459,1,0,0,"[[0, 0]]",0.025248999997955934
73.865928,2460,1,0,0,"[[0, 0]]",0.028581999997953744
73.899261,2462,1,0,0,"[[0, 0]]",0.0019149999979504173
73.932594,2463,1,0,0,"[[0, 0]]",0.005247999997948227
73.965927,2464,1,0,0,"[[0, 0]]",0.008580999997946037
73.99925999999999,2465,1,0,0,"[[0, 0]]",0.011913999997943847
74.03259299999999,2466,1,0,0,"[[0, 0]]",0.015246999997941657
74.06592599999999,2467,1,0,0,"[[0, 0]]",0.018579999997939467
74.099259,2468,1,0,0,"[[0, 0]]",0.021912999997951488
74.132592,2469,1,0,0,"[[0, 0]]",0.025245999997949298
74.165925,2470,1,0,0,"[[0, 0]]",0.028578999997947108
74.199258,2472,1,0,0,"[[0, 0]]",0.0019119999979437807
74.232591,2473,1,0,0,"[[0, 0]]",0.005244999997941591
74.265924,2474,1,0,0,"[[0, 0]]",0.0085779999979394
74.299257,2475,1,0,0,"[[0, 0]]",0.01191099999793721
74.33259,2476,1,0,0,"[[0, 0]]",0.01524399999793502
74.365923,2477,1,0,0,"[[0, 0]]",0.01857699999793283
74.399256,2478,1,0,0,"[[0, 0]]",0.02190999999793064
74.432589,2479,1,0,0,"[[0, 0]]",0.02524299999792845
74.46592199999999,2480,1,1,0,"[[0, 0]]",0.02857599999792626
74.49925499999999,2482,1,0,0,"[[0, 0]]",0.0019089999979229333
74.53258799999999,2483,1,0,0,"[[0, 0]]",0.005241999997920743
74.565921,2484,0,0,1,[],0.008574999997932764
74.599254,2485,0,0,1,[],0.011907999997930574
74.632587,2486,0,0,1,[],0.015240999997928384
74.66592,2487,0,0,1,[],0.018573999997926194
74.699253,2488,0,0,1,[],0.021906999997924004
74.732586,2489,0,0,1,[],0.025239999997921814
74.765919,2490,0,0,1,[],0.028572999997919624
74.799252,2492,0,0,1,[],0.0019059999979162967
74.832585,2493,0,0,1,[],0.005238999997914107
74.865918,2494,0,0,1,[],0.008571999997911917
74.89925099999999,2495,0,0,1,[],0.011904999997909727
74.93258399999999,2496,0,0,1,[],0.015237999997907536
74.96591699999999,2497,0,0,1,[],0.018570999997905346
74.99925,2498,0,0,1,[],0.021903999997917367
75.032583,2499,0,0,1,[],0.025236999997915177
75.065916,2500,0,0,1,[],0.028569999997912987
75.099249,2502,0,0,1,[],0.0019029999979096601
75.132582,2503,0,0,1,[],0.00523599999790747
75.165915,2504,0,0,1,[],0.00856899999790528
75.199248,2505,0,0,1,[],0.01190199999790309
75.232581,2506,0,0,1,[],0.0152349999979009
75.265914,2507,0,0,1,[],0.01856799999789871
75.299247,2508,0,0,1,[],0.02190099999789652
75.33258,2509,0,0,1,[],0.02523399999789433
75.36591299999999,2510,0,0,1,[],0.02856699999789214
75.39924599999999,2512,0,0,1,[],0.0018999999978888127
75.43257899999999,2513,0,0,1,[],0.005232999997886623
75.465912,2514,0,0,1,[],0.008565999997898643
75.499245,2515,0,0,1,[],0.011898999997896453
75.532578,2516,0,0,1,[],0.015231999997894263
75.565911,2517,0,0,1,[],0.018564999997892073
75.599244,2518,0,0,1,[],0.021897999997889883
75.632577,2519,0,0,1,[],0.025230999997887693
75.66591,2520,0,0,1,[],0.028563999997885503
75.699243,2522,0,0,1,[],0.001896999997882176
75.732576,2523,0,0,1,[],0.005229999997879986
75.765909,2524,0,0,1,[],0.008562999997877796
75.79924199999999,2525,0,0,1,[],0.011895999997875606
75.83257499999999,2526,0,0,1,[],0.015228999997873416
75.86590799999999,2527,0,0,1,[],0.018561999997871226
75.899241,2528,0,0,1,[],0.021894999997883247
75.932574,2529,0,0,1,[],0.025227999997881057
75.965907,2530,0,0,1,[],0.028560999997878866
75.99924,2532,0,0,1,[],0.0018939999978755395
76.032573,2533,0,0,1,[],0.0052269999978733495
76.065906,2534,0,0,1,[],0.00855999999787116
76.099239,2535,0,0,1,[],0.01189299999786897
76.132572,2536,0,0,1,[],0.01522599999786678
76.165905,2537,0,0,1,[],0.01855899999786459
76.199238,2538,0,0,1,[],0.0218919999978624
76.232571,2539,0,0,1,[],0.02522499999786021
76.26590399999999,2540,0,0,1,[],0.02855799999785802
76.29923699999999,2542,0,0,1,[],0.001890999997854692
76.33256999999999,2543,0,0,1,[],0.005223999997852502
76.365903,2544,0,0,1,[],0.008556999997864523
76.399236,2545,0,0,1,[],0.011889999997862333
76.432569,2546,0,0,1,[],0.015222999997860143
76.465902,2547,0,0,1,[],0.018555999997857953
76.499235,2548,0,0,1,[],0.021888999997855763
76.532568,2549,0,0,1,[],0.025221999997853572
76.565901,2550,0,0,1,[],0.028554999997851382
76.599234,2552,0,0,1,[],0.0018879999978480555
76.632567,2553,0,0,1,[],0.0052209999978458654
76.6659,2554,0,0,1,[],0.008553999997843675
76.69923299999999,2555,0,0,1,[],0.011886999997841485
76.73256599999999,2556,0,0,1,[],0.015219999997839295
76.76589899999999,2557,0,0,1,[],0.018552999997837105
76.799232,2558,0,0,1,[],0.021885999997849126
76.832565,2559,0,0,1,[],0.025218999997846936
76.865898,2560,0,0,1,[],0.028551999997844746
76.899231,2562,0,0,1,[],0.001884999997841419
76.932564,2563,0,0,1,[],0.005217999997839229
76.965897,2564,0,0,1,[],0.008550999997837039
76.99923,2565,0,0,1,[],0.011883999997834849
77.032563,2566,0,0,1,[],0.015216999997832659
77.065896,2567,0,0,1,[],0.01854999999783047
77.099229,2568,0,0,1,[],0.02188299999782828
77.132562,2569,0,0,1,[],0.02521599999782609
77.16589499999999,2570,0,0,1,[],0.0285489999978239
77.19922799999999,2572,0,0,1,[],0.0018819999978205715
77.23256099999999,2573,0,0,1,[],0.005214999997818381
77.265894,2574,0,0,1,[],0.008547999997830402
77.299227,2575,0,0,1,[],0.011880999997828212
77.33256,2576,0,0,1,[],0.015213999997826022
77.365893,2577,0,0,1,[],0.018546999997823832
77.399226,2578,0,0,1,[],0.021879999997821642
77.432559,2579,0,0,1,[],0.025212999997819452
77.465892,2580,0,0,1,[],0.028545999997817262
77.499225,2582,0,0,1,[],0.001878999997813935
77.532558,2583,0,0,1,[],0.005211999997811745
77.565891,2584,0,0,1,[],0.008544999997809555
77.59922399999999,2585,0,0,1,[],0.011877999997807365
77.63255699999999,2586,0,0,1,[],0.015210999997805175
77.66588999999999,2587,0,0,1,[],0.018543999997802985
77.699223,2588,0,0,1,[],0.021876999997815005
77.732556,2589,0,0,1,[],0.025209999997812815
77.765889,2590,0,0,1,[],0.028542999997810625
77.799222,2592,0,0,1,[],0.0018759999978072983
77.832555,2593,0,0,1,[],0.005208999997805108
77.865888,2594,0,0,1,[],0.008541999997802918
77.899221,2595,0,0,1,[],0.011874999997800728
77.932554,2596,0,0,1,[],0.015207999997798538
77.965887,2597,0,0,1,[],0.018540999997796348
77.99922,2598,0,0,1,[],0.021873999997794158
78.032553,2599,0,0,1,[],0.025206999997791968
78.06588599999999,2600,0,0,1,[],0.028539999997789778
78.09921899999999,2602,0,0,1,[],0.0018729999977864509
78.13255199999999,2603,0,0,1,[],0.005205999997784261
78.165885,2604,0,0,1,[],0.008538999997796282
78.199218,2605,0,0,1,[],0.011871999997794092
78.232551,2606,0,0,1,[],0.015204999997791901
78.265884,2607,0,0,1,[],0.01853799999778971
78.299217,2608,0,0,1,[],0.02187099999778752
78.33255,2609,0,0,1,[],0.02520399999778533
78.365883,2610,0,0,1,[],0.02853699999778314
78.399216,2612,0,0,1,[],0.0018699999977798143
78.432549,2613,0,0,1,[],0.005202999997777624
78.465882,2614,0,0,1,[],0.008535999997775434
78.49921499999999,2615,0,0,1,[],0.011868999997773244
78.53254799999999,2616,0,0,1,[],0.015201999997771054
78.56588099999999,2617,0,0,1,[],0.018534999997768864
78.599214,2618,0,0,1,[],0.021867999997780885
78.632547,2619,0,0,1,[],0.025200999997778695
78.66588,2620,0,0,1,[],0.028533999997776505
78.699213,2622,1,0,0,"[[0, 0]]",0.0018669999977731777
78.732546,2623,1,0,0,"[[0, 0]]",0.005199999997770988
78.765879,2624,1,0,0,"[[0, 0]]",0.008532999997768798
78.799212,2625,1,0,0,"[[0, 0]]",0.011865999997766608
78.832545,2626,1,0,0,"[[0, 0]]",0.015198999997764417
78.865878,2627,1,0,0,"[[0, 0]]",0.018531999997762227
78.899211,2628,1,0,0,"[[0, 0]]",0.021864999997760037
78.932544,2629,0,0,1,[],0.025197999997757847
78.96587699999999,2630,1,0,0,"[[0, 0]]",0.028530999997755657
78.99920999999999,2632,0,0,1,[],0.0018639999977523303
79.03254299999999,2633,0,0,1,[],0.00519699999775014
79.065876,2634,0,0,1,[],0.008529999997762161
79.099209,2635,0,0,1,[],0.011862999997759971
79.132542,2636,0,0,1,[],0.015195999997757781
79.165875,2637,0,0,1,[],0.01852899999775559
79.199208,2638,0,0,1,[],0.0218619999977534
79.232541,2639,0,0,1,[],0.02519499999775121
79.265874,2640,0,0,1,[],0.02852799999774902
79.299207,2642,0,0,1,[],0.0018609999977456937
79.33254,2643,0,0,1,[],0.005193999997743504
79.365873,2644,0,0,1,[],0.008526999997741314
79.39920599999999,2645,0,0,1,[],0.011859999997739124
79.43253899999999,2646,0,0,1,[],0.015192999997736933
79.46587199999999,2647,0,0,1,[],0.018525999997734743
79.499205,2648,1,0,0,"[[0, 0]]",0.021858999997746764
79.532538,2649,0,0,1,[],0.025191999997744574
79.565871,2650,0,0,1,[],0.028524999997742384
79.599204,2652,0,0,1,[],0.001857999997739057
79.632537,2653,0,0,1,[],0.005190999997736867
79.66587,2654,0,0,1,[],0.008523999997734677
79.699203,2655,0,0,1,[],0.011856999997732487
79.732536,2656,0,0,1,[],0.015189999997730297
79.765869,2657,0,0,1,[],0.018522999997728107
79.799202,2658,0,0,1,[],0.021855999997725917
79.832535,2659,0,0,1,[],0.025188999997723727
79.86586799999999,2660,0,0,1,[],0.028521999997721537
79.89920099999999,2662,0,0,1,[],0.0018549999977182097
79.93253399999999,2663,0,0,1,[],0.00518799999771602
79.965867,2664,0,0,1,[],0.00852099999772804
79.9992,2665,0,0,1,[],0.01185399999772585
80.032533,2666,0,0,1,[],0.01518699999772366
80.065866,2667,0,0,1,[],0.01851999999772147
80.099199,2668,0,0,1,[],0.02185299999771928
80.132532,2669,0,0,1,[],0.02518599999771709
80.165865,2670,0,0,1,[],0.0285189999977149
80.199198,2672,0,0,1,[],0.001851999997711573
80.232531,2673,0,0,1,[],0.005184999997709383
80.265864,2674,0,0,1,[],0.008517999997707193
80.29919699999999,2675,0,0,1,[],0.011850999997705003
80.33252999999999,2676,0,0,1,[],0.015183999997702813
80.36586299999999,2677,0,0,1,[],0.018516999997700623
80.399196,2678,0,0,1,[],0.021849999997712644
80.432529,2679,0,0,1,[],0.025182999997710453
80.465862,2680,0,0,1,[],0.028515999997708263
80.499195,2682,0,0,1,[],0.0018489999977049365
80.532528,2683,0,0,1,[],0.0051819999977027464
80.565861,2684,0,0,1,[],0.008514999997700556
80.599194,2685,0,0,1,[],0.011847999997698366
80.632527,2686,0,0,1,[],0.015180999997696176
80.66586,2687,0,0,1,[],0.018513999997693986
80.699193,2688,0,0,1,[],0.021846999997691796
80.732526,2689,0,0,1,[],0.025179999997689606
80.76585899999999,2690,0,0,1,[],0.028512999997687416
80.79919199999999,2692,0,0,1,[],0.001845999997684089
80.83252499999999,2693,0,0,1,[],0.005178999997681899
80.865858,2694,0,0,1,[],0.00851199999769392
80.899191,2695,0,0,1,[],0.01184499999769173
80.932524,2696,0,0,1,[],0.01517799999768954
80.965857,2697,0,0,1,[],0.01851099999768735
80.99919,2698,0,0,1,[],0.02184399999768516
81.032523,2699,0,0,1,[],0.02517699999768297
81.065856,2700,0,0,1,[],0.02850999999768078
81.099189,2702,0,0,1,[],0.0018429999976774525
81.132522,2703,0,0,1,[],0.005175999997675262
81.165855,2704,0,0,1,[],0.008508999997673072
81.19918799999999,2705,0,0,1,[],0.011841999997670882
81.23252099999999,2706,1,0,0,"[[0, 0]]",0.015174999997668692
81.26585399999999,2707,0,0,1,[],0.018507999997666502
81.299187,2708,0,0,1,[],0.021840999997678523
81.33252,2709,0,0,1,[],0.025173999997676333
81.365853,2710,0,0,1,[],0.028506999997674143
81.399186,2712,1,0,0,"[[0, 0]]",0.001839999997670816
81.432519,2713,1,0,0,"[[0, 0]]",0.005172999997668626
81.465852,2714,0,0,1,[],0.008505999997666436
81.499185,2715,1,1,0,"[[0, 0]]",0.011838999997664246
81.532518,2716,1,0,0,"[[0, 0]]",0.015171999997662056
81.565851,2717,1,0,0,"[[0, 0]]",0.018504999997659866
81.599184,2718,0,0,1,[],0.021837999997657676
81.63251699999999,2719,1,0,0,"[[0, 0]]",0.025170999997655485
81.66584999999999,2720,0,0,1,[],0.028503999997653295
81.69918299999999,2722,1,1,0,"[[0, 0]]",0.0018369999976499685
81.73251599999999,2723,1,1,0,"[[0, 0]]",0.005169999997647778
81.765849,2724,1,1,0,"[[0, 0]]",0.0085029999976598
81.799182,2725,1,1,0,"[[0, 0]]",0.011835999997657609
81.832515,2726,1,1,0,"[[0, 0]]",0.015168999997655419
81.865848,2727,1,1,0,"[[0, 0]]",0.01850199999765323
81.899181,2728,1,1,0,"[[0, 0]]",0.02183499999765104
81.932514,2729,1,1,0,"[[0, 0]]",0.02516799999764885
81.965847,2730,1,1,0,"[[0, 0]]",0.02850099999764666
81.99918,2732,1,1,0,"[[0, 0]]",0.0018339999976433319
82.032513,2733,1,1,0,"[[0, 0]]",0.005166999997641142
82.065846,2734,1,1,0,"[[0, 0]]",0.008499999997638952
82.09917899999999,2735,1,1,0,"[[0, 0]]",0.011832999997636762
82.13251199999999,2736,1,1,0,"[[0, 0]]",0.015165999997634572
82.16584499999999,2737,1,1,0,"[[0, 0]]",0.01849899999763238
82.19917799999999,2738,1,1,0,"[[0, 0]]",0.02183199999763019
82.232511,2739,1,1,0,"[[0, 0]]",0.025164999997642212
82.265844,2740,1,1,0,"[[0, 0]]",0.028497999997640022
82.299177,2742,1,1,0,"[[0, 0]]",0.0018309999976366953
82.33251,2743,1,1,0,"[[0, 0]]",0.005163999997634505
82.365843,2744,1,1,0,"[[0, 0]]",0.008496999997632315
82.399176,2745,1,2,0,"[[0, 0]]",0.011829999997630125
82.432509,2746,1,2,0,"[[0, 0]]",0.015162999997627935
82.465842,2747,1,2,0,"[[0, 0]]",0.018495999997625745
82.499175,2748,1,2,0,"[[0, 0]]",0.021828999997623555
82.53250799999999,2749,1,2,0,"[[0, 0]]",0.025161999997621365
82.56584099999999,2750,1,2,0,"[[0, 0]]",0.028494999997619175
82.59917399999999,2752,1,2,0,"[[0, 0]]",0.0018279999976158479
82.63250699999999,2753,1,3,0,"[[0, 0]]",0.005160999997613658
82.66584,2754,1,1,0,"[[0, 0]]",0.008493999997625679
82.699173,2755,1,1,0,"[[0, 0]]",0.011826999997623489
82.732506,2756,1,1,0,"[[0, 0]]",0.015159999997621298
82.765839,2757,1,1,0,"[[0, 0]]",0.01849299999761911
82.799172,2758,1,1,0,"[[0, 0]]",0.02182599999761692
82.832505,2759,1,1,0,"[[0, 0]]",0.02515899999761473
82.865838,2760,1,1,0,"[[0, 0]]",0.028491999997612538
82.899171,2762,1,1,0,"[[0, 0]]",0.0018249999976092113
82.932504,2763,1,1,0,"[[0, 0]]",0.005157999997607021
82.965837,2764,1,1,0,"[[0, 0]]",0.008490999997604831
82.99916999999999,2765,1,1,0,"[[0, 0]]",0.011823999997602641
83.03250299999999,2766,1,1,0,"[[0, 0]]",0.015156999997600451
83.06583599999999,2767,1,1,0,"[[0, 0]]",0.01848999999759826
83.09916899999999,2768,1,1,0,"[[0, 0]]",0.02182299999759607
83.132502,2769,1,1,0,"[[0, 0]]",0.02515599999760809
83.165835,2770,1,1,0,"[[0, 0]]",0.0284889999976059
83.199168,2772,1,2,0,"[[0, 0]]",0.0018219999976025747
83.232501,2773,1,1,0,"[[0, 0]]",0.005154999997600385
83.265834,2774,1,1,0,"[[0, 0]]",0.008487999997598195
83.299167,2775,1,1,0,"[[0, 0]]",0.011820999997596005
83.3325,2776,1,1,0,"[[0, 0]]",0.015153999997593814
83.365833,2777,1,1,0,"[[0, 0]]",0.018486999997591624
83.399166,2778,1,0,0,"[[0, 0]]",0.021819999997589434
83.43249899999999,2779,1,1,0,"[[0, 0]]",0.025152999997587244
83.46583199999999,2780,1,1,0,"[[0, 0]]",0.028485999997585054
83.49916499999999,2782,1,0,0,"[[0, 0]]",0.0018189999975817273
83.53249799999999,2783,1,1,0,"[[0, 0]]",0.005151999997579537
83.565831,2784,1,0,0,"[[0, 0]]",0.008484999997591558
83.599164,2785,1,0,0,"[[0, 0]]",0.011817999997589368
83.632497,2786,1,0,0,"[[0, 0]]",0.015150999997587178
83.66583,2787,1,0,0,"[[0, 0]]",0.018483999997584988
83.699163,2788,1,0,0,"[[0, 0]]",0.021816999997582798
83.732496,2789,1,0,0,"[[0, 0]]",0.025149999997580608
83.765829,2790,1,0,0,"[[0, 0]]",0.028482999997578418
83.799162,2792,1,0,0,"[[0, 0]]",0.0018159999975750907
83.832495,2793,1,0,0,"[[0, 0]]",0.005148999997572901
83.865828,2794,1,0,0,"[[0, 0]]",0.00848199999757071
83.89916099999999,2795,1,0,0,"[[0, 0]]",0.01181499999756852
83.93249399999999,2796,1,0,0,"[[0, 0]]",0.01514799999756633
83.96582699999999,2797,1,0,0,"[[0, 0]]",0.01848099999756414
83.99915999999999,2798,1,0,0,"[[0, 0]]",0.02181399999756195
84.032493,2799,1,0,0,"[[0, 0]]",0.02514699999757397
84.065826,2800,1,0,0,"[[0, 0]]",0.02847999999757178
84.099159,2802,1,0,0,"[[0, 0]]",0.001812999997568454
84.132492,2803,1,0,0,"[[0, 0]]",0.005145999997566264
84.165825,2804,1,0,0,"[[0, 0]]",0.008478999997564074
84.199158,2805,1,0,0,"[[0, 0]]",0.011811999997561884
84.232491,2806,1,0,0,"[[0, 0]]",0.015144999997559694
84.265824,2807,1,0,0,"[[0, 0]]",0.018477999997557504
84.299157,2808,1,0,0,"[[0, 0]]",0.021810999997555314
84.33248999999999,2809,1,0,0,"[[0, 0]]",0.025143999997553124
84.36582299999999,2810,1,0,0,"[[0, 0]]",0.028476999997550934
84.39915599999999,2812,1,0,0,"[[0, 0]]",0.0018099999975476067
84.43248899999999,2813,1,0,0,"[[0, 0]]",0.005142999997545417
84.465822,2814,1,0,0,"[[0, 0]]",0.008475999997557437
84.499155,2815,1,0,0,"[[0, 0]]",0.011808999997555247
84.532488,2816,1,1,0,"[[0, 0]]",0.015141999997553057
84.565821,2817,1,1,0,"[[0, 0]]",0.018474999997550867
84.599154,2818,1,0,0,"[[0, 0]]",0.021807999997548677
84.632487,2819,1,1,0,"[[0, 0]]",0.025140999997546487
84.66582,2820,1,1,0,"[[0, 0]]",0.028473999997544297
84.699153,2822,1,1,0,"[[0, 0]]",0.00180699999754097
84.732486,2823,1,1,0,"[[0, 0]]",0.00513999999753878
84.765819,2824,1,1,0,"[[0, 0]]",0.00847299999753659
84.79915199999999,2825,1,1,0,"[[0, 0]]",0.0118059999975344
84.83248499999999,2826,1,1,0,"[[0, 0]]",0.01513899999753221
84.86581799999999,2827,1,1,0,"[[0, 0]]",0.01847199999753002
84.89915099999999,2828,1,0,0,"[[0, 0]]",0.02180499999752783
84.932484,2829,1,1,0,"[[0, 0]]",0.02513799999753985
84.965817,2830,1,1,0,"[[0, 0]]",0.02847099999753766
84.99915,2832,1,1,0,"[[0, 0]]",0.0018039999975343335
85.032483,2833,1,1,0,"[[0, 0]]",0.005136999997532143
85.065816,2834,1,0,0,"[[0, 0]]",0.008469999997529953
85.099149,2835,1,1,0,"[[0, 0]]",0.011802999997527763
85.132482,2836,1,1,0,"[[0, 0]]",0.015135999997525573
85.165815,2837,1,1,0,"[[0, 0]]",0.018468999997523383
85.199148,2838,1,1,0,"[[0, 0]]",0.021801999997521193
85.23248099999999,2839,1,1,0,"[[0, 0]]",0.025134999997519003
85.26581399999999,2840,1,1,0,"[[0, 0]]",0.028467999997516813
85.29914699999999,2842,1,1,0,"[[0, 0]]",0.001800999997513486
85.33247999999999,2843,1,1,0,"[[0, 0]]",0.005133999997511296
85.365813,2844,1,1,0,"[[0, 0]]",0.008466999997523317
85.399146,2845,1,0,0,"[[0, 0]]",0.011799999997521127
85.432479,2846,1,1,0,"[[0, 0]]",0.015132999997518937
85.465812,2847,1,0,0,"[[0, 0]]",0.018465999997516747
85.499145,2848,0,0,1,[],0.021798999997514557
85.532478,2849,1,1,0,"[[0, 0]]",0.025131999997512366
85.565811,2850,0,0,1,[],0.028464999997510176
85.599144,2852,1,0,0,"[[0, 0]]",0.0017979999975068495
85.632477,2853,0,0,1,[],0.005130999997504659
85.66581,2854,1,1,0,"[[0, 0]]",0.00846399999750247
85.69914299999999,2855,1,0,0,"[[0, 0]]",0.01179699999750028
85.73247599999999,2856,0,0,1,[],0.01512999999749809
85.76580899999999,2857,0,0,1,[],0.0184629999974959
85.79914199999999,2858,0,0,1,[],0.02179599999749371
85.832475,2859,0,0,1,[],0.02512899999750573
85.865808,2860,0,0,1,[],0.02846199999750354
85.899141,2862,0,0,1,[],0.0017949999975002129
85.932474,2863,0,0,1,[],0.005127999997498023
85.965807,2864,0,0,1,[],0.008460999997495833
85.99914,2865,0,0,1,[],0.011793999997493643
86.032473,2866,0,0,1,[],0.015126999997491453
86.065806,2867,0,0,1,[],0.018459999997489263
86.099139,2868,0,0,1,[],0.021792999997487073
86.13247199999999,2869,0,0,1,[],0.025125999997484882
86.16580499999999,2870,0,0,1,[],0.028458999997482692
86.19913799999999,2872,0,0,1,[],0.0017919999974793654
86.23247099999999,2873,0,0,1,[],0.005124999997477175
86.265804,2874,0,0,1,[],0.008457999997489196
86.299137,2875,1,0,0,"[[0, 0]]",0.011790999997487006
86.33247,2876,0,0,1,[],0.015123999997484816
86.365803,2877,0,0,1,[],0.018456999997482626
86.399136,2878,0,0,1,[],0.021789999997480436
86.432469,2879,0,0,1,[],0.025122999997478246
86.465802,2880,0,0,1,[],0.028455999997476056
86.499135,2882,0,0,1,[],0.0017889999974727289
86.532468,2883,0,0,1,[],0.005121999997470539
86.565801,2884,1,1,0,"[[0, 0]]",0.008454999997468349
86.59913399999999,2885,0,0,1,[],0.011787999997466159
86.63246699999999,2886,1,1,0,"[[0, 0]]",0.015120999997463969
86.66579999999999,2887,1,0,0,"[[0, 0]]",0.01845399999746178
86.69913299999999,2888,0,0,1,[],0.02178699999745959
86.732466,2889,0,0,1,[],0.02511999999747161
86.765799,2890,0,0,1,[],0.02845299999746942
86.799132,2892,0,0,1,[],0.0017859999974660923
86.832465,2893,0,0,1,[],0.005118999997463902
86.865798,2894,0,0,1,[],0.008451999997461712
86.899131,2895,0,0,1,[],0.011784999997459522
86.932464,2896,0,0,1,[],0.015117999997457332
86.965797,2897,0,0,1,[],0.018450999997455142
86.99913,2898,0,0,1,[],0.021783999997452952
87.03246299999999,2899,0,0,1,[],0.025116999997450762
87.06579599999999,2900,0,0,1,[],0.028449999997448572
87.09912899999999,2902,0,0,1,[],0.0017829999974452448
87.13246199999999,2903,0,0,1,[],0.005115999997443055
87.165795,2904,0,0,1,[],0.008448999997455076
87.199128,2905,0,0,1,[],0.011781999997452886
87.232461,2906,0,0,1,[],0.015114999997450695
87.265794,2907,0,0,1,[],0.018447999997448505
87.299127,2908,0,0,1,[],0.021780999997446315
87.33246,2909,0,0,1,[],0.025113999997444125
87.365793,2910,0,0,1,[],0.028446999997441935
87.399126,2912,0,0,1,[],0.0017799999974386083
87.432459,2913,0,0,1,[],0.005112999997436418
87.465792,2914,0,0,1,[],0.008445999997434228
87.49912499999999,2915,0,0,1,[],0.011778999997432038
87.53245799999999,2916,0,0,1,[],0.015111999997429848
87.56579099999999,2917,0,0,1,[],0.018444999997427658
87.59912399999999,2918,0,0,1,[],0.021777999997425468
87.632457,2919,0,0,1,[],0.02511099999743749
87.66579,2920,0,0,1,[],0.0284439999974353
87.699123,2922,0,0,1,[],0.0017769999974319717
87.732456,2923,0,0,1,[],0.005109999997429782
87.765789,2924,0,0,1,[],0.008442999997427592
87.799122,2925,0,0,1,[],0.011775999997425401
87.832455,2926,0,0,1,[],0.015108999997423211
87.865788,2927,0,0,1,[],0.01844199999742102
87.899121,2928,0,0,1,[],0.02177499999741883
87.93245399999999,2929,0,0,1,[],0.02510799999741664
87.96578699999999,2930,0,0,1,[],0.02844099999741445
87.99911999999999,2932,0,0,1,[],0.0017739999974111242
88.03245299999999,2933,0,0,1,[],0.005106999997408934
88.065786,2934,0,0,1,[],0.008439999997420955
88.099119,2935,0,0,1,[],0.011772999997418765
88.132452,2936,0,0,1,[],0.015105999997416575
88.165785,2937,0,0,1,[],0.018438999997414385
88.199118,2938,0,0,1,[],0.021771999997412195
88.232451,2939,0,0,1,[],0.025104999997410005
88.265784,2940,0,0,1,[],0.028437999997407815
88.299117,2942,0,0,1,[],0.0017709999974044877
88.33245,2943,0,0,1,[],0.005103999997402298
88.365783,2944,0,0,1,[],0.008436999997400108
88.39911599999999,2945,0,0,1,[],0.011769999997397917
88.43244899999999,2946,0,0,1,[],0.015102999997395727
88.46578199999999,2947,0,0,1,[],0.018435999997393537
88.49911499999999,2948,0,0,1,[],0.021768999997391347
88.532448,2949,0,0,1,[],0.025101999997403368
88.565781,2950,0,0,1,[],0.028434999997401178
88.599114,2952,0,0,1,[],0.001767999997397851
88.632447,2953,0,0,1,[],0.005100999997395661
88.66578,2954,0,0,1,[],0.008433999997393471
88.699113,2955,0,0,1,[],0.011766999997391281
88.732446,2956,0,0,1,[],0.01509999999738909
88.765779,2957,0,0,1,[],0.0184329999973869
88.799112,2958,0,0,1,[],0.02176599999738471
88.83244499999999,2959,0,0,1,[],0.02509899999738252
88.86577799999999,2960,0,0,1,[],0.02843199999738033
88.89911099999999,2962,0,0,1,[],0.0017649999973770036
88.93244399999999,2963,0,0,1,[],0.005097999997374814
88.965777,2964,0,0,1,[],0.008430999997386834
88.99911,2965,0,0,1,[],0.011763999997384644
89.032443,2966,0,0,1,[],0.015096999997382454
89.065776,2967,0,0,1,[],0.018429999997380264
89.099109,2968,0,0,1,[],0.021762999997378074
89.132442,2969,0,0,1,[],0.025095999997375884
89.165775,2970,0,0,1,[],0.028428999997373694
89.199108,2972,0,0,1,[],0.001761999997370367
89.232441,2973,0,0,1,[],0.005094999997368177
89.265774,2974,0,0,1,[],0.008427999997365987
89.29910699999999,2975,0,0,1,[],0.011760999997363797
89.33243999999999,2976,0,0,1,[],0.015093999997361607
89.36577299999999,2977,0,0,1,[],0.018426999997359417
89.39910599999999,2978,0,0,1,[],0.021759999997357227
89.432439,2979,0,0,1,[],0.025092999997369247
89.465772,2980,0,0,1,[],0.028425999997367057
89.499105,2982,0,0,1,[],0.0017589999973637305
89.532438,2983,0,0,1,[],0.00509199999736154
89.565771,2984,0,0,1,[],0.00842499999735935
89.599104,2985,0,0,1,[],0.01175799999735716
89.632437,2986,0,0,1,[],0.01509099999735497
89.66577,2987,0,0,1,[],0.01842399999735278
89.699103,2988,0,0,1,[],0.02175699999735059
89.73243599999999,2989,0,0,1,[],0.0250899999973484
89.76576899999999,2990,0,0,1,[],0.02842299999734621
89.79910199999999,2992,0,0,1,[],0.001755999997342883
89.83243499999999,2993,0,0,1,[],0.005088999997340693
89.865768,2994,0,0,1,[],0.008421999997352714
89.899101,2995,0,0,1,[],0.011754999997350524
89.932434,2996,0,0,1,[],0.015087999997348334
89.965767,2997,0,0,1,[],0.018420999997346144
89.9991,2998,0,0,1,[],0.021753999997343954
90.032433,2999,0,0,1,[],0.025086999997341763
90.065766,3000,0,0,1,[],0.028419999997339573
90.099099,3002,0,0,1,[],0.0017529999973362465
90.132432,3003,0,0,1,[],0.005085999997334056
90.165765,3004,0,0,1,[],0.008418999997331866
90.19909799999999,3005,0,0,1,[],0.011751999997329676
90.23243099999999,3006,0,0,1,[],0.015084999997327486
90.26576399999999,3007,0,0,1,[],0.018417999997325296
90.29909699999999,3008,0,0,1,[],0.021750999997323106
90.33243,3009,0,0,1,[],0.025083999997335127
90.365763,3010,0,0,1,[],0.028416999997332937
90.399096,3012,0,0,1,[],0.0017499999973296099
90.432429,3013,0,0,1,[],0.00508299999732742
90.465762,3014,0,0,1,[],0.00841599999732523
90.499095,3015,0,0,1,[],0.01174899999732304
90.532428,3016,0,0,1,[],0.01508199999732085
90.565761,3017,0,0,1,[],0.01841499999731866
90.599094,3018,0,0,1,[],0.02174799999731647
90.63242699999999,3019,0,0,1,[],0.02508099999731428
90.66575999999999,3020,0,0,1,[],0.02841399999731209
90.69909299999999,3022,0,0,1,[],0.0017469999973087624
90.73242599999999,3023,0,0,1,[],0.005079999997306572
90.765759,3024,0,0,1,[],0.008412999997318593
90.799092,3025,0,0,1,[],0.011745999997316403
90.832425,3026,0,0,1,[],0.015078999997314213
90.865758,3027,0,0,1,[],0.018411999997312023
90.899091,3028,0,0,1,[],0.021744999997309833
90.932424,3029,0,0,1,[],0.025077999997307643
90.965757,3030,0,0,1,[],0.028410999997305453
90.99909,3032,0,0,1,[],0.0017439999973021258
91.032423,3033,0,0,1,[],0.005076999997299936
91.065756,3034,0,0,1,[],0.008409999997297746
91.09908899999999,3035,0,0,1,[],0.011742999997295556
91.13242199999999,3036,0,0,1,[],0.015075999997293366
91.16575499999999,3037,0,0,1,[],0.018408999997291176
91.19908799999999,3038,0,0,1,[],0.021741999997288985
91.232421,3039,0,0,1,[],0.025074999997301006
91.265754,3040,0,0,1,[],0.028407999997298816
91.299087,3042,0,0,1,[],0.0017409999972954893
91.33242,3043,0,0,1,[],0.005073999997293299
91.365753,3044,0,0,1,[],0.00840699999729111
91.399086,3045,0,0,1,[],0.011739999997288919
91.432419,3046,0,0,1,[],0.015072999997286729
91.465752,3047,0,0,1,[],0.01840599999728454
91.499085,3048,0,0,1,[],0.02173899999728235
91.53241799999999,3049,0,0,1,[],0.02507199999728016
91.56575099999999,3050,0,0,1,[],0.02840499999727797
91.59908399999999,3052,0,0,1,[],0.0017379999972746418
91.63241699999999,3053,0,0,1,[],0.005070999997272452
91.66575,3054,0,0,1,[],0.008403999997284473
91.699083,3055,0,0,1,[],0.011736999997282282
91.732416,3056,0,0,1,[],0.015069999997280092
91.765749,3057,0,0,1,[],0.018402999997277902
91.799082,3058,0,0,1,[],0.021735999997275712
91.832415,3059,0,0,1,[],0.025068999997273522
91.865748,3060,0,0,1,[],0.028401999997271332
91.899081,3062,0,0,1,[],0.0017349999972680052
91.932414,3063,0,0,1,[],0.005067999997265815
91.965747,3064,0,0,1,[],0.008400999997263625
91.99907999999999,3065,0,0,1,[],0.011733999997261435
92.03241299999999,3066,0,0,1,[],0.015066999997259245
92.06574599999999,3067,0,0,1,[],0.018399999997257055
92.09907899999999,3068,0,0,1,[],0.021732999997254865
92.132412,3069,0,0,1,[],0.025065999997266886
92.165745,3070,0,0,1,[],0.028398999997264696
92.199078,3072,0,0,1,[],0.0017319999972613687
92.232411,3073,0,0,1,[],0.005064999997259179
92.265744,3074,0,0,1,[],0.008397999997256989
92.299077,3075,0,0,1,[],0.011730999997254798
92.33241,3076,0,0,1,[],0.015063999997252608
92.365743,3077,0,0,1,[],0.01839699999725042
92.399076,3078,0,0,1,[],0.02172999999724823
92.43240899999999,3079,0,0,1,[],0.025062999997246038
92.46574199999999,3080,1,0,0,"[[0, 0]]",0.028395999997243848
92.49907499999999,3082,0,0,1,[],0.0017289999972405212
92.53240799999999,3083,0,0,1,[],0.005061999997238331
92.565741,3084,0,0,1,[],0.008394999997250352
92.599074,3085,0,0,1,[],0.011727999997248162
92.632407,3086,0,0,1,[],0.015060999997245972
92.66574,3087,0,0,1,[],0.018393999997243782
92.699073,3088,0,0,1,[],0.02172699999724159
92.732406,3089,0,0,1,[],0.0250599999972394
92.765739,3090,0,0,1,[],0.02839299999723721
92.799072,3092,0,0,1,[],0.0017259999972338846
92.832405,3093,0,0,1,[],0.005058999997231695
92.865738,3094,0,0,1,[],0.008391999997229505
92.89907099999999,3095,0,0,1,[],0.011724999997227314
92.93240399999999,3096,0,0,1,[],0.015057999997225124
92.96573699999999,3097,0,0,1,[],0.018390999997222934
92.99906999999999,3098,0,0,1,[],0.021723999997220744
93.032403,3099,0,0,1,[],0.025056999997232765
93.065736,3100,0,0,1,[],0.028389999997230575
93.099069,3102,0,0,1,[],0.001722999997227248
93.132402,3103,0,0,1,[],0.005055999997225058
93.165735,3104,0,1,1,[],0.008388999997222868
93.199068,3105,0,0,1,[],0.011721999997220678
93.232401,3106,0,0,1,[],0.015054999997218488
93.265734,3107,0,0,1,[],0.018387999997216298
93.299067,3108,0,0,1,[],0.021720999997214108
93.33239999999999,3109,0,0,1,[],0.025053999997211918
93.36573299999999,3110,0,0,1,[],0.028386999997209728
93.39906599999999,3112,0,1,1,[],0.0017199999972064006
93.43239899999999,3113,0,1,1,[],0.0050529999972042106
93.465732,3114,0,1,1,[],0.008385999997216231
93.499065,3115,0,0,1,[],0.011718999997214041
93.532398,3116,0,0,1,[],0.015051999997211851
93.565731,3117,0,0,1,[],0.01838499999720966
93.599064,3118,0,0,1,[],0.02171799999720747
93.632397,3119,0,0,1,[],0.02505099999720528
93.66573,3120,0,0,1,[],0.02838399999720309
93.699063,3122,0,0,1,[],0.001716999997199764
93.732396,3123,0,0,1,[],0.005049999997197574
93.765729,3124,0,0,1,[],0.008382999997195384
93.79906199999999,3125,0,0,1,[],0.011715999997193194
93.83239499999999,3126,0,0,1,[],0.015048999997191004
93.86572799999999,3127,0,0,1,[],0.018381999997188814
93.89906099999999,3128,0,0,1,[],0.021714999997186624
93.932394,3129,0,0,1,[],0.025047999997198644
93.965727,3130,0,0,1,[],0.028380999997196454
93.99906,3132,0,0,1,[],0.0017139999971931275
94.032393,3133,0,0,1,[],0.005046999997190937
94.065726,3134,0,0,1,[],0.008379999997188747
94.099059,3135,0,0,1,[],0.011712999997186557
94.132392,3136,0,0,1,[],0.015045999997184367
94.165725,3137,0,0,1,[],0.018378999997182177
94.199058,3138,0,0,1,[],0.021711999997179987
94.23239099999999,3139,0,0,1,[],0.025044999997177797
94.26572399999999,3140,0,0,1,[],0.028377999997175607
94.29905699999999,3142,0,0,1,[],0.00171099999717228
94.33238999999999,3143,0,0,1,[],0.00504399999717009
94.365723,3144,0,0,1,[],0.00837699999718211
94.399056,3145,0,0,1,[],0.01170999999717992
94.432389,3146,0,0,1,[],0.01504299999717773
94.465722,3147,0,0,1,[],0.01837599999717554
94.499055,3148,0,0,1,[],0.02170899999717335
94.532388,3149,0,0,1,[],0.02504199999717116
94.565721,3150,0,0,1,[],0.02837499999716897
94.599054,3152,0,0,1,[],0.0017079999971656434
94.632387,3153,0,0,1,[],0.005040999997163453
94.66572,3154,0,0,1,[],0.008373999997161263
94.69905299999999,3155,0,0,1,[],0.011706999997159073
94.73238599999999,3156,0,0,1,[],0.015039999997156883
94.76571899999999,3157,0,0,1,[],0.018372999997154693
94.79905199999999,3158,0,0,1,[],0.021705999997152503
94.832385,3159,0,0,1,[],0.025038999997164524
94.865718,3160,0,0,1,[],0.028371999997162334
94.899051,3162,0,0,1,[],0.0017049999971590069
94.932384,3163,0,0,1,[],0.005037999997156817
94.965717,3164,0,0,1,[],0.008370999997154627
94.99905,3165,0,0,1,[],0.011703999997152437
95.032383,3166,0,0,1,[],0.015036999997150247
95.065716,3167,0,0,1,[],0.018369999997148057
95.099049,3168,0,0,1,[],0.021702999997145866
95.13238199999999,3169,0,0,1,[],0.025035999997143676
95.16571499999999,3170,0,0,1,[],0.028368999997141486
95.19904799999999,3172,0,1,1,[],0.0017019999971381594
95.23238099999999,3173,0,1,1,[],0.005034999997135969
95.265714,3174,0,1,1,[],0.00836799999714799
95.299047,3175,0,0,1,[],0.0117009999971458
95.33238,3176,0,1,1,[],0.01503399999714361
95.365713,3177,0,0,1,[],0.01836699999714142
95.399046,3178,0,0,1,[],0.02169999999713923
95.432379,3179,0,0,1,[],0.02503299999713704
95.465712,3180,0,0,1,[],0.02836599999713485
95.499045,3182,0,0,1,[],0.0016989999971315228
95.532378,3183,0,1,1,[],0.005031999997129333
95.565711,3184,0,1,1,[],0.008364999997127143
95.59904399999999,3185,0,0,1,[],0.011697999997124953
95.63237699999999,3186,0,0,1,[],0.015030999997122763
95.66570999999999,3187,0,0,1,[],0.018363999997120573
95.69904299999999,3188,0,0,1,[],0.021696999997118382
95.732376,3189,0,0,1,[],0.025029999997130403
95.765709,3190,0,0,1,[],0.028362999997128213
95.799042,3192,0,0,1,[],0.0016959999971248862
95.832375,3193,0,0,1,[],0.005028999997122696
95.865708,3194,0,0,1,[],0.008361999997120506
95.899041,3195,0,0,1,[],0.011694999997118316
95.932374,3196,0,0,1,[],0.015027999997116126
95.965707,3197,0,0,1,[],0.018360999997113936
95.99904,3198,0,0,1,[],0.021693999997111746
96.03237299999999,3199,0,0,1,[],0.025026999997109556
96.06570599999999,3200,0,0,1,[],0.028359999997107366
96.09903899999999,3202,0,0,1,[],0.0016929999971040388
96.13237199999999,3203,0,0,1,[],0.005025999997101849
96.165705,3204,1,0,0,"[[0, 0]]",0.00835899999711387
96.199038,3205,0,0,1,[],0.01169199999711168
96.232371,3206,0,0,1,[],0.01502499999710949
96.265704,3207,0,0,1,[],0.0183579999971073
96.299037,3208,1,0,0,"[[0, 0]]",0.02169099999710511
96.33237,3209,1,0,0,"[[0, 0]]",0.02502399999710292
96.365703,3210,0,0,1,[],0.02835699999710073
96.399036,3212,0,0,1,[],0.0016899999970974022
96.432369,3213,0,0,1,[],0.005022999997095212
96.465702,3214,0,0,1,[],0.008355999997093022
96.49903499999999,3215,0,0,1,[],0.011688999997090832
96.53236799999999,3216,0,0,1,[],0.015021999997088642
96.56570099999999,3217,0,0,1,[],0.018354999997086452
96.59903399999999,3218,0,0,1,[],0.021687999997084262
96.632367,3219,0,0,1,[],0.025020999997096283
96.6657,3220,0,0,1,[],0.028353999997094093
96.699033,3222,0,0,1,[],0.0016869999970907656
96.732366,3223,0,0,1,[],0.005019999997088576
96.765699,3224,0,0,1,[],0.008352999997086386
96.799032,3225,0,0,1,[],0.011685999997084195
96.832365,3226,0,0,1,[],0.015018999997082005
96.865698,3227,0,0,1,[],0.018351999997079815
96.899031,3228,0,0,1,[],0.021684999997077625
96.93236399999999,3229,0,0,1,[],0.025017999997075435
96.96569699999999,3230,0,0,1,[],0.028350999997073245
96.99902999999999,3232,0,0,1,[],0.0016839999970699182
97.03236299999999,3233,0,0,1,[],0.005016999997067728
97.065696,3234,0,0,1,[],0.008349999997079749
97.099029,3235,0,0,1,[],0.011682999997077559
97.132362,3236,0,0,1,[],0.015015999997075369
97.165695,3237,0,0,1,[],0.01834899999707318
97.199028,3238,0,0,1,[],0.02168199999707099
97.232361,3239,0,0,1,[],0.0250149999970688
97.265694,3240,0,0,1,[],0.02834799999706661
97.299027,3242,0,0,1,[],0.0016809999970632816
97.33236,3243,0,0,1,[],0.0050139999970610916
97.365693,3244,0,0,1,[],0.008346999997058901
97.39902599999999,3245,0,0,1,[],0.011679999997056711
97.43235899999999,3246,0,0,1,[],0.015012999997054521
97.46569199999999,3247,0,0,1,[],0.01834599999705233
97.49902499999999,3248,0,0,1,[],0.02167899999705014
97.532358,3249,0,0,1,[],0.025011999997062162
97.565691,3250,0,0,1,[],0.028344999997059972
97.599024,3252,0,0,1,[],0.001677999997056645
97.632357,3253,0,0,1,[],0.005010999997054455
97.66569,3254,0,0,1,[],0.008343999997052265
97.699023,3255,0,0,1,[],0.011676999997050075
97.732356,3256,0,0,1,[],0.015009999997047885
97.765689,3257,0,0,1,[],0.018342999997045695
97.799022,3258,0,0,1,[],0.021675999997043505
97.83235499999999,3259,0,0,1,[],0.025008999997041315
97.86568799999999,3260,0,0,1,[],0.028341999997039125
97.89902099999999,3262,0,0,1,[],0.0016749999970357976
97.93235399999999,3263,0,0,1,[],0.0050079999970336075
97.965687,3264,0,0,1,[],0.008340999997045628
97.99902,3265,0,0,1,[],0.011673999997043438
98.032353,3266,0,0,1,[],0.015006999997041248
98.065686,3267,0,0,1,[],0.018339999997039058
98.099019,3268,0,0,1,[],0.021672999997036868
98.132352,3269,0,0,1,[],0.025005999997034678
98.165685,3270,0,0,1,[],0.028338999997032488
98.199018,3272,0,0,1,[],0.001671999997029161
98.232351,3273,0,0,1,[],0.005004999997026971
98.265684,3274,0,0,1,[],0.008337999997024781
98.29901699999999,3275,0,0,1,[],0.01167099999702259
98.33234999999999,3276,0,0,1,[],0.0150039999970204
98.36568299999999,3277,0,0,1,[],0.01833699999701821
98.39901599999999,3278,0,0,1,[],0.02166999999701602
98.432349,3279,0,0,1,[],0.02500299999702804
98.465682,3280,0,0,1,[],0.02833599999702585
98.499015,3282,0,0,1,[],0.0016689999970225244
98.532348,3283,0,0,1,[],0.005001999997020334
98.565681,3284,0,0,1,[],0.008334999997018144
98.599014,3285,0,0,1,[],0.011667999997015954
98.632347,3286,0,0,1,[],0.015000999997013764
98.66568,3287,0,0,1,[],0.018333999997011574
98.699013,3288,0,0,1,[],0.021666999997009384
98.73234599999999,3289,0,0,1,[],0.024999999997007194
98.76567899999999,3290,0,0,1,[],0.028332999997005004
98.79901199999999,3292,0,0,1,[],0.001665999997001677
98.83234499999999,3293,0,0,1,[],0.004998999996999487
98.865678,3294,0,0,1,[],0.008331999997011508
98.899011,3295,0,1,1,[],0.011664999997009318
98.932344,3296,0,1,1,[],0.014997999997007128
98.965677,3297,0,0,1,[],0.018330999997004938
98.99901,3298,0,0,1,[],0.021663999997002747
99.032343,3299,0,0,1,[],0.024996999997000557
99.065676,3300,0,1,1,[],0.028329999996998367
99.099009,3302,0,1,1,[],0.0016629999969950404
99.132342,3303,0,1,1,[],0.00499599999699285
99.165675,3304,0,1,1,[],0.00832899999699066
99.19900799999999,3305,0,1,1,[],0.01166199999698847
99.23234099999999,3306,0,0,1,[],0.01499499999698628
99.26567399999999,3307,0,0,1,[],0.01832799999698409
99.29900699999999,3308,0,0,1,[],0.0216609999969819
99.33234,3309,0,0,1,[],0.02499399999699392
99.365673,3310,0,0,1,[],0.02832699999699173
99.399006,3312,0,0,1,[],0.0016599999969884038
99.432339,3313,0,0,1,[],0.004992999996986214
99.465672,3314,0,0,1,[],0.008325999996984024
99.499005,3315,0,0,1,[],0.011658999996981834
99.532338,3316,0,0,1,[],0.014991999996979644
99.565671,3317,0,0,1,[],0.018324999996977454
99.599004,3318,0,0,1,[],0.021657999996975263
99.63233699999999,3319,0,0,1,[],0.024990999996973073
99.66566999999999,3320,0,0,1,[],0.028323999996970883
99.69900299999999,3322,0,1,1,[],0.0016569999969675564
99.73233599999999,3323,0,1,1,[],0.004989999996965366
99.76566899999999,3324,0,0,1,[],0.008322999996963176
99.799002,3325,0,0,1,[],0.011655999996975197
99.832335,3326,0,0,1,[],0.014988999996973007
99.865668,3327,0,0,1,[],0.018321999996970817
99.899001,3328,0,0,1,[],0.021654999996968627
99.932334,3329,0,0,1,[],0.024987999996966437
99.965667,3330,0,0,1,[],0.028320999996964247
99.999,3332,0,0,1,[],0.0016539999969609198
100.032333,3333,0,0,1,[],0.00498699999695873
100.065666,3334,0,0,1,[],0.00831999999695654
100.09899899999999,3335,0,0,1,[],0.01165299999695435
100.13233199999999,3336,0,0,1,[],0.01498599999695216
100.16566499999999,3337,0,0,1,[],0.01831899999694997
100.19899799999999,3338,0,0,1,[],0.02165199999694778
100.232331,3339,0,0,1,[],0.0249849999969598
100.265664,3340,1,0,0,"[[0, 0]]",0.02831799999695761
100.298997,3342,0,0,1,[],0.0016509999969542832
100.33233,3343,1,0,0,"[[0, 0]]",0.004983999996952093
100.365663,3344,0,0,1,[],0.008316999996949903
100.398996,3345,1,0,0,"[[0, 0]]",0.011649999996947713
100.432329,3346,1,0,0,"[[0, 0]]",0.014982999996945523
100.465662,3347,0,0,1,[],0.018315999996943333
100.498995,3348,1,0,0,"[[0, 0]]",0.021648999996941143
100.53232799999999,3349,0,0,1,[],0.024981999996938953
100.56566099999999,3350,0,0,1,[],0.028314999996936763
100.59899399999999,3352,0,0,1,[],0.0016479999969334358
100.63232699999999,3353,0,0,1,[],0.004980999996931246
100.66565999999999,3354,0,0,1,[],0.008313999996929056
100.698993,3355,0,0,1,[],0.011646999996941076
100.732326,3356,0,0,1,[],0.014979999996938886
100.765659,3357,0,0,1,[],0.018312999996936696
100.798992,3358,0,0,1,[],0.021645999996934506
100.832325,3359,0,0,1,[],0.024978999996932316
100.865658,3360,0,0,1,[],0.028311999996930126
100.898991,3362,1,0,0,"[[0, 0]]",0.0016449999969267992
100.932324,3363,1,0,0,"[[0, 0]]",0.004977999996924609
100.965657,3364,1,0,0,"[[0, 0]]",0.008310999996922419
100.99898999999999,3365,1,0,0,"[[0, 0]]",0.011643999996920229
101.03232299999999,3366,1,0,0,"[[0, 0]]",0.014976999996918039
101.06565599999999,3367,1,0,0,"[[0, 0]]",0.01830999999691585
101.09898899999999,3368,0,0,1,[],0.02164299999691366
101.132322,3369,1,0,0,"[[0, 0]]",0.02497599999692568
101.165655,3370,1,0,0,"[[0, 0]]",0.02830899999692349
101.198988,3372,1,0,0,"[[0, 0]]",0.0016419999969201626
101.232321,3373,1,0,0,"[[0, 0]]",0.004974999996917973
101.265654,3374,1,0,0,"[[0, 0]]",0.008307999996915783
101.298987,3375,1,0,0,"[[0, 0]]",0.011640999996913592
101.33232,3376,1,0,0,"[[0, 0]]",0.014973999996911402
101.365653,3377,1,0,0,"[[0, 0]]",0.018306999996909212
101.398986,3378,1,0,0,"[[0, 0]]",0.021639999996907022
101.43231899999999,3379,1,0,0,"[[0, 0]]",0.024972999996904832
101.46565199999999,3380,0,0,1,[],0.028305999996902642
101.49898499999999,3382,1,0,0,"[[0, 0]]",0.0016389999968993152
101.53231799999999,3383,1,0,0,"[[0, 0]]",0.004971999996897125
101.56565099999999,3384,1,0,0,"[[0, 0]]",0.008304999996894935
101.598984,3385,1,1,0,"[[0, 0]]",0.011637999996906956
101.632317,3386,1,0,0,"[[0, 0]]",0.014970999996904766
101.66565,3387,1,0,0,"[[0, 0]]",0.018303999996902576
101.698983,3388,1,1,0,"[[0, 0]]",0.021636999996900386
101.732316,3389,1,0,0,"[[0, 0]]",0.024969999996898196
101.765649,3390,1,1,0,"[[0, 0]]",0.028302999996896006
101.798982,3392,1,1,0,"[[0, 0]]",0.0016359999968926786
101.832315,3393,1,1,0,"[[0, 0]]",0.0049689999968904885
101.865648,3394,1,1,0,"[[0, 0]]",0.008301999996888298
101.89898099999999,3395,1,1,0,"[[0, 0]]",0.011634999996886108
101.93231399999999,3396,1,1,0,"[[0, 0]]",0.014967999996883918
101.96564699999999,3397,1,0,0,"[[0, 0]]",0.01830099999688173
101.99897999999999,3398,1,1,0,"[[0, 0]]",0.021633999996879538
102.032313,3399,1,1,0,"[[0, 0]]",0.02496699999689156
102.065646,3400,1,1,0,"[[0, 0]]",0.02829999999688937
102.098979,3402,1,1,0,"[[0, 0]]",0.001632999996886042
102.132312,3403,1,1,0,"[[0, 0]]",0.004965999996883852
102.165645,3404,1,1,0,"[[0, 0]]",0.008298999996881662
102.198978,3405,1,1,0,"[[0, 0]]",0.011631999996879472
102.232311,3406,1,1,0,"[[0, 0]]",0.014964999996877282
102.265644,3407,1,1,0,"[[0, 0]]",0.01829799999687509
102.298977,3408,1,1,0,"[[0, 0]]",0.0216309999968729
102.33230999999999,3409,1,1,0,"[[0, 0]]",0.02496399999687071
102.36564299999999,3410,1,0,0,"[[0, 0]]",0.02829699999686852
102.39897599999999,3412,1,0,0,"[[0, 0]]",0.0016299999968651946
102.43230899999999,3413,1,0,0,"[[0, 0]]",0.0049629999968630045
102.46564199999999,3414,1,0,0,"[[0, 0]]",0.008295999996860814
102.498975,3415,1,0,0,"[[0, 0]]",0.011628999996872835
102.532308,3416,1,0,0,"[[0, 0]]",0.014961999996870645
102.565641,3417,1,0,0,"[[0, 0]]",0.018294999996868455
102.598974,3418,1,0,0,"[[0, 0]]",0.021627999996866265
102.632307,3419,1,0,0,"[[0, 0]]",0.024960999996864075
102.66564,3420,1,0,0,"[[0, 0]]",0.028293999996861885
102.698973,3422,1,0,0,"[[0, 0]]",0.001626999996858558
102.732306,3423,1,0,0,"[[0, 0]]",0.004959999996856368
102.765639,3424,1,0,0,"[[0, 0]]",0.008292999996854178
102.79897199999999,3425,1,0,0,"[[0, 0]]",0.011625999996851988
102.83230499999999,3426,1,0,0,"[[0, 0]]",0.014958999996849798
102.86563799999999,3427,1,0,0,"[[0, 0]]",0.018291999996847608
102.89897099999999,3428,1,0,0,"[[0, 0]]",0.021624999996845418
102.932304,3429,1,0,0,"[[0, 0]]",0.02495799999685744
102.965637,3430,1,0,0,"[[0, 0]]",0.02829099999685525
102.99897,3432,1,0,0,"[[0, 0]]",0.0016239999968519214
103.032303,3433,1,1,0,"[[0, 0]]",0.004956999996849731
103.065636,3434,1,0,0,"[[0, 0]]",0.008289999996847541
103.098969,3435,1,3,0,"[[0, 0]]",0.011622999996845351
103.132302,3436,1,3,0,"[[0, 0]]",0.014955999996843161
103.165635,3437,1,1,0,"[[0, 0]]",0.01828899999684097
103.198968,3438,1,2,0,"[[0, 0]]",0.02162199999683878
103.23230099999999,3439,1,0,0,"[[0, 0]]",0.02495499999683659
103.26563399999999,3440,1,1,0,"[[0, 0]]",0.0282879999968344
103.29896699999999,3442,1,3,0,"[[0, 0]]",0.001620999996831074
103.33229999999999,3443,1,1,0,"[[0, 0]]",0.004953999996828884
103.36563299999999,3444,1,1,0,"[[0, 0]]",0.008286999996826694
103.398966,3445,1,1,0,"[[0, 0]]",0.011619999996838715
103.432299,3446,1,0,0,"[[0, 0]]",0.014952999996836525
103.465632,3447,1,1,0,"[[0, 0]]",0.018285999996834335
103.498965,3448,1,0,0,"[[0, 0]]",0.021618999996832144
103.532298,3449,1,1,0,"[[0, 0]]",0.024951999996829954
103.565631,3450,1,2,0,"[[0, 0]]",0.028284999996827764
103.598964,3452,1,2,0,"[[0, 0]]",0.0016179999968244374
103.632297,3453,1,0,0,"[[0, 0]]",0.004950999996822247
103.66563,3454,1,1,0,"[[0, 0]]",0.008283999996820057
103.69896299999999,3455,1,2,0,"[[0, 0]]",0.011616999996817867
103.73229599999999,3456,1,2,0,"[[0, 0]]",0.014949999996815677
103.76562899999999,3457,1,2,0,"[[0, 0]]",0.018282999996813487
103.79896199999999,3458,1,1,0,"[[0, 0]]",0.021615999996811297
103.832295,3459,1,2,0,"[[0, 0]]",0.024948999996823318
103.865628,3460,1,2,0,"[[0, 0]]",0.028281999996821128
103.898961,3462,1,1,0,"[[0, 0]]",0.0016149999968178008
103.932294,3463,1,1,0,"[[0, 0]]",0.004947999996815611
103.965627,3464,1,2,0,"[[0, 0]]",0.00828099999681342
103.99896,3465,1,2,0,"[[0, 0]]",0.01161399999681123
104.032293,3466,1,2,0,"[[0, 0]]",0.01494699999680904
104.065626,3467,1,1,0,"[[0, 0]]",0.01827999999680685
104.098959,3468,1,3,0,"[[0, 0]]",0.02161299999680466
104.13229199999999,3469,1,1,0,"[[0, 0]]",0.02494599999680247
104.16562499999999,3470,1,2,0,"[[0, 0]]",0.02827899999680028
104.19895799999999,3472,1,2,0,"[[0, 0]]",0.0016119999967969534
104.23229099999999,3473,1,1,0,"[[0, 0]]",0.004944999996794763
104.26562399999999,3474,1,0,0,"[[0, 0]]",0.008277999996792573
104.298957,3475,1,0,0,"[[0, 0]]",0.011610999996804594
104.33229,3476,1,0,0,"[[0, 0]]",0.014943999996802404
104.365623,3477,1,2,0,"[[0, 0]]",0.018276999996800214
104.398956,3478,1,3,0,"[[0, 0]]",0.021609999996798024
104.432289,3479,1,2,0,"[[0, 0]]",0.024942999996795834
104.465622,3480,1,2,0,"[[0, 0]]",0.028275999996793644
104.498955,3482,1,1,0,"[[0, 0]]",0.0016089999967903168
104.532288,3483,1,2,0,"[[0, 0]]",0.004941999996788127
104.565621,3484,1,2,0,"[[0, 0]]",0.008274999996785937
104.59895399999999,3485,1,2,0,"[[0, 0]]",0.011607999996783747
104.63228699999999,3486,1,1,0,"[[0, 0]]",0.014940999996781557
104.66561999999999,3487,1,1,0,"[[0, 0]]",0.018273999996779366
104.69895299999999,3488,1,1,0,"[[0, 0]]",0.021606999996777176
104.732286,3489,1,1,0,"[[0, 0]]",0.024939999996789197
104.765619,3490,1,1,0,"[[0, 0]]",0.028272999996787007
104.798952,3492,1,1,0,"[[0, 0]]",0.0016059999967836802
104.832285,3493,1,1,0,"[[0, 0]]",0.00493899999678149
104.865618,3494,1,1,0,"[[0, 0]]",0.0082719999967793
104.898951,3495,1,1,0,"[[0, 0]]",0.01160499999677711
104.932284,3496,1,1,0,"[[0, 0]]",0.01493799999677492
104.965617,3497,1,1,0,"[[0, 0]]",0.01827099999677273
104.99895,3498,1,1,0,"[[0, 0]]",0.02160399999677054
105.03228299999999,3499,1,1,0,"[[0, 0]]",0.02493699999676835
105.06561599999999,3500,1,1,0,"[[0, 0]]",0.02826999999676616
105.09894899999999,3502,1,1,0,"[[0, 0]]",0.0016029999967628328
105.13228199999999,3503,1,1,0,"[[0, 0]]",0.004935999996760643
105.16561499999999,3504,1,1,0,"[[0, 0]]",0.008268999996758453
105.198948,3505,1,1,0,"[[0, 0]]",0.011601999996770473
105.232281,3506,1,1,0,"[[0, 0]]",0.014934999996768283
105.265614,3507,1,1,0,"[[0, 0]]",0.018267999996766093
105.298947,3508,1,1,0,"[[0, 0]]",0.021600999996763903
105.33228,3509,1,1,0,"[[0, 0]]",0.024933999996761713
105.365613,3510,1,0,0,"[[0, 0]]",0.028266999996759523
105.398946,3512,1,1,0,"[[0, 0]]",0.0015999999967561962
105.432279,3513,1,1,0,"[[0, 0]]",0.004932999996754006
105.465612,3514,1,0,0,"[[0, 0]]",0.008265999996751816
105.49894499999999,3515,1,0,0,"[[0, 0]]",0.011598999996749626
105.53227799999999,3516,1,0,0,"[[0, 0]]",0.014931999996747436
105.56561099999999,3517,1,0,0,"[[0, 0]]",0.018264999996745246
105.59894399999999,3518,1,0,0,"[[0, 0]]",0.021597999996743056
105.632277,3519,1,0,0,"[[0, 0]]",0.024930999996755077
105.66561,3520,1,0,0,"[[0, 0]]",0.028263999996752887
105.698943,3522,1,0,0,"[[0, 0]]",0.0015969999967495596
105.732276,3523,1,0,0,"[[0, 0]]",0.0049299999967473696
105.765609,3524,1,0,0,"[[0, 0]]",0.00826299999674518
105.798942,3525,1,0,0,"[[0, 0]]",0.01159599999674299
105.832275,3526,1,0,0,"[[0, 0]]",0.0149289999967408
105.865608,3527,1,0,0,"[[0, 0]]",0.01826199999673861
105.898941,3528,1,0,0,"[[0, 0]]",0.02159499999673642
105.93227399999999,3529,1,0,0,"[[0, 0]]",0.02492799999673423
105.96560699999999,3530,1,0,0,"[[0, 0]]",0.02826099999673204
105.99893999999999,3532,1,0,0,"[[0, 0]]",0.0015939999967287122
106.03227299999999,3533,1,0,0,"[[0, 0]]",0.004926999996726522
106.06560599999999,3534,1,0,0,"[[0, 0]]",0.008259999996724332
106.098939,3535,1,0,0,"[[0, 0]]",0.011592999996736353
106.132272,3536,1,0,0,"[[0, 0]]",0.014925999996734163
106.165605,3537,1,0,0,"[[0, 0]]",0.018258999996731973
106.198938,3538,1,0,0,"[[0, 0]]",0.021591999996729783
106.232271,3539,1,0,0,"[[0, 0]]",0.024924999996727593
106.265604,3540,1,0,0,"[[0, 0]]",0.028257999996725403
106.298937,3542,1,0,0,"[[0, 0]]",0.0015909999967220756
106.33227,3543,1,0,0,"[[0, 0]]",0.0049239999967198855
106.365603,3544,1,0,0,"[[0, 0]]",0.008256999996717695
106.39893599999999,3545,1,0,0,"[[0, 0]]",0.011589999996715505
106.43226899999999,3546,1,0,0,"[[0, 0]]",0.014922999996713315
106.46560199999999,3547,1,0,0,"[[0, 0]]",0.018255999996711125
106.49893499999999,3548,1,0,0,"[[0, 0]]",0.021588999996708935
106.532268,3549,1,0,0,"[[0, 0]]",0.024921999996720956
106.565601,3550,1,0,0,"[[0, 0]]",0.028254999996718766
106.598934,3552,1,0,0,"[[0, 0]]",0.001587999996715439
106.632267,3553,1,0,0,"[[0, 0]]",0.004920999996713249
106.6656,3554,1,1,0,"[[0, 0]]",0.008253999996711059
106.698933,3555,1,0,0,"[[0, 0]]",0.011586999996708869
106.732266,3556,1,0,0,"[[0, 0]]",0.014919999996706679
106.765599,3557,1,1,0,"[[0, 0]]",0.01825299999670449
106.798932,3558,1,0,0,"[[0, 0]]",0.0215859999967023
106.83226499999999,3559,1,0,0,"[[0, 0]]",0.02491899999670011
106.86559799999999,3560,1,0,0,"[[0, 0]]",0.02825199999669792
106.89893099999999,3562,1,0,0,"[[0, 0]]",0.0015849999966945916
106.93226399999999,3563,1,1,0,"[[0, 0]]",0.0049179999966924015
106.96559699999999,3564,1,1,0,"[[0, 0]]",0.008250999996690211
106.99893,3565,1,0,0,"[[0, 0]]",0.011583999996702232
107.032263,3566,1,1,0,"[[0, 0]]",0.014916999996700042
107.065596,3567,1,0,0,"[[0, 0]]",0.018249999996697852
107.098929,3568,1,0,0,"[[0, 0]]",0.021582999996695662
107.132262,3569,0,0,1,[],0.024915999996693472
107.165595,3570,1,0,0,"[[0, 0]]",0.028248999996691282
107.198928,3572,1,0,0,"[[0, 0]]",0.001581999996687955
107.232261,3573,1,0,0,"[[0, 0]]",0.004914999996685765
107.265594,3574,1,0,0,"[[0, 0]]",0.008247999996683575
107.29892699999999,3575,1,0,0,"[[0, 0]]",0.011580999996681385
107.33225999999999,3576,1,0,0,"[[0, 0]]",0.014913999996679195
107.36559299999999,3577,1,0,0,"[[0, 0]]",0.018246999996677005
107.39892599999999,3578,1,0,0,"[[0, 0]]",0.021579999996674815
107.432259,3579,0,0,1,[],0.024912999996686835
107.465592,3580,1,0,0,"[[0, 0]]",0.028245999996684645
107.498925,3582,1,0,0,"[[0, 0]]",0.0015789999966813184
107.532258,3583,1,0,0,"[[0, 0]]",0.004911999996679128
107.565591,3584,1,1,0,"[[0, 0]]",0.008244999996676938
107.598924,3585,1,0,0,"[[0, 0]]",0.011577999996674748
107.632257,3586,1,1,0,"[[0, 0]]",0.014910999996672558
107.66559,3587,1,1,0,"[[0, 0]]",0.018243999996670368
107.698923,3588,1,1,0,"[[0, 0]]",0.021576999996668178
107.73225599999999,3589,1,1,0,"[[0, 0]]",0.024909999996665988
107.76558899999999,3590,0,0,1,[],0.028242999996663798
107.79892199999999,3592,1,0,0,"[[0, 0]]",0.001575999996660471
107.83225499999999,3593,1,0,0,"[[0, 0]]",0.004908999996658281
107.86558799999999,3594,1,0,0,"[[0, 0]]",0.00824199999665609
107.898921,3595,1,0,0,"[[0, 0]]",0.011574999996668112
107.932254,3596,1,0,0,"[[0, 0]]",0.014907999996665922
107.965587,3597,1,0,0,"[[0, 0]]",0.01824099999666373
107.99892,3598,1,0,0,"[[0, 0]]",0.02157399999666154
108.032253,3599,1,0,0,"[[0, 0]]",0.02490699999665935
108.065586,3600,1,0,0,"[[0, 0]]",0.02823999999665716
108.098919,3602,1,0,0,"[[0, 0]]",0.0015729999966538344
108.132252,3603,1,0,0,"[[0, 0]]",0.004905999996651644
108.165585,3604,1,0,0,"[[0, 0]]",0.008238999996649454
108.19891799999999,3605,1,0,0,"[[0, 0]]",0.011571999996647264
108.23225099999999,3606,1,0,0,"[[0, 0]]",0.014904999996645074
108.26558399999999,3607,1,0,0,"[[0, 0]]",0.018237999996642884
108.29891699999999,3608,1,0,0,"[[0, 0]]",0.021570999996640694
108.33225,3609,1,0,0,"[[0, 0]]",0.024903999996652715
108.365583,3610,1,0,0,"[[0, 0]]",0.028236999996650525
108.398916,3612,1,0,0,"[[0, 0]]",0.0015699999966471978
108.432249,3613,1,0,0,"[[0, 0]]",0.004902999996645008
108.465582,3614,1,0,0,"[[0, 0]]",0.008235999996642818
108.498915,3615,1,0,0,"[[0, 0]]",0.011568999996640628
108.532248,3616,1,0,0,"[[0, 0]]",0.014901999996638438
108.565581,3617,1,0,0,"[[0, 0]]",0.018234999996636247
108.598914,3618,1,0,0,"[[0, 0]]",0.021567999996634057
108.63224699999999,3619,1,0,0,"[[0, 0]]",0.024900999996631867
108.66557999999999,3620,1,0,0,"[[0, 0]]",0.028233999996629677
108.69891299999999,3622,1,0,0,"[[0, 0]]",0.0015669999966263504
108.73224599999999,3623,0,0,1,[],0.00489999999662416
108.76557899999999,3624,1,0,0,"[[0, 0]]",0.00823299999662197
108.798912,3625,1,0,0,"[[0, 0]]",0.011565999996633991
108.832245,3626,1,0,0,"[[0, 0]]",0.014898999996631801
108.865578,3627,1,0,0,"[[0, 0]]",0.01823199999662961
108.898911,3628,1,0,0,"[[0, 0]]",0.02156499999662742
108.932244,3629,1,0,0,"[[0, 0]]",0.02489799999662523
108.965577,3630,1,0,0,"[[0, 0]]",0.02823099999662304
108.99891,3632,1,0,0,"[[0, 0]]",0.0015639999966197138
109.032243,3633,1,0,0,"[[0, 0]]",0.004896999996617524
109.065576,3634,1,0,0,"[[0, 0]]",0.008229999996615334
109.09890899999999,3635,1,0,0,"[[0, 0]]",0.011562999996613144
109.13224199999999,3636,1,0,0,"[[0, 0]]",0.014895999996610954
109.16557499999999,3637,1,0,0,"[[0, 0]]",0.018228999996608763
109.19890799999999,3638,1,0,0,"[[0, 0]]",0.021561999996606573
109.232241,3639,1,1,0,"[[0, 0]]",0.024894999996618594
109.265574,3640,1,1,0,"[[0, 0]]",0.028227999996616404
109.298907,3642,1,0,0,"[[0, 0]]",0.0015609999966130772
109.33224,3643,1,0,0,"[[0, 0]]",0.004893999996610887
109.365573,3644,0,0,1,[],0.008226999996608697
109.398906,3645,1,0,0,"[[0, 0]]",0.011559999996606507
109.432239,3646,1,0,0,"[[0, 0]]",0.014892999996604317
109.465572,3647,1,0,0,"[[0, 0]]",0.018225999996602127
109.498905,3648,0,0,1,[],0.021558999996599937
109.53223799999999,3649,1,0,0,"[[0, 0]]",0.024891999996597747
109.56557099999999,3650,1,1,0,"[[0, 0]]",0.028224999996595557
109.59890399999999,3652,1,0,0,"[[0, 0]]",0.0015579999965922298
109.63223699999999,3653,1,1,0,"[[0, 0]]",0.00489099999659004
109.66556999999999,3654,1,0,0,"[[0, 0]]",0.00822399999658785
109.698903,3655,1,0,0,"[[0, 0]]",0.01155699999659987
109.732236,3656,1,0,0,"[[0, 0]]",0.01488999999659768
109.765569,3657,1,0,0,"[[0, 0]]",0.01822299999659549
109.798902,3658,1,1,0,"[[0, 0]]",0.0215559999965933
109.832235,3659,1,0,0,"[[0, 0]]",0.02488899999659111
109.865568,3660,1,0,0,"[[0, 0]]",0.02822199999658892
109.898901,3662,1,0,0,"[[0, 0]]",0.0015549999965855932
109.932234,3663,1,0,0,"[[0, 0]]",0.004887999996583403
109.965567,3664,1,0,0,"[[0, 0]]",0.008220999996581213
109.99889999999999,3665,1,0,0,"[[0, 0]]",0.011553999996579023
110.03223299999999,3666,1,0,0,"[[0, 0]]",0.014886999996576833
110.06556599999999,3667,1,0,0,"[[0, 0]]",0.018219999996574643
110.09889899999999,3668,1,0,0,"[[0, 0]]",0.021552999996572453
110.132232,3669,1,1,0,"[[0, 0]]",0.024885999996584474
110.165565,3670,1,0,0,"[[0, 0]]",0.028218999996582284
110.198898,3672,1,0,0,"[[0, 0]]",0.0015519999965789566
110.232231,3673,1,0,0,"[[0, 0]]",0.0048849999965767665
110.265564,3674,1,0,0,"[[0, 0]]",0.008217999996574576
110.298897,3675,1,0,0,"[[0, 0]]",0.011550999996572386
110.33223,3676,1,0,0,"[[0, 0]]",0.014883999996570196
110.365563,3677,1,0,0,"[[0, 0]]",0.018216999996568006
110.398896,3678,1,0,0,"[[0, 0]]",0.021549999996565816
110.43222899999999,3679,1,0,0,"[[0, 0]]",0.024882999996563626
110.46556199999999,3680,1,0,0,"[[0, 0]]",0.028215999996561436
110.49889499999999,3682,1,0,0,"[[0, 0]]",0.0015489999965581092
110.53222799999999,3683,1,0,0,"[[0, 0]]",0.004881999996555919
110.56556099999999,3684,1,0,0,"[[0, 0]]",0.008214999996553729
110.598894,3685,1,0,0,"[[0, 0]]",0.01154799999656575
110.632227,3686,1,0,0,"[[0, 0]]",0.01488099999656356
110.66556,3687,1,0,0,"[[0, 0]]",0.01821399999656137
110.698893,3688,1,0,0,"[[0, 0]]",0.02154699999655918
110.732226,3689,1,0,0,"[[0, 0]]",0.02487999999655699
110.765559,3690,1,0,0,"[[0, 0]]",0.0282129999965548
110.798892,3692,1,0,0,"[[0, 0]]",0.0015459999965514726
110.832225,3693,1,0,0,"[[0, 0]]",0.0048789999965492825
110.865558,3694,1,0,0,"[[0, 0]]",0.008211999996547092
110.89889099999999,3695,1,1,0,"[[0, 0]]",0.011544999996544902
110.93222399999999,3696,1,1,0,"[[0, 0]]",0.014877999996542712
110.96555699999999,3697,1,1,0,"[[0, 0]]",0.018210999996540522
110.99888999999999,3698,1,1,0,"[[0, 0]]",0.021543999996538332
111.032223,3699,1,1,0,"[[0, 0]]",0.024876999996550353
111.065556,3700,1,0,0,"[[0, 0]]",0.028209999996548163
111.098889,3702,1,0,0,"[[0, 0]]",0.001542999996544836
111.132222,3703,1,0,0,"[[0, 0]]",0.004875999996542646
111.165555,3704,1,0,0,"[[0, 0]]",0.008208999996540456
111.198888,3705,1,0,0,"[[0, 0]]",0.011541999996538266
111.232221,3707,1,0,0,"[[0, 0]]",5.999999999062311e-06
