window_id,timestamp,baseline_detections,accepted,active_tracks,persistence_ms
0,0.037346,2,0,2,0.0415419926866889
1,0.06734599999999999,2,0,3,0.030375085771083832
2,0.09734599999999999,2,0,3,0.03787491004914045
3,0.127346,2,1,4,0.03033305983990431
4,0.15734599999999999,2,1,3,0.041416031308472157
5,0.18734599999999998,3,1,5,0.03791600465774536
6,0.21734599999999998,4,1,7,0.04504097159951925
7,0.24734599999999998,3,1,8,0.04199997056275606
8,0.277346,2,1,7,0.03599992487579584
9,0.307346,4,1,6,0.051292008720338345
10,0.33734600000000003,4,0,5,0.050332979299128056
11,0.36734600000000006,3,1,7,0.03733392804861069
12,0.3973460000000001,3,1,8,0.09312492329627275
13,0.4273460000000001,4,1,8,0.04845811054110527
14,0.45734600000000014,4,1,9,0.04824995994567871
15,0.48734600000000017,4,1,9,0.05170796066522598
16,0.5173460000000002,4,1,7,0.058125006034970284
17,0.5473460000000002,4,2,6,0.05995889659970999
18,0.5773460000000002,4,3,5,0.05991698708385229
19,0.6073460000000003,4,4,4,0.06437499541789293
20,0.6373460000000003,4,4,4,0.0832919031381607
21,0.6673460000000003,4,4,4,0.06454088725149632
22,0.6973460000000004,4,4,4,0.06541598122566938
23,0.7273460000000004,4,4,4,0.0693340552970767
24,0.7573460000000004,4,4,4,0.062417006120085716
25,0.7873460000000004,4,4,4,0.06512494292110205
26,0.8173460000000005,4,4,4,0.06679096259176731
27,0.8473460000000005,4,4,4,0.0637079356238246
28,0.8773460000000005,4,4,4,0.1741249579936266
29,0.9073460000000005,4,4,4,0.062417006120085716
30,0.9373460000000006,4,4,4,0.06016704719513655
31,0.9673460000000006,4,4,4,0.06037508137524128
32,0.9973460000000006,4,4,4,0.06125005893409252
33,1.0273460000000005,4,4,4,0.05929195322096348
34,1.0573460000000006,4,4,4,0.06137508898973465
35,1.0873460000000006,4,4,4,0.07862492930144072
36,1.1173460000000006,4,4,4,0.0617919722571969
37,1.1473460000000006,4,4,4,0.0602079089730978
38,1.1773460000000007,4,4,4,0.05975004751235247
39,1.2073460000000007,4,4,4,0.061292084865272045
40,1.2373460000000007,4,4,4,0.061125028878450394
41,1.2673460000000007,4,4,4,0.061125028878450394
42,1.2973460000000008,4,4,4,0.05974993109703064
43,1.3273460000000008,4,4,4,0.07691595237702131
44,1.3573460000000008,4,4,4,0.05912489723414183
45,1.3873460000000009,4,4,4,0.06045796908438206
46,1.4173460000000009,4,4,4,0.06270897574722767
47,1.447346000000001,4,3,5,0.056958990171551704
48,1.477346000000001,4,3,5,0.05904200952500105
49,1.507346000000001,4,4,4,0.06679096259176731
50,1.537346000000001,4,4,4,0.06337498780339956
51,1.567346000000001,3,3,4,0.06845791358500719
52,1.597346000000001,4,3,5,0.05891593173146248
53,1.627346000000001,4,3,4,0.05870801396667957
54,1.657346000000001,4,4,4,0.06133399438112974
55,1.6873460000000011,4,4,4,0.060416990891098976
56,1.7173460000000011,4,4,4,0.06087496876716614
57,1.7473460000000012,4,4,4,0.0635830219835043
58,1.7773460000000012,4,4,4,0.06179104093462229
59,1.8073460000000012,4,4,4,0.08362508378922939
60,1.8373460000000013,4,4,4,0.06395799573510885
61,1.8673460000000013,4,4,4,0.06341701373457909
62,1.8973460000000013,4,3,5,0.05862500984221697
63,1.9273460000000013,4,3,5,0.058750039897859097
64,1.9573460000000014,4,3,4,0.0653750030323863
65,1.9873460000000014,4,4,4,0.0600829953327775
66,2.017346000000001,4,4,4,0.07816695142537355
67,2.047346000000001,4,4,4,0.06333400961011648
68,2.077346000000001,4,3,5,0.05641602911055088
69,2.1073460000000006,4,3,5,0.06187497638165951
70,2.1373460000000004,4,4,4,0.06425008177757263
71,2.167346,4,2,6,0.05212496034801006
72,2.197346,4,2,8,0.05458400119096041
73,2.227346,4,2,7,0.057999975979328156
74,2.2573459999999996,4,4,4,0.08570798672735691
75,2.2873459999999994,4,4,4,0.06320804823189974
76,2.3173459999999992,4,3,4,0.0637909397482872
77,2.347345999999999,4,4,4,0.06104097701609135
78,2.377345999999999,4,4,4,0.059582991525530815
79,2.4073459999999987,4,4,4,0.05945900920778513
80,2.4373459999999985,2,2,4,0.03541703335940838
81,2.4673459999999983,3,2,5,0.043082982301712036
82,2.497345999999998,2,2,3,0.03716698847711086
83,2.527345999999998,3,2,4,0.06066600326448679
84,2.5573459999999977,4,2,4,0.05187490023672581
85,2.5873459999999975,4,3,5,0.05916703958064318
86,2.6173459999999973,4,3,5,0.07104198448359966
87,2.647345999999997,4,2,7,0.055333017371594906
88,2.677345999999997,2,1,7,0.033791991882026196
89,2.7073459999999967,2,1,5,0.03412493970245123
90,2.7373459999999965,4,1,4,0.05062494892627001
91,2.7673459999999963,4,2,6,0.04754203837364912
92,2.797345999999996,4,2,6,0.07999991066753864
93,2.827345999999996,4,3,4,0.06841693539172411
94,2.8573459999999957,4,4,4,0.05974993109703064
95,2.8873459999999955,4,4,4,0.0600829953327775
96,2.9173459999999953,4,4,4,0.06095797289162874
97,2.947345999999995,3,2,5,0.04383397754281759
98,2.977345999999995,3,2,5,0.045459019020199776
99,3.0073459999999947,3,3,3,0.05154090467840433
100,3.0373459999999946,3,3,3,0.04737498238682747
101,3.0673459999999944,4,3,4,0.0702079851180315
102,3.097345999999994,4,3,4,0.06049999501556158
103,3.127345999999994,4,2,5,0.05566701292991638
104,3.1573459999999938,4,3,5,0.05629193037748337
105,3.1873459999999936,4,1,5,0.06558303721249104
106,3.2173459999999934,4,4,5,0.0641250517219305
107,3.247345999999993,2,1,6,0.02970790956169367
108,3.277345999999993,3,1,6,0.040207989513874054
109,3.307345999999993,4,1,7,0.046208035200834274
110,3.3373459999999926,2,0,7,0.0439169816672802
111,3.3673459999999924,2,0,6,0.03200001083314419
112,3.397345999999992,4,1,4,0.05416700150817633
113,3.427345999999992,3,1,5,0.04379195161163807
114,3.457345999999992,2,1,6,0.028458074666559696
115,3.4873459999999916,1,1,4,0.02362497616559267
116,3.5173459999999914,2,1,3,0.029165996238589287
117,3.5473459999999912,3,1,4,0.03379210829734802
118,3.577345999999991,4,0,7,0.08141703438013792
119,3.607345999999991,3,1,7,0.05987496115267277
120,3.6373459999999906,1,0,5,0.03200001083314419
121,3.6673459999999904,1,0,3,0.024833017960190773
122,3.6973459999999903,3,2,3,0.04650000482797623
123,3.72734599999999,4,1,5,0.052416929975152016
124,3.75734599999999,4,1,6,0.08154194802045822
125,3.7873459999999897,3,1,5,0.049459049478173256
126,3.8173459999999895,4,2,6,0.05162495654076338
127,3.8473459999999893,3,1,6,0.04033301956951618
128,3.877345999999989,2,1,5,0.03966700751334429
129,3.907345999999989,1,1,3,0.022708089090883732
130,3.9373459999999887,2,1,3,0.02804200630635023
131,3.9673459999999885,0,0,2,0.005375011824071407
132,3.9973459999999883,0,0,2,0.0032919924706220627
133,4.027345999999988,0,0,0,0.003374996595084667
134,4.057345999999988,0,0,0,0.0014159595593810081
135,4.087345999999989,0,0,0,0.0009579816833138466
136,4.117345999999989,1,0,1,0.00866700429469347
137,4.147345999999989,1,0,1,0.010041985660791397
138,4.177345999999989,2,1,2,0.023875036276876926
139,4.20734599999999,1,0,2,0.018415972590446472
140,4.23734599999999,1,0,2,0.01795799471437931
141,4.26734599999999,1,1,1,0.018707942217588425
142,4.29734599999999,1,1,1,0.016584061086177826
143,4.327345999999991,1,1,1,0.016708974726498127
144,4.357345999999991,1,1,1,0.016208039596676826
145,4.387345999999991,1,1,1,0.01579208765178919
146,4.417345999999991,1,1,1,0.01608405727893114
147,4.447345999999992,1,1,1,0.01583306584507227
148,4.477345999999992,4,1,4,0.03783300053328276
149,4.507345999999992,2,1,4,0.1925829565152526
150,4.537345999999992,3,1,5,0.042665982618927956
151,4.567345999999993,3,2,4,0.042958068661391735
152,4.597345999999993,3,1,5,0.04320906009525061
153,4.627345999999993,3,1,5,0.0463749747723341
154,4.657345999999993,4,1,5,0.05191704258322716
155,4.687345999999994,1,1,5,0.022458028979599476
156,4.717345999999994,1,1,4,0.021499930880963802
157,4.747345999999994,1,1,1,0.02037500962615013
158,4.777345999999994,1,1,1,0.017834012396633625
159,4.807345999999995,1,1,1,0.016208039596676826
160,4.837345999999995,1,1,1,0.016166013665497303
161,4.867345999999995,1,1,1,0.015833997167646885
162,4.897345999999995,1,1,1,0.01604191493242979
163,4.927345999999996,1,1,1,0.016166013665497303
164,4.957345999999996,1,1,1,0.015832949429750443
165,4.987345999999996,1,1,1,0.015209079720079899
166,5.017345999999996,1,1,1,0.015249941498041153
167,5.047345999999997,1,1,1,0.016333069652318954
168,5.077345999999997,1,1,1,0.016417005099356174
169,5.107345999999997,1,1,1,0.015749945305287838
170,5.137345999999997,1,1,1,0.016042031347751617
171,5.1673459999999976,1,1,1,0.03220804501324892
172,5.197345999999998,2,1,2,0.02445909194648266
173,5.227345999999998,2,1,2,0.026582973077893257
174,5.257345999999998,1,1,2,0.019042054191231728
175,5.2873459999999985,1,1,2,0.01758395228534937
176,5.317345999999999,1,1,1,0.017874990589916706
177,5.347345999999999,2,1,2,0.023124972358345985
178,5.377345999999999,2,1,2,0.025707995519042015
179,5.4073459999999995,1,1,2,0.017832964658737183
180,5.437346,1,1,2,0.018417020328342915
181,5.467346,1,1,1,0.019249971956014633
182,5.497346,1,1,1,0.016417005099356174
183,5.5273460000000005,1,1,1,0.015458907000720501
184,5.557346000000001,1,1,1,0.015500001609325409
185,5.587346000000001,1,1,1,0.015416997484862804
186,5.617346000000001,1,1,1,0.015749945305287838
187,5.6473460000000015,1,1,1,0.015750061720609665
188,5.677346000000002,1,1,1,0.015874975360929966
189,5.707346000000002,1,1,1,0.016042031347751617
190,5.737346000000002,1,1,1,0.01662492286413908
191,5.7673460000000025,1,1,1,0.015666009858250618
192,5.797346000000003,1,1,1,0.015416997484862804
193,5.827346000000003,1,1,1,0.015249941498041153
194,5.857346000000003,1,1,1,0.015416997484862804
195,5.8873460000000035,2,1,2,0.02304196823388338
196,5.917346000000004,1,1,2,0.018291990272700787
197,5.947346000000004,1,1,2,0.01791701652109623
198,5.977346000000004,1,1,1,0.01920794602483511
199,6.0073460000000045,1,1,1,0.017000013031065464
200,6.037346000000005,2,1,2,0.032791984267532825
201,6.067346000000005,2,1,3,0.04612491466104984
202,6.097346000000005,1,1,3,0.020000035874545574
203,6.1273460000000055,1,1,2,0.019834027625620365
204,6.157346000000006,1,1,1,0.01816696021705866
205,6.187346000000006,1,1,1,0.016999896615743637
206,6.217346000000006,1,1,1,0.016208039596676826
207,6.2473460000000065,1,1,1,0.01616694498807192
208,6.277346000000007,1,1,1,0.015459023416042328
209,6.307346000000007,1,1,1,0.015625031664967537
210,6.337346000000007,1,1,1,0.015541911125183105
211,6.3673460000000075,1,1,1,0.015166937373578548
212,6.397346000000008,1,1,1,0.015083001926541328
213,6.427346000000008,1,1,1,0.016166013665497303
214,6.457346000000008,1,1,1,0.016040983609855175
215,6.4873460000000085,1,0,2,0.010124989785254002
216,6.517346000000009,2,1,2,0.026708003133535385
217,6.547346000000009,1,1,2,0.017791055142879486
218,6.577346000000009,2,2,2,0.030166003853082657
219,6.6073460000000095,2,2,2,0.029374961741268635
220,6.63734600000001,1,1,2,0.017415964975953102
221,6.66734600000001,1,1,2,0.018457998521625996
222,6.69734600000001,1,1,1,0.017042038962244987
223,6.7273460000000105,1,1,1,0.0160830095410347
224,6.757346000000011,1,1,1,0.01708301715552807
225,6.787346000000011,1,1,1,0.015749945305287838
226,6.817346000000011,2,1,2,0.022458028979599476
227,6.8473460000000115,1,1,2,0.01708301715552807
228,6.877346000000012,1,1,2,0.016874982975423336
229,6.907346000000012,2,1,2,0.026957946829497814
230,6.937346000000012,2,1,2,0.049749971367418766
231,6.9673460000000125,2,2,2,0.03241701051592827
232,6.997346000000013,2,2,2,0.03208301495760679
233,7.027346000000013,2,2,2,0.03245798870921135
234,7.057346000000013,2,2,2,0.03158301115036011
235,7.0873460000000135,2,2,2,0.030041905120015144
236,7.117346000000014,1,1,2,0.017583020962774754
237,7.147346000000014,1,1,2,0.017499900422990322
238,7.177346000000014,1,1,1,0.017457990907132626
239,7.2073460000000145,1,1,1,0.01666706521064043
240,7.237346000000015,2,1,2,0.0237500062212348
241,7.267346000000015,2,1,2,0.0249580480158329
242,7.297346000000015,1,1,2,0.01770805101841688
243,7.3273460000000155,1,1,2,0.017292099073529243
244,7.357346000000016,1,1,1,0.01708301715552807
245,7.387346000000016,1,1,1,0.015416997484862804
246,7.417346000000016,1,1,1,0.01679197885096073
247,7.4473460000000165,2,1,2,0.023042084649205208
248,7.477346000000017,2,1,2,0.025000073947012424
249,7.507346000000017,2,2,2,0.03075005952268839
250,7.537346000000017,2,2,2,0.029458897188305855
251,7.5673460000000174,1,1,2,0.018208986148238182
252,7.597346000000018,2,1,2,0.04958396311849356
253,7.627346000000018,1,1,2,0.019333092495799065
254,7.657346000000018,1,1,2,0.017459038645029068
255,7.687346000000018,1,1,1,0.017417012713849545
256,7.717346000000019,1,1,1,0.01591700129210949
257,7.747346000000019,1,1,1,0.01570803578943014
258,7.777346000000019,1,1,1,0.015583005733788013
259,7.807346000000019,1,1,1,0.016124919056892395
260,7.83734600000002,1,1,1,0.016417005099356174
261,7.86734600000002,1,1,1,0.015750061720609665
262,7.89734600000002,1,1,1,0.015374971553683281
263,7.92734600000002,1,1,1,0.015500001609325409
264,7.957346000000021,1,1,1,0.015083001926541328
265,7.987346000000021,1,1,1,0.014958088286221027
266,8.017346000000021,1,1,1,0.015083001926541328
267,8.04734600000002,1,1,1,0.015500001609325409
268,8.07734600000002,1,1,1,0.015374971553683281
269,8.10734600000002,1,1,1,0.015208031982183456
270,8.137346000000019,1,1,1,0.0153339933604002
271,8.167346000000018,1,1,1,0.01491699367761612
272,8.197346000000017,1,1,1,0.014874967746436596
273,8.227346000000017,1,1,1,0.015083001926541328
274,8.257346000000016,1,1,1,0.015415949746966362
275,8.287346000000015,1,1,1,0.015541911125183105
276,8.317346000000015,1,1,1,0.0153339933604002
277,8.347346000000014,1,1,1,0.015166937373578548
278,8.377346000000014,1,1,1,0.015542027540504932
279,8.407346000000013,1,1,1,0.014915945939719677
280,8.437346000000012,1,1,1,0.015125027857720852
281,8.467346000000012,1,1,1,0.015208031982183456
282,8.497346000000011,1,1,1,0.016457983292639256
283,8.52734600000001,1,1,1,0.015249941498041153
284,8.55734600000001,1,1,1,0.015165889635682106
285,8.587346000000009,1,1,1,0.0149579718708992
286,8.617346000000008,1,1,1,0.02916704397648573
287,8.647346000000008,2,1,2,0.023333937861025333
288,8.677346000000007,2,1,2,0.024792039766907692
289,8.707346000000006,1,1,2,0.01858395989984274
290,8.737346000000006,1,1,2,0.01766590867191553
291,8.767346000000005,1,1,1,0.0177919864654541
292,8.797346000000005,1,1,1,0.01566705759614706
293,8.827346000000004,1,1,1,0.015125027857720852
294,8.857346000000003,1,1,1,0.015125027857720852
295,8.887346000000003,1,1,1,0.015124911442399025
296,8.917346000000002,1,1,1,0.01520791556686163
297,8.947346000000001,2,1,2,0.02416700590401888
298,8.977346,2,1,2,0.02504198346287012
299,9.007346,2,2,2,0.03083399496972561
300,9.037346,2,2,2,0.02987496554851532
301,9.067345999999999,2,2,2,0.030957977287471294
302,9.097345999999998,1,1,2,0.01750001683831215
303,9.127345999999998,1,1,2,0.018333084881305695
304,9.157345999999997,1,1,1,0.017125043086707592
305,9.187345999999996,1,1,1,0.015208031982183456
306,9.217345999999996,1,1,1,0.0153339933604002
307,9.247345999999995,1,1,1,0.015291967429220676
308,9.277345999999994,1,1,1,0.01525005791336298
309,9.307345999999994,1,1,1,0.015125027857720852
310,9.337345999999993,1,1,1,0.014791963621973991
311,9.367345999999992,1,1,1,0.015415949746966362
312,9.397345999999992,1,1,1,0.015459023416042328
313,9.427345999999991,1,1,1,0.0297910301014781
314,9.45734599999999,1,1,1,0.01695798709988594
315,9.48734599999999,1,1,1,0.01566705759614706
316,9.51734599999999,1,1,1,0.015415949746966362
317,9.547345999999989,1,1,1,0.015124911442399025
318,9.577345999999988,1,1,1,0.014916062355041504
319,9.607345999999987,1,1,1,0.01491699367761612
320,9.637345999999987,1,1,1,0.015583005733788013
321,9.667345999999986,1,1,1,0.016333069652318954
322,9.697345999999985,1,1,1,0.014999997802078724
323,9.727345999999985,2,1,2,0.023374916054308414
324,9.757345999999984,2,1,2,0.024000066332519054
325,9.787345999999983,2,2,2,0.029667047783732414
326,9.817345999999983,1,1,2,0.017208978533744812
327,9.847345999999982,1,1,2,0.017124926671385765
328,9.877345999999982,1,1,1,0.017625046893954277
329,9.907345999999981,2,1,2,0.023707980290055275
330,9.93734599999998,2,1,2,0.024499953724443913
331,9.96734599999998,2,1,3,0.025124987587332726
332,9.997345999999979,2,2,3,0.031791976653039455
333,10.027345999999978,3,2,3,0.043625012040138245
334,10.057345999999978,3,1,4,0.04141696263104677
335,10.087345999999977,2,2,4,0.05137501284480095
336,10.117345999999976,2,1,4,0.03545801155269146
337,10.147345999999976,3,1,3,0.05050003528594971
338,10.177345999999975,1,1,3,0.01966708805412054
339,10.207345999999974,2,1,3,0.03250001464039087
340,10.237345999999974,1,1,2,0.019417027942836285
341,10.267345999999973,1,1,2,0.017457990907132626
342,10.297345999999973,1,1,1,0.01795799471437931
343,10.327345999999972,2,1,2,0.023583066649734974
344,10.357345999999971,2,1,2,0.025999965146183968
345,10.38734599999997,2,2,2,0.03087497316300869
346,10.41734599999997,1,1,2,0.018958933651447296
347,10.44734599999997,1,1,2,0.017708982340991497
348,10.477345999999969,1,1,1,0.017834012396633625
349,10.507345999999968,2,1,2,0.024000066332519054
350,10.537345999999967,3,1,3,0.03283401019871235
351,10.567345999999967,2,1,3,0.02704199869185686
352,10.597345999999966,2,1,3,0.033374992199242115
353,10.627345999999966,2,1,3,0.03200001083314419
354,10.657345999999965,1,1,2,0.020666047930717468
355,10.687345999999964,1,1,2,0.017707934603095055
356,10.717345999999964,2,1,2,0.049875001423060894
357,10.747345999999963,1,1,2,0.019042054191231728
358,10.777345999999962,1,1,2,0.019083963707089424
359,10.807345999999962,2,1,2,0.025250017642974854
360,10.837345999999961,2,1,2,0.025667017325758934
361,10.86734599999996,1,1,2,0.017333077266812325
362,10.89734599999996,3,1,3,0.03716698847711086
363,10.92734599999996,1,1,3,0.01995800994336605
364,10.957345999999959,2,1,3,0.03291701432317495
365,10.987345999999958,1,1,2,0.019249971956014633
366,11.017345999999957,1,1,2,0.016958103515207767
367,11.047345999999957,1,1,1,0.01808302477002144
368,11.077345999999956,2,1,2,0.02274999860674143
369,11.107345999999955,1,1,2,0.017625046893954277
370,11.137345999999955,1,1,2,0.016708974726498127
371,11.167345999999954,2,1,2,0.025209039449691772
372,11.197345999999953,2,1,3,0.026082969270646572
373,11.227345999999953,3,2,3,0.04070799332112074
374,11.257345999999952,2,2,3,0.033958000130951405
375,11.287345999999951,3,2,3,0.04620896652340889
376,11.31734599999995,3,1,3,0.06687501445412636
377,11.34734599999995,3,2,3,0.04783307667821646
378,11.37734599999995,2,2,3,0.033541000448167324
379,11.407345999999949,3,2,4,0.0414170790463686
380,11.437345999999948,3,1,5,0.03699993249028921
381,11.467345999999948,3,1,5,0.039499951526522636
382,11.497345999999947,2,1,4,0.030708033591508865
383,11.527345999999946,3,2,4,0.04170904867351055
384,11.557345999999946,2,2,3,0.033833086490631104
385,11.587345999999945,2,1,4,0.02720800694078207
386,11.617345999999944,1,1,3,0.02108304761350155
387,11.647345999999944,4,1,4,0.04133302718400955
388,11.677345999999943,3,1,4,0.03945804201066494
389,11.707345999999943,1,1,4,0.021041021682322025
390,11.737345999999942,2,1,3,0.05458306986838579
391,11.767345999999941,4,2,4,0.05358306225389242
392,11.79734599999994,4,2,4,0.0551670091226697
393,11.82734599999994,4,3,4,0.06162503268569708
394,11.85734599999994,4,3,5,0.058999983593821526
395,11.887345999999939,0,0,5,0.007416936568915844
396,11.917345999999938,2,2,4,0.03783300053328276
397,11.947345999999937,2,2,2,0.03516697324812412
398,11.977345999999937,3,2,3,0.03858411218971014
399,12.007345999999936,4,2,4,0.049625057727098465
400,12.037345999999935,2,1,4,0.03516697324812412
401,12.067345999999935,3,2,4,0.06587500683963299
402,12.097345999999934,3,3,3,0.0516669824719429
403,12.127345999999934,3,3,3,0.04775007255375385
404,12.157345999999933,4,3,4,0.0541249755769968
405,12.187345999999932,4,3,4,0.05562498699873686
406,12.217345999999932,2,2,4,0.036665936931967735
407,12.247345999999931,2,2,4,0.03416696563363075
408,12.27734599999993,2,2,2,0.0338749960064888
409,12.30734599999993,2,2,2,0.03054190892726183
410,12.337345999999929,3,2,3,0.03816699609160423
411,12.367345999999928,3,2,3,0.039375037886202335
412,12.397345999999928,2,2,3,0.03208301495760679
413,12.427345999999927,3,3,3,0.19170797895640135
414,12.457345999999927,2,2,3,0.03704207483679056
415,12.487345999999926,2,2,3,0.034250086173415184
416,12.517345999999925,2,2,2,0.033084070309996605
417,12.547345999999925,3,2,3,0.0385830644518137
418,12.577345999999924,3,2,3,0.03987504169344902
419,12.607345999999923,3,3,3,0.04570803139358759
420,12.637345999999923,2,2,3,0.033207936212420464
421,12.667345999999922,2,2,3,0.031166942790150642
422,12.697345999999921,3,2,3,0.03937492147088051
423,12.72734599999992,2,1,4,0.02575002145022154
424,12.75734599999992,2,1,4,0.02733292058110237
425,12.78734599999992,4,2,4,0.04904193338006735
426,12.817345999999919,3,2,4,0.06649992428719997
427,12.847345999999918,3,1,6,0.03599992487579584
428,12.877345999999918,2,1,5,0.03304204437881708
429,12.907345999999917,2,1,3,0.03787502646446228
430,12.937345999999916,1,1,2,0.019625062122941017
431,12.967345999999916,2,1,3,0.025499961338937283
432,12.997345999999915,2,1,3,0.026415917091071606
433,13.027345999999914,3,1,4,0.033917021937668324
434,13.057345999999914,1,1,3,0.020333100110292435
435,13.087345999999913,3,1,5,0.03291701432317495
436,13.117345999999912,3,1,4,0.044208019971847534
437,13.147345999999912,1,1,4,0.021666986867785454
438,13.177345999999911,2,1,4,0.02695806324481964
439,13.20734599999991,3,1,3,0.043792068026959896
440,13.23734599999991,2,1,4,0.025916961021721363
441,13.26734599999991,3,1,4,0.041375053115189075
442,13.297345999999909,1,1,3,0.04012498538941145
443,13.327345999999908,2,1,4,0.02645899076014757
444,13.357345999999907,4,1,5,0.056415912695229053
445,13.387345999999907,3,0,5,0.036665936931967735
446,13.417345999999906,4,2,6,0.057709054090082645
447,13.447345999999905,2,1,5,0.03216706681996584
448,13.477345999999905,2,1,4,0.03608304541558027
449,13.507345999999904,1,1,3,0.02008303999900818
450,13.537345999999904,1,1,2,0.01804193016141653
451,13.567345999999903,3,1,3,0.031000003218650818
452,13.597345999999902,3,1,3,0.03495905548334122
453,13.627345999999902,1,1,3,0.021167099475860596
454,13.657345999999901,2,2,3,0.03191607538610697
455,13.6873459999999,2,1,3,0.027000089175999165
456,13.7173459999999,1,1,3,0.01820793841034174
457,13.747345999999899,2,1,3,0.050416914746165276
458,13.777345999999898,3,2,3,0.04087504930794239
459,13.807345999999898,2,2,3,0.033958000130951405
460,13.837345999999897,2,1,3,0.02674991264939308
461,13.867345999999896,2,2,3,0.032832962460815907
462,13.897345999999896,3,1,4,0.03454193938523531
463,13.927345999999895,3,2,4,0.04158401861786842
464,13.957345999999895,4,2,4,0.053875031881034374
465,13.987345999999894,2,2,4,0.035375007428228855
466,14.017345999999893,2,2,4,0.03316602669656277
467,14.047345999999893,2,1,3,0.034125056117773056
468,14.077345999999892,2,1,4,0.02662499900907278
469,14.107345999999891,1,1,3,0.020875013433396816
470,14.13734599999989,2,1,3,0.024999957531690598
471,14.16734599999989,2,1,2,0.02575002145022154
472,14.19734599999989,2,2,2,0.048042042180895805
473,14.227345999999889,1,1,2,0.01791701652109623
474,14.257345999999888,3,1,4,0.032540992833673954
475,14.287345999999888,2,1,3,0.02804200630635023
476,14.317345999999887,2,1,3,0.025250017642974854
477,14.347345999999886,2,2,3,0.0310409814119339
478,14.377345999999886,2,1,3,0.026124995201826096
479,14.407345999999885,3,1,4,0.038499943912029266
480,14.437345999999884,2,2,4,0.03287498839199543
481,14.467345999999884,1,1,3,0.019875005818903446
482,14.497345999999883,1,1,2,0.01954101026058197
483,14.527345999999882,2,1,2,0.030458904802799225
484,14.557345999999882,1,1,2,0.016915961168706417
485,14.587345999999881,2,1,3,0.023583066649734974
486,14.61734599999988,2,1,3,0.027000089175999165
487,14.64734599999988,1,1,3,0.01783308107405901
488,14.67734599999988,1,1,2,0.018040998838841915
489,14.707345999999879,1,1,1,0.016583013348281384
490,14.737345999999878,2,1,2,0.022000051103532314
491,14.767345999999877,2,1,3,0.025707995519042015
492,14.797345999999877,2,1,3,0.04516704939305782
493,14.827345999999876,2,1,2,0.03487500362098217
494,14.857345999999875,1,1,2,0.018583028577268124
495,14.887345999999875,2,1,2,0.03191700670868158
496,14.917345999999874,3,1,3,0.039041973650455475
497,14.947345999999873,2,1,4,0.02720800694078207
498,14.977345999999873,2,2,4,0.03475008998066187
499,15.007345999999872,2,1,3,0.0351249473169446
500,15.037345999999872,3,2,3,0.04158401861786842
501,15.067345999999871,1,1,3,0.0189170241355896
502,15.09734599999987,2,1,3,0.03208394628018141
503,15.12734599999987,1,1,2,0.0189170241355896
504,15.157345999999869,1,1,2,0.01716695260256529
505,15.187345999999868,1,1,1,0.016749952919781208
506,15.217345999999868,1,1,1,0.015166937373578548
507,15.247345999999867,1,1,1,0.015583005733788013
508,15.277345999999866,1,1,1,0.015750061720609665
509,15.307345999999866,2,1,2,0.022249994799494743
510,15.337345999999865,3,1,4,0.03020802978426218
511,15.367345999999865,1,1,4,0.018541933968663216
512,15.397345999999864,1,1,3,0.035917037166655064
513,15.427345999999863,1,1,1,0.020332983694970608
514,15.457345999999863,1,1,1,0.015832949429750443
515,15.487345999999862,1,1,1,0.015332945622503757
516,15.517345999999861,1,1,1,0.0160830095410347
517,15.54734599999986,1,1,1,0.015333062037825584
518,15.57734599999986,1,1,1,0.014999997802078724
519,15.60734599999986,1,1,1,0.019625062122941017
520,15.637345999999859,1,1,1,0.015625031664967537
521,15.667345999999858,1,1,1,0.015458907000720501
522,15.697345999999857,2,1,2,0.022124964743852615
523,15.727345999999857,1,1,2,0.016666017472743988
524,15.757345999999856,1,1,2,0.016542035154998302
525,15.787345999999856,1,1,1,0.016292091459035873
526,15.817345999999855,1,1,1,0.015625031664967537
527,15.847345999999854,1,1,1,0.015374971553683281
528,15.877345999999854,1,1,1,0.014959019608795643
529,15.907345999999853,2,1,2,0.022000051103532314
530,15.937345999999852,2,1,2,0.023709028027951717
531,15.967345999999852,1,1,2,0.017125043086707592
532,15.997345999999851,1,1,2,0.01637497916817665
533,16.027345999999852,1,1,1,0.017415964975953102
534,16.057345999999853,1,1,1,0.015500001609325409
535,16.087345999999854,1,1,1,0.015332945622503757
536,16.117345999999856,1,1,1,0.015083001926541328
537,16.147345999999857,1,1,1,0.014999997802078724
538,16.177345999999858,1,1,1,0.015166937373578548
539,16.20734599999986,1,1,1,0.01525005791336298
540,16.23734599999986,1,1,1,0.014875084161758423
541,16.26734599999986,1,1,1,0.01491699367761612
542,16.297345999999862,1,1,1,0.01491699367761612
543,16.327345999999864,1,1,1,0.015791039913892746
544,16.357345999999865,1,1,1,0.014832941815257072
545,16.387345999999866,1,1,1,0.03183307126164436
546,16.417345999999867,1,1,1,0.016000005416572094
547,16.447345999999868,1,1,1,0.015416997484862804
548,16.47734599999987,1,1,1,0.01491699367761612
549,16.50734599999987,2,1,2,0.02308306284248829
550,16.53734599999987,1,1,2,0.017415964975953102
551,16.567345999999873,1,1,2,0.01637497916817665
552,16.597345999999874,1,1,1,0.018000020645558834
553,16.627345999999875,1,1,1,0.016875099390745163
554,16.657345999999876,1,1,1,0.017874990589916706
555,16.687345999999877,1,1,1,0.01525005791336298
556,16.71734599999988,1,1,1,0.015167053788900375
557,16.74734599999988,2,1,2,0.022332998923957348
558,16.77734599999988,1,0,2,0.011124997399747372
559,16.80734599999988,3,1,4,0.03033305983990431
560,16.837345999999883,2,0,3,0.030083931051194668
561,16.867345999999884,3,2,4,0.04112499300390482
562,16.897345999999885,3,2,3,0.041334074921905994
563,16.927345999999886,2,2,3,0.035958015359938145
564,16.957345999999887,2,2,3,0.032125040888786316
565,16.98734599999989,1,1,2,0.01933402381837368
566,17.01734599999989,1,1,2,0.016832957044243813
567,17.04734599999989,3,1,4,0.031000003218650818
568,17.077345999999892,1,1,3,0.02037500962615013
569,17.107345999999893,2,1,4,0.042750034481287
570,17.137345999999894,2,1,3,0.02729194238781929
571,17.167345999999895,2,0,4,0.018249964341521263
572,17.197345999999897,1,1,3,0.0226249685510993
573,17.227345999999898,2,1,3,0.025082961656153202
574,17.2573459999999,1,0,2,0.01191697083413601
575,17.2873459999999,1,0,2,0.016707926988601685
576,17.3173459999999,1,1,1,0.01662492286413908
577,17.347345999999902,1,1,1,0.015457975678145885
578,17.377345999999903,1,1,1,0.014999997802078724
579,17.407345999999905,1,1,1,0.014709075912833214
580,17.437345999999906,1,1,1,0.014832941815257072
581,17.467345999999907,1,1,1,0.015749945305287838
582,17.497345999999908,1,1,1,0.015249941498041153
583,17.52734599999991,1,1,1,0.016000005416572094
584,17.55734599999991,1,1,1,0.01733400858938694
585,17.58734599999991,1,1,1,0.015374971553683281
586,17.617345999999912,1,1,1,0.014750054106116295
587,17.647345999999914,1,1,1,0.016042031347751617
588,17.677345999999915,1,1,1,0.015874975360929966
589,17.707345999999916,1,1,1,0.015290919691324234
590,17.737345999999917,1,1,1,0.015042023733258247
591,17.767345999999918,1,1,1,0.014749937690794468
592,17.79734599999992,1,1,1,0.014959019608795643
593,17.82734599999992,1,1,1,0.01491699367761612
594,17.85734599999992,1,1,1,0.014874967746436596
595,17.887345999999923,1,1,1,0.014749937690794468
596,17.917345999999924,1,1,1,0.01791701652109623
597,17.947345999999925,1,1,1,0.015332945622503757
598,17.977345999999926,1,1,1,0.014750054106116295
599,18.007345999999927,1,1,1,0.014625024050474167
600,18.03734599999993,1,1,1,0.014750054106116295
601,18.06734599999993,1,1,1,0.015042023733258247
602,18.09734599999993,2,1,2,0.02304196823388338
603,18.127345999999932,2,1,2,0.04158297087997198
604,18.157345999999933,1,1,2,0.019749975763261318
605,18.187345999999934,1,1,2,0.0177919864654541
606,18.217345999999935,1,1,1,0.01741608139127493
607,18.247345999999936,1,1,1,0.016125035472214222
608,18.277345999999937,1,1,1,0.015542027540504932
609,18.30734599999994,1,1,1,0.015374971553683281
610,18.33734599999994,1,1,1,0.015583937056362629
611,18.36734599999994,1,1,1,0.014999997802078724
612,18.397345999999942,1,1,1,0.014999997802078724
613,18.427345999999943,1,1,1,0.015291036106646061
614,18.457345999999944,1,1,1,0.01525005791336298
615,18.487345999999945,1,1,1,0.0148330582305789
616,18.517345999999947,1,1,1,0.014708959497511387
617,18.547345999999948,1,1,1,0.01491699367761612
618,18.57734599999995,1,1,1,0.015666009858250618
619,18.60734599999995,1,1,1,0.015415949746966362
620,18.63734599999995,1,1,1,0.01520791556686163
621,18.667345999999952,1,1,1,0.014749937690794468
622,18.697345999999953,1,1,1,0.014832941815257072
623,18.727345999999955,1,1,1,0.015583005733788013
624,18.757345999999956,1,1,1,0.015332945622503757
625,18.787345999999957,1,1,1,0.015166006051003933
626,18.817345999999958,1,1,1,0.015167053788900375
627,18.84734599999996,2,1,2,0.022333930246531963
628,18.87734599999996,1,1,2,0.016707926988601685
629,18.90734599999996,2,1,2,0.024250010028481483
630,18.937345999999962,2,1,2,0.029667047783732414
631,18.967345999999964,1,1,2,0.017457990907132626
632,18.997345999999965,1,1,2,0.016583013348281384
633,19.027345999999966,2,1,2,0.029374961741268635
634,19.057345999999967,1,1,2,0.01666706521064043
635,19.087345999999968,1,1,2,0.03229198046028614
636,19.11734599999997,1,1,1,0.01791701652109623
637,19.14734599999997,1,1,1,0.015457975678145885
638,19.17734599999997,1,1,1,0.015750061720609665
639,19.207345999999973,1,1,1,0.015374971553683281
640,19.237345999999974,1,1,1,0.0149579718708992
641,19.267345999999975,1,1,1,0.014874967746436596
642,19.297345999999976,1,1,1,0.015083001926541328
643,19.327345999999977,1,1,1,0.015124911442399025
644,19.35734599999998,2,1,2,0.024000066332519054
645,19.38734599999998,1,1,2,0.017874990589916706
646,19.41734599999998,1,0,2,0.0112500274553895
647,19.447345999999982,1,0,2,0.017541926354169846
648,19.477345999999983,1,1,1,0.016834004782140255
649,19.507345999999984,1,1,1,0.015791039913892746
650,19.537345999999985,1,1,1,0.015125027857720852
651,19.567345999999986,1,1,1,0.015083001926541328
652,19.597345999999987,1,1,1,0.015457975678145885
653,19.62734599999999,1,1,1,0.015666941180825233
654,19.65734599999999,1,1,1,0.015249941498041153
655,19.68734599999999,1,1,1,0.01491699367761612
656,19.717345999999992,1,1,1,0.015042023733258247
657,19.747345999999993,1,1,1,0.015332945622503757
658,19.777345999999994,1,1,1,0.015415949746966362
659,19.807345999999995,1,1,1,0.016042031347751617
660,19.837345999999997,1,1,1,0.015416997484862804
661,19.867345999999998,1,1,1,0.015042023733258247
662,19.897346,1,1,1,0.014792080037295818
663,19.927346,1,1,1,0.014791963621973991
664,19.957346,1,1,1,0.014790915884077549
665,19.987346000000002,1,1,1,0.014666002243757248
666,20.017346000000003,1,1,1,0.014791963621973991
667,20.047346000000005,1,1,1,0.015042023733258247
668,20.077346000000006,2,1,2,0.023082946427166462
669,20.107346000000007,1,1,2,0.018125050701200962
670,20.137346000000008,1,0,3,0.010375049896538258
671,20.16734600000001,1,1,2,0.03400002606213093
672,20.19734600000001,1,1,2,0.018834020011126995
673,20.22734600000001,1,1,1,0.017499900422990322
674,20.257346000000013,1,1,1,0.015167053788900375
675,20.287346000000014,2,1,2,0.022249994799494743
676,20.317346000000015,2,1,3,0.025165965780615807
677,20.347346000000016,1,1,3,0.0185410026460886
678,20.377346000000017,1,1,2,0.020124949514865875
679,20.407346000000018,1,1,1,0.017249956727027893
680,20.43734600000002,2,1,2,0.023542088456451893
681,20.46734600000002,1,1,2,0.016625039279460907
682,20.49734600000002,1,1,2,0.016290927305817604
683,20.527346000000023,1,1,1,0.016042031347751617
684,20.557346000000024,1,1,1,0.015124911442399025
685,20.587346000000025,1,1,1,0.015416997484862804
686,20.617346000000026,1,1,1,0.015459023416042328
687,20.647346000000027,1,1,1,0.015042023733258247
688,20.67734600000003,1,1,1,0.014999997802078724
689,20.70734600000003,1,1,1,0.015166006051003933
690,20.73734600000003,1,1,1,0.0148330582305789
691,20.767346000000032,1,1,1,0.0149579718708992
692,20.797346000000033,1,1,1,0.0148330582305789
693,20.827346000000034,2,1,2,0.02191704697906971
694,20.857346000000035,2,1,2,0.024209031835198402
695,20.887346000000036,2,2,2,0.029416056349873543
696,20.917346000000038,2,1,3,0.024124979972839355
697,20.94734600000004,1,1,3,0.01850002445280552
698,20.97734600000004,2,2,3,0.03112491685897112
699,21.00734600000004,1,1,2,0.01883308868855238
700,21.037346000000042,2,2,2,0.180334085598588
701,21.067346000000043,2,1,2,0.03170792479068041
702,21.097346000000044,1,1,2,0.018457998521625996
703,21.127346000000045,2,1,3,0.02491706982254982
704,21.157346000000047,1,1,2,0.019000028260052204
705,21.187346000000048,1,1,2,0.016457983292639256
706,21.21734600000005,1,1,1,0.016417005099356174
707,21.24734600000005,2,1,2,0.023041036911308765
708,21.27734600000005,2,1,2,0.025165965780615807
709,21.307346000000052,1,1,2,0.017541926354169846
710,21.337346000000053,1,1,2,0.01691700890660286
711,21.367346000000055,1,1,1,0.01750001683831215
712,21.397346000000056,3,1,3,0.028667040169239044
713,21.427346000000057,2,1,3,0.025124987587332726
714,21.457346000000058,2,1,3,0.02637505531311035
715,21.48734600000006,3,2,3,0.047042034566402435
716,21.51734600000006,2,1,3,0.03179104533046484
717,21.54734600000006,3,2,3,0.04600000102072954
718,21.577346000000063,3,3,3,0.04466704558581114
719,21.607346000000064,2,2,3,0.032832962460815907
720,21.637346000000065,2,2,3,0.04962494131177664
721,21.667346000000066,2,2,3,0.03324996214359999
722,21.697346000000067,3,2,3,0.04516704939305782
723,21.727346000000068,1,1,3,0.01908303238451481
724,21.75734600000007,1,1,3,0.01783308107405901
725,21.78734600000007,1,1,1,0.018333084881305695
726,21.81734600000007,1,1,1,0.01583306584507227
727,21.847346000000073,1,1,1,0.01554097980260849
728,21.877346000000074,1,1,1,0.015167053788900375
729,21.907346000000075,1,1,1,0.015291967429220676
730,21.937346000000076,2,1,2,0.02337503246963024
731,21.967346000000077,2,1,3,0.024416949599981308
732,21.99734600000008,2,1,3,0.026041059754788876
733,22.02734600000008,2,1,3,0.02537504769861698
734,22.05734600000008,1,1,3,0.01791701652109623
735,22.087346000000082,1,1,2,0.01804193016141653
736,22.117346000000083,1,1,1,0.016749952919781208
737,22.147346000000084,1,1,1,0.016291975043714046
738,22.177346000000085,1,1,1,0.015541911125183105
739,22.207346000000086,1,1,1,0.015541911125183105
740,22.237346000000088,2,1,2,0.022416934370994568
741,22.26734600000009,1,1,2,0.017542042769491673
742,22.29734600000009,2,1,2,0.025792047381401062
743,22.32734600000009,1,1,2,0.017666956409811974
744,22.357346000000092,2,1,3,0.024792039766907692
745,22.387346000000093,2,0,3,0.02779101487249136
746,22.417346000000094,2,2,3,0.0524159986525774
747,22.447346000000096,2,1,3,0.033708056434988976
748,22.477346000000097,1,1,2,0.020332983694970608
749,22.507346000000098,1,0,2,0.01725007314234972
750,22.5373460000001,1,1,2,0.01750001683831215
751,22.5673460000001,1,1,1,0.018582912161946297
752,22.5973460000001,1,1,1,0.01616694498807192
753,22.627346000000102,1,1,1,0.016207923181355
754,22.657346000000103,1,1,1,0.01570803578943014
755,22.687346000000105,1,1,1,0.016375095583498478
756,22.717346000000106,1,1,1,0.015874975360929966
757,22.747346000000107,1,1,1,0.01637497916817665
758,22.777346000000108,1,1,1,0.015500001609325409
759,22.80734600000011,1,1,1,0.015958910807967186
760,22.83734600000011,1,1,1,0.01691700890660286
761,22.86734600000011,1,1,1,0.016249949112534523
762,22.897346000000113,1,1,1,0.015915953554213047
763,22.927346000000114,1,1,1,0.015291967429220676
764,22.957346000000115,2,1,2,0.023916945792734623
765,22.987346000000116,2,0,3,0.018417020328342915
766,23.017346000000117,1,0,3,0.01908303238451481
767,23.04734600000012,1,1,2,0.01850002445280552
768,23.07734600000012,1,1,1,0.017040991224348545
769,23.10734600000012,2,1,2,0.02254103310406208
770,23.13734600000012,1,1,2,0.017124926671385765
771,23.167346000000123,1,1,2,0.016874982975423336
772,23.197346000000124,1,1,1,0.017582904547452927
773,23.227346000000125,1,1,1,0.016000005416572094
774,23.257346000000126,1,1,1,0.016457983292639256
775,23.287346000000127,1,1,1,0.015249941498041153
776,23.31734600000013,2,1,2,0.02220796886831522
777,23.34734600000013,2,1,2,0.02520799171179533
778,23.37734600000013,1,1,2,0.03454193938523531
779,23.407346000000132,2,2,2,0.031542032957077026
780,23.437346000000133,1,1,2,0.01750001683831215
781,23.467346000000134,2,1,2,0.03020802978426218
782,23.497346000000135,3,2,3,0.03800005652010441
783,23.527346000000136,2,1,3,0.025333021767437458
784,23.557346000000138,2,1,3,0.03258301876485348
785,23.58734600000014,2,2,3,0.034208991564810276
786,23.61734600000014,1,1,2,0.019749975763261318
787,23.64734600000014,1,1,2,0.019542057998478413
788,23.677346000000142,1,1,1,0.018332968465983868
789,23.707346000000143,1,1,1,0.016749952919781208
790,23.737346000000144,2,1,2,0.024416018277406693
791,23.767346000000146,2,1,2,0.02716702874749899
792,23.797346000000147,2,2,2,0.03245798870921135
793,23.827346000000148,3,2,3,0.03979192115366459
794,23.85734600000015,2,1,3,0.027916976250708103
795,23.88734600000015,2,1,4,0.02737506292760372
796,23.91734600000015,1,1,3,0.02150004729628563
797,23.947346000000152,1,1,2,0.018750084564089775
798,23.977346000000153,1,1,1,0.017915968783199787
799,24.007346000000155,1,1,1,0.01716695260256529
800,24.037346000000156,2,1,2,0.02433289773762226
801,24.067346000000157,1,1,2,0.034917029552161694
802,24.097346000000158,1,1,2,0.018290942534804344
803,24.12734600000016,1,1,1,0.01829105895012617
804,24.15734600000016,1,1,1,0.017125043086707592
805,24.18734600000016,1,1,1,0.01650000922381878
806,24.217346000000163,1,1,1,0.015791039913892746
807,24.247346000000164,1,1,1,0.016167061403393745
808,24.277346000000165,1,1,1,0.015500001609325409
809,24.307346000000166,2,1,2,0.022124964743852615
810,24.337346000000167,2,1,2,0.025374931283295155
811,24.36734600000017,2,1,2,0.029916991479694843
812,24.39734600000017,1,1,2,0.017999904230237007
813,24.42734600000017,1,1,2,0.0189170241355896
814,24.45734600000017,2,2,2,0.033374992199242115
815,24.487346000000173,2,2,2,0.03345799632370472
816,24.517346000000174,2,1,2,0.035792007111012936
817,24.547346000000175,2,2,2,0.03200001083314419
818,24.577346000000176,2,2,2,0.0314170029014349
819,24.607346000000177,2,2,2,0.03516604192554951
820,24.63734600000018,2,2,2,0.030166935175657272
821,24.66734600000018,2,2,2,0.029999995604157448
822,24.69734600000018,2,2,2,0.030166003853082657
823,24.727346000000182,2,2,2,0.02958404365926981
824,24.757346000000183,2,2,2,0.047874986194074154
825,24.787346000000184,2,2,2,0.030583003535866737
826,24.817346000000185,2,2,2,0.030832947231829166
827,24.847346000000186,2,2,2,0.029957969672977924
828,24.877346000000188,2,2,2,0.029792077839374542
829,24.90734600000019,2,2,2,0.031250063329935074
830,24.93734600000019,2,2,2,0.030374969355762005
831,24.96734600000019,2,2,2,0.029082992114126682
832,24.997346000000192,2,2,2,0.029416987672448158
833,25.027346000000193,2,2,2,0.02895807847380638
834,25.057346000000194,2,2,2,0.03033305983990431
835,25.087346000000196,2,2,2,0.02920802216976881
836,25.117346000000197,2,2,2,0.02945796586573124
837,25.147346000000198,1,1,2,0.01762493047863245
838,25.1773460000002,2,2,2,0.02987496554851532
839,25.2073460000002,3,2,3,0.03833300434052944
840,25.2373460000002,3,2,3,0.0391670037060976
841,25.267346000000202,2,2,3,0.05020794924348593
842,25.297346000000204,1,1,3,0.01962494570761919
843,25.327346000000205,2,1,2,0.03316707443445921
844,25.357346000000206,2,2,2,0.03224995452910662
845,25.387346000000207,3,2,3,0.04066701512783766
846,25.417346000000208,1,1,3,0.01895800232887268
847,25.44734600000021,2,1,3,0.032084062695503235
848,25.47734600000021,3,2,3,0.040541053749620914
849,25.50734600000021,2,2,3,0.03216706681996584
850,25.537346000000213,3,2,3,0.03916607238352299
851,25.567346000000214,2,2,3,0.03487500362098217
852,25.597346000000215,1,1,3,0.019749975763261318
853,25.627346000000216,1,1,2,0.018915976397693157
854,25.657346000000217,2,2,2,0.032125040888786316
855,25.68734600000022,3,2,3,0.03774999640882015
856,25.71734600000022,2,1,3,0.025416025891900063
857,25.74734600000022,2,2,3,0.03266602288931608
858,25.77734600000022,1,1,2,0.01920794602483511
859,25.807346000000223,2,1,2,0.05095801316201687
860,25.837346000000224,2,2,2,0.032625044696033
861,25.867346000000225,2,1,3,0.02558401320129633
862,25.897346000000226,1,1,3,0.018832972273230553
863,25.927346000000227,1,1,2,0.01879094634205103
864,25.95734600000023,1,1,1,0.01825008075684309
865,25.98734600000023,1,1,1,0.015750061720609665
866,26.01734600000023,1,1,1,0.016166013665497303
867,26.047346000000232,1,1,1,0.01595797948539257
868,26.077346000000233,1,1,1,0.014959019608795643
869,26.107346000000234,1,1,1,0.015042023733258247
870,26.137346000000235,1,1,1,0.014749937690794468
871,26.167346000000236,1,1,1,0.014791963621973991
872,26.197346000000238,1,1,1,0.014833989553153515
873,26.22734600000024,1,1,1,0.015208031982183456
874,26.25734600000024,1,1,1,0.016415957361459732
875,26.28734600000024,1,1,1,0.0149579718708992
876,26.317346000000242,1,1,1,0.015375087969005108
877,26.347346000000243,1,1,1,0.014791032299399376
878,26.377346000000244,1,1,1,0.014915945939719677
879,26.407346000000246,1,1,1,0.014915945939719677
880,26.437346000000247,1,1,1,0.015416997484862804
881,26.467346000000248,1,1,1,0.014874967746436596
882,26.49734600000025,1,1,1,0.015791039913892746
883,26.52734600000025,1,1,1,0.01500011421740055
884,26.55734600000025,1,1,1,0.015374971553683281
885,26.587346000000252,2,1,2,0.022583059035241604
886,26.617346000000254,2,1,2,0.024124979972839355
887,26.647346000000255,1,1,2,0.016959034837782383
888,26.677346000000256,2,1,2,0.02916704397648573
889,26.707346000000257,1,1,2,0.016583013348281384
890,26.737346000000258,2,1,2,0.046332948841154575
891,26.76734600000026,2,1,2,0.029333983547985554
892,26.79734600000026,2,2,2,0.030583003535866737
893,26.82734600000026,2,2,2,0.030084047466516495
894,26.857346000000263,2,2,2,0.03054190892726183
895,26.887346000000264,1,1,2,0.017332960851490498
896,26.917346000000265,2,1,3,0.023707980290055275
897,26.947346000000266,2,1,2,0.02704199869185686
898,26.977346000000267,1,1,2,0.01695798709988594
899,27.00734600000027,1,1,2,0.016459031030535698
900,27.03734600000027,2,1,2,0.02366607077419758
901,27.06734600000027,1,0,3,0.009999959729611874
902,27.09734600000027,3,1,4,0.03333296626806259
903,27.127346000000273,2,0,3,0.026999972760677338
904,27.157346000000274,3,2,3,0.04499999340623617
905,27.187346000000275,1,0,3,0.018916907720267773
906,27.217346000000276,1,0,3,0.018666964024305344
907,27.247346000000277,1,1,1,0.01933402381837368
908,27.27734600000028,2,1,2,0.023791915737092495
909,27.30734600000028,2,1,2,0.026666908524930477
910,27.33734600000028,2,2,2,0.03279210068285465
911,27.367346000000282,2,2,2,0.02975005190819502
912,27.397346000000283,2,2,2,0.049749971367418766
913,27.427346000000284,2,2,2,0.033125048503279686
914,27.457346000000285,2,2,2,0.03291596658527851
915,27.487346000000286,2,2,2,0.03129197284579277
916,27.517346000000288,2,2,2,0.03091595135629177
917,27.54734600000029,3,2,3,0.03966700751334429
918,27.57734600000029,2,2,3,0.03300001844763756
919,27.60734600000029,2,2,3,0.032041105441749096
920,27.637346000000292,2,2,2,0.03250001464039087
921,27.667346000000293,2,2,2,0.03145798109471798
922,27.697346000000294,2,2,2,0.032625044696033
923,27.727346000000296,2,2,2,0.030542025342583656
924,27.757346000000297,1,1,2,0.017625046893954277
925,27.787346000000298,1,1,2,0.017290934920310974
926,27.8173460000003,1,1,1,0.017999904230237007
927,27.8473460000003,1,1,1,0.016125035472214222
928,27.8773460000003,1,1,1,0.01633400097489357
929,27.907346000000302,1,1,1,0.016666948795318604
930,27.937346000000304,2,1,2,0.0237500062212348
931,27.967346000000305,1,1,2,0.018249964341521263
932,27.997346000000306,1,1,2,0.01691700890660286
933,28.027346000000307,1,1,1,0.01637497916817665
934,28.057346000000308,1,1,1,0.015292083844542503
935,28.08734600000031,1,1,1,0.01570803578943014
936,28.11734600000031,1,1,1,0.0321660190820694
937,28.14734600000031,2,1,2,0.023707980290055275
938,28.177346000000313,1,1,2,0.01716695260256529
939,28.207346000000314,2,1,3,0.02475001383572817
940,28.237346000000315,1,1,2,0.018291990272700787
941,28.267346000000316,2,1,3,0.02404197584837675
942,28.297346000000317,2,1,2,0.025792047381401062
943,28.32734600000032,1,1,2,0.01708301715552807
944,28.35734600000032,2,1,2,0.031000003218650818
945,28.38734600000032,3,2,3,0.03908306825906038
946,28.41734600000032,1,1,3,0.019332976080477238
947,28.447346000000323,2,2,3,0.03208394628018141
948,28.477346000000324,2,2,2,0.03233307506889105
949,28.507346000000325,2,2,2,0.03316695801913738
950,28.537346000000326,2,2,2,0.030875089578330517
951,28.567346000000327,1,1,2,0.01750001683831215
952,28.59734600000033,1,1,2,0.017000013031065464
953,28.62734600000033,1,1,1,0.01808407250791788
954,28.65734600000033,1,1,1,0.01629104372113943
955,28.687346000000332,1,1,1,0.015750061720609665
956,28.717346000000333,1,1,1,0.016291975043714046
957,28.747346000000334,2,1,2,0.023416010662913322
958,28.777346000000335,2,1,2,0.025707995519042015
959,28.807346000000337,2,1,2,0.04820793401449919
960,28.837346000000338,1,1,2,0.018416903913021088
961,28.86734600000034,1,1,2,0.01708301715552807
962,28.89734600000034,1,1,1,0.0185410026460886
963,28.92734600000034,1,1,1,0.016166013665497303
964,28.957346000000342,1,1,1,0.01554097980260849
965,28.987346000000343,1,1,1,0.016290927305817604
966,29.017346000000344,1,1,1,0.016040983609855175
967,29.047346000000346,1,1,1,0.01570803578943014
968,29.077346000000347,1,1,1,0.014999997802078724
969,29.107346000000348,1,1,1,0.0148330582305789
970,29.13734600000035,2,1,2,0.023667002096772194
971,29.16734600000035,2,1,2,0.02575002145022154
972,29.19734600000035,2,2,2,0.03237510100007057
973,29.227346000000352,2,2,2,0.03154110163450241
974,29.257346000000354,2,2,2,0.03212492447346449
975,29.287346000000355,1,1,2,0.01837499439716339
976,29.317346000000356,1,1,2,0.01754099503159523
977,29.347346000000357,2,1,2,0.031957984901964664
978,29.377346000000358,2,2,2,0.03070896491408348
979,29.40734600000036,2,2,2,0.031957984901964664
980,29.43734600000036,2,2,2,0.032624928280711174
981,29.46734600000036,1,1,2,0.01783308107405901
982,29.497346000000363,1,1,2,0.017332960851490498
983,29.527346000000364,1,1,1,0.018499908037483692
984,29.557346000000365,2,1,2,0.023124972358345985
985,29.587346000000366,2,1,2,0.026499968953430653
986,29.617346000000367,1,1,2,0.18220802303403616
987,29.64734600000037,2,1,2,0.03187498077750206
988,29.67734600000037,1,1,2,0.019291997887194157
989,29.70734600000037,1,1,2,0.018249964341521263
990,29.73734600000037,1,1,1,0.01708290074020624
991,29.767346000000373,1,0,2,0.009624985978007317
992,29.797346000000374,1,1,2,0.017625046893954277
993,29.827346000000375,1,1,2,0.01637497916817665
994,29.857346000000376,1,0,2,0.010375049896538258
995,29.887346000000377,1,0,2,0.017541926354169846
996,29.91734600000038,1,0,2,0.0176670728251338
997,29.94734600000038,1,0,1,0.016875099390745163
998,29.97734600000038,1,1,1,0.01591700129210949
999,30.007346000000382,1,1,1,0.015292083844542503
1000,30.037346000000383,1,1,1,0.015459023416042328
1001,30.067346000000384,1,1,1,0.015208031982183456
1002,30.097346000000385,1,1,1,0.015291036106646061
1003,30.127346000000387,1,1,1,0.015166937373578548
1004,30.157346000000388,1,1,1,0.016249949112534523
1005,30.18734600000039,1,1,1,0.01579092349857092
1006,30.21734600000039,2,1,2,0.02295803278684616
1007,30.24734600000039,1,1,2,0.01679197885096073
1008,30.277346000000392,1,1,2,0.016625039279460907
1009,30.307346000000393,2,1,2,0.025082961656153202
1010,30.337346000000394,2,1,2,0.027499976567924023
1011,30.367346000000396,3,1,3,0.03774999640882015
1012,30.397346000000397,3,2,4,0.041207997128367424
1013,30.427346000000398,2,2,4,0.05304196383804083
1014,30.4573460000004,2,2,3,0.03833300434052944
1015,30.4873460000004,2,1,3,0.028250040486454964
1016,30.5173460000004,2,1,4,0.02716702874749899
1017,30.547346000000402,2,1,3,0.028999987989664078
1018,30.577346000000404,2,1,3,0.026958994567394257
1019,30.607346000000405,2,1,3,0.026250025257468224
1020,30.637346000000406,2,1,2,0.032499898225069046
1021,30.667346000000407,2,2,2,0.0310409814119339
1022,30.697346000000408,2,2,2,0.03033294342458248
1023,30.72734600000041,2,2,2,0.030708033591508865
1024,30.75734600000041,2,2,2,0.03062502946704626
1025,30.78734600000041,1,1,2,0.01737498678267002
1026,30.817346000000413,1,1,2,0.017583020962774754
1027,30.847346000000414,2,1,2,0.03133295103907585
1028,30.877346000000415,2,2,2,0.031542032957077026
1029,30.907346000000416,2,2,2,0.02958404365926981
1030,30.937346000000417,2,2,2,0.030583003535866737
1031,30.96734600000042,1,1,2,0.01662492286413908
1032,30.99734600000042,2,1,3,0.024000066332519054
1033,31.02734600000042,2,1,2,0.044208019971847534
1034,31.057346000000422,1,1,2,0.01979200169444084
1035,31.087346000000423,1,1,2,0.017749960534274578
1036,31.117346000000424,1,1,1,0.017874990589916706
1037,31.147346000000425,2,1,2,0.02437504008412361
1038,31.177346000000426,2,1,2,0.02475001383572817
1039,31.207346000000427,1,1,2,0.01795799471437931
1040,31.23734600000043,1,1,2,0.016666948795318604
1041,31.26734600000043,2,1,2,0.02362497616559267
1042,31.29734600000043,1,1,2,0.01762493047863245
1043,31.327346000000432,1,1,2,0.01733400858938694
1044,31.357346000000433,1,1,1,0.017666956409811974
1045,31.387346000000434,1,1,1,0.016166013665497303
1046,31.417346000000435,2,1,2,0.022165942937135696
1047,31.447346000000437,2,1,2,0.02479099202901125
1048,31.477346000000438,2,1,3,0.02358399797230959
1049,31.50734600000044,2,1,3,0.026709050871431828
1050,31.53734600000044,2,1,3,0.03579189069569111
1051,31.56734600000044,1,1,3,0.019542057998478413
1052,31.597346000000442,1,1,2,0.018750084564089775
1053,31.627346000000443,2,1,2,0.031166011467576027
1054,31.657346000000445,2,2,2,0.031291041523218155
1055,31.687346000000446,1,1,2,0.017208047211170197
1056,31.717346000000447,2,2,2,0.03208301495760679
1057,31.747346000000448,2,2,2,0.04783296026289463
1058,31.77734600000045,1,1,2,0.023082946427166462
1059,31.80734600000045,1,0,2,0.01837499439716339
1060,31.83734600000045,1,1,2,0.017415964975953102
1061,31.867346000000452,1,1,1,0.018541933968663216
1062,31.897346000000454,0,0,1,0.0028329668566584587
1063,31.927346000000455,0,0,1,0.0022079329937696457
1064,31.957346000000456,2,0,2,0.016125035472214222
1065,31.987346000000457,1,0,2,0.011375057511031628
1066,32.01734600000046,2,0,3,0.02320797648280859
1067,32.04734600000046,2,0,2,0.025000073947012424
1068,32.07734600000046,1,0,2,0.016916077584028244
1069,32.10734600000046,1,1,2,0.016625039279460907
1070,32.13734600000046,2,1,2,0.024999957531690598
1071,32.167346000000464,1,1,2,0.017290934920310974
1072,32.197346000000465,1,1,2,0.016666017472743988
1073,32.227346000000466,1,1,1,0.01625006552785635
1074,32.25734600000047,1,1,1,0.015459023416042328
1075,32.28734600000047,1,1,1,0.015167053788900375
1076,32.31734600000047,1,1,1,0.014915945939719677
1077,32.34734600000047,1,1,1,0.015208031982183456
1078,32.37734600000047,1,1,1,0.015625031664967537
1079,32.40734600000047,1,1,1,0.0148330582305789
1080,32.437346000000474,2,1,2,0.021582935005426407
1081,32.467346000000475,2,0,3,0.017750076949596405
1082,32.497346000000476,1,1,3,0.018666032701730728
1083,32.52734600000048,1,0,2,0.019167084246873856
1084,32.55734600000048,1,0,1,0.01650000922381878
1085,32.58734600000048,1,1,1,0.015541911125183105
1086,32.61734600000048,1,1,1,0.016000005416572094
1087,32.64734600000048,2,1,2,0.022958964109420776
1088,32.67734600000048,1,1,2,0.017415964975953102
1089,32.707346000000484,2,1,2,0.025292043574154377
1090,32.737346000000485,2,1,3,0.02520799171179533
1091,32.76734600000049,1,0,3,0.031083938665688038
1092,32.79734600000049,2,0,3,0.03412493970245123
1093,32.82734600000049,2,1,2,0.032665906473994255
1094,32.85734600000049,2,2,2,0.03004202153533697
1095,32.88734600000049,1,1,2,0.016834004782140255
1096,32.91734600000049,1,1,2,0.016583944670856
1097,32.94734600000049,1,1,1,0.01725007314234972
1098,32.977346000000495,2,1,2,0.02287491224706173
1099,33.007346000000496,2,1,2,0.02366595435887575
1100,33.0373460000005,1,1,2,0.01679209526628256
1101,33.0673460000005,1,1,2,0.01637497916817665
1102,33.0973460000005,2,1,2,0.02445909194648266
1103,33.1273460000005,2,1,2,0.024333014152944088
1104,33.1573460000005,2,1,3,0.023958971723914146
1105,33.1873460000005,2,1,3,0.025333021767437458
1106,33.217346000000504,2,2,2,0.03116705920547247
1107,33.247346000000505,2,1,3,0.023416941985487938
1108,33.277346000000506,1,0,3,0.011791940778493881
1109,33.30734600000051,2,2,2,0.03195903263986111
1110,33.33734600000051,2,1,2,0.03004202153533697
1111,33.36734600000051,2,2,2,0.029582995921373367
1112,33.39734600000051,1,1,2,0.01679197885096073
1113,33.42734600000051,2,2,2,0.029583927243947983
1114,33.45734600000051,1,1,2,0.03550003748387098
1115,33.487346000000514,2,2,2,0.031166942790150642
1116,33.517346000000515,2,2,2,0.030375085771083832
1117,33.547346000000516,2,2,2,0.03358395770192146
1118,33.57734600000052,2,2,2,0.031083007343113422
1119,33.60734600000052,2,2,2,0.03041699528694153
1120,33.63734600000052,3,2,3,0.03758398815989494
1121,33.66734600000052,4,2,4,0.04854204598814249
1122,33.69734600000052,3,2,4,0.047584064304828644
1123,33.72734600000052,3,3,4,0.04937499761581421
1124,33.757346000000524,2,2,3,0.03462505992501974
1125,33.787346000000525,2,2,3,0.032250070944428444
1126,33.817346000000526,4,3,4,0.054333009757101536
1127,33.84734600000053,3,3,4,0.04920794162899256
1128,33.87734600000053,3,3,4,0.06749993190169334
1129,33.90734600000053,2,2,3,0.03491598181426525
1130,33.93734600000053,2,2,3,0.033791991882026196
1131,33.96734600000053,3,3,3,0.04545797128230333
1132,33.99734600000053,3,3,3,0.04520895890891552
1133,34.027346000000534,3,3,3,0.04575005732476711
1134,34.057346000000535,4,3,4,0.0515420688316226
1135,34.08734600000054,4,3,4,0.05849997978657484
1136,34.11734600000054,3,3,4,0.04912505391985178
1137,34.14734600000054,3,2,4,0.05012506153434515
1138,34.17734600000054,4,3,4,0.06508303340524435
1139,34.20734600000054,3,3,4,0.06999995093792677
1140,34.23734600000054,3,3,4,0.05091691855341196
1141,34.26734600000054,2,2,3,0.0355839729309082
1142,34.297346000000545,3,3,3,0.046666013076901436
1143,34.327346000000546,3,3,3,0.04691700451076031
1144,34.35734600000055,3,3,3,0.04966696724295616
1145,34.38734600000055,3,3,3,0.04891690332442522
1146,34.41734600000055,3,3,3,0.046083005145192146
1147,34.44734600000055,3,3,3,0.04458299372345209
1148,34.47734600000055,3,3,3,0.04766706842929125
1149,34.50734600000055,2,1,4,0.02758402843028307
1150,34.537346000000554,2,1,4,0.028916983865201473
1151,34.567346000000555,2,2,3,0.03654195461422205
1152,34.597346000000556,1,0,3,0.038375030271708965
1153,34.62734600000056,1,1,2,0.02020795363932848
1154,34.65734600000056,2,1,2,0.025791930966079235
1155,34.68734600000056,2,0,3,0.017834012396633625
1156,34.71734600000056,3,1,4,0.032207928597927094
1157,34.74734600000056,2,1,3,0.028458074666559696
1158,34.77734600000056,1,0,3,0.019083963707089424
1159,34.807346000000564,2,1,2,0.03308302257210016
1160,34.837346000000565,2,1,2,0.030459021218121052
1161,34.867346000000566,2,2,2,0.029249931685626507
1162,34.89734600000057,2,2,2,0.029999995604157448
1163,34.92734600000057,1,1,2,0.017208047211170197
1164,34.95734600000057,2,1,2,0.031000003218650818
1165,34.98734600000057,2,2,2,0.030374969355762005
1166,35.01734600000057,1,1,2,0.016959034837782383
1167,35.04734600000057,1,1,2,0.01720793079584837
1168,35.077346000000574,1,1,1,0.017666956409811974
1169,35.107346000000575,1,1,1,0.015500001609325409
1170,35.137346000000576,1,1,1,0.015374971553683281
1171,35.16734600000058,1,1,1,0.015208963304758072
1172,35.19734600000058,1,1,1,0.0149579718708992
1173,35.22734600000058,1,1,1,0.015374971553683281
1174,35.25734600000058,1,1,1,0.015249941498041153
1175,35.28734600000058,1,1,1,0.015166006051003933
1176,35.31734600000058,2,1,2,0.022416003048419952
1177,35.347346000000584,2,1,3,0.024833017960190773
1178,35.377346000000585,2,1,4,0.04370906390249729
1179,35.40734600000059,2,1,4,0.027499976567924023
1180,35.43734600000059,2,1,4,0.029082992114126682
1181,35.46734600000059,3,1,5,0.0327499583363533
1182,35.49734600000059,3,1,6,0.03666698466986418
1183,35.52734600000059,4,1,7,0.047999899834394455
1184,35.55734600000059,4,1,7,0.046083005145192146
1185,35.58734600000059,4,2,8,0.0540000619366765
1186,35.617346000000595,2,1,7,0.035415985621511936
1187,35.647346000000596,2,1,6,0.031540985219180584
1188,35.6773460000006,2,1,4,0.031374976970255375
1189,35.7073460000006,4,1,6,0.04183303099125624
1190,35.7373460000006,4,1,7,0.07137504871934652
1191,35.7673460000006,3,1,7,0.04287506453692913
1192,35.7973460000006,3,2,5,0.04966696724295616
1193,35.8273460000006,1,1,3,0.02416700590401888
1194,35.857346000000604,1,1,3,0.02070807386189699
1195,35.887346000000605,2,1,2,0.03495905548334122
1196,35.917346000000606,2,2,2,0.031957984901964664
1197,35.94734600000061,2,2,2,0.033791991882026196
1198,35.97734600000061,1,1,2,0.01920794602483511
1199,36.00734600000061,2,1,2,0.03129197284579277
1200,36.03734600000061,1,0,2,0.01808290835469961
1201,36.06734600000061,0,0,2,0.00400003045797348
1202,36.09734600000061,2,1,3,0.024957931600511074
1203,36.127346000000614,2,1,2,0.028209062293171883
1204,36.157346000000615,1,1,2,0.019083963707089424
1205,36.187346000000616,1,1,2,0.018249964341521263
1206,36.21734600000062,1,1,1,0.01766590867191553
1207,36.24734600000062,1,1,1,0.016207923181355
1208,36.27734600000062,2,1,2,0.022332998923957348
1209,36.30734600000062,2,1,2,0.02537504769861698
1210,36.33734600000062,1,1,2,0.016916892491281033
1211,36.36734600000062,2,1,2,0.03204098902642727
1212,36.397346000000624,1,1,2,0.018000020645558834
1213,36.427346000000625,2,1,2,0.05008396692574024
1214,36.457346000000626,1,1,2,0.018166028894484043
1215,36.48734600000063,0,0,2,0.0040839659050107
1216,36.51734600000063,1,0,2,0.011625001206994057
1217,36.54734600000063,2,1,3,0.025292043574154377
1218,36.57734600000063,1,0,3,0.011958996765315533
1219,36.60734600000063,3,1,3,0.041291932575404644
1220,36.63734600000063,3,2,3,0.04591699689626694
1221,36.667346000000634,3,2,3,0.04516704939305782
1222,36.697346000000636,2,2,3,0.0350000336766243
1223,36.72734600000064,1,1,3,0.019458006136119366
1224,36.75734600000064,3,2,3,0.04754203837364912
1225,36.78734600000064,3,3,3,0.047874986194074154
1226,36.81734600000064,3,3,3,0.04954205360263586
1227,36.84734600000064,3,3,3,0.04754099063575268
1228,36.87734600000064,3,3,3,0.047874986194074154
1229,36.90734600000064,3,3,3,0.22516690660268068
1230,36.937346000000645,3,3,3,0.04745798651129007
1231,36.967346000000646,2,2,3,0.0362080754712224
1232,36.99734600000065,3,2,4,0.04299997817724943
1233,37.02734600000065,2,2,3,0.037082936614751816
1234,37.05734600000065,2,2,3,0.03287498839199543
1235,37.08734600000065,3,2,3,0.044082989916205406
1236,37.11734600000065,3,2,3,0.04208402242511511
1237,37.14734600000065,2,2,3,0.03366603050380945
1238,37.177346000000654,3,2,3,0.0477079302072525
1239,37.207346000000655,3,3,3,0.04791701212525368
1240,37.237346000000656,3,3,3,0.046791043132543564
1241,37.26734600000066,3,3,3,0.04583294503390789
1242,37.29734600000066,3,3,3,0.06512494292110205
1243,37.32734600000066,2,2,3,0.03445800393819809
1244,37.35734600000066,1,1,3,0.02062495332211256
1245,37.38734600000066,1,1,3,0.019000028260052204
1246,37.41734600000066,1,1,2,0.02208305522799492
1247,37.447346000000664,2,1,2,0.026708003133535385
1248,37.477346000000665,2,1,2,0.026999972760677338
1249,37.507346000000666,1,0,2,0.01816696021705866
1250,37.53734600000067,2,2,2,0.030916067771613598
1251,37.56734600000067,2,2,2,0.02987496554851532
1252,37.59734600000067,2,2,2,0.03224995452910662
1253,37.62734600000067,2,2,2,0.030916999094188213
1254,37.65734600000067,2,2,2,0.030125025659799576
1255,37.68734600000067,2,2,2,0.0302919652312994
1256,37.717346000000674,1,1,2,0.01795799471437931
1257,37.747346000000675,2,2,2,0.030499999411404133
1258,37.777346000000676,2,2,2,0.03062502946704626
1259,37.80734600000068,2,2,2,0.03087497316300869
1260,37.83734600000068,2,2,2,0.03279105294495821
1261,37.86734600000068,2,2,2,0.03204203676432371
1262,37.89734600000068,2,2,2,0.03087497316300869
1263,37.92734600000068,2,2,2,0.05004194099456072
1264,37.95734600000068,3,2,3,0.04045793320983648
1265,37.987346000000684,3,2,3,0.041334074921905994
1266,38.017346000000686,4,2,4,0.05425000563263893
1267,38.04734600000069,4,3,4,0.05716690793633461
1268,38.07734600000069,4,4,4,0.062249950133264065
1269,38.10734600000069,4,4,4,0.061125028878450394
1270,38.13734600000069,4,4,4,0.06208301056176424
1271,38.16734600000069,3,3,4,0.048291985876858234
1272,38.19734600000069,4,4,4,0.0628340058028698
1273,38.22734600000069,4,4,4,0.09116705041378736
1274,38.257346000000695,4,4,4,0.06450002547353506
1275,38.287346000000696,3,3,4,0.05204102490097284
1276,38.3173460000007,4,4,4,0.06991694681346416
1277,38.3473460000007,3,3,4,0.049792113713920116
1278,38.3773460000007,4,4,4,0.06237498018890619
1279,38.4073460000007,3,3,4,0.048083020374178886
1280,38.4373460000007,3,3,4,0.047416891902685165
1281,38.4673460000007,3,3,3,0.04824995994567871
1282,38.497346000000704,3,3,3,0.06854196544736624
1283,38.527346000000705,4,3,4,0.05620799493044615
1284,38.557346000000706,3,2,4,0.04375004209578037
1285,38.58734600000071,2,2,4,0.03520806785672903
1286,38.61734600000071,2,2,3,0.038375030271708965
1287,38.64734600000071,2,2,2,0.034041935577988625
1288,38.67734600000071,2,2,2,0.030833063647150993
1289,38.70734600000071,2,2,2,0.03324996214359999
1290,38.73734600000071,2,2,2,0.03133306745439768
1291,38.767346000000714,1,1,2,0.01770805101841688
1292,38.797346000000715,1,1,2,0.01679197885096073
1293,38.827346000000716,2,2,2,0.03224995452910662
1294,38.85734600000072,1,1,2,0.017125043086707592
1295,38.88734600000072,2,2,2,0.030708033591508865
1296,38.91734600000072,2,2,2,0.030082999728620052
1297,38.94734600000072,2,2,2,0.030207913368940353
1298,38.97734600000072,2,2,2,0.030666007660329342
1299,39.00734600000072,2,2,2,0.03183400258421898
1300,39.037346000000724,2,2,2,0.050332979299128056
1301,39.067346000000725,2,2,2,0.0315000070258975
1302,39.09734600000073,2,2,2,0.031957984901964664
1303,39.12734600000073,2,1,3,0.027499976567924023
1304,39.15734600000073,1,1,3,0.02116698306053877
1305,39.18734600000073,2,1,2,0.029415939934551716
1306,39.21734600000073,3,2,3,0.04016596358269453
1307,39.24734600000073,2,1,3,0.027082976885139942
1308,39.27734600000073,1,1,3,0.019249971956014633
1309,39.307346000000734,3,2,3,0.040790997445583344
1310,39.337346000000736,1,1,3,0.019290950149297714
1311,39.36734600000074,3,1,4,0.04058401100337505
1312,39.39734600000074,2,1,3,0.03541691694408655
1313,39.42734600000074,2,1,3,0.03329198807477951
1314,39.45734600000074,2,2,2,0.03287498839199543
1315,39.48734600000074,2,2,2,0.03116705920547247
1316,39.51734600000074,2,2,2,0.031624920666217804
1317,39.54734600000074,2,2,2,0.032250070944428444
1318,39.577346000000745,3,2,3,0.05841604433953762
1319,39.607346000000746,3,2,3,0.041207997128367424
1320,39.63734600000075,3,3,3,0.0464579788967967
1321,39.66734600000075,3,3,3,0.04900002386420965
1322,39.69734600000075,2,2,3,0.03383297007530928
1323,39.72734600000075,1,1,3,0.022916938178241253
1324,39.75734600000075,1,1,2,0.020332983694970608
1325,39.78734600000075,1,1,1,0.019041006453335285
1326,39.817346000000754,2,1,2,0.02445792779326439
1327,39.847346000000755,2,1,3,0.02462498378008604
1328,39.877346000000756,1,1,3,0.018958933651447296
1329,39.90734600000076,1,1,2,0.0184160890057683
1330,39.93734600000076,1,1,1,0.01683307345956564
1331,39.96734600000076,1,1,1,0.015458092093467712
1332,39.99734600000076,1,1,1,0.01883308868855238
1333,40.02734600000076,1,1,1,0.016457983292639256
1334,40.05734600000076,1,1,1,0.015750061720609665
1335,40.087346000000764,1,1,1,0.015457975678145885
1336,40.117346000000765,2,1,2,0.02266606315970421
1337,40.147346000000766,1,1,2,0.01691700890660286
1338,40.17734600000077,1,1,2,0.016791047528386116
1339,40.20734600000077,1,1,1,0.016832957044243813
1340,40.23734600000077,1,1,1,0.015625031664967537
1341,40.26734600000077,2,1,2,0.02408307045698166
1342,40.29734600000077,1,1,2,0.017707934603095055
1343,40.32734600000077,1,1,2,0.016749952919781208
1344,40.357346000000774,1,1,1,0.038792029954493046
1345,40.387346000000775,1,1,1,0.016625039279460907
1346,40.41734600000078,1,1,1,0.016208039596676826
1347,40.44734600000078,1,1,1,0.01637497916817665
1348,40.47734600000078,1,1,1,0.016208970919251442
1349,40.50734600000078,1,1,1,0.015583005733788013
1350,40.53734600000078,2,1,2,0.025250017642974854
1351,40.56734600000078,2,1,2,0.025625107809901237
1352,40.59734600000078,1,1,2,0.018083956092596054
1353,40.627346000000784,2,2,2,0.03120803739875555
1354,40.657346000000786,2,2,2,0.034250086173415184
1355,40.68734600000079,2,2,2,0.031125033274292946
1356,40.71734600000079,2,2,2,0.03458303399384022
1357,40.74734600000079,2,2,2,0.03233307506889105
1358,40.77734600000079,2,2,2,0.032374984584748745
1359,40.80734600000079,1,1,2,0.017666956409811974
1360,40.83734600000079,1,1,2,0.019915984012186527
1361,40.86734600000079,2,1,2,0.033624935895204544
1362,40.897346000000795,2,1,2,0.03183400258421898
1363,40.927346000000796,3,1,3,0.039499951526522636
1364,40.9573460000008,1,1,3,0.01870805863291025
1365,40.9873460000008,1,1,3,0.017999904230237007
1366,41.0173460000008,1,1,1,0.019417027942836285
1367,41.0473460000008,1,1,1,0.016000005416572094
1368,41.0773460000008,2,1,2,0.04158297087997198
1369,41.1073460000008,2,1,3,0.02445792779326439
1370,41.137346000000804,2,1,4,0.029084039852023125
1371,41.167346000000805,1,1,3,0.01970806624740362
1372,41.197346000000806,1,1,2,0.018333084881305695
1373,41.22734600000081,1,1,1,0.016875099390745163
1374,41.25734600000081,3,1,3,0.030833063647150993
1375,41.28734600000081,2,1,3,0.02604199107736349
1376,41.31734600000081,2,2,3,0.032125040888786316
1377,41.34734600000081,1,1,2,0.018583028577268124
1378,41.37734600000081,1,1,2,0.017749960534274578
1379,41.407346000000814,1,1,1,0.01937500201165676
1380,41.437346000000815,2,1,2,0.02362497616559267
1381,41.467346000000816,2,1,3,0.02420798409730196
1382,41.49734600000082,2,1,3,0.027125002816319466
1383,41.52734600000082,2,2,2,0.03204098902642727
1384,41.55734600000082,2,2,2,0.030667055398225784
1385,41.58734600000082,2,2,2,0.03062502946704626
1386,41.61734600000082,1,1,2,0.019041006453335285
1387,41.64734600000082,1,1,2,0.0190419377759099
1388,41.677346000000824,2,1,2,0.026291003450751305
1389,41.707346000000825,2,1,3,0.02416700590401888
1390,41.73734600000083,2,1,3,0.026499968953430653
1391,41.76734600000083,2,2,2,0.05083298310637474
1392,41.79734600000083,1,1,2,0.01895800232887268
1393,41.82734600000083,3,1,4,0.032374984584748745
1394,41.85734600000083,3,1,4,0.0426670303568244
1395,41.88734600000083,2,2,4,0.03374996595084667
1396,41.91734600000083,3,2,3,0.049915979616343975
1397,41.947346000000834,3,2,4,0.04075001925230026
1398,41.977346000000836,2,2,4,0.03475008998066187
1399,42.00734600000084,2,2,3,0.035375007428228855
1400,42.03734600000084,2,2,2,0.03433297388255596
1401,42.06734600000084,2,2,2,0.03112491685897112
1402,42.09734600000084,2,2,2,0.031166942790150642
1403,42.12734600000084,3,2,3,0.03937492147088051
1404,42.15734600000084,1,1,3,0.02050003968179226
1405,42.187346000000844,2,2,3,0.03308302257210016
1406,42.217346000000845,2,2,2,0.033374992199242115
1407,42.247346000000846,2,2,2,0.08254102431237698
1408,42.27734600000085,2,2,2,0.03891694359481335
1409,42.30734600000085,2,2,2,0.03329198807477951
1410,42.33734600000085,2,2,2,0.033374992199242115
1411,42.36734600000085,2,2,2,0.03187498077750206
1412,42.39734600000085,2,2,2,0.03187509719282389
1413,42.42734600000085,2,2,2,0.03283307887613773
1414,42.457346000000854,2,2,2,0.03166601527482271
1415,42.487346000000855,2,2,2,0.03245798870921135
1416,42.517346000000856,2,2,2,0.03116705920547247
1417,42.54734600000086,2,2,2,0.03187498077750206
1418,42.57734600000086,2,1,3,0.030125025659799576
1419,42.60734600000086,2,1,3,0.028416980057954788
1420,42.63734600000086,1,1,2,0.02145790494978428
1421,42.66734600000086,1,1,2,0.017959042452275753
1422,42.69734600000086,1,1,1,0.017375103197991848
1423,42.727346000000864,1,1,1,0.015500001609325409
1424,42.757346000000865,2,1,2,0.02395804040133953
1425,42.787346000000866,1,1,2,0.01837499439716339
1426,42.81734600000087,1,1,2,0.017124926671385765
1427,42.84734600000087,2,1,2,0.026708003133535385
1428,42.87734600000087,2,2,2,0.031832954846322536
1429,42.90734600000087,2,2,2,0.048332964070141315
1430,42.93734600000087,2,2,2,0.031708041206002235
1431,42.96734600000087,2,2,2,0.030583934858441353
1432,42.997346000000874,2,2,2,0.030667055398225784
1433,43.027346000000875,1,1,2,0.01750001683831215
1434,43.05734600000088,1,1,2,0.017457990907132626
1435,43.08734600000088,2,2,2,0.031208968721330166
1436,43.11734600000088,1,1,2,0.017457990907132626
1437,43.14734600000088,2,2,2,0.031542032957077026
1438,43.17734600000088,2,2,2,0.03075005952268839
1439,43.20734600000088,1,1,2,0.016749952919781208
1440,43.23734600000088,2,2,2,0.03045797348022461
1441,43.267346000000884,2,2,2,0.030082999728620052
1442,43.297346000000886,2,2,2,0.03200001083314419
1443,43.32734600000089,2,2,2,0.030708033591508865
1444,43.35734600000089,2,2,2,0.031207920983433723
1445,43.38734600000089,2,2,2,0.031083007343113422
1446,43.41734600000089,2,2,2,0.03020802978426218
1447,43.44734600000089,1,1,2,0.017874990589916706
1448,43.47734600000089,2,2,2,0.030499999411404133
1449,43.507346000000894,2,2,2,0.20870903972536325
1450,43.537346000000895,2,2,2,0.03175006713718176
1451,43.567346000000896,2,2,2,0.031041912734508514
1452,43.5973460000009,2,2,2,0.031624920666217804
1453,43.6273460000009,2,2,2,0.030959025025367737
1454,43.6573460000009,1,1,2,0.017542042769491673
1455,43.6873460000009,2,2,2,0.029792077839374542
1456,43.7173460000009,3,2,3,0.03979098983108997
1457,43.7473460000009,2,2,3,0.036375015042722225
1458,43.777346000000904,2,2,3,0.03208301495760679
1459,43.807346000000905,3,2,3,0.0402920413762331
1460,43.837346000000906,2,1,3,0.027708010748028755
1461,43.86734600000091,1,1,3,0.01883308868855238
1462,43.89734600000091,1,1,2,0.02062495332211256
1463,43.92734600000091,1,1,1,0.01825008075684309
1464,43.95734600000091,1,1,1,0.016042031347751617
1465,43.98734600000091,1,1,1,0.015959027223289013
1466,44.01734600000091,1,1,1,0.015625031664967537
1467,44.047346000000914,1,1,1,0.016000005416572094
1468,44.077346000000915,1,1,1,0.015833997167646885
1469,44.107346000000916,1,1,1,0.015457975678145885
1470,44.13734600000092,1,1,1,0.014999997802078724
1471,44.16734600000092,1,1,1,0.01637497916817665
1472,44.19734600000092,1,1,1,0.015333062037825584
1473,44.22734600000092,1,1,1,0.033250078558921814
1474,44.25734600000092,1,1,1,0.01637497916817665
1475,44.28734600000092,1,1,1,0.015333062037825584
1476,44.317346000000924,1,1,1,0.017834012396633625
1477,44.347346000000925,1,1,1,0.015374971553683281
1478,44.37734600000093,1,1,1,0.015708967112004757
1479,44.40734600000093,1,1,1,0.015208031982183456
1480,44.43734600000093,1,1,1,0.01654098741710186
1481,44.46734600000093,1,1,1,0.016166013665497303
1482,44.49734600000093,1,1,1,0.016000005416572094
1483,44.52734600000093,1,1,1,0.016459031030535698
1484,44.55734600000093,1,1,1,0.01583306584507227
1485,44.587346000000935,1,1,1,0.01616694498807192
1486,44.617346000000936,1,1,1,0.015458092093467712
1487,44.64734600000094,1,1,1,0.01525005791336298
1488,44.67734600000094,1,1,1,0.015500001609325409
1489,44.70734600000094,1,1,1,0.015625031664967537
1490,44.73734600000094,1,1,1,0.015291967429220676
1491,44.76734600000094,1,1,1,0.015083933249115944
1492,44.79734600000094,1,1,1,0.014874967746436596
1493,44.827346000000944,1,1,1,0.015500001609325409
1494,44.857346000000945,1,1,1,0.01650000922381878
1495,44.887346000000946,1,1,1,0.015500001609325409
1496,44.91734600000095,1,1,1,0.015208031982183456
1497,44.94734600000095,1,1,1,0.015083001926541328
1498,44.97734600000095,1,1,1,0.016583944670856
1499,45.00734600000095,1,1,1,0.01795799471437931
1500,45.03734600000095,1,1,1,0.01520791556686163
1501,45.06734600000095,1,1,1,0.015291036106646061
1502,45.097346000000954,1,1,1,0.015666009858250618
1503,45.127346000000955,1,1,1,0.015500001609325409
1504,45.157346000000956,1,1,1,0.015374971553683281
1505,45.18734600000096,1,1,1,0.014999997802078724
1506,45.21734600000096,1,1,1,0.014915945939719677
1507,45.24734600000096,1,1,1,0.015749945305287838
1508,45.27734600000096,1,1,1,0.015542027540504932
1509,45.30734600000096,1,1,1,0.030791969038546085
1510,45.33734600000096,1,1,1,0.01579197123646736
1511,45.367346000000964,1,1,1,0.0149579718708992
1512,45.397346000000965,1,1,1,0.014999997802078724
1513,45.427346000000966,1,1,1,0.015040975995361805
1514,45.45734600000097,1,1,1,0.014749937690794468
1515,45.48734600000097,1,1,1,0.015042023733258247
1516,45.51734600000097,1,1,1,0.015500001609325409
1517,45.54734600000097,1,1,1,0.015541096217930317
1518,45.57734600000097,1,1,1,0.01525005791336298
1519,45.60734600000097,1,1,1,0.014874967746436596
1520,45.637346000000974,1,1,1,0.0149579718708992
1521,45.667346000000975,1,1,1,0.014874967746436596
1522,45.69734600000098,1,1,1,0.014749937690794468
1523,45.72734600000098,1,1,1,0.01491699367761612
1524,45.75734600000098,1,1,1,0.014833989553153515
1525,45.78734600000098,1,1,1,0.016207923181355
1526,45.81734600000098,1,1,1,0.016000005416572094
1527,45.84734600000098,1,1,1,0.015167053788900375
1528,45.87734600000098,1,1,1,0.01579197123646736
1529,45.907346000000985,1,1,1,0.015042023733258247
1530,45.937346000000986,1,1,1,0.014958088286221027
1531,45.96734600000099,1,1,1,0.014875084161758423
1532,45.99734600000099,1,1,1,0.01504190731793642
1533,46.02734600000099,1,1,1,0.0153339933604002
1534,46.05734600000099,1,1,1,0.01579197123646736
1535,46.08734600000099,1,1,1,0.014832941815257072
1536,46.11734600000099,1,1,1,0.014999997802078724
1537,46.147346000000994,1,1,1,0.0149579718708992
1538,46.177346000000995,2,1,2,0.023125088773667812
1539,46.207346000000996,1,1,2,0.017625046893954277
1540,46.237346000001,1,1,2,0.016457983292639256
1541,46.267346000001,1,1,1,0.017625046893954277
1542,46.297346000001,1,1,1,0.01591700129210949
1543,46.327346000001,1,1,1,0.01591700129210949
1544,46.357346000001,1,1,1,0.015416066162288189
1545,46.387346000001,1,1,1,0.029833056032657623
1546,46.417346000001004,1,1,1,0.015124911442399025
1547,46.447346000001005,1,1,1,0.014708959497511387
1548,46.477346000001006,1,1,1,0.015416997484862804
1549,46.50734600000101,1,1,1,0.015292083844542503
1550,46.53734600000101,1,1,1,0.015542027540504932
1551,46.56734600000101,1,1,1,0.01604191493242979
1552,46.59734600000101,1,1,1,0.016459031030535698
1553,46.62734600000101,1,1,1,0.015625031664967537
1554,46.65734600000101,1,1,1,0.015208031982183456
1555,46.687346000001014,0,0,1,0.002958928234875202
1556,46.717346000001015,0,0,1,0.0027079368010163307
1557,46.747346000001016,0,0,0,0.002959044650197029
1558,46.77734600000102,0,0,0,0.0015828991308808327
1559,46.80734600000102,1,0,1,0.01154094934463501
1560,46.83734600000102,0,0,1,0.0024579931050539017
1561,46.86734600000102,0,0,1,0.0017499551177024841
1562,46.89734600000102,0,0,0,0.002125045284628868
1563,46.92734600000102,0,0,0,0.0010409858077764511
1564,46.957346000001024,0,0,0,0.000833999365568161
1565,46.987346000001025,0,0,0,0.0008329516276717186
1566,47.01734600000103,0,0,0,0.0007919734343886375
1567,47.04734600000103,0,0,0,0.0008749775588512421
1568,47.07734600000103,0,0,0,0.0007910421118140221
1569,47.10734600000103,0,0,0,0.0008330680429935455
1570,47.13734600000103,0,0,0,0.0008330680429935455
1571,47.16734600000103,0,0,0,0.0007080379873514175
1572,47.19734600000103,1,0,1,0.0076249707490205765
1573,47.227346000001035,0,0,1,0.0017919810488820076
1574,47.257346000001036,1,0,1,0.010707997716963291
1575,47.28734600000104,1,1,1,0.017542042769491673
1576,47.31734600000104,2,1,2,0.025499961338937283
1577,47.34734600000104,2,1,2,0.026000081561505795
1578,47.37734600000104,3,2,3,0.03933301195502281
1579,47.40734600000104,1,1,3,0.020124949514865875
1580,47.43734600000104,1,1,3,0.019875005818903446
1581,47.467346000001044,0,0,1,0.00537489540874958
1582,47.497346000001045,3,1,3,0.030374969355762005
1583,47.527346000001046,2,1,3,0.026958994567394257
1584,47.55734600000105,1,1,3,0.019208993762731552
1585,47.58734600000105,1,0,3,0.013292068615555763
1586,47.61734600000105,2,2,2,0.035708071663975716
1587,47.64734600000105,0,0,2,0.004541012458503246
1588,47.67734600000105,1,0,3,0.011166906915605068
1589,47.70734600000105,0,0,1,0.004958012141287327
1590,47.737346000001054,1,0,2,0.008833012543618679
1591,47.767346000001055,1,0,1,0.011124997399747372
1592,47.797346000001056,0,0,1,0.0024579931050539017
1593,47.82734600000106,1,0,1,0.016541918739676476
1594,47.85734600000106,1,0,2,0.008584000170230865
1595,47.88734600000106,2,0,3,0.01737498678267002
1596,47.91734600000106,3,1,3,0.060582999140024185
1597,47.94734600000106,3,3,3,0.04654203075915575
1598,47.97734600000106,1,0,3,0.021041021682322025
1599,48.007346000001064,0,0,3,0.005041016265749931
1600,48.037346000001065,1,0,1,0.020249979570508003
1601,48.067346000001066,0,0,1,0.0024170149117708206
1602,48.09734600000107,2,0,2,0.024333014152944088
1603,48.12734600000107,0,0,2,0.0033329706639051437
1604,48.15734600000107,0,0,2,0.0029170187190175056
1605,48.18734600000107,0,0,0,0.0034159747883677483
1606,48.21734600000107,1,0,1,0.008167000487446785
1607,48.24734600000107,0,0,1,0.001750071533024311
1608,48.277346000001074,0,0,1,0.0016669509932398796
1609,48.307346000001075,2,0,2,0.01670804340392351
1610,48.33734600000108,1,1,2,0.01795799471437931
1611,48.36734600000108,1,1,2,0.01808302477002144
1612,48.39734600000108,1,0,2,0.011499971151351929
1613,48.42734600000108,1,1,2,0.017125043086707592
1614,48.45734600000108,1,1,2,0.01795799471437931
1615,48.48734600000108,1,1,2,0.01704192254692316
1616,48.51734600000108,1,0,1,0.01741608139127493
1617,48.547346000001085,1,0,1,0.0153339933604002
1618,48.577346000001086,0,0,1,0.0023330794647336006
1619,48.60734600000109,1,1,1,0.015709083527326584
1620,48.63734600000109,1,1,1,0.01720793079584837
1621,48.66734600000109,1,1,1,0.015874975360929966
1622,48.69734600000109,1,1,1,0.015292083844542503
1623,48.72734600000109,1,1,1,0.015708967112004757
1624,48.75734600000109,1,1,1,0.01562491524964571
1625,48.787346000001094,1,1,1,0.016542035154998302
1626,48.817346000001095,1,1,1,0.015583005733788013
1627,48.847346000001096,2,1,2,0.02408307045698166
1628,48.8773460000011,1,1,2,0.018417020328342915
1629,48.9073460000011,2,1,2,0.0253340695053339
1630,48.9373460000011,1,1,2,0.017542042769491673
1631,48.9673460000011,1,1,2,0.01733400858938694
1632,48.9973460000011,2,1,2,0.033125048503279686
1633,49.0273460000011,2,2,2,0.050208065658807755
1634,49.057346000001104,1,1,2,0.01816696021705866
1635,49.087346000001105,1,1,2,0.018125050701200962
1636,49.117346000001106,1,1,1,0.017666025087237358
1637,49.14734600000111,2,1,2,0.02475001383572817
1638,49.17734600000111,2,1,3,0.024292035959661007
1639,49.20734600000111,1,1,3,0.019083963707089424
1640,49.23734600000111,2,1,2,0.027082976885139942
1641,49.26734600000111,1,1,2,0.018749968148767948
1642,49.29734600000111,1,1,2,0.018499908037483692
1643,49.327346000001114,1,1,1,0.0177919864654541
1644,49.357346000001115,1,1,1,0.0160830095410347
1645,49.387346000001116,2,1,2,0.022875028662383556
1646,49.41734600000112,1,1,2,0.01745892222970724
1647,49.44734600000112,2,1,2,0.025124987587332726
1648,49.47734600000112,2,2,2,0.03120803739875555
1649,49.50734600000112,2,2,2,0.03091595135629177
1650,49.53734600000112,2,2,2,0.030916067771613598
1651,49.56734600000112,2,2,2,0.03141607157886028
1652,49.597346000001124,2,2,2,0.03179104533046484
1653,49.627346000001126,1,1,2,0.01745892222970724
1654,49.65734600000113,1,1,2,0.017291982658207417
1655,49.68734600000113,1,1,1,0.01808302477002144
1656,49.71734600000113,1,1,1,0.015749945305287838
1657,49.74734600000113,1,1,1,0.015083001926541328
1658,49.77734600000113,2,1,2,0.02304092049598694
1659,49.80734600000113,2,1,2,0.04337495192885399
1660,49.83734600000113,2,2,2,0.03345904406160116
1661,49.867346000001135,1,1,2,0.017874990589916706
1662,49.897346000001136,1,1,2,0.01820793841034174
1663,49.92734600000114,1,1,1,0.017625046893954277
1664,49.95734600000114,1,1,1,0.016249949112534523
1665,49.98734600000114,2,1,2,0.023333006538450718
1666,50.01734600000114,1,1,2,0.01833401620388031
1667,50.04734600000114,3,1,3,0.03158301115036011
1668,50.07734600000114,1,1,3,0.019208993762731552
1669,50.107346000001144,1,1,3,0.017832964658737183
1670,50.137346000001145,1,1,1,0.018583028577268124
1671,50.167346000001146,1,1,1,0.016000005416572094
1672,50.19734600000115,1,1,1,0.015416066162288189
1673,50.22734600000115,1,1,1,0.015166006051003933
1674,50.25734600000115,1,1,1,0.015291036106646061
1675,50.28734600000115,2,1,2,0.022332998923957348
1676,50.31734600000115,1,1,2,0.01666706521064043
1677,50.34734600000115,2,1,2,0.025541987270116806
1678,50.377346000001154,1,1,2,0.018291990272700787
1679,50.407346000001155,2,1,2,0.030249939300119877
1680,50.437346000001156,2,2,2,0.0315000070258975
1681,50.46734600000116,2,2,2,0.031041912734508514
1682,50.49734600000116,1,1,2,0.017208978533744812
1683,50.52734600000116,1,1,2,0.017541111446917057
1684,50.55734600000116,1,1,1,0.017208978533744812
1685,50.58734600000116,1,1,1,0.016083940863609314
1686,50.61734600000116,2,1,2,0.023124972358345985
1687,50.647346000001164,1,1,2,0.035708071663975716
1688,50.677346000001165,1,1,2,0.019333092495799065
1689,50.707346000001166,1,1,1,0.018249964341521263
1690,50.73734600000117,2,1,2,0.02391706220805645
1691,50.76734600000117,1,1,2,0.018124934285879135
1692,50.79734600000117,0,0,2,0.0037079444155097008
1693,50.82734600000117,0,0,1,0.003334018401801586
1694,50.85734600000117,1,0,1,0.01758395228534937
1695,50.88734600000117,0,0,1,0.002374988980591297
1696,50.917346000001174,1,0,2,0.008958042599260807
1697,50.947346000001176,0,0,1,0.003458932042121887
1698,50.97734600000118,1,0,1,0.009167008101940155
1699,51.00734600000118,1,1,1,0.015915953554213047
1700,51.03734600000118,0,0,1,0.002459040842950344
1701,51.06734600000118,2,1,2,0.02274999860674143
1702,51.09734600000118,1,1,2,0.017125043086707592
1703,51.12734600000118,0,0,2,0.003208988346159458
1704,51.15734600000118,1,0,2,0.010958989150822163
1705,51.187346000001185,1,0,1,0.01829105895012617
1706,51.217346000001186,1,1,1,0.016417005099356174
1707,51.24734600000119,1,0,1,0.015416997484862804
1708,51.27734600000119,1,1,1,0.015625031664967537
1709,51.30734600000119,1,1,1,0.015625031664967537
1710,51.33734600000119,1,1,1,0.015249941498041153
1711,51.36734600000119,1,1,1,0.015042023733258247
1712,51.39734600000119,1,1,1,0.015083933249115944
1713,51.427346000001194,0,0,1,0.002374988980591297
1714,51.457346000001195,1,1,1,0.015374971553683281
1715,51.487346000001196,1,1,1,0.014999997802078724
1716,51.5173460000012,1,1,1,0.01604191493242979
1717,51.5473460000012,1,1,1,0.01570803578943014
1718,51.5773460000012,2,1,2,0.022542080841958523
1719,51.6073460000012,1,1,2,0.016541918739676476
1720,51.6373460000012,1,1,2,0.016666017472743988
1721,51.6673460000012,1,1,1,0.016625039279460907
1722,51.697346000001204,1,1,1,0.015208031982183456
1723,51.727346000001205,1,1,1,0.015124911442399025
1724,51.757346000001206,1,1,1,0.016291975043714046
1725,51.78734600000121,1,1,1,0.016124919056892395
1726,51.81734600000121,1,1,1,0.015541911125183105
1727,51.84734600000121,1,1,1,0.015083933249115944
1728,51.87734600000121,1,1,1,0.015249941498041153
1729,51.90734600000121,1,1,1,0.032665906473994255
1730,51.93734600000121,1,1,1,0.016459031030535698
1731,51.967346000001214,1,1,1,0.015833997167646885
1732,51.997346000001215,1,1,1,0.015625031664967537
1733,52.02734600000122,1,1,1,0.01604191493242979
1734,52.05734600000122,1,1,1,0.015416066162288189
1735,52.08734600000122,1,1,1,0.015291036106646061
1736,52.11734600000122,1,1,1,0.0153339933604002
1737,52.14734600000122,1,1,1,0.015291036106646061
1738,52.17734600000122,1,1,1,0.015040975995361805
1739,52.20734600000122,1,1,1,0.0149579718708992
1740,52.237346000001224,1,1,1,0.01504190731793642
1741,52.267346000001226,1,1,1,0.015291036106646061
1742,52.29734600000123,1,1,1,0.01591700129210949
1743,52.32734600000123,1,1,1,0.01504190731793642
1744,52.35734600000123,1,1,1,0.015083001926541328
1745,52.38734600000123,1,1,1,0.015249941498041153
1746,52.41734600000123,0,0,1,0.0024170149117708206
1747,52.44734600000123,0,0,1,0.0021670712158083916
1748,52.47734600000123,1,1,1,0.015125027857720852
1749,52.507346000001235,1,1,1,0.015374971553683281
1750,52.537346000001236,1,0,1,0.01579197123646736
1751,52.56734600000124,1,1,1,0.015457975678145885
1752,52.59734600000124,0,0,1,0.002334010787308216
1753,52.62734600000124,2,0,2,0.025499961338937283
1754,52.65734600000124,1,0,2,0.018125050701200962
1755,52.68734600000124,1,1,2,0.017000013031065464
1756,52.71734600000124,1,1,1,0.01750001683831215
1757,52.747346000001244,1,1,1,0.016166013665497303
1758,52.777346000001245,1,1,1,0.015707919374108315
1759,52.807346000001246,1,1,1,0.01604191493242979
1760,52.83734600000125,1,1,1,0.017125043086707592
1761,52.86734600000125,1,1,1,0.01566705759614706
1762,52.89734600000125,1,1,1,0.016125035472214222
1763,52.92734600000125,1,1,1,0.015832949429750443
1764,52.95734600000125,1,1,1,0.015583937056362629
1765,52.98734600000125,1,1,1,0.016542035154998302
1766,53.017346000001254,1,1,1,0.015500001609325409
1767,53.047346000001255,1,1,1,0.031458912417292595
1768,53.077346000001256,1,1,1,0.01650000922381878
1769,53.10734600000126,1,1,1,0.015374971553683281
1770,53.13734600000126,1,1,1,0.015666941180825233
1771,53.16734600000126,1,1,1,0.017124926671385765
1772,53.19734600000126,1,1,1,0.016541103832423687
1773,53.22734600000126,1,1,1,0.015625031664967537
1774,53.25734600000126,1,1,1,0.015333062037825584
1775,53.287346000001264,1,1,1,0.015291967429220676
1776,53.317346000001265,1,1,1,0.01579197123646736
1777,53.34734600000127,1,1,1,0.015500001609325409
1778,53.37734600000127,1,1,1,0.015834113582968712
1779,53.40734600000127,1,1,1,0.015541911125183105
1780,53.43734600000127,1,1,1,0.015500001609325409
1781,53.46734600000127,1,1,1,0.016457983292639256
1782,53.49734600000127,1,1,1,0.015750061720609665
1783,53.52734600000127,1,1,1,0.015083001926541328
1784,53.557346000001274,1,1,1,0.016749952919781208
1785,53.587346000001276,1,1,1,0.015666941180825233
1786,53.61734600000128,1,1,1,0.015374971553683281
1787,53.64734600000128,1,1,1,0.016625039279460907
1788,53.67734600000128,1,1,1,0.01579197123646736
1789,53.70734600000128,1,1,1,0.014874967746436596
1790,53.73734600000128,1,1,1,0.015166006051003933
1791,53.76734600000128,1,1,1,0.015208031982183456
1792,53.79734600000128,1,1,1,0.014832941815257072
1793,53.827346000001285,1,1,1,0.01554097980260849
1794,53.857346000001286,1,1,1,0.0149579718708992
1795,53.88734600000129,1,1,1,0.015542027540504932
1796,53.91734600000129,1,1,1,0.01579197123646736
1797,53.94734600000129,1,1,1,0.015416997484862804
1798,53.97734600000129,2,1,2,0.023290980607271194
1799,54.00734600000129,1,1,2,0.017708982340991497
1800,54.03734600000129,1,1,2,0.016417005099356174
1801,54.067346000001294,1,1,1,0.01637497916817665
1802,54.097346000001295,2,1,2,0.03933301195502281
1803,54.127346000001296,1,1,2,0.01783308107405901
1804,54.1573460000013,1,1,2,0.017332960851490498
1805,54.1873460000013,1,1,1,0.017000013031065464
1806,54.2173460000013,1,1,1,0.015125027857720852
1807,54.2473460000013,2,1,2,0.02316699828952551
1808,54.2773460000013,1,1,2,0.017625046893954277
1809,54.3073460000013,1,1,2,0.016207923181355
1810,54.337346000001304,1,1,1,0.017583020962774754
1811,54.367346000001305,1,1,1,0.016041100025177002
1812,54.397346000001306,1,1,1,0.016042031347751617
1813,54.42734600000131,2,1,2,0.024124979972839355
1814,54.45734600000131,1,1,2,0.017499900422990322
1815,54.48734600000131,1,1,2,0.017000013031065464
1816,54.51734600000131,1,1,1,0.017625046893954277
1817,54.54734600000131,1,1,1,0.01591700129210949
1818,54.57734600000131,1,1,1,0.015416997484862804
1819,54.607346000001314,1,1,1,0.015500001609325409
1820,54.637346000001315,1,1,1,0.015332945622503757
1821,54.66734600000132,1,1,1,0.01491699367761612
1822,54.69734600000132,1,1,1,0.01520791556686163
1823,54.72734600000132,1,1,1,0.015666009858250618
1824,54.75734600000132,1,1,1,0.014791032299399376
1825,54.78734600000132,1,1,1,0.014791032299399376
1826,54.81734600000132,1,1,1,0.015959027223289013
1827,54.84734600000132,1,1,1,0.014874967746436596
1828,54.877346000001324,1,1,1,0.014666002243757248
1829,54.907346000001326,1,1,1,0.015208963304758072
1830,54.93734600000133,1,1,1,0.0149579718708992
1831,54.96734600000133,1,1,1,0.014208955690264702
1832,54.99734600000133,1,1,1,0.014458084478974342
1833,55.02734600000133,1,1,1,0.015083933249115944
1834,55.05734600000133,1,1,1,0.014916062355041504
1835,55.08734600000133,1,1,1,0.0149579718708992
1836,55.11734600000133,1,1,1,0.01562491524964571
1837,55.147346000001335,1,1,1,0.03200001083314419
1838,55.177346000001336,1,1,1,0.01604191493242979
1839,55.20734600000134,1,1,1,0.014708028174936771
1840,55.23734600000134,1,1,1,0.015167053788900375
1841,55.26734600000134,1,1,1,0.014833989553153515
1842,55.29734600000134,1,1,1,0.014708028174936771
1843,55.32734600000134,1,1,1,0.015625031664967537
1844,55.35734600000134,1,1,1,0.015167053788900375
1845,55.387346000001344,1,1,1,0.016415957361459732
1846,55.417346000001345,1,1,1,0.015374971553683281
1847,55.447346000001346,1,1,1,0.015208963304758072
1848,55.47734600000135,1,1,1,0.015749945305287838
1849,55.50734600000135,1,1,1,0.015625031664967537
1850,55.53734600000135,1,1,1,0.015875091776251793
1851,55.56734600000135,1,1,1,0.015541911125183105
1852,55.59734600000135,1,1,1,0.014542019926011562
1853,55.62734600000135,1,1,1,0.014625024050474167
1854,55.657346000001354,1,1,1,0.014750054106116295
1855,55.687346000001355,1,1,1,0.015416997484862804
1856,55.717346000001356,1,1,1,0.015208031982183456
1857,55.74734600000136,1,1,1,0.01466704998165369
1858,55.77734600000136,1,1,1,0.015125027857720852
1859,55.80734600000136,1,1,1,0.01466704998165369
1860,55.83734600000136,1,1,1,0.01604191493242979
1861,55.86734600000136,1,1,1,0.016290927305817604
1862,55.89734600000136,1,1,1,0.015375087969005108
1863,55.927346000001364,1,1,1,0.014959019608795643
1864,55.957346000001365,1,1,1,0.015332945622503757
1865,55.98734600000137,1,1,1,0.014332938008010387
1866,56.01734600000137,1,1,1,0.014333054423332214
1867,56.04734600000137,1,1,1,0.014583929441869259
1868,56.07734600000137,1,1,1,0.014625024050474167
1869,56.10734600000137,2,1,2,0.02266594674438238
1870,56.13734600000137,1,1,2,0.01837499439716339
1871,56.16734600000137,1,1,2,0.017415964975953102
1872,56.197346000001374,1,1,1,0.16145803965628147
1873,56.227346000001376,1,1,1,0.017999904230237007
1874,56.25734600000138,1,1,1,0.015125027857720852
1875,56.28734600000138,1,1,1,0.014833989553153515
1876,56.31734600000138,1,1,1,0.014625024050474167
1877,56.34734600000138,1,1,1,0.015166006051003933
1878,56.37734600000138,1,1,1,0.01562491524964571
1879,56.40734600000138,1,1,1,0.01670804340392351
1880,56.437346000001384,1,1,1,0.015459023416042328
1881,56.467346000001385,1,1,1,0.015124911442399025
1882,56.497346000001386,1,1,1,0.014542019926011562
1883,56.52734600000139,1,1,1,0.014457968063652515
1884,56.55734600000139,1,1,1,0.014999997802078724
1885,56.58734600000139,1,1,1,0.014999997802078724
1886,56.61734600000139,1,1,1,0.014791032299399376
1887,56.64734600000139,1,1,1,0.014499993994832039
1888,56.67734600000139,1,1,1,0.015958910807967186
1889,56.707346000001394,1,1,1,0.015249941498041153
1890,56.737346000001395,1,1,1,0.01504190731793642
1891,56.767346000001396,1,1,1,0.01491699367761612
1892,56.7973460000014,1,1,1,0.014625024050474167
1893,56.8273460000014,1,1,1,0.015208031982183456
1894,56.8573460000014,1,1,1,0.01466704998165369
1895,56.8873460000014,1,1,1,0.01425005029886961
1896,56.9173460000014,1,1,1,0.01525005791336298
1897,56.9473460000014,1,1,1,0.014708028174936771
1898,56.977346000001404,1,1,1,0.014583929441869259
1899,57.007346000001405,1,1,1,0.015208963304758072
1900,57.037346000001406,1,1,1,0.014750054106116295
1901,57.06734600000141,1,1,1,0.015542027540504932
1902,57.09734600000141,1,1,1,0.015374971553683281
1903,57.12734600000141,1,1,1,0.01500011421740055
1904,57.15734600000141,1,1,1,0.016249949112534523
1905,57.18734600000141,1,1,1,0.01625006552785635
1906,57.21734600000141,1,1,1,0.014750054106116295
1907,57.247346000001414,1,1,1,0.01491699367761612
1908,57.277346000001415,1,1,1,0.015042023733258247
1909,57.30734600000142,1,1,1,0.028082984499633312
1910,57.33734600000142,1,1,1,0.014625024050474167
1911,57.36734600000142,1,1,1,0.014584045857191086
1912,57.39734600000142,1,1,1,0.0160830095410347
1913,57.42734600000142,1,1,1,0.016291975043714046
1914,57.45734600000142,1,1,1,0.01562491524964571
1915,57.48734600000142,1,1,1,0.014791032299399376
1916,57.517346000001424,1,1,1,0.014458084478974342
1917,57.547346000001426,1,1,1,0.014499993994832039
1918,57.57734600000143,1,1,1,0.014499993994832039
1919,57.60734600000143,1,1,1,0.014415942132472992
1920,57.63734600000143,1,1,1,0.014958088286221027
1921,57.66734600000143,1,1,1,0.01591700129210949
1922,57.69734600000143,1,1,1,0.01616694498807192
1923,57.72734600000143,0,0,1,0.0027079368010163307
1924,57.757346000001434,1,1,1,0.017000013031065464
1925,57.787346000001435,1,1,1,0.01554097980260849
1926,57.817346000001436,1,1,1,0.015457975678145885
1927,57.84734600000144,1,1,1,0.015125027857720852
1928,57.87734600000144,1,1,1,0.015166937373578548
1929,57.90734600000144,1,1,1,0.015625031664967537
1930,57.93734600000144,1,1,1,0.01525005791336298
1931,57.96734600000144,1,1,1,0.014999997802078724
1932,57.99734600000144,1,1,1,0.014958903193473816
1933,58.027346000001444,1,1,1,0.014999997802078724
1934,58.057346000001445,1,1,1,0.015042023733258247
1935,58.087346000001446,1,1,1,0.014999997802078724
1936,58.11734600000145,1,1,1,0.015083001926541328
1937,58.14734600000145,1,1,1,0.014625024050474167
1938,58.17734600000145,1,1,1,0.015166937373578548
1939,58.20734600000145,1,1,1,0.0149579718708992
1940,58.23734600000145,1,1,1,0.014415942132472992
1941,58.26734600000145,1,1,1,0.014292076230049133
1942,58.297346000001454,1,1,1,0.01454097218811512
1943,58.327346000001455,1,1,1,0.014708959497511387
1944,58.357346000001456,1,1,1,0.014708959497511387
1945,58.38734600000146,1,1,1,0.01650000922381878
1946,58.41734600000146,1,1,1,0.02983398735523224
1947,58.44734600000146,1,1,1,0.01683307345956564
1948,58.47734600000146,1,1,1,0.01525005791336298
1949,58.50734600000146,1,1,1,0.015040975995361805
1950,58.53734600000146,1,1,1,0.015541911125183105
1951,58.567346000001464,1,1,1,0.015290919691324234
1952,58.597346000001465,1,1,1,0.015290919691324234
1953,58.62734600000147,1,1,1,0.015042023733258247
1954,58.65734600000147,1,1,1,0.01520791556686163
1955,58.68734600000147,1,1,1,0.015583005733788013
1956,58.71734600000147,1,1,1,0.0153339933604002
1957,58.74734600000147,1,1,1,0.014750054106116295
1958,58.77734600000147,1,1,1,0.0149579718708992
1959,58.80734600000147,1,1,1,0.014709075912833214
1960,58.837346000001475,1,1,1,0.014707911759614944
1961,58.867346000001476,1,1,1,0.01562491524964571
1962,58.89734600000148,1,1,1,0.01579208765178919
1963,58.92734600000148,1,1,1,0.015333062037825584
1964,58.95734600000148,2,1,2,0.02350006252527237
1965,58.98734600000148,2,1,2,0.026499968953430653
1966,59.01734600000148,1,1,2,0.018124934285879135
1967,59.04734600000148,2,1,3,0.02420798409730196
1968,59.077346000001484,2,1,2,0.026958994567394257
1969,59.107346000001485,1,1,2,0.01816696021705866
1970,59.137346000001486,2,1,2,0.03191700670868158
1971,59.16734600000149,1,1,2,0.01758395228534937
1972,59.19734600000149,2,1,2,0.02975005190819502
1973,59.22734600000149,3,2,3,0.03804208245128393
1974,59.25734600000149,1,1,3,0.01908303238451481
1975,59.28734600000149,1,1,3,0.03391597419977188
1976,59.31734600000149,1,1,1,0.020167091861367226
1977,59.347346000001494,1,1,1,0.01837499439716339
1978,59.377346000001495,1,1,1,0.015291036106646061
1979,59.407346000001496,1,1,1,0.015374971553683281
1980,59.4373460000015,1,1,1,0.01616694498807192
1981,59.4673460000015,1,1,1,0.015707919374108315
1982,59.4973460000015,1,1,1,0.015291967429220676
1983,59.5273460000015,1,1,1,0.014999997802078724
1984,59.5573460000015,1,1,1,0.015042023733258247
1985,59.5873460000015,1,1,1,0.01566705759614706
1986,59.617346000001504,1,1,1,0.015208031982183456
1987,59.647346000001505,1,1,1,0.015291967429220676
1988,59.677346000001506,1,1,1,0.017042038962244987
1989,59.70734600000151,1,1,1,0.017666956409811974
1990,59.73734600000151,3,1,3,0.02920802216976881
1991,59.76734600000151,2,1,3,0.027041067369282246
1992,59.79734600000151,2,2,3,0.03308395389467478
1993,59.82734600000151,2,2,2,0.0321660190820694
1994,59.85734600000151,2,2,2,0.030749943107366562
1995,59.887346000001514,2,2,2,0.029959017410874367
1996,59.917346000001515,2,2,2,0.03041699528694153
1997,59.94734600000152,3,2,3,0.038334052078425884
1998,59.97734600000152,1,1,3,0.01908408012241125
1999,60.00734600000152,2,2,3,0.03208301495760679
2000,60.03734600000152,2,2,2,0.04979199729859829
2001,60.06734600000152,2,2,2,0.03116705920547247
2002,60.09734600000152,2,2,2,0.030292081646621227
2003,60.12734600000152,3,2,3,0.03699993249028921
2004,60.157346000001525,2,2,3,0.03354193177074194
2005,60.187346000001526,2,2,3,0.03350002225488424
2006,60.21734600000153,3,2,3,0.04170800093561411
2007,60.24734600000153,2,2,3,0.037499936297535896
2008,60.27734600000153,1,1,3,0.01937500201165676
2009,60.30734600000153,1,1,2,0.018542050383985043
2010,60.33734600000153,1,1,1,0.017750076949596405
2011,60.36734600000153,1,1,1,0.016666948795318604
2012,60.397346000001534,1,1,1,0.015750061720609665
2013,60.427346000001535,1,1,1,0.016042031347751617
2014,60.457346000001536,1,1,1,0.01654098741710186
2015,60.48734600000154,1,1,1,0.016083940863609314
2016,60.51734600000154,3,1,3,0.030791969038546085
2017,60.54734600000154,1,1,3,0.020332983694970608
2018,60.57734600000154,3,1,4,0.03283307887613773
2019,60.60734600000154,2,2,3,0.03424996975809336
2020,60.63734600000154,2,2,3,0.031708041206002235
2021,60.667346000001544,2,2,2,0.050332979299128056
2022,60.697346000001545,2,2,2,0.032542040571570396
2023,60.727346000001546,1,1,2,0.01737498678267002
2024,60.75734600000155,1,1,2,0.016666948795318604
2025,60.78734600000155,1,1,1,0.017457990907132626
2026,60.81734600000155,1,1,1,0.015209079720079899
2027,60.84734600000155,1,1,1,0.015416997484862804
2028,60.87734600000155,3,1,3,0.029416987672448158
2029,60.90734600000155,1,1,3,0.01937500201165676
2030,60.937346000001554,1,1,3,0.018000020645558834
2031,60.967346000001555,1,1,1,0.01833401620388031
2032,60.997346000001556,1,1,1,0.015457975678145885
2033,61.02734600000156,2,1,2,0.021875021047890186
2034,61.05734600000156,1,1,2,0.017042038962244987
2035,61.08734600000156,2,1,2,0.02574990503489971
2036,61.11734600000156,1,1,2,0.01837499439716339
2037,61.14734600000156,2,2,2,0.029791961424052715
2038,61.17734600000156,2,2,2,0.0297910301014781
2039,61.207346000001564,2,2,2,0.02975005190819502
2040,61.237346000001565,3,2,3,0.037207966670393944
2041,61.26734600000157,2,2,3,0.03370794001966715
2042,61.29734600000157,2,2,3,0.031374976970255375
2043,61.32734600000157,2,2,2,0.031083007343113422
2044,61.35734600000157,2,2,2,0.0499580055475235
2045,61.38734600000157,1,1,2,0.018000020645558834
2046,61.41734600000157,2,2,2,0.03166694659739733
2047,61.44734600000157,2,2,2,0.031083007343113422
2048,61.477346000001575,2,1,3,0.02450007013976574
2049,61.507346000001576,1,1,3,0.018749968148767948
2050,61.53734600000158,1,1,2,0.017959042452275753
2051,61.56734600000158,1,1,1,0.01679197885096073
2052,61.59734600000158,3,1,3,0.029832939617335796
2053,61.62734600000158,2,1,3,0.026540947146713734
2054,61.65734600000158,1,1,3,0.0190419377759099
2055,61.68734600000158,1,0,3,0.01191697083413601
2056,61.717346000001584,2,2,3,0.03195903263986111
2057,61.747346000001585,3,2,3,0.03929203376173973
2058,61.777346000001586,2,2,3,0.03324996214359999
2059,61.80734600000159,1,1,3,0.018417020328342915
2060,61.83734600000159,2,2,2,0.0321660190820694
2061,61.86734600000159,2,1,3,0.024082954041659832
2062,61.89734600000159,2,1,3,0.0274579506367445
2063,61.92734600000159,2,2,3,0.036209006793797016
2064,61.95734600000159,2,2,3,0.03416696563363075
2065,61.987346000001594,3,2,3,0.06079196464270353
2066,62.017346000001595,3,2,3,0.041624996811151505
2067,62.047346000001596,2,2,3,0.033708056434988976
2068,62.0773460000016,1,1,3,0.01950003206729889
2069,62.1073460000016,1,1,2,0.01850002445280552
2070,62.1373460000016,1,1,1,0.017040991224348545
2071,62.1673460000016,2,1,2,0.024000066332519054
2072,62.1973460000016,2,1,2,0.024541979655623436
2073,62.2273460000016,2,2,2,0.030082999728620052
2074,62.257346000001604,1,1,2,0.01716695260256529
2075,62.287346000001605,1,1,2,0.016999896615743637
2076,62.317346000001606,2,1,2,0.024290988221764565
2077,62.34734600000161,1,1,2,0.01708301715552807
2078,62.37734600000161,1,1,2,0.01791701652109623
2079,62.40734600000161,1,1,1,0.017124926671385765
2080,62.43734600000161,1,1,1,0.01554097980260849
2081,62.46734600000161,2,1,2,0.022041029296815395
2082,62.49734600000161,1,1,2,0.016584061086177826
2083,62.527346000001614,1,1,2,0.01637497916817665
2084,62.557346000001615,1,1,1,0.01637497916817665
2085,62.58734600000162,1,1,1,0.015457975678145885
2086,62.61734600000162,2,1,2,0.022500054910779
2087,62.64734600000162,2,1,2,0.02445792779326439
2088,62.67734600000162,1,1,2,0.0176670728251338
2089,62.70734600000162,1,1,2,0.017666956409811974
2090,62.73734600000162,1,1,1,0.016708974726498127
2091,62.76734600000162,2,1,2,0.022166059352457523
2092,62.797346000001625,3,1,3,0.05154090467840433
2093,62.827346000001626,1,1,3,0.01937500201165676
2094,62.85734600000163,1,1,3,0.0201669754460454
2095,62.88734600000163,1,1,1,0.018708989955484867
2096,62.91734600000163,2,1,2,0.02379098441451788
2097,62.94734600000163,1,1,2,0.018666032701730728
2098,62.97734600000163,1,1,2,0.01708301715552807
2099,63.00734600000163,1,1,1,0.01795799471437931
2100,63.037346000001634,1,1,1,0.016583013348281384
2101,63.067346000001635,1,1,1,0.015832949429750443
2102,63.097346000001636,2,1,2,0.023916014470160007
2103,63.12734600000164,2,1,2,0.02475001383572817
2104,63.15734600000164,1,1,2,0.018750084564089775
2105,63.18734600000164,2,1,2,0.03087497316300869
2106,63.21734600000164,2,2,2,0.032374984584748745
2107,63.24734600000164,2,2,2,0.03162503708153963
2108,63.27734600000164,1,1,2,0.018749968148767948
2109,63.307346000001644,2,2,2,0.031667063012719154
2110,63.337346000001645,1,1,2,0.018583028577268124
2111,63.367346000001646,1,1,2,0.017208047211170197
2112,63.39734600000165,1,1,1,0.019040890038013458
2113,63.42734600000165,1,1,1,0.01679197885096073
2114,63.45734600000165,1,1,1,0.016417005099356174
2115,63.48734600000165,1,1,1,0.01595797948539257
2116,63.51734600000165,1,1,1,0.01525005791336298
2117,63.54734600000165,2,1,2,0.02337503246963024
2118,63.577346000001654,1,1,2,0.017499900422990322
2119,63.607346000001655,1,1,2,0.03345904406160116
2120,63.637346000001656,1,1,1,0.01966592390090227
2121,63.66734600000166,2,1,2,0.02420798409730196
2122,63.69734600000166,1,1,2,0.018040998838841915
2123,63.72734600000166,1,1,2,0.017332960851490498
2124,63.75734600000166,1,1,1,0.01670804340392351
2125,63.78734600000166,1,1,1,0.015875091776251793
2126,63.81734600000166,1,1,1,0.015208031982183456
2127,63.847346000001664,1,1,1,0.01554097980260849
2128,63.877346000001666,1,1,1,0.015749945305287838
2129,63.90734600000167,1,1,1,0.014959019608795643
2130,63.93734600000167,2,1,2,0.022499938495457172
2131,63.96734600000167,1,1,2,0.01950003206729889
2132,63.99734600000167,1,1,2,0.017874990589916706
2133,64.02734600000167,1,1,1,0.01654098741710186
2134,64.05734600000167,1,1,1,0.015083933249115944
2135,64.08734600000167,1,1,1,0.015416997484862804
2136,64.11734600000167,1,1,1,0.015208963304758072
2137,64.14734600000168,1,1,1,0.015167053788900375
2138,64.17734600000168,1,1,1,0.015333062037825584
2139,64.20734600000168,1,1,1,0.015832949429750443
2140,64.23734600000168,1,1,1,0.01579197123646736
2141,64.26734600000168,1,1,1,0.014999997802078724
2142,64.29734600000168,2,1,2,0.02216699067503214
2143,64.32734600000168,1,1,2,0.018166028894484043
2144,64.35734600000168,1,1,2,0.016874982975423336
2145,64.38734600000168,1,1,1,0.016542035154998302
2146,64.41734600000169,1,1,1,0.015415949746966362
2147,64.44734600000169,2,1,2,0.02304196823388338
2148,64.47734600000169,1,1,2,0.016958918422460556
2149,64.50734600000169,1,1,2,0.01679209526628256
2150,64.53734600000169,1,1,1,0.016542035154998302
2151,64.56734600000169,2,1,2,0.03941706381738186
2152,64.59734600000169,2,1,3,0.026791938580572605
2153,64.6273460000017,1,1,3,0.018457998521625996
2154,64.6573460000017,1,1,2,0.01920794602483511
2155,64.6873460000017,1,1,1,0.017999904230237007
2156,64.7173460000017,3,1,3,0.030499999411404133
2157,64.7473460000017,1,1,3,0.01883308868855238
2158,64.7773460000017,1,1,3,0.01837499439716339
2159,64.8073460000017,1,1,1,0.019541941583156586
2160,64.8373460000017,1,1,1,0.017583020962774754
2161,64.8673460000017,1,1,1,0.018583028577268124
2162,64.8973460000017,1,1,1,0.015958095900714397
2163,64.9273460000017,1,1,1,0.015541911125183105
2164,64.9573460000017,1,1,1,0.015583005733788013
2165,64.98734600000171,1,1,1,0.015249941498041153
2166,65.01734600000171,1,1,1,0.015333062037825584
2167,65.04734600000171,1,1,1,0.014999997802078724
2168,65.07734600000171,1,1,1,0.015374971553683281
2169,65.10734600000171,1,1,1,0.015459023416042328
2170,65.13734600000171,1,1,1,0.015791039913892746
2171,65.16734600000171,1,1,1,0.015291967429220676
2172,65.19734600000172,1,1,1,0.0160830095410347
2173,65.22734600000172,1,1,1,0.015457975678145885
2174,65.25734600000172,1,1,1,0.015500001609325409
2175,65.28734600000172,1,1,1,0.014749937690794468
2176,65.31734600000172,1,1,1,0.01637497916817665
2177,65.34734600000172,1,1,1,0.01970806624740362
2178,65.37734600000172,1,1,1,0.015583937056362629
2179,65.40734600000172,1,1,1,0.015374971553683281
2180,65.43734600000172,1,1,1,0.015583005733788013
2181,65.46734600000173,1,1,1,0.015500001609325409
2182,65.49734600000173,1,1,1,0.015291036106646061
2183,65.52734600000173,1,1,1,0.015040975995361805
2184,65.55734600000173,1,1,1,0.015457975678145885
2185,65.58734600000173,1,1,1,0.03041699528694153
2186,65.61734600000173,1,1,1,0.01595797948539257
2187,65.64734600000173,2,1,2,0.023834058083593845
2188,65.67734600000173,1,1,2,0.01750001683831215
2189,65.70734600000173,1,1,2,0.01720793079584837
2190,65.73734600000174,1,1,1,0.017290934920310974
2191,65.76734600000174,1,1,1,0.01858395989984274
2192,65.79734600000174,1,1,1,0.015542027540504932
2193,65.82734600000174,1,1,1,0.01625006552785635
2194,65.85734600000174,1,1,1,0.017040991224348545
2195,65.88734600000174,1,1,1,0.01616694498807192
2196,65.91734600000174,1,1,1,0.015916069969534874
2197,65.94734600000174,1,1,1,0.015457975678145885
2198,65.97734600000175,1,1,1,0.015415949746966362
2199,66.00734600000175,1,1,1,0.0160830095410347
2200,66.03734600000175,1,1,1,0.015125027857720852
2201,66.06734600000175,1,1,1,0.017750076949596405
2202,66.09734600000175,1,1,1,0.015625031664967537
2203,66.12734600000175,1,1,1,0.015874975360929966
2204,66.15734600000175,1,1,1,0.01950003206729889
2205,66.18734600000175,1,1,1,0.01525005791336298
2206,66.21734600000175,1,1,1,0.01570803578943014
2207,66.24734600000176,1,1,1,0.015500001609325409
2208,66.27734600000176,1,1,1,0.015125027857720852
2209,66.30734600000176,1,1,1,0.014875084161758423
2210,66.33734600000176,1,1,1,0.01737498678267002
2211,66.36734600000176,1,1,1,0.01633400097489357
2212,66.39734600000176,0,0,1,0.0026670750230550766
2213,66.42734600000176,1,1,1,0.015583005733788013
2214,66.45734600000176,1,1,1,0.015249941498041153
2215,66.48734600000176,1,1,1,0.014999997802078724
2216,66.51734600000177,0,0,1,0.00229093711823225
2217,66.54734600000177,1,1,1,0.014959019608795643
2218,66.57734600000177,1,1,1,0.015375087969005108
2219,66.60734600000177,2,1,2,0.022957916371524334
2220,66.63734600000177,1,1,2,0.01870805863291025
2221,66.66734600000177,1,1,2,0.18012500368058681
2222,66.69734600000177,0,0,1,0.005042064003646374
2223,66.72734600000177,1,0,1,0.018541933968663216
2224,66.75734600000177,1,1,1,0.016916077584028244
2225,66.78734600000178,0,0,1,0.0025830231606960297
2226,66.81734600000178,0,0,1,0.0022919848561286926
2227,66.84734600000178,1,1,1,0.01695798709988594
2228,66.87734600000178,1,1,1,0.016042031347751617
2229,66.90734600000178,0,0,1,0.0022079329937696457
2230,66.93734600000178,1,1,1,0.015791039913892746
2231,66.96734600000178,1,1,1,0.01591700129210949
2232,66.99734600000178,1,0,1,0.01662492286413908
2233,67.02734600000178,1,1,1,0.015457975678145885
2234,67.05734600000179,1,1,1,0.014832941815257072
2235,67.08734600000179,1,1,1,0.014666002243757248
2236,67.11734600000179,1,1,1,0.016625039279460907
2237,67.14734600000179,1,1,1,0.015584053471684456
2238,67.17734600000179,1,1,1,0.014959019608795643
2239,67.20734600000179,2,1,2,0.023250002413988113
2240,67.23734600000179,1,1,2,0.01708301715552807
2241,67.2673460000018,1,1,2,0.01945893745869398
2242,67.2973460000018,1,1,1,0.016915961168706417
2243,67.3273460000018,1,1,1,0.015249941498041153
2244,67.3573460000018,1,1,1,0.01491699367761612
2245,67.3873460000018,1,1,1,0.015709083527326584
2246,67.4173460000018,1,1,1,0.015582889318466187
2247,67.4473460000018,1,1,1,0.015167053788900375
2248,67.4773460000018,1,1,1,0.01508404966443777
2249,67.5073460000018,1,1,1,0.018708989955484867
2250,67.5373460000018,1,1,1,0.015042023733258247
2251,67.5673460000018,1,1,1,0.015959027223289013
2252,67.5973460000018,1,1,1,0.015459023416042328
2253,67.62734600000181,1,1,1,0.0149579718708992
2254,67.65734600000181,1,1,1,0.015040975995361805
2255,67.68734600000181,1,1,1,0.014999997802078724
2256,67.71734600000181,1,1,1,0.015915953554213047
2257,67.74734600000181,2,1,2,0.023416941985487938
2258,67.77734600000181,1,1,2,0.017167069017887115
2259,67.80734600000181,1,1,2,0.03591598942875862
2260,67.83734600000182,1,1,1,0.018042046576738358
2261,67.86734600000182,1,1,1,0.015582889318466187
2262,67.89734600000182,1,1,1,0.015292083844542503
2263,67.92734600000182,1,1,1,0.015500001609325409
2264,67.95734600000182,1,1,1,0.016000005416572094
2265,67.98734600000182,1,1,1,0.015542027540504932
2266,68.01734600000182,1,1,1,0.015416997484862804
2267,68.04734600000182,1,1,1,0.015375087969005108
2268,68.07734600000182,1,1,1,0.0153339933604002
2269,68.10734600000183,1,1,1,0.015291036106646061
2270,68.13734600000183,1,1,1,0.014708028174936771
2271,68.16734600000183,1,1,1,0.015125027857720852
2272,68.19734600000183,1,1,1,0.01595797948539257
2273,68.22734600000183,1,1,1,0.015083933249115944
2274,68.25734600000183,1,1,1,0.015542027540504932
2275,68.28734600000183,1,1,1,0.015208031982183456
2276,68.31734600000183,1,1,1,0.015125027857720852
2277,68.34734600000183,1,1,1,0.015332945622503757
2278,68.37734600000184,1,1,1,0.016042031347751617
2279,68.40734600000184,1,1,1,0.01670804340392351
2280,68.43734600000184,1,1,1,0.015416997484862804
2281,68.46734600000184,1,1,1,0.015416997484862804
2282,68.49734600000184,0,0,1,0.0030420487746596336
2283,68.52734600000184,1,1,1,0.016332953236997128
2284,68.55734600000184,2,1,2,0.02383394166827202
2285,68.58734600000184,1,1,2,0.018666964024305344
2286,68.61734600000185,1,1,2,0.0186659162864089
2287,68.64734600000185,1,1,1,0.0172910513356328
2288,68.67734600000185,1,1,1,0.01637497916817665
2289,68.70734600000185,1,1,1,0.015625031664967537
2290,68.73734600000185,0,0,1,0.0024170149117708206
2291,68.76734600000185,0,0,1,0.002334010787308216
2292,68.79734600000185,0,0,0,0.0025420449674129486
2293,68.82734600000185,0,0,0,0.0014579854905605316
2294,68.85734600000185,1,0,1,0.00866700429469347
2295,68.88734600000186,0,0,1,0.002125045284628868
2296,68.91734600000186,0,0,1,0.0018749851733446121
2297,68.94734600000186,0,0,0,0.0020419247448444366
2298,68.97734600000186,0,0,0,0.0009159557521343231
2299,69.00734600000186,1,0,1,0.0072499969974160194
2300,69.03734600000186,0,0,1,0.001834006980061531
2301,69.06734600000186,1,0,1,0.010208925232291222
2302,69.09734600000186,2,1,2,0.023833010345697403
2303,69.12734600000186,2,1,3,0.024958979338407516
2304,69.15734600000187,1,1,3,0.034541008062660694
2305,69.18734600000187,2,1,2,0.02745899837464094
2306,69.21734600000187,2,2,2,0.0315000070258975
2307,69.24734600000187,2,2,2,0.03041699528694153
2308,69.27734600000187,2,2,2,0.029999995604157448
2309,69.30734600000187,1,1,2,0.01820793841034174
2310,69.33734600000187,1,1,2,0.018834020011126995
2311,69.36734600000187,1,1,1,0.017874990589916706
2312,69.39734600000187,1,1,1,0.015750061720609665
2313,69.42734600000188,2,1,2,0.025250017642974854
2314,69.45734600000188,2,1,2,0.024875043891370296
2315,69.48734600000188,1,1,2,0.01708301715552807
2316,69.51734600000188,1,1,2,0.017916085198521614
2317,69.54734600000188,1,1,1,0.017666025087237358
2318,69.57734600000188,1,1,1,0.015542027540504932
2319,69.60734600000188,1,1,1,0.015457975678145885
2320,69.63734600000188,1,1,1,0.0149579718708992
2321,69.66734600000188,1,1,1,0.014833989553153515
2322,69.69734600000189,1,1,1,0.015125027857720852
2323,69.72734600000189,1,1,1,0.015625031664967537
2324,69.75734600000189,1,1,1,0.01595797948539257
2325,69.78734600000189,1,1,1,0.016291975043714046
2326,69.81734600000189,1,1,1,0.01616694498807192
2327,69.84734600000189,2,1,2,0.02395804040133953
2328,69.87734600000189,0,0,2,0.0035830307751893997
2329,69.9073460000019,1,1,2,0.021582935005426407
2330,69.9373460000019,1,1,1,0.017874990589916706
2331,69.9673460000019,1,1,1,0.016000005416572094
2332,69.9973460000019,1,1,1,0.01666706521064043
2333,70.0273460000019,1,1,1,0.01579197123646736
2334,70.0573460000019,1,1,1,0.015040975995361805
2335,70.0873460000019,1,1,1,0.015166006051003933
2336,70.1173460000019,1,1,1,0.03208301495760679
2337,70.1473460000019,1,1,1,0.015208031982183456
2338,70.1773460000019,1,1,1,0.015083001926541328
2339,70.2073460000019,1,1,1,0.015124911442399025
2340,70.2373460000019,2,1,2,0.02320797648280859
2341,70.26734600000191,1,1,2,0.016666948795318604
2342,70.29734600000191,2,1,3,0.02516701351851225
2343,70.32734600000191,2,1,2,0.02675002906471491
2344,70.35734600000191,2,1,2,0.03033294342458248
2345,70.38734600000191,2,2,2,0.03116705920547247
2346,70.41734600000191,2,2,2,0.03133295103907585
2347,70.44734600000191,2,2,2,0.03041699528694153
2348,70.47734600000192,2,2,2,0.029624905437231064
2349,70.50734600000192,2,2,2,0.031000003218650818
2350,70.53734600000192,2,2,2,0.03033294342458248
2351,70.56734600000192,2,2,2,0.031000003218650818
2352,70.59734600000192,1,1,2,0.017042038962244987
2353,70.62734600000192,0,0,2,0.004124944098293781
2354,70.65734600000192,1,1,1,0.018874998204410076
2355,70.68734600000192,1,1,1,0.01583306584507227
2356,70.71734600000192,0,0,1,0.002249958924949169
2357,70.74734600000193,0,0,1,0.00208395067602396
2358,70.77734600000193,0,0,0,0.002374988980591297
2359,70.80734600000193,1,0,1,0.008541974239051342
2360,70.83734600000193,1,0,1,0.00966701190918684
2361,70.86734600000193,1,1,1,0.016249949112534523
2362,70.89734600000193,0,0,1,0.0024170149117708206
2363,70.92734600000193,0,0,1,0.0021670712158083916
2364,70.95734600000193,1,0,1,0.015749945305287838
2365,70.98734600000193,0,0,1,0.002166023477911949
2366,71.01734600000194,1,0,1,0.015542027540504932
2367,71.04734600000194,2,0,2,0.023417058400809765
2368,71.07734600000194,1,1,2,0.03404205199331045
2369,71.10734600000194,1,1,2,0.019582919776439667
2370,71.13734600000194,0,0,1,0.0037499703466892242
2371,71.16734600000194,1,0,1,0.016834004782140255
2372,71.19734600000194,0,0,1,0.002540997229516506
2373,71.22734600000194,1,0,1,0.016666948795318604
2374,71.25734600000195,1,0,1,0.016040983609855175
2375,71.28734600000195,1,1,1,0.015291036106646061
2376,71.31734600000195,1,1,1,0.015290919691324234
2377,71.34734600000195,0,0,1,0.002374988980591297
2378,71.37734600000195,1,0,1,0.016125035472214222
2379,71.40734600000195,1,1,1,0.015959027223289013
2380,71.43734600000195,1,1,1,0.016333069652318954
2381,71.46734600000195,0,0,1,0.0024579931050539017
2382,71.49734600000195,1,0,1,0.015915953554213047
2383,71.52734600000196,1,0,1,0.01591700129210949
2384,71.55734600000196,1,1,1,0.01591700129210949
2385,71.58734600000196,1,1,1,0.015500001609325409
2386,71.61734600000196,0,0,1,0.002249958924949169
2387,71.64734600000196,0,0,1,0.0020830193534493446
2388,71.67734600000196,1,0,1,0.016125035472214222
2389,71.70734600000196,0,0,1,0.0023329630494117737
2390,71.73734600000196,0,0,1,0.002124928869307041
2391,71.76734600000196,0,0,0,0.002584070898592472
2392,71.79734600000197,0,0,0,0.0010409858077764511
2393,71.82734600000197,1,0,1,0.008541042916476727
2394,71.85734600000197,1,0,1,0.010124989785254002
2395,71.88734600000197,1,0,1,0.016125035472214222
2396,71.91734600000197,1,0,1,0.015416997484862804
2397,71.94734600000197,1,1,1,0.016167061403393745
2398,71.97734600000197,1,0,2,0.009542098268866539
2399,72.00734600000197,2,0,3,0.01754099503159523
2400,72.03734600000197,2,0,3,0.032208976335823536
2401,72.06734600000198,1,1,3,0.01954101026058197
2402,72.09734600000198,1,0,2,0.0190419377759099
2403,72.12734600000198,1,1,1,0.01829105895012617
2404,72.15734600000198,1,1,1,0.016249949112534523
2405,72.18734600000198,1,1,1,0.015791039913892746
2406,72.21734600000198,1,1,1,0.01604191493242979
2407,72.24734600000198,1,1,1,0.01566705759614706
2408,72.27734600000198,1,1,1,0.015208031982183456
2409,72.30734600000198,1,1,1,0.01579197123646736
2410,72.33734600000199,1,1,1,0.015125027857720852
2411,72.36734600000199,1,1,1,0.0148330582305789
2412,72.39734600000199,1,1,1,0.0148330582305789
2413,72.42734600000199,1,1,1,0.032832962460815907
2414,72.45734600000199,1,1,1,0.016874982975423336
2415,72.48734600000199,1,1,1,0.01579208765178919
2416,72.517346000002,1,1,1,0.016457983292639256
2417,72.547346000002,1,1,1,0.016042031347751617
2418,72.577346000002,1,1,1,0.015208031982183456
2419,72.607346000002,2,1,2,0.023082946427166462
2420,72.637346000002,2,1,2,0.025999965146183968
2421,72.667346000002,1,1,2,0.017832964658737183
2422,72.697346000002,1,1,2,0.017749960534274578
2423,72.727346000002,1,1,1,0.01808407250791788
2424,72.757346000002,1,1,1,0.016916892491281033
2425,72.787346000002,1,1,1,0.02008303999900818
2426,72.817346000002,1,1,1,0.0153339933604002
2427,72.847346000002,1,1,1,0.016124919056892395
2428,72.877346000002,1,1,1,0.015749945305287838
2429,72.90734600000201,1,1,1,0.016834004782140255
2430,72.93734600000201,1,1,1,0.015374971553683281
2431,72.96734600000201,1,1,1,0.0160830095410347
2432,72.99734600000201,1,1,1,0.015708967112004757
2433,73.02734600000201,1,1,1,0.014999997802078724
2434,73.05734600000201,2,1,2,0.02362497616559267
2435,73.08734600000201,1,1,2,0.01741608139127493
2436,73.11734600000202,1,1,2,0.01679093111306429
2437,73.14734600000202,1,1,1,0.017000013031065464
2438,73.17734600000202,1,1,1,0.018291990272700787
2439,73.20734600000202,1,1,1,0.016249949112534523
2440,73.23734600000202,1,1,1,0.015457975678145885
2441,73.26734600000202,1,1,1,0.015666009858250618
2442,73.29734600000202,1,1,1,0.015500001609325409
2443,73.32734600000202,1,1,1,0.015832949429750443
2444,73.35734600000202,1,1,1,0.015832949429750443
2445,73.38734600000203,1,1,1,0.015249941498041153
2446,73.41734600000203,1,1,1,0.01608405727893114
2447,73.44734600000203,1,1,1,0.016042031347751617
2448,73.47734600000203,1,1,1,0.03241701051592827
2449,73.50734600000203,1,1,1,0.016417005099356174
2450,73.53734600000203,1,1,1,0.018625054508447647
2451,73.56734600000203,1,1,1,0.015750061720609665
2452,73.59734600000203,1,1,1,0.016207923181355
2453,73.62734600000203,1,1,1,0.015583005733788013
2454,73.65734600000204,1,1,1,0.015625031664967537
2455,73.68734600000204,1,1,1,0.01654098741710186
2456,73.71734600000204,1,1,1,0.015583937056362629
2457,73.74734600000204,1,1,1,0.015542027540504932
2458,73.77734600000204,1,1,1,0.015332945622503757
2459,73.80734600000204,1,1,1,0.01570803578943014
2460,73.83734600000204,1,1,1,0.015332945622503757
2461,73.86734600000204,1,1,1,0.015290919691324234
2462,73.89734600000205,1,1,1,0.015374971553683281
2463,73.92734600000205,1,1,1,0.015457975678145885
2464,73.95734600000205,1,1,1,0.01554097980260849
2465,73.98734600000205,1,1,1,0.015083001926541328
2466,74.01734600000205,1,1,1,0.015666941180825233
2467,74.04734600000205,1,1,1,0.015208031982183456
2468,74.07734600000205,1,1,1,0.015166937373578548
2469,74.10734600000205,1,1,1,0.015625031664967537
2470,74.13734600000205,1,1,1,0.015500001609325409
2471,74.16734600000206,1,1,1,0.015750061720609665
2472,74.19734600000206,1,1,1,0.015125027857720852
2473,74.22734600000206,1,1,1,0.016415957361459732
2474,74.25734600000206,1,1,1,0.015500001609325409
2475,74.28734600000206,1,1,1,0.015416066162288189
2476,74.31734600000206,1,1,1,0.015083001926541328
2477,74.34734600000206,1,1,1,0.014999997802078724
2478,74.37734600000206,1,1,1,0.014999997802078724
2479,74.40734600000206,1,1,1,0.0149579718708992
2480,74.43734600000207,1,1,1,0.015290919691324234
2481,74.46734600000207,2,1,2,0.024542096070945263
2482,74.49734600000207,1,1,2,0.01745892222970724
2483,74.52734600000207,1,1,2,0.032667070627212524
2484,74.55734600000207,1,1,1,0.0185410026460886
2485,74.58734600000207,2,1,2,0.023166066966950893
2486,74.61734600000207,1,1,2,0.017332960851490498
2487,74.64734600000207,1,1,2,0.016457983292639256
2488,74.67734600000207,1,1,1,0.017042038962244987
2489,74.70734600000208,1,1,1,0.015542027540504932
2490,74.73734600000208,1,1,1,0.015874975360929966
2491,74.76734600000208,1,1,1,0.015458092093467712
2492,74.79734600000208,1,1,1,0.014999997802078724
2493,74.82734600000208,1,1,1,0.015875091776251793
2494,74.85734600000208,1,1,1,0.014999997802078724
2495,74.88734600000208,1,1,1,0.015083001926541328
2496,74.91734600000208,1,1,1,0.01637497916817665
2497,74.94734600000209,1,1,1,0.016625039279460907
2498,74.97734600000209,1,1,1,0.01650000922381878
2499,75.00734600000209,1,1,1,0.014999997802078724
2500,75.03734600000209,1,1,1,0.015208031982183456
2501,75.06734600000209,1,1,1,0.0153339933604002
2502,75.09734600000209,1,1,1,0.014750054106116295
2503,75.12734600000209,1,1,1,0.014666002243757248
2504,75.1573460000021,1,1,1,0.014708028174936771
2505,75.1873460000021,1,1,1,0.018916907720267773
2506,75.2173460000021,1,1,1,0.01654098741710186
2507,75.2473460000021,1,1,1,0.015375087969005108
2508,75.2773460000021,1,1,1,0.015040975995361805
2509,75.3073460000021,1,1,1,0.015332945622503757
2510,75.3373460000021,1,1,1,0.015457975678145885
2511,75.3673460000021,1,1,1,0.015457975678145885
2512,75.3973460000021,1,1,1,0.015291967429220676
2513,75.4273460000021,1,1,1,0.01591700129210949
2514,75.4573460000021,1,1,1,0.01570803578943014
2515,75.4873460000021,1,1,1,0.015083001926541328
2516,75.5173460000021,1,1,1,0.016042031347751617
2517,75.54734600000211,1,1,1,0.015208031982183456
2518,75.57734600000211,1,1,1,0.014999997802078724
2519,75.60734600000211,1,1,1,0.030374969355762005
2520,75.63734600000211,1,1,1,0.01570803578943014
2521,75.66734600000211,1,1,1,0.015584053471684456
2522,75.69734600000211,1,1,1,0.015374971553683281
2523,75.72734600000211,1,1,1,0.015249941498041153
2524,75.75734600000212,1,1,1,0.014999997802078724
2525,75.78734600000212,1,1,1,0.015083001926541328
2526,75.81734600000212,1,1,1,0.014749937690794468
2527,75.84734600000212,1,1,1,0.014666002243757248
2528,75.87734600000212,1,1,1,0.014416989870369434
2529,75.90734600000212,1,1,1,0.015542027540504932
2530,75.93734600000212,1,1,1,0.016042031347751617
2531,75.96734600000212,1,1,1,0.015166006051003933
2532,75.99734600000212,1,1,1,0.014791963621973991
2533,76.02734600000213,1,1,1,0.014875084161758423
2534,76.05734600000213,1,1,1,0.014749937690794468
2535,76.08734600000213,1,1,1,0.015625031664967537
2536,76.11734600000213,1,1,1,0.01520791556686163
2537,76.14734600000213,1,1,1,0.015374971553683281
2538,76.17734600000213,1,1,1,0.015500001609325409
2539,76.20734600000213,1,1,1,0.014875084161758423
2540,76.23734600000213,1,1,1,0.015042023733258247
2541,76.26734600000214,1,1,1,0.0148330582305789
2542,76.29734600000214,1,1,1,0.014875084161758423
2543,76.32734600000214,1,1,1,0.014832941815257072
2544,76.35734600000214,1,1,1,0.015125027857720852
2545,76.38734600000214,2,1,2,0.02337503246963024
2546,76.41734600000214,2,1,2,0.02550007775425911
2547,76.44734600000214,2,2,2,0.029624905437231064
2548,76.47734600000214,1,1,2,0.017000013031065464
2549,76.50734600000214,1,1,2,0.016457983292639256
2550,76.53734600000215,1,1,1,0.017249956727027893
2551,76.56734600000215,1,1,1,0.01595797948539257
2552,76.59734600000215,1,1,1,0.016000005416572094
2553,76.62734600000215,1,1,1,0.03045797348022461
2554,76.65734600000215,1,1,1,0.01595797948539257
2555,76.68734600000215,2,1,2,0.02337503246963024
2556,76.71734600000215,1,1,2,0.017707934603095055
2557,76.74734600000215,2,1,2,0.02579099964350462
2558,76.77734600000215,2,1,2,0.03104202914983034
2559,76.80734600000216,1,1,2,0.017916085198521614
2560,76.83734600000216,1,1,2,0.016874982975423336
2561,76.86734600000216,1,1,1,0.018000020645558834
2562,76.89734600000216,2,1,2,0.024290988221764565
2563,76.92734600000216,1,1,2,0.01666706521064043
2564,76.95734600000216,1,1,2,0.017749960534274578
2565,76.98734600000216,1,1,1,0.01695798709988594
2566,77.01734600000216,1,1,1,0.015874975360929966
2567,77.04734600000216,1,1,1,0.0148330582305789
2568,77.07734600000217,1,1,1,0.014875084161758423
2569,77.10734600000217,1,1,1,0.01562491524964571
2570,77.13734600000217,1,1,1,0.015375087969005108
2571,77.16734600000217,1,1,1,0.01554097980260849
2572,77.19734600000217,2,1,2,0.023416941985487938
2573,77.22734600000217,2,1,3,0.024209031835198402
2574,77.25734600000217,1,1,3,0.018208986148238182
2575,77.28734600000217,2,1,3,0.025250017642974854
2576,77.31734600000217,2,1,2,0.02591707743704319
2577,77.34734600000218,3,2,3,0.03758305683732033
2578,77.37734600000218,1,1,3,0.01850002445280552
2579,77.40734600000218,1,1,3,0.01879199407994747
2580,77.43734600000218,1,1,1,0.018417020328342915
2581,77.46734600000218,2,1,2,0.04033301956951618
2582,77.49734600000218,2,1,3,0.024084001779556274
2583,77.52734600000218,1,1,3,0.018666964024305344
2584,77.55734600000218,1,1,2,0.018167076632380486
2585,77.58734600000219,1,1,1,0.017000013031065464
2586,77.61734600000219,1,1,1,0.016083940863609314
2587,77.64734600000219,2,1,2,0.022332998923957348
2588,77.67734600000219,2,1,2,0.025124987587332726
2589,77.70734600000219,2,1,2,0.029916991479694843
2590,77.73734600000219,1,1,2,0.018417020328342915
2591,77.76734600000219,1,1,2,0.01670804340392351
2592,77.7973460000022,1,1,1,0.016959034837782383
2593,77.8273460000022,1,1,1,0.0160830095410347
2594,77.8573460000022,1,1,1,0.01570803578943014
2595,77.8873460000022,1,1,1,0.015541911125183105
2596,77.9173460000022,1,1,1,0.014874967746436596
2597,77.9473460000022,1,1,1,0.01466704998165369
2598,77.9773460000022,1,1,1,0.015167053788900375
2599,78.0073460000022,1,1,1,0.01525005791336298
2600,78.0373460000022,1,1,1,0.015291036106646061
2601,78.0673460000022,1,1,1,0.016042031347751617
2602,78.0973460000022,1,1,1,0.01566705759614706
2603,78.1273460000022,1,1,1,0.014999997802078724
2604,78.1573460000022,1,1,1,0.015208031982183456
2605,78.18734600000221,1,1,1,0.014666002243757248
2606,78.21734600000221,1,1,1,0.01562491524964571
2607,78.24734600000221,1,1,1,0.01525005791336298
2608,78.27734600000221,1,1,1,0.01491699367761612
2609,78.30734600000221,1,1,1,0.016083940863609314
2610,78.33734600000221,1,1,1,0.015290919691324234
2611,78.36734600000221,1,1,1,0.014916062355041504
2612,78.39734600000222,1,1,1,0.015374971553683281
2613,78.42734600000222,1,1,1,0.014750054106116295
2614,78.45734600000222,1,1,1,0.030499999411404133
2615,78.48734600000222,1,1,1,0.0160830095410347
2616,78.51734600000222,1,1,1,0.015166006051003933
2617,78.54734600000222,1,1,1,0.01583306584507227
2618,78.57734600000222,1,1,1,0.015124911442399025
2619,78.60734600000222,1,1,1,0.01570803578943014
2620,78.63734600000222,1,1,1,0.015625031664967537
2621,78.66734600000223,1,1,1,0.015291967429220676
2622,78.69734600000223,1,1,1,0.015500001609325409
2623,78.72734600000223,1,1,1,0.01570803578943014
2624,78.75734600000223,1,1,1,0.015124911442399025
2625,78.78734600000223,1,1,1,0.014958088286221027
2626,78.81734600000223,1,1,1,0.01570803578943014
2627,78.84734600000223,1,1,1,0.014791032299399376
2628,78.87734600000223,2,1,2,0.0238749198615551
2629,78.90734600000224,1,1,2,0.017832964658737183
2630,78.93734600000224,1,1,2,0.016583013348281384
2631,78.96734600000224,2,1,2,0.024000066332519054
2632,78.99734600000224,2,1,2,0.025374931283295155
2633,79.02734600000224,2,1,3,0.025707995519042015
2634,79.05734600000224,3,1,5,0.03312493208795786
2635,79.08734600000224,1,1,4,0.02274999860674143
2636,79.11734600000224,1,1,3,0.019166036508977413
2637,79.14734600000224,2,1,2,0.025999965146183968
2638,79.17734600000225,3,1,3,0.03200001083314419
2639,79.20734600000225,3,1,3,0.04045804962515831
2640,79.23734600000225,3,1,3,0.1937079941853881
2641,79.26734600000225,2,2,3,0.03275007475167513
2642,79.29734600000225,2,2,3,0.03204098902642727
2643,79.32734600000225,2,2,2,0.03258395008742809
2644,79.35734600000225,1,1,2,0.017291982658207417
2645,79.38734600000225,1,1,2,0.01691700890660286
2646,79.41734600000225,2,1,2,0.030499999411404133
2647,79.44734600000226,1,1,2,0.017457990907132626
2648,79.47734600000226,2,1,3,0.024290988221764565
2649,79.50734600000226,3,1,3,0.04012498538941145
2650,79.53734600000226,3,3,3,0.04716706462204456
2651,79.56734600000226,2,2,3,0.03191607538610697
2652,79.59734600000226,1,1,3,0.018915976397693157
2653,79.62734600000226,2,2,2,0.031415955163538456
2654,79.65734600000226,2,1,3,0.023916945792734623
2655,79.68734600000226,1,1,3,0.018832972273230553
2656,79.71734600000227,4,1,5,0.04499999340623617
2657,79.74734600000227,1,1,4,0.021332991309463978
2658,79.77734600000227,1,1,4,0.019291997887194157
2659,79.80734600000227,1,1,1,0.03758398815989494
2660,79.83734600000227,1,1,1,0.01691700890660286
2661,79.86734600000227,2,1,2,0.02329191192984581
2662,79.89734600000227,2,1,2,0.025707995519042015
2663,79.92734600000227,3,1,3,0.03816699609160423
2664,79.95734600000227,2,1,3,0.030959025025367737
2665,79.98734600000228,3,2,3,0.042791012674570084
2666,80.01734600000228,2,2,3,0.035375007428228855
2667,80.04734600000228,2,2,3,0.03341690171509981
2668,80.07734600000228,2,2,2,0.03308395389467478
2669,80.10734600000228,3,2,3,0.03845803439617157
2670,80.13734600000228,1,1,3,0.01966592390090227
2671,80.16734600000228,2,2,3,0.033541000448167324
2672,80.19734600000228,2,2,2,0.033542048186063766
2673,80.22734600000229,1,1,2,0.01750001683831215
2674,80.25734600000229,2,1,2,0.03241701051592827
2675,80.28734600000229,1,1,2,0.017958926036953926
2676,80.31734600000229,2,1,2,0.03133306745439768
2677,80.34734600000229,1,1,2,0.01837499439716339
2678,80.37734600000229,1,1,2,0.0176670728251338
2679,80.40734600000229,2,1,2,0.02450007013976574
2680,80.4373460000023,1,1,2,0.036375015042722225
2681,80.4673460000023,2,1,3,0.025124987587332726
2682,80.4973460000023,1,0,2,0.013124896213412285
2683,80.5273460000023,3,2,3,0.04004104994237423
2684,80.5573460000023,1,1,3,0.01954101026058197
2685,80.5873460000023,2,1,4,0.02566608600318432
2686,80.6173460000023,1,0,2,0.014583929441869259
2687,80.6473460000023,1,0,2,0.017332960851490498
2688,80.6773460000023,1,0,1,0.016832957044243813
2689,80.7073460000023,2,1,2,0.02329191192984581
2690,80.7373460000023,1,0,2,0.010583898983895779
2691,80.7673460000023,2,0,3,0.02295803278684616
2692,80.7973460000023,1,1,2,0.01908303238451481
2693,80.82734600000231,1,1,2,0.016625039279460907
2694,80.85734600000231,1,1,1,0.018124934285879135
2695,80.88734600000231,1,1,1,0.01583306584507227
2696,80.91734600000231,1,1,1,0.016749952919781208
2697,80.94734600000231,1,1,1,0.01879199407994747
2698,80.97734600000231,1,1,1,0.016749952919781208
2699,81.00734600000231,1,1,1,0.016000005416572094
2700,81.03734600000232,2,1,2,0.024124979972839355
2701,81.06734600000232,3,1,3,0.03129197284579277
2702,81.09734600000232,2,1,3,0.02716702874749899
2703,81.12734600000232,2,1,3,0.03233295865356922
2704,81.15734600000232,2,1,3,0.02787495031952858
2705,81.18734600000232,2,0,3,0.026708003133535385
2706,81.21734600000232,1,1,2,0.02045894507318735
2707,81.24734600000232,1,1,2,0.037041958421468735
2708,81.27734600000232,1,1,1,0.019000028260052204
2709,81.30734600000233,2,1,2,0.024290988221764565
2710,81.33734600000233,1,1,2,0.018166028894484043
2711,81.36734600000233,1,1,2,0.016916077584028244
2712,81.39734600000233,2,1,2,0.026041059754788876
2713,81.42734600000233,2,1,3,0.024999957531690598
2714,81.45734600000233,1,1,3,0.019541941583156586
2715,81.48734600000233,1,1,2,0.01879199407994747
2716,81.51734600000233,2,1,2,0.024124979972839355
2717,81.54734600000234,2,1,3,0.023667002096772194
2718,81.57734600000234,2,1,3,0.028000096790492535
2719,81.60734600000234,2,2,2,0.03345799632370472
2720,81.63734600000234,2,2,2,0.030292081646621227
2721,81.66734600000234,1,1,2,0.01791701652109623
2722,81.69734600000234,1,1,2,0.01808302477002144
2723,81.72734600000234,1,1,1,0.018000020645558834
2724,81.75734600000234,2,1,2,0.02404197584837675
2725,81.78734600000234,1,1,2,0.017000013031065464
2726,81.81734600000235,1,1,2,0.01679093111306429
2727,81.84734600000235,1,1,1,0.017000013031065464
2728,81.87734600000235,2,1,2,0.022332998923957348
2729,81.90734600000235,1,1,2,0.017000013031065464
2730,81.93734600000235,1,1,2,0.01670804340392351
2731,81.96734600000235,1,1,1,0.016292091459035873
2732,81.99734600000235,1,1,1,0.01666706521064043
2733,82.02734600000235,2,1,2,0.022416003048419952
2734,82.05734600000235,2,1,2,0.024957931600511074
2735,82.08734600000236,2,2,2,0.05200004670768976
2736,82.11734600000236,1,1,2,0.01908303238451481
2737,82.14734600000236,1,1,2,0.018417020328342915
2738,82.17734600000236,2,1,2,0.030916999094188213
2739,82.20734600000236,2,2,2,0.031125033274292946
2740,82.23734600000236,2,2,2,0.03104202914983034
2741,82.26734600000236,2,2,2,0.03233307506889105
2742,82.29734600000236,2,2,2,0.031083007343113422
2743,82.32734600000236,2,2,2,0.029791961424052715
2744,82.35734600000237,2,2,2,0.031084055081009865
2745,82.38734600000237,1,1,2,0.01762493047863245
2746,82.41734600000237,1,1,2,0.018167076632380486
2747,82.44734600000237,1,1,1,0.019000028260052204
2748,82.47734600000237,2,1,2,0.023667002096772194
2749,82.50734600000237,1,1,2,0.017208047211170197
2750,82.53734600000237,2,1,2,0.049708993174135685
2751,82.56734600000237,1,1,2,0.022249994799494743
2752,82.59734600000237,1,1,2,0.01966708805412054
2753,82.62734600000238,2,1,2,0.03445905167609453
2754,82.65734600000238,3,2,3,0.04025001544505358
2755,82.68734600000238,2,1,3,0.029250048100948334
2756,82.71734600000238,2,1,3,0.05570799112319946
2757,82.74734600000238,2,2,2,0.03541691694408655
2758,82.77734600000238,2,2,2,0.0327499583363533
2759,82.80734600000238,3,2,3,0.039958045817911625
2760,82.83734600000238,3,2,3,0.042375060729682446
2761,82.86734600000239,2,2,3,0.03383297007530928
2762,82.89734600000239,2,2,3,0.03616698086261749
2763,82.92734600000239,1,1,2,0.020583043806254864
2764,82.95734600000239,1,1,2,0.017583020962774754
2765,82.98734600000239,2,1,2,0.026416033506393433
2766,83.01734600000239,1,1,2,0.017749960534274578
2767,83.04734600000239,1,1,2,0.01708301715552807
2768,83.0773460000024,2,1,2,0.026499968953430653
2769,83.1073460000024,2,1,2,0.03204203676432371
2770,83.1373460000024,1,1,2,0.017666025087237358
2771,83.1673460000024,1,1,2,0.01720793079584837
2772,83.1973460000024,1,1,1,0.01720793079584837
2773,83.2273460000024,2,1,2,0.023041036911308765
2774,83.2573460000024,2,1,2,0.025541987270116806
2775,83.2873460000024,2,2,2,0.03045797348022461
2776,83.3173460000024,1,1,2,0.017625046893954277
2777,83.3473460000024,1,1,2,0.016958103515207767
2778,83.3773460000024,1,1,1,0.01716695260256529
2779,83.4073460000024,1,1,1,0.015542027540504932
2780,83.4373460000024,1,1,1,0.033250078558921814
2781,83.46734600000241,2,1,2,0.023957923986017704
2782,83.49734600000241,1,1,2,0.01750001683831215
2783,83.52734600000241,3,1,3,0.032957992516458035
2784,83.55734600000241,1,1,3,0.019749975763261318
2785,83.58734600000241,2,1,3,0.03208394628018141
2786,83.61734600000241,2,1,3,0.026249908842146397
2787,83.64734600000241,1,1,3,0.018874998204410076
2788,83.67734600000242,1,1,2,0.018124934285879135
2789,83.70734600000242,1,1,1,0.017040991224348545
2790,83.73734600000242,1,1,1,0.016457983292639256
2791,83.76734600000242,1,1,1,0.015332945622503757
2792,83.79734600000242,0,0,1,0.0027080532163381577
2793,83.82734600000242,1,1,1,0.015208031982183456
2794,83.85734600000242,2,1,2,0.02350006252527237
2795,83.88734600000242,1,1,2,0.016791047528386116
2796,83.91734600000242,1,1,2,0.01641607377678156
2797,83.94734600000243,3,1,3,0.032957992516458035
2798,83.97734600000243,1,0,3,0.01879199407994747
2799,84.00734600000243,2,2,3,0.03224995452910662
2800,84.03734600000243,1,1,2,0.018582912161946297
2801,84.06734600000243,2,2,2,0.030583003535866737
2802,84.09734600000243,2,2,2,0.030333991162478924
2803,84.12734600000243,2,2,2,0.03454205580055714
2804,84.15734600000243,2,2,2,0.04900002386420965
2805,84.18734600000244,1,1,2,0.019000028260052204
2806,84.21734600000244,1,1,2,0.017959042452275753
2807,84.24734600000244,2,1,2,0.03237510100007057
2808,84.27734600000244,2,2,2,0.031041912734508514
2809,84.30734600000244,2,2,2,0.03200001083314419
2810,84.33734600000244,2,2,2,0.030792085453867912
2811,84.36734600000244,1,1,2,0.017332960851490498
2812,84.39734600000244,1,1,2,0.01683307345956564
2813,84.42734600000244,1,1,1,0.017083948478102684
2814,84.45734600000245,1,1,1,0.015042023733258247
2815,84.48734600000245,1,1,1,0.015166937373578548
2816,84.51734600000245,2,1,2,0.022957916371524334
2817,84.54734600000245,1,1,2,0.01683307345956564
2818,84.57734600000245,2,1,2,0.02504093572497368
2819,84.60734600000245,2,2,2,0.029499991796910763
2820,84.63734600000245,2,1,2,0.03041699528694153
2821,84.66734600000245,2,2,2,0.03058405127376318
2822,84.69734600000245,1,1,2,0.017583020962774754
2823,84.72734600000246,1,1,2,0.017708982340991497
2824,84.75734600000246,1,1,1,0.01750001683831215
2825,84.78734600000246,1,1,1,0.015749945305287838
2826,84.81734600000246,2,1,2,0.025667017325758934
2827,84.84734600000246,2,1,2,0.02666609361767769
2828,84.87734600000246,2,1,2,0.032082898542284966
2829,84.90734600000246,1,1,2,0.03466696944087744
2830,84.93734600000246,1,1,2,0.018459046259522438
2831,84.96734600000246,2,1,2,0.030749943107366562
2832,84.99734600000247,2,2,2,0.030833063647150993
2833,85.02734600000247,1,1,2,0.017124926671385765
2834,85.05734600000247,1,1,2,0.017916900105774403
2835,85.08734600000247,1,1,1,0.01750001683831215
2836,85.11734600000247,1,1,1,0.015749945305287838
2837,85.14734600000247,1,1,1,0.01595797948539257
2838,85.17734600000247,1,1,1,0.015708967112004757
2839,85.20734600000247,1,1,1,0.01525005791336298
2840,85.23734600000247,1,1,1,0.015375087969005108
2841,85.26734600000248,1,1,1,0.015832949429750443
2842,85.29734600000248,1,1,1,0.0153339933604002
2843,85.32734600000248,1,1,1,0.01508404966443777
2844,85.35734600000248,1,1,1,0.01508404966443777
2845,85.38734600000248,2,1,2,0.02287491224706173
2846,85.41734600000248,1,1,2,0.017042038962244987
2847,85.44734600000248,2,1,2,0.024541979655623436
2848,85.47734600000248,2,1,2,0.02962502185255289
2849,85.50734600000249,2,2,2,0.030957977287471294
2850,85.53734600000249,1,1,2,0.01737498678267002
2851,85.56734600000249,1,1,2,0.017750076949596405
2852,85.59734600000249,1,1,1,0.01754099503159523
2853,85.62734600000249,3,1,3,0.031708041206002235
2854,85.65734600000249,3,1,3,0.034791999496519566
2855,85.68734600000249,2,2,3,0.034084077924489975
2856,85.7173460000025,3,2,3,0.0637079356238246
2857,85.7473460000025,2,2,3,0.03358407411724329
2858,85.7773460000025,3,2,3,0.045042019337415695
2859,85.8073460000025,3,2,3,0.04558300133794546
2860,85.8373460000025,3,3,3,0.04579196684062481
2861,85.8673460000025,2,2,3,0.03158289473503828
2862,85.8973460000025,3,3,3,0.045166932977735996
2863,85.9273460000025,2,2,3,0.03300001844763756
2864,85.9573460000025,1,1,3,0.018625054508447647
2865,85.9873460000025,2,1,2,0.0314170029014349
2866,86.0173460000025,2,1,2,0.02962502185255289
2867,86.0473460000025,2,2,2,0.029832939617335796
2868,86.0773460000025,2,2,2,0.030708033591508865
2869,86.10734600000251,2,2,2,0.029708025977015495
2870,86.13734600000251,3,2,3,0.038375030271708965
2871,86.16734600000251,2,2,3,0.050875009037554264
2872,86.19734600000251,1,1,3,0.0190419377759099
2873,86.22734600000251,2,2,2,0.03600004129111767
2874,86.25734600000251,2,1,3,0.025999965146183968
2875,86.28734600000251,1,1,3,0.019041006453335285
2876,86.31734600000252,1,1,2,0.020042061805725098
2877,86.34734600000252,2,1,2,0.025374931283295155
2878,86.37734600000252,1,1,2,0.017874990589916706
2879,86.40734600000252,1,1,2,0.018457998521625996
2880,86.43734600000252,1,1,1,0.017332960851490498
2881,86.46734600000252,1,1,1,0.01579208765178919
2882,86.49734600000252,2,1,2,0.022875028662383556
2883,86.52734600000252,2,1,2,0.02391706220805645
2884,86.55734600000252,2,2,2,0.030709081329405308
2885,86.58734600000253,2,2,2,0.030499999411404133
2886,86.61734600000253,2,2,2,0.029458082281053066
2887,86.64734600000253,2,2,2,0.029582995921373367
2888,86.67734600000253,1,1,2,0.017457990907132626
2889,86.70734600000253,1,1,2,0.016625039279460907
2890,86.73734600000253,2,1,2,0.03004202153533697
2891,86.76734600000253,2,2,2,0.032125040888786316
2892,86.79734600000253,2,2,2,0.03045797348022461
2893,86.82734600000254,2,2,2,0.03191700670868158
2894,86.85734600000254,2,2,2,0.051083043217659
2895,86.88734600000254,1,1,2,0.01795799471437931
2896,86.91734600000254,2,2,2,0.03316602669656277
2897,86.94734600000254,1,1,2,0.01750001683831215
2898,86.97734600000254,1,1,2,0.01737498678267002
2899,87.00734600000254,1,1,1,0.01950003206729889
2900,87.03734600000254,2,1,2,0.022416003048419952
2901,87.06734600000254,2,1,2,0.02462498378008604
2902,87.09734600000255,3,2,3,0.03687501884996891
2903,87.12734600000255,2,1,3,0.027000089175999165
2904,87.15734600000255,2,1,3,0.030833063647150993
2905,87.18734600000255,2,2,2,0.032374984584748745
2906,87.21734600000255,2,2,2,0.030459021218121052
2907,87.24734600000255,1,1,2,0.017542042769491673
2908,87.27734600000255,2,1,2,0.03012490924447775
2909,87.30734600000255,3,2,3,0.03887503407895565
2910,87.33734600000255,3,2,3,0.03945804201066494
2911,87.36734600000256,2,2,3,0.03183307126164436
2912,87.39734600000256,1,1,3,0.019582919776439667
2913,87.42734600000256,1,1,2,0.018791062757372856
2914,87.45734600000256,1,1,1,0.017874990589916706
2915,87.48734600000256,1,1,1,0.01608405727893114
2916,87.51734600000256,1,1,1,0.20916701760143042
2917,87.54734600000256,1,1,1,0.018333084881305695
2918,87.57734600000256,1,1,1,0.01762493047863245
2919,87.60734600000256,1,1,1,0.01591700129210949
2920,87.63734600000257,2,1,2,0.024292035959661007
2921,87.66734600000257,2,1,2,0.024540931917726994
2922,87.69734600000257,1,1,2,0.01879199407994747
2923,87.72734600000257,2,1,2,0.0301670515909791
2924,87.75734600000257,1,1,2,0.016958103515207767
2925,87.78734600000257,1,1,2,0.016332953236997128
2926,87.81734600000257,2,2,2,0.029416056349873543
2927,87.84734600000257,1,1,2,0.016541918739676476
2928,87.87734600000258,2,1,2,0.03020802978426218
2929,87.90734600000258,2,1,2,0.03429199568927288
2930,87.93734600000258,2,2,2,0.031250063329935074
2931,87.96734600000258,2,2,2,0.031083007343113422
2932,87.99734600000258,2,2,2,0.031000003218650818
2933,88.02734600000258,2,2,2,0.03087497316300869
2934,88.05734600000258,2,2,2,0.03383297007530928
2935,88.08734600000258,1,1,2,0.01691700890660286
2936,88.11734600000258,1,1,2,0.016415957361459732
2937,88.14734600000259,2,2,2,0.03045797348022461
2938,88.17734600000259,1,1,2,0.01708301715552807
2939,88.20734600000259,1,1,2,0.016417005099356174
2940,88.23734600000259,1,1,1,17.800708999857306
2941,88.26734600000259,1,1,1,0.035084085538983345
2942,88.29734600000259,1,1,1,0.023916945792734623
2943,88.32734600000259,1,1,1,0.019583036191761494
2944,88.3573460000026,1,1,1,0.01804193016141653
2945,88.3873460000026,1,1,1,0.018000020645558834
2946,88.4173460000026,2,1,2,0.029833056032657623
2947,88.4473460000026,2,1,2,0.029582995921373367
2948,88.4773460000026,2,1,2,0.03250001464039087
2949,88.5073460000026,2,1,2,0.03370898775756359
2950,88.5373460000026,3,2,3,0.040624989196658134
2951,88.5673460000026,2,1,3,0.028791953809559345
2952,88.5973460000026,1,1,3,0.020666047930717468
2953,88.6273460000026,1,1,2,0.02050003968179226
2954,88.6573460000026,1,1,1,0.020332983694970608
2955,88.6873460000026,1,1,1,0.017749960534274578
2956,88.7173460000026,1,1,1,0.016124919056892395
2957,88.74734600000261,1,1,1,0.016834004782140255
2958,88.77734600000261,1,1,1,0.016166013665497303
2959,88.80734600000261,1,1,1,0.016332953236997128
2960,88.83734600000261,1,1,1,0.031209085136651993
2961,88.86734600000261,1,1,1,0.018040998838841915
2962,88.89734600000261,2,1,2,0.024416018277406693
2963,88.92734600000261,1,1,2,0.019208062440156937
2964,88.95734600000262,2,1,2,0.025541987270116806
2965,88.98734600000262,2,1,2,0.03145902883261442
2966,89.01734600000262,2,2,2,0.0313750933855772
2967,89.04734600000262,1,1,2,0.019959057681262493
2968,89.07734600000262,1,1,2,0.020707957446575165
2969,89.10734600000262,1,1,1,0.01916696783155203
2970,89.13734600000262,1,1,1,0.016124919056892395
2971,89.16734600000262,1,1,1,0.01616694498807192
2972,89.19734600000263,2,1,2,0.024582957848906517
2973,89.22734600000263,2,1,2,0.0254589831456542
2974,89.25734600000263,2,2,2,0.031000003218650818
2975,89.28734600000263,2,2,2,0.02987496554851532
2976,89.31734600000263,2,2,2,0.030834111385047436
2977,89.34734600000263,2,2,2,0.03087497316300869
2978,89.37734600000263,2,2,2,0.0338749960064888
2979,89.40734600000263,2,2,2,0.03158301115036011
2980,89.43734600000263,2,2,2,0.0302919652312994
2981,89.46734600000264,1,1,2,0.035375007428228855
2982,89.49734600000264,1,1,2,0.018040998838841915
2983,89.52734600000264,1,1,1,0.017249956727027893
2984,89.55734600000264,1,1,1,0.015374971553683281
2985,89.58734600000264,1,1,1,0.016541918739676476
2986,89.61734600000264,1,1,1,0.015584053471684456
2987,89.64734600000264,1,1,1,0.015416997484862804
2988,89.67734600000264,1,1,1,0.015166006051003933
2989,89.70734600000264,1,1,1,0.014832941815257072
2990,89.73734600000265,1,1,1,0.01879199407994747
2991,89.76734600000265,1,1,1,0.015416997484862804
2992,89.79734600000265,1,1,1,0.01562491524964571
2993,89.82734600000265,1,1,1,0.015625031664967537
2994,89.85734600000265,1,1,1,0.015249941498041153
2995,89.88734600000265,1,1,1,0.015291967429220676
2996,89.91734600000265,1,1,1,0.015583005733788013
2997,89.94734600000265,1,1,1,0.01595797948539257
2998,89.97734600000265,1,1,1,0.015333062037825584
2999,90.00734600000266,1,1,1,0.015500001609325409
3000,90.03734600000266,1,1,1,0.014832941815257072
3001,90.06734600000266,2,1,2,0.0237500062212348
3002,90.09734600000266,2,1,2,0.028999987989664078
3003,90.12734600000266,1,1,2,0.017417012713849545
3004,90.15734600000266,1,1,2,0.01791701652109623
3005,90.18734600000266,1,1,1,0.01708301715552807
3006,90.21734600000266,2,1,2,0.022792024537920952
3007,90.24734600000266,1,1,2,0.016291975043714046
3008,90.27734600000267,1,1,2,0.017874990589916706
3009,90.30734600000267,2,1,2,0.025958986952900887
3010,90.33734600000267,2,2,2,0.04695798270404339
3011,90.36734600000267,2,2,2,0.03470794763416052
3012,90.39734600000267,1,1,2,0.018832972273230553
3013,90.42734600000267,1,1,2,0.017208978533744812
3014,90.45734600000267,2,2,2,0.03133295103907585
3015,90.48734600000267,2,2,2,0.03041699528694153
3016,90.51734600000268,2,2,2,0.030084047466516495
3017,90.54734600000268,2,2,2,0.029957969672977924
3018,90.57734600000268,2,2,2,0.03120803739875555
3019,90.60734600000268,2,2,2,0.035250093787908554
3020,90.63734600000268,2,2,2,0.03199989441782236
3021,90.66734600000268,1,1,2,0.01791701652109623
3022,90.69734600000268,2,2,2,0.03104202914983034
3023,90.72734600000268,2,2,2,0.030459021218121052
3024,90.75734600000268,1,1,2,0.01750001683831215
3025,90.78734600000269,1,1,2,0.017457990907132626
3026,90.81734600000269,1,1,1,0.0176670728251338
3027,90.84734600000269,1,1,1,0.019083963707089424
3028,90.87734600000269,1,1,1,0.015584053471684456
3029,90.90734600000269,1,1,1,0.016459031030535698
3030,90.93734600000269,1,1,1,0.015874975360929966
3031,90.96734600000269,1,1,1,0.015457975678145885
3032,90.9973460000027,1,1,1,0.017666956409811974
3033,91.0273460000027,1,1,1,0.03179092891514301
3034,91.0573460000027,1,1,1,0.01750001683831215
3035,91.0873460000027,2,1,2,0.025165965780615807
3036,91.1173460000027,1,1,2,0.02020795363932848
3037,91.1473460000027,1,1,2,0.02150004729628563
3038,91.1773460000027,1,1,1,0.018291990272700787
3039,91.2073460000027,1,1,1,0.01708301715552807
3040,91.2373460000027,1,1,1,0.017249956727027893
3041,91.2673460000027,1,1,1,0.017124926671385765
3042,91.2973460000027,2,1,2,0.02433289773762226
3043,91.3273460000027,1,1,2,0.018040998838841915
3044,91.3573460000027,1,1,2,0.018333084881305695
3045,91.38734600000271,2,1,2,0.02704095095396042
3046,91.41734600000271,1,1,2,0.018208054825663567
3047,91.44734600000271,1,1,2,0.017333077266812325
3048,91.47734600000271,1,1,1,0.018083956092596054
3049,91.50734600000271,1,1,1,0.01737498678267002
3050,91.53734600000271,1,1,1,0.01679197885096073
3051,91.56734600000271,1,1,1,0.016333069652318954
3052,91.59734600000272,2,1,2,0.025292043574154377
3053,91.62734600000272,1,1,2,0.018542050383985043
3054,91.65734600000272,1,1,2,0.01750001683831215
3055,91.68734600000272,2,1,2,0.025833025574684143
3056,91.71734600000272,1,1,2,0.017458107322454453
3057,91.74734600000272,2,1,3,0.024958979338407516
3058,91.77734600000272,2,1,2,0.028416980057954788
3059,91.80734600000272,2,1,2,0.05070806946605444
3060,91.83734600000273,2,2,2,0.032832962460815907
3061,91.86734600000273,2,2,2,0.032208976335823536
3062,91.89734600000273,2,2,2,0.032125040888786316
3063,91.92734600000273,2,2,2,0.033791991882026196
3064,91.95734600000273,2,2,2,0.036209006793797016
3065,91.98734600000273,1,1,2,0.01858395989984274
3066,92.01734600000273,2,2,2,0.033374992199242115
3067,92.04734600000273,2,2,2,0.032207928597927094
3068,92.07734600000273,2,2,2,0.03212492447346449
3069,92.10734600000274,2,2,2,0.031209085136651993
3070,92.13734600000274,2,2,2,0.03191700670868158
3071,92.16734600000274,2,2,2,0.031166942790150642
3072,92.19734600000274,2,2,2,0.032415962778031826
3073,92.22734600000274,2,2,2,0.03087497316300869
3074,92.25734600000274,2,2,2,0.031083938665688038
3075,92.28734600000274,1,1,2,0.018125050701200962
3076,92.31734600000274,1,1,2,0.01750001683831215
3077,92.34734600000274,3,2,3,0.05629099905490875
3078,92.37734600000275,3,2,3,0.04170904867351055
3079,92.40734600000275,2,2,3,0.034250086173415184
3080,92.43734600000275,2,2,3,0.03458408173173666
3081,92.46734600000275,2,2,2,0.03379094414412975
3082,92.49734600000275,2,2,2,0.031957984901964664
3083,92.52734600000275,2,2,2,0.03212492447346449
3084,92.55734600000275,2,2,2,0.03183400258421898
3085,92.58734600000275,2,1,3,0.028833048418164253
3086,92.61734600000275,3,2,3,0.042208004742860794
3087,92.64734600000276,2,2,3,0.03374996595084667
3088,92.67734600000276,2,2,3,0.0337500823661685
3089,92.70734600000276,2,2,2,0.033542048186063766
3090,92.73734600000276,3,2,3,0.04249997437000275
3091,92.76734600000276,3,2,3,0.058458070270717144
3092,92.79734600000276,3,3,3,0.04937499761581421
3093,92.82734600000276,3,3,3,0.04529207944869995
3094,92.85734600000276,2,2,3,0.03245798870921135
3095,92.88734600000276,2,2,3,0.032540992833673954
3096,92.91734600000277,2,2,2,0.03466696944087744
3097,92.94734600000277,3,2,3,0.04041707143187523
3098,92.97734600000277,3,2,3,0.040332903154194355
3099,93.00734600000277,2,2,3,0.03300001844763756
3100,93.03734600000277,3,2,4,0.041499966755509377
3101,93.06734600000277,4,2,4,0.05091691855341196
3102,93.09734600000277,4,2,5,0.058208941482007504
3103,93.12734600000277,4,2,6,0.07925007957965136
3104,93.15734600000278,3,3,5,0.054875039495527744
3105,93.18734600000278,4,3,5,0.05975004751235247
3106,93.21734600000278,4,3,4,0.058707897551357746
3107,93.24734600000278,3,3,4,0.0475830165669322
3108,93.27734600000278,4,4,4,0.06112491246312857
3109,93.30734600000278,3,2,5,0.043625012040138245
3110,93.33734600000278,4,2,7,0.05349994171410799
3111,93.36734600000278,3,1,8,0.06079196464270353
3112,93.39734600000278,2,1,7,0.03533298149704933
3113,93.42734600000279,3,2,6,0.0475000124424696
3114,93.45734600000279,1,1,4,0.023416941985487938
3115,93.48734600000279,2,1,4,0.0285410787910223
3116,93.51734600000279,2,1,2,0.030791969038546085
3117,93.54734600000279,2,1,2,0.03145798109471798
3118,93.57734600000279,1,1,2,0.018832972273230553
3119,93.60734600000279,1,1,2,0.01808302477002144
3120,93.6373460000028,2,1,2,0.031000003218650818
3121,93.6673460000028,2,2,2,0.031000003218650818
3122,93.6973460000028,2,1,2,0.030916999094188213
3123,93.7273460000028,2,2,2,0.030832947231829166
3124,93.7573460000028,2,2,2,0.030125025659799576
3125,93.7873460000028,2,2,2,0.030916999094188213
3126,93.8173460000028,2,2,2,0.03070896491408348
3127,93.8473460000028,2,2,2,0.029916991479694843
3128,93.8773460000028,2,2,2,0.049291993491351604
3129,93.9073460000028,2,2,2,0.03287498839199543
3130,93.9373460000028,2,2,2,0.031832954846322536
3131,93.9673460000028,2,2,2,0.030250055715441704
3132,93.9973460000028,2,2,2,0.06975000724196434
3133,94.02734600000281,2,2,2,0.04970806185156107
3134,94.05734600000281,2,2,2,0.036624958738684654
3135,94.08734600000281,2,2,2,0.03341701813042164
3136,94.11734600000281,3,2,3,0.04704191815108061
3137,94.14734600000281,1,1,3,0.022499938495457172
3138,94.17734600000281,2,1,3,0.030249939300119877
3139,94.20734600000281,2,1,2,0.03708305303007364
3140,94.23734600000282,2,1,2,0.032708048820495605
3141,94.26734600000282,1,1,2,0.019332976080477238
3142,94.29734600000282,2,1,3,0.027916976250708103
3143,94.32734600000282,2,1,2,0.03224995452910662
3144,94.35734600000282,3,2,3,0.03991695120930672
3145,94.38734600000282,3,1,3,0.06445799954235554
3146,94.41734600000282,2,2,3,0.03524997737258673
3147,94.44734600000282,2,2,3,0.034374999813735485
3148,94.47734600000283,2,2,2,0.034125056117773056
3149,94.50734600000283,3,2,3,0.03766699228435755
3150,94.53734600000283,3,2,3,0.03995909355580807
3151,94.56734600000283,3,2,3,0.047874986194074154
3152,94.59734600000283,3,2,3,0.045874970965087414
3153,94.62734600000283,2,2,3,0.03324996214359999
3154,94.65734600000283,3,3,3,0.04629208706319332
3155,94.68734600000283,2,2,3,0.03199989441782236
3156,94.71734600000283,2,2,3,0.031957984901964664
3157,94.74734600000284,2,2,2,0.03316695801913738
3158,94.77734600000284,2,2,2,0.029667047783732414
3159,94.80734600000284,2,2,2,0.1905839890241623
3160,94.83734600000284,2,2,2,0.03412493970245123
3161,94.86734600000284,2,2,2,0.030458089895546436
3162,94.89734600000284,2,2,2,0.03187498077750206
3163,94.92734600000284,3,2,3,0.04087504930794239
3164,94.95734600000284,2,2,3,0.03445800393819809
3165,94.98734600000284,2,2,3,0.03295904025435448
3166,95.01734600000285,3,2,3,0.03983289934694767
3167,95.04734600000285,2,2,3,0.03208394628018141
3168,95.07734600000285,2,2,3,0.033125048503279686
3169,95.10734600000285,2,1,3,0.028957962058484554
3170,95.13734600000285,2,2,3,0.03400002606213093
3171,95.16734600000285,4,2,5,0.04912505391985178
3172,95.19734600000285,4,2,6,0.07462501525878906
3173,95.22734600000285,4,3,7,0.06258301436901093
3174,95.25734600000285,4,2,6,0.06270804442465305
3175,95.28734600000286,3,2,6,0.048291985876858234
3176,95.31734600000286,4,2,7,0.05558400880545378
3177,95.34734600000286,4,1,7,0.050541944801807404
3178,95.37734600000286,4,2,8,0.05591695662587881
3179,95.40734600000286,4,2,7,0.057541998103260994
3180,95.43734600000286,4,1,8,0.07016595918685198
3181,95.46734600000286,4,1,9,0.05141703877598047
3182,95.49734600000286,4,1,8,0.060416990891098976
3183,95.52734600000286,4,2,6,0.06620795466005802
3184,95.55734600000287,3,2,5,0.05250005051493645
3185,95.58734600000287,3,2,4,0.0524579081684351
3186,95.61734600000287,4,3,4,0.0637909397482872
3187,95.64734600000287,4,3,5,0.05725002847611904
3188,95.67734600000287,2,2,5,0.03870902583003044
3189,95.70734600000287,2,2,4,0.05950010381639004
3190,95.73734600000287,2,2,2,0.038624973967671394
3191,95.76734600000287,2,2,2,0.032540992833673954
3192,95.79734600000288,4,2,4,0.04783400800079107
3193,95.82734600000288,4,2,5,0.05237502045929432
3194,95.85734600000288,4,2,6,0.053750001825392246
3195,95.88734600000288,2,2,5,0.0402920413762331
3196,95.91734600000288,4,2,6,0.06079208105802536
3197,95.94734600000288,2,2,4,0.03983394708484411
3198,95.97734600000288,3,2,4,0.04941597580909729
3199,96.00734600000288,3,2,4,0.0439169816672802
3200,96.03734600000288,2,1,4,0.05620799493044615
3201,96.06734600000289,2,1,5,0.03129197284579277
3202,96.09734600000289,2,1,4,0.03745791036635637
3203,96.12734600000289,1,1,3,0.02104195300489664
3204,96.15734600000289,2,1,2,0.033541000448167324
3205,96.18734600000289,2,2,2,0.03275007475167513
3206,96.21734600000289,1,1,2,0.01829105895012617
3207,96.24734600000289,1,1,2,0.0172910513356328
3208,96.2773460000029,1,1,1,0.018124934285879135
3209,96.3073460000029,1,1,1,0.017040991224348545
3210,96.3373460000029,1,1,1,0.015500001609325409
3211,96.3673460000029,1,1,1,0.01591700129210949
3212,96.3973460000029,1,1,1,0.015416066162288189
3213,96.4273460000029,1,1,1,0.015833997167646885
3214,96.4573460000029,1,1,1,0.015500001609325409
3215,96.4873460000029,2,1,2,0.02366607077419758
3216,96.5173460000029,1,1,2,0.017417012713849545
3217,96.5473460000029,2,1,2,0.025250017642974854
3218,96.5773460000029,1,1,2,0.01808302477002144
3219,96.6073460000029,1,1,2,0.016999896615743637
3220,96.6373460000029,2,1,2,0.02450007013976574
3221,96.66734600000291,2,1,2,0.02504198346287012
3222,96.69734600000291,3,2,3,0.03687501884996891
3223,96.72734600000291,3,2,3,0.059125013649463654
3224,96.75734600000291,3,3,3,0.045082997530698776
3225,96.78734600000291,3,3,3,0.04520907532423735
3226,96.81734600000291,3,2,4,0.04075001925230026
3227,96.84734600000291,2,2,4,0.036334036849439144
3228,96.87734600000292,1,1,3,0.020333100110292435
3229,96.90734600000292,3,2,3,0.040708924643695354
3230,96.93734600000292,2,1,4,0.025832909159362316
3231,96.96734600000292,3,1,4,0.04287506453692913
3232,96.99734600000292,2,1,4,0.034334021620452404
3233,97.02734600000292,3,2,4,0.04600000102072954
3234,97.05734600000292,2,2,3,0.036708079278469086
3235,97.08734600000292,2,1,3,0.033917021937668324
3236,97.11734600000293,2,2,3,0.051042065024375916
3237,97.14734600000293,4,2,4,0.054292031563818455
3238,97.17734600000293,2,2,4,0.033415970392525196
3239,97.20734600000293,3,2,5,0.040624989196658134
3240,97.23734600000293,3,1,4,0.044749933294951916
3241,97.26734600000293,3,1,4,0.05012506153434515
3242,97.29734600000293,2,2,3,0.03429199568927288
3243,97.32734600000293,2,2,3,0.033791991882026196
3244,97.35734600000293,3,2,3,0.04095898475497961
3245,97.38734600000294,2,2,3,0.03270898014307022
3246,97.41734600000294,1,1,3,0.0190419377759099
3247,97.44734600000294,1,1,2,0.020582927390933037
3248,97.47734600000294,1,1,1,0.018167076632380486
3249,97.50734600000294,1,1,1,0.016417005099356174
3250,97.53734600000294,1,1,1,0.0153339933604002
3251,97.56734600000294,1,1,1,0.015083001926541328
3252,97.59734600000294,1,1,1,0.015125027857720852
3253,97.62734600000294,1,1,1,0.015333062037825584
3254,97.65734600000295,1,1,1,0.03191700670868158
3255,97.68734600000295,1,1,1,0.016166013665497303
3256,97.71734600000295,1,1,1,0.015833997167646885
3257,97.74734600000295,1,1,1,0.017000013031065464
3258,97.77734600000295,1,1,1,0.015875091776251793
3259,97.80734600000295,1,1,1,0.016417005099356174
3260,97.83734600000295,1,1,1,0.01816696021705866
3261,97.86734600000295,2,1,2,0.02408307045698166
3262,97.89734600000295,2,1,2,0.026250025257468224
3263,97.92734600000296,2,2,2,0.03200001083314419
3264,97.95734600000296,2,2,2,0.030333991162478924
3265,97.98734600000296,1,1,2,0.018167076632380486
3266,98.01734600000296,1,1,2,0.017750076949596405
3267,98.04734600000296,3,2,3,0.041958061046898365
3268,98.07734600000296,1,1,3,0.01879199407994747
3269,98.10734600000296,2,1,4,0.026124995201826096
3270,98.13734600000296,2,1,2,0.030125025659799576
3271,98.16734600000296,1,1,2,0.018332968465983868
3272,98.19734600000297,1,1,2,0.018375110812485218
3273,98.22734600000297,1,1,1,0.018208054825663567
3274,98.25734600000297,2,1,2,0.02304196823388338
3275,98.28734600000297,1,1,2,0.018791062757372856
3276,98.31734600000297,2,1,3,0.025374931283295155
3277,98.34734600000297,2,1,3,0.04308403003960848
3278,98.37734600000297,3,1,3,0.03491609822958708
3279,98.40734600000297,1,1,3,0.02062495332211256
3280,98.43734600000298,1,1,3,0.018874998204410076
3281,98.46734600000298,1,1,1,0.01908303238451481
3282,98.49734600000298,3,1,3,0.02920802216976881
3283,98.52734600000298,3,1,3,0.03370794001966715
3284,98.55734600000298,2,2,3,0.03366696182638407
3285,98.58734600000298,2,1,3,0.03250001464039087
3286,98.61734600000298,3,2,4,0.04191696643829346
3287,98.64734600000298,2,0,4,0.029166927561163902
3288,98.67734600000298,2,1,4,0.034374999813735485
3289,98.70734600000299,3,1,4,0.044291955418884754
3290,98.73734600000299,3,2,4,0.04395900759845972
3291,98.76734600000299,3,2,4,0.04912505391985178
3292,98.79734600000299,4,2,4,0.07954204920679331
3293,98.82734600000299,3,3,4,0.05158304702490568
3294,98.85734600000299,3,3,4,0.04991691093891859
3295,98.88734600000299,2,2,3,0.03662507515400648
3296,98.917346000003,2,2,3,0.03454089164733887
3297,98.947346000003,2,2,2,0.033291056752204895
3298,98.977346000003,2,1,3,0.026541994884610176
3299,99.007346000003,1,1,3,0.02050003968179226
3300,99.037346000003,2,1,3,0.033125048503279686
3301,99.067346000003,3,2,3,0.04116701893508434
3302,99.097346000003,3,2,3,0.049625057727098465
3303,99.127346000003,2,2,3,0.03229198046028614
3304,99.157346000003,2,2,3,0.03179104533046484
3305,99.187346000003,2,2,2,0.05383405368775129
3306,99.217346000003,3,2,3,0.03908306825906038
3307,99.247346000003,2,2,3,0.03233295865356922
3308,99.277346000003,2,2,3,0.03183307126164436
3309,99.30734600000301,2,2,2,0.031374976970255375
3310,99.33734600000301,2,2,2,0.03033305983990431
3311,99.36734600000301,1,1,2,0.01845892984420061
3312,99.39734600000301,1,1,2,0.017834012396633625
3313,99.42734600000301,2,1,2,0.026250025257468224
3314,99.45734600000301,2,1,3,0.024834065698087215
3315,99.48734600000301,1,1,3,0.018042046576738358
3316,99.51734600000302,2,1,3,0.028540962375700474
3317,99.54734600000302,1,1,2,0.019332976080477238
3318,99.57734600000302,1,1,2,0.01862493809312582
3319,99.60734600000302,2,1,2,0.02570892684161663
3320,99.63734600000302,2,1,3,0.025374931283295155
3321,99.66734600000302,1,1,3,0.018541933968663216
3322,99.69734600000302,2,1,3,0.025542103685438633
3323,99.72734600000302,2,1,3,0.02675002906471491
3324,99.75734600000303,2,1,4,0.02575002145022154
3325,99.78734600000303,1,1,3,0.037541030906140804
3326,99.81734600000303,1,1,2,0.021125073544681072
3327,99.84734600000303,1,1,1,0.017666025087237358
3328,99.87734600000303,1,1,1,0.015666009858250618
3329,99.90734600000303,1,1,1,0.015542027540504932
3330,99.93734600000303,1,1,1,0.014916062355041504
3331,99.96734600000303,1,1,1,0.014874967746436596
3332,99.99734600000303,1,1,1,0.014999997802078724
3333,100.02734600000304,1,1,1,0.015374971553683281
3334,100.05734600000304,1,1,1,0.014915945939719677
3335,100.08734600000304,1,1,1,0.015625031664967537
3336,100.11734600000304,1,1,1,0.015083001926541328
3337,100.14734600000304,1,1,1,0.015249941498041153
3338,100.17734600000304,1,1,1,0.016332953236997128
3339,100.20734600000304,2,1,2,0.023333937861025333
3340,100.23734600000304,1,1,2,0.01691700890660286
3341,100.26734600000304,2,1,3,0.02404197584837675
3342,100.29734600000305,2,1,2,0.027416041120886803
3343,100.32734600000305,1,1,2,0.020124949514865875
3344,100.35734600000305,1,1,2,0.01708301715552807
3345,100.38734600000305,1,1,1,0.01720793079584837
3346,100.41734600000305,1,1,1,0.015416997484862804
3347,100.44734600000305,1,1,1,0.015249941498041153
3348,100.47734600000305,1,1,1,0.015125027857720852
3349,100.50734600000305,2,1,2,0.02245896030217409
3350,100.53734600000305,2,1,2,0.024416018277406693
3351,100.56734600000306,2,2,2,0.03033305983990431
3352,100.59734600000306,2,2,2,0.18791609909385443
3353,100.62734600000306,2,2,2,0.032791984267532825
3354,100.65734600000306,1,1,2,0.01837499439716339
3355,100.68734600000306,1,1,2,0.01737498678267002
3356,100.71734600000306,1,1,1,0.017583020962774754
3357,100.74734600000306,1,1,1,0.01525005791336298
3358,100.77734600000306,1,1,1,0.0153339933604002
3359,100.80734600000307,2,1,2,0.0226249685510993
3360,100.83734600000307,1,1,2,0.017125043086707592
3361,100.86734600000307,1,1,2,0.016291975043714046
3362,100.89734600000307,1,1,1,0.01625006552785635
3363,100.92734600000307,1,1,1,0.015166937373578548
3364,100.95734600000307,1,1,1,0.01679093111306429
3365,100.98734600000307,1,1,1,0.015125027857720852
3366,101.01734600000307,1,1,1,0.015249941498041153
3367,101.04734600000307,1,1,1,0.016291975043714046
3368,101.07734600000308,1,1,1,0.016042031347751617
3369,101.10734600000308,1,1,1,0.015666009858250618
3370,101.13734600000308,1,1,1,0.015166937373578548
3371,101.16734600000308,2,1,2,0.0226249685510993
3372,101.19734600000308,2,1,2,0.024416018277406693
3373,101.22734600000308,1,1,2,0.017915968783199787
3374,101.25734600000308,2,1,2,0.029749935492873192
3375,101.28734600000308,2,2,2,0.03208301495760679
3376,101.31734600000308,1,1,2,0.018040998838841915
3377,101.34734600000309,1,1,2,0.016583944670856
3378,101.37734600000309,2,1,2,0.02987496554851532
3379,101.40734600000309,2,1,2,0.04470802377909422
3380,101.43734600000309,1,1,2,0.016749952919781208
3381,101.46734600000309,1,1,2,0.018000020645558834
3382,101.49734600000309,1,1,1,0.01750001683831215
3383,101.52734600000309,1,1,1,0.015959027223289013
3384,101.5573460000031,1,1,1,0.015457975678145885
3385,101.5873460000031,1,1,1,0.015208031982183456
3386,101.6173460000031,2,1,2,0.022125081159174442
3387,101.6473460000031,2,1,2,0.02445792779326439
3388,101.6773460000031,1,1,2,0.016832957044243813
3389,101.7073460000031,2,1,2,0.03279093652963638
3390,101.7373460000031,2,2,2,0.03104202914983034
3391,101.7673460000031,2,2,2,0.029582995921373367
3392,101.7973460000031,2,2,2,0.029916991479694843
3393,101.8273460000031,2,2,2,0.031125033274292946
3394,101.8573460000031,2,2,2,0.030041905120015144
3395,101.8873460000031,2,2,2,0.029999995604157448
3396,101.9173460000031,2,2,2,0.0302919652312994
3397,101.94734600000311,1,1,2,0.018333084881305695
3398,101.97734600000311,1,1,2,0.016791047528386116
3399,102.00734600000311,1,1,1,0.01937500201165676
3400,102.03734600000311,2,1,2,0.024082954041659832
3401,102.06734600000311,2,1,2,0.0402920413762331
3402,102.09734600000311,2,2,2,0.03075005952268839
3403,102.12734600000312,2,2,2,0.030709081329405308
3404,102.15734600000312,1,1,2,0.01750001683831215
3405,102.18734600000312,2,1,3,0.025290995836257935
3406,102.21734600000312,1,1,2,0.019749975763261318
3407,102.24734600000312,1,1,2,0.016750069335103035
3408,102.27734600000312,2,1,2,0.023875036276876926
3409,102.30734600000312,1,1,2,0.01708301715552807
3410,102.33734600000312,2,1,3,0.02304196823388338
3411,102.36734600000312,2,1,2,0.026540947146713734
3412,102.39734600000313,2,2,2,0.030832947231829166
3413,102.42734600000313,2,2,2,0.029999995604157448
3414,102.45734600000313,2,1,3,0.02370891161262989
3415,102.48734600000313,2,1,3,0.02604199107736349
3416,102.51734600000313,1,1,2,0.019625062122941017
3417,102.54734600000313,1,1,2,0.018417020328342915
3418,102.57734600000313,1,1,1,0.017666025087237358
3419,102.60734600000313,1,1,1,0.016291975043714046
3420,102.63734600000313,1,1,1,0.01591700129210949
3421,102.66734600000314,2,1,2,0.02237502485513687
3422,102.69734600000314,1,1,2,0.018749968148767948
3423,102.72734600000314,1,1,2,0.017542042769491673
3424,102.75734600000314,1,1,1,0.017707934603095055
3425,102.78734600000314,2,1,2,0.03970798570662737
3426,102.81734600000314,2,1,3,0.02483394928276539
3427,102.84734600000314,2,1,3,0.027250032871961594
3428,102.87734600000314,4,1,4,0.04641595296561718
3429,102.90734600000314,4,1,5,0.05033391062170267
3430,102.93734600000315,4,2,5,0.059249927289783955
3431,102.96734600000315,2,2,4,0.037375022657215595
3432,102.99734600000315,3,2,4,0.05083298310637474
3433,103.02734600000315,3,1,4,0.04254095256328583
3434,103.05734600000315,4,2,5,0.05500006955116987
3435,103.08734600000315,4,2,5,0.07583305705338717
3436,103.11734600000315,4,3,4,0.06591598503291607
3437,103.14734600000315,3,3,4,0.04908395931124687
3438,103.17734600000315,4,2,5,0.0563750509172678
3439,103.20734600000316,4,2,5,0.052999937906861305
3440,103.23734600000316,4,2,6,0.05862500984221697
3441,103.26734600000316,4,1,6,0.06183306686580181
3442,103.29734600000316,4,2,7,0.05437503568828106
3443,103.32734600000316,4,2,7,0.07729092612862587
3444,103.35734600000316,4,2,6,0.060707912780344486
3445,103.38734600000316,4,1,6,0.05208293441683054
3446,103.41734600000316,4,1,7,0.04591699689626694
3447,103.44734600000317,4,1,7,0.05970802158117294
3448,103.47734600000317,4,3,6,0.06070896051824093
3449,103.50734600000317,4,1,5,0.06445904728025198
3450,103.53734600000317,4,3,5,0.06266694981604815
3451,103.56734600000317,4,2,5,0.07812504190951586
3452,103.59734600000317,4,3,5,0.05679205060005188
3453,103.62734600000317,4,2,5,0.058416975662112236
3454,103.65734600000317,4,3,5,0.06070802919566631
3455,103.68734600000317,4,1,7,0.051458016969263554
3456,103.71734600000318,4,3,7,0.07312500383704901
3457,103.74734600000318,4,2,7,0.0649159774184227
3458,103.77734600000318,4,1,6,0.08112494833767414
3459,103.80734600000318,4,3,5,0.06295798812061548
3460,103.83734600000318,4,2,7,0.05320901982486248
3461,103.86734600000318,4,2,6,0.056458055041730404
3462,103.89734600000318,4,2,5,0.0660410150885582
3463,103.92734600000318,4,4,4,0.06479199510067701
3464,103.95734600000318,4,4,4,0.06091699469834566
3465,103.98734600000319,4,3,5,0.05541590508073568
3466,104.01734600000319,4,3,5,0.0797909451648593
3467,104.04734600000319,4,4,4,0.0637079356238246
3468,104.07734600000319,4,3,5,0.05687493830919266
3469,104.10734600000319,4,3,5,0.05879101809114218
3470,104.13734600000319,4,4,5,0.06275007035583258
3471,104.16734600000319,4,4,4,0.06516696885228157
3472,104.1973460000032,3,1,5,0.041334074921905994
3473,104.2273460000032,4,2,6,0.051292008720338345
3474,104.2573460000032,4,1,5,0.08154206443578005
3475,104.2873460000032,4,1,6,0.05904096178710461
3476,104.3173460000032,4,2,6,0.06237498018890619
3477,104.3473460000032,4,1,7,0.04770804662257433
3478,104.3773460000032,4,2,6,0.06258301436901093
3479,104.4073460000032,4,1,6,0.06162503268569708
3480,104.4373460000032,4,2,7,0.05495792720466852
3481,104.4673460000032,4,1,6,0.055875047110021114
3482,104.4973460000032,3,1,5,0.07270800415426493
3483,104.5273460000032,4,1,5,0.058999983593821526
3484,104.55734600000321,3,1,4,0.044790911488235
3485,104.58734600000321,4,2,5,0.054458039812743664
3486,104.61734600000321,4,2,5,0.06333307828754187
3487,104.64734600000321,4,3,6,0.059292069636285305
3488,104.67734600000321,2,2,5,0.03837491385638714
3489,104.70734600000321,2,2,4,0.03666698466986418
3490,104.73734600000321,4,2,4,0.04995788913220167
3491,104.76734600000322,2,2,4,0.03383297007530928
3492,104.79734600000322,1,1,4,0.019459053874015808
3493,104.82734600000322,1,1,2,0.023042084649205208
3494,104.85734600000322,1,1,1,0.017208978533744812
3495,104.88734600000322,1,1,1,0.015416997484862804
3496,104.91734600000322,1,1,1,0.032791984267532825
3497,104.94734600000322,1,1,1,0.015666941180825233
3498,104.97734600000322,1,1,1,0.015208031982183456
3499,105.00734600000322,1,1,1,0.015083001926541328
3500,105.03734600000323,1,1,1,0.015125027857720852
3501,105.06734600000323,1,1,1,0.015208031982183456
3502,105.09734600000323,1,1,1,0.015083001926541328
3503,105.12734600000323,1,1,1,0.015083001926541328
3504,105.15734600000323,1,1,1,0.014999997802078724
3505,105.18734600000323,1,1,1,0.015749945305287838
3506,105.21734600000323,1,1,1,0.017333077266812325
3507,105.24734600000323,1,1,1,0.014874967746436596
3508,105.27734600000323,1,1,1,0.014874967746436596
3509,105.30734600000324,1,1,1,0.014832941815257072
3510,105.33734600000324,1,1,1,0.014832941815257072
3511,105.36734600000324,1,1,1,0.014916062355041504
3512,105.39734600000324,2,1,2,0.02237502485513687
3513,105.42734600000324,1,1,2,0.018042046576738358
3514,105.45734600000324,1,1,2,0.016542035154998302
3515,105.48734600000324,1,1,1,0.016249949112534523
3516,105.51734600000324,1,1,1,0.015415949746966362
3517,105.54734600000324,1,1,1,0.017124926671385765
3518,105.57734600000325,1,1,1,0.016583944670856
3519,105.60734600000325,1,1,1,0.015416997484862804
3520,105.63734600000325,1,1,1,0.015083001926541328
3521,105.66734600000325,1,1,1,0.015040975995361805
3522,105.69734600000325,1,1,1,0.015166937373578548
3523,105.72734600000325,1,1,1,0.015874975360929966
3524,105.75734600000325,1,1,1,0.015332945622503757
3525,105.78734600000325,2,1,2,0.022625084966421127
3526,105.81734600000325,4,1,4,0.03883405588567257
3527,105.84734600000326,1,1,4,0.023499946109950542
3528,105.87734600000326,1,1,4,0.020583043806254864
3529,105.90734600000326,1,1,1,0.019791070371866226
3530,105.93734600000326,1,1,1,0.18612504936754704
3531,105.96734600000326,1,1,1,0.01591700129210949
3532,105.99734600000326,2,1,2,0.022541964426636696
3533,106.02734600000326,1,1,2,0.017832964658737183
3534,106.05734600000326,1,1,2,0.016459031030535698
3535,106.08734600000327,1,1,1,0.01637497916817665
3536,106.11734600000327,1,1,1,0.015374971553683281
3537,106.14734600000327,2,1,2,0.02208305522799492
3538,106.17734600000327,1,1,2,0.017583020962774754
3539,106.20734600000327,1,1,2,0.017290934920310974
3540,106.23734600000327,1,1,1,0.017332960851490498
3541,106.26734600000327,2,1,2,0.022124964743852615
3542,106.29734600000327,1,1,2,0.017041107639670372
3543,106.32734600000327,1,1,2,0.015915953554213047
3544,106.35734600000328,1,1,1,0.016207923181355
3545,106.38734600000328,1,1,1,0.015666009858250618
3546,106.41734600000328,1,1,1,0.015124911442399025
3547,106.44734600000328,1,1,1,0.01525005791336298
3548,106.47734600000328,1,1,1,0.015333062037825584
3549,106.50734600000328,1,1,1,0.015249941498041153
3550,106.53734600000328,1,1,1,0.015125027857720852
3551,106.56734600000328,1,1,1,0.014959019608795643
3552,106.59734600000328,1,1,1,0.01491699367761612
3553,106.62734600000329,2,1,2,0.021459069103002548
3554,106.65734600000329,2,1,2,0.024499953724443913
3555,106.68734600000329,1,1,2,0.019290950149297714
3556,106.71734600000329,2,1,2,0.0302919652312994
3557,106.74734600000329,1,1,2,0.017083948478102684
3558,106.77734600000329,1,1,2,0.016750069335103035
3559,106.80734600000329,2,1,2,0.02462498378008604
3560,106.8373460000033,1,1,2,0.017125043086707592
3561,106.8673460000033,1,1,2,0.016291975043714046
3562,106.8973460000033,1,1,1,0.03266602288931608
3563,106.9273460000033,2,1,2,0.024916022084653378
3564,106.9573460000033,1,1,2,0.017125043086707592
3565,106.9873460000033,2,1,2,0.0260830856859684
3566,107.0173460000033,1,1,2,0.01791701652109623
3567,107.0473460000033,2,2,2,0.029916991479694843
3568,107.0773460000033,1,1,2,0.01666590105742216
3569,107.1073460000033,1,1,2,0.016290927305817604
3570,107.1373460000033,1,1,1,0.016582896932959557
3571,107.1673460000033,2,1,2,0.02245791256427765
3572,107.19734600000331,1,1,2,0.016625039279460907
3573,107.22734600000331,1,1,2,0.016290927305817604
3574,107.25734600000331,1,1,1,0.017625046893954277
3575,107.28734600000331,2,1,2,0.022042077034711838
3576,107.31734600000331,1,1,2,0.016208970919251442
3577,107.34734600000331,2,1,3,0.025541987270116806
3578,107.37734600000331,3,1,3,0.03483297768980265
3579,107.40734600000332,3,2,3,0.04654203075915575
3580,107.43734600000332,3,2,4,0.0398330157622695
3581,107.46734600000332,1,1,4,0.02037500962615013
3582,107.49734600000332,2,2,3,0.034958007745444775
3583,107.52734600000332,2,1,3,0.026332912966609
3584,107.55734600000332,2,1,3,0.02679100725799799
3585,107.58734600000332,1,1,2,0.01933402381837368
3586,107.61734600000332,2,1,3,0.04308309871703386
3587,107.64734600000332,4,1,4,0.04091695882380009
3588,107.67734600000333,3,1,5,0.0351249473169446
3589,107.70734600000333,4,1,6,0.05108397454023361
3590,107.73734600000333,3,1,5,0.052042072638869286
3591,107.76734600000333,1,1,5,0.021541956812143326
3592,107.79734600000333,1,1,3,0.021582935005426407
3593,107.82734600000333,2,1,2,0.03216706681996584
3594,107.85734600000333,3,1,3,0.03750005271285772
3595,107.88734600000333,2,1,3,0.025458051823079586
3596,107.91734600000333,1,1,3,0.018582912161946297
3597,107.94734600000334,4,1,5,0.04616705700755119
3598,107.97734600000334,3,2,5,0.04841701593250036
3599,108.00734600000334,3,1,6,0.06079196464270353
3600,108.03734600000334,3,2,4,0.05479203537106514
3601,108.06734600000334,2,1,4,0.030250055715441704
3602,108.09734600000334,3,2,5,0.04395795986056328
3603,108.12734600000334,4,2,4,0.057165976613759995
3604,108.15734600000334,4,3,5,0.05595805123448372
3605,108.18734600000334,3,2,6,0.04325003828853369
3606,108.21734600000335,2,2,5,0.03716605715453625
3607,108.24734600000335,1,1,3,0.021292013116180897
3608,108.27734600000335,1,1,2,0.018459046259522438
3609,108.30734600000335,2,1,2,0.03129197284579277
3610,108.33734600000335,2,1,2,0.030540977604687214
3611,108.36734600000335,3,1,4,0.030916999094188213
3612,108.39734600000335,2,1,4,0.027250032871961594
3613,108.42734600000335,1,1,3,0.019832979887723923
3614,108.45734600000335,1,1,2,0.01925008837133646
3615,108.48734600000336,2,1,2,0.042750034481287
3616,108.51734600000336,2,1,2,0.025709043256938457
3617,108.54734600000336,2,2,2,0.03020802978426218
3618,108.57734600000336,1,1,2,0.017166021279990673
3619,108.60734600000336,1,1,2,0.016583944670856
3620,108.63734600000336,3,2,3,0.03724999260157347
3621,108.66734600000336,3,1,3,0.0400409335270524
3622,108.69734600000336,3,3,3,0.04541606176644564
3623,108.72734600000337,4,3,4,0.05220796447247267
3624,108.75734600000337,3,2,4,0.041375053115189075
3625,108.78734600000337,1,1,4,0.020000035874545574
3626,108.81734600000337,2,1,4,0.033125048503279686
3627,108.84734600000337,2,1,3,0.03516697324812412
3628,108.87734600000337,3,1,4,0.040499959141016006
3629,108.90734600000337,2,2,3,0.03466696944087744
3630,108.93734600000337,2,2,3,0.03154110163450241
3631,108.96734600000337,2,2,2,0.05179201252758503
3632,108.99734600000338,3,2,3,0.038708094507455826
3633,109.02734600000338,2,2,3,0.03200001083314419
3634,109.05734600000338,2,1,3,0.026667024940252304
3635,109.08734600000338,3,2,3,0.04549999721348286
3636,109.11734600000338,3,2,4,0.039958045817911625
3637,109.14734600000338,2,2,4,0.03383401781320572
3638,109.17734600000338,2,1,4,0.03466603811830282
3639,109.20734600000338,2,2,2,0.033207936212420464
3640,109.23734600000338,2,2,2,0.030084047466516495
3641,109.26734600000339,3,2,3,0.03658293280750513
3642,109.29734600000339,1,1,3,0.0462500611320138
3643,109.32734600000339,2,2,3,0.03816606476902962
3644,109.35734600000339,3,2,3,0.042208004742860794
3645,109.38734600000339,4,3,4,0.05387491546571255
3646,109.41734600000339,1,1,4,0.041082967072725296
3647,109.44734600000339,1,1,4,0.021209008991718292
3648,109.4773460000034,3,1,3,0.04958396311849356
3649,109.5073460000034,3,2,4,0.04083395469933748
3650,109.5373460000034,2,2,4,0.03570900298655033
3651,109.5673460000034,1,1,3,0.020916922949254513
3652,109.5973460000034,2,2,2,0.03487500362098217
3653,109.6273460000034,2,1,2,0.031542032957077026
3654,109.6573460000034,3,2,3,0.039082951843738556
3655,109.6873460000034,1,1,3,0.01916696783155203
3656,109.7173460000034,3,2,3,0.04125002305954695
3657,109.7473460000034,3,3,3,0.046708970330655575
3658,109.7773460000034,2,2,3,0.0327499583363533
3659,109.8073460000034,3,3,3,0.045666005462408066
3660,109.83734600000341,2,1,3,0.03350002225488424
3661,109.86734600000341,2,1,4,0.027292058803141117
3662,109.89734600000341,4,1,5,0.07175002247095108
3663,109.92734600000341,3,3,4,0.05208305083215237
3664,109.95734600000341,3,2,4,0.04962494131177664
3665,109.98734600000341,3,1,4,0.04341593012213707
3666,110.01734600000341,3,2,4,0.049875001423060894
3667,110.04734600000342,4,3,4,0.057999975979328156
3668,110.07734600000342,3,3,4,0.04862493369728327
3669,110.10734600000342,2,2,4,0.03554089926183224
3670,110.13734600000342,2,2,3,0.03475008998066187
3671,110.16734600000342,2,2,2,0.032957992516458035
3672,110.19734600000342,2,1,3,0.02570892684161663
3673,110.22734600000342,3,1,5,0.033250078558921814
3674,110.25734600000342,3,1,4,0.05820801015943289
3675,110.28734600000342,2,1,4,0.03516697324812412
3676,110.31734600000343,2,2,3,0.03475008998066187
3677,110.34734600000343,4,2,4,0.05308305844664574
3678,110.37734600000343,3,2,4,0.04199997056275606
3679,110.40734600000343,2,1,4,0.03462505992501974
3680,110.43734600000343,3,2,4,0.04812492989003658
3681,110.46734600000343,1,1,3,0.020417035557329655
3682,110.49734600000343,1,1,3,0.01908303238451481
3683,110.52734600000343,2,1,2,0.0338749960064888
3684,110.55734600000343,2,1,3,0.0249580480158329
3685,110.58734600000344,2,1,3,0.02591707743704319
3686,110.61734600000344,4,2,4,0.05137501284480095
3687,110.64734600000344,3,3,4,0.04695903044193983
3688,110.67734600000344,2,1,5,0.02716702874749899
3689,110.70734600000344,4,1,4,0.07829198148101568
3690,110.73734600000344,3,2,4,0.048291985876858234
3691,110.76734600000344,1,1,4,0.021041021682322025
3692,110.79734600000344,1,1,3,0.02433406189084053
3693,110.82734600000344,1,1,1,0.019125058315694332
3694,110.85734600000345,2,1,2,0.0238749198615551
3695,110.88734600000345,1,1,2,0.016959034837782383
3696,110.91734600000345,1,1,2,0.01641607377678156
3697,110.94734600000345,2,1,2,0.02545793540775776
3698,110.97734600000345,3,1,3,0.03754091449081898
3699,111.00734600000345,1,1,3,0.018874998204410076
3700,111.03734600000345,2,1,3,0.031374976970255375
3701,111.06734600000345,1,1,2,0.021666986867785454
3702,111.09734600000345,1,1,2,0.01779210288077593
3703,111.12734600000346,3,1,3,0.03170908894389868
3704,111.15734600000346,3,1,3,0.03345799632370472
3705,111.18734600000346,2,1,4,0.02604199107736349
3706,111.21734600000346,3,1,5,0.04129100125283003
3707,111.232215,2,1,5,0.034958007745444775
