window_id,start_sec,end_sec,box,saliency,switch_pixels,repeat_pixels,repeat_mass,switch_time_coverage,occupied_bins,repetition_score,spatial_score,repetition_base,persistent_switch_support,background_contrast,foreground_density,background_density,events,observable,valid_pixels,rotation_blocks,rotation_q,rotation_significance,rotation_omega,rotation_fit,rotation_rigidity,rotation_residual,rotation_polarity_sign,rotation_omega_positive,rotation_omega_negative,joint_score,joint_threshold,joint_pass,state,track_id,published
1,0.037488,0.06748799999999999,"[355, 119, 528, 326]",344.2041752487421,8886,21,252.5,1.0,8,0.85958218616137,0.4315815406879982,0.9692898272552783,0.028246680171055593,0.08897066798783615,1.8632070707070707,1.5587529976019185,74390,True,1221,140,0.036639080432669016,0.9999999702363446,6.2374610676677165,0.05389921883135795,0.6797701769634148,2117.22700974207,1,3.66406413658263,8.810857998752804,0.3427633811895787,0.34,True,joint_candidate,25,True
2,0.06748799999999999,0.09748799999999999,"[823, 104, 997, 318]",511.86251251399517,12577,15,537.5,1.0,8,0.9005378365847921,0.5067982326871251,0.9853345554537122,0.04265723145424187,0.36351421998326466,1.945670708601743,0.908235294117647,82209,True,1184,131,0.00424656282316492,0.9593350245941923,-2.468288449459157,0.008048280634746052,0.5500018388548412,2206.892773921931,-1,-2.0090433158009375,2.9275335831173774,0.3485166954312471,0.34,True,joint_candidate,47,True
2,0.06748799999999999,0.09748799999999999,"[735, 629, 893, 672]",128.2375019043684,2157,52,227.5,1.0,8,0.9184481459439542,0.50531364551324,0.9660297239915074,0.10407974038015763,0.7252791004489594,1.1423314339981006,0.18189655172413793,9848,True,36,10,0.07333336556478355,0.9996350711116079,-23.624990560271012,0.3078979805428532,0.23826118205977403,1357.996025516841,-1,-11.46265889012186,35.78732223042016,0.39166484167080323,0.34,True,joint_candidate,48,True
3,0.09748799999999999,0.127488,"[374, 702, 591, 720]",198.780954439193,2192,380,589.5,0.875,7,0.8985172496862299,0.6915709397512678,0.922889970503447,0.23791058394160583,0.9250021821549066,2.7693819611268835,0.10789473684210527,12899,True,951,99,0.00036021262387066466,0.5856925281162209,-1.3278872528303278,0.0017050882838000048,0.36069687110664156,1858.704515565183,1,-1.8112056124398557,-0.8445688932208003,0.373488932811688,0.34,True,joint_candidate,67,True
3,0.09748799999999999,0.127488,"[12, 691, 175, 720]",177.85178715363145,2162,290,522.5,1.0,8,0.9337931880269118,0.6695340634119862,0.9849198868991518,0.21739130434782608,0.6701026607202413,1.9840049854590778,0.39190283400809717,9980,True,362,47,0.012086643529642513,0.9997413611686281,-11.617833632235845,0.07052985865690853,0.17141350690272028,1600.0514596353394,1,-5.9497241303172395,-17.28594313415445,0.38721571986117487,0.34,True,joint_candidate,68,True
3,0.09748799999999999,0.127488,"[770, 610, 962, 660]",133.70833536982536,2396,77,213.0,1.0,8,0.9015066830646893,0.450513682325607,0.9638009049773756,0.08827212020033388,0.5718335783689507,0.9894317394317395,0.26952054794520547,11614,True,46,13,0.025806229789686858,0.8809864240839095,-16.116889218876576,0.05091609554644638,0.5753077855203981,2103.582597340995,-1,-30.960690733060726,1.2730877046924158,0.3522224836525756,0.34,True,joint_candidate,69,True
4,0.127488,0.157488,"[431, 674, 682, 720]",1826.430979438126,10046,5056,5929.0,1.0,8,0.9786192192639673,0.8088787197825403,0.9986525181067879,0.5410611188532749,0.9131347768388487,3.9394591072010425,0.17886977886977887,60729,True,3641,271,0.00030063151909281326,0.6707026095080274,-0.8979965818185456,0.0008820019006001711,0.5082003903657981,1764.9585044693015,-1,-0.6729021602321621,1.1230910034049284,0.41508292108207234,0.34,True,joint_candidate,83,True
4,0.127488,0.157488,"[788, 681, 1043, 720]",1296.3855117671192,7314,3377,4004.5,1.0,8,0.9653137667944224,0.7861378282396981,0.998006230529595,0.5103226688542521,0.7922989181276587,3.9950105708245243,0.46296296296296297,47604,True,3205,248,0.00048492665065679667,0.7681085530701345,1.0936477609412285,0.0014477313088590016,0.4360793132179231,1785.521832764033,-1,1.141112117172001,-1.0461834047104555,0.4077815139321426,0.34,True,joint_candidate,84,True
4,0.127488,0.157488,"[80, 658, 268, 718]",486.9450427778065,5683,1026,1456.5,1.0,8,0.9380786115836919,0.6449797079101873,0.99453738477296,0.22558507830371283,0.6185295223099594,1.9320638188368502,0.4553672316384181,26724,True,839,87,0.009677028166208973,0.9910506775785638,8.406798920114417,0.019752354318234855,0.49434173210465365,2144.6962009009817,1,2.8677559109316415,13.945841929297192,0.38349290515305057,0.34,True,joint_candidate,85,True
4,0.127488,0.157488,"[807, 583, 1031, 640]",192.75833667069674,3730,116,263.5,1.0,8,0.8938354286283087,0.4808846015417836,0.9705340699815838,0.06823056300268096,0.42937761831161503,1.0291015625,0.410828025477707,15807,True,68,14,0.28973218298306547,0.9999923676551044,30.633104269174986,0.3272905360556728,0.8852513666530424,1475.560605600506,1,13.661865660168292,47.604342878181676,0.4996360194604461,0.34,True,joint_candidate,86,True
5,0.157488,0.187488,"[830, 625, 1134, 717]",2820.0815340802073,15614,7669,9042.0,1.0,8,0.9531822241934587,0.6227604743957155,0.9991160220994475,0.5222556679902651,0.6555780593186192,3.1122193890305483,0.6474576271186441,124495,True,5452,345,0.0011149364535542362,0.9108026194702803,1.4973272862082958,0.0020995018623036765,0.5830550752378393,2050.225822607454,1,1.4435628088225352,1.551091763594057,0.3799819534668497,0.34,True,joint_candidate,98,True
5,0.157488,0.187488,"[517, 635, 783, 709]",2258.857930675149,14413,6404,7874.5,1.0,8,0.9718408088575333,0.7170333315229649,0.9989850935616873,0.46981891348088534,0.8589571999915814,3.2205126374410966,0.2443467336683417,90929,True,4431,296,0.0007215578273157204,0.8416346563609424,-1.320385987447512,0.0016869638884710048,0.5082082908417185,1938.1360677440846,-1,-0.7781609560826609,1.862611018812362,0.3995040991907284,0.34,True,joint_candidate,99,True
5,0.157488,0.187488,"[181, 616, 372, 689]",625.8343298509717,7256,1533,1964.5,1.0,8,0.9527999637892262,0.6405160192962052,0.9959442332065906,0.22505512679162074,0.7558056381497235,1.875,0.2607717041800643,33453,True,1336,108,0.0009884397830281712,0.9243944290483811,5.47515393492321,0.007374592092218246,0.14499562350266726,2350.7718073962574,1,4.932896661206285,6.0174112086401355,0.3824610339118641,0.34,True,joint_candidate,100,True
6,0.187488,0.217488,"[965, 618, 1242, 698]",2676.6263655535877,15495,7663,8898.0,1.0,8,0.9644270933771044,0.6761077618663371,0.9991017291713452,0.5018070345272668,0.7746838583299206,3.049955581877406,0.3872262773722628,103740,True,4697,300,0.0018507509086310298,0.9632891274535036,2.1408330249988134,0.0036465572836548166,0.5268758256341562,2159.505970403229,1,0.895106694081852,3.3865593559157743,0.3917622052928289,0.34,True,joint_candidate,117,True
6,0.187488,0.217488,"[625, 595, 896, 670]",2376.055606044829,14976,7021,8248.0,1.0,8,0.9700161168730673,0.7111952812139224,0.999031007751938,0.46895032051282054,0.8402106847247353,3.2908206645580385,0.2857487922705314,97509,True,4749,295,3.8298770742600884e-05,0.42700035537127085,0.6127953272011698,0.00027045232101641226,0.3316392203419959,2178.8493622173414,1,0.06877163145711804,1.1568190229452215,0.39770519156791695,0.34,True,joint_candidate,118,True
6,0.187488,0.217488,"[297, 573, 499, 644]",774.497823279351,8520,2169,2655.5,1.0,8,0.961581327130711,0.647468855788384,0.9969964332645016,0.24313380281690142,0.8307969656128095,1.9502524502524503,0.18024316109422492,39679,True,1805,136,0.02049923815758752,0.9999739705034533,11.608460586011633,0.03231268893438033,0.634418627244424,2393.4801942160457,1,7.221702455433097,15.995218716590166,0.39686930749414395,0.34,True,joint_candidate,70,True
7,0.217488,0.24748799999999999,"[730, 537, 1043, 633]",2331.0861010812223,15234,6966,7909.5,1.0,8,0.9522164650388626,0.5813064378861676,0.9989895800442059,0.4230996455297361,0.6712798869198324,2.361694440681028,0.4645161290322581,104704,True,4417,298,0.0009648882292062366,0.8941294525730722,-1.8382529776203096,0.0022013698280161087,0.4902116158866913,2251.207990117057,-1,-0.32494021824860836,3.3515657369920118,0.37339159372064734,0.34,True,joint_candidate,86,True
7,0.217488,0.24748799999999999,"[1080, 580, 1277, 650]",1759.4116236194968,9779,5129,5825.5,1.0,8,0.9583132677350261,0.7486381705960882,0.9986286106111254,0.5016872890888638,0.7173499060126892,3.2514203730272597,0.5351351351351351,57433,True,1935,150,0.00011722581967230985,0.5091968900488325,1.7789142153047157,0.0007982765769032341,0.2883926244555935,2037.9705920854826,-1,1.5729818506634634,-1.984846579945969,0.3998541801107408,0.34,True,joint_candidate,134,True
7,0.217488,0.24748799999999999,"[378, 477, 663, 603]",888.7911788150668,10686,2640,3208.0,1.0,8,0.9090677105162492,0.4466521514550895,0.9975124378109452,0.22342317050346247,0.29378048750672064,1.2535425101214575,0.6842553191489362,59448,True,1921,142,0.004496179126915579,0.9745937370028281,-5.6021891287038725,0.008842406743223008,0.5217344340399293,2242.329494684059,-1,-0.07630629315541587,11.128071964252332,0.3421910343929418,0.34,True,joint_candidate,87,True
8,0.24748799999999999,0.27748799999999996,"[895, 519, 1188, 591]",2045.5031048730016,14282,6190,6938.5,1.0,8,0.9596977516382733,0.6551814151421854,0.9988483408910962,0.38835597255286375,0.7572416710962718,2.4477408818726185,0.3381489841986456,80937,True,3568,267,0.0017060931378725182,0.972425138903091,2.4491661200231145,0.0045584737929259544,0.38488155297186594,2079.513215942627,-1,1.5607707634959425,-3.3375614765502877,0.3871248889886396,0.34,True,joint_candidate,102,True
8,0.24748799999999999,0.27748799999999996,"[578, 492, 816, 617]",861.4026874862611,9442,2657,3143.5,1.0,8,0.9297936667076047,0.5016367322799289,0.9974615262573377,0.2395149332768481,0.5022574239204266,1.3203450246251802,0.43746958637469585,48586,True,1615,142,0.002412736819339748,0.918572757850502,-5.406171143476339,0.0053831108372309755,0.4879362323702296,2749.912642164623,-1,-7.033650132298616,3.778692154654061,0.35551061510490756,0.34,True,joint_candidate,101,True
8,0.24748799999999999,0.27748799999999996,"[1213, 564, 1280, 611]",145.44047816097736,1733,344,534.5,1.0,8,0.9325195738600344,0.7097801622952552,0.9852534562211982,0.19878822850548183,0.6582254577840911,2.257867132867133,0.4653658536585366,8110,False,0,0,0.0,0.0,0.0,0.0,0.0,0.0,0,0.0,0.0,0.3862228965022986,0.34,True,joint_candidate,150,True
9,0.27748799999999996,0.307488,"[1047, 501, 1275, 590]",1397.9901670329273,10484,4348,4886.5,1.0,8,0.9598299311704447,0.6176005262318343,0.9983655123097355,0.3617417016405952,0.7699063938458908,1.973303916161059,0.2565359477124183,53734,True,1343,130,0.0007747454269535607,0.9805540028803819,5.756281483257917,0.010557959518920024,0.07483547369288682,1755.3086633588002,1,9.78244195978912,1.7301210067267143,0.381015168270733,0.34,True,joint_candidate,121,True
9,0.27748799999999996,0.307488,"[739, 473, 998, 620]",958.0098854489625,10073,2845,3452.0,1.0,8,0.9352025387842143,0.4452605392692313,0.9976878612716763,0.2514643105331083,0.5524575648215265,0.9876279863481229,0.28471337579617834,48615,True,1967,160,0.005621892993790966,0.9893691439583977,7.3749240559405465,0.010232546751738791,0.5553163696719174,2723.9790614057324,1,8.78774292748734,5.962105184393755,0.350441883672234,0.34,True,joint_candidate,86,True
10,0.307488,0.337488,"[928, 459, 1201, 529]",1066.4449404105544,9842,3559,4161.0,1.0,8,0.9497690240449498,0.6263052147934737,0.998081074598225,0.3097947571631782,0.6830326371727696,1.627889938130902,0.30658227848101266,40239,True,2019,156,0.00015197315486512993,0.48079980056030985,1.7087912724644245,0.0006715313016237845,0.47069148243376546,2506.135426063087,1,1.1927857071724082,2.22479683775644,0.3789600746676818,0.34,True,joint_candidate,181,True
10,0.307488,0.337488,"[1216, 491, 1279, 531]",57.73363206535578,958,80,159.0,1.0,8,0.88900012673236,0.6037119894634223,0.9520958083832335,0.08507306889352818,0.5558699988756791,1.8646587876477316,0.5322751322751322,5323,False,0,0,0.0,0.0,0.0,0.0,0.0,0.0,0,0.0,0.0,0.35725683643922135,0.34,True,joint_candidate,139,True
11,0.337488,0.36748800000000004,"[1121, 451, 1278, 530]",508.90151983499527,5524,1612,1796.0,1.0,8,0.9484005556452727,0.6071195396127158,0.9955654101995566,0.23977190441708907,0.710811360750929,1.6597012880241162,0.2805491990846682,24434,False,0,0,0.0,0.0,0.0,0.0,0.0,0.0,0,0.0,0.0,0.37558809763548917,0.34,True,joint_candidate,199,True
269,8.07748800000002,8.10748800000002,"[24, 0, 75, 28]",279.5764817260206,1174,765,872.0,1.0,8,0.9814889827470294,0.7944701351837744,0.990909090909091,0.6213798977853492,0.9995857931504439,6.523655913978494,0.0013513513513513514,12235,True,753,51,0.002929828641052935,0.8757723956187522,-6.3546012811655785,0.011834605689440725,0.28268136231451374,941.9223244350386,1,-2.6334782858536747,-10.075724276477475,0.4152286208542541,0.34,True,joint_candidate,324,True
270,8.10748800000002,8.137488000000019,"[8, 2, 61, 51]",497.7319153919816,2229,1407,1575.0,1.0,8,0.9849459876301394,0.7896179478054584,0.9949463044851548,0.6166442350829968,0.9952826091020351,5.598041958041958,0.013235294117647059,20120,True,671,58,0.005177881963160451,0.9460589050266494,6.952591144477726,0.0162658217041467,0.33647899669729764,904.4164029223372,1,11.035198273679587,2.8699840152758678,0.4167743235395988,0.34,True,joint_candidate,324,True
271,8.137488000000019,8.167488000000018,"[0, 27, 42, 76]",379.4481677003205,1697,1086,1219.0,1.0,8,0.9831256372999805,0.7935266858229613,0.993480032599837,0.6337654684737772,0.9872181169735963,5.732467532467532,0.03687150837988827,15628,True,440,38,0.0007392150504898617,0.5743673126073953,4.2790658577187894,0.004323093290244162,0.2977052386929704,846.0995585663311,1,8.326396854131044,0.23173486130653487,0.41437326234120775,0.34,True,joint_candidate,325,True
272,8.167488000000018,8.197488000000018,"[0, 53, 27, 100]",221.67199851199985,1040,675,742.0,1.0,8,0.9785195147640661,0.795605703717735,0.9893333333333333,0.6110576923076924,0.9878129796773276,5.552647595861229,0.03404255319148936,9227,True,240,23,0.00441120878479349,0.7603565009510007,10.8043174136152,0.015857390092785528,0.3658547013222207,908.5336604901055,1,17.67766019066692,3.9309746365634863,0.4153228748185165,0.34,True,joint_candidate,326,True
273,8.197488000000018,8.227488000000017,"[0, 77, 15, 113]",56.986302483826876,306,153,170.0,1.0,8,0.9414996233499219,0.6887805199417031,0.9550561797752809,0.48366013071895425,0.9869716709589457,3.3891472868217054,0.022222222222222223,2271,False,0,0,0.0,0.0,0.0,0.0,0.0,0.0,0,0.0,0.0,0.385766964996232,0.34,True,joint_candidate,326,True
375,11.257487999999952,11.287487999999952,"[668, 287, 690, 296]",10.01517866551876,97,30,38.5,1.0,8,0.8132536132831669,0.7531609801286204,0.8279569892473119,0.29381443298969073,0.9989414746928883,3.497076023391813,0.001851851851851852,639,False,7,2,0.0,0.0,0.0,0.0,0.0,0.0,0,0.0,0.0,0.35695023100424317,0.34,True,joint_candidate,332,True
376,11.287487999999952,11.317487999999951,"[678, 287, 701, 294]",8.195238173007965,89,17,28.0,1.0,8,0.7625391710580935,0.7458216945088149,0.7777777777777778,0.23595505617977527,0.994990607388854,2.95,0.007407407407407408,531,False,0,0,0.0,0.0,0.0,0.0,0.0,0.0,0,0.0,0.0,0.34063500549375025,0.34,True,joint_candidate,332,True
382,11.467487999999948,11.497487999999947,"[743, 280, 765, 289]",11.32218623161316,98,32,43.0,1.0,8,0.8288122484708168,0.7378647873726218,0.8431372549019608,0.33163265306122447,0.9971428571428571,3.8833333333333333,0.005555555555555556,782,False,6,2,0.0,0.0,0.0,0.0,0.0,0.0,0,0.0,0.0,0.3593233926471383,0.34,True,joint_candidate,332,True
383,11.497487999999947,11.527487999999947,"[752, 280, 776, 288]",11.84993488714099,103,38,48.0,1.0,8,0.8420439285659159,0.7003400534570263,0.8571428571428571,0.32038834951456313,0.9936406995230525,4.4,0.014035087719298246,1013,False,10,2,0.0,0.0,0.0,0.0,0.0,0.0,0,0.0,0.0,0.3576641865883287,0.34,True,joint_candidate,332,True
384,11.527487999999947,11.557487999999946,"[762, 279, 785, 288]",12.02906757965684,103,37,48.5,1.0,8,0.8435970339471766,0.7362779795416231,0.8584070796460177,0.3446601941747573,0.9911607350546641,4.505263157894737,0.02,980,False,0,0,0.0,0.0,0.0,0.0,0.0,0.0,0,0.0,0.0,0.3635208071153964,0.34,True,joint_candidate,332,True
385,11.557487999999946,11.587487999999945,"[773, 279, 796, 288]",11.3966881968081,99,32,40.0,1.0,8,0.8173026096960899,0.7218397547786817,0.8333333333333334,0.29292929292929293,0.9841182552077606,4.315789473684211,0.034545454545454546,974,False,0,0,0.0,0.0,0.0,0.0,0.0,0.0,0,0.0,0.0,0.3534667461256292,0.34,True,joint_candidate,332,True
386,11.587487999999945,11.617487999999945,"[783, 279, 807, 287]",11.875820845365524,115,30,41.5,1.0,8,0.8222970399001048,0.7400128699009549,0.8383838383838383,0.2782608695652174,0.9883458199548105,4.190476190476191,0.02456140350877193,972,False,0,0,0.0,0.0,0.0,0.0,0.0,0.0,0,0.0,0.0,0.3576910424551747,0.34,True,joint_candidate,332,True
387,11.617487999999945,11.647487999999944,"[793, 278, 817, 287]",13.156971603631973,118,31,44.5,1.0,8,0.8322483331369359,0.7323685113135575,0.8476190476190476,0.3008474576271186,0.9933316915149563,4.195454545454545,0.014035087719298246,1061,True,8,3,0.01735934828827862,0.8685904227599273,-136.4400799849747,0.2941371510392543,0.06794672028398507,447.25834786365976,-1,-8.270872133374358,264.60928783657505,0.3690774181966676,0.34,True,joint_candidate,332,True
388,11.647487999999944,11.677487999999943,"[803, 278, 825, 287]",12.652132719755173,112,30,43.0,1.0,8,0.827044084319601,0.7677718959499145,0.8431372549019608,0.29017857142857145,0.9863404732201382,4.494736842105263,0.03090909090909091,959,False,3,1,0.0,0.0,0.0,0.0,0.0,0.0,0,0.0,0.0,0.36327900968836746,0.34,True,joint_candidate,332,True
433,12.997487999999915,13.027487999999915,"[971, 306, 998, 320]",27.094756487756968,212,85,98.0,1.0,8,0.9086582819779462,0.7062744009319357,0.9245283018867925,0.33962264150943394,0.9933288859239493,5.272941176470588,0.01764705882352941,2367,True,75,8,0.01832859307848092,0.9764535483755734,-59.9374640455272,0.1758529082043876,0.1067401936682637,834.0396081617154,1,-24.760225333866817,-95.11470275718759,0.3886193709263387,0.34,True,joint_candidate,332,True
434,13.027487999999915,13.057487999999914,"[961, 306, 988, 322]",25.03066185489297,218,75,91.0,1.0,8,0.9014460684144429,0.7103728806969123,0.9191919191919192,0.286697247706422,0.984998924654097,6.032407407407407,0.045588235294117645,2793,True,31,6,0.023130703052572633,0.8655668988954432,55.56453980339735,0.11399596688036495,0.23442218361191747,463.40116907897135,1,38.488046363188786,72.64103324360592,0.38971163930778463,0.34,True,joint_candidate,332,True
437,13.117487999999913,13.147487999999912,"[924, 309, 953, 326]",16.37500014528632,234,10,39.5,1.0,8,0.810681175502085,0.698212002188447,0.8315789473684211,0.16452991452991453,0.9566599689701656,4.579166666666667,0.10142857142857142,2483,False,1,1,0.0,0.0,0.0,0.0,0.0,0.0,0,0.0,0.0,0.3479361529788925,0.34,True,joint_candidate,332,True
440,13.20748799999991,13.23748799999991,"[879, 313, 911, 328]",13.41250017657876,216,10,27.5,1.0,8,0.7554764054192025,0.6619168182176299,0.7746478873239436,0.11574074074074074,0.9729811196667854,2.738336713995943,0.0375,1476,True,8,3,0.1112565206966302,0.8136151582209311,36.562445739650464,0.23461511565028847,0.5828414820538004,205.91119387517563,1,56.23539398772059,16.88949749158035,0.38712153074155187,0.34,True,joint_candidate,332,True
442,13.26748799999991,13.297487999999909,"[845, 315, 878, 330]",18.986309744417667,278,25,44.5,1.0,8,0.8277477928502597,0.738307550561205,0.8476190476190476,0.14388489208633093,0.97914629593415,2.9901960784313726,0.031506849315068496,1649,True,16,7,0.013212667939148538,0.6679342301036572,-24.44913412518615,0.040939290292071995,0.4831884118239894,763.729982163532,1,-9.271923239142598,-39.6263450112297,0.36633743780579037,0.34,True,joint_candidate,332,True
443,13.297487999999909,13.327487999999908,"[823, 315, 861, 330]",21.02142883837223,277,32,52.5,1.0,8,0.8476229646450525,0.6922707232905777,0.8677685950413223,0.17148014440433212,0.9744462619921305,2.6089965397923875,0.033766233766233764,1614,True,37,7,0.001509243721826857,0.8665020225271984,29.847906600268395,0.09517777050027909,0.01830013399924011,548.597618473796,1,34.019739706420765,25.676073494116014,0.3589575819341072,0.34,True,joint_candidate,332,True
444,13.327487999999908,13.357487999999908,"[803, 315, 841, 332]",25.60773826763034,318,58,76.5,1.0,8,0.8864066667441024,0.6909974511367444,0.9053254437869822,0.20440251572327045,0.9897228467020233,3.824324324324324,0.019753086419753086,2657,True,23,5,0.0013482473460585667,0.9423436582439314,19.3083046145497,0.21979385269772533,0.006509456365812622,267.20845473259567,1,25.89618388034334,12.72042534875606,0.3703131537340746,0.34,True,joint_candidate,332,True
445,13.357487999999908,13.387487999999907,"[783, 315, 822, 332]",28.163095511496067,364,65,83.5,1.0,8,0.8927056858163851,0.7003859939637147,0.912568306010929,0.17582417582417584,0.9881434007610654,4.848648648648648,0.02891566265060241,3785,True,36,8,0.028008196369895887,0.9980807132490503,73.21409145996505,0.30437378736808474,0.09219603220065678,769.2081373024268,1,36.03909242253844,110.38909049739166,0.38827411284291546,0.34,True,joint_candidate,332,True
446,13.387487999999907,13.417487999999906,"[762, 315, 803, 332]",29.305952601134777,365,69,86.0,1.0,8,0.8948434492410987,0.6930102148559838,0.9148936170212766,0.19452054794520549,0.9818514084063269,4.625,0.042352941176470586,3693,True,52,9,0.0008356316171542663,0.3512155552530402,-5.545912976515531,0.006777137455143523,0.3510708955062444,518.1904775927579,-1,-1.7234498563141198,9.368376096716943,0.372864164390162,0.34,True,joint_candidate,332,True
447,13.417487999999906,13.447487999999906,"[747, 315, 782, 332]",31.329365387558937,366,83,97.5,1.0,8,0.9050599246849867,0.6680879159322028,0.9241706161137441,0.20765027322404372,0.9911241302560944,4.125609756097561,0.01839080459770115,3458,True,41,7,0.14926405047029478,0.9505725466020581,40.517297054167955,0.1575941574220946,0.9963911068622546,649.5890687076833,1,19.18531213421828,61.84928197411762,0.45382639255398854,0.34,True,joint_candidate,332,True
448,13.447487999999906,13.477487999999905,"[724, 315, 762, 331]",27.60367089882493,298,61,78.0,1.0,8,0.887947182093221,0.6433419688539594,0.9069767441860465,0.2197986577181208,0.984943538268507,2.6680555555555556,0.02023809523809524,1998,True,34,6,0.0204209792972454,0.6997172393517221,25.101105654300593,0.056319812935353375,0.5181944859333889,644.7794214138056,-1,13.285063262316902,-36.917148046284275,0.3741169885695452,0.34,True,joint_candidate,332,True
449,13.477487999999905,13.507487999999904,"[702, 315, 738, 328]",29.386408917605877,289,71,95.0,1.0,8,0.9046824743994026,0.7010681840159741,0.9223300970873787,0.27335640138408307,0.9901444805738996,2.4625850340136055,0.012195121951219513,1472,True,44,9,0.06755811922706072,0.9632725159991203,-51.89519158840417,0.13324783745754198,0.5263422249702088,648.9084537930845,1,-4.956808590426418,-98.83357458638193,0.4137219354971003,0.34,True,joint_candidate,332,True
450,13.507487999999904,13.537487999999904,"[673, 314, 714, 328]",40.03154794499278,361,103,139.5,1.0,8,0.9287949902497188,0.7003492917357613,0.9457627118644067,0.3060941828254848,0.9939639335657783,2.6277173913043477,0.007954545454545454,1950,True,78,12,0.00016258879682581773,0.30988706776303737,-4.44776274174595,0.0037330513829871848,0.14054752328126005,573.4442319943632,-1,-8.47795501196899,0.4175704715229076,0.383780314673534,0.34,True,joint_candidate,357,True
451,13.537487999999904,13.567487999999903,"[656, 313, 691, 329]",48.561706364154816,381,120,164.5,1.0,8,0.9381885917005726,0.6828911108499259,0.9536231884057971,0.3779527559055118,0.9935594997378865,2.813953488372093,0.00909090909090909,2316,True,68,11,0.007066499776774597,0.9647884328181826,-32.71180305856125,0.10878340977071888,0.067330151888206,651.427990730647,-1,-15.307580670928207,50.116025446194314,0.3877768190148867,0.34,True,joint_candidate,357,True
452,13.567487999999903,13.597487999999903,"[632, 313, 670, 326]",34.18432559072971,326,78,118.0,1.0,8,0.9197372852448863,0.7193471466964455,0.9365079365079365,0.31441717791411045,0.9921853195646108,2.4571428571428573,0.00963855421686747,1587,True,68,9,0.022499969308497902,0.8732104741298311,42.371562112598674,0.0735733588553037,0.35022117912869105,790.816303083282,-1,57.43250484248354,-27.310619382713817,0.39619824069760656,0.34,True,joint_candidate,357,True
453,13.597487999999903,13.627487999999902,"[609, 312, 644, 325]",34.31944448873401,333,71,113.0,1.0,8,0.9170994609372708,0.7699721701835351,0.9338842975206612,0.31681681681681684,0.9909090909090907,2.7375,0.0125,1556,True,54,9,0.0007601551139289922,0.7385031779389647,-24.13633168300465,0.040487872215320464,0.025422888891920195,680.2737464278011,1,-21.437675810592,-26.834987555417307,0.3910437491213724,0.34,True,joint_candidate,361,True
454,13.627487999999902,13.657487999999901,"[585, 311, 621, 325]",30.914880990982056,319,56,99.0,1.0,8,0.9082125658702357,0.7280109889280517,0.9252336448598131,0.2962382445141066,0.9918315252074028,2.408333333333333,0.009876543209876543,1469,True,41,7,0.00142397962983045,0.4541598185560297,-14.481261995357132,0.016079167321475185,0.19499860948474645,565.0403777854201,1,-23.57714549313993,-5.385378497574333,0.3824486068966852,0.34,True,joint_candidate,361,True
455,13.657487999999901,13.6874879999999,"[560, 311, 597, 324]",28.68750013411045,313,48,86.5,1.0,8,0.8977172710502116,0.7314661544068427,0.9153439153439153,0.2539936102236422,0.9938177558982308,2.4188034188034186,0.0075,1444,True,38,7,0.00011721573414169438,0.2775250986395807,-10.077216202525248,0.005588826830525195,0.07557236144577424,612.3483286463164,-1,-5.792694938826598,14.361737466223904,0.3790995731298678,0.34,True,joint_candidate,362,True
456,13.6874879999999,13.7174879999999,"[536, 310, 574, 323]",24.275000102818012,305,32,69.5,1.0,8,0.8785981908604773,0.7220578379655755,0.896774193548387,0.21475409836065573,0.9935018652053579,2.3008547008547007,0.0075,1381,True,32,6,0.005481145808026273,0.6451532407769912,-29.577296989259718,0.04519794780571407,0.18797052557218963,568.0810859220546,-1,-4.12379025470377,55.03080372381567,0.37490276314739396,0.34,True,joint_candidate,362,True
457,13.7174879999999,13.7474879999999,"[505, 309, 548, 322]",30.668154917657375,356,61,93.5,1.0,8,0.902771572226059,0.7344344350545795,0.9211822660098522,0.23174157303370788,0.99205256146847,2.359090909090909,0.009411764705882352,1593,True,51,8,0.0608318904635437,0.935380880868592,-27.422911403577835,0.12085611968378662,0.538113860038858,529.128503955359,-1,-7.464572312424311,47.38125049473137,0.41445417668095363,0.34,True,joint_candidate,363,True
458,13.7474879999999,13.777487999999899,"[484, 308, 523, 322]",48.10862186551094,396,106,167.0,1.0,8,0.9389562325919238,0.7676494735787385,0.9542857142857143,0.39141414141414144,0.9913769873349502,3.299107142857143,0.014285714285714285,2249,True,57,12,0.002497323741481395,0.7384959597244163,17.717225419257275,0.029226817790716453,0.11570315200263775,668.1128583722897,1,6.984669541627267,28.449781296887277,0.39820781887220263,0.34,True,joint_candidate,363,True
459,13.777487999999899,13.807487999999898,"[460, 308, 502, 321]",51.117162726819515,425,111,180.0,1.0,8,0.9418923445531496,0.768295371441074,0.9574468085106383,0.3847058823529412,0.9912309054371197,3.3930555555555557,0.014942528735632184,2494,True,80,10,0.030297044269756112,0.8175153838355081,20.7279390261723,0.05020255515852945,0.7382075891455697,493.7027648891517,1,3.2679245714934164,38.187953480851185,0.41447538343047186,0.34,True,joint_candidate,363,True
460,13.807487999999898,13.837487999999897,"[438, 307, 478, 321]",46.175460051745176,401,99,161.5,1.0,8,0.9367752916348396,0.7634453727735223,0.9528023598820059,0.35910224438902744,0.9918846232483525,3.4651162790697674,0.01411764705882353,2446,True,62,8,0.09471331469128653,0.9332077407359254,42.06563698817367,0.11904618673372824,0.8525448095913291,592.1479694917143,1,23.432929763281777,60.69834421306558,0.4476417164866878,0.34,True,joint_candidate,363,True
461,13.837487999999897,13.867487999999897,"[415, 307, 455, 320]",54.672239519655704,428,117,180.5,1.0,8,0.9420194331050216,0.8342271629176273,0.9575596816976127,0.38317757009345793,0.9917888563049856,4.1414634146341465,0.01707317073170732,2614,True,77,9,0.0013962879063848944,0.6389058913673817,21.618728297673023,0.026971921812941946,0.08102633432722708,727.2027402034279,-1,16.185153593515494,-27.05230300183055,0.40850786271766226,0.34,True,joint_candidate,363,True
462,13.867487999999897,13.897487999999896,"[393, 306, 432, 320]",49.95095879584551,397,100,157.5,1.0,8,0.9353914573609032,0.8134289561274952,0.9516616314199395,0.36397984886649876,0.9878458242810045,4.038333333333333,0.024691358024691357,2496,True,64,8,0.0007593128196234078,0.5367561369499363,-15.612379195538342,0.020094701450539043,0.07039829734409254,678.742459978759,-1,-13.26629140351746,17.95846698755922,0.4030494026781881,0.34,True,joint_candidate,363,True
463,13.897487999999896,13.927487999999896,"[371, 306, 410, 320]",40.73303584381938,383,70,132.0,1.0,8,0.9257141750453948,0.754944021892005,0.9428571428571428,0.31592689295039167,0.989010989010989,3.232142857142857,0.017857142857142856,2238,True,47,7,0.06617947049967358,0.8521467772944596,26.493590243854804,0.08884230133737359,0.8741562808561557,528.0137360312672,1,5.354175628182986,47.633004859526636,0.42735456457223964,0.34,True,joint_candidate,363,True
464,13.927487999999896,13.957487999999895,"[354, 306, 389, 320]",32.09117075428367,351,34,98.0,1.0,8,0.9069193456508644,0.8420753583206845,0.9245283018867925,0.27350427350427353,0.9909961801976597,3.585858585858586,0.016216216216216217,1875,True,34,6,0.04000789571205375,0.9804036667465301,54.618791598256486,0.25484122428840617,0.16012940863862427,404.81180714777906,1,52.93981200792541,56.29777118858755,0.4203914500849915,0.34,True,joint_candidate,363,True
465,13.957487999999895,13.987487999999894,"[334, 306, 368, 319]",23.38333348929882,303,22,62.5,1.0,8,0.8674393928172527,0.7945124291035351,0.8865248226950354,0.20297029702970298,0.9836479499819647,2.825,0.023287671232876714,1438,True,20,6,0.01218528050513668,0.7305776007907518,34.33003992666361,0.06377097596214831,0.26154481498675325,696.6275894081036,1,1.2674775588097855,67.39260229451745,0.38611058648853125,0.34,True,joint_candidate,363,True
466,13.987487999999894,14.017487999999894,"[313, 305, 347, 319]",19.30833352357149,283,11,44.0,1.0,8,0.8272402331532329,0.7947933244381388,0.8461538461538461,0.15547703180212014,0.9873389102419173,2.6160714285714284,0.016666666666666666,1227,False,6,1,0.0,0.0,0.0,0.0,0.0,0.0,0,0.0,0.0,0.3673910686116907,0.34,True,joint_candidate,363,True
467,14.017487999999894,14.047487999999893,"[293, 305, 328, 319]",16.950000200420618,259,9,36.5,1.0,8,0.8017741621749266,0.7487363091276265,0.8202247191011236,0.138996138996139,0.9900925605745029,2.2012987012987013,0.010958904109589041,1062,False,0,0,0.0,0.0,0.0,0.0,0.0,0.0,0,0.0,0.0,0.3528426950216219,0.34,True,joint_candidate,363,True
468,14.047487999999893,14.077487999999892,"[276, 305, 309, 318]",17.016666810959578,240,11,41.0,1.0,8,0.8154408254095326,0.7688517444384896,0.8367346938775511,0.17083333333333334,0.9518049266332356,2.4064039408866993,0.059420289855072465,1061,False,5,1,0.0,0.0,0.0,0.0,0.0,0.0,0,0.0,0.0,0.3599600092886332,0.34,True,joint_candidate,363,True
469,14.077487999999892,14.107487999999892,"[257, 305, 291, 318]",9.083333522081375,170,7,14.5,1.0,8,0.6271062982329566,0.671512011778542,0.6444444444444445,0.061764705882352944,0.9646904060135013,2.7002652519893897,0.04852941176470588,1147,True,3,3,0.3574400893210379,0.9723949940606323,-104.98518169135342,0.5233329048393855,0.7023967662390698,333.98373329770095,1,-154.25507233281851,-55.71529104988833,0.4854507403632391,0.34,True,joint_candidate,363,True
541,16.23748799999986,16.26748799999986,"[622, 313, 648, 321]",9.15218260511756,107,16,31.0,1.0,8,0.7789734101843028,0.7314369419163897,0.7948717948717948,0.2383177570093458,0.9902224395013443,2.415,0.011864406779661017,510,False,0,0,0.0,0.0,0.0,0.0,0.0,0.0,0,0.0,0.0,0.34340756434274927,0.34,True,joint_candidate,370,True
542,16.26748799999986,16.297487999999863,"[636, 312, 661, 320]",9.973809577524662,109,22,36.5,1.0,8,0.8049533735485448,0.7534642216677135,0.8202247191011236,0.26605504587155965,0.9972508984693805,2.5052083333333335,0.0034482758620689655,509,False,1,1,0.0,0.0,0.0,0.0,0.0,0.0,0,0.0,0.0,0.35450564531472045,0.34,True,joint_candidate,370,True
543,16.297487999999863,16.327487999999864,"[649, 310, 676, 319]",12.991865117102861,120,37,51.0,1.0,8,0.8494093220338983,0.7302967433402214,0.864406779661017,0.3375,0.9919923736892278,2.902222222222222,0.011666666666666667,691,True,15,4,0.06091642320576153,0.7457662761967975,-67.99062693362411,0.11626590943676451,0.7025532734275518,576.0831422994472,-1,-36.550073764241894,99.43118010300634,0.39787134087437154,0.34,True,joint_candidate,370,True
544,16.327487999999864,16.357487999999865,"[663, 308, 687, 317]",16.101293954998255,137,43,54.5,1.0,8,0.8567277569991865,0.7203744817380707,0.872,0.3175182481751825,0.9954015780947902,3.5568181818181817,0.00819672131147541,966,True,20,4,0.07863227973002182,0.829966807331794,-52.614285927473766,0.16387044115338045,0.5781486555903547,522.2145273844783,1,-54.019345394363015,-51.20922646058452,0.40832225321197857,0.34,True,joint_candidate,370,True
545,16.357487999999865,16.387487999999866,"[675, 307, 700, 316]",14.778706818819046,124,47,59.5,1.0,8,0.8667167411531163,0.8036375634160796,0.8814814814814815,0.3467741935483871,0.9957376903609643,4.036458333333333,0.008620689655172414,860,False,2,1,0.0,0.0,0.0,0.0,0.0,0.0,0,0.0,0.0,0.38056065685834684,0.34,True,joint_candidate,370,True
546,16.387487999999866,16.417487999999867,"[688, 306, 714, 314]",13.053373154252768,131,41,54.5,1.0,8,0.8556935870194811,0.748217254431532,0.872,0.27099236641221375,0.9951636155074329,2.7051282051282053,0.006557377049180328,649,True,9,3,0.03425585758422319,0.7002258244342658,-96.77134699152069,0.1519043503272668,0.32205237720609386,528.0602318754745,1,-181.40338140176823,-12.139312581273135,0.3877813859418969,0.34,True,joint_candidate,370,True
547,16.417487999999867,16.44748799999987,"[701, 304, 726, 312]",11.721590984612703,110,30,42.5,1.0,8,0.8263431352897646,0.7453559924999299,0.8415841584158416,0.30454545454545456,0.9926363940644873,2.8484848484848486,0.010526315789473684,608,False,3,1,0.0,0.0,0.0,0.0,0.0,0.0,0,0.0,0.0,0.3597063394619188,0.34,True,joint_candidate,370,True
548,16.44748799999987,16.47748799999987,"[714, 303, 739, 311]",11.07420638948679,109,30,43.5,1.0,8,0.8293870006916992,0.7256514647605824,0.8446601941747572,0.30275229357798167,0.993375894014304,2.5942028985507246,0.008620689655172414,581,False,2,1,0.0,0.0,0.0,0.0,0.0,0.0,0,0.0,0.0,0.3576638199215971,0.34,True,joint_candidate,370,True
549,16.47748799999987,16.50748799999987,"[728, 301, 754, 309]",10.927444189786911,119,27,41.0,1.0,8,0.8200808330783496,0.758207904900193,0.8367346938775511,0.23949579831932774,0.9909194595543077,3.024154589371981,0.013793103448275862,686,True,6,3,0.010889961747182444,0.8090746203980688,82.26920887473034,0.23044941807493746,0.05840663156751805,402.8101901782296,1,80.10294686322908,84.43547088623158,0.36574491461948416,0.34,True,joint_candidate,370,True
550,16.50748799999987,16.537487999999872,"[741, 298, 766, 308]",17.725189570337534,140,56,66.5,1.0,8,0.8776781131253617,0.7282190812544191,0.8926174496644296,0.34285714285714286,0.9968687731283803,4.181818181818182,0.006557377049180328,1171,True,15,3,0.11309644071836056,0.7893488555653005,-85.73402336430055,0.21337434467941185,0.6714872230769225,412.05559564172694,1,-163.4074984301811,-8.060548298420004,0.4347393385208697,0.34,True,joint_candidate,370,True
551,16.537487999999872,16.567487999999873,"[752, 296, 779, 306]",21.12476558610797,153,68,78.0,1.0,8,0.8925299492897286,0.7288689868556626,0.9069767441860465,0.3954248366013072,0.9917336759971918,5.052083333333333,0.020967741935483872,1591,True,27,6,0.2520389167475859,0.995909049526088,-106.36776794575118,0.3591508602947804,0.7046460383936549,589.3392145260078,1,-73.22005325925358,-139.5154826322488,0.5157107370264402,0.34,True,joint_candidate,370,True
552,16.567487999999873,16.597487999999874,"[764, 294, 791, 305]",20.23867953568697,149,69,80.0,1.0,8,0.8940960442799022,0.7047458170621992,0.9090909090909091,0.3724832214765101,0.9918071529856626,5.016666666666667,0.020634920634920634,1621,True,25,7,0.034251947106873265,0.9400232888691091,-59.259308739615726,0.14543377220355702,0.25054248611992996,673.0166431557261,-1,-52.31384392155929,66.20477355767215,0.3927792567520808,0.34,True,joint_candidate,370,True
553,16.597487999999874,16.627487999999875,"[776, 292, 804, 303]",18.89335334300995,156,57,73.5,1.0,8,0.8855647370563187,0.6960402644168231,0.901840490797546,0.32371794871794873,0.9884017775536575,4.354037267080745,0.025396825396825397,1580,True,18,4,0.002333533005398924,0.7800767252219586,-70.28455701390851,0.13331429013855278,0.022438815266241363,744.4978602043358,-1,-134.58228224725192,5.98683178056509,0.37135890393238846,0.34,True,joint_candidate,370,True
554,16.627487999999875,16.657487999999876,"[789, 290, 816, 301]",21.515812184661627,159,70,80.0,1.0,8,0.8942456580095293,0.7027010885687999,0.9090909090909091,0.37735849056603776,0.9922418518362356,4.891304347826087,0.01904761904761905,1751,True,18,5,0.3490198004526174,0.9964762889017158,-87.24586035157661,0.4433757231767187,0.7899710697513491,465.3206195002451,-1,-68.47767875190901,106.01404195124418,0.5656397509371184,0.34,True,joint_candidate,370,True
555,16.657487999999876,16.687487999999878,"[801, 287, 825, 299]",20.05762092024088,150,62,71.0,1.0,8,0.8832481685624666,0.6933752452815364,0.8987341772151899,0.36,0.9874907415027571,4.791666666666667,0.03015873015873016,1623,True,15,3,0.16931845311419097,0.9752509573248136,-96.12231416191845,0.5368147382249371,0.32341747039888996,418.0224599068078,1,-121.01132477812553,-71.23330354571134,0.4621058865737755,0.34,True,joint_candidate,370,True
556,16.687487999999878,16.71748799999988,"[812, 286, 838, 296]",14.255203902721405,116,43,54.5,1.0,8,0.8570953511180855,0.695221787153807,0.872,0.375,0.9850921930168696,4.216666666666667,0.03166666666666667,1151,False,5,1,0.0,0.0,0.0,0.0,0.0,0.0,0,0.0,0.0,0.3614118734084967,0.34,True,joint_candidate,370,True
557,16.71748799999988,16.74748799999988,"[824, 284, 850, 293]",9.960622768849134,102,23,33.0,1.0,8,0.7889016897270101,0.701964118163034,0.8048780487804879,0.25980392156862747,0.9863013698630139,3.0,0.020689655172413793,692,False,5,2,0.0,0.0,0.0,0.0,0.0,0.0,0,0.0,0.0,0.3419651246425581,0.34,True,joint_candidate,370,True
590,17.707487999999916,17.737487999999917,"[952, 138, 975, 154]",23.46309821307659,197,85,89.0,1.0,8,0.90033467706593,0.6440006538081022,0.9175257731958762,0.2715736040609137,0.9946454572497693,4.7894736842105265,0.012857142857142857,2338,True,50,7,0.02811499898463926,0.8100621773927452,43.61367637141854,0.07348995241270473,0.47227151396737976,871.4089122663131,-1,23.06040662712838,-64.16694611570875,0.3821637506325459,0.34,True,joint_candidate,370,True
591,17.737487999999917,17.76748799999992,"[942, 133, 966, 149]",17.7663797698915,207,60,65.0,1.0,8,0.8708373490619731,0.6191391873668903,0.8904109589041096,0.15942028985507245,0.990110407618649,3.859259259259259,0.019178082191780823,2131,True,27,4,0.024490153161659048,0.7713589661360885,123.80187156011488,0.12872506693197883,0.2466447313758894,572.8829179842024,1,172.48209379575115,75.12164932447861,0.36759166706253793,0.34,True,joint_candidate,370,True
594,17.82748799999992,17.857487999999922,"[905, 118, 934, 136]",14.428571663796902,244,16,25.0,1.0,8,0.7397810747568302,0.6486059321131852,0.7575757575757576,0.0860655737704918,0.993443999483271,2.8379310344827586,0.009333333333333334,1715,True,17,4,0.04831010941561402,0.7808524713664073,67.59730462559399,0.13373196816352562,0.4626300040425944,731.6025375042537,-1,49.196350803817616,-85.99825844737038,0.34579577242261456,0.34,True,joint_candidate,370,True
595,17.857487999999922,17.887487999999923,"[891, 113, 921, 132]",14.483333554118872,256,15,25.0,1.0,8,0.7395430941537368,0.6362090102803518,0.7575757575757576,0.083984375,0.9907611764102037,2.7984126984126982,0.012987012987012988,1844,True,9,3,0.38430922885299473,0.9885184811649775,157.26438437014676,0.6224990798290748,0.624535754668025,485.00672745178053,-1,115.14489614043777,-199.38387259985572,0.528664355657321,0.34,True,joint_candidate,370,True
596,17.887487999999923,17.917487999999924,"[876, 109, 907, 127]",16.6297621242702,268,20,30.5,1.0,8,0.7737064556129931,0.6608945522512667,0.7922077922077922,0.10820895522388059,0.9891647293258055,2.9770114942528734,0.016216216216216217,1937,True,15,3,0.05483021474816487,0.7298092396144977,35.538253691894205,0.16995789611174283,0.4420478097792667,384.6675634864587,-1,62.86971510147177,-8.20679228231664,0.3614027376330786,0.34,True,joint_candidate,370,True
599,17.977487999999926,18.007487999999928,"[825, 96, 859, 115]",21.263690665364265,320,29,44.5,1.0,8,0.8269125985804329,0.674199862463242,0.8476190476190476,0.1296875,0.9726944486234392,2.9801136363636362,0.04125,2246,True,17,3,0.06235570644534523,0.701303025055377,58.263367957409784,0.15252781726561815,0.5829367511897391,730.4700092035615,1,65.3779744756217,51.148761439197855,0.38349939748855605,0.34,True,joint_candidate,370,True
600,18.007487999999928,18.03748799999993,"[807, 92, 842, 111]",23.083928789943457,340,41,52.0,1.0,8,0.8458172316065221,0.6843387751900737,0.8666666666666667,0.13676470588235295,0.9746922555333283,2.9862258953168044,0.03827160493827161,2327,True,23,8,0.0021978664363665667,0.7443738759956764,18.537602748225254,0.047583941583195566,0.06205113935598865,597.1838237444055,1,33.15948768320643,3.9157178132440884,0.35760481230046925,0.34,True,joint_candidate,370,True
601,18.03748799999993,18.06748799999993,"[788, 89, 824, 107]",23.455952644348145,325,37,59.0,1.0,8,0.8600518122718941,0.6649638116080449,0.8805970149253731,0.15692307692307692,0.9769739847798561,2.5129251700680273,0.02926829268292683,1979,True,30,7,0.015328875800971425,0.6956685762945951,26.37321187904438,0.04579665680467948,0.4811429688733875,697.8625157548018,-1,12.161057511621433,-40.58536624646732,0.3661909971133092,0.34,True,joint_candidate,370,True
602,18.06748799999993,18.09748799999993,"[767, 85, 804, 102]",25.96309556812048,343,50,71.5,1.0,8,0.8786784134368404,0.708139808444698,0.89937106918239,0.17055393586005832,0.9768012846885825,2.4195906432748537,0.028395061728395062,1757,True,29,6,0.0008137765825941685,0.8668402332006105,23.409764780862563,0.11470024445407567,0.0081846815129686,451.9773679469022,1,15.259772457648443,31.559757104076674,0.3702720724181836,0.34,True,joint_candidate,370,True
603,18.09748799999993,18.127487999999932,"[747, 82, 783, 99]",31.602381370961666,369,78,102.5,1.0,8,0.9083679030723483,0.6878058760122097,0.9276018099547512,0.2140921409214092,0.9889081366186621,2.3205128205128207,0.012941176470588235,1861,True,62,8,0.002920166568384032,0.9208109932276591,24.411071253608416,0.10973839787719031,0.028898713778831808,492.27374356501144,1,35.192890135513316,13.62925237170351,0.37728734393614716,0.34,True,joint_candidate,370,True
604,18.127487999999932,18.157487999999933,"[724, 79, 763, 96]",31.450595695525408,375,72,102.0,1.0,8,0.9076229057130767,0.6599545966855683,0.9272727272727272,0.20933333333333334,0.9854696089204893,2.0185830429732867,0.014772727272727272,1782,True,51,6,0.2166337374175956,0.9984157834566423,62.34432406505561,0.4163800964790715,0.5211043432684024,543.5744509212986,1,30.648290555600436,94.04035757451078,0.49042861679643585,0.34,True,joint_candidate,370,True
605,18.157487999999933,18.187487999999934,"[707, 76, 741, 94]",38.2146828584373,350,96,134.5,1.0,8,0.9264853157765581,0.6082588744530995,0.9438596491228071,0.3157142857142857,0.9867675497236829,1.9799154334038056,0.013186813186813187,1894,True,74,10,0.00022477727013540542,0.635874001528175,18.818558780676447,0.023587012971109655,0.014986781582443856,575.4735843860808,1,5.375792966616222,32.26132459473667,0.3693080533995068,0.34,True,joint_candidate,370,True
606,18.187487999999934,18.217487999999936,"[677, 74, 718, 91]",50.09712341800332,446,131,177.0,1.0,8,0.9395088137537483,0.7039570693980959,0.9567567567567568,0.31390134529147984,0.991096842076864,2.703333333333333,0.012087912087912088,2465,True,107,17,0.0001617053891393783,0.5676772679819345,-7.7487265693082215,0.00981632857261272,0.02901842943603541,669.3348929334421,1,-14.580701850575611,-0.9167512880408347,0.38753514249986554,0.34,True,joint_candidate,375,True
607,18.217487999999936,18.247487999999937,"[659, 72, 695, 92]",64.15734156221151,466,168,218.0,1.0,8,0.9499116105834271,0.7018549870400445,0.9646017699115044,0.40450643776824036,0.9965292427805682,3.160676532769556,0.005494505494505495,3027,True,82,11,0.0006174879395612699,0.47302656440094504,-9.148153018256677,0.010340607997683549,0.12623996752864097,612.8236525533807,-1,-1.4491778267129818,16.84712820980037,0.3905913495977935,0.34,True,joint_candidate,375,True
608,18.247487999999937,18.277487999999938,"[633, 71, 673, 88]",44.133929051458836,436,112,155.0,1.0,8,0.9327553909143845,0.722171101940855,0.950920245398773,0.28440366972477066,0.9876542648903106,2.351674641148325,0.014606741573033709,2024,True,61,9,0.00930027886483673,0.9361265022930968,-43.96544761597868,0.10644952027635857,0.09332923837696304,866.9952493457421,-1,-20.797004260219797,67.13389097173759,0.3932674359411038,0.34,True,joint_candidate,370,True
609,18.277487999999938,18.30748799999994,"[608, 69, 647, 86]",42.80267897620797,427,106,145.0,1.0,8,0.9302652757819363,0.7146786342400578,0.9477124183006536,0.28688524590163933,0.9940756348672982,2.2691387559808613,0.006741573033707865,1935,True,62,11,0.0001560225711672872,0.4982646649964741,10.749997131251856,0.011651593227398838,0.026874601076947946,596.0840200176136,-1,5.8609514018421685,-15.639042860661545,0.3863671902847316,0.34,True,joint_candidate,376,True
610,18.30748799999994,18.33748799999994,"[584, 68, 621, 85]",48.197619426995516,451,117,160.0,1.0,8,0.9348980849153143,0.7071067811865475,0.9523809523809523,0.31042128603104213,0.9886285320468642,2.2111111111111112,0.01264367816091954,2016,True,81,11,0.06325764001656467,0.9418302550448806,-34.388267393404,0.08898753118000513,0.7547640216144103,672.7502994656074,1,-28.685630478140315,-40.09090430866768,0.42132714466168697,0.34,True,joint_candidate,377,True
611,18.33748799999994,18.36748799999994,"[558, 67, 595, 84]",42.853571742773056,437,108,150.5,1.0,8,0.9309191770559595,0.7574194416083573,0.9495268138801262,0.2894736842105263,0.9813325145839731,2.4973684210526317,0.023529411764705882,1934,True,83,11,0.10031742449008003,0.9737741371116269,-39.46950881683794,0.12041998763285289,0.8554991053495624,667.7695836729627,1,-60.14704795954646,-18.791969674129405,0.4480632528275854,0.34,True,joint_candidate,379,True
612,18.36748799999994,18.397487999999942,"[531, 66, 570, 84]",42.59583364054561,468,97,133.0,1.0,8,0.92508848770302,0.755234689990141,0.9432624113475178,0.24786324786324787,0.9952744109642919,2.3990208078335375,0.005681818181818182,1982,True,72,9,0.0531337559767878,0.9702972039773339,-43.93038570757983,0.14350838788226294,0.3815825018992417,629.2065337042974,-1,-51.54801705425417,36.3127543609055,0.4200353155966604,0.34,True,joint_candidate,380,True
613,18.397487999999942,18.427487999999943,"[505, 66, 544, 84]",43.68154790252447,458,95,135.5,1.0,8,0.9258045687872198,0.7487239246210031,0.9442508710801394,0.2587336244541485,0.9897732464622566,2.4320685434516522,0.0125,2013,True,70,9,1.7759947699932863e-05,0.25042564951570423,6.655510716964788,0.0033345892062488502,0.021267700393082255,634.206918315607,1,11.655048015248667,1.6559734186809196,0.3900597273005514,0.34,True,joint_candidate,381,True
614,18.427487999999943,18.457487999999945,"[479, 66, 518, 83]",36.088095501065254,428,75,111.5,1.0,8,0.9136863717878867,0.7615417253558695,0.9330543933054394,0.22429906542056074,0.9860787112432956,2.5176151761517613,0.01764705882352941,1896,True,50,8,0.0054008494381148015,0.7463131131988443,-45.31761068060797,0.04796448557083299,0.15087636316953454,1116.6083072203257,-1,-19.297350873652853,71.3378704875631,0.3913076375307096,0.34,True,joint_candidate,382,True
615,18.457487999999945,18.487487999999946,"[450, 67, 491, 83]",43.230357334017754,451,97,134.0,1.0,8,0.92544875984311,0.6960067162657292,0.9436619718309859,0.26718403547671843,0.9900153898126949,2.1203007518796992,0.010638297872340425,1995,True,63,8,0.004354192995817306,0.8582020573524054,30.167286199193146,0.07819524457741933,0.06488402473295433,581.3944125220694,1,10.724262301869151,49.61031009651714,0.3844304415404919,0.34,True,joint_candidate,384,True
616,18.487487999999946,18.517487999999947,"[425, 67, 465, 84]",39.9437503144145,449,72,115.5,1.0,8,0.916606624500963,0.7208855151311656,0.9352226720647774,0.23051224944320714,0.9931861505806644,2.2256944444444446,0.007608695652173913,1951,True,48,8,0.03895588989044467,0.9878518026198346,-67.82868274803101,0.2111621047267762,0.18675203839312499,633.2854584857769,-1,-84.91256805213739,50.74479744392462,0.4045405540597083,0.34,True,joint_candidate,385,True
617,18.517487999999947,18.547487999999948,"[399, 69, 438, 85]",42.03690505027771,445,76,118.0,1.0,8,0.9169014922916805,0.7573925077875494,0.9365079365079365,0.24382022471910111,0.9792966099840239,2.503875968992248,0.02619047619047619,1968,True,53,8,0.010093110410194431,0.7970308279592837,-29.353587912725832,0.05931648166983827,0.2134885174786411,665.6268568572739,-1,-27.55114972000672,31.156026105444948,0.3942305345812435,0.34,True,joint_candidate,386,True
618,18.547487999999948,18.57748799999995,"[372, 70, 413, 87]",36.40714309737086,396,60,98.5,1.0,8,0.8985448155468634,0.7026623199230189,0.9248826291079812,0.23737373737373738,0.9040581174493223,2.3671679197994986,0.11927710843373494,1919,True,39,7,0.026268545007636618,0.9893523981030817,-88.1501392354337,0.2515071811899823,0.10556856486160468,664.6529862969188,-1,-140.2424100447773,36.05786842609013,0.389410492406712,0.34,True,joint_candidate,389,True
619,18.57748799999995,18.60748799999995,"[341, 74, 383, 90]",39.53501993790269,394,100,129.5,1.0,8,0.9243002517824621,0.6974379922877874,0.9418181818181818,0.28553299492385786,0.9924812664551407,3.275308641975309,0.012359550561797753,2746,True,67,11,0.0378236320074594,0.9046280701456912,37.558132598945505,0.06968245187348765,0.6000255538536978,953.0220943004631,1,36.08377426228126,39.03249093560973,0.4027087719820094,0.34,True,joint_candidate,390,True
620,18.60748799999995,18.63748799999995,"[318, 76, 359, 93]",47.14593277871609,413,123,156.0,1.0,8,0.9335917900072639,0.7573711845001175,0.9512195121951219,0.32082324455205813,0.984208987230724,4.038888888888889,0.03214285714285714,3061,True,79,12,0.003999688220254401,0.7109242274409374,-23.701875910137595,0.026096133702209867,0.21558902848642314,933.4491410130186,1,-43.11193236333932,-4.291819456935863,0.39588304319833667,0.34,True,joint_candidate,390,True
621,18.63748799999995,18.667487999999953,"[293, 79, 334, 95]",44.53849218040705,411,122,155.5,1.0,8,0.9336488288464865,0.7263604384334138,0.9510703363914373,0.30656934306569344,0.9900065105210663,3.704749679075738,0.018604651162790697,2999,True,75,8,2.1854020398818923e-06,0.1998938393478267,5.381221420597042,0.0024160771101253697,0.004525026675092615,582.7792661370607,1,3.019181187988588,7.743261653205498,0.3890499163900799,0.34,True,joint_candidate,392,True
622,18.667487999999953,18.697487999999954,"[270, 81, 309, 98]",36.91785732656717,371,99,120.0,1.0,8,0.9168263994018387,0.7280109889280518,0.9375,0.27897574123989216,0.9589985829003306,3.657142857142857,0.07654320987654321,2755,True,43,6,0.06394714030777734,0.8688035032983202,94.9897384980189,0.1157998731961124,0.6356111110675271,1036.7435131978457,1,155.20912635932865,34.77035063670914,0.4194204953290369,0.34,True,joint_candidate,393,True
623,18.697487999999954,18.727487999999955,"[247, 84, 285, 102]",31.387896977365017,348,75,98.5,1.0,8,0.9022766329617657,0.7234004912057302,0.9248826291079812,0.2413793103448276,0.9441762854144805,3.482706766917293,0.1,2512,True,27,6,0.0013857440384969272,0.3609878127778544,-30.673467939874676,0.011818808792329993,0.3248005622055557,1001.1000930657149,1,-46.704585026749925,-14.642350852999428,0.37995522279056254,0.34,True,joint_candidate,393,True
624,18.727487999999955,18.757487999999956,"[224, 88, 261, 106]",27.079762060195208,328,59,76.0,1.0,8,0.8826358858261436,0.7125587260573653,0.9047619047619048,0.20579268292682926,0.9530692755435405,3.476780185758514,0.08354430379746836,2451,True,22,6,3.9723513977935224e-05,0.5315689945499199,22.500885776781356,0.028003113191423235,0.002668589066456054,695.0318014682355,1,7.148875892894026,37.85289566066868,0.3716964225891357,0.34,True,joint_candidate,393,True
625,18.757487999999956,18.787487999999957,"[201, 92, 238, 110]",23.81666687130928,319,51,69.0,1.0,8,0.8749456307584228,0.7027147711095901,0.8961038961038961,0.1755485893416928,0.9693675019136845,3.417956656346749,0.053164556962025315,2400,True,35,7,0.14598791736513114,0.9930357125129124,-96.40265661223567,0.2763001095305819,0.5320727150708017,659.5661131964424,-1,-116.00894267354816,76.79637055092316,0.4481842594447875,0.34,True,joint_candidate,393,True
626,18.787487999999957,18.81748799999996,"[179, 97, 216, 114]",21.964881125837564,298,43,57.0,1.0,8,0.8561009573105163,0.6791909227879325,0.8769230769230769,0.1593959731543624,0.9721198795208091,3.4024767801857587,0.04810126582278481,2380,True,6,4,0.2313442081760993,0.9719930228662232,250.06320022172673,0.36772486629440615,0.647250634665485,295.5650112526628,-1,482.0777264066413,-18.048674036812194,0.48594824010819937,0.34,True,joint_candidate,393,True
627,18.81748799999996,18.84748799999996,"[160, 102, 196, 119]",24.596726395189762,302,49,68.0,1.0,8,0.8723481799352822,0.6826011078556937,0.8947368421052632,0.18874172185430463,0.9516068619372237,3.3606811145510838,0.08333333333333333,2321,True,27,6,0.0019290223266167767,0.39909674833922953,-22.82725322247465,0.014676473021914216,0.32933460306017814,717.3784709920473,-1,-13.190684629894992,32.46382181505432,0.365155582438578,0.34,True,joint_candidate,393,True
628,18.84748799999996,18.87748799999996,"[137, 106, 174, 123]",30.386966187506914,363,77,99.0,1.0,8,0.9055982252281203,0.7090682462060882,0.9252336448598131,0.1790633608815427,0.9928665550414632,3.4069444444444446,0.012195121951219513,2553,True,68,10,0.04082265720539152,0.972972615941103,55.958897745434165,0.1320948252580898,0.3176251243720452,813.7377742836343,-1,33.4097245691507,-78.50807092171763,0.40049216596231463,0.34,True,joint_candidate,393,True
629,18.87748799999996,18.90748799999996,"[123, 109, 155, 129]",59.57745409756899,341,140,172.5,1.0,8,0.9420464248002057,0.6751906048969998,0.9556786703601108,0.4530791788856305,0.9940035593845366,3.6497326203208558,0.01097560975609756,2792,True,65,9,0.12135255937395278,0.9905399472814255,-53.35104542324084,0.1980312855719094,0.6186473238505206,708.2064754329866,-1,-31.065581272925556,75.63650957355613,0.4506364258302857,0.34,True,joint_candidate,393,True
630,18.90748799999996,18.937487999999963,"[105, 114, 142, 134]",18.509127289056778,283,37,53.0,1.0,8,0.8476489512370621,0.6800134562297976,0.8688524590163934,0.10954063604240283,0.9780866446225411,2.661764705882353,0.029487179487179487,1802,False,0,0,0.0,0.0,0.0,0.0,0.0,0.0,0,0.0,0.0,0.35629670380558826,0.34,True,joint_candidate,393,True
727,21.817488000000072,21.847488000000073,"[751, 312, 775, 323]",12.957567490637302,103,36,46.5,1.0,8,0.838800055891923,0.6842381297339533,0.8532110091743119,0.33980582524271846,0.9960812953100229,4.468181818181818,0.008771929824561403,1114,False,5,2,0.0,0.0,0.0,0.0,0.0,0.0,0,0.0,0.0,0.35427573622766984,0.34,True,joint_candidate,410,True
728,21.847488000000073,21.877488000000074,"[759, 309, 782, 320]",12.328521601855755,95,39,46.0,1.0,8,0.8372394820935727,0.6571287406727709,0.8518518518518519,0.34210526315789475,0.9928190621259927,4.381818181818182,0.015789473684210527,1114,True,8,3,0.09797130095496084,0.8833261661605948,-100.54256386722808,0.3138656429249823,0.35337351875121886,374.51955737919315,-1,-73.34847317784013,127.73665455661607,0.40362537125421594,0.34,True,joint_candidate,410,True
729,21.877488000000074,21.907488000000075,"[767, 307, 790, 319]",13.018860779702663,97,39,45.0,1.0,8,0.8351976992659572,0.6640098575390962,0.8490566037735849,0.36597938144329895,0.9952020064336734,4.377272727272727,0.010526315789473684,1102,True,6,3,0.016428486956207286,0.5437657260495337,49.36068775731411,0.08158702067546719,0.3703093372763996,410.4343538137148,1,1.6111031471077537,97.11027236752044,0.3591964562365656,0.34,True,joint_candidate,410,True
767,23.017488000000117,23.04748800000012,"[721, 196, 748, 210]",21.07261934503913,229,83,91.5,1.0,8,0.9007107319736566,0.6995114290104482,0.9195979899497487,0.2096069868995633,0.992055236784192,3.9401709401709404,0.015714285714285715,1911,True,42,7,0.0021155296330108353,0.4135354147937331,8.948473208047762,0.013061473379818,0.391664523388113,319.0236830269942,-1,3.7920651058231516,-14.104881310272372,0.3763034752418202,0.34,True,joint_candidate,410,True
768,23.04748800000012,23.07748800000012,"[706, 193, 733, 207]",17.212230429053307,228,55,62.5,1.0,8,0.866595328054602,0.6608945522512667,0.8865248226950354,0.13596491228070176,0.9910098778614719,3.3371647509578546,0.015068493150684932,1770,True,19,3,0.10538209387099326,0.7947075591620665,100.75907002505237,0.21785730012843674,0.6086776599086208,376.3744774247255,1,55.57895237851413,145.9391876715906,0.41707293288311686,0.34,True,joint_candidate,410,True
769,23.07748800000012,23.10748800000012,"[689, 190, 719, 204]",13.606547880917788,229,12,21.0,1.0,8,0.7072973333398439,0.6512097005374491,0.7241379310344828,0.08296943231441048,0.9966195066983848,2.3944444444444444,0.004054054054054054,1334,True,19,3,0.23605646377125084,0.8916367107444725,82.34264498477269,0.3259622907368628,0.8121955293617668,227.80622533222996,1,41.076505311726976,123.60878465781838,0.43970171015675846,0.34,True,joint_candidate,410,True
770,23.10748800000012,23.137488000000122,"[672, 187, 703, 203]",16.63809549063444,280,18,28.0,1.0,8,0.7596143011914308,0.708372864172069,0.7777777777777778,0.09107142857142857,0.9935552849633217,2.8870967741935485,0.009333333333333334,1656,True,16,5,0.22392448681544752,0.9943615827213571,57.20598213499372,0.40982321603142224,0.5494911391553485,341.3309510985857,1,79.67841843319262,34.733545836794804,0.45729868773173576,0.34,True,joint_candidate,410,True
771,23.137488000000122,23.167488000000123,"[656, 184, 686, 201]",17.735119353979826,272,23,31.0,1.0,8,0.7764631996786132,0.662351626720547,0.7948717948717948,0.10477941176470588,0.9920348795195234,2.5983870967741933,0.01038961038961039,1665,True,21,4,0.21861697742897512,0.9626853310063989,61.72324469798447,0.33755588013313964,0.6727502278941728,433.6803438190625,-1,58.513789605811446,-64.93269979015747,0.45253104149760237,0.34,True,joint_candidate,410,True
772,23.167488000000123,23.197488000000124,"[637, 182, 668, 196]",21.094345569610596,284,28,44.0,1.0,8,0.826864962260467,0.7589893996111603,0.8461538461538461,0.1443661971830986,0.9856417793081662,2.4969574036511157,0.018055555555555554,1311,True,32,5,0.01978941150139518,0.9144544231252342,-48.10749126569297,0.18424441834242522,0.1174563428967732,479.66682474190145,1,-4.572105782035944,-91.64287674935001,0.3727920749455815,0.34,True,joint_candidate,410,True
773,23.197488000000124,23.227488000000125,"[618, 179, 650, 193]",24.165476467460394,298,35,56.0,1.0,8,0.8564309867529422,0.7512615652314042,0.875,0.18120805369127516,0.992323557084198,2.422348484848485,0.009333333333333334,1311,True,31,5,0.37257666922597027,0.9999018606350432,149.27343293041005,0.6474844965985374,0.5754782380271906,543.0061855984737,-1,120.46155620075328,-178.08530966006677,0.574535698884877,0.34,True,joint_candidate,410,True
774,23.227488000000125,23.257488000000127,"[597, 177, 631, 191]",22.135714557021856,305,29,48.5,1.0,8,0.8395459876010753,0.7718180647017793,0.8584070796460177,0.15245901639344261,0.9919936020301937,2.353515625,0.00945945945945946,1279,True,25,6,0.058440963510000055,0.9931240197692408,78.3154237587763,0.3258998577215122,0.18056339452767575,568.6337376750747,-1,8.13958325239352,-148.49126426515903,0.3997790359160895,0.34,True,joint_candidate,410,True
775,23.257488000000127,23.287488000000128,"[577, 175, 610, 189]",20.350000247359276,297,21,45.0,1.0,8,0.8300652417902283,0.7616286004346213,0.8490566037735849,0.14646464646464646,0.989483389780995,2.30078125,0.012162162162162163,1243,True,21,4,0.47577411466965536,0.9975816827960426,114.09217360648454,0.5820372327245626,0.8194105974265609,470.39943593992706,-1,115.69987557244713,-112.48447164052196,0.6249396256705722,0.34,True,joint_candidate,410,True
776,23.287488000000128,23.31748800000013,"[555, 173, 590, 187]",21.300000250339508,294,29,51.5,1.0,8,0.8461667283368383,0.7745966692414834,0.865546218487395,0.16326530612244897,0.984970313081962,2.4653061224489794,0.018666666666666668,1260,True,19,7,0.06695880941356168,0.9383118927738695,47.34587351707011,0.1436627073440161,0.4967254999019852,595.714328687397,-1,75.60839534498596,-19.083351689154235,0.40686686406473294,0.34,True,joint_candidate,410,True
777,23.31748800000013,23.34748800000013,"[532, 172, 568, 186]",22.6684526540339,307,26,53.0,1.0,8,0.8498329714207463,0.7338913347547239,0.8688524590163934,0.16123778501628663,0.9905896919981426,2.142105263157895,0.010126582278481013,1253,True,32,7,0.0023122221334733713,0.6360830503505431,17.90329526064798,0.03596281704499804,0.10107925384801582,529.3956742036216,-1,21.217390734814234,-14.589199786481728,0.3663053138128428,0.34,True,joint_candidate,410,True
778,23.34748800000013,23.37748800000013,"[505, 171, 545, 185]",19.703571747988462,295,19,38.5,1.0,8,0.8089304251331384,0.7011894655987543,0.8279569892473119,0.11864406779661017,0.9903244338281983,2.0316666666666667,0.009876543209876543,1257,True,27,8,0.00043243879741767843,0.9996408847978518,42.71940777089334,0.38126147793673093,0.0011346390170175326,430.58564569520246,1,36.10335457089665,49.335460970890004,0.3480953887183344,0.34,True,joint_candidate,420,True
779,23.37748800000013,23.407488000000132,"[485, 170, 523, 186]",21.551190797239542,311,44,56.0,1.0,8,0.8558269839186381,0.6338838896278369,0.875,0.13987138263665594,0.9958221329792404,2.1963824289405687,0.004597701149425287,1728,True,29,5,0.0037735708178560433,0.74477366323717,-68.07963354884876,0.08533545788206642,0.05937432302720792,649.2289170029857,-1,-135.91203631425023,0.24723078344730715,0.3539061425695878,0.34,True,joint_candidate,420,True
780,23.407488000000132,23.437488000000133,"[459, 170, 503, 185]",23.671428862959146,327,44,60.5,1.0,8,0.863500844526991,0.6601733689004333,0.8832116788321168,0.14831804281345565,0.9895252032292621,2.1831550802139037,0.011494252873563218,1683,True,35,6,0.017735396015419416,0.9032572992725623,45.03197246562842,0.13843129549870659,0.14183882578091153,479.160226482459,-1,16.17408537788702,-73.88985955336982,0.36783072650164295,0.34,True,joint_candidate,420,True
781,23.437488000000133,23.467488000000134,"[436, 170, 478, 185]",44.81349229067564,399,117,163.0,1.0,8,0.9368323995436847,0.7284127307941417,0.9532163742690059,0.3383458646616541,0.9934237926220988,2.7247340425531914,0.008988764044943821,2077,True,73,12,1.9116891657220014e-06,0.06032647773670753,1.0597058930131908,0.00013474614366426607,0.23517598136138237,699.932495653219,1,1.7587381556185329,0.36067363040785194,0.3903126809112678,0.34,True,joint_candidate,420,True
782,23.467488000000134,23.497488000000136,"[410, 170, 454, 185]",49.258036103099585,441,131,177.5,1.0,8,0.940162546460669,0.7276068751089989,0.9568733153638814,0.31746031746031744,0.9959261025321252,2.6626650660264106,0.005434782608695652,2240,True,64,11,0.0006215221994813156,0.892296347615302,-22.95666958717041,0.06499158728300636,0.010717423351134963,645.7121395022662,-1,-14.97683809972828,30.936501074612544,0.3915316324142652,0.34,True,joint_candidate,421,True
783,23.497488000000136,23.527488000000137,"[384, 171, 429, 186]",50.21535008773208,419,129,179.5,1.0,8,0.9414286386117563,0.71657546159275,0.9573333333333334,0.3639618138424821,0.9927590174586163,2.721813725490196,0.00989010989010989,2257,True,68,9,0.00017221629613248962,0.548201212485327,-13.07347925614329,0.01838769209698432,0.01708468712866692,727.9218637274148,-1,-9.45756112680977,16.689397385476813,0.3900096297853123,0.34,True,joint_candidate,422,True
784,23.527488000000137,23.557488000000138,"[363, 172, 403, 187]",49.794783256947994,430,129,177.5,1.0,8,0.9407060727735495,0.7643553692064854,0.9568733153638814,0.34418604651162793,0.9949109816905972,3.1182065217391304,0.007954545454545454,2329,True,64,8,0.062437628907849284,0.9909020739317624,-49.663847249631615,0.22631227526844533,0.27842456764260753,573.2968795051515,-1,-28.919320943054295,70.40837355620893,0.4312058231123547,0.34,True,joint_candidate,422,True
785,23.557488000000138,23.58748800000014,"[341, 173, 379, 187]",29.120833564549685,349,53,89.5,1.0,8,0.8965940143956375,0.7658685408402277,0.9179487179487179,0.20916905444126074,0.9643682300243993,2.615126050420168,0.047435897435897434,1653,True,44,6,0.0626234539078325,0.9600073478329693,-55.47672292843816,0.20372520871311206,0.320197316827424,511.3198927012997,-1,-19.256998941797598,91.69644691507871,0.41830138509403325,0.34,True,joint_candidate,422,True
786,23.58748800000014,23.61748800000014,"[314, 175, 353, 188]",21.21726208180189,305,28,49.5,1.0,8,0.8392566932045886,0.7515416254704823,0.8608695652173913,0.14918032786885246,0.960812772133527,2.1444444444444444,0.04285714285714286,1230,True,26,4,0.02953244192370774,0.7732401411285729,-87.1655286866176,0.12969943780435578,0.2944739443499727,741.2834215207921,-1,-149.25395834968987,25.077099023545358,0.38075109483998815,0.34,True,joint_candidate,424,True
787,23.61748800000014,23.64748800000014,"[281, 177, 324, 192]",22.795833509415388,324,35,57.0,1.0,8,0.8578145892483795,0.6708203932499369,0.8769230769230769,0.15895061728395063,0.9921944168398228,2.640277777777778,0.010344827586206896,1972,True,21,7,0.013827046684220157,0.7177706704653536,-53.112821681379835,0.050077237185114476,0.3846833244286727,978.3657973511301,1,-46.192028893600266,-60.0336144691594,0.3655723114383254,0.34,True,joint_candidate,425,True
788,23.64748800000014,23.677488000000142,"[256, 180, 297, 194]",27.826190553605556,323,61,87.0,1.0,8,0.8965195745416562,0.7430590502354117,0.9157894736842105,0.24148606811145512,0.9788081869226589,3.735042735042735,0.04,2324,True,22,5,0.06103461587585116,0.9040233056517524,69.67132244383669,0.17378212835189288,0.388500406128625,639.1194226805399,-1,80.64888127983252,-58.693763607840864,0.41398376862952674,0.34,True,joint_candidate,426,True
789,23.677488000000142,23.707488000000144,"[231, 181, 272, 196]",23.973214402794838,298,53,73.0,1.0,8,0.8805820856599079,0.6648039453209388,0.9012345679012346,0.2063758389261745,0.9686258790948511,3.2157738095238093,0.05125,2216,True,31,6,0.3645912708910485,0.9989072523432597,-150.86995707021583,0.43754835025403327,0.8341709270983092,544.7652151391196,-1,-191.0313057029475,110.70860843748419,0.5644204164861899,0.34,True,joint_candidate,427,True
790,23.707488000000144,23.737488000000145,"[206, 183, 246, 198]",24.002976294606924,298,53,69.0,1.0,8,0.8757574577380957,0.7327598084890689,0.8961038961038961,0.2063758389261745,0.9707716755306935,3.717117117117117,0.05512820512820513,2220,True,32,6,0.0005733069891912176,0.3892792349177482,26.03592691842276,0.01390373954178259,0.10592400050442276,940.3203273986451,-1,32.309117818118395,-19.762736018727132,0.37295652743884417,0.34,True,joint_candidate,429,True
791,23.737488000000145,23.767488000000146,"[180, 186, 221, 200]",17.17619078606367,288,20,32.5,1.0,8,0.7817485029724258,0.7290277645477444,0.8024691358024691,0.08854166666666667,0.9689460099233681,3.5407407407407407,0.05584415584415584,2097,True,25,6,0.010561818557947364,0.5657723230194849,44.78362289554464,0.03249913907362678,0.5744141738043077,730.3597729444624,1,30.791158595289346,58.776087195799924,0.34968771578076047,0.34,True,joint_candidate,430,True
792,23.767488000000146,23.797488000000147,"[156, 188, 196, 203]",17.807738304138184,282,27,38.5,1.0,8,0.8081752948284116,0.712817022880422,0.8279569892473119,0.11524822695035461,0.9818650564143786,3.502702702702703,0.03205128205128205,2109,True,17,4,6.553747609286714e-05,0.25099311608700337,-38.777192430230976,0.009690661034593151,0.02694477113289136,732.5877451487596,1,-33.96526283022404,-43.58912203023792,0.3494111874924378,0.34,True,joint_candidate,431,True
793,23.797488000000147,23.827488000000148,"[133, 190, 170, 205]",21.611706759780645,346,45,60.0,1.0,8,0.8595478017785684,0.7895716708592219,0.8823529411764706,0.09104046242774566,0.9680557368162152,3.3963963963963963,0.05512820512820513,1993,True,50,9,0.26110086383861103,0.9997260367523166,79.37864585352105,0.3519584758563833,0.7420546268882388,504.230489756236,1,87.6823023967992,71.07498931024291,0.5199055662736898,0.34,True,joint_candidate,432,True
794,23.827488000000148,23.85748800000015,"[112, 192, 148, 208]",33.18584073334932,315,55,94.0,1.0,8,0.9019177104596207,0.7493312526534633,0.9215686274509803,0.26666666666666666,0.9695415742746077,3.4884135472370765,0.05394736842105263,2092,False,10,2,0.0,0.0,0.0,0.0,0.0,0.0,0,0.0,0.0,0.3829750010359057,0.34,True,joint_candidate,432,True
1001,30.037488000000383,30.067488000000385,"[532, 312, 564, 322]",11.06666673719883,127,20,29.5,1.0,8,0.7713514594624711,0.5663100482130533,0.7866666666666666,0.2283464566929134,0.9981937025903947,1.5580808080808082,0.0014084507042253522,631,True,8,4,0.6516887305574423,0.9999954964023885,-81.23577248043686,0.8628078427103084,0.7553149534053075,111.02010827835778,1,-106.02178138479236,-56.44976357608136,0.6747807468772925,0.34,True,joint_candidate,462,True
1002,30.067488000000385,30.097488000000386,"[522, 314, 552, 324]",10.783333417028189,125,17,28.5,1.0,8,0.764933855001865,0.6350006350009525,0.7808219178082192,0.228,0.989315081983357,1.9451612903225806,0.010447761194029851,630,True,6,3,0.04873106403920362,0.7786349362340844,-60.898361554374326,0.20473151218806662,0.3056942810927561,105.85171857297081,-1,-80.22088235593023,41.57584075281841,0.3515323369722643,0.34,True,joint_candidate,462,True
1004,30.127488000000387,30.157488000000388,"[498, 319, 529, 328]",11.75267869234085,116,29,38.5,1.0,8,0.8122737416581521,0.5832460484899824,0.8279569892473119,0.2672413793103448,0.9936523301160637,1.847507331378299,0.0058823529411764705,651,True,11,5,0.18564161847699248,0.9990178721943057,-231.16192353702561,0.5262145039470132,0.35313378882542396,613.0306392463692,-1,-328.6107372122629,133.71310986178835,0.43327191993328884,0.34,True,joint_candidate,462,True
1005,30.157488000000388,30.18748800000039,"[487, 321, 516, 331]",15.090972296893597,111,42,49.5,1.0,8,0.8465167448890144,0.5983849230462214,0.8608695652173913,0.34234234234234234,0.9976511147733514,2.5387096774193547,0.0029850746268656717,808,True,13,5,0.4288738252916051,0.9995184318495905,-175.22616357078184,0.5673829247192264,0.756244923983012,629.2971764014432,-1,-284.6919153812468,65.76041176031693,0.5795933658340203,0.34,True,joint_candidate,462,True
1006,30.18748800000039,30.21748800000039,"[475, 323, 506, 334]",15.350099325180054,128,40,48.0,1.0,8,0.8420447895323072,0.5865884600854132,0.8571428571428571,0.31640625,0.9946631087391593,2.1666666666666665,0.005797101449275362,839,True,16,4,0.014617359321919151,0.7818521698942175,-57.16480619164888,0.13427253523581217,0.13923777927096168,210.81554715145532,1,-7.213250759403348,-107.11636162389442,0.3486412534995597,0.34,True,joint_candidate,462,True
1007,30.21748800000039,30.24748800000039,"[464, 326, 494, 336]",15.762168422341347,119,41,50.0,1.0,8,0.8472830107029193,0.640581632257909,0.8620689655172413,0.3403361344537815,0.9932882022796967,2.7413793103448274,0.009230769230769232,830,True,5,3,0.38932876391025867,0.9647931651785145,108.82638505727667,0.49209495242651136,0.8200368380595884,333.27091220863355,1,3.500190668280681,214.15257944627265,0.5644029682002044,0.34,True,joint_candidate,462,True
1008,30.24748800000039,30.277488000000393,"[454, 329, 483, 338]",16.716165848076344,124,47,54.5,1.0,8,0.8562980579043433,0.6429100507328637,0.872,0.3024193548387097,0.9942263279445727,3.14,0.00909090909090909,975,True,28,6,0.008535987197754747,0.8006578502554181,-45.16136090623625,0.08514245335929393,0.1252162313984465,601.6995216957022,1,-79.1323648398515,-11.190356972620998,0.3580207179399977,0.34,True,joint_candidate,462,True
1009,30.277488000000393,30.307488000000394,"[443, 332, 471, 341]",18.69180215895176,131,58,64.5,1.0,8,0.8748467701799989,0.660807586719967,0.8896551724137931,0.3549618320610687,0.9947234192243425,3.4366666666666665,0.00909090909090909,1081,False,1,1,0.0,0.0,0.0,0.0,0.0,0.0,0,0.0,0.0,0.3615751690619947,0.34,True,joint_candidate,462,True
1010,30.307488000000394,30.337488000000395,"[432, 335, 460, 344]",16.392780911177397,108,58,64.5,1.0,8,0.8766480980046001,0.6432675209026769,0.8896551724137931,0.42592592592592593,0.9972758726861878,3.4367816091954024,0.0046875,930,False,8,2,0.0,0.0,0.0,0.0,0.0,0.0,0,0.0,0.0,0.35948455753678155,0.34,True,joint_candidate,462,True
1011,30.337488000000395,30.367488000000396,"[422, 338, 447, 347]",18.024801641702652,112,60,66.0,1.0,8,0.8792205407943492,0.5731018651170021,0.8918918918918919,0.45535714285714285,0.9940063803048368,2.935483870967742,0.008823529411764706,1018,True,16,4,0.0004900678981395526,0.3591095508082057,23.8844625763431,0.02048410553598734,0.0666211760036631,249.29439954337658,-1,4.791100182938773,-42.97782496974744,0.3500009793498318,0.34,True,joint_candidate,462,True
1012,30.367488000000396,30.397488000000397,"[411, 340, 436, 350]",17.886589150875807,113,66,69.0,1.0,8,0.8839234894198197,0.5698356286493158,0.8961038961038961,0.4646017699115044,0.9978951061217329,2.8333333333333335,0.0029850746268656717,1013,True,26,4,0.34772202226523546,0.9890904342077385,-80.48723542832948,0.4593389648704602,0.7653549716114734,373.8590765357164,-1,-120.40983852689524,40.56463232976375,0.5418995033692228,0.34,True,joint_candidate,462,True
1013,30.397488000000397,30.427488000000398,"[400, 344, 425, 353]",17.45707482472062,113,61,65.5,1.0,8,0.8778227962469202,0.6352727198388332,0.891156462585034,0.41150442477876104,0.9974645336552972,3.692857142857143,0.0046875,1066,True,18,7,0.5331552884326969,0.9999783070360371,-82.67583013877295,0.5507443193111311,0.9680841648424786,350.14465692492143,-1,-122.24377329857785,43.10788697896807,0.6518731554878844,0.34,True,joint_candidate,462,True
1014,30.427488000000398,30.4574880000004,"[390, 347, 413, 356]",18.073223300278187,104,62,67.5,1.0,8,0.8826697129131552,0.6120011883529758,0.8940397350993378,0.5144230769230769,0.9941473796222401,3.4072727272727272,0.01,975,True,17,5,0.20806474104020778,0.9845568998925242,-61.52825452998839,0.3322163041021108,0.636116598143249,482.4716151527523,-1,-62.946792710711165,60.109716349265604,0.4710366996990072,0.34,True,joint_candidate,462,True
1015,30.4574880000004,30.4874880000004,"[379, 350, 403, 359]",15.830418229103088,102,59,64.0,1.0,8,0.8753311686959051,0.611615953089906,0.8888888888888888,0.4264705882352941,0.990725013836142,3.274074074074074,0.015254237288135594,913,True,25,5,0.014574172087391809,0.9988932549690152,-136.35188379276434,0.5189704699620199,0.028113969283176332,691.785488091111,-1,-104.19842243237076,168.5053451531579,0.36235753822032296,0.34,True,joint_candidate,462,True
1016,30.4874880000004,30.5174880000004,"[368, 354, 392, 363]",14.841656316071749,104,50,55.5,1.0,8,0.8602832723400412,0.6030226891555273,0.8740157480314961,0.38461538461538464,0.9966756942103612,2.86013986013986,0.004761904761904762,845,False,12,2,0.0,0.0,0.0,0.0,0.0,0.0,0,0.0,0.0,0.3485383850753414,0.34,True,joint_candidate,484,True
1017,30.5174880000004,30.547488000000403,"[358, 357, 381, 366]",14.450928971171379,99,53,56.0,1.0,8,0.8614968272030181,0.6422616289332564,0.875,0.40404040404040403,0.9945872801082544,3.0708333333333333,0.008333333333333333,762,True,21,5,0.24238716174782665,0.9990738288927054,-125.67286785609944,0.5297351296646629,0.4579871114043996,455.3351762000864,-1,-128.81065957770085,122.53507613449804,0.4881012314621986,0.34,True,joint_candidate,484,True
1018,30.547488000000403,30.577488000000404,"[347, 360, 371, 370]",12.542785041034222,96,42,49.0,1.0,8,0.8458813048245615,0.6460582824697986,0.8596491228070176,0.359375,1.0,2.8956521739130436,0.0,702,True,14,4,0.29605280466973377,0.996244405219322,-90.49207950317367,0.5490782867144435,0.5412139901427646,445.13944385817484,-1,-127.65872493849884,53.32543406784853,0.5135021763861918,0.34,True,joint_candidate,484,True
1205,36.15748800000061,36.18748800000061,"[736, 212, 767, 223]",13.360912896692753,183,15,34.0,1.0,8,0.7914916847184401,0.7708150518482654,0.8095238095238095,0.1557377049180328,0.9880638660672764,3.331168831168831,0.02,1111,False,9,2,0.0,0.0,0.0,0.0,0.0,0.0,0,0.0,0.0,0.35306976319277183,0.34,True,joint_candidate,527,True
1206,36.18748800000061,36.217488000000614,"[722, 214, 752, 227]",18.315160773694515,199,49,63.0,1.0,8,0.8690662997036711,0.6763662205993259,0.8873239436619719,0.21105527638190955,0.9913039132390424,3.2712643678160918,0.014285714285714285,1495,False,9,2,0.0,0.0,0.0,0.0,0.0,0.0,0,0.0,0.0,0.36217482300100023,0.34,True,joint_candidate,527,True
1207,36.217488000000614,36.247488000000615,"[707, 215, 737, 227]",16.712897092103958,212,36,56.0,1.0,8,0.8561277694964726,0.7498894701931954,0.875,0.1721698113207547,0.9910905245246902,3.286472148541114,0.014705882352941176,1328,True,19,5,0.46730107876801646,0.9997091629538933,116.95403014964695,0.5944724689909974,0.7863055921925336,426.04795891456973,1,88.94958316091808,144.95847713837577,0.6263373447003302,0.34,True,joint_candidate,527,True
1208,36.247488000000615,36.277488000000616,"[691, 217, 722, 228]",17.789484415203333,202,48,67.5,1.0,8,0.8750415917005738,0.7618791046583063,0.8940397350993378,0.20297029702970298,0.9864904865657013,3.5114942528735633,0.023880597014925373,1303,True,26,7,0.021750946882330667,0.887852820754134,60.38710668573953,0.10605724608623346,0.2309919489210837,1135.6869315123577,-1,80.59452327466958,-40.17969009680949,0.38875736399419997,0.34,True,joint_candidate,527,True
1209,36.277488000000616,36.30748800000062,"[675, 218, 707, 230]",20.964285895228386,204,53,72.5,1.0,8,0.8836073216770033,0.723240570679579,0.9006211180124224,0.2818627450980392,0.9904510700811325,3.3230769230769233,0.015942028985507246,1388,True,26,7,0.0028050700313274656,0.9999896694011127,120.52392022315416,0.5780355556758607,0.00485281395259561,696.550610884927,-1,55.81780327659379,-185.23003716971448,0.37511107062226795,0.34,True,joint_candidate,527,True
1210,36.30748800000062,36.33748800000062,"[661, 220, 691, 234]",23.63779792189598,241,58,75.5,1.0,8,0.8864480934032957,0.7085783889827104,0.9041916167664671,0.25103734439834025,0.9908326967150495,2.714583333333333,0.0125,1360,True,21,6,0.016922948199261562,0.9392704145428619,46.39404638310389,0.17302141750250266,0.10413231330395754,614.961053596594,1,57.226792147945346,35.56130061826245,0.38152880787798915,0.34,True,joint_candidate,527,True
1211,36.33748800000062,36.36748800000062,"[645, 222, 678, 234]",19.283333525061607,210,42,62.0,1.0,8,0.8668461040834846,0.6956083436402524,0.8857142857142857,0.24761904761904763,0.9745894200649903,2.1889400921658986,0.028169014084507043,1036,True,5,3,0.4829904513217695,0.9734602957506433,82.51895763543168,0.5282297423066145,0.9392851393571364,446.0966703782704,-1,156.1987768890817,-8.839138381781675,0.6300398309980564,0.34,True,joint_candidate,527,True
1212,36.36748800000062,36.39748800000062,"[628, 224, 661, 236]",19.944643076509237,211,42,62.0,1.0,8,0.8684678237483344,0.6623212503532094,0.8857142857142857,0.24881516587677724,0.992945610805975,1.8586278586278586,0.006578947368421052,907,True,20,6,0.14231184078844772,0.9796995242962759,-58.72985397093595,0.25235876521874656,0.5756118754864513,519.7531852963327,-1,-54.22535904106957,63.234348900802324,0.43816004711112794,0.34,True,joint_candidate,527,True
1213,36.39748800000062,36.42748800000062,"[612, 227, 645, 238]",19.079166904091835,204,38,59.0,1.0,8,0.863357612496456,0.7071067811865476,0.8805970149253731,0.24754901960784315,0.9921964654578839,2.127450980392157,0.008333333333333333,896,True,14,4,0.3095303038076411,0.9798100206294987,107.20568763889108,0.40084623156541066,0.7881039281918546,478.220162043168,1,78.90591653117036,135.50545874661177,0.5353149680211216,0.34,True,joint_candidate,527,True
1214,36.42748800000062,36.45748800000062,"[595, 229, 629, 241]",20.60476217791438,207,37,59.5,1.0,8,0.864319717060945,0.6828002754951232,0.8814814814814815,0.2463768115942029,0.9935927962249447,2.074324324324324,0.006666666666666667,941,True,18,5,0.04512544479945463,0.7883257089479139,-56.33889311326934,0.10191008523289669,0.5616925205653991,700.3568847864336,1,-12.428336221877203,-100.24945000466148,0.386534951082252,0.34,True,joint_candidate,527,True
1215,36.45748800000062,36.487488000000624,"[579, 232, 613, 244]",20.985416773706675,201,38,58.0,1.0,8,0.8622480014039037,0.655352713801644,0.8787878787878788,0.26865671641791045,0.9945232891861291,1.9423076923076923,0.005333333333333333,933,True,11,4,0.8617634947146126,0.9999999120854134,-45.470099885006455,0.9325360123313959,0.92410755089419,109.14046125444591,-1,-43.052170999752555,47.88802877026038,0.8309472295844547,0.34,True,joint_candidate,527,True
1216,36.487488000000624,36.517488000000625,"[562, 235, 597, 246]",19.184523921459913,206,40,54.0,1.0,8,0.8543549825603358,0.6358767573147305,0.8709677419354839,0.24271844660194175,0.998553922023026,1.794871794871795,0.0012987012987012987,935,True,17,6,0.34400698809567765,0.9978400018630929,74.97238453252616,0.3981796446771698,0.8658193748178368,447.5061935050999,1,112.1570081992643,37.78776086578802,0.5408918518179331,0.34,True,joint_candidate,527,True
1217,36.517488000000625,36.54748800000063,"[546, 238, 581, 250]",19.627976272255182,207,40,54.0,1.0,8,0.8539774045248512,0.6650621717611762,0.8709677419354839,0.2463768115942029,0.9932035028100903,1.955128205128205,0.006666666666666667,944,True,19,4,0.0022445255900245607,0.7074784305499832,39.563091083576786,0.09999877684165803,0.03172609859946517,446.1664482755593,1,23.489391115823064,55.63679105133049,0.3571870361961452,0.34,True,joint_candidate,527,True
1218,36.54748800000063,36.57748800000063,"[529, 240, 564, 252]",17.67559538036585,205,33,48.0,1.0,8,0.8397288609970472,0.6377664398085178,0.8571428571428571,0.22195121951219512,0.9911772943702737,1.7817460317460319,0.007894736842105263,925,True,9,3,0.07598338880930655,0.9143853422559362,91.58698361107851,0.36364492362224643,0.22851350618690336,291.2226603022527,1,38.17732361899046,144.99664360316655,0.3893744881155104,0.34,True,joint_candidate,527,True
1219,36.57748800000063,36.60748800000063,"[510, 243, 547, 256]",17.71309543773532,229,28,48.0,1.0,8,0.8390423790473226,0.6256620425221523,0.8571428571428571,0.17903930131004367,0.9939436291637551,1.646153846153846,0.005,984,True,13,6,0.20702061625172827,0.9791185461415727,52.27586312883023,0.2503707151887362,0.8444905424687391,621.4352851867052,1,81.49728373531126,23.05444252234923,0.4594233590309702,0.34,True,joint_candidate,527,True
1220,36.60748800000063,36.63748800000063,"[494, 246, 531, 259]",24.26636915281415,243,50,71.0,1.0,8,0.881588432604131,0.661693159884427,0.8987341772151899,0.26954732510288065,0.9916847259009551,2.1495495495495494,0.008974358974358974,1236,True,30,7,0.3363097930445944,0.999000029626552,-46.88948235765478,0.3816390165064436,0.8821069517003588,480.0673887906371,-1,-55.935758600750454,37.843206114559095,0.5487008899384302,0.34,True,joint_candidate,527,True
1221,36.63748800000063,36.66748800000063,"[477, 249, 514, 263]",27.382738210260868,278,61,84.5,1.0,8,0.8964986390978623,0.6761929030278735,0.9135135135135135,0.2841726618705036,0.9925663024341167,2.3453947368421053,0.00875,1466,True,24,8,0.0363956736185147,0.945830755333397,-38.00240783296969,0.13051062518259715,0.29484275459578174,762.9450074873071,-1,-32.18508559033067,43.81973007560872,0.39039614767372277,0.34,True,joint_candidate,527,True
1222,36.66748800000063,36.69748800000063,"[461, 252, 499, 265]",26.288988288491964,278,57,75.0,1.0,8,0.885629626447006,0.6761929030278735,0.9036144578313253,0.24280575539568344,0.9900786168083316,2.2565789473684212,0.01125,1416,True,27,10,0.04934807508155673,0.9514996186584113,35.70419633266987,0.10667130772117439,0.48619890786939596,714.6836160362274,1,35.87015373182948,35.53823893351025,0.394259264683139,0.34,True,joint_candidate,527,True
1223,36.69748800000063,36.72748800000063,"[445, 254, 482, 268]",21.8184524923563,247,46,62.5,1.0,8,0.868293837098497,0.6582805886043833,0.8865248226950354,0.22672064777327935,0.9874313434630958,2.2017543859649122,0.013924050632911392,1306,True,11,7,0.18856331888571484,0.9837609319287219,45.47845177372477,0.2262928236640852,0.8470262322449258,587.7292013603408,1,10.561410814508383,80.39549273294116,0.4629400648073498,0.34,True,joint_candidate,527,True
1224,36.72748800000063,36.757488000000635,"[428, 257, 465, 271]",25.215476263314486,264,59,80.0,1.0,8,0.8910098841460394,0.6896924500642846,0.9090909090909091,0.2727272727272727,0.9826107390435908,2.338738738738739,0.020512820512820513,1359,True,18,5,0.009896012428074996,0.6956313479983,-44.13669400430683,0.07011770285421148,0.20288662023919513,627.0390581547581,1,-48.36923912363844,-39.90414888497525,0.37619963958889574,0.34,True,joint_candidate,527,True
1225,36.757488000000635,36.787488000000636,"[412, 260, 450, 274]",23.9303572550416,268,51,70.5,1.0,8,0.8797981618405426,0.6856933998490078,0.8980891719745223,0.23694029850746268,0.986848177203507,2.294736842105263,0.015189873417721518,1353,True,27,7,0.0014753869865141843,0.6656700007717931,-18.325395282818096,0.040565466237335146,0.0546374587006441,592.5797478801908,-1,-10.122378725864511,26.52841183977168,0.36760492137209677,0.34,True,joint_candidate,527,True
1226,36.787488000000636,36.81748800000064,"[397, 263, 433, 277]",23.071230206638575,258,49,68.0,1.0,8,0.8760793790582474,0.6787593724688342,0.8947368421052632,0.2364341085271318,0.9820237342883225,2.2910714285714286,0.02077922077922078,1352,False,9,1,0.0,0.0,0.0,0.0,0.0,0.0,0,0.0,0.0,0.36463771958779934,0.34,True,joint_candidate,527,True
1227,36.81748800000064,36.84748800000064,"[380, 266, 417, 280]",20.957738239318132,257,37,56.5,1.0,8,0.8574542867890848,0.6714738959799228,0.875968992248062,0.19455252918287938,0.9897937867438598,2.221052631578947,0.01139240506329114,1309,True,16,6,0.0852255651542405,0.997765466000397,-56.079446962117174,0.3961584881371385,0.21561176557204179,588.3848826380165,-1,-9.723017903798954,102.43587602043539,0.4048314312685461,0.34,True,joint_candidate,527,True
1228,36.84748800000064,36.87748800000064,"[364, 269, 401, 283]",19.336309645324945,241,39,52.5,1.0,8,0.8492703479521573,0.6680541118025517,0.8677685950413223,0.1950207468879668,0.9878296146044625,2.3333333333333335,0.014285714285714285,1325,True,16,5,0.011082684137108308,0.6039100281185005,-26.752767146708656,0.04841857786573289,0.37901874142904124,699.9983924940273,-1,-21.617894474985896,31.887639818431424,0.3610846974314395,0.34,True,joint_candidate,527,True
1229,36.87748800000064,36.90748800000064,"[353, 272, 385, 286]",18.155059657990932,225,38,49.5,1.0,8,0.8422311551017087,0.6978631577988531,0.8608695652173913,0.19555555555555557,0.984288348163209,2.4220779220779223,0.019178082191780823,1192,True,14,6,0.020228768099566266,0.7672072362745895,-34.47259727520235,0.07403261102070624,0.35615059867180976,438.73830496901775,-1,-11.139359503543933,57.80583504686075,0.368474642655102,0.34,True,joint_candidate,527,True
1230,36.90748800000064,36.93748800000064,"[340, 276, 370, 288]",13.50416675209999,179,21,36.0,1.0,8,0.7997152103595028,0.6774764637788968,0.8181818181818182,0.18435754189944134,0.9777540106951872,2.0615384615384613,0.02318840579710145,871,True,7,3,0.27844694828460537,0.9970755154063505,108.47910650491596,0.7399786538908011,0.3773941978728379,179.33653315516585,1,71.86237116748502,145.0958418423469,0.49468185423121824,0.34,True,joint_candidate,527,True
1418,42.547488000000854,42.577488000000855,"[753, 292, 784, 308]",21.946004793047905,212,60,76.0,1.0,8,0.8861857464539684,0.6730463973541891,0.9047619047619048,0.2759433962264151,0.9752507200234312,4.446581196581197,0.055714285714285716,2316,True,31,5,0.025365818240065747,0.7278296312102999,58.81254394039102,0.07972973112833515,0.43711815455722774,509.0178722440879,-1,105.82500647923644,-11.800081401545626,0.38076388357135504,0.34,True,joint_candidate,569,True
1419,42.577488000000855,42.607488000000856,"[744, 292, 773, 308]",28.360749904066324,229,81,97.5,1.0,8,0.9058590241861738,0.6681270554192786,0.9241706161137441,0.3165938864628821,0.9722363672592823,4.341130604288499,0.06111111111111111,2431,True,19,4,0.07364513297981627,0.9981389346831033,35.03620558900967,0.6005818845090207,0.122851602480678,201.7145039784642,1,26.968258460440254,43.10415271757909,0.4124815887076429,0.34,True,joint_candidate,569,True
1420,42.607488000000856,42.63748800000086,"[732, 293, 761, 307]",23.347970843315125,202,71,83.5,1.0,8,0.8928452906141073,0.6330826571575396,0.912568306010929,0.2995049504950495,0.958266452648475,3.388888888888889,0.07222222222222222,1886,True,26,6,0.08481241671515583,0.9207150571619289,31.781703370892842,0.15323880561727077,0.6011258921728744,442.32557710961345,-1,47.340486165558005,-16.222920576227693,0.4094628149511988,0.34,True,joint_candidate,569,True
1421,42.63748800000086,42.66748800000086,"[718, 294, 750, 304]",19.269904505461454,188,59,69.0,1.0,8,0.8774593331256793,0.7350033231608353,0.8961038961038961,0.2765957446808511,0.9722873634551276,3.0804597701149423,0.04328358208955224,1172,True,17,3,0.8830188914309836,0.9999969220673228,74.1598503738143,0.9622836433697817,0.9176313194099739,108.68643654276892,1,81.73423019628882,66.58547055133978,0.85914868869887,0.34,True,joint_candidate,569,True
1422,42.66748800000086,42.69748800000086,"[704, 294, 736, 304]",18.895580980926752,190,54,66.5,1.0,8,0.8757386891452853,0.6317908387002349,0.8926174496644296,0.2631578947368421,0.9950260193525466,2.168067226890756,0.005405405405405406,1047,True,13,4,0.030580390761714635,0.9914263135041746,-55.31531070868756,0.4808824941911648,0.06414216604587614,331.52265353870797,-1,-76.53900753591965,34.09161388145548,0.3743094474675639,0.34,True,joint_candidate,569,True
1423,42.69748800000086,42.72748800000086,"[691, 295, 724, 305]",19.799603305757046,195,48,63.5,1.0,8,0.8712976525081337,0.6642111641550714,0.8881118881118881,0.2717948717948718,0.9925907507312863,2.2104072398190047,0.00821917808219178,1003,True,15,3,0.037230010516206634,0.7178494897389432,-101.02564700702236,0.16241912148649051,0.319317415703381,414.2028495067861,-1,-189.14170317918442,12.9095908348603,0.3814974761596145,0.34,True,joint_candidate,569,True
1424,42.72748800000086,42.75748800000086,"[676, 295, 710, 306]",22.84325409680605,206,52,69.0,1.0,8,0.8801185174040961,0.7003400534570263,0.8961038961038961,0.29854368932038833,0.9969225508633953,2.6666666666666665,0.00410958904109589,1159,True,27,6,0.16998497724016073,0.9722811961363093,41.980141003203144,0.2302336061376441,0.7593638858815509,525.2181005404209,1,7.180560672020731,76.77972133438554,0.4625783007218711,0.34,True,joint_candidate,569,True
1425,42.75748800000086,42.78748800000086,"[664, 296, 697, 310]",22.72371043264866,216,52,68.0,1.0,8,0.878461758544579,0.6025157343041205,0.8947368421052632,0.2916666666666667,0.9950985439792409,2.0873949579831934,0.005128205128205128,1270,True,22,6,0.0018077609302297782,0.9935468764332799,-47.341824168943006,0.33003664268292365,0.00551303149032836,527.525541352518,-1,-21.88890662217058,72.79474171571543,0.35491015622061817,0.34,True,joint_candidate,569,True
1426,42.78748800000086,42.817488000000864,"[650, 297, 684, 309]",21.136309634894133,215,43,60.5,1.0,8,0.8665965493689183,0.6309898162000304,0.8832116788321168,0.26976744186046514,0.9943329695239694,2.285185185185185,0.006493506493506494,1264,True,20,5,0.007121965756128449,0.5465217443285029,-13.456203375701518,0.03798713643877816,0.34304877966177266,568.518716979472,1,-26.235923089383775,-0.6764836620192567,0.35854451840655066,0.34,True,joint_candidate,569,True
1427,42.817488000000864,42.847488000000865,"[636, 298, 671, 309]",19.827678579837084,204,44,60.5,1.0,8,0.8662351114486019,0.6969320524371696,0.8832116788321168,0.2818627450980392,0.9870884802414621,2.3190476190476192,0.015068493150684932,1019,True,18,4,0.0290282882802403,0.9552771640464283,-123.82337709517151,0.3179901998826845,0.09556047408866754,267.3793546537469,1,-206.40268227690004,-41.24407191344299,0.38037589985428816,0.34,True,joint_candidate,569,True
1428,42.847488000000865,42.87748800000087,"[621, 299, 656, 310]",20.85128977522254,208,47,61.0,1.0,8,0.8676764470424877,0.6575959492214292,0.8840579710144928,0.27403846153846156,0.9961207748234793,2.0311850311850312,0.003947368421052632,999,True,18,6,0.0015079348638451116,0.4317965425085433,-9.217042159160322,0.017444226955379616,0.2001942933206429,560.2375641140818,1,-7.815467013596176,-10.618617304724474,0.3597716906710755,0.34,True,joint_candidate,569,True
1429,42.87748800000087,42.90748800000087,"[607, 300, 643, 312]",21.273214414715767,218,43,60.5,1.0,8,0.8662865089760058,0.6825041873951879,0.8832116788321168,0.2591743119266055,0.993453080409602,2.02991452991453,0.006666666666666667,980,True,19,4,0.035659261217090954,0.9992355158344833,-107.4259372667021,0.6579949671233667,0.05423528263470208,260.23976749429244,-1,-113.78142748091803,101.0704470524862,0.38187417447148,0.34,True,joint_candidate,569,True
1430,42.90748800000087,42.93748800000087,"[592, 302, 628, 313]",20.289881080389023,216,42,57.0,1.0,8,0.8596495737687943,0.6612465225335805,0.8769230769230769,0.25462962962962965,0.9891620914530805,1.9068825910931173,0.01038961038961039,967,True,9,5,0.07723720387809156,0.8744357952966006,-24.25622690398629,0.14926724066462416,0.5917443382152432,441.88252207095223,-1,-13.33394423170925,35.17850957626333,0.39956231264362574,0.34,True,joint_candidate,569,True
1431,42.93748800000087,42.96748800000087,"[578, 303, 613, 314]",20.89583345502615,214,36,56.0,1.0,8,0.8577524787360807,0.6942492218086974,0.875,0.24065420560747663,0.9925810817584841,2.1486486486486487,0.008,983,True,17,3,0.20223002428972683,0.9956112149248826,-326.7676675715878,0.7092987065748866,0.28636945045903606,419.31551551009966,-1,-195.37566003548318,458.1596751076925,0.47268964025147864,0.34,True,joint_candidate,569,True
1432,42.96748800000087,42.99748800000087,"[563, 305, 598, 316]",22.196428783237934,225,44,63.5,1.0,8,0.8703187986232792,0.6748819059987713,0.8881118881118881,0.26,0.9843633361381555,1.9777327935222673,0.015584415584415584,995,True,18,6,0.015665565014145556,0.6301306746430501,11.89848777795777,0.042514752882647056,0.5847574758027254,513.2364402293103,1,19.69578437298467,4.101191182930865,0.37094398624457947,0.34,True,joint_candidate,569,True
1433,42.99748800000087,43.02748800000087,"[548, 306, 584, 318]",20.722023990005255,221,36,58.0,1.0,8,0.8618191910361315,0.6688560540599386,0.8787878787878788,0.248868778280543,0.9945892365237488,1.9149797570850202,0.005194805194805195,971,True,9,4,0.0005722796182476722,0.8368202419424229,-65.99256310611052,0.16876933035717434,0.004052122580705766,591.944573739255,1,-107.80328933428682,-24.181836877934234,0.35918891920986645,0.34,True,joint_candidate,569,True
1434,43.02748800000087,43.05748800000087,"[534, 308, 569, 320]",18.817857265472412,222,28,49.0,1.0,8,0.8428530504188398,0.7071067811865476,0.8596491228070176,0.21846846846846846,1.0,2.0878378378378377,0.0,957,False,8,2,0.0,0.0,0.0,0.0,0.0,0.0,0,0.0,0.0,0.35892193230363406,0.34,True,joint_candidate,569,True
1435,43.05748800000087,43.087488000000874,"[520, 310, 553, 322]",18.426190599799156,197,31,52.0,1.0,8,0.8499287593341237,0.6848705126136028,0.8666666666666667,0.25380710659898476,0.9932934131736529,2.0357142857142856,0.00684931506849315,881,True,13,5,0.001515490832776435,0.9271412204833795,46.07559238095015,0.19877890313398128,0.00822312957570607,484.743771076439,1,41.797366011955134,50.35381874994518,0.35854272465030457,0.34,True,joint_candidate,569,True
1436,43.087488000000874,43.117488000000876,"[502, 312, 539, 324]",17.8011906594038,218,27,44.5,1.0,8,0.8300842423232248,0.7007074931745706,0.8476190476190476,0.1926605504587156,0.9948598171414681,2.06981981981982,0.005333333333333333,949,True,9,3,0.36822759346566153,0.9912725774367741,59.431879718974585,0.6494332999526297,0.5719903265797802,276.079037819823,-1,90.88144286604535,-27.98231657190384,0.5566565730792669,0.34,True,joint_candidate,569,True
1437,43.117488000000876,43.14748800000088,"[490, 313, 523, 326]",20.742857232689857,229,35,58.0,1.0,8,0.8613987416786811,0.6512097005374491,0.8787878787878788,0.2445414847161572,0.990814764415717,1.9703703703703703,0.00909090909090909,1083,True,11,4,0.00010972037184939779,0.2593258119002359,-21.571740132430975,0.01036562097780347,0.040817481054486016,851.9842168209921,-1,-29.985342081596258,13.158138183265686,0.3561614237887389,0.34,True,joint_candidate,569,True
1438,43.14748800000088,43.17748800000088,"[476, 314, 510, 327]",19.604762002825737,236,27,53.5,1.0,8,0.8524899614240165,0.6842908506285673,0.8699186991869918,0.21822033898305085,0.9949981143685122,2.0992063492063493,0.005263157894736842,1106,False,2,1,0.0,0.0,0.0,0.0,0.0,0.0,0,0.0,0.0,0.35839061602149,0.34,True,joint_candidate,569,True
1439,43.17748800000088,43.20748800000088,"[461, 318, 496, 330]",16.04880967363715,208,21,40.0,0.875,7,0.7625357985441972,0.7037315505489968,0.7795119555779044,0.18509615384615385,0.9856544014904517,2.085714285714286,0.015068493150684932,918,True,10,4,0.02194610232505276,0.659525005804561,58.49969596479878,0.08278222942503743,0.40196571763725697,708.7045030286388,1,109.84970494223957,7.149686987357988,0.34639082842438773,0.34,True,joint_candidate,569,True
1440,43.20748800000088,43.23748800000088,"[446, 320, 481, 333]",17.016666807234287,213,25,44.0,1.0,8,0.8277109453417741,0.6941905015834543,0.8461538461538461,0.20187793427230047,0.9811937186777253,2.020361990950226,0.019178082191780823,938,True,10,3,0.2021362272774098,0.9456216237721953,-97.890896710633,0.4320504391043305,0.4947574130237094,306.55877580069875,-1,-45.48677771559709,150.2950157056689,0.46361678384262583,0.34,True,joint_candidate,569,True
1441,43.23748800000088,43.26748800000088,"[430, 322, 466, 334]",16.245833467692137,197,25,42.5,1.0,8,0.8241399549178618,0.6314945962565433,0.8415841584158416,0.21065989847715735,0.98985667939715,1.7834008097165992,0.00909090909090909,912,False,6,2,0.0,0.0,0.0,0.0,0.0,0.0,0,0.0,0.0,0.34196617591384004,0.34,True,joint_candidate,569,True
1442,43.26748800000088,43.29748800000088,"[419, 325, 451, 337]",15.125000149011612,196,21,36.0,1.0,8,0.8005374980733932,0.7126096406869612,0.8181818181818182,0.1836734693877551,0.988187765313865,2.1640625,0.012857142857142857,873,False,3,2,0.0,0.0,0.0,0.0,0.0,0.0,0,0.0,0.0,0.3470526955250621,0.34,True,joint_candidate,569,True
1563,46.89748800000102,46.92748800000102,"[747, 332, 770, 342]",12.1561772339046,109,32,39.0,1.0,8,0.8141079627076062,0.6711283209197,0.8297872340425532,0.26605504587155965,0.9944286914715238,3.6404958677685952,0.010169491525423728,930,False,6,2,0.0,0.0,0.0,0.0,0.0,0.0,0,0.0,0.0,0.34490163695023685,0.34,True,joint_candidate,598,True
1564,46.92748800000102,46.95748800000102,"[754, 333, 778, 343]",11.791680622845888,106,32,40.5,1.0,8,0.8192172146821529,0.6618281717527744,0.8350515463917526,0.2783018867924528,0.9906345431261346,3.9628099173553717,0.01864406779661017,1058,False,0,0,0.0,0.0,0.0,0.0,0.0,0.0,0,0.0,0.0,0.345039390167562,0.34,True,joint_candidate,598,True
1565,46.95748800000102,46.98748800000102,"[762, 334, 786, 344]",13.778218481689692,110,39,46.0,1.0,8,0.8364568015394461,0.6606874726434099,0.8518518518518519,0.3181818181818182,0.9895519500262583,3.873015873015873,0.020338983050847456,1097,False,2,1,0.0,0.0,0.0,0.0,0.0,0.0,0,0.0,0.0,0.3500401613583453,0.34,True,joint_candidate,598,True
1566,46.98748800000102,47.01748800000102,"[770, 335, 795, 346]",13.869234327226877,104,37,45.0,1.0,8,0.8347042904718984,0.6138498140448513,0.8490566037735849,0.35096153846153844,0.9931094529692079,3.7934782608695654,0.013114754098360656,1145,False,5,1,0.0,0.0,0.0,0.0,0.0,0.0,0,0.0,0.0,0.3424887592482972,0.34,True,joint_candidate,598,True
1567,47.01748800000102,47.047488000001024,"[778, 337, 803, 347]",13.43636018782854,102,39,48.5,1.0,8,0.8437705798072604,0.6809084840390547,0.8584070796460177,0.37745098039215685,0.9848944781728822,4.304545454545455,0.032758620689655175,1119,False,4,1,0.0,0.0,0.0,0.0,0.0,0.0,0,0.0,0.0,0.3552674465480363,0.34,True,joint_candidate,598,True
1568,47.047488000001024,47.077488000001026,"[787, 338, 812, 349]",15.116511341184378,117,46,53.0,1.0,8,0.8527261069999275,0.609449400220044,0.8688524590163934,0.32905982905982906,0.9818250007212301,3.5174603174603174,0.03225806451612903,1249,False,4,1,0.0,0.0,0.0,0.0,0.0,0.0,0,0.0,0.0,0.34723524213298484,0.34,True,joint_candidate,598,True
1569,47.077488000001026,47.10748800000103,"[795, 340, 820, 350]",16.060748282819986,114,44,51.5,1.0,8,0.8508276843401259,0.7025001733142089,0.865546218487395,0.35964912280701755,0.9898765718077863,4.744588744588745,0.02413793103448276,1269,True,10,3,0.012854508269101353,0.6979793111570262,-39.36927371376351,0.1506118597825551,0.12227952606659144,440.6758542339732,1,-35.01074208019149,-43.72780534733553,0.3676933108471748,0.34,True,joint_candidate,598,True
1570,47.10748800000103,47.13748800000103,"[804, 341, 827, 352]",16.02832482382655,124,42,51.5,1.0,8,0.8495052433850947,0.6905961749988752,0.865546218487395,0.3346774193548387,0.9806815495288594,3.8230769230769233,0.03728813559322034,1145,False,2,1,0.0,0.0,0.0,0.0,0.0,0.0,0,0.0,0.0,0.35844099926535966,0.34,True,joint_candidate,598,True
1571,47.13748800000103,47.16748800000103,"[811, 343, 836, 353]",13.612937834113836,103,39,45.5,1.0,8,0.8354292828440393,0.6842381297339533,0.8504672897196262,0.33980582524271846,0.9880304678998911,4.009090909090909,0.02413793103448276,1000,False,1,1,0.0,0.0,0.0,0.0,0.0,0.0,0,0.0,0.0,0.35326450431330475,0.34,True,joint_candidate,598,True
1572,47.16748800000103,47.19748800000103,"[820, 346, 844, 354]",9.298412803560495,90,28,33.5,1.0,8,0.7901068574998478,0.7071067811865476,0.8072289156626506,0.25555555555555554,0.9735090055364778,2.8444444444444446,0.038181818181818185,610,False,0,0,0.0,0.0,0.0,0.0,0.0,0.0,0,0.0,0.0,0.34309807442793644,0.34,True,joint_candidate,602,True
1573,47.19748800000103,47.22748800000103,"[830, 347, 853, 356]",11.064939301460981,97,32,38.0,1.0,8,0.8105180421698145,0.7786205751198718,0.8260869565217391,0.28350515463917525,0.990487514863258,3.4875,0.016666666666666666,632,False,0,0,0.0,0.0,0.0,0.0,0.0,0.0,0,0.0,0.0,0.3599484989189251,0.34,True,joint_candidate,602,True
1578,47.347488000001036,47.37748800000104,"[871, 356, 894, 364]",8.13015877828002,80,24,27.5,1.0,8,0.7592414105830145,0.7669649888473704,0.7746478873239436,0.26875,0.9836296201560303,3.801470588235294,0.03137254901960784,632,False,0,0,0.0,0.0,0.0,0.0,0.0,0.0,0,0.0,0.0,0.3428171715020099,0.34,True,joint_candidate,602,True
1602,48.06748800000106,48.097488000001064,"[924, 339, 950, 356]",15.703651942312717,166,30,45.0,1.0,8,0.8316130561181589,0.6073622386096199,0.8490566037735849,0.21686746987951808,0.9901439395494961,4.682222222222222,0.02318840579710145,2234,True,18,4,0.0002871474609175667,0.280702793377141,35.8319755995564,0.0122119896344135,0.08376677951390632,470.8608960757713,-1,28.79023210637442,-42.873719092738405,0.34074618373039534,0.34,True,joint_candidate,608,True
1603,48.097488000001064,48.127488000001065,"[919, 337, 943, 353]",26.002764970064163,192,69,92.5,1.0,8,0.9054755138970725,0.6666666666666666,0.9203980099502488,0.3776041666666667,0.9933648124418544,6.185185185185185,0.020588235294117647,2809,True,47,6,2.0744591537014003e-05,0.3758444062178355,-31.38009880991088,0.012887876779715035,0.004282677993730855,1344.6052171168683,-1,-41.8827131848716,20.877484434950148,0.3716540636944671,0.34,True,joint_candidate,608,True
1604,48.127488000001065,48.15748800000107,"[911, 334, 936, 351]",19.492234379053116,176,51,59.5,1.0,8,0.8636995883626211,0.6253887679764573,0.8814814814814815,0.25,0.9855007807271917,5.16,0.03768115942028986,2471,True,23,5,0.1531845963286386,0.9558319997545591,-131.6746650311745,0.2434079291543897,0.6584136243443887,1028.3473876145465,1,-6.6321048492080035,-256.717225213141,0.43716971968600615,0.34,True,joint_candidate,608,True
1612,48.367488000001075,48.397488000001076,"[804, 317, 838, 334]",19.64821445941925,255,30,46.5,1.0,8,0.8346043563324601,0.6579796210095241,0.8532110091743119,0.17058823529411765,0.9890478714008125,3.8234295415959254,0.021052631578947368,2424,True,5,3,0.05159946163669296,0.7713255809297066,92.86619435838077,0.19906550534738643,0.3360558228032059,742.8028552242531,-1,2.73199396440351,-183.00039475235803,0.3774579539513478,0.34,True,joint_candidate,608,True
1613,48.397488000001076,48.42748800000108,"[789, 315, 823, 334]",23.235119242221117,293,38,58.0,1.0,8,0.8597537018492911,0.6662877711165004,0.8787878787878788,0.1825938566552901,0.9875002959210246,4.892424242424243,0.03076923076923077,3488,True,16,7,0.0007846781168638579,0.4121032234107783,-21.65269517522661,0.012962426333468002,0.1468923667696907,1120.0932693089167,-1,-2.068228464471884,41.237161885981344,0.3583008491865375,0.34,True,joint_candidate,608,True
1614,48.42748800000108,48.45748800000108,"[772, 314, 808, 333]",22.830357398837805,308,42,56.5,1.0,8,0.855150817081551,0.67700320038633,0.875968992248062,0.16071428571428573,0.9715660086552541,4.739583333333333,0.06835443037974684,3481,True,24,5,0.011169574649273211,0.7966060692394095,52.29573863018016,0.10548455904858867,0.13292422359577638,767.7347175089284,-1,88.82452282530902,-15.7669544350513,0.36423899123951503,0.34,True,joint_candidate,608,True
1615,48.45748800000108,48.48748800000108,"[755, 314, 791, 333]",27.536309864372015,334,62,79.5,1.0,8,0.8877676819366671,0.6586093180074465,0.9085714285714286,0.19760479041916168,0.9710459331250725,4.264935064935065,0.06265060240963856,3502,True,30,6,0.05439649130211075,0.9652616355726369,50.06943623157908,0.21396533898952097,0.2633797711858281,611.592613764215,1,50.34104843247138,49.7978240306868,0.39503977249827804,0.34,True,joint_candidate,608,True
1616,48.48748800000108,48.51748800000108,"[742, 315, 774, 333]",28.207738358527422,331,66,83.0,1.0,8,0.8913264210925833,0.6808710848418146,0.9120879120879121,0.21450151057401812,0.968122646417919,3.9635854341736696,0.06419753086419754,3028,True,36,11,0.02428222134103882,0.9552757974687116,39.09269775669642,0.09934132794398365,0.255876073473283,731.7738548720598,-1,18.96386654318595,-59.22152897020684,0.38288381079161854,0.34,True,joint_candidate,608,True
1617,48.51748800000108,48.54748800000108,"[722, 316, 757, 332]",23.97916692867875,311,41,62.5,1.0,8,0.8654270260788839,0.7152014806295753,0.8865248226950354,0.18006430868167203,0.9663101900592896,2.6529605263157894,0.045454545454545456,1762,True,30,7,0.02575850291660966,0.9122524457641968,39.166000538332945,0.12146742180484604,0.2324586805223762,600.8426179250605,-1,38.801206393652045,-39.53079468301384,0.38107550652223676,0.34,True,joint_candidate,608,True
1618,48.54748800000108,48.57748800000108,"[702, 317, 737, 333]",23.925000343471766,322,36,57.5,1.0,8,0.8586949059052991,0.7049209744694178,0.8778625954198473,0.16304347826086957,0.9906995435887134,2.140432098765432,0.01,1424,True,17,6,0.23867995577032441,0.9835570605159009,35.1957322442955,0.26709877830520334,0.9085409082538318,381.77901961901097,1,34.287251580968444,36.104212907622546,0.4946205936156808,0.34,True,joint_candidate,608,True
1619,48.57748800000108,48.607488000001084,"[678, 318, 717, 334]",26.230754263699055,339,47,70.0,1.0,8,0.8781526480330129,0.7134486730024866,0.8974358974358975,0.17551622418879056,0.9910663085141703,2.201201201201201,0.009876543209876543,1535,True,21,7,0.07025696913687912,0.9167484907526584,26.514655817069468,0.12477900650206064,0.6141828473188526,550.0611760310678,1,35.54954096742148,17.479770666717453,0.4091044283855603,0.34,True,joint_candidate,608,True
1620,48.607488000001084,48.637488000001085,"[664, 319, 698, 336]",30.660119377076626,351,73,94.0,1.0,8,0.9029484259719218,0.7163503994113789,0.9215686274509803,0.2150997150997151,0.9940595091278597,2.865497076023392,0.00853658536585366,1993,True,52,11,0.04141737920291544,0.9359936770392465,34.02443353689342,0.08523253975019829,0.519163641075359,769.3163077165635,1,7.168148857739439,60.88071821604739,0.40111664626488686,0.34,True,joint_candidate,608,True
1621,48.637488000001085,48.667488000001086,"[643, 320, 680, 336]",27.102381318807602,331,52,79.5,1.0,8,0.888881476864284,0.7065733169226168,0.9085714285714286,0.19637462235649547,0.9838689565611437,2.3996983408748114,0.01951219512195122,1659,True,36,7,0.1047445395275275,0.9773454879756676,41.31266091437189,0.20604212163706237,0.5201483993048981,592.9906940860935,1,26.857011785664042,55.768310043079744,0.43025993733781787,0.34,True,joint_candidate,608,True
1622,48.667488000001086,48.69748800000109,"[622, 323, 658, 338]",27.51696464046836,321,59,79.5,1.0,8,0.8902160400798868,0.6870653706376212,0.9085714285714286,0.2102803738317757,0.9953126480953324,2.051470588235294,0.004819277108433735,1416,True,36,8,0.008430549073085712,0.6045589741145763,19.33768984294958,0.026876973131683357,0.5188440387724947,769.0647853719541,1,34.76976277003543,3.9056169158637255,0.37476141960980636,0.34,True,joint_candidate,608,True
1623,48.69748800000109,48.72748800000109,"[602, 324, 638, 340]",25.972024120390415,282,58,77.0,1.0,8,0.8876344258869707,0.6360747634787728,0.9058823529411765,0.22872340425531915,0.9912115347030899,1.8880918220946916,0.008333333333333333,1345,True,25,5,0.014615650603961161,0.99348885335974,33.886028909635606,0.3992133145359681,0.03685107285885503,309.87105837381034,1,24.044507142487735,43.72755067678347,0.36974015012008576,0.34,True,joint_candidate,608,True
1624,48.72748800000109,48.75748800000109,"[582, 327, 617, 341]",25.115773987025023,278,54,81.5,1.0,8,0.8930200857879915,0.6239837676549918,0.9106145251396648,0.24280575539568344,0.9960079840319362,1.7647058823529411,0.0035294117647058825,1274,True,29,4,0.13951446940414222,0.9675875865278575,-135.4706189957443,0.3524943735542858,0.4090503555137084,455.8607218364111,-1,-168.55522314530066,102.38601484618795,0.4382365490569244,0.34,True,joint_candidate,608,True
1625,48.75748800000109,48.78748800000109,"[562, 329, 596, 344]",25.31845259666443,275,53,80.0,1.0,8,0.8908248934591694,0.6686960980480711,0.9090909090909091,0.24545454545454545,0.9874739039665971,1.934959349593496,0.012195121951219513,1219,True,35,7,0.046888404576797146,0.8630362467203366,-44.86239240968021,0.09358465839249486,0.5805394808685413,609.5775588426435,1,-36.86358783109833,-52.86119698826209,0.3933405052621999,0.34,True,joint_candidate,608,True
1626,48.78748800000109,48.81748800000109,"[541, 332, 575, 346]",24.850000217556953,285,53,81.0,1.0,8,0.8919946922686086,0.7238073354308655,0.9101123595505618,0.23684210526315788,0.9915577390348154,2.172794117647059,0.009210526315789473,1214,True,40,6,0.11949655057013568,0.9585232746939547,-50.47406774867308,0.20106592574082183,0.6200321774153781,505.88294586358955,1,-68.78474665063666,-32.16338884670952,0.44189261080878706,0.34,True,joint_candidate,608,True
1627,48.81748800000109,48.84748800000109,"[518, 334, 552, 349]",21.512500278651714,281,29,61.0,1.0,8,0.8650136010111065,0.6686668711812965,0.8840579710144928,0.18683274021352314,0.9876202211871449,1.876602564102564,0.011688311688311689,1193,True,31,6,0.14817075961400195,0.9515978845662522,-65.45900576068362,0.1897534487317215,0.8205770408844261,587.4792911502933,1,-84.72315112337768,-46.19486039798956,0.44129802876822755,0.34,True,joint_candidate,608,True
1628,48.84748800000109,48.877488000001094,"[496, 337, 529, 352]",21.758333511650562,278,37,62.5,1.0,8,0.8678163613418226,0.6947221666888778,0.8865248226950354,0.19424460431654678,0.9902102002574922,2.0850694444444446,0.010256410256410256,1223,True,40,7,0.018647099979359424,0.7800196530562838,-27.480344306279893,0.06465692372827958,0.36973512993244223,528.4772050596137,-1,-49.516557865091016,5.444130747468781,0.3748091383945261,0.34,True,joint_candidate,608,True
1629,48.877488000001094,48.907488000001095,"[473, 340, 508, 355]",22.450000192970037,277,35,65.5,1.0,8,0.8726475124327266,0.7033085077992851,0.891156462585034,0.20938628158844766,0.989755082439571,2.017857142857143,0.01038961038961039,1167,True,41,7,0.0031322543780399298,0.4974216170958613,-14.08016818335132,0.019773452532629077,0.3184563141430487,508.3287749996601,1,-0.9158401584194776,-27.244496208283163,0.3690132698076327,0.34,True,joint_candidate,608,True
1630,48.907488000001095,48.937488000001096,"[451, 344, 484, 358]",19.483333561569452,267,26,49.0,1.0,8,0.8410920143672145,0.6904967156226844,0.8596491228070176,0.1647940074906367,0.9927823890292312,1.792857142857143,0.006493506493506494,1031,True,25,5,0.04202126692578487,0.9880138528653392,-104.49212954324105,0.3524609040449732,0.12066884543791,574.4880658385417,1,-175.5441580865907,-33.44010099989133,0.3790138084627487,0.34,True,joint_candidate,608,True
1631,48.937488000001096,48.9674880000011,"[429, 347, 463, 361]",17.175000187009573,242,24,42.5,1.0,8,0.8230133990872429,0.7237468644557459,0.8415841584158416,0.16115702479338842,0.9888117984670711,1.948051948051948,0.010958904109589041,950,True,17,4,0.05176891610814349,0.8254056913025007,-75.68234633117831,0.16071872190232694,0.39024301924488775,539.6296822094747,-1,-146.85861432214017,4.506078340216408,0.38393895325401367,0.34,True,joint_candidate,608,True
1632,48.9674880000011,48.9974880000011,"[406, 351, 439, 365]",16.137500159442425,240,20,37.0,1.0,8,0.8022759583574011,0.7302967433402214,0.8222222222222222,0.14375,0.9708487861758467,1.9044444444444444,0.028169014084507043,916,True,21,4,0.07298494283032532,0.9790156746151356,-157.00291251527202,0.39701333467885624,0.18777532967446156,355.8449676944983,-1,-195.379845314615,118.62597971592905,0.3903690175649325,0.34,True,joint_candidate,608,True
1633,48.9974880000011,49.0274880000011,"[384, 355, 416, 369]",15.758928667753935,224,25,36.0,1.0,8,0.7993774349187377,0.7302967433402214,0.8181818181818182,0.15401785714285715,0.9812680115273776,1.9642857142857142,0.018571428571428572,889,True,18,5,0.0004568057845149961,0.7919017696334258,-36.53423539677029,0.10343491009552186,0.005576903631232481,328.94343459571076,-1,-41.89734438736305,31.17112640617755,0.34960898515813776,0.34,True,joint_candidate,608,True
1634,49.0274880000011,49.0574880000011,"[360, 358, 394, 372]",14.300000112503767,218,18,29.5,1.0,8,0.7677238808990801,0.6847022742046905,0.7866666666666666,0.1353211009174312,0.9748274462038166,1.6344086021505377,0.020833333333333332,811,True,19,5,0.03491331817671528,0.7665240175115248,51.53122820283472,0.09318353654914235,0.48879434203973626,419.9361372857804,-1,10.018784965052372,-93.04367144061706,0.352224830397621,0.34,True,joint_candidate,608,True
1637,49.1174880000011,49.147488000001104,"[293, 370, 327, 383]",15.39880969747901,218,16,34.5,1.0,8,0.7929237212911117,0.7087341867480628,0.8117647058823529,0.1559633027522936,0.9784554796220608,1.9400921658986174,0.02112676056338028,886,True,14,4,0.058050667609397893,0.8150760283887656,125.02207911737057,0.15387813320712995,0.462841389931037,387.8231649735855,1,233.70914403573784,16.335014199003258,0.3761151115847117,0.34,True,joint_candidate,608,True
1639,49.177488000001105,49.207488000001106,"[246, 379, 280, 392]",16.130357272922993,207,31,43.0,1.0,8,0.8233974108347603,0.7132214687764055,0.8431372549019608,0.18357487922705315,0.9693571075542715,3.2133995037220844,0.05,1413,True,15,4,0.0006600366918290191,0.26888071135944297,19.55152796650216,0.011170295977249944,0.2197575222315003,606.6014826067676,1,18.14409756711797,20.95895836588636,0.35436546374739486,0.34,True,joint_candidate,608,True
1653,49.59748800000112,49.62748800000112,"[392, 462, 481, 539]",51.31746159493923,910,103,106.0,1.0,8,0.8781380779966395,0.34802191573344843,0.9298245614035088,0.05879120879120879,0.6717038156403475,0.4481012658227848,0.088,3484,True,31,9,0.3221745004712895,0.9999973705914226,-239.6071163055568,0.5146024903367767,0.6260664370105697,2293.7917841820754,1,-275.8971061275611,-203.31712648355247,0.49284068601821834,0.34,True,joint_candidate,663,True
1731,51.93748800000121,51.96748800000121,"[747, 327, 771, 335]",10.406250063329935,109,14,38.0,1.0,8,0.8112784865486394,0.7038853212381584,0.8260869565217391,0.2981651376146789,0.9961303939962478,2.668181818181818,0.005172413793103448,619,False,1,1,0.0,0.0,0.0,0.0,0.0,0.0,0,0.0,0.0,0.3489663441503156,0.34,True,joint_candidate,701,True
1732,51.96748800000121,51.99748800000121,"[757, 327, 783, 336]",13.084325432777405,127,26,45.5,1.0,8,0.8350533486034707,0.7430840551670304,0.8504672897196262,0.3110236220472441,0.9908455687245711,3.3173913043478263,0.015254237288135594,837,True,4,3,0.4163872858807911,0.9982464145357046,-105.10742488338592,0.7742499404253215,0.5387391299115479,273.82777748316727,-1,-125.96485868432553,84.24999108244629,0.5909916200905309,0.34,True,joint_candidate,701,True
1733,51.99748800000121,52.02748800000121,"[769, 326, 796, 336]",11.331250049173832,122,19,37.5,1.0,8,0.8075363380341822,0.7129749878735813,0.8241758241758241,0.27459016393442626,0.9790806496008808,2.995833333333333,0.03166666666666667,799,False,2,1,0.0,0.0,0.0,0.0,0.0,0.0,0,0.0,0.0,0.34920714959129184,0.34,True,joint_candidate,701,True
1734,52.02748800000121,52.057488000001214,"[782, 326, 809, 335]",14.865746848285198,138,27,49.5,1.0,8,0.845304022932541,0.7745966692414834,0.8608695652173913,0.31521739130434784,0.9902163047408384,3.4478260869565216,0.01694915254237288,870,False,2,2,0.0,0.0,0.0,0.0,0.0,0.0,0,0.0,0.0,0.3697807072659848,0.34,True,joint_candidate,701,True
1735,52.057488000001214,52.087488000001215,"[795, 326, 821, 335]",15.147023897618055,131,31,50.5,1.0,8,0.8481682419553743,0.7195738747792488,0.8632478632478633,0.33969465648854963,0.9902303400073369,3.3952569169960474,0.016666666666666666,938,False,0,0,0.0,0.0,0.0,0.0,0.0,0.0,0,0.0,0.0,0.3623865538034996,0.34,True,joint_candidate,701,True
1769,53.07748800000125,53.107488000001254,"[1128, 439, 1166, 454]",15.658333726227283,319,17,17.0,0.375,3,0.4042181094050429,0.6090404194781653,0.41641325627314024,0.03761755485893417,0.9464454740198277,1.0209302325581395,0.028089887640449437,879,True,210,21,0.31775910538657703,0.9999999967594664,-196.5851548806579,0.3599277890353131,0.8828412701001819,2880.3901529708246,1,-261.764494682372,-131.4058150789439,0.38738900370585505,0.34,True,joint_candidate,723,True
1770,53.107488000001254,53.137488000001255,"[1053, 412, 1138, 445]",34.59166771173477,789,29,29.0,1.0,8,0.762620648976771,0.4699836789236912,0.7837837837837838,0.0063371356147021544,0.9778531437747616,0.5652295632698768,0.006329113924050633,2031,True,26,6,0.48859516699360583,0.999628776309588,579.864747829188,0.49523615783150654,0.9869566361868167,4853.149271080242,1,911.829119233023,247.90037642535276,0.5680110883780681,0.34,True,joint_candidate,726,True
1773,53.19748800000126,53.22748800000126,"[771, 315, 854, 344]",26.77916743606329,584,27,30.5,0.875,7,0.7216376009316479,0.4274674379565553,0.7410425343935404,0.016267123287671232,0.9836717385945485,0.6311013767209012,0.005194805194805195,2036,True,222,18,0.33825076646375846,0.9999999798992296,-184.3437341732736,0.3770582228211036,0.8970783629438144,2785.9138054592336,1,-293.57048678968795,-75.11698155685926,0.46664931752804484,0.34,True,joint_candidate,733,True
1776,53.28748800000126,53.31748800000126,"[963, 253, 988, 267]",17.670880742371082,183,65,69.0,1.0,8,0.8774729917538118,0.6697233845138647,0.8961038961038961,0.20218579234972678,0.9913713585717843,4.477941176470588,0.019402985074626865,1899,True,35,5,0.012209055095792308,0.7099445848305442,-45.11212213297633,0.07423488564267178,0.23165920350973718,917.5013654734756,1,-32.51898696108044,-57.705257304872205,0.37041538550590897,0.34,True,joint_candidate,704,True
1777,53.31748800000126,53.34748800000126,"[951, 250, 976, 265]",15.261338893324137,178,48,52.5,1.0,8,0.8488918393852928,0.616718639528497,0.8677685950413223,0.15730337078651685,0.9929944314711694,4.064102564102564,0.014285714285714285,1955,True,20,3,0.02231335311493566,0.638785107399612,-30.812574357106076,0.11995250439286043,0.2912062797717381,127.00981234888222,-1,-19.408125855838726,42.21702285837344,0.35944769195807696,0.34,True,joint_candidate,704,True
1782,53.46748800000127,53.49748800000127,"[876, 238, 907, 254]",12.662500232458115,231,13,18.0,1.0,8,0.6746130753668441,0.67700320038633,0.6923076923076923,0.06926406926406926,0.9765494137353433,2.9265873015873014,0.034722222222222224,1617,True,8,3,0.06643056795601238,0.8005181674688846,37.98573909461415,0.222846338568095,0.37238422075342537,433.9320588950361,-1,47.90623503907532,-28.06524315015298,0.3404712150438095,0.34,True,joint_candidate,704,True
1784,53.52748800000127,53.55748800000127,"[839, 235, 872, 251]",16.01309549435973,271,18,26.0,1.0,8,0.745698181028957,0.6968953166991984,0.7647058823529411,0.08671586715867159,0.9792858372227229,2.802867383512545,0.029333333333333333,1671,True,25,4,0.04393924231600792,0.7271885483625702,51.122397350780716,0.10805292342183559,0.5592023801297654,748.1180799785418,-1,29.128189792903978,-73.11660490865746,0.3524103350873712,0.34,True,joint_candidate,704,True
1785,53.55748800000127,53.58748800000127,"[821, 233, 854, 249]",20.058333549648523,289,27,40.5,1.0,8,0.8153462341904936,0.7004727969157798,0.8350515463917526,0.13667820069204153,0.9794088342743273,2.7826825127334467,0.02894736842105263,1748,True,23,3,0.07005785387946277,0.7184650843933256,-63.24822589072436,0.16279891383594192,0.5989625358562501,723.383732546929,1,-20.086042776895734,-106.41040900455299,0.38820660942821955,0.34,True,joint_candidate,704,True
1786,53.58748800000127,53.61748800000127,"[800, 232, 834, 248]",21.037500236183405,309,30,48.0,1.0,8,0.8373387211716087,0.7324331596352894,0.8571428571428571,0.13915857605177995,0.9838137583054404,2.9027777777777777,0.02368421052631579,1788,True,32,5,0.0834175696503193,0.9360459722293966,56.26310523545997,0.2105136557110029,0.42333100795762413,583.3741085299979,-1,8.983418542396754,-103.54279192852319,0.40694625360445164,0.34,True,joint_candidate,704,True
1787,53.61748800000127,53.647488000001275,"[779, 230, 813, 247]",26.712500274181366,330,56,75.0,1.0,8,0.8834855983791442,0.7237468644557459,0.9036144578313253,0.19545454545454546,0.9779331409196625,2.8365079365079366,0.03164556962025317,1878,True,29,8,0.14133206313146565,0.9905099411591464,67.91454091930684,0.22411266157872434,0.6366715838856839,767.6029464955808,-1,37.53915408698875,-98.28992775162493,0.45134034390441125,0.34,True,joint_candidate,704,True
1788,53.647488000001275,53.677488000001276,"[757, 229, 793, 246]",28.337500263005495,354,51,81.0,1.0,8,0.8902376010754925,0.7501987018182962,0.9101123595505618,0.19915254237288135,0.9814637712784581,2.8060413354531,0.02625,1842,True,36,8,0.02261118314689402,0.8319306571824261,-25.878645903542107,0.06917158314592553,0.3929238977217634,583.0294504301911,1,-9.868994549008978,-41.88829725807524,0.39203723632618387,0.34,True,joint_candidate,704,True
1789,53.677488000001276,53.70748800000128,"[734, 228, 770, 244]",29.070833653211594,374,50,84.0,1.0,8,0.8930424114661071,0.7293872016291667,0.9130434782608695,0.19117647058823528,0.9827987601750495,2.3897581792318636,0.020731707317073172,1736,True,46,7,0.1391274407015541,0.9763552767611156,44.504433025499694,0.203418905934186,0.7005088142939405,606.7939226917933,-1,31.041852393241946,-57.96701365775745,0.4538408960700619,0.34,True,joint_candidate,704,True
1790,53.70748800000128,53.73748800000128,"[710, 227, 748, 244]",33.60813522711396,389,69,95.5,1.0,8,0.9034406412284289,0.7066527799961249,0.9227053140096618,0.2095115681233933,0.9886123900226517,2.233632862644416,0.012790697674418604,1782,True,51,11,0.006016411523905411,0.8403962839710175,25.495628099816734,0.05007175994684365,0.1429751479365107,748.089875790175,-1,27.428879779831195,-23.562376419802277,0.3803391357060954,0.34,True,joint_candidate,704,True
1791,53.73748800000128,53.76748800000128,"[682, 227, 726, 243]",40.299008175730705,395,100,138.5,1.0,8,0.927805730245973,0.7266875988415933,0.9453924914675768,0.28860759493670884,0.9916739945903226,2.4745989304812834,0.010344827586206896,1912,True,62,10,0.019493896772725977,0.8697979112300874,31.44236637728248,0.06421285265366794,0.34902644816861356,875.4641149960089,-1,20.927229646209724,-41.957503108355226,0.3980665021250302,0.34,True,joint_candidate,750,True
1792,53.76748800000128,53.79748800000128,"[667, 226, 701, 244]",60.62023827061057,438,179,217.0,1.0,8,0.9501849452778584,0.7221001117771493,0.9644444444444444,0.4200913242009132,0.9970829281844702,3.111904761904762,0.004545454545454545,2635,True,97,10,5.812202687822785e-07,0.3473409147545418,8.799138681331666,0.005853566238716135,0.0002858671619508107,647.9265402612278,-1,14.237039516539015,-3.361237846124322,0.3933708200210777,0.34,True,joint_candidate,750,True
1793,53.79748800000128,53.82748800000128,"[640, 226, 679, 242]",40.950992342084646,400,108,143.5,1.0,8,0.9296128699108523,0.7188851546895894,0.9471947194719472,0.2975,0.9898260972435821,2.4728682170542635,0.01264367816091954,1971,True,65,11,0.03448168649100478,0.9022758104917661,-27.880993835348264,0.068740221850084,0.5559532266593994,653.8265765346367,1,-30.699406064724617,-25.062581605971918,0.40568156174674674,0.34,True,joint_candidate,704,True
1794,53.82748800000128,53.85748800000128,"[615, 226, 653, 242]",42.09702405333519,416,102,147.0,1.0,8,0.9309795335005986,0.7247430753394787,0.9483870967741935,0.296875,0.9920931254118163,2.29040404040404,0.00909090909090909,1835,True,83,13,0.03986890141270014,0.9315682632878153,19.776089498674754,0.06890537725817225,0.6211070652242975,519.2238030720783,1,5.1463049567275805,34.40587404062193,0.40993321712808645,0.34,True,joint_candidate,751,True
1795,53.85748800000128,53.887488000001284,"[592, 227, 628, 243]",44.77678594738245,412,111,154.5,1.0,8,0.9334905938597396,0.7564537145273478,0.9507692307692308,0.3288834951456311,0.9858077741859183,2.498611111111111,0.017857142857142856,1821,True,90,9,0.02684247071604002,0.8606282607350731,-28.142586678060322,0.06911437136060516,0.45127214026461965,553.4377737534074,1,-38.5386573269373,-17.746516029183354,0.4082785942308461,0.34,True,joint_candidate,752,True
1796,53.887488000001284,53.917488000001285,"[565, 227, 603, 243]",43.763690780848265,442,92,136.5,1.0,8,0.9268377372513043,0.7738966269211228,0.9446366782006921,0.27601809954751133,0.9924375754128977,2.4796747967479673,0.009411764705882352,1862,True,94,10,3.67363409488187e-05,0.292027678190269,6.164843434511721,0.004058273073264895,0.030997781669559646,540.1709548822015,-1,4.142134790529033,-8.18755207849441,0.39415602020108154,0.34,True,joint_candidate,753,True
1797,53.917488000001285,53.947488000001286,"[541, 228, 577, 244]",36.45714306086302,404,70,108.0,1.0,8,0.9128186980800456,0.749073501808141,0.9310344827586207,0.24504950495049505,0.992953611274222,2.3569444444444443,0.008333333333333333,1719,True,74,10,0.0971416730426854,0.9980931998459379,-61.939316839191996,0.243622429551839,0.3995003943181259,626.7856321652494,-1,-52.665051592838836,71.21358208554518,0.4396345548687118,0.34,True,joint_candidate,755,True
1798,53.947488000001286,53.97748800000129,"[506, 228, 552, 244]",35.5761907286942,420,65,107.0,1.0,8,0.9111889248729501,0.7174300539794393,0.9304347826086956,0.2130952380952381,0.9896750683267538,2.1176470588235294,0.01098901098901099,1755,True,59,8,0.002580945768183861,0.5757888531931256,-16.899045477204663,0.023805715960818152,0.18829308828172692,719.7849436334699,-1,-22.064459100499892,11.733631853909435,0.38239070573130207,0.34,True,joint_candidate,756,True
1799,53.97748800000129,54.00748800000129,"[485, 229, 526, 246]",59.599305756390095,504,147,201.5,1.0,8,0.9459757464595645,0.732236445942127,0.9618138424821002,0.3501984126984127,0.9977447216890594,2.8574468085106384,0.0032258064516129032,2715,True,81,10,0.0010366786346917855,0.5489316983821915,20.54945480005435,0.01632599057147499,0.11567680813293117,904.1060864385109,1,4.5099381949056285,36.588971405203075,0.3941983640782689,0.34,True,joint_candidate,756,True
1800,54.00748800000129,54.03748800000129,"[461, 230, 503, 247]",58.198383931070566,509,133,188.5,1.0,8,0.9418541440158068,0.7631381675032568,0.9592875318066157,0.32220039292730845,0.9875055197455993,3.1464530892448512,0.01978021978021978,2818,True,90,13,0.10878364021830711,0.9926914105201535,45.4772112205852,0.1433380912147567,0.7645179852010882,744.7349660216099,1,15.219537398277188,75.73488504289321,0.45685797045029947,0.34,True,joint_candidate,756,True
1801,54.03748800000129,54.06748800000129,"[436, 231, 478, 248]",56.66210334375501,496,126,187.5,1.0,8,0.9422708516944042,0.7533297557005156,0.959079283887468,0.3326612903225806,0.9914358785083666,3.066361556064073,0.013186813186813187,2736,True,65,11,0.12705629500834129,0.9874352789696997,53.012770588230936,0.1493549472341522,0.8615250997053004,785.2485981611254,1,62.14767291064059,43.87786826582132,0.4655616811179863,0.34,True,joint_candidate,757,True
1802,54.06748800000129,54.09748800000129,"[412, 233, 454, 250]",58.80312079191208,521,123,185.0,1.0,8,0.9411935333175697,0.7806130444376387,0.9585492227979274,0.31094049904030713,0.9910486165220069,3.2128654970760233,0.014444444444444444,2808,True,74,10,0.052605768401634646,0.9623131778171579,34.34911350964444,0.11764366532820547,0.46467401671096537,668.8258501825802,1,34.28734112830578,34.41088589098308,0.4283831892818158,0.34,True,joint_candidate,758,True
1803,54.09748800000129,54.12748800000129,"[389, 234, 430, 251]",56.175840340554714,497,126,183.5,1.0,8,0.9406480476452496,0.7799507249916066,0.95822454308094,0.3148893360160966,0.9876382043874035,3.2888616891064872,0.020454545454545454,2766,True,74,12,0.021854912936739853,0.8675034897205893,28.38934952808431,0.051848309039873475,0.4858959209022032,758.0728521451091,1,5.501215621208546,51.277483434960075,0.4112072251575227,0.34,True,joint_candidate,758,True
1804,54.12748800000129,54.157488000001294,"[366, 236, 407, 253]",56.082152254879475,489,132,186.5,1.0,8,0.9413219109109093,0.7736479895600492,0.9588688946015425,0.31901840490797545,0.9870278608923392,3.307221542227662,0.02159090909090909,2764,True,69,13,0.024662381042314656,0.8342306387205594,22.45498771970041,0.040462078853224503,0.7306353409161878,835.7029592973112,1,11.155449854631138,33.75452558476968,0.4120080812805532,0.34,True,joint_candidate,758,True
1805,54.157488000001294,54.187488000001295,"[351, 238, 384, 255]",43.66605360805988,388,82,131.0,1.0,8,0.9241513124072597,0.8116302318646961,0.9424460431654677,0.30541237113402064,0.979165459622939,3.6247877758913414,0.038157894736842106,2267,True,46,9,0.0006182141490666406,0.3985625738888235,12.34252279864638,0.008904167026444476,0.17420039189403938,753.039008022364,-1,22.155195142287837,-2.529850455004944,0.399329946283869,0.34,True,joint_candidate,758,True
1806,54.187488000001295,54.217488000001296,"[328, 240, 363, 256]",24.199801817536354,329,26,51.5,1.0,8,0.8457174499947672,0.7436001455557875,0.865546218487395,0.1534954407294833,0.9821589205397302,2.2789915966386554,0.020512820512820513,1435,True,25,4,0.011600979163260191,0.5616952815691474,-38.00129933532552,0.05553226973283587,0.37191906949895903,553.3110098649986,1,-66.88323241877865,-9.1193662518724,0.3716357953715913,0.34,True,joint_candidate,758,True
1807,54.217488000001296,54.2474880000013,"[308, 242, 342, 257]",18.738095425069332,274,25,40.5,1.0,8,0.8162922006341379,0.7097016771772737,0.8350515463917526,0.14233576642335766,0.9895428857022027,2.0294117647058822,0.010666666666666666,1160,True,19,5,0.012508029129143583,0.9803775384953077,-99.7532879969017,0.3126453838426346,0.040807830877707466,421.165587233914,-1,-62.56699696684387,136.9395790269595,0.35822232778786134,0.34,True,joint_candidate,758,True
1808,54.2474880000013,54.2774880000013,"[289, 244, 320, 259]",18.91309540718794,258,23,43.5,0.875,7,0.7731200920596641,0.7212220811390765,0.790107263711973,0.16472868217054262,0.9936877203252862,2.163306451612903,0.00684931506849315,1115,True,13,3,0.003970428046953598,0.9836678009302877,-185.19278758661005,0.5851242119595028,0.006898279792188191,360.24649935809634,-1,-148.3922895435041,221.99328562971596,0.34230307521458514,0.34,True,joint_candidate,758,True
1809,54.2774880000013,54.3074880000013,"[271, 247, 302, 261]",15.48809538781643,225,20,32.5,1.0,8,0.7845785860161543,0.7001400420140049,0.8024691358024691,0.14222222222222222,0.9913144125874787,1.9651416122004357,0.008571428571428572,973,False,3,1,0.0,0.0,0.0,0.0,0.0,0.0,0,0.0,0.0,0.340394582106947,0.34,True,joint_candidate,758,True
1856,55.68748800000135,55.71748800000135,"[378, 387, 401, 396]",9.86527793481946,105,31,37.5,1.0,8,0.8075636100917758,0.6756639246921762,0.8241758241758241,0.21904761904761905,0.9935506484402384,2.0956521739130434,0.006779661016949152,499,False,0,0,0.0,0.0,0.0,0.0,0.0,0.0,0,0.0,0.0,0.3436186717313591,0.34,True,joint_candidate,766,True
1886,56.587488000001386,56.61748800000139,"[429, 425, 456, 438]",16.25333496183157,156,37,55.5,1.0,8,0.8573765329355107,0.6546536707079771,0.8740157480314961,0.27884615384615385,0.9897266395511833,2.6016483516483517,0.013432835820895522,991,False,2,2,0.0,0.0,0.0,0.0,0.0,0.0,0,0.0,0.0,0.3554110104868498,0.34,True,joint_candidate,766,True
1887,56.61748800000139,56.64748800000139,"[418, 421, 447, 435]",16.606674019247293,165,38,60.0,1.0,8,0.8662104640264805,0.6374981889281722,0.8823529411764706,0.2727272727272727,0.998849183515546,2.5172413793103448,0.0014492753623188406,1079,True,11,4,0.07488371880754818,0.9680045114075327,-40.02401994864017,0.3538550645606169,0.21861734042383774,288.90639354540184,1,-18.02143971877852,-62.02660017850184,0.3966739128913215,0.34,True,joint_candidate,766,True
1888,56.64748800000139,56.67748800000139,"[409, 417, 436, 431]",22.168331786990166,174,57,77.5,1.0,8,0.8903135607903266,0.6679474875720741,0.9064327485380117,0.33045977011494254,0.9893761917733587,3.0743589743589745,0.016417910447761194,1276,True,12,3,0.08206275267896279,0.9835565818468468,153.4068094292291,0.584372787394219,0.14277650536079875,538.3448446072075,-1,177.01527541308982,-129.79834344536832,0.4124207053463386,0.34,True,joint_candidate,766,True
1889,56.67748800000139,56.70748800000139,"[399, 413, 424, 427]",24.165930174291134,205,69,96.0,1.0,8,0.9062186568014633,0.7158910531638176,0.9230769230769231,0.3195121951219512,0.9872742401253,3.03,0.019402985074626865,1268,True,17,4,0.19778652982247302,0.9184006744031801,107.89094020530834,0.25037427074081786,0.8601512394773569,835.972751066942,1,71.57059077477548,144.21128963584118,0.48803184641737185,0.34,True,joint_candidate,766,True
1890,56.70748800000139,56.73748800000139,"[387, 409, 414, 424]",28.772440996021032,218,83,103.0,1.0,8,0.9115853496734311,0.6518828629873086,0.9279279279279279,0.3394495412844037,0.9888341777449312,2.7212475633528266,0.015277777777777777,1438,True,18,5,0.0034034249453364254,0.8027812264908156,-33.333888814662245,0.10825391634969805,0.039162945928704854,440.65999810993463,1,-14.377438726284772,-52.29033890303972,0.37312991807006063,0.34,True,joint_candidate,766,True
1891,56.73748800000139,56.76748800000139,"[378, 405, 404, 420]",30.840080324560404,213,95,109.5,1.0,8,0.9166019061852339,0.7297259759663212,0.9319148936170213,0.3685446009389671,0.993442891684767,3.63,0.011940298507462687,1522,True,28,7,0.12870274802660028,0.9686598946182345,-28.92856478887795,0.186034199420256,0.7142063566718154,343.0201512169574,-1,-11.2330143831898,46.624115194566095,0.45522597966514844,0.34,True,joint_candidate,766,True
1892,56.76748800000139,56.797488000001394,"[367, 402, 394, 417]",28.187381613999605,209,90,100.0,1.0,8,0.9098076106288611,0.6747871446847579,0.9259259259259259,0.3253588516746411,0.9944895423358818,3.10239651416122,0.008571428571428572,1468,True,25,7,0.13592598318626098,0.9866763117245757,-53.23305522312748,0.23818057775644097,0.5783908806566185,515.155566717285,-1,-33.510926349728614,72.95518409652634,0.44891964564381553,0.34,True,joint_candidate,766,True
1893,56.797488000001394,56.827488000001395,"[357, 399, 383, 415]",28.762583520263433,219,96,110.0,1.0,8,0.9159676188103507,0.6591841999955775,0.9322033898305084,0.3264840182648402,0.9941143497757847,2.8234126984126986,0.008333333333333333,1450,True,17,4,0.0035374436537675045,0.5921473239394442,-20.587084467630508,0.06307563946369721,0.09471049313271192,482.4896973873819,1,-26.422949851684233,-14.751219083576778,0.37561350965201395,0.34,True,joint_candidate,766,True
1894,56.827488000001395,56.857488000001396,"[346, 398, 373, 413]",27.659539606422186,206,96,102.5,1.0,8,0.9113422208235393,0.657854930241993,0.9276018099547512,0.3300970873786408,0.9920563896207385,2.8256302521008405,0.011267605633802818,1376,True,20,5,0.0648655527009404,0.9062912757050273,-41.60832493518795,0.17595918292944912,0.40675639250673895,563.8141495849659,-1,-2.8568742631625454,80.35977560721336,0.40775695976887794,0.34,True,joint_candidate,766,True
1895,56.857488000001396,56.8874880000014,"[336, 397, 362, 412]",27.102113369852304,193,93,100.5,1.0,8,0.9099849367955376,0.660796174103942,0.9262672811059908,0.3549222797927461,0.9852469959946595,2.925339366515837,0.021739130434782608,1336,True,20,4,0.01877239325704482,0.6549648051153775,-22.28400036757851,0.08129789060074033,0.3525513667510651,462.38618202549605,1,-30.403713241826292,-14.164287493330736,0.38243972344562727,0.34,True,joint_candidate,766,True
1896,56.8874880000014,56.9174880000014,"[326, 398, 352, 413]",27.355640422552824,184,91,96.0,1.0,8,0.9076249959494422,0.6270266287506402,0.9230769230769231,0.3695652173913043,0.9900560938296787,2.858974358974359,0.014285714285714285,1380,True,28,7,0.03992488836373852,0.9059653647338286,44.102720504386326,0.1171137267015453,0.3762914189495363,815.3429836031379,1,13.920932567061769,74.28450844171088,0.38830018169748487,0.34,True,joint_candidate,766,True
1897,56.9174880000014,56.9474880000014,"[316, 398, 342, 414]",27.711054366081953,199,102,108.0,1.0,8,0.9151108892289654,0.6520841013348472,0.9310344827586207,0.3492462311557789,0.9915192809510003,3.019230769230769,0.012857142857142857,1454,True,31,8,0.009683293609927464,0.8314724210466127,-28.305181533584296,0.06902804511062532,0.16871343875916006,679.0861314222707,-1,-11.861339868514516,44.749023198654086,0.3776716934543768,0.34,True,joint_candidate,766,True
1898,56.9474880000014,56.9774880000014,"[307, 400, 333, 417]",30.554895993322134,206,116,123.5,1.0,8,0.9234352575929614,0.6457585063961573,0.9391634980988594,0.3640776699029126,0.9913726859937129,3.251012145748988,0.014084507042253521,1659,True,41,10,6.240027039618724e-06,0.39500019011578164,-7.5888822998579375,0.007723355772883855,0.0020454229573604846,600.1905063944848,-1,-11.946225753931552,3.2315388457843257,0.3738977852521838,0.34,True,joint_candidate,766,True
1899,56.9774880000014,57.0074880000014,"[298, 403, 323, 420]",34.7976611815393,213,127,133.5,1.0,8,0.92867017323421,0.6400120191179105,0.9434628975265018,0.4014084507042254,0.9927475592747558,3.4346153846153844,0.0125,1848,True,29,8,0.0009178024966424109,0.4962424823643246,-11.4341580665496,0.016723499779358053,0.11059312381348019,669.2038577626503,-1,-7.244649921757949,15.623666211341252,0.3751076462111029,0.34,True,joint_candidate,766,True
1900,57.0074880000014,57.0374880000014,"[290, 407, 314, 424]",41.94149597361684,220,146,151.5,1.0,8,0.9373443879183657,0.6504436355879909,0.9498432601880877,0.48409090909090907,0.9973543627575681,4.194230769230769,0.005555555555555556,2237,True,45,9,3.9437880873528456e-08,0.6944755905018516,-20.351817584201576,0.033831978103591176,1.6785303337513785e-06,783.9092430812783,-1,-14.028378047591039,26.675257120812116,0.3787698834045428,0.34,True,joint_candidate,766,True
1901,57.0374880000014,57.067488000001404,"[282, 411, 306, 428]",42.52428309991956,225,151,155.5,1.0,8,0.937840130256824,0.6419407387663694,0.9510703363914373,0.46444444444444444,0.9947094561204615,4.131868131868132,0.010958904109589041,2293,True,49,9,0.022912305296605456,0.8242262414619498,28.431677346767458,0.0583158159163466,0.4766899476974894,851.5404755274757,1,8.292099074120527,48.57125561941438,0.3902449178051356,0.34,True,joint_candidate,766,True
1902,57.067488000001404,57.097488000001405,"[277, 415, 299, 432]",26.88766949623823,155,91,95.0,1.0,8,0.9087752371648707,0.5955594642979609,0.9223300970873787,0.42258064516129035,0.9973534158801104,3.329519450800915,0.004411764705882353,1493,True,19,7,0.01825694176189436,0.7381822326882379,-23.388990277529135,0.054405352801586204,0.4545930704834988,718.6003904467583,-1,-38.959751779442044,7.818228775616229,0.3720078087631972,0.34,True,joint_candidate,766,True
1903,57.097488000001405,57.12748800000141,"[269, 420, 292, 436]",15.306476902216673,145,49,56.5,1.0,8,0.8588201654583758,0.5638993315657954,0.875968992248062,0.2413793103448276,0.9937671710337475,2.317982456140351,0.007246376811594203,1080,False,0,0,0.0,0.0,0.0,0.0,0.0,0.0,0,0.0,0.0,0.3422309493723821,0.34,True,joint_candidate,766,True
1919,57.57748800000142,57.607488000001425,"[349, 451, 381, 466]",15.429563753306866,201,47,61.5,1.0,8,0.8620931482124531,0.6356741560367711,0.8848920863309353,0.14925373134328357,0.9540630126895906,2.516326530612245,0.059154929577464786,1318,True,19,3,0.019175320327110303,0.6553521318226496,-43.86818682797913,0.1279217783113361,0.22873015432561497,673.1206091204048,1,-74.55498383265957,-13.181389823298701,0.36452549404916224,0.34,True,joint_candidate,766,True
1920,57.607488000001425,57.637488000001426,"[359, 446, 404, 462]",23.705258391797543,311,81,91.0,1.0,8,0.8986722800259404,0.6448064834270192,0.9191919191919192,0.1302250803858521,0.9940793542922983,2.7098930481283423,0.008045977011494253,2139,True,45,7,0.007160233953201597,0.6317772157750075,-19.12875758949599,0.03533397221419399,0.32075304643525565,537.4888723472295,-1,-2.927135569132731,35.33037960985926,0.37026078519609584,0.34,True,joint_candidate,766,True
1921,57.637488000001426,57.66748800000143,"[378, 440, 421, 457]",34.657639503479004,367,127,145.0,1.0,8,0.9270257685655541,0.6375131640444855,0.9477124183006536,0.20299727520435967,0.980583994626453,2.6068660022148396,0.025555555555555557,2438,True,57,10,0.25379264817828384,0.9994930761640198,51.48468983659726,0.2954886097633148,0.8593270893759879,561.8455201401272,1,43.22287701296686,59.74650266022766,0.5133206616743952,0.34,True,joint_candidate,766,True
1922,57.66748800000143,57.69748800000143,"[397, 432, 442, 451]",46.66395255923271,426,184,203.0,1.0,8,0.9431741688428883,0.5958187643906492,0.9620853080568721,0.2746478873239437,0.984492765190819,2.1975,0.01717171717171717,2697,True,87,12,0.000728852990506812,0.34011160878978713,-4.9948451053079035,0.004545986981383643,0.47140077992018414,562.659028851126,1,-3.6195564803747478,-6.370133730241067,0.37272593445624264,0.34,True,joint_candidate,766,True
1923,57.69748800000143,57.72748800000143,"[418, 424, 464, 442]",58.14472457394004,486,212,242.5,1.0,8,0.94956120315155,0.697137002317335,0.9680638722554891,0.30761316872427985,0.981648383018637,3.037,0.028125,3128,True,125,13,0.010570793925079855,0.7614508388892787,-13.588001092801498,0.029429861644432176,0.4717126430738388,580.1537641838075,-1,-0.6048259780668448,26.571176207536155,0.39525284795185917,0.34,True,joint_candidate,766,True
1924,57.72748800000143,57.75748800000143,"[437, 416, 483, 434]",60.6364722661674,506,198,226.5,1.0,8,0.9477100760695246,0.7012414369987292,0.9658848614072495,0.31521739130434784,0.9827328423352447,2.990281827016521,0.026041666666666668,3192,True,93,13,0.11218284427723012,0.9920485209631787,30.126598439258196,0.140549913491116,0.8045683610076458,492.35781395334067,1,11.494054471687937,48.75914240682846,0.4511998027231433,0.34,True,joint_candidate,766,True
1925,57.75748800000143,57.78748800000143,"[459, 407, 505, 427]",58.725397419184446,521,183,225.5,1.0,8,0.9473130050695001,0.6524213322472233,0.9657387580299786,0.29942418426103645,0.9840705776367742,2.2197712418300655,0.01782178217821782,2765,True,102,13,0.0005320446261479687,0.9700173153898062,-25.77636323149572,0.09632130279077566,0.005694377127876301,533.9356800458623,-1,-18.453451715516497,33.09927474747495,0.38234972590231486,0.34,True,joint_candidate,766,True
1926,57.78748800000143,57.81748800000143,"[485, 398, 528, 416]",67.01680240780115,505,211,244.0,1.0,8,0.9531601012033836,0.6902282914656734,0.9682539682539683,0.3891089108910891,0.9967862110261765,2.510377358490566,0.00404040404040404,2716,True,107,13,0.00048600864147583015,0.5923496792481827,-11.367287337557585,0.014635804034966338,0.05605950359497853,670.1219907273636,-1,-15.900192591327917,6.8343820837872515,0.3897495788336778,0.34,True,joint_candidate,792,True
1927,57.81748800000143,57.847488000001434,"[505, 390, 549, 408]",73.18010091781616,557,221,267.0,1.0,8,0.9552450150623796,0.6911595646008811,0.9709090909090909,0.3877917414721723,0.9915892214029594,2.578902229845626,0.01089108910891089,3047,True,139,13,0.010862876879869754,0.8267693251780749,-13.920164775618675,0.03909872174804763,0.33604539076408707,647.1790538229274,-1,-23.254918039315694,4.585411511921656,0.3962220214927744,0.34,True,joint_candidate,792,True
1928,57.847488000001434,57.877488000001435,"[532, 382, 572, 400]",90.56558099761605,553,259,301.5,1.0,8,0.9607560145974727,0.667270258158949,0.9741518578352181,0.46473779385171793,0.9962525194414384,3.103059581320451,0.005825242718446602,3881,True,164,13,2.542778277819558e-06,0.19710180395317706,-2.992414857543768,0.001338791583978316,0.009636180358357439,617.321248221336,-1,-4.860217498261273,1.1246122168262631,0.388318741631137,0.34,True,joint_candidate,793,True
1929,57.877488000001435,57.907488000001436,"[557, 374, 595, 393]",122.32000913843513,637,351,389.5,1.0,8,0.9681040633224518,0.6946767288284225,0.979874213836478,0.5251177394034537,0.9985847691136581,4.034848484848485,0.002857142857142857,5343,True,226,18,3.483735081165574e-06,0.35264077469175836,-4.097368232019159,0.0031415125047244974,0.003144660765648092,645.8888566354626,-1,-3.811174544484181,4.383561919554134,0.3946346443752935,0.34,True,joint_candidate,794,True
1930,57.907488000001436,57.93748800000144,"[576, 367, 617, 386]",132.16539127752185,646,371,421.0,1.0,8,0.9702876539453346,0.7060147237299352,0.9813519813519813,0.5626934984520123,0.9965430728850708,3.8873456790123457,0.006730769230769231,5068,True,244,21,0.0005345777380063944,0.3883208303303671,4.687719524977914,0.003277817324241039,0.41998660095640095,741.7601661314126,-1,4.538301931389616,-4.837137118566212,0.3972825224989942,0.34,True,joint_candidate,794,True
1931,57.93748800000144,57.96748800000144,"[599, 361, 641, 380]",126.16367226094007,656,362,424.0,1.0,8,0.9704276999806727,0.7552713304559465,0.9814814814814815,0.555640243902439,0.9984492779028844,3.905217391304348,0.0030303030303030303,4519,True,216,18,0.005361009113430382,0.6870848933039104,-9.59768866525699,0.015196033228936479,0.5134591659209888,658.6330821447331,1,-1.6235482728123949,-17.571829057701585,0.40736756457498047,0.34,True,joint_candidate,793,True
1932,57.96748800000144,57.99748800000144,"[624, 356, 671, 374]",112.55545672774315,647,309,375.0,1.0,8,0.9663150940265677,0.7312391837160074,0.97911227154047,0.4992272024729521,0.994421520942348,3.12396694214876,0.008737864077669903,3813,True,195,20,0.00016126710351270618,0.9510035813632371,17.9792962232894,0.050687390926138165,0.003345520506885547,787.3397413842481,1,20.042711168575927,15.915881278002871,0.3996691026723034,0.34,True,joint_candidate,796,True
1933,57.99748800000144,58.02748800000144,"[649, 351, 694, 371]",141.6683386042714,712,373,435.5,1.0,8,0.9703587278560227,0.7131419413913535,0.9819616685456595,0.550561797752809,0.9941327957856709,3.1764285714285716,0.009345794392523364,4466,True,261,27,0.01740807949052071,0.9754654775333702,17.421205099036484,0.048132647775725235,0.3707654046861813,788.7747674304226,1,6.9850749766334275,27.85733522143954,0.4076533532852962,0.34,True,joint_candidate,797,True
1934,58.02748800000144,58.05748800000144,"[673, 349, 720, 368]",142.0083968117833,805,374,437.5,1.0,8,0.9688608658152614,0.758287544405155,0.9820426487093153,0.47763975155279503,0.9963137107391387,3.5428571428571427,0.0065420560747663555,5000,True,263,23,0.0005880207278363095,0.9078241706116351,12.161522973851032,0.03225298458439274,0.020082648395257682,663.7851669806595,-1,4.12239929809989,-20.200646649602174,0.4047248028056616,0.34,True,joint_candidate,798,True
1935,58.05748800000144,58.08748800000144,"[700, 346, 750, 365]",155.5086674876511,772,420,484.5,1.0,8,0.9725367620386471,0.7673743955888412,0.983756345177665,0.5550518134715026,0.9971570281149175,3.9763539282990084,0.005660377358490566,5267,True,258,22,0.06305410049872306,0.9985695015902029,-25.25006742959329,0.11592644351986225,0.5446939161250618,670.4766348698685,1,-22.365257885936796,-28.134876973249785,0.441546943224218,0.34,True,joint_candidate,799,True
1936,58.08748800000144,58.117488000001444,"[726, 343, 776, 365]",219.28966743126512,917,571,626.5,1.0,8,0.9770330708452842,0.765224363796421,0.987391646966115,0.5954198473282443,0.9961980994138737,5.676245210727969,0.010810810810810811,8970,True,421,30,0.03129027985040819,0.9997759404804416,31.221840008503506,0.11212636934295295,0.27912517358837424,922.3998118036155,-1,11.315718578002357,-51.127961439004636,0.4251032297407729,0.34,True,joint_candidate,800,True
1937,58.117488000001444,58.147488000001445,"[751, 342, 801, 366]",300.0185204818845,1067,736,770.5,1.0,8,0.9803097114065504,0.803425816707559,0.989723827874117,0.626991565135895,0.9981159192789759,8.522081064730793,0.008035714285714285,14195,True,485,33,3.104241886873506e-05,0.6748360435529288,-7.290363058943883,0.007623379432464383,0.006034061719752404,942.3578514870387,1,-0.6124974695024594,-13.968228648385308,0.4146238592584768,0.34,True,joint_candidate,801,True
1938,58.147488000001445,58.177488000001446,"[775, 342, 822, 366]",312.4003897756338,1070,717,747.5,1.0,8,0.9795125029224524,0.7975885176703709,0.9894109861019192,0.6196261682242991,0.9950017263999527,9.18370986920333,0.023008849557522124,15535,True,472,33,2.1752756964954165e-06,0.41900098295788357,3.853237925879007,0.0024051641965102677,0.002158512338885509,916.8363275690077,-1,1.1919396782136276,-6.514536173544387,0.41349322492892443,0.34,True,joint_candidate,801,True
1939,58.177488000001446,58.20748800000145,"[799, 343, 849, 366]",232.80339908227324,1007,590,643.0,1.0,8,0.9760274063607324,0.7671666772582734,0.9877112135176651,0.5655412115193644,0.9902167027089477,6.0672121566335475,0.02982456140350877,10490,True,345,30,0.005959323597500891,0.9402839584791594,11.197924312143385,0.03048784662660231,0.20787927367487477,724.4556638423254,-1,4.279263363498964,-18.116585260787808,0.4111608514755862,0.34,True,joint_candidate,802,True
1940,58.20748800000145,58.23748800000145,"[825, 344, 877, 366]",175.93231834471226,912,497,556.5,1.0,8,0.9733031491232266,0.7631352952964521,0.9858281665190434,0.5411184210526315,0.9875265836698606,4.306513409961686,0.02702702702702703,6820,True,336,28,0.003969457117765192,0.665405883061632,-6.567891881011566,0.00870388668129285,0.6853797206197776,723.9572822232101,1,-6.246925976552051,-6.888857785471081,0.4086444404462066,0.34,True,joint_candidate,803,True
1941,58.23748800000145,58.26748800000145,"[854, 345, 901, 367]",187.91141621023417,940,511,567.5,1.0,8,0.9740882311893823,0.7956108552531401,0.9860990443092963,0.5335106382978724,0.9947599441968085,4.934680134680135,0.012962962962962963,7395,True,307,27,0.004372581452709665,0.7287683823617489,-6.22290005991035,0.011740172973143115,0.5110623530083575,599.3020737980634,1,-0.4785539137847816,-11.96724620603592,0.413973017443776,0.34,True,joint_candidate,804,True
1942,58.26748800000145,58.29748800000145,"[877, 345, 929, 368]",172.24364056810737,942,487,561.0,1.0,8,0.9727599274150195,0.7893135454405131,0.9859402460456942,0.4962845010615711,0.99214725334407,4.887566137566138,0.01926605504587156,7518,True,285,30,0.008644217759723688,0.9670729177951758,15.465249931425305,0.038954237822966475,0.2294625238683559,824.5866855345507,-1,10.344591750240534,-20.585908112610078,0.41497932980843083,0.34,True,joint_candidate,805,True
1943,58.29748800000145,58.32748800000145,"[904, 346, 950, 370]",245.41099873557687,979,598,639.0,1.0,8,0.9764347726665686,0.7577555993769342,0.9876352395672334,0.5653728294177732,0.9951976939443432,7.0480938416422285,0.016964285714285713,12098,True,420,31,8.29785919411572e-06,0.38748520971086703,3.6262339497638707,0.0021624402883468896,0.009903000632426015,876.3287820984126,-1,3.0667742308678747,-4.1856936686598685,0.40659833552906743,0.34,True,joint_candidate,806,True
1944,58.32748800000145,58.35748800000145,"[924, 346, 972, 372]",262.83013632521033,1012,665,689.0,1.0,8,0.97748032133338,0.765276517441995,0.9885222381635581,0.5736166007905138,0.9948395933790707,8.283564814814815,0.02142857142857143,14420,True,387,30,0.020511782285079924,0.9876150943458075,-16.104511030323494,0.05316126317076775,0.3906792880175861,746.3940768359053,1,-6.109490689117064,-26.099531371529924,0.41931705427310717,0.34,True,joint_candidate,806,True
1945,58.35748800000145,58.387488000001454,"[945, 347, 990, 372]",216.861376080662,894,564,595.5,1.0,8,0.9748791780393171,0.7594565119533752,0.9867439933719967,0.5620805369127517,0.9891186537608706,7.004516129032258,0.038317757009345796,11029,True,274,28,0.0023622717843813593,0.7588975308062985,-7.161045601304192,0.012819601334656872,0.24281315008126952,643.8886974545705,1,-3.523964435769529,-10.798126766838854,0.40768147968621116,0.34,True,joint_candidate,806,True
1946,58.387488000001454,58.417488000001455,"[966, 348, 1012, 373]",163.21717592328787,845,462,495.5,1.0,8,0.9705299680276385,0.7929188092706833,0.9841112214498511,0.4905325443786982,0.9892243484243963,5.972470238095238,0.03235294117647059,8203,True,186,30,0.00704319618549704,0.8830274114945157,-8.038463342717291,0.021232936602837094,0.3756518545076362,610.0956006954179,1,-2.448169273682679,-13.6287574117519,0.4139705697009174,0.34,True,joint_candidate,806,True
1947,58.417488000001455,58.44748800000146,"[985, 349, 1030, 373]",71.33439935743809,660,179,234.5,1.0,8,0.9481521191006445,0.7237468644557459,0.9670103092783505,0.29393939393939394,0.9811673268066661,2.869047619047619,0.02727272727272727,3766,True,31,9,0.12153159356708765,0.9992060350492037,47.739442839320674,0.30843002618738047,0.39434604849692595,534.0237782428119,1,47.58269508411468,47.896190594526665,0.4598500418604534,0.34,True,joint_candidate,806,True
1948,58.44748800000146,58.47748800000146,"[1005, 349, 1047, 374]",55.27492819726467,593,135,172.0,1.0,8,0.9360360758117484,0.7018011947435837,0.9555555555555556,0.2403035413153457,0.9853726813916031,2.6586378737541527,0.01958762886597938,3283,True,11,7,0.032927325679570935,0.8378670662480423,-38.73621267392737,0.08315680950889992,0.4725889042969931,682.7836743663079,-1,-15.940667558957411,61.53175778889732,0.40419103107882615,0.34,True,joint_candidate,806,True
1949,58.47748800000146,58.50748800000146,"[1022, 350, 1061, 375]",38.88710356131196,492,75,110.0,1.0,8,0.9105553651528753,0.6924826089821245,0.9322033898305084,0.1798780487804878,0.9722369968737872,2.4980506822612085,0.035164835164835165,2670,True,4,3,0.589954587857154,0.9905835595261335,-41.577699350598444,0.642153902944196,0.9274453764756512,162.10392377282125,-1,-61.447573454534606,21.70782524666228,0.7015140242146161,0.34,True,joint_candidate,806,True
1950,58.50748800000146,58.53748800000146,"[1036, 350, 1074, 375]",48.45357636362314,468,108,141.0,1.0,8,0.9278890838996792,0.6753816335059705,0.9463087248322147,0.266025641025641,0.9886378318118562,2.884990253411306,0.016483516483516484,3070,True,29,10,4.6824692205877176e-05,0.6850556257287569,11.445040910621708,0.028842122584712304,0.0023698555531452173,533.1382485836526,1,9.764179946713396,13.125901874530024,0.3796997237765125,0.34,True,joint_candidate,806,True
1951,58.53748800000146,58.56748800000146,"[1048, 350, 1083, 375]",48.095440082252026,407,118,155.5,1.0,8,0.9345216129745564,0.6470890818391166,0.9510703363914373,0.32555282555282555,0.9945183191485912,3.2705761316872426,0.008988764044943821,3272,True,35,10,6.466756185840874e-05,0.29013106045406356,-5.395140230329286,0.004003347649686129,0.055676119206463356,713.2732559118577,-1,-4.9410221593149455,5.849258301343626,0.3774554133272565,0.34,True,joint_candidate,806,True
1952,58.56748800000146,58.59748800000146,"[1058, 350, 1091, 375]",34.538476068526506,296,90,108.5,1.0,8,0.9140002103766313,0.6060079682382388,0.9313304721030042,0.2905405405405405,0.9911267949575054,2.9739454094292803,0.01325301204819277,2551,True,16,4,0.04634120848610069,0.80751439843199,38.93877680307293,0.1491128874408233,0.3848592244260285,601.80675408712,1,50.75125626858415,27.126297337561716,0.39058892301608056,0.34,True,joint_candidate,806,True
1953,58.59748800000146,58.62748800000146,"[1066, 351, 1098, 374]",26.84563710913062,223,72,85.0,1.0,8,0.8959976261946988,0.5438345043942701,0.9139784946236559,0.2757847533632287,0.9840328660370166,2.3010610079575597,0.018518518518518517,1851,True,9,4,0.4301497477899518,0.9941735288363401,-51.72745741990563,0.5138612592437108,0.8419990480149686,52.08952296497162,1,-63.83271398102591,-39.622200858785355,0.5869568248020236,0.34,True,joint_candidate,806,True
1954,58.62748800000146,58.657488000001464,"[1073, 351, 1103, 374]",20.069744650274515,181,59,65.5,1.0,8,0.8731488670283509,0.5276945503428461,0.891156462585034,0.24861878453038674,0.9855030194894318,2.312307692307692,0.016883116883116882,1708,False,3,1,0.0,0.0,0.0,0.0,0.0,0.0,0,0.0,0.0,0.3410988426599322,0.34,True,joint_candidate,806,True
1981,59.437488000001494,59.467488000001495,"[830, 353, 858, 367]",9.625000193715096,180,4,14.0,1.0,8,0.6206609495219937,0.7171371656006361,0.6363636363636364,0.06666666666666667,0.9862561356537259,2.4457142857142857,0.016923076923076923,931,True,7,5,0.23263611001905665,0.9973600004659939,-126.71530728226145,0.4631523169282138,0.5036181109055872,620.0944734573502,1,-137.86742901562474,-115.56318554889815,0.42171872020717466,0.34,True,joint_candidate,822,True
1983,59.497488000001496,59.5274880000015,"[792, 354, 822, 369]",11.975000254809856,232,13,17.5,1.0,8,0.6696125582298537,0.6666666666666666,0.6862745098039216,0.04956896551724138,0.9946932283877264,4.634099616858237,0.012328767123287671,2514,True,17,5,0.10950750855456985,0.9801219188728998,-103.87882344570541,0.3115759531897916,0.3585913955188685,807.5502576008419,-1,-11.683737123434506,196.07390976797632,0.3611128971739695,0.34,True,joint_candidate,822,True
1989,59.6774880000015,59.707488000001504,"[681, 364, 713, 377]",8.791666846722364,167,0,11.0,1.0,8,0.5647627014008644,0.6413501767841682,0.5789473684210527,0.0658682634730539,0.9882506635357151,1.7167487684729064,0.010144927536231883,736,True,4,3,0.28434380299658807,0.9273098772288648,100.58752888534414,0.3889645122497064,0.7883315398681359,98.55586097155692,-1,52.34142228061402,-148.83363549007427,0.422020428586008,0.34,True,joint_candidate,822,True
1992,59.76748800000151,59.79748800000151,"[629, 372, 654, 382]",9.730357326567173,146,12,28.0,1.0,8,0.7599843871168277,0.7273138987028757,0.7777777777777778,0.1267123287671233,0.9893165081239054,2.4420289855072466,0.013114754098360656,719,True,8,3,0.43691656637122445,0.9755103205931954,-143.60016659207903,0.5380976501097069,0.8323491647195354,275.1747571561262,-1,-188.63944220434163,98.5608909798165,0.5773965124446532,0.34,True,joint_candidate,822,True
1994,59.82748800000151,59.85748800000151,"[588, 377, 617, 387]",8.15000008419156,120,4,18.5,1.0,8,0.6824593747952145,0.6356417261637282,0.6981132075471698,0.15416666666666667,0.9869518418990856,1.4276094276094276,0.009375,446,True,7,3,0.321513188490292,0.9927330928980196,243.70147052074518,0.6664180432177507,0.4859812860589825,173.48042161458798,1,288.2051963149869,199.1977447265034,0.4769163250327842,0.34,True,joint_candidate,822,True
1995,59.85748800000151,59.88748800000151,"[570, 380, 600, 390]",9.312500048428774,125,10,24.0,1.0,8,0.7342088867271099,0.6487491201346025,0.75,0.188,0.992295420055255,1.6161616161616161,0.00625,514,True,13,3,0.21886951543959093,0.9457351403317811,174.90445798505556,0.4323520284270198,0.5352765889145757,293.92121802152747,1,196.04777505634442,153.76114091376672,0.4379532675300984,0.34,True,joint_candidate,822,True
1996,59.88748800000151,59.91748800000151,"[551, 383, 580, 392]",9.387500055134296,122,7,25.5,1.0,8,0.7448343685770449,0.6985699678629192,0.7611940298507462,0.20491803278688525,0.983521915851917,1.776,0.014754098360655738,494,True,5,3,0.2761409719938093,0.9497915159872016,102.87515366629134,0.44347620199461957,0.6555898842234908,97.938315700521,1,168.75087133706026,36.999435995522404,0.48011334034914654,0.34,True,joint_candidate,822,True
2000,60.007488000001516,60.03748800000152,"[480, 392, 507, 400]",10.316666699945927,128,13,29.5,1.0,8,0.7700118696061011,0.8,0.7866666666666666,0.22265625,0.9822780136606977,2.275,0.020338983050847456,497,False,5,2,0.0,0.0,0.0,0.0,0.0,0.0,0,0.0,0.0,0.3510035608818303,0.34,True,joint_candidate,822,True
2006,60.18748800000152,60.217488000001524,"[383, 393, 409, 402]",9.720634996891022,121,18,31.5,1.0,8,0.7810118003199283,0.7484551991837489,0.7974683544303798,0.2066115702479339,0.9918249943229127,2.064814814814815,0.00847457627118644,473,False,1,1,0.0,0.0,0.0,0.0,0.0,0.0,0,0.0,0.0,0.3465718199735408,0.34,True,joint_candidate,822,True
2007,60.217488000001524,60.247488000001525,"[370, 392, 394, 401]",8.533333413302898,108,17,31.5,1.0,8,0.7806858347795019,0.7385489458759964,0.7974683544303798,0.18981481481481483,0.991935483870968,2.1666666666666665,0.008771929824561403,457,False,2,2,0.0,0.0,0.0,0.0,0.0,0.0,0,0.0,0.0,0.34498809231525,0.34,True,joint_candidate,822,True
2008,60.247488000001525,60.277488000001526,"[358, 392, 381, 401]",9.407738231122494,106,28,40.0,1.0,8,0.8167801232423875,0.6788737476271942,0.8333333333333334,0.21226415094339623,0.9982611982611982,1.9478260869565218,0.001694915254237288,469,True,7,3,0.36790777240136274,0.995048044193685,-116.27281108731265,0.6995319108075533,0.528551587714251,293.61187584985004,-1,-112.7818092449521,119.76381292967314,0.5492143739375449,0.34,True,joint_candidate,822,True
2047,61.41748800000157,61.44748800000157,"[411, 321, 439, 333]",10.672023974359035,131,32,42.5,1.0,8,0.823719424131718,0.6358623967921998,0.8415841584158416,0.17938931297709923,0.9927284152882825,2.1080246913580245,0.007692307692307693,717,False,3,2,0.0,0.0,0.0,0.0,0.0,0.0,0,0.0,0.0,0.34249518675834534,0.34,True,joint_candidate,837,True
2048,61.44748800000157,61.47748800000157,"[424, 322, 453, 334]",11.803571615368128,135,36,48.0,1.0,8,0.8395161410652724,0.6089984572058627,0.8571428571428571,0.21851851851851853,0.9895206132991149,1.9835164835164836,0.010447761194029851,750,False,4,1,0.0,0.0,0.0,0.0,0.0,0.0,0,0.0,0.0,0.3432046109004611,0.34,True,joint_candidate,837,True
2058,61.74748800000158,61.77748800000158,"[586, 334, 620, 344]",13.141666766256094,159,23,36.5,1.0,8,0.8038110175693226,0.6740072064048828,0.8202247191011236,0.2169811320754717,0.9955554614912485,1.8971428571428572,0.004225352112676056,680,False,8,2,0.0,0.0,0.0,0.0,0.0,0.0,0,0.0,0.0,0.3422443862315292,0.34,True,joint_candidate,837,True
2060,61.807488000001584,61.837488000001585,"[627, 332, 661, 342]",14.962500169873238,194,18,40.0,1.0,8,0.8156579136474595,0.7340905181848413,0.8333333333333334,0.19072164948453607,0.990012484394507,2.213888888888889,0.011111111111111112,819,False,10,2,0.0,0.0,0.0,0.0,0.0,0.0,0,0.0,0.0,0.35481095182196404,0.34,True,joint_candidate,837,True
2061,61.837488000001585,61.867488000001586,"[648, 330, 684, 341]",16.43750013038516,216,24,45.5,1.0,8,0.8325989470469675,0.6612465225335805,0.8504672897196262,0.18287037037037038,0.9940607867654131,2.1801619433198383,0.006493506493506494,1099,True,16,4,0.0008330027389552671,0.2561984701888268,13.290989484750545,0.010109394267450833,0.3216212702264309,562.3478510379338,-1,11.771575655116576,-14.810403314384512,0.34942481400055275,0.34,True,joint_candidate,837,True
2062,61.867488000001586,61.89748800000159,"[668, 328, 704, 338]",18.800000049173832,219,40,58.5,1.0,8,0.8623813190284312,0.7436600722307894,0.8796992481203008,0.23972602739726026,0.9930749405970678,3.154040404040404,0.010958904109589041,1317,True,19,3,0.04063623077469964,0.7344965425124867,-50.597088969539115,0.17300769490876267,0.3197851132605469,318.88048111452053,1,-54.93705949044199,-46.257118448636234,0.39261333346923255,0.34,True,joint_candidate,837,True
2063,61.89748800000159,61.92748800000159,"[690, 326, 728, 336]",18.71309530735016,211,32,53.5,1.0,8,0.8528410547535996,0.7013141178113356,0.8699186991869918,0.24881516587677724,0.9913200942852229,2.414918414918415,0.010526315789473684,1068,True,18,4,0.060150165287489184,0.8373789236176137,-47.71047507920027,0.16917770340553362,0.42459187012345573,470.87022968631817,1,-74.85894575395687,-20.56200440444367,0.3941320250058992,0.34,True,joint_candidate,837,True
2064,61.92748800000159,61.95748800000159,"[712, 323, 754, 333]",19.53928578272462,229,28,55.0,1.0,8,0.8545168559645843,0.7086557573717582,0.873015873015873,0.22707423580786026,0.9809658089531195,2.4649122807017543,0.02368421052631579,1222,True,37,4,0.015663840297962386,0.6926506564602285,-35.34782077685784,0.09433932413987134,0.23971280611819573,508.0920548512986,-1,-11.989128564259278,58.706512989456385,0.3712685325590183,0.34,True,joint_candidate,841,True
2065,61.95748800000159,61.98748800000159,"[737, 319, 776, 332]",25.520833417773247,311,56,75.0,1.0,8,0.8850432202278286,0.7048367696104338,0.9036144578313253,0.2202572347266881,0.9892035335070024,3.639423076923077,0.019753086419753086,2374,True,53,10,0.007023046843599139,0.6925020323418476,-21.1207851105869,0.029730106488452646,0.34112067947972485,785.5200612353963,1,-4.430130425835649,-37.81143979533814,0.37510115727389315,0.34,True,joint_candidate,841,True
2066,61.98748800000159,62.01748800000159,"[756, 316, 799, 330]",27.639880999922752,310,61,79.5,1.0,8,0.8903223811441986,0.6751906048969998,0.9085714285714286,0.2435483870967742,0.9880322826660857,4.202941176470588,0.02530120481927711,3028,True,42,9,0.006952131824831514,0.9967491450448019,72.94173558102884,0.2470982863003207,0.028226848561382963,800.2753015545367,-1,12.562389992132625,-133.32108116992507,0.37219897758146686,0.34,True,joint_candidate,841,True
2067,62.01748800000159,62.04748800000159,"[778, 314, 821, 327]",31.0106241106987,328,65,88.5,1.0,8,0.8989687586600802,0.7071067811865476,0.917098445595855,0.2530487804878049,0.9888441969336119,4.510670731707317,0.02530120481927711,3099,True,63,9,0.0008484444951206396,0.6198874750769651,16.925269436316736,0.02493653719139255,0.054887623800961995,701.6711747893133,-1,15.013438624659564,-18.837100247973904,0.37622328924832255,0.34,True,joint_candidate,841,True
2068,62.04748800000159,62.077488000001594,"[801, 312, 842, 326]",27.63670640066266,267,57,86.5,1.0,8,0.8974317319654864,0.6541288981421134,0.9153439153439153,0.299625468164794,0.9790385971984278,3.496794871794872,0.037037037037037035,2316,True,28,5,0.00807222008599663,0.49051562390676046,-38.04491509250353,0.02954313816852805,0.5570363334877847,996.0246534215573,1,-27.29637725818454,-48.79345292682254,0.3717885753582611,0.34,True,joint_candidate,841,True
2069,62.077488000001594,62.107488000001595,"[824, 312, 866, 321]",20.786507986485958,190,36,64.0,1.0,8,0.8714142739367866,0.7071067811865476,0.8888888888888888,0.3236842105263158,0.9720163851429098,3.0473684210526315,0.043243243243243246,1254,True,18,4,0.14026739735662846,0.9335885059544257,-158.0891753684922,0.27395640168699475,0.5484282143413945,684.8020727433601,1,-174.36269443075815,-141.81565630622626,0.4446373679051638,0.34,True,joint_candidate,841,True
2070,62.107488000001595,62.137488000001596,"[848, 310, 890, 318]",25.329130612313747,199,58,85.5,1.0,8,0.900222440841121,0.7053367989832943,0.9144385026737968,0.3969849246231156,0.9952195044219583,3.295,0.007894736842105263,1387,True,15,4,0.015467707058532327,0.5764850606157469,38.67513580168494,0.059101981148535376,0.45397908183311797,787.7295882713657,-1,41.533057626832466,-35.81721397653742,0.38437449098202325,0.34,True,joint_candidate,842,True
2071,62.137488000001596,62.1674880000016,"[871, 308, 913, 317]",25.209424667060375,203,53,87.0,1.0,8,0.9012910390625123,0.6878905968200708,0.9157894736842105,0.4039408866995074,0.9905578360056786,3.051282051282051,0.014473684210526316,1402,False,10,2,0.0,0.0,0.0,0.0,0.0,0.0,0,0.0,0.0,0.3735709012417643,0.34,True,joint_candidate,842,True
2072,62.1674880000016,62.1974880000016,"[895, 303, 936, 315]",27.438447162508965,236,59,89.5,1.0,8,0.9000539312054974,0.6749803371939479,0.9179487179487179,0.3432203389830508,0.9687384082759759,3.353281853281853,0.053246753246753244,1934,True,33,6,0.201671796606405,0.9886339853032554,-66.81488647470306,0.2924443348473781,0.6975356663142545,463.69979385493644,1,-28.673838482325266,-104.95593446708085,0.4821827180742641,0.34,True,joint_candidate,842,True
2073,62.1974880000016,62.2274880000016,"[917, 301, 958, 315]",33.91701867803931,366,63,94.0,1.0,8,0.9009561855512219,0.7314969031364696,0.9215686274509803,0.22950819672131148,0.9683463052692742,4.095029239766082,0.06585365853658537,2989,True,56,9,0.09578635170370489,0.9482693557508023,-41.44387432783949,0.11665809794009485,0.865878637170907,633.1353933862034,1,-25.017928642768446,-57.86982001291053,0.4326938845728747,0.34,True,joint_candidate,842,True
2074,62.2274880000016,62.2574880000016,"[937, 299, 979, 315]",32.231250286102295,359,66,93.5,1.0,8,0.8997184212752983,0.7341927805685909,0.9211822660098522,0.22701949860724233,0.9594584452816596,4.3558558558558556,0.09012345679012346,3173,True,39,9,0.007099233635437726,0.585221065426947,-15.970281934205737,0.021565758035766103,0.5625055222469588,646.6219851073569,-1,-7.119238783855302,24.821325084556168,0.3839490219673689,0.34,True,joint_candidate,842,True
2075,62.2574880000016,62.2874880000016,"[959, 297, 999, 313]",31.832936830818653,347,68,92.5,1.0,8,0.9003006800233863,0.7122569350455409,0.9203980099502488,0.23054755043227665,0.9734985484211038,3.953216374269006,0.05308641975308642,2966,True,33,6,0.0007659423751914233,0.29328747901320795,-10.058391642435835,0.007621015746697379,0.34268075548765287,533.5337322455597,1,-4.687733361252355,-15.429049923619305,0.37735001257020234,0.34,True,joint_candidate,842,True
2076,62.2874880000016,62.3174880000016,"[981, 296, 1021, 311]",26.361012145876884,283,57,81.0,1.0,8,0.8880418745766155,0.6608542918539067,0.9101123595505618,0.24381625441696114,0.9455130226398436,2.8564814814814814,0.08,2088,True,25,4,0.0009170843272544672,0.2833210693120376,20.69390458349882,0.01244967634959726,0.2599993953105468,924.4807223745431,1,34.43440628732303,6.953402879674621,0.3660451025310606,0.34,True,joint_candidate,842,True
2077,62.3174880000016,62.347488000001604,"[1001, 294, 1042, 309]",25.73005970939994,273,53,78.5,1.0,8,0.8895959367398589,0.6317616694747663,0.9075144508670521,0.25824175824175827,0.9877666585037684,2.5760233918128654,0.015853658536585366,1875,True,18,4,0.0004060045099812504,0.8623746398807792,70.9750804785076,0.18903043650938356,0.002490595184287606,576.6700272413387,-1,34.398473664436835,-107.5516872925784,0.3618663339236623,0.34,True,joint_candidate,842,True
2078,62.347488000001604,62.377488000001605,"[1022, 293, 1062, 308]",22.954762142151594,283,33,61.5,1.0,8,0.8648290663383024,0.6523525962042583,0.8848920863309353,0.19434628975265017,0.9741646312290686,2.5789473684210527,0.03375,1888,True,15,3,0.02177835337593463,0.8421981055338411,86.62428589857124,0.26321996299077566,0.0982408149566383,321.4509987483493,-1,49.80445442829623,-123.44411736884625,0.3692797036888935,0.34,True,joint_candidate,842,True
2079,62.377488000001605,62.40748800000161,"[1040, 291, 1080, 307]",20.716666918247938,290,24,52.5,1.0,8,0.8486666513895439,0.6422754712261971,0.8677685950413223,0.16034482758620688,0.9895676433707048,2.790896159317212,0.014634146341463415,2099,False,5,2,0.0,0.0,0.0,0.0,0.0,0.0,0,0.0,0.0,0.3509413161007927,0.34,True,joint_candidate,842,True
2080,62.40748800000161,62.43748800000161,"[1059, 289, 1098, 307]",19.05972247943282,300,13,38.0,1.0,8,0.8063929386621106,0.629940788348712,0.8260869565217391,0.12,0.9811847967003254,2.791005291005291,0.02650602409638554,2261,True,11,4,0.38943965709511025,0.9994879134717791,-81.11783809786357,0.6812220869256405,0.5719708646435839,256.82947224679754,1,-72.63629488387585,-89.59938131185129,0.5506008112532507,0.34,True,joint_candidate,842,True
2100,63.00748800000163,63.03748800000163,"[1128, 255, 1165, 278]",23.47500031813979,366,9,51.0,1.0,8,0.8451107639230006,0.6049793384901669,0.864406779661017,0.13114754098360656,0.9938511360026235,3.207,0.00989010989010989,3274,False,0,0,0.0,0.0,0.0,0.0,0.0,0.0,0,0.0,0.0,0.3442801299504252,0.34,True,joint_candidate,844,True
2101,63.03748800000163,63.06748800000163,"[1115, 254, 1153, 277]",25.775000352412462,403,8,54.0,1.0,8,0.8508668363143902,0.5961368875623467,0.8709677419354839,0.1315136476426799,0.9860300956581192,2.9929453262786594,0.021052631578947368,3448,True,9,3,0.08180485342422805,0.8211827733193295,-62.14820845139598,0.2417729630751686,0.412032532438421,822.9499855398236,1,-8.943820414272412,-115.35259648851954,0.38967325341199444,0.34,True,joint_candidate,844,True
2102,63.06748800000163,63.09748800000163,"[1098, 252, 1138, 275]",27.508333571255207,403,25,63.0,1.0,8,0.8669506046193695,0.6148567154124649,0.8873239436619719,0.15260545905707196,0.9818600456313183,3.054409005628518,0.02795698924731183,3364,True,30,13,0.006157920588997195,0.7664080774489787,-21.042632988328805,0.030049672828870944,0.2673832900807183,862.4984555355132,1,-38.43144110736218,-3.653824869295429,0.355700545021629,0.34,True,joint_candidate,844,True
2103,63.09748800000163,63.127488000001634,"[1082, 250, 1122, 272]",36.658333607017994,490,33,96.5,1.0,8,0.9037266897125359,0.6544628930059201,0.9234449760765551,0.18979591836734694,0.9887944207185675,3.6975524475524475,0.020833333333333332,4355,True,21,5,0.01781588755165864,0.700888792834625,-34.035988043729326,0.07160266215693323,0.3550006740875409,906.3729521800716,1,-26.348269337504185,-41.72370674995448,0.379086179018061,0.34,True,joint_candidate,844,True
2104,63.127488000001634,63.157488000001635,"[1063, 248, 1106, 271]",42.77976216003299,552,50,112.5,1.0,8,0.9136390480942793,0.6793662204867574,0.9336099585062241,0.19927536231884058,0.98599006653547,3.6162207357859533,0.025510204081632654,4444,True,35,9,2.6968336870661145e-08,0.7202362914192676,-21.473798293996268,0.037571710096405364,9.965938456305592e-07,816.359483273402,-1,-27.803448245261837,15.1441483427307,0.3759966623338827,0.34,True,joint_candidate,844,True
2105,63.157488000001635,63.187488000001636,"[1043, 246, 1087, 268]",35.49166691675782,477,44,91.0,1.0,8,0.8994255319008396,0.6182325925260965,0.9191919191919192,0.18343815513626835,0.98887238488457,3.0384615384615383,0.017,3875,True,58,11,0.004213113708491548,0.5131360039705671,-11.97486834007102,0.012477403240425233,0.6580311942745215,755.9325179258725,1,-23.425472572676053,-0.5242641074659858,0.36487976098883673,0.34,True,joint_candidate,844,True
2106,63.187488000001636,63.21748800000164,"[1021, 244, 1068, 266]",34.1375003233552,508,43,80.5,1.0,8,0.8888361711330263,0.6374950980203691,0.9096045197740112,0.14173228346456693,0.9859424617560972,2.6576,0.01881188118811881,3408,True,36,6,0.0093857372818993,0.6615244805718707,-18.18687521986441,0.048295411076049954,0.29377619813376643,640.466130769017,-1,-8.699734331390012,27.674016108338805,0.3674372715480078,0.34,True,joint_candidate,844,True
2107,63.21748800000164,63.24748800000164,"[1000, 243, 1046, 264]",47.75833359360695,557,98,141.5,1.0,8,0.9269937248439168,0.6745853240896397,0.9464882943143813,0.2289048473967684,0.9865470919227097,3.2165032679738563,0.02178217821782178,4004,True,53,15,0.007976648228642618,0.7222511046250126,13.093078412985916,0.021382804876217132,0.5164967015428654,863.5288407164227,-1,10.150905447047554,-16.035251378924265,0.38367307259237443,0.34,True,joint_candidate,844,True
2108,63.24748800000164,63.27748800000164,"[977, 242, 1024, 263]",53.310119181871414,579,113,168.0,1.0,8,0.9360306456549194,0.6811331057086476,0.9545454545454546,0.2651122625215889,0.9895655663690178,3.1778846153846154,0.016666666666666666,4039,True,54,10,0.005586904827209145,0.7877948686737278,18.902412753654936,0.044101439941275244,0.16080715032214823,656.1330680360843,-1,25.444150961260224,-12.360674546049633,0.386051957207738,0.34,True,joint_candidate,844,True
2109,63.27748800000164,63.30748800000164,"[951, 242, 1003, 260]",41.28333353996277,494,72,125.0,1.0,8,0.9209014834468526,0.6332250989766799,0.9398496240601504,0.22267206477732793,0.9925795648926687,2.5819805194805197,0.009615384615384616,3229,True,56,8,1.1700919441651113e-06,0.23426780294032123,-6.4167606911981485,0.003344021733099889,0.0014936137171439464,569.8113373062936,1,-6.971569998084306,-5.861951384311988,0.3712548534311271,0.34,True,joint_candidate,844,True
2110,63.30748800000164,63.33748800000164,"[927, 242, 979, 260]",66.3382937014103,570,162,226.0,1.0,8,0.9493448430183488,0.6652417484275409,0.9658119658119658,0.3649122807017544,0.9880824140611152,3.018633540372671,0.018095238095238095,3957,True,88,14,0.00032157679909279504,0.5062161478507654,-7.921743053237565,0.009229305884896566,0.06883030173697245,663.0014674864207,-1,-3.8627176232145497,11.980768483260578,0.3847665824091368,0.34,True,joint_candidate,844,True
2111,63.33748800000164,63.36748800000164,"[904, 243, 955, 260]",62.96944461762905,528,177,228.5,1.0,8,0.9494284517797091,0.6823550876255453,0.9661733615221987,0.3683712121212121,0.9843483990444134,2.887125220458554,0.02277227722772277,3381,True,79,14,0.018689095543796216,0.9969019174384595,-24.870671642611715,0.1590390537886036,0.11787781300101599,601.1366994617716,-1,-32.63445059114048,17.10689269408296,0.39746080122683247,0.34,True,joint_candidate,844,True
2112,63.36748800000164,63.397488000001644,"[875, 245, 931, 261]",51.57748023793101,441,119,179.0,1.0,8,0.9405990543588123,0.6267831705280087,0.9572192513368984,0.3707482993197279,0.9834221432800475,2.1535714285714285,0.018,2494,True,74,13,0.0001498708310051397,0.25498437059005946,4.951549855875551,0.0022718415263125458,0.25871733014623044,765.3370016509125,1,6.511114164499751,3.3919855472513536,0.3762796208438978,0.34,True,joint_candidate,861,True
2113,63.397488000001644,63.427488000001645,"[850, 248, 903, 263]",73.8585226982832,521,198,247.5,1.0,8,0.9538208143833795,0.6935928912551157,0.9686888454011742,0.4309021113243762,0.9886265181707913,2.914127423822715,0.016666666666666666,3221,True,93,14,0.02634003321797263,0.9949520292788842,24.647245505797894,0.1441489907446175,0.18365492120352708,597.8504300707456,1,20.97380535854616,28.32068565304962,0.40467219627316614,0.34,True,joint_candidate,863,True
2114,63.427488000001645,63.457488000001646,"[828, 250, 879, 263]",40.35432915762067,365,81,132.0,1.0,8,0.9256483608800515,0.6413763609329832,0.9428571428571428,0.32465753424657534,0.9860832678273247,2.5011363636363635,0.01752577319587629,2271,True,51,7,0.3019166699631264,0.9998775211064163,165.77485714944075,0.48044805913775,0.6284834482511148,742.7107838549942,-1,205.61402265206692,-125.93569164681463,0.5399551308836824,0.34,True,joint_candidate,863,True
2115,63.457488000001646,63.48748800000165,"[800, 252, 844, 268]",31.444246493279934,392,60,89.0,1.0,8,0.8966622749135934,0.6666666666666666,0.9175257731958762,0.1836734693877551,0.9762073798321862,1.9648526077097506,0.023655913978494623,1760,True,45,6,0.025576584551719187,0.820889546640355,45.44457760028319,0.09290679000893032,0.3353593109728055,608.1996119074929,1,27.84842806738121,63.04072713318517,0.38306580397752354,0.34,True,joint_candidate,864,True
2116,63.48748800000165,63.51748800000165,"[764, 255, 812, 274]",42.48157525807619,511,99,129.0,1.0,8,0.9212740093246999,0.6440285143320343,0.9416058394160584,0.18590998043052837,0.9873376089458971,1.9618506493506493,0.0125,2451,True,61,8,0.018008669039281337,0.7605988673112307,-27.9484003271919,0.050877357402173584,0.4653732292054407,618.3708327427748,-1,-34.986856768404714,20.9099438859791,0.38289124791881984,0.34,True,joint_candidate,865,True
2117,63.51748800000165,63.54748800000165,"[744, 259, 787, 278]",57.03104738518596,578,131,170.0,1.0,8,0.9357515869304254,0.6885921484025748,0.9550561797752809,0.23442906574394465,0.9890527687848035,2.493847415914684,0.013725490196078431,3057,True,64,8,0.1254784852304253,0.9910904151064243,-64.47276253794271,0.22740118717911872,0.5567538944283357,633.7226938891997,-1,-73.88637374388571,55.05915133199975,0.45302746521624776,0.34,True,joint_candidate,865,True
2118,63.54748800000165,63.57748800000165,"[716, 263, 768, 280]",49.99203476309776,452,121,167.5,1.0,8,0.9362115341444901,0.6289785648873253,0.9544159544159544,0.2920353982300885,0.9860045929199707,2.3421052631578947,0.01650485436893204,2713,True,51,8,0.030705340982084904,0.9530080785975634,55.36349617744748,0.13828633531957002,0.23299042562646313,644.1780118529535,-1,61.985224350935546,-48.74176800395942,0.39209818251659245,0.34,True,joint_candidate,865,True
2119,63.57748800000165,63.60748800000165,"[676, 267, 730, 283]",41.50137145072222,457,105,136.0,1.0,8,0.9243079694959547,0.6276667246567873,0.9444444444444444,0.20787746170678337,0.9845142342222074,1.971551724137931,0.015384615384615385,2335,True,74,10,0.00011032793315500199,0.613151814249757,-18.500870541427265,0.02146845477050885,0.008381402132725506,956.1844660785374,-1,-25.759180354444226,11.242560728410306,0.37150307991053977,0.34,True,joint_candidate,866,True
2120,63.60748800000165,63.63748800000165,"[649, 272, 697, 289]",93.94589054211974,565,245,286.5,1.0,8,0.958914209538821,0.6452593407319018,0.9728353140916808,0.4451327433628319,0.9955569161658512,2.49521002210759,0.005555555555555556,3424,True,164,18,0.010137527413999693,0.8829874147045335,18.970679756528995,0.036269265433758524,0.3165474127341109,912.3508777927816,1,15.23304013155272,22.70831938150527,0.3900388040491314,0.34,True,joint_candidate,867,True
2121,63.63748800000165,63.667488000001654,"[621, 277, 680, 292]",111.52202491089702,613,288,355.0,1.0,8,0.9652351735059898,0.697501208965215,0.977961432506887,0.5024469820554649,0.994185448939138,3.4611111111111112,0.010091743119266056,4455,True,151,14,0.046929064090304874,0.9839625367511068,35.15948314788882,0.10846490080211724,0.43971786056228956,840.2558574731107,1,0.372613227286926,69.94635306849074,0.42000671864624683,0.34,True,joint_candidate,867,True
2122,63.667488000001654,63.697488000001655,"[591, 282, 648, 295]",98.21154975146055,581,257,324.0,1.0,8,0.9627064956855657,0.7474314993053518,0.9759036144578314,0.47676419965576594,0.9955206202218155,3.7471153846153844,0.008411214953271028,3950,True,131,17,0.005793911630413777,0.8911363556338183,14.786730216342248,0.04029353321780116,0.16135868802440792,697.7607530919305,-1,18.661492291599835,-10.911968141084659,0.4041133249982,0.34,True,joint_candidate,869,True
2123,63.697488000001655,63.72748800000166,"[563, 286, 617, 300]",88.7223966754973,590,224,293.0,1.0,8,0.9581754177039611,0.6780833529644607,0.973421926910299,0.4398305084745763,0.9831788439493079,2.72911787665886,0.023148148148148147,3536,True,146,19,0.003178227208925121,0.6889838182103687,10.592466432985505,0.014452291940598716,0.3191825892772823,751.5509340929281,-1,18.544208426366733,-2.640724439604275,0.39091315322076625,0.34,True,joint_candidate,870,True
2124,63.72748800000166,63.75748800000166,"[537, 289, 587, 307]",93.55763587355614,658,237,315.5,1.0,8,0.9600450980746896,0.7002235112610843,0.9752704791344667,0.41033434650455924,0.9911718255436138,2.6900149031296574,0.011926605504587157,3644,True,119,17,0.0002918321985430198,0.5565362361205317,9.122015499496042,0.009352486278020988,0.05606769223156598,739.9109299961883,1,11.199330883665853,7.044700115326232,0.3932075638207682,0.34,True,joint_candidate,872,True
2125,63.75748800000166,63.78748800000166,"[502, 293, 559, 311]",100.43678220361471,689,285,353.0,1.0,8,0.9626310790764684,0.6841568914904775,0.9778393351800554,0.4223512336719884,0.9887201048294605,2.808423913043478,0.01592920353982301,4173,True,159,20,0.02231019221666062,0.9379136320586811,-21.252416895405975,0.04564473808241354,0.521134403244208,994.4674043333083,-1,-19.85920547866001,22.645628312151945,0.4036834631656755,0.34,True,joint_candidate,873,True
2126,63.78748800000166,63.81748800000166,"[475, 298, 530, 317]",119.95364802330732,745,379,448.0,1.0,8,0.9678422858075646,0.6989453413278712,0.9824561403508771,0.4597315436241611,0.9861316357849267,3.580327868852459,0.025,5530,True,207,25,0.0027187713725709446,0.7371483833503332,-7.981966139871388,0.013178537742699392,0.27986626134938203,773.7518489362217,1,-0.10508181103361526,-15.85885046870916,0.39668981119636404,0.34,True,joint_candidate,874,True
2127,63.81748800000166,63.84748800000166,"[448, 302, 507, 321]",137.61929455399513,810,415,496.5,1.0,8,0.9709746678655429,0.6793662204867574,0.9841427155599604,0.4901234567901235,0.9935851495036127,3.687179487179487,0.011864406779661017,6554,True,242,22,0.035550030387807345,0.9815371296918686,-17.135016602562043,0.06507565664572412,0.5565634525864006,719.8955982614815,1,-16.701724014120867,-17.568309191003216,0.41274985014597054,0.34,True,joint_candidate,875,True
2128,63.84748800000166,63.87748800000166,"[422, 306, 476, 326]",124.20153335109353,791,377,467.0,1.0,8,0.9668826745768436,0.6925748969293567,0.9831578947368421,0.4683944374209861,0.9669215252350151,3.4596235579842136,0.05818181818181818,5735,True,205,21,0.007639436506263173,0.7665858741911702,-10.047170031542796,0.017925199161368588,0.5559510102192233,737.9940057610861,1,-8.630811185759036,-11.463528877326556,0.3981527269909013,0.34,True,joint_candidate,876,True
2129,63.87748800000166,63.90748800000166,"[399, 310, 449, 333]",104.36668035760522,792,312,397.5,1.0,8,0.9623230062127236,0.7510676161988108,0.9802712700369913,0.38446969696969696,0.9703311565119934,3.383190883190883,0.0509433962264151,4863,True,175,21,0.00014782845728917004,0.3090704524117212,3.1669685007388138,0.0020117005008682964,0.23775914635532572,683.5954220054052,1,4.855693351607245,1.47824364987038,0.4014383499451477,0.34,True,joint_candidate,878,True
2130,63.90748800000166,63.937488000001665,"[374, 317, 422, 340]",94.08837255463004,767,290,354.0,1.0,8,0.959549306714008,0.7321125726332576,0.9779005524861878,0.3474576271186441,0.9750692520775623,2.989517819706499,0.03773584905660377,4366,True,151,21,3.6753626601279454e-05,0.5557971317829424,5.646428294699338,0.007429427249185938,0.008900790175077332,633.1231188133132,-1,0.8073367193615921,-10.485519870037084,0.3977018924038217,0.34,True,joint_candidate,879,True
2131,63.937488000001665,63.967488000001666,"[352, 323, 397, 347]",94.02222064509988,735,288,340.0,1.0,8,0.9591847279611979,0.7453559924999299,0.9770114942528736,0.34217687074829933,0.9816925088735289,3.183673469387755,0.029411764705882353,4317,True,125,19,0.022211805855734196,0.9118221998745096,13.780324155953313,0.04039800324126064,0.602995133961184,651.1455907381513,1,11.31375801227367,16.246890299632962,0.4117753104840027,0.34,True,joint_candidate,880,True
2132,63.967488000001666,63.99748800000167,"[331, 330, 375, 354]",91.47587474435568,711,286,343.0,1.0,8,0.9595820743574307,0.7217407830287921,0.9772079772079773,0.35864978902953587,0.9796410968164551,2.9552457813646367,0.030392156862745098,4130,True,131,19,0.041646027938458174,0.9676169191684516,19.224626203351157,0.0628702015064806,0.6845816916459116,757.3876970887878,1,17.12661501817753,21.322637388524782,0.4190410551277,0.34,True,joint_candidate,880,True
2133,63.99748800000167,64.02748800000167,"[312, 336, 355, 361]",73.0040596164763,674,213,268.0,1.0,8,0.9521835633124726,0.6988603559377576,0.9710144927536232,0.2959940652818991,0.9817498102532257,2.448550724637681,0.022549019607843137,3444,True,91,14,0.0005074251960804816,0.3980518118797648,4.660171075751524,0.005372703848402716,0.23726819195918455,661.5669647691741,-1,2.489302046593331,-6.831040104909715,0.3907632062422497,0.34,True,joint_candidate,880,True
2134,64.02748800000167,64.05748800000167,"[297, 342, 336, 370]",36.89245676994324,505,66,100.5,1.0,8,0.904549958564846,0.618527087180309,0.9262672811059908,0.13861386138613863,0.9804652134549761,1.7234848484848484,0.017,2335,True,23,7,0.008626586362597803,0.6008152157602296,9.09921343162094,0.031087156469675747,0.46186712683847647,387.3119242548532,1,2.607674845843739,15.590752017398142,0.36888867314592894,0.34,True,joint_candidate,880,True
2138,64.14748800000167,64.17748800000167,"[239, 375, 280, 410]",24.85416715592146,487,12,27.5,1.0,8,0.7561654912002388,0.507916059407709,0.7746478873239436,0.054414784394250515,0.9977522358079993,2.3595744680851065,0.002654867256637168,4470,True,12,5,0.15903801984809363,0.9612434298276779,-46.521597397568705,0.2548461001786203,0.6492165512300702,741.3551370985417,1,-26.498769942699493,-66.54442485243793,0.39050796718767944,0.34,True,joint_candidate,880,True
2141,64.23748800000168,64.26748800000168,"[229, 403, 270, 440]",51.01873593777418,402,127,164.5,1.0,8,0.9376071307692274,0.4462445508173732,0.9536231884057971,0.34577114427860695,0.9955346391667883,2.45995670995671,0.005504587155963303,4595,True,63,13,0.0006392768750801102,0.33750963165169706,1.8606141790022226,0.004088411876316145,0.4632849397261569,463.51549818813277,1,2.9653784375679617,0.7558499204364836,0.34857042413466827,0.34,True,joint_candidate,880,True
2142,64.26748800000168,64.29748800000168,"[231, 412, 271, 448]",66.05501447990537,452,133,175.5,1.0,8,0.9402709448439116,0.5,0.9564032697547684,0.3329646017699115,0.99804930453466,2.7934782608695654,0.0027272727272727275,4979,True,36,8,0.07076323241347889,0.9519155548331911,-13.556446206241008,0.1370295655966658,0.5424940240663553,550.7761999160299,1,-12.90547568294147,-14.207416729540546,0.3960010612805869,0.34,True,joint_candidate,880,True
2143,64.29748800000168,64.32748800000168,"[235, 422, 276, 460]",82.1601681523025,544,173,236.0,1.0,8,0.9516580870093263,0.5370671701761504,0.9672131147540983,0.3694852941176471,0.9967543474706798,2.7221633085896078,0.004424778761061947,5216,True,64,12,0.02977022984764935,0.9135389053711092,-11.61048718609948,0.06680850972573038,0.4877792885334002,618.4825999237786,1,-8.378229862142883,-14.842744510056077,0.38243112804542756,0.34,True,joint_candidate,880,True
2144,64.32748800000168,64.35748800000168,"[241, 430, 282, 468]",101.7398916631937,611,239,305.0,1.0,8,0.9598895053092162,0.543557306504609,0.9744408945686901,0.41898527004909986,0.9958629397305538,2.8863636363636362,0.005982905982905983,6044,True,83,12,0.048869203508175994,0.9656923785042812,10.720585661205513,0.10001510254517876,0.5059771125541208,503.27737010409453,1,16.638502534767355,4.8026687876436664,0.39637850949795306,0.34,True,joint_candidate,880,True
2145,64.35748800000168,64.38748800000168,"[250, 439, 291, 474]",89.42149863764644,576,178,250.5,1.0,8,0.953376049224311,0.5525569191822416,0.9690522243713733,0.3880208333333333,0.9910903640865847,2.8186170212765957,0.012612612612612612,5390,True,39,15,0.03626305650682279,0.9306909896184029,17.377613985515378,0.05873676815893536,0.6633593432649278,1002.2211498506565,-1,23.30949125836913,-11.445736712661626,0.3888410337233821,0.34,True,joint_candidate,880,True
2146,64.38748800000168,64.41748800000168,"[262, 451, 310, 484]",103.7906716875732,668,204,292.5,1.0,8,0.9579796032652618,0.5713760480062969,0.9733777038269551,0.38547904191616766,0.9953666046325437,2.944607843137255,0.006837606837606838,6146,True,105,14,0.011946036600419818,0.7444475830678409,-7.064426388052468,0.025271267008630804,0.6349838801676765,675.5629745599716,1,-7.951998424309373,-6.176854351795563,0.37967060831075394,0.34,True,joint_candidate,880,True
2147,64.41748800000168,64.44748800000168,"[275, 457, 326, 497]",86.99985846877098,771,190,304.5,1.0,8,0.9566837126281288,0.5658469088476951,0.9744,0.3132295719844358,0.9896983359108883,2.1632059800664454,0.0112,5300,True,76,15,0.11101153625573634,0.9895537616489146,-17.490829951944004,0.11334464160543489,0.9897550473249697,742.8693848683207,1,-1.206109747288265,-33.77555015659975,0.4329384950562479,0.34,True,joint_candidate,880,True
2148,64.44748800000168,64.47748800000169,"[292, 468, 341, 500]",99.80981184542179,861,203,333.0,1.0,8,0.9598758588884636,0.6040120102072278,0.9765395894428153,0.33042973286875726,0.9966966672732108,2.4177966101694914,0.004,5761,True,42,10,0.008633681085971831,0.6863302091209701,-10.256187943076341,0.02899222044717875,0.43389176671395685,770.3685024130523,-1,-12.473586964070885,8.038788922081794,0.38331308379490775,0.34,True,joint_candidate,880,True
2149,64.47748800000169,64.50748800000169,"[307, 476, 358, 509]",98.80214589461684,850,244,344.5,1.0,8,0.9596554509972375,0.621017255752144,0.9773049645390071,0.32529411764705884,0.9878782896450792,2.553992740471869,0.01557377049180328,5768,True,137,26,0.034110339308638174,0.9877748779725987,-14.324765530669847,0.061744267884105586,0.5592827408876747,790.5924645387844,1,-14.385644917266523,-14.263886144073169,0.39980991028174384,0.34,True,joint_candidate,880,True
2150,64.50748800000169,64.53748800000169,"[324, 484, 377, 518]",138.99077644571662,976,383,470.0,1.0,8,0.9675969557880922,0.6146992818634976,0.9832635983263598,0.39036885245901637,0.9929675184478988,2.615950445218738,0.009230769230769232,6822,True,134,25,0.08037128241370423,0.9962574661703781,-13.042178349865786,0.08509388866978373,0.9480493355306231,609.964264981263,1,-1.016947877464466,-25.0674088222671,0.42668818434348965,0.34,True,joint_candidate,880,True
2151,64.53748800000169,64.56748800000169,"[343, 493, 395, 525]",150.86942620947957,1018,403,486.0,1.0,8,0.9685016304670224,0.6469818593405765,0.9838056680161943,0.39587426326129665,0.9954024379177883,2.7125822368421053,0.00625,6657,True,206,29,0.003014769948801439,0.7729273856730338,5.574268849137435,0.01311757196414487,0.29734594962376004,692.4705845289081,-1,4.0681056703923515,-7.080432027882519,0.38925589151303397,0.34,True,joint_candidate,880,True
2152,64.56748800000169,64.59748800000169,"[362, 499, 414, 532]",157.75502421706915,1068,435,520.5,1.0,8,0.9692428666284296,0.6360388781713383,0.9848628192999054,0.38342696629213485,0.9954731928136937,2.671590909090909,0.006060606060606061,7076,True,178,30,2.4517136137000374e-05,0.5409210159556083,-3.2580060347740787,0.004775748261526491,0.00949061721304748,670.64932990037,-1,-5.003928293815676,1.5120837757324799,0.38619217613910495,0.34,True,joint_candidate,880,True
2153,64.59748800000169,64.62748800000169,"[375, 507, 425, 541]",127.75332778692245,937,346,427.5,1.0,8,0.9650152949365789,0.6327932920214551,0.981630309988519,0.36125933831376733,0.9902704051225901,2.454700854700855,0.012,5825,True,113,19,0.03951333359350543,0.9564640593639826,14.685012971403273,0.05615230287343964,0.7357113291723438,672.9788980704799,1,10.940339539855266,18.42968640295128,0.40615591576061993,0.34,True,joint_candidate,880,True
2154,64.62748800000169,64.65748800000169,"[399, 513, 443, 549]",77.1962952837348,799,176,250.5,1.0,8,0.9448160427535491,0.5927992364572243,0.9690522243713733,0.24405506883604505,0.9377070680367634,2.1089065255731922,0.06779661016949153,4866,True,32,9,0.019358458195666554,0.857033143521881,14.583100832121639,0.06791909572970589,0.33256860781074543,618.9084622688156,-1,20.660794111236495,-8.505407553006787,0.383011850302265,0.34,True,joint_candidate,880,True
2155,64.65748800000169,64.6874880000017,"[415, 522, 461, 557]",49.46316787973046,720,53,117.5,1.0,8,0.9128990174270193,0.6119470292980159,0.9362549800796812,0.15069444444444444,0.9620592480582857,2.1239583333333334,0.04107142857142857,4235,True,6,4,0.060732306510278035,0.9591461540097178,26.558189445938698,0.3278155049179392,0.1931547953720427,434.3393705136197,-1,33.98975750649544,-19.126621385381963,0.3990645282034611,0.34,True,joint_candidate,880,True
2156,64.6874880000017,64.7174880000017,"[433, 529, 476, 564]",48.8422622717917,674,50,120.5,1.0,8,0.914880313900245,0.6143123141049007,0.9377431906614786,0.1728486646884273,0.9621987081207429,2.24468085106383,0.043243243243243246,4150,False,2,2,0.0,0.0,0.0,0.0,0.0,0.0,0,0.0,0.0,0.3666109412858086,0.34,True,joint_candidate,880,True
2157,64.7174880000017,64.7474880000017,"[447, 535, 493, 570]",48.66250052303076,672,46,118.0,1.0,8,0.9155106353414939,0.5756395979652218,0.9365079365079365,0.16815476190476192,0.9834077855775367,2.0433925049309667,0.017094017094017096,4234,True,16,4,0.01022968492959005,0.46148335116257305,-10.3180052302069,0.035342799276329884,0.6271988825374686,607.6412398578029,-1,-9.911133272736782,10.72487718767702,0.36662545700850596,0.34,True,joint_candidate,880,True
2158,64.7474880000017,64.7774880000017,"[457, 542, 505, 576]",42.86547665670514,625,35,98.5,1.0,8,0.9040644441512847,0.5646924393157821,0.9248826291079812,0.1512,0.9868305236210685,1.9341836734693878,0.01282051282051282,3919,True,5,3,0.009307304444254759,0.9891994859037092,255.3121404403118,0.6286631915091017,0.014966560482238852,342.9979643297597,-1,93.76103701066766,-416.86324386995597,0.3610422165870928,0.34,True,joint_candidate,880,True
2159,64.7774880000017,64.8074880000017,"[469, 548, 513, 581]",41.50156968832016,553,38,103.0,1.0,8,0.9023846315048116,0.5611213263253705,0.9279279279279279,0.1735985533453888,0.9298792465986881,1.9805714285714286,0.07196261682242991,3556,True,9,3,0.0009929325479465284,0.4196840396971109,-14.117464604308363,0.04580152942915339,0.05165558840172031,568.2819220427909,-1,-5.204687050597939,23.030242158018787,0.3554297013016196,0.34,True,joint_candidate,880,True
2160,64.8074880000017,64.8374880000017,"[482, 554, 525, 586]",41.95669551566243,515,55,105.5,1.0,8,0.9093238311741518,0.5449781219485214,0.9295154185022027,0.17766990291262136,0.9881110792905886,1.958477508650519,0.011711711711711712,3464,True,12,3,0.03178213733183018,0.9051776693823452,-116.24055583608845,0.3474814393368745,0.10104565809233207,455.70407212859465,1,-8.917570996206702,-223.56354067597016,0.3720240431770303,0.34,True,joint_candidate,880,True
2161,64.8374880000017,64.8674880000017,"[489, 560, 533, 589]",35.99174381792545,427,52,87.0,1.0,8,0.8954855191203607,0.498393921971091,0.9157894736842105,0.16744730679156908,0.9861398418157771,1.7574344023323616,0.012264150943396227,3111,True,15,5,0.011728978342876157,0.5584083419445963,12.913170698760576,0.03998701695568507,0.5252780825319879,620.0733151198043,-1,23.867643868588484,-1.9586975289326685,0.34985568212035373,0.34,True,joint_candidate,880,True
2176,65.28748800000172,65.31748800000172,"[428, 506, 459, 528]",15.697024051100016,279,10,27.0,0.875,7,0.7030117347343974,0.6199173498629934,0.7216053531635459,0.07885304659498207,0.9719710853880376,1.4765840220385675,0.020987654320987655,1118,True,8,3,0.155397859118515,0.8698638926290525,42.97266127952761,0.2957638709768037,0.6040162262835398,602.4524358213475,1,8.538699138835018,77.4066234202202,0.38935994541495145,0.34,True,joint_candidate,899,True
2177,65.31748800000172,65.34748800000172,"[414, 492, 446, 513]",47.51812690868974,452,123,168.0,1.0,8,0.9364389199441925,0.6676521316046942,0.9545454545454546,0.2721238938053097,0.9921384656264031,3.0631163708086784,0.012087912087912088,3130,True,80,11,0.013840110545647684,0.7433737374560437,24.02047670887492,0.0328687580119329,0.5664336572826159,1105.384774050267,1,1.9039273736079592,46.13702604414189,0.3886915565240681,0.34,True,joint_candidate,899,True
2178,65.34748800000172,65.37748800000172,"[400, 480, 437, 501]",49.444751393049955,537,140,170.0,1.0,8,0.9361268086832519,0.7097551304610343,0.9550561797752809,0.2383612662942272,0.9920567866956621,3.5056285178236397,0.013978494623655914,3800,True,101,13,0.0203472376019759,0.9454518314907264,21.159496675049297,0.076394524053509,0.2817110092432569,623.621556152846,1,2.1175336142399863,40.20145973585861,0.3984922928552175,0.34,True,joint_candidate,899,True
2179,65.37748800000172,65.40748800000172,"[388, 467, 424, 492]",38.0678574629128,466,99,125.0,1.0,8,0.9207846291791258,0.6450359901365416,0.9398496240601504,0.2113733905579399,0.9941905700503139,2.55625,0.007446808510638298,2914,True,77,10,0.07598258469778811,0.9165044610308544,24.9844002506392,0.08314708140087324,0.9970856599100967,664.3427834939212,1,1.5059715144865764,48.46282898679182,0.4147812088580025,0.34,True,joint_candidate,899,True
2180,65.40748800000172,65.43748800000172,"[376, 453, 412, 476]",40.105952609330416,449,99,142.5,1.0,8,0.9273648118242903,0.7167495916404172,0.946843853820598,0.2505567928730512,0.9812841170101139,2.7986270022883297,0.026436781609195402,2571,True,68,10,0.011885987507358638,0.9644284661672351,-30.108812050320545,0.12015636591906376,0.10256955329140743,604.8542389558492,-1,-5.225920738005148,54.99170336263594,0.39225917542239697,0.34,True,joint_candidate,899,True
2181,65.43748800000172,65.46748800000172,"[366, 440, 401, 461]",33.48333357647061,437,66,99.0,1.0,8,0.9047348390194887,0.6922186552431729,0.9252336448598131,0.1853546910755149,0.981736622877283,2.712719298245614,0.025,2543,True,45,8,0.0032975245739324866,0.5136687108101737,-11.975702475301308,0.01811811169633626,0.3543170045557844,578.7343579429785,-1,-14.863090237806459,9.088314712796155,0.3770668885079854,0.34,True,joint_candidate,899,True
2182,65.46748800000172,65.49748800000172,"[355, 427, 389, 448]",28.116666853427887,376,49,72.5,1.0,8,0.8796745845949345,0.6738740833369664,0.9006211180124224,0.17819148936170212,0.972304364577436,2.2620772946859904,0.03176470588235294,1968,True,44,8,0.0006897566634941098,0.2913127907743084,6.965015195538752,0.005252788387335117,0.45076111626172766,609.773926190558,1,4.466599308770328,9.463431082307178,0.365362854043947,0.34,True,joint_candidate,899,True
2183,65.49748800000172,65.52748800000172,"[346, 416, 379, 435]",25.316666834056377,339,50,67.5,1.0,8,0.8739684180815617,0.7039986044643265,0.8940397350993378,0.17846607669616518,0.9804811991454688,2.7558479532163744,0.027160493827160494,1974,True,21,5,0.08648865537723885,0.9242465540094531,-44.651889259257736,0.19525909037580536,0.4792477068023102,719.6878479552549,-1,-24.792929533908104,64.51084898460736,0.4153590765515988,0.34,True,joint_candidate,899,True
2184,65.52748800000172,65.55748800000173,"[337, 405, 369, 424]",23.916666839271784,291,38,67.0,1.0,8,0.8736574106971846,0.6796357567879738,0.8933333333333333,0.21649484536082475,0.975136404447821,2.011111111111111,0.02531645569620253,1362,True,12,4,0.12146979398502414,0.9516760553202781,75.15257315253538,0.3095039305060808,0.41239461329903493,409.89980182008935,-1,35.13928318399578,-115.16586312107499,0.4308509734191147,0.34,True,joint_candidate,899,True
2185,65.55748800000173,65.58748800000173,"[328, 394, 359, 412]",18.025000132620335,240,22,44.0,1.0,8,0.8273394347065292,0.6642111641550714,0.8461538461538461,0.18333333333333332,0.9814355063004957,1.7077205882352942,0.016,984,False,1,1,0.0,0.0,0.0,0.0,0.0,0.0,0,0.0,0.0,0.3478335050352194,0.34,True,joint_candidate,899,True
2327,69.81748800000189,69.84748800000189,"[800, 295, 825, 308]",13.44940484687686,163,26,44.0,1.0,8,0.8290736055373558,0.7274756210491038,0.8461538461538461,0.2116564417177914,0.995132570295246,5.288961038961039,0.012903225806451613,1758,True,28,6,0.05841824646894692,0.990933175497352,65.92603915672716,0.3076405049794495,0.1916287350037068,339.5141538415125,1,82.06109615335588,49.790982160098416,0.38997346037649305,0.34,True,joint_candidate,942,True
2328,69.84748800000189,69.87748800000189,"[789, 296, 814, 309]",19.86957984790206,178,64,80.5,1.0,8,0.892933030630384,0.7344344350545795,0.9096045197740112,0.30337078651685395,0.9907127277844228,6.124242424242424,0.02857142857142857,2199,True,15,3,0.020611112229877954,0.5856402614188957,52.29500201273033,0.09709374088926237,0.362476009527071,471.3582377378192,1,96.61508349152663,7.974920533934034,0.389381186173735,0.34,True,joint_candidate,942,True
2329,69.87748800000189,69.90748800000189,"[776, 298, 801, 310]",26.030277516692877,182,82,90.5,1.0,8,0.9020067880246039,0.7190587281616534,0.9187817258883249,0.34615384615384615,0.9805658112301525,6.2102272727272725,0.0609375,2362,True,26,5,0.07611980983179949,0.8488368093779705,43.944584867667984,0.13234377569623157,0.6775946521311217,596.2372797832887,1,1.0238955104123995,86.86527422492355,0.4203267410391189,0.34,True,joint_candidate,942,True
2330,69.90748800000189,69.93748800000189,"[762, 299, 789, 311]",15.813690520823002,188,38,52.0,1.0,8,0.8477772600992435,0.7812743502698718,0.8666666666666667,0.22340425531914893,0.9757229078461401,5.512987012987013,0.06774193548387097,1868,True,6,4,0.054586248872202994,0.9310949568095861,76.83220948413064,0.2697659745517076,0.21732120535330487,416.86497012844575,1,21.581254749687094,132.08316421857418,0.4015467674499654,0.34,True,joint_candidate,942,True
2345,70.35748800000191,70.38748800000191,"[508, 292, 538, 300]",9.37916673719883,122,10,29.0,1.0,8,0.7645296914620311,0.7971302695712079,0.7837837837837838,0.19672131147540983,0.9542451643652444,2.6510416666666665,0.06206896551724138,583,False,10,2,0.0,0.0,0.0,0.0,0.0,0.0,0,0.0,0.0,0.3489284478742905,0.34,True,joint_candidate,942,True
2346,70.38748800000191,70.41748800000191,"[490, 291, 521, 301]",12.062500070780516,150,16,36.5,1.0,8,0.8020938339748892,0.7595545253127499,0.8202247191011236,0.21666666666666667,0.9742819098345064,3.2192307692307693,0.041935483870967745,909,False,4,1,0.0,0.0,0.0,0.0,0.0,0.0,0,0.0,0.0,0.3545613289893792,0.34,True,joint_candidate,942,True
2347,70.41748800000191,70.44748800000191,"[473, 292, 504, 302]",14.605555679649115,172,22,46.5,1.0,8,0.8316278343925374,0.790856842579329,0.8532110091743119,0.22674418604651161,0.9391740107136687,3.290909090909091,0.1032258064516129,1018,True,13,3,0.15248528412726792,0.9788935282135074,-206.60948418010796,0.5558747816600342,0.2802305661410991,358.94895086575787,1,-228.3866558131179,-184.83231254709804,0.4519837829746579,0.34,True,joint_candidate,942,True
2348,70.44748800000191,70.47748800000191,"[455, 292, 486, 302]",14.573214374482632,175,22,45.5,1.0,8,0.8298449497134808,0.7406681724583486,0.8504672897196262,0.22285714285714286,0.9508483077082721,2.946708463949843,0.07424242424242425,1018,False,5,2,0.0,0.0,0.0,0.0,0.0,0.0,0,0.0,0.0,0.3600537107827965,0.34,True,joint_candidate,942,True
2349,70.47748800000191,70.50748800000191,"[439, 293, 471, 303]",18.927281860262156,182,47,67.0,1.0,8,0.8758318589356033,0.6994621589678437,0.8933333333333333,0.29945054945054944,0.9788550079836297,2.9838709677419355,0.03188405797101449,1175,True,24,6,0.04982328003941355,0.8449563890057937,-55.918420088065375,0.10347221510492233,0.5698680053673632,511.76148837008265,1,-40.91022487538225,-70.9266153007485,0.39507168554753497,0.34,True,joint_candidate,942,True
2350,70.50748800000191,70.53748800000191,"[421, 294, 452, 305]",21.868948601186275,185,71,86.0,1.0,8,0.8959537708318778,0.7420210496308296,0.9148936170212766,0.31891891891891894,0.9626168224299064,3.5,0.06666666666666667,1271,True,23,4,0.0025494825013597584,0.7083682010212833,57.980690587164034,0.10034887631827072,0.03586579521884202,475.40371675616706,-1,0.6453669803854785,-115.31601419394259,0.3814915040699356,0.34,True,joint_candidate,942,True
2351,70.53748800000191,70.56748800000192,"[405, 295, 437, 307]",20.198809806257486,201,63,78.5,1.0,8,0.8885891677016873,0.6917885721601857,0.9075144508670521,0.24129353233830847,0.9807721654204182,3.0904761904761906,0.03,1376,True,17,5,0.02881605375939691,0.8228579782698895,-59.743459817484165,0.11794156222027385,0.2969222516980075,795.2700364959923,1,-3.8059005045576155,-115.68101913041073,0.3861938657022023,0.34,True,joint_candidate,942,True
2352,70.56748800000192,70.59748800000192,"[390, 297, 421, 309]",20.95212870463729,209,72,87.0,1.0,8,0.8969260895700476,0.6939501569107811,0.9157894736842105,0.23923444976076555,0.9839058081861587,3.4723502304147464,0.028169014084507043,1571,True,29,8,0.1123322025793726,0.9781245047315923,-48.90915064973983,0.17981869599970557,0.6386681978462391,494.2727101156275,1,-58.70853821376154,-39.10976308571809,0.43495306182628635,0.34,True,joint_candidate,942,True
2353,70.59748800000192,70.62748800000192,"[374, 299, 405, 311]",21.48113304376602,203,80,95.5,1.0,8,0.9036792704858546,0.7196229171289245,0.9227053140096618,0.26354679802955666,0.9775005739649499,3.877551020408163,0.04411764705882353,1638,True,22,4,0.2310440101313011,0.9796522600681582,-64.53942005108198,0.4000747104764142,0.5894970952590887,444.88584121502487,1,-36.678638058719656,-92.4002020434443,0.5061214242873107,0.34,True,joint_candidate,942,True
2354,70.62748800000192,70.65748800000192,"[361, 301, 389, 314]",23.53506103157997,204,86,96.0,1.0,8,0.904453974706784,0.6969320524371696,0.9230769230769231,0.2696078431372549,0.9804932423017974,3.6785714285714284,0.036231884057971016,1635,True,25,6,0.0020620801206013796,0.6948621741081451,-28.873818089739146,0.055231650793504006,0.05373024746325968,500.89530529818484,1,-1.1196437912991937,-56.62799238817911,0.3770101443439414,0.34,True,joint_candidate,942,True
2355,70.65748800000192,70.68748800000192,"[348, 303, 374, 317]",21.811941135674715,197,84,99.0,1.0,8,0.9071760568836197,0.6974379922877874,0.9252336448598131,0.27411167512690354,0.9860510771668188,3.140740740740741,0.022058823529411766,1326,True,20,4,0.010921939296630942,0.5077958095000666,-23.854416769280476,0.043874064977265204,0.4902332588524489,566.9882277522687,1,-18.346683491890897,-29.362150046670045,0.382775582521401,0.34,True,joint_candidate,942,True
2356,70.68748800000192,70.71748800000192,"[334, 306, 361, 320]",17.0365692935884,178,65,76.0,1.0,8,0.8857313104317472,0.6670832032063166,0.9047619047619048,0.19662921348314608,0.9903099308068496,2.4525,0.011940298507462687,1026,True,15,5,0.013815931474248842,0.6361650450644765,14.49476110264852,0.05524239724246627,0.3931315072582248,256.3119673506142,1,4.903560846957621,24.085961358339414,0.3733806359213085,0.34,True,joint_candidate,942,True
2357,70.71748800000192,70.74748800000192,"[322, 310, 347, 323]",15.596618186682463,153,62,74.0,1.0,8,0.8840451953515848,0.674801558131828,0.9024390243902439,0.21895424836601307,0.9912674131939289,2.494047619047619,0.0109375,875,True,9,4,0.05006057878451219,0.7596658651984147,45.837448338667876,0.12285471839079087,0.5363909149573507,629.7533279823336,-1,39.21096427295769,-52.46393240437807,0.3939671106567313,0.34,True,joint_candidate,942,True
2358,70.74748800000192,70.77748800000192,"[312, 313, 334, 326]",13.97284959629178,146,50,56.5,1.0,8,0.8572236687308128,0.6298723128021921,0.875968992248062,0.1780821917808219,0.9913055120218621,2.114130434782609,0.009230769230769232,801,True,6,4,0.020797708954298486,0.5661465154299892,21.68685772025535,0.056588608890617564,0.6491688015243838,331.8119392614133,1,31.884179325423517,11.48953611508719,0.3630866874644368,0.34,True,joint_candidate,942,True
2359,70.77748800000192,70.80748800000192,"[302, 316, 324, 330]",12.558838609606028,132,49,56.0,1.0,8,0.8572548524604757,0.5940885257860046,0.875,0.20833333333333334,0.9950163456755027,1.8475935828877006,0.004615384615384616,709,False,2,1,0.0,0.0,0.0,0.0,0.0,0.0,0,0.0,0.0,0.3462897346060434,0.34,True,joint_candidate,942,True
2374,71.22748800000194,71.25748800000194,"[337, 365, 365, 378]",11.37083349749446,143,17,27.5,0.875,7,0.7088299314909182,0.6267831705280087,0.7246167474386154,0.18181818181818182,0.9864029798179239,1.5494505494505495,0.010606060606060607,603,True,9,4,0.2123904914281945,0.989391787505745,-106.43874948453181,0.46188241977868827,0.46476705576165206,394.5991327747839,1,-92.33361043090672,-120.54388853815686,0.42348122531198373,0.34,True,joint_candidate,952,True
2375,71.25748800000194,71.28748800000194,"[352, 368, 382, 380]",13.858333479613066,165,25,34.5,1.0,8,0.7945170657456138,0.6487822187351768,0.8117647058823529,0.20606060606060606,0.9857306951837053,1.8418367346938775,0.013235294117647059,761,True,19,5,0.01729839940935517,0.8993853389799524,-53.73931409163071,0.16948267667037775,0.11348404372527243,387.6410084487883,-1,-95.41327814208256,12.06535004117886,0.345186572209106,0.34,True,joint_candidate,952,True
2376,71.28748800000194,71.31748800000194,"[369, 369, 400, 382]",15.941342186182737,206,36,41.5,1.0,8,0.8202498422088501,0.7003400534570263,0.8383838383838383,0.1650485436893204,0.9922796482950891,2.211904761904762,0.008571428571428572,968,True,27,8,0.017520246637565316,0.9513507629993487,-32.69608263297713,0.13639092359580696,0.13502496533029973,395.480212190398,1,-58.79698302200864,-6.595182243945618,0.3607620963318699,0.34,True,joint_candidate,952,True
2377,71.31748800000194,71.34748800000195,"[387, 370, 417, 382]",23.5319507047534,216,78,86.0,1.0,8,0.8974750156262357,0.7171371656006361,0.9148936170212766,0.2708333333333333,0.9917519474568505,3.104761904761905,0.012857142857142857,1350,True,57,8,0.12689477296073529,0.9977406381632983,-72.66883925178784,0.296483944031094,0.4289679962679869,557.2154975657928,-1,-37.36156357776403,107.97611492581164,0.4466052046563705,0.34,True,joint_candidate,952,True
2378,71.34748800000195,71.37748800000195,"[407, 370, 437, 382]",27.08257843926549,227,102,109.0,1.0,8,0.9144642728104125,0.7274184003292253,0.9316239316239316,0.2775330396475771,0.996360165447025,3.808857808857809,0.006944444444444444,1669,True,45,7,0.04200770435817738,0.9393223291830097,35.778523656754004,0.14470239646111716,0.30905699587869184,439.9829145426556,1,29.406155386399416,42.150891927108596,0.4065562792895051,0.34,True,joint_candidate,952,True
2379,71.37748800000195,71.40748800000195,"[424, 369, 456, 379]",35.72672227025032,230,132,135.0,1.0,8,0.9287759398705753,0.7213612069901086,0.9440559440559441,0.3782608695652174,0.9934785575611971,5.024886877828054,0.01643835616438356,2260,True,46,5,0.4659390210019364,0.9994542844173133,109.97947337251487,0.5604082048497077,0.8318818782217341,389.2493411200198,1,62.23153726349725,157.72740948153248,0.6431034245607539,0.34,True,joint_candidate,952,True
2380,71.40748800000195,71.43748800000195,"[444, 367, 473, 378]",24.82092049345374,189,83,90.5,1.0,8,0.9017345142323692,0.7080439675238746,0.9187817258883249,0.32275132275132273,0.9834911799694931,3.180371352785146,0.026470588235294117,1244,True,25,5,0.23758420205016562,0.9919948054247346,-102.81621265875798,0.3837057458896399,0.6241800139473743,543.373148556608,-1,-107.83545835229405,97.79696696522187,0.507398260525883,0.34,True,joint_candidate,952,True
2381,71.43748800000195,71.46748800000195,"[461, 364, 494, 375]",18.461210545152426,189,57,69.5,1.0,8,0.8780795227524815,0.6599120175960898,0.896774193548387,0.2328042328042328,0.983007269547513,1.9723502304147464,0.016901408450704224,896,False,13,2,0.0,0.0,0.0,0.0,0.0,0.0,0,0.0,0.0,0.3624106594651579,0.34,True,joint_candidate,952,True
2382,71.46748800000195,71.49748800000195,"[478, 361, 511, 372]",13.700992289930582,181,36,47.0,1.0,8,0.8343260494898054,0.6975379127939544,0.8545454545454545,0.143646408839779,0.9769856276172469,1.9919354838709677,0.02318840579710145,785,True,9,4,0.32714814285065086,0.9914341566919674,-104.16967231857693,0.4809628905724139,0.6860709225196165,144.2152852962403,-1,-135.50348650600793,72.8358581311459,0.5348599803338927,0.34,True,joint_candidate,952,True
2383,71.49748800000195,71.52748800000195,"[497, 356, 528, 368]",12.263889085501432,161,28,38.0,1.0,8,0.8062083266786887,0.6534949907365564,0.8260869565217391,0.15527950310559005,0.9699086083729098,1.636604774535809,0.025,652,True,8,3,0.029354464363799213,0.8768799977958159,49.29640091341235,0.30498361462139834,0.10976338433535904,189.40328351174563,-1,31.381550488486997,-67.21125133833769,0.35603170201417966,0.34,True,joint_candidate,952,True
2393,71.79748800000196,71.82748800000196,"[1006, 497, 1031, 509]",2.52500007674098,64,1,1.0,0.75,6,0.09105634887692234,0.4404315305588008,0.09622504486493762,0.0078125,0.7035468024696921,0.4682274247491639,0.08148148148148149,145,True,21,5,0.6177331661748243,0.9999644539408687,-792.7689480057886,0.6909993225524925,0.8940025044497717,1294.1069800074793,1,-1079.3613533967755,-506.17654261480163,0.4331348756430502,0.34,True,joint_candidate,962,True
2413,72.39748800000199,72.42748800000199,"[590, 304, 610, 315]",11.911093950271606,115,46,50.5,1.0,8,0.8463735500508931,0.6823393910177054,0.8632478632478633,0.24347826086956523,0.9935334147422435,3.720647773279352,0.01206896551724138,946,True,20,4,5.708829278640531e-05,0.3104499566836236,-18.121719504931196,0.015064758058760064,0.012206560018960979,539.41770093031,1,-30.858883908729332,-5.384555101133052,0.3562943722289562,0.34,True,joint_candidate,972,True
2430,72.907488000002,72.937488000002,"[358, 367, 383, 377]",10.179464418441057,141,14,30.0,1.0,8,0.770639373855802,0.7308152359460693,0.7894736842105263,0.1524822695035461,0.9727337864792116,1.8977272727272727,0.02622950819672131,533,True,7,3,0.19034451825718707,0.9975585359637442,-181.32834237781492,0.7526079874128002,0.25353222144406173,279.3891525127336,-1,-182.29591681222112,180.36076794340875,0.44550358259010386,0.34,True,joint_candidate,972,True
2431,72.937488000002,72.967488000002,"[342, 370, 369, 379]",9.03273819386959,118,20,33.0,1.0,8,0.7862705212800926,0.7391185942027817,0.8048780487804879,0.1652542372881356,0.9770224988032553,2.0416666666666665,0.023728813559322035,475,False,1,1,0.0,0.0,0.0,0.0,0.0,0.0,0,0.0,0.0,0.346748945514445,0.34,True,joint_candidate,972,True
2432,72.967488000002,72.99748800000201,"[328, 372, 353, 381]",9.454762041568756,127,17,30.0,1.0,8,0.7711950086664785,0.7597846584873422,0.7894736842105263,0.15748031496062992,0.9786503433860853,2.077272727272727,0.022413793103448276,489,False,9,2,0.0,0.0,0.0,0.0,0.0,0.0,0,0.0,0.0,0.34532620137304487,0.34,True,joint_candidate,972,True
2433,72.99748800000201,73.02748800000201,"[313, 374, 340, 383]",8.966964438557625,120,22,34.0,1.0,8,0.7907597581130575,0.7223151185146152,0.8095238095238095,0.15,0.9802899378704563,2.0434782608695654,0.020338983050847456,518,False,0,0,0.0,0.0,0.0,0.0,0.0,0.0,0,0.0,0.0,0.3455751952111095,0.34,True,joint_candidate,972,True
2434,73.02748800000201,73.05748800000201,"[300, 376, 325, 384]",9.437896993011236,118,19,32.0,1.0,8,0.7828972270467749,0.7323685113135575,0.8,0.17796610169491525,0.991550161315102,2.0318181818181817,0.008620689655172414,482,False,5,2,0.0,0.0,0.0,0.0,0.0,0.0,0,0.0,0.0,0.3447244448110661,0.34,True,joint_candidate,972,True
2435,73.05748800000201,73.08748800000201,"[289, 377, 312, 385]",8.380555666983128,104,19,30.5,1.0,8,0.7751361138861139,0.7417981870189158,0.7922077922077922,0.1778846153846154,0.9898247597512719,2.0952380952380953,0.010714285714285714,417,False,1,1,0.0,0.0,0.0,0.0,0.0,0.0,0,0.0,0.0,0.3438105622186715,0.34,True,joint_candidate,972,True
2462,73.86748800000204,73.89748800000204,"[252, 324, 273, 337]",13.084838185459375,98,39,44.0,1.0,8,0.8316051268742731,0.6298897789321866,0.8461538461538461,0.32653061224489793,0.9963667654651498,3.789473684210526,0.006896551724137931,987,True,11,4,0.00037108653251907215,0.7581398152926285,74.07116791093551,0.12211134641797028,0.0040083890606958696,247.0122608834401,1,103.71566056109062,44.426675260780435,0.3441691024949954,0.34,True,joint_candidate,1013,True
2463,73.89748800000204,73.92748800000204,"[263, 325, 283, 337]",15.248584315180779,109,43,51.0,1.0,8,0.8499639577410306,0.664300795241662,0.864406779661017,0.3532110091743119,0.9945250938476177,4.396761133603239,0.01206896551724138,1129,True,12,4,0.024636902474083094,0.923337362691264,92.18026619445274,0.25756227833129064,0.10359610727571039,234.55288721586987,1,183.3191400262136,1.0413923626918942,0.3681846029693042,0.34,True,joint_candidate,1013,True
2464,73.92748800000204,73.95748800000204,"[274, 325, 295, 336]",11.320396468043327,103,38,42.5,1.0,8,0.8258102070005555,0.6457585063961573,0.8415841584158416,0.2766990291262136,0.9932719241298218,3.064777327935223,0.010344827586206896,808,True,7,3,0.03290507268725793,0.6521852480265019,51.45139471604779,0.12636431652281788,0.39927069030998075,127.54805679830342,1,98.91915308517139,3.983636346924191,0.3627046280375821,0.34,True,joint_candidate,1013,True
2552,76.56748800000214,76.59748800000214,"[590, 305, 618, 318]",10.09583342447877,122,16,27.5,1.0,8,0.7590333419217344,0.552268050859363,0.7746478873239436,0.20901639344262296,0.9960991783894484,1.5275,0.0029850746268656717,662,True,13,3,0.29124770556809737,0.9497892306962954,67.00447165440835,0.4434697356431858,0.6914667235161175,357.5687509816415,-1,105.92425005590304,-28.084693252913695,0.4707364482678783,0.34,True,joint_candidate,1036,True
2553,76.59748800000214,76.62748800000215,"[580, 308, 606, 320]",19.946682680398226,152,73,82.0,1.0,8,0.8963379411847695,0.6497862896539309,0.9111111111111111,0.3651315789473684,0.9965172805765836,3.5277777777777777,0.006153846153846154,1346,True,36,5,0.3625509334402136,0.993807319089896,96.88981194151924,0.4029284739646314,0.9053966385283838,572.3018887130054,-1,48.032610316554546,-145.74701356648396,0.565772339195638,0.34,True,joint_candidate,1036,True
2554,76.62748800000215,76.65748800000215,"[568, 311, 595, 322]",15.691639807075262,151,44,50.5,1.0,8,0.8464785749666465,0.6546536707079771,0.8632478632478633,0.24503311258278146,0.9943775100401605,3.2742857142857145,0.009230769230769232,1210,False,9,1,0.0,0.0,0.0,0.0,0.0,0.0,0,0.0,0.0,0.3521416230961905,0.34,True,joint_candidate,1036,True
2557,76.71748800000215,76.74748800000215,"[528, 318, 557, 331]",14.250000186264515,203,14,33.5,1.0,8,0.7889216962606044,0.695221787153807,0.8072289156626506,0.15270935960591134,0.9847078099399235,1.880952380952381,0.014492753623188406,845,False,0,0,0.0,0.0,0.0,0.0,0.0,0.0,0,0.0,0.0,0.34095977695125235,0.34,True,joint_candidate,1036,True
2562,76.86748800000215,76.89748800000216,"[457, 329, 488, 342]",14.18035727366805,206,17,32.5,1.0,8,0.784055636689242,0.5717986953521139,0.8024691358024691,0.15048543689320387,0.9825474586650338,1.4752791068580542,0.012987012987012988,951,True,9,3,0.15142820023732936,0.8413432579973572,89.8395172638212,0.26229814895327186,0.6861804114551006,184.43033087153242,-1,22.975677666608306,-156.70335686103402,0.4042720054401209,0.34,True,joint_candidate,1036,True
2569,77.07748800000216,77.10748800000216,"[358, 343, 386, 357]",13.629166785627604,181,22,36.0,1.0,8,0.8011098845427819,0.6676921505317952,0.8181818181818182,0.17679558011049723,0.9970841293325098,1.9852216748768472,0.002898550724637681,834,True,9,4,0.0009865835885029318,0.24035165233540995,13.786702189238362,0.00886448778915161,0.4630555870802393,377.8716679860553,1,26.025283087394453,1.548121291082278,0.3410294089162804,0.34,True,joint_candidate,1036,True
2624,78.72748800000223,78.75748800000223,"[637, 391, 666, 400]",10.195833500474691,142,30,35.5,1.0,8,0.7967016572532698,0.739022223044643,0.8160919540229885,0.13732394366197184,0.9775862068965517,2.8461538461538463,0.03225806451612903,790,True,24,4,0.0010317781667807662,0.9325630201624058,-75.15261220017064,0.2722159842820453,0.004064382012559857,451.8973000169615,-1,-128.2166758292653,22.08854857107597,0.35043130862440686,0.34,True,joint_candidate,1049,True
2625,78.75748800000223,78.78748800000223,"[655, 389, 683, 400]",17.77216900140047,178,57,64.5,1.0,8,0.8723672769795198,0.7741618689438271,0.8896551724137931,0.24157303370786518,0.9951943173206836,3.8922558922558923,0.009375,1207,True,37,6,0.21581079135189934,0.9776449488272687,115.44357911591175,0.24555252120177917,0.898974967888564,803.3721403739169,-1,49.488894388341066,-181.3982638434824,0.49653039867897464,0.34,True,joint_candidate,1049,True
2626,78.78748800000223,78.81748800000223,"[672, 389, 700, 399]",19.68189189583063,168,70,77.0,1.0,8,0.88938646807525,0.6831300510639732,0.9058823529411765,0.28273809523809523,0.9971672502655703,4.147222222222222,0.0058823529411764705,1525,True,27,5,0.09629405249577712,0.9921690688367254,145.6631131832561,0.3853735578880655,0.2518441504346292,503.10776283218604,1,94.96598159461263,196.36024477189954,0.42224717695484837,0.34,True,joint_candidate,1049,True
2627,78.81748800000223,78.84748800000223,"[688, 388, 718, 398]",18.857575986534357,165,76,80.0,1.0,8,0.8925660998319721,0.7542980294561158,0.9090909090909091,0.296969696969697,0.9938770585751343,3.5068965517241377,0.010769230769230769,1058,True,26,3,0.024692414686624375,0.5709550819078609,29.479566789946844,0.09142530107599212,0.47303711784011837,200.34206587984067,1,13.916681035952422,45.042452543941266,0.3944953624456524,0.34,True,joint_candidate,1049,True
2628,78.84748800000223,78.87748800000223,"[704, 388, 735, 397]",16.782738253474236,164,46,57.0,1.0,8,0.8600414800782061,0.7049607769015925,0.8769230769230769,0.2804878048780488,0.9871372382268523,2.536363636363636,0.016417910447761194,868,True,16,4,0.05263926051924538,0.8573025228181019,90.63703285814833,0.184730112751174,0.3323823718525297,320.45017515197986,-1,70.9984693130095,-110.27559640328717,0.3927081538442857,0.34,True,joint_candidate,1049,True
2629,78.87748800000223,78.90748800000223,"[721, 388, 750, 397]",16.617559541016817,161,33,55.5,1.0,8,0.8585534877030401,0.7362659452178554,0.8740157480314961,0.32298136645962733,0.9922123018660135,2.797979797979798,0.0109375,885,True,7,3,4.550517799985798e-05,0.46226180446009757,27.202601367857664,0.056568149033995985,0.0017402067097187649,500.3354549074322,-1,40.167593593641016,-14.237609142074307,0.36803096594149026,0.34,True,joint_candidate,1049,True
2630,78.90748800000223,78.93748800000223,"[736, 388, 766, 398]",16.741666700690985,184,24,53.5,1.0,8,0.8537744336240664,0.7871014035869962,0.8699186991869918,0.27717391304347827,0.9950331541143712,3.138047138047138,0.0078125,985,True,9,4,0.23521415066261003,0.9898106863629386,-99.88371432872911,0.4655227042507005,0.5104702543283447,292.4912256636656,-1,-91.33210700120958,108.43532165624866,0.5035653234897048,0.34,True,joint_candidate,1049,True
2631,78.93748800000223,78.96748800000223,"[752, 388, 780, 398]",15.65000006556511,194,16,45.0,1.0,8,0.8319614984643613,0.8990735972840785,0.8490566037735849,0.22422680412371135,0.9924546097618487,3.5208333333333335,0.013333333333333334,927,False,0,0,0.0,0.0,0.0,0.0,0.0,0.0,0,0.0,0.0,0.3844494891319201,0.34,True,joint_candidate,1049,True
2709,81.27748800000232,81.30748800000232,"[473, 385, 501, 394]",11.31875016540289,155,16,30.5,1.0,8,0.7752253032173665,0.7986614315869565,0.7922077922077922,0.16451612903225807,0.9943845540573328,2.8641975308641974,0.008064516129032258,732,False,6,1,0.0,0.0,0.0,0.0,0.0,0.0,0,0.0,0.0,0.3523668057032534,0.34,True,joint_candidate,1060,True
2710,81.30748800000232,81.33748800000232,"[457, 384, 485, 393]",20.14621242135763,179,74,85.5,1.0,8,0.8977805135511678,0.7995534467974698,0.9144385026737968,0.2877094972067039,0.995832092884787,4.489285714285714,0.009375,1298,True,25,6,0.26656756255817365,0.9981566776394217,43.96331270060258,0.40754763889304735,0.6552849641286196,280.4543542235932,-1,21.24469666070525,-66.6819287404999,0.5358793304919663,0.34,True,joint_candidate,1060,True
2711,81.33748800000232,81.36748800000233,"[442, 382, 471, 392]",12.85625010356307,170,12,32.5,1.0,8,0.785743458325733,0.7709770388316337,0.8024691358024691,0.18529411764705883,0.9951500146262671,2.611888111888112,0.006349206349206349,796,False,1,1,0.0,0.0,0.0,0.0,0.0,0.0,0,0.0,0.0,0.3513695933224649,0.34,True,joint_candidate,1060,True
2713,81.39748800000233,81.42748800000233,"[410, 378, 440, 387]",10.950000114738941,159,8,24.5,1.0,8,0.7374137458895703,0.8089010988089465,0.7538461538461538,0.1540880503144654,0.9933565716629074,2.419753086419753,0.008064516129032258,647,False,5,2,0.0,0.0,0.0,0.0,0.0,0.0,0,0.0,0.0,0.34255928858821305,0.34,True,joint_candidate,1060,True
2821,84.63748800000245,84.66748800000245,"[677, 344, 707, 352]",6.7101191729307175,110,14,20.0,1.0,8,0.6956221567710771,0.6856277926728686,0.7142857142857143,0.08636363636363636,0.9663507052211531,2.299145299145299,0.03934426229508197,633,True,8,4,0.3584870586422725,0.9958866869851548,-101.96116985891727,0.5419771447723374,0.6641750893298111,392.668857359608,1,-145.67101192330225,-58.25132779453233,0.5086986981855033,0.34,True,joint_candidate,1128,True
2823,84.69748800000245,84.72748800000245,"[705, 344, 734, 352]",12.019642919301987,107,32,43.5,1.0,8,0.8291296786738984,0.7172329307296736,0.8446601941747572,0.32710280373831774,0.9840896253059689,2.701923076923077,0.021666666666666667,601,True,15,3,0.03873211467330109,0.8305289483466696,-202.3989322159266,0.25100998716578726,0.18579132542277968,652.0523663295878,-1,-201.39243423289395,203.40543019895938,0.37762650628193617,0.34,True,joint_candidate,1128,True
2824,84.72748800000245,84.75748800000245,"[719, 344, 753, 352]",12.161408819258213,105,34,48.0,1.0,8,0.8401837011170311,0.6922879984594995,0.8571428571428571,0.3380952380952381,0.9670745320746945,2.7880184331797233,0.04666666666666667,652,True,13,3,0.01640391899159067,0.9364758524564313,-119.51539447588587,0.40926756203789694,0.04279999400052035,254.48932725992296,-1,-89.93713624773193,149.09365270403976,0.3649204655494091,0.34,True,joint_candidate,1128,True
2825,84.75748800000245,84.78748800000245,"[737, 342, 768, 354]",19.3054563626647,165,54,66.5,1.0,8,0.8768194049063504,0.673273126819052,0.8926174496644296,0.3333333333333333,0.9895061550436762,3.1126373626373627,0.016417910447761194,1228,True,28,5,0.17966555190766248,0.9817884047753939,-85.45320483018696,0.31878722434302476,0.5740450929033758,547.4368487194772,1,-142.1355472868412,-28.770862373532726,0.46285284404397725,0.34,True,joint_candidate,1128,True
2826,84.78748800000245,84.81748800000246,"[749, 342, 781, 354]",27.24692463502288,211,76,92.0,1.0,8,0.9048074926440899,0.6630108093638695,0.92,0.37203791469194314,0.9917246567613315,3.6770833333333335,0.015277777777777777,1880,True,26,3,0.14739772212118096,0.8875658283009182,-43.337612317459374,0.31994098901378987,0.5190632906783568,258.15446118642285,-1,-82.17511763259473,4.500107002324007,0.4519626163644569,0.34,True,joint_candidate,1128,True
2827,84.81748800000246,84.84748800000246,"[763, 342, 795, 354]",27.665521424263716,217,74,91.0,1.0,8,0.9024129494582218,0.6634472637710355,0.9191919191919192,0.35253456221198154,0.978985769792981,3.793103448275862,0.04027777777777778,2025,True,29,5,0.09578468553253904,0.9693802041525765,102.18026225011013,0.2752062034191962,0.35904072481118926,532.5633142603748,-1,145.59166880720826,-58.768855693011965,0.4229225514460183,0.34,True,joint_candidate,1128,True
2828,84.84748800000246,84.87748800000246,"[777, 342, 810, 354]",35.03317814320326,245,96,112.5,1.0,8,0.9183614594694036,0.7035264706814485,0.9336099585062241,0.3795918367346939,0.9916440711942016,5.153535353535354,0.021621621621621623,2632,True,34,7,0.04554962618971138,0.8684185191284756,45.35306246640364,0.09607746177559295,0.5459265550263478,685.3012549577111,-1,34.31390982653417,-56.392215106273134,0.4060897028473796,0.34,True,joint_candidate,1128,True
2829,84.87748800000246,84.90748800000246,"[791, 342, 822, 355]",28.101127464324236,249,73,98.5,1.0,8,0.9081898368283505,0.7841012784167711,0.9248826291079812,0.3353413654618474,0.985437155031373,5.012345679012346,0.03676470588235294,2207,True,19,8,0.009940369041516402,0.9777153874232415,40.29333014294754,0.17882119974070243,0.0568553128460395,534.0532676763683,1,20.167478441308223,60.41918184458687,0.39553934578385486,0.34,True,joint_candidate,1128,True
2830,84.90748800000246,84.93748800000246,"[805, 342, 835, 356]",17.649107307195663,206,29,51.5,1.0,8,0.8461551359233769,0.7131914015947205,0.865546218487395,0.220873786407767,0.9701675771898596,3.4962962962962965,0.052941176470588235,1564,False,11,2,0.0,0.0,0.0,0.0,0.0,0.0,0,0.0,0.0,0.36082525101622115,0.34,True,joint_candidate,1128,True
2831,84.93748800000246,84.96748800000246,"[818, 345, 848, 354]",11.20833344757557,164,5,26.5,1.0,8,0.7486297345428559,0.8266397845091497,0.7681159420289855,0.15548780487804878,0.9565217391304347,3.0,0.06666666666666667,891,False,0,0,0.0,0.0,0.0,0.0,0.0,0.0,0,0.0,0.0,0.34858488803922916,0.34,True,joint_candidate,1128,True
2832,84.96748800000246,84.99748800000246,"[832, 346, 861, 356]",11.756250131875277,163,9,26.5,1.0,8,0.7504167851773793,0.7684918413001712,0.7681159420289855,0.15950920245398773,0.9792640036062602,2.503623188405797,0.02622950819672131,798,False,1,1,0.0,0.0,0.0,0.0,0.0,0.0,0,0.0,0.0,0.3403988117482395,0.34,True,joint_candidate,1128,True
2981,89.43748800000263,89.46748800000263,"[740, 321, 764, 332]",10.082738116383553,100,24,32.0,0.875,7,0.728173341507701,0.601929265428846,0.7483314773547883,0.29,0.906465338705426,1.8043478260869565,0.08852459016393442,578,True,17,3,0.2568900685750671,0.9002326220289317,-180.81606694045036,0.339337976584668,0.8409304958976601,493.82472532451817,1,-296.41078971275664,-65.22134416814404,0.45003092998292404,0.34,True,joint_candidate,1164,True
2983,89.49748800000263,89.52748800000263,"[766, 328, 794, 340]",9.254166726022959,125,15,24.5,1.0,8,0.7337251700445122,0.6611073566849314,0.7538461538461538,0.18,0.9367932520534825,3.013986013986014,0.09836065573770492,1033,True,10,3,0.052354338983107034,0.7347980962797696,-38.633312741568496,0.1732058010770554,0.4113601566527261,210.6529373256207,1,-50.320489621873485,-26.946135861263503,0.34807854095680224,0.34,True,joint_candidate,1164,True
2984,89.52748800000263,89.55748800000264,"[781, 332, 809, 344]",9.312500078231096,140,14,21.0,1.0,8,0.7037872655584249,0.6179547975929404,0.7241379310344828,0.1392857142857143,0.9326973634793061,2.9642857142857144,0.1032258064516129,1166,True,5,3,0.10813703744541009,0.8580081938406582,-47.385382345786134,0.28113091740155083,0.4483058666701532,279.5514677510817,1,-28.2002704757922,-66.57049421578007,0.36330476990144406,0.34,True,joint_candidate,1164,True
3119,93.57748800000279,93.60748800000279,"[300, 372, 330, 383]",14.237500160932541,195,19,35.0,1.0,8,0.7955183880122122,0.6930335969507273,0.813953488372093,0.1641025641025641,0.9821121734149887,1.6059113300492611,0.014492753623188406,683,False,10,2,0.0,0.0,0.0,0.0,0.0,0.0,0,0.0,0.0,0.34261055594627277,0.34,True,joint_candidate,1220,True
3120,93.60748800000279,93.63748800000279,"[319, 371, 351, 382]",17.13035725057125,215,23,47.0,1.0,8,0.8365786367142565,0.7815340392749727,0.8545454545454545,0.20465116279069767,0.9883556810162314,2.227272727272727,0.013043478260869565,823,True,12,4,0.03963768890436229,0.8097961434656159,57.231347816387675,0.1505303324887689,0.3251685989124952,472.1875852993344,1,14.160230659094477,100.30246497368088,0.39000442580292205,0.34,True,joint_candidate,1220,True
3121,93.63748800000279,93.66748800000279,"[339, 371, 372, 382]",19.62083351239562,247,37,55.5,1.0,8,0.855335245694999,0.7828813612588127,0.8740157480314961,0.19838056680161945,0.9864004429903074,2.295285359801489,0.015714285714285715,980,True,16,6,0.037798195505286285,0.9309420275337811,76.76416438993449,0.1634981471088267,0.2483336630877081,695.0269487354323,-1,135.65536524167968,-17.872963538189335,0.39482178542522905,0.34,True,joint_candidate,1220,True
3122,93.66748800000279,93.69748800000279,"[361, 370, 394, 382]",22.77440495043993,274,37,66.5,1.0,8,0.8740500384546794,0.7587030065189146,0.8926174496644296,0.21715328467153286,0.9874553173545958,2.3550420168067228,0.014864864864864866,1151,True,37,8,0.02413958224990657,0.9571505595783504,37.33165018140621,0.14332969921574523,0.17595973653454694,473.18968488062467,1,52.37361298245351,22.289687380358913,0.3892972327516896,0.34,True,joint_candidate,1220,True
3123,93.69748800000279,93.7274880000028,"[382, 370, 416, 381]",25.50803591683507,266,59,89.0,1.0,8,0.8996458706124838,0.7018494087712781,0.9175257731958762,0.2650375939849624,0.9886614173228345,2.2777777777777777,0.012987012987012988,1258,True,45,6,0.0014646741021976256,0.8950588432731847,29.822791172869998,0.13237879691620857,0.012361494642903714,338.9307812227033,1,46.98203040699043,12.663551938749565,0.37597674325564556,0.34,True,joint_candidate,1220,True
3124,93.7274880000028,93.7574880000028,"[404, 369, 439, 381]",27.0700399056077,293,57,90.0,1.0,8,0.9004817769927427,0.7421265927719125,0.9183673469387755,0.24061433447098976,0.9949974611174844,2.556390977443609,0.00641025641025641,1394,True,52,6,0.2436269628661162,0.9864156721036952,47.999637320300934,0.2802855623400019,0.8811800576831618,351.0867965997635,-1,93.22756465705292,-2.771709983548954,0.5154583515899736,0.34,True,joint_candidate,1220,True
3125,93.7574880000028,93.7874880000028,"[427, 369, 463, 381]",28.805059760808945,309,64,96.5,1.0,8,0.9053686779824069,0.7621201136757728,0.9234449760765551,0.2459546925566343,0.9926237634058248,2.7706766917293235,0.010256410256410256,1512,True,67,9,0.0002087997687510859,0.4709387239073048,10.52048016034019,0.01290402095536547,0.03435900281523149,520.9253666608408,-1,15.137662321960653,-5.903297998719732,0.3860434603189011,0.34,True,joint_candidate,1220,True
3126,93.7874880000028,93.8174880000028,"[450, 369, 487, 381]",31.25403168797493,315,83,112.0,1.0,8,0.9153095577786717,0.7104982000735064,0.9333333333333333,0.2492063492063492,0.9944829781308435,2.6778846153846154,0.007407407407407408,1706,True,70,12,0.04243624707039822,0.9972566308113959,-47.79253873012694,0.19024059446662545,0.22367983941248956,607.0300671058385,-1,-5.631928290486544,89.95314916976737,0.4045075332333465,0.34,True,joint_candidate,1220,True
3127,93.8174880000028,93.8474880000028,"[475, 369, 511, 381]",39.053034864366055,346,121,142.5,1.0,8,0.9292820772691006,0.7352720584926371,0.946843853820598,0.27890173410404623,0.9947020494081197,3.2140625,0.00853658536585366,2094,True,78,10,0.0018103367024826268,0.9399673402686122,55.35527491916185,0.09740677061803305,0.019772311647495825,859.7831363596279,1,12.77461899610293,97.93593084222077,0.3900711171409912,0.34,True,joint_candidate,1227,True
3128,93.8474880000028,93.8774880000028,"[499, 369, 535, 382]",46.5779050886631,370,144,178.0,1.0,8,0.9402392590559427,0.7285921252219499,0.956989247311828,0.3364864864864865,0.9906960792820138,3.3113342898134865,0.015476190476190477,2343,True,104,10,0.002991199181323134,0.9008383752834654,31.701964218747673,0.07577074572801656,0.04382247410663858,645.2381951602264,1,15.771869200072356,47.632059237422986,0.39300575604980303,0.34,True,joint_candidate,1228,True
3129,93.8774880000028,93.9074880000028,"[526, 369, 560, 382]",58.808486983180046,400,206,239.0,1.0,8,0.9527639021921523,0.7575540190785701,0.9676113360323887,0.41875,0.9917484032509161,4.022955523672884,0.016666666666666666,2835,True,134,12,0.003392096657750373,0.6340186659591875,16.45013371041114,0.01904436801334286,0.2809309642121638,786.8165880822189,-1,17.48553495355415,-15.41473246726812,0.4013279266811939,0.34,True,joint_candidate,1229,True
3130,93.9074880000028,93.9374880000028,"[549, 368, 585, 383]",67.6626501083374,439,238,265.0,1.0,8,0.9563372359602719,0.765219901287338,0.9706959706959707,0.428246013667426,0.9949441695730932,4.754010695187166,0.012048192771084338,3572,True,124,11,0.015378242215909856,0.8425981041554585,-26.189130006128178,0.05059050103232199,0.3607590535020055,728.2523549101313,-1,-10.724602271768365,41.65365774048799,0.41014218919993267,0.34,True,joint_candidate,1229,True
3131,93.9374880000028,93.9674880000028,"[573, 369, 610, 382]",79.59824475646019,446,256,283.0,1.0,8,0.9597354200968317,0.7903479360028579,0.9725085910652921,0.4899103139013453,0.9961305776494794,5.46218487394958,0.010588235294117647,3951,True,139,11,0.00013855243548873447,0.6258598122317829,-14.308800891795073,0.020304877174556202,0.010902767025305729,632.6380059364275,-1,-11.674445219612249,16.943156563977894,0.406549020268997,0.34,True,joint_candidate,1233,True
3132,93.9674880000028,93.9974880000028,"[598, 369, 636, 382]",79.03985348343849,442,253,287.5,1.0,8,0.9605796914736721,0.777593185920953,0.9729272419627749,0.5147058823529411,0.9943435584392317,5.3296853625170995,0.015116279069767442,3933,True,121,12,0.007092942953855788,0.7898595198084077,20.895811868920486,0.036273814048091824,0.24756166093353968,691.8667631052396,-1,5.657128771537806,-36.13449496630316,0.4087140039548652,0.34,True,joint_candidate,1234,True
3133,93.9974880000028,94.0274880000028,"[622, 369, 661, 383]",64.38539120554924,427,184,217.5,1.0,8,0.9500540888391054,0.747107712877148,0.9645232815964523,0.41569086651053866,0.9960049959310143,3.406535947712418,0.006818181818181818,2641,True,91,12,0.03953115375645745,0.9823316968726244,-28.890780308106237,0.12402230953650062,0.324475206662827,532.3068386201195,1,-19.963465074523253,-37.818095541689225,0.4188245181493554,0.34,True,joint_candidate,1235,True
3134,94.0274880000028,94.0574880000028,"[648, 369, 685, 385]",68.91168874129653,453,204,238.0,1.0,8,0.9525260587096854,0.7278904872324605,0.967479674796748,0.4205298013245033,0.990162449032425,3.5964912280701755,0.017777777777777778,3105,True,138,14,4.3740229712128014e-07,0.14190991701398759,-2.177317843454535,0.000632868563567035,0.004870289640775022,614.8972810436425,1,-2.7981512008975034,-1.5564844860115654,0.39494163126903814,0.34,True,joint_candidate,1236,True
3135,94.0574880000028,94.0874880000028,"[670, 370, 710, 386]",61.25091118738055,443,184,214.0,1.0,8,0.9484811268338977,0.7198115412875513,0.963963963963964,0.3927765237020316,0.9910537113644771,3.461988304093567,0.015555555555555555,2996,True,88,13,0.07865062719916854,0.9809210451322471,-26.389459999920376,0.11142559419317932,0.7195867855071999,535.5540706528833,1,-10.83294674135187,-41.94597325848888,0.4357739142028447,0.34,True,joint_candidate,1236,True
3136,94.0874880000028,94.11748800000281,"[694, 372, 736, 387]",60.24624840915203,457,166,201.5,1.0,8,0.9459063191158125,0.7429215080678163,0.9618138424821002,0.37089715536105033,0.9917551642245822,3.221014492753623,0.013333333333333334,2713,True,126,15,0.06009811284857168,0.9865262057809875,-30.96568932272867,0.10597269837404133,0.5748548711179985,687.9388853928422,1,-4.222252335828289,-57.70912630962904,0.4282640840116306,0.34,True,joint_candidate,1237,True
3137,94.11748800000281,94.14748800000281,"[718, 374, 759, 389]",70.8649354018271,483,206,238.0,1.0,8,0.9526223446591647,0.7722022379508469,0.967479674796748,0.40165631469979296,0.9959580982388857,3.8839506172839506,0.007865168539325843,3202,True,156,16,0.03667908824984383,0.9482310664226421,-22.033631910718942,0.06261865520197762,0.6177327339193136,628.6329585216828,1,-14.793210619569372,-29.27405320186852,0.42179053762779056,0.34,True,joint_candidate,1237,True
3138,94.14748800000281,94.17748800000281,"[743, 374, 781, 391]",91.30451749265194,498,264,293.0,1.0,8,0.9605913087126523,0.7718120107281995,0.973421926910299,0.4919678714859438,0.9951368436973314,5.070574162679426,0.012359550561797753,4290,True,146,14,0.002203914187273331,0.6899948651297864,-15.45038987199317,0.020200817865777765,0.15811747442624297,698.8265078851847,1,-12.262694024450191,-18.638085719536143,0.4051613470260259,0.34,True,joint_candidate,1237,True
3139,94.17748800000281,94.20748800000281,"[763, 376, 803, 393]",81.50531713664532,495,238,271.5,1.0,8,0.9571774933446963,0.7586708082883098,0.9713774597495528,0.45555555555555555,0.9897883023476725,4.597674418604651,0.02359550561797753,4046,True,118,14,4.407501749525144e-05,0.4618710992656198,11.913110462616203,0.007476814301785151,0.012763068820713293,915.3497567357767,-1,5.906463932006491,-17.919756993225903,0.40097811050627774,0.34,True,joint_candidate,1237,True
3140,94.20748800000281,94.23748800000281,"[785, 379, 824, 396]",62.83514227718115,482,170,214.0,1.0,8,0.9474402229381155,0.7762087348130012,0.963963963963964,0.36618257261410786,0.986831181472045,4.035,0.026744186046511628,3331,True,72,10,0.00013695008284707186,0.4966391159668064,10.147511583876245,0.01289553239429142,0.021383662946216193,534.3929811332022,-1,5.583468609854508,-14.711554557897983,0.40073869964895076,0.34,True,joint_candidate,1237,True
3141,94.23748800000281,94.26748800000281,"[806, 381, 846, 398]",53.96852485090494,445,141,186.0,1.0,8,0.9423750228898155,0.7651969130815112,0.9587628865979382,0.34831460674157305,0.991861575391974,3.455263157894737,0.01411764705882353,2721,True,82,13,0.045133127880818,0.9899536190886761,-42.924851848843836,0.1327970719389553,0.3433144519996969,733.7278959292927,1,-54.72128621415717,-31.128417483530484,0.4223152641636212,0.34,True,joint_candidate,1237,True
3142,94.26748800000281,94.29748800000282,"[828, 385, 866, 402]",46.24583366885781,419,115,160.5,1.0,8,0.9349308748935369,0.7617955171647436,0.9525222551928784,0.31742243436754175,0.9857185950024974,3.350415512465374,0.024096385542168676,2491,True,69,14,0.017266009834294653,0.9607709889403775,25.887347665447678,0.08072201830256753,0.2226281569882221,683.9076045167437,-1,3.764464495624723,-48.01023083527062,0.4042448954516346,0.34,True,joint_candidate,1237,True
3143,94.29748800000282,94.32748800000282,"[848, 388, 885, 404]",38.59583365544677,396,80,121.5,1.0,8,0.9196572367600666,0.7817359599705717,0.9382239382239382,0.27525252525252525,0.9829866050543723,3.205246913580247,0.0275,2171,True,31,8,0.21278042724440369,0.9969788922935795,-64.27022527138813,0.2822565342982659,0.7561391211544282,626.9202593289705,-1,-74.30327958753224,54.23717095524402,0.5101868000080277,0.34,True,joint_candidate,1237,True
3144,94.32748800000282,94.35748800000282,"[867, 391, 904, 407]",30.87023839727044,365,46,88.0,1.0,8,0.8974618177093807,0.7408590827216252,0.9166666666666666,0.2219178082191781,0.9847157955932007,2.7593984962406015,0.02125,1929,True,17,7,0.004999870695235951,0.9362023375168493,-60.23020296332945,0.14154543776403927,0.03773055346472785,782.0158562872658,-1,-43.84091767254249,76.6194882541164,0.3831173366034378,0.34,True,joint_candidate,1237,True
3145,94.35748800000282,94.38748800000282,"[887, 394, 921, 410]",30.52857168763876,357,58,93.5,1.0,8,0.9015840035168184,0.7872684844871326,0.9211822660098522,0.22128851540616246,0.981567846131585,3.2534722222222223,0.030263157894736843,1988,True,30,8,0.002639907907459636,0.5226981620208055,-15.651265929739276,0.01887309899323053,0.2676052232963987,645.5394574826973,1,-28.438733372279934,-2.8637984871986295,0.3900174230772182,0.34,True,joint_candidate,1237,True
3146,94.38748800000282,94.41748800000282,"[903, 397, 937, 413]",27.68055586144328,333,44,80.0,1.0,8,0.8900408164758908,0.7603453162872774,0.9090909090909091,0.2087087087087087,0.9880351112509124,3.060763888888889,0.018421052631578946,1877,True,19,8,0.08720283052028134,0.9775197623858015,-35.82106761114898,0.17835049585455132,0.5001850587690625,482.97583436364107,1,-19.165814348124158,-52.47632087417382,0.42902559917201355,0.34,True,joint_candidate,1237,True
3147,94.41748800000282,94.44748800000282,"[919, 400, 952, 416]",23.620238345116377,300,32,63.5,1.0,8,0.8694182590897543,0.7544931822417853,0.8881118881118881,0.19,0.9918475948857965,2.9715370018975333,0.012162162162162163,1673,True,6,3,0.12269375659682585,0.8538745184711214,66.29172853911533,0.27628230405609744,0.5200862129834155,485.126570208738,1,82.03898194974722,50.544475128483434,0.4414810211914483,0.34,True,joint_candidate,1237,True
3148,94.44748800000282,94.47748800000282,"[935, 403, 966, 419]",19.653571650385857,271,22,50.5,1.0,8,0.8440120387251113,0.7683839817142988,0.8632478632478633,0.16605166051660517,0.9853508300664373,2.9041394335511983,0.02142857142857143,1490,False,1,1,0.0,0.0,0.0,0.0,0.0,0.0,0,0.0,0.0,0.3684612088746782,0.34,True,joint_candidate,1237,True
3149,94.47748800000282,94.50748800000282,"[949, 406, 979, 422]",14.254166819155216,217,11,31.0,1.0,8,0.7759183043795224,0.729289205389768,0.7948717948717948,0.1382488479262673,0.9764840266388612,2.7598039215686274,0.03283582089552239,1307,False,0,0,0.0,0.0,0.0,0.0,0.0,0.0,0,0.0,0.0,0.3421688721223219,0.34,True,joint_candidate,1237,True
3257,97.71748800000294,97.74748800000295,"[246, 172, 277, 192]",19.30000028759241,304,35,46.5,1.0,8,0.8320270213920664,0.7190318509781667,0.8532110091743119,0.11348684210526316,0.9727386526959989,2.8945578231292517,0.04,1876,True,34,6,0.001873768942757765,0.9015006226615043,-34.85712007694914,0.1370921047237288,0.015161339098706813,367.83469448426195,1,-50.47197111600138,-19.242269037896914,0.3584934569828617,0.34,True,joint_candidate,1272,True
3258,97.74748800000295,97.77748800000295,"[264, 166, 298, 187]",28.373809784650803,360,72,92.0,1.0,8,0.9003769175314578,0.7041787902195303,0.92,0.19027777777777777,0.9889117202341722,2.878787878787879,0.016049382716049384,2206,True,47,4,0.003792818491196804,0.4154572447779387,-23.125982089621953,0.028035455973261736,0.325632766631211,568.4770788740951,-1,-44.94093598938346,1.3110281898604463,0.3778259439625251,0.34,True,joint_candidate,1272,True
3259,97.77748800000295,97.80748800000295,"[285, 162, 316, 182]",36.741071689873934,395,115,135.5,1.0,8,0.9258978357390495,0.7376158451295809,0.9442508710801394,0.2582278481012658,0.990908345742428,2.9738292011019283,0.013580246913580247,2232,True,65,5,0.009537813649629063,0.6139902196084592,30.528066153994313,0.05046931700630086,0.3077938600450919,573.9278806166051,-1,24.326390681149174,-36.72974162683947,0.3936575249984479,0.34,True,joint_candidate,1272,True
3260,97.80748800000295,97.83748800000295,"[307, 159, 341, 175]",35.98323468491435,343,130,161.0,1.0,8,0.9339647137842161,0.7,0.9526627218934911,0.26239067055393583,0.9879083425792436,2.638571428571429,0.016049382716049384,1911,True,96,10,0.00014547030546897645,0.23031641157410482,6.359928302125171,0.0024814386662447285,0.25453406896472547,771.3438353952145,1,10.410809741400195,2.3090468628501504,0.38526942280327275,0.34,True,joint_candidate,1275,True
3261,97.83748800000295,97.86748800000295,"[333, 155, 368, 171]",61.876131284981966,446,241,269.0,1.0,8,0.9551729134308913,0.6947546204840833,0.9711191335740073,0.3789237668161435,0.9909235574939589,3.655844155844156,0.016666666666666666,3411,True,152,15,0.04335698136290041,0.9447873167713488,25.472981633095618,0.06521322799374574,0.7037028101930305,676.8491302942664,-1,21.38802421017513,-29.557939056016103,0.4146114068514751,0.34,True,joint_candidate,1276,True
3262,97.86748800000295,97.89748800000295,"[355, 148, 392, 168]",96.02625178173184,607,377,400.5,1.0,8,0.9662172941460284,0.7428446552396953,0.9804161566707467,0.4332784184514003,0.9968103518580606,5.2718181818181815,0.008421052631578947,5847,True,189,16,0.06880442823627993,0.9893872280768301,-46.136529902059685,0.10559307686039021,0.6585892621060686,1043.4954592982729,1,-21.570444470026278,-70.70261533409308,0.4391343220597168,0.34,True,joint_candidate,1276,True
3263,97.89748800000295,97.92748800000295,"[377, 144, 418, 164]",100.4327811524272,639,369,400.0,1.0,8,0.9654209450584508,0.7454208032467591,0.9803921568627451,0.42488262910798125,0.9909427578874197,5.212173913043478,0.023711340206185566,6078,True,193,17,7.638175505237518e-05,0.3623272674606352,-6.853258638050571,0.0035423697185458236,0.05951065463631486,892.895434577419,1,-3.7958664409245664,-9.91065083517658,0.4014814139698279,0.34,True,joint_candidate,1278,True
3264,97.92748800000295,97.95748800000295,"[402, 140, 446, 161]",107.49181542173028,688,364,411.5,1.0,8,0.9659947199032255,0.7494215456345144,0.9809296781883194,0.42950581395348836,0.9902311208578386,4.278367346938776,0.021,5322,True,213,19,0.000402395884088617,0.5884704264919655,9.618737939117528,0.009519740828058398,0.07182965203074042,895.1828315848788,-1,9.285608818365137,-9.951867059869917,0.4024329655523935,0.34,True,joint_candidate,1279,True
3265,97.95748800000295,97.98748800000295,"[429, 137, 474, 158]",137.75320682302117,758,436,486.5,1.0,8,0.9709001720165633,0.7787168933572715,0.9838220424671386,0.508575197889182,0.9914070555885386,5.048,0.02178217821782178,6403,True,292,20,0.000380595824450561,0.5293072627542768,6.0561235116024426,0.006960035191035385,0.10331056358217838,653.6632738379969,-1,8.097353737745633,-4.014893285459254,0.4082869133120075,0.34,True,joint_candidate,1280,True
3266,97.98748800000295,98.01748800000296,"[455, 136, 503, 156]",154.53230538964272,771,478,520.5,1.0,8,0.9726947119535903,0.778544844868745,0.9848628192999054,0.5421530479896238,0.9908052010444792,5.465408805031447,0.02524271844660194,7031,True,273,22,0.005920603006013456,0.9792044200070105,-26.16979441355071,0.06271749853752595,0.09640595204515351,924.4871368603608,1,-3.0643320319051277,-49.27525679519629,0.4118464719696962,0.34,True,joint_candidate,1281,True
3267,98.01748800000296,98.04748800000296,"[483, 135, 526, 155]",135.73664416000247,747,380,422.0,1.0,8,0.9679440021102883,0.781213234429025,0.9813953488372092,0.48058902275769744,0.9926943933978962,4.861111111111111,0.01782178217821782,6042,True,214,18,1.0254456580001112e-05,0.5543098257557346,8.153381504027887,0.008707273688706607,0.002124603428636397,690.5662855155852,-1,11.20021930193389,-5.106543706121881,0.40757082574855924,0.34,True,joint_candidate,1282,True
3268,98.04748800000296,98.07748800000296,"[510, 133, 558, 152]",78.95763940736651,660,198,272.5,1.0,8,0.954615524463478,0.7428589804821256,0.9714795008912656,0.353030303030303,0.9879569810949718,2.778428093645485,0.016831683168316833,3395,True,144,16,0.014489078828842731,0.9193684313839604,17.698737006424995,0.05083178146675915,0.3100386646317622,617.2645670580778,-1,12.474558234587557,-22.92291577826243,0.40578249776722575,0.34,True,joint_candidate,1283,True
3269,98.07748800000296,98.10748800000296,"[543, 133, 588, 151]",75.2217268012464,656,172,249.5,1.0,8,0.9516116261367701,0.7572493469304371,0.9689320388349515,0.33384146341463417,0.9875749413502477,2.7194055944055946,0.017,3136,True,160,18,0.0330403543811798,0.9609317748844813,20.361790516300537,0.062017672440864424,0.5544171800883444,630.5054276914226,-1,19.18441891092947,-21.539162121671602,0.41724308479024547,0.34,True,joint_candidate,1284,True
3270,98.10748800000296,98.13748800000296,"[571, 132, 617, 151]",80.20059590786695,653,210,272.5,1.0,8,0.9555045449493096,0.7659651464463185,0.9714795008912656,0.37289433384379783,0.9922149099449549,2.8149146451033245,0.011,3165,True,154,16,0.09128055824094239,0.9910066540672289,-26.17064936817254,0.11009285464901364,0.8366476277381274,649.3674700253664,1,-14.835169267898085,-37.506129468447,0.451750442484259,0.34,True,joint_candidate,1285,True
3271,98.13748800000296,98.16748800000296,"[600, 133, 645, 152]",85.67232221737504,706,216,291.5,1.0,8,0.9570707454631511,0.7855780464937059,0.9732888146911519,0.3604815864022663,0.9931382780916738,2.9047202797202796,0.01,3361,True,174,20,0.0006385324853294189,0.4874138956309571,5.067231696138264,0.005738814821743765,0.22827737995605127,588.7686965994144,-1,6.552016053914367,-3.5824473383621593,0.4053091234799324,0.34,True,joint_candidate,1286,True
3272,98.16748800000296,98.19748800000296,"[629, 134, 677, 153]",87.80320239067078,726,202,298.0,1.0,8,0.9573611972348803,0.7966275068156915,0.9738562091503268,0.3574380165289256,0.9911195292729504,3.138986013986014,0.014,3637,True,154,20,0.006037150765055526,0.7925122142445785,-9.97683628298853,0.02110056813035377,0.3610205375068324,659.0320814024344,1,-4.403258448252719,-15.550414117724346,0.41002291811359837,0.34,True,joint_candidate,1287,True
3273,98.19748800000296,98.22748800000296,"[659, 135, 701, 156]",139.5521412976086,758,329,385.0,1.0,8,0.9661291836923106,0.7710446186321311,0.9796437659033079,0.46965699208443273,0.9945595726791632,3.9537254901960783,0.010784313725490196,5072,True,247,25,0.002564279159565419,0.6605345762767758,-7.102133717141116,0.009608906790621097,0.4040133966425145,686.8779654054691,1,-4.077052465872895,-10.127214968409337,0.40690580144027383,0.34,True,joint_candidate,1288,True
3274,98.22748800000296,98.25748800000297,"[682, 137, 731, 156]",77.20315730199218,732,181,276.0,1.0,8,0.9539970736413482,0.7823299392067673,0.971830985915493,0.3025956284153005,0.9906802289941504,3.1722408026755855,0.01485148514851485,3867,True,169,20,0.000341720698019414,0.455639000746044,8.868242987125091,0.0049208382173682175,0.1524092433932482,1071.3687076770136,1,1.903929822233579,15.832556152016604,0.4037365593573302,0.34,True,joint_candidate,1289,True
3275,98.25748800000297,98.28748800000297,"[716, 139, 757, 160]",150.1539222896099,773,390,446.5,1.0,8,0.969507139611569,0.8110932994579181,0.9823982398239824,0.500646830530401,0.9935368902816345,5.35063829787234,0.017346938775510204,6355,True,271,23,0.0006452128496224742,0.5232665810697577,7.169954638896145,0.0058362738198792785,0.21127317041281127,856.0533909150988,1,6.262343214574029,8.07756606321826,0.41287100386945075,0.34,True,joint_candidate,1290,True
3276,98.28748800000297,98.31748800000297,"[739, 142, 784, 163]",154.69078554213047,804,406,466.0,1.0,8,0.9699570905198541,0.8101398216433043,0.9831223628691983,0.4975124378109453,0.9916035567542197,5.455510204081633,0.023,6786,True,236,24,0.000529765528781535,0.682722894076679,8.71852277301684,0.01099018605197799,0.07060479310268145,787.3513600421759,-1,11.873369477273554,-5.563676068760123,0.41279947144328166,0.34,True,joint_candidate,1291,True
3277,98.31748800000297,98.34748800000297,"[765, 145, 809, 166]",145.25783339887857,781,386,439.5,1.0,8,0.9683790062992805,0.8067424206853966,0.982122905027933,0.4788732394366197,0.9902134687136827,5.340833333333333,0.026262626262626262,6501,True,219,22,0.006746704546772309,0.825519076237395,-14.358807542125863,0.02210311764515538,0.36975243535094315,835.336015843766,1,-8.967278345659963,-19.75033673859176,0.4152357524933184,0.34,True,joint_candidate,1292,True
3278,98.34748800000297,98.37748800000297,"[790, 149, 833, 170]",117.73755847662687,740,313,373.5,1.0,8,0.9643553165034194,0.7935913520462236,0.9790301441677588,0.43986486486486487,0.9900023028923032,4.671489361702128,0.02346938775510204,5586,True,157,19,0.004066101025227271,0.9062688926682039,-20.15519194482794,0.0390601000979347,0.11486500600855037,822.0928908981322,-1,-6.538601511703172,33.7717823779527,0.4105816533218344,0.34,True,joint_candidate,1293,True
3279,98.37748800000297,98.40748800000297,"[815, 153, 857, 175]",91.06760927289724,702,219,306.5,1.0,8,0.9580636849635248,0.8176621726430963,0.9745627980922098,0.37037037037037035,0.98791966577742,4.246666666666667,0.025806451612903226,4602,True,128,17,0.01643661513979903,0.92350483274836,-22.042054143768656,0.0489628130913875,0.3635020397825145,828.8918066858927,1,-25.957186693390362,-18.12692159414695,0.41910856971241134,0.34,True,joint_candidate,1294,True
3280,98.40748800000297,98.43748800000297,"[839, 158, 878, 180]",73.95798194780946,597,156,229.0,1.0,8,0.9487423054558477,0.7726577508832743,0.9662447257383966,0.35175879396984927,0.9806074396325757,3.367,0.03296703296703297,3501,True,79,15,0.0016445044854546747,0.6801545162928919,14.288688887619509,0.01799254847769638,0.13438004887948424,887.2418551251477,-1,28.060245490312493,-0.5171322849265276,0.40142583173624546,0.34,True,joint_candidate,1294,True
3281,98.43748800000297,98.46748800000297,"[860, 164, 901, 185]",44.24265908449888,546,58,131.0,1.0,8,0.9222801587692001,0.7449013684914855,0.9424460431654677,0.21062271062271062,0.983035652713606,2.569105691056911,0.02197802197802198,2621,True,46,9,2.5971985224244123e-05,0.3232068317744879,-12.949209300984714,0.005679987702744471,0.014147419113627473,1094.6140185607144,-1,-10.715141487965008,15.183277114004424,0.38843353749635623,0.34,True,joint_candidate,1294,True
3282,98.46748800000297,98.49748800000297,"[884, 170, 920, 191]",61.20901923254132,542,140,199.0,1.0,8,0.9438412158663029,0.7448971706697475,0.961352657004831,0.32011070110701106,0.9876074997990659,3.0635897435897435,0.019101123595505618,3056,True,101,17,0.0011902571780239624,0.6370973894348272,9.464892231082647,0.013157312814819577,0.14199327744466547,706.0056163273468,-1,8.247174755581687,-10.682609706583605,0.39554158180826615,0.34,True,joint_candidate,1294,True
3283,98.49748800000297,98.52748800000298,"[901, 175, 938, 198]",59.41920139268041,546,126,192.5,1.0,8,0.9422097422813535,0.7637626158259734,0.9600997506234414,0.315018315018315,0.9846476268013429,3.1955128205128207,0.024719101123595506,3089,True,56,12,0.01767474207850513,0.8713290018361486,-22.104611139644508,0.05286173499648994,0.3837333121426681,722.4379943770123,1,-14.199319166644003,-30.009903112645016,0.40694842320147984,0.34,True,joint_candidate,1294,True
3284,98.52748800000298,98.55748800000298,"[920, 182, 955, 205]",54.653671115636826,521,109,177.0,1.0,8,0.9385613143057572,0.7990496806562547,0.9567567567567568,0.30422264875239924,0.9834786041850154,3.4301470588235294,0.02857142857142857,2977,True,52,10,0.0001530153674847931,0.3766098428147132,-11.033214256488519,0.006964160149494081,0.05834110273470085,894.8433659645941,1,-10.036082051668815,-12.030346461308218,0.40151000484228194,0.34,True,joint_candidate,1294,True
3285,98.55748800000298,98.58748800000298,"[936, 188, 971, 211]",52.59454410523176,496,112,173.0,1.0,8,0.9379139272865016,0.7964113885073754,0.9558011049723757,0.29536290322580644,0.9888190065114526,3.6432225063938617,0.020481927710843374,3045,True,51,10,0.006471492766681728,0.7119520867214051,-13.396366336239502,0.032182632903737574,0.28244385562805413,515.5520455036341,1,-21.62244526736051,-5.170287405118489,0.4043952074837317,0.34,True,joint_candidate,1294,True
3286,98.58748800000298,98.61748800000298,"[952, 195, 986, 217]",44.55813525617123,428,86,137.0,1.0,8,0.926552462036937,0.75846477650864,0.9448275862068966,0.2955607476635514,0.9823766006736686,3.471774193548387,0.030864197530864196,2786,True,26,5,0.025314601589375145,0.6514437788726677,31.746901548323873,0.05875708373472022,0.6613539064476114,641.7535007568017,1,52.097306079835285,11.396497016812472,0.4056584859615334,0.34,True,joint_candidate,1294,True
3287,98.61748800000298,98.64748800000298,"[967, 202, 999, 225]",35.191666927188635,378,59,106.0,1.0,8,0.9108149684733772,0.7281169395776065,0.9298245614035088,0.2552910052910053,0.9813879426236997,3.326788218793829,0.03125,2513,True,31,5,0.0005203648423083196,0.26025167816206257,11.421613790827237,0.007576680504746025,0.26389759575169663,626.2564650519064,-1,18.136597267980584,-4.706630313673893,0.3827482321419237,0.34,True,joint_candidate,1294,True
3288,98.64748800000298,98.67748800000298,"[980, 209, 1010, 232]",28.419345539063215,359,35,76.5,1.0,8,0.8851112470039978,0.7141030610620444,0.9053254437869822,0.1935933147632312,0.9778746228628897,3.0170454545454546,0.03375,2263,True,13,5,0.0032401760892572366,0.45049015789790564,-17.026929018107772,0.02438456013444279,0.2949635691917055,632.679383930941,-1,-10.350934128800672,23.70292390741487,0.37443093010959744,0.34,True,joint_candidate,1294,True
3289,98.67748800000298,98.70748800000298,"[991, 216, 1020, 239]",23.398809742182493,304,24,59.5,1.0,8,0.8617958989335462,0.6786796450506385,0.8814814814814815,0.1924342105263158,0.9781259942729876,2.8984848484848484,0.03205128205128205,2034,False,5,1,0.0,0.0,0.0,0.0,0.0,0.0,0,0.0,0.0,0.36034071643765964,0.34,True,joint_candidate,1294,True
3290,98.70748800000298,98.73748800000298,"[1001, 224, 1029, 247]",20.620833586901426,280,15,50.5,1.0,8,0.8428637398885204,0.6729948572775857,0.8632478632478633,0.16964285714285715,0.9708512752567074,2.7045454545454546,0.04,1808,False,2,1,0.0,0.0,0.0,0.0,0.0,0.0,0,0.0,0.0,0.35380835055819393,0.34,True,joint_candidate,1294,True
3291,98.73748800000298,98.76748800000298,"[1010, 231, 1037, 254]",17.88080833107233,269,12,39.5,1.0,8,0.8126167776833808,0.6763748910162758,0.8315789473684211,0.13568773234200743,0.987788103465629,2.8214285714285716,0.017333333333333333,1794,False,0,0,0.0,0.0,0.0,0.0,0.0,0.0,0,0.0,0.0,0.3452412669574556,0.34,True,joint_candidate,1294,True
3311,99.337488000003,99.36748800000301,"[936, 356, 961, 371]",15.144862242043018,170,49,55.5,1.0,8,0.8543634513523958,0.674199862463242,0.8740157480314961,0.17647058823529413,0.9806330193427071,5.03475935828877,0.04923076923076923,2046,True,28,4,0.0033784696105116875,0.5791831694648455,81.96886741508158,0.05977200504786229,0.09759021148554782,1644.517414783345,1,56.421728686363686,107.51600614379949,0.35929717306098646,0.34,True,joint_candidate,1294,True
3312,99.36748800000301,99.39748800000301,"[925, 360, 948, 374]",16.29986348375678,158,59,64.0,1.0,8,0.8707411363516577,0.699402664198033,0.8888888888888888,0.2468354430379747,0.9838243500407791,5.538699690402477,0.04516129032258064,1992,False,2,2,0.0,0.0,0.0,0.0,0.0,0.0,0,0.0,0.0,0.36613274053520223,0.34,True,joint_candidate,1294,True
3327,99.81748800000302,99.84748800000303,"[688, 402, 716, 413]",10.430357240140438,142,17,28.5,1.0,8,0.7611857624416546,0.6620208493229436,0.7808219178082192,0.17253521126760563,0.9544431946006748,1.7160493827160495,0.04,608,True,8,3,0.18709527844855775,0.875532073901782,-54.76416839587326,0.30317743697743815,0.7048454329811202,375.79870559104995,1,-97.36940399783104,-12.158932793915488,0.4305612592776447,0.34,True,joint_candidate,1294,True
3328,99.84748800000303,99.87748800000303,"[671, 403, 696, 415]",12.945039801299572,169,27,37.0,1.0,8,0.8034304891744066,0.7359800721939872,0.8222222222222222,0.17455621301775148,0.9773453383677025,2.7275641025641026,0.03125,907,True,16,4,0.15202468015180454,0.8690889512822871,-84.35932082815408,0.19496650840020024,0.8972012200573785,556.8475243990654,1,-7.174641705230776,-161.54399995107738,0.43503973166491255,0.34,True,joint_candidate,1294,True
3331,99.93748800000303,99.96748800000303,"[619, 408, 646, 418]",9.283333461731672,141,13,26.5,1.0,8,0.7503130097231842,0.6855654600401044,0.7681159420289855,0.12411347517730496,0.9869109947643979,1.6866666666666668,0.011111111111111112,528,True,18,4,0.11597730705776559,0.8396395244685474,62.837945876732704,0.17084450404813056,0.808498342700048,401.4909871721306,-1,55.445556528143385,-70.230335225322,0.391716240804742,0.34,True,joint_candidate,1294,True
3333,99.99748800000303,100.02748800000303,"[581, 410, 610, 421]",11.75833347812295,159,18,37.0,1.0,8,0.8035462162899374,0.7456165609373601,0.8222222222222222,0.16981132075471697,0.9799912818387787,2.041958041958042,0.020634920634920634,627,True,10,3,0.11318300626518009,0.7944494779386335,-73.57746863847461,0.21763884269661582,0.6546038168363004,327.8946184902336,1,-15.251610749043293,-131.90332652790596,0.41515700247343423,0.34,True,joint_candidate,1294,True
3334,100.02748800000303,100.05748800000303,"[563, 412, 591, 422]",13.667532622814178,168,24,42.0,1.0,8,0.8210145882536236,0.7521014330903549,0.84,0.20535714285714285,0.9720894344932647,2.0976430976430978,0.0296875,669,True,13,3,0.3892707069411181,0.9517626584666657,-79.70110298140074,0.4491432073392013,0.9106221841410639,290.3684938744537,1,-121.31310445004473,-38.089101512756685,0.5732184802572553,0.34,True,joint_candidate,1294,True
3335,100.05748800000303,100.08748800000303,"[545, 413, 575, 423]",13.519047804176807,177,21,41.0,1.0,8,0.8183420768227903,0.7448885380842418,0.8367346938775511,0.17796610169491525,0.9853941072777638,2.0595611285266457,0.015151515151515152,685,True,6,3,0.22018370488514463,0.991925951710041,-139.19186477626664,0.6567457380306598,0.3379937418179456,337.10300425527055,-1,-86.90508033485249,191.4786492176808,0.4783369414463029,0.34,True,joint_candidate,1294,True
3336,100.08748800000303,100.11748800000304,"[526, 414, 557, 424]",13.721230253577232,159,27,43.0,1.0,8,0.8257032607644759,0.6941312425025845,0.8431372549019608,0.2169811320754717,0.9887593975815673,1.8484848484848484,0.010447761194029851,637,False,9,2,0.0,0.0,0.0,0.0,0.0,0.0,0,0.0,0.0,0.3518306646047304,0.34,True,joint_candidate,1294,True
3337,100.11748800000304,100.14748800000304,"[513, 414, 539, 425]",18.55402735993266,188,37,58.0,1.0,8,0.8617602734741652,0.7186678763403277,0.8787878787878788,0.26595744680851063,0.9895565852328967,2.2747252747252746,0.011940298507462687,854,True,13,5,0.0659407542675296,0.9927169366824662,-145.80896354840888,0.39084342296305463,0.16995176178095733,542.3746995647774,-1,-105.4817555252766,186.13617157154124,0.40259567834043997,0.34,True,joint_candidate,1294,True
3338,100.14748800000304,100.17748800000304,"[492, 415, 522, 425]",15.784127127379179,188,38,56.5,1.0,8,0.856140236255405,0.7480132415430957,0.875968992248062,0.2047872340425532,0.9718804920913884,2.125,0.030303030303030304,768,True,21,4,0.5383180107346466,0.9997503232998686,-124.36054252517235,0.7191392219486276,0.7487457690132031,333.0853770696192,-1,-130.6236449530226,118.09744009732213,0.6651189630121416,0.34,True,joint_candidate,1294,True
3339,100.17748800000304,100.20748800000304,"[475, 415, 504, 426]",19.402144484221935,192,53,73.5,1.0,8,0.8831521971003329,0.7136412401400631,0.901840490797546,0.2734375,0.9739433942703114,2.116710875331565,0.027941176470588237,832,True,18,4,0.19641203103859886,0.9881245334327167,-129.51105934567434,0.45157333486005446,0.4401777794207136,445.7499272152014,-1,-126.61571683212345,132.4064018592252,0.48001846222233874,0.34,True,joint_candidate,1294,True
3340,100.20748800000304,100.23748800000304,"[458, 415, 486, 427]",21.507038965821266,217,64,83.5,1.0,8,0.8941942372547611,0.7310832774866962,0.912568306010929,0.2465437788018433,0.9867702689492347,2.394088669950739,0.015942028985507246,1001,True,29,5,0.25460986541676217,0.9745773236755491,-68.4120848061031,0.2910220902294143,0.8977036058071103,430.89426483414303,-1,-56.75578075831233,80.0683888538939,0.5179561887786519,0.34,True,joint_candidate,1294,True
3341,100.23748800000304,100.26748800000304,"[441, 415, 469, 427]",22.19031399860978,211,69,88.5,1.0,8,0.899367312833499,0.7786667060305453,0.917098445595855,0.2796208530805687,0.9865124120690657,3.0775862068965516,0.020895522388059702,1113,True,26,5,0.024826835428827257,0.8760047962707738,-51.177795159893336,0.1504152960097359,0.18841821220128047,480.66772492308615,-1,-1.8163867874026494,100.53920353238402,0.40026495924048644,0.34,True,joint_candidate,1294,True
3342,100.26748800000304,100.29748800000304,"[424, 415, 452, 427]",22.403075601905584,221,67,90.5,1.0,8,0.9008905032579954,0.7377906040127227,0.9187817258883249,0.26018099547511314,0.9900429184549355,2.896551724137931,0.014492753623188406,1216,True,23,3,0.008815752631662205,0.7223908408665666,-17.632914770709103,0.16524165313844352,0.0738529135705468,204.92119665633757,-1,-13.26669404411497,21.999135497303236,0.3857844055267212,0.34,True,joint_candidate,1294,True
3343,100.29748800000304,100.32748800000304,"[407, 415, 435, 427]",22.612236611545086,221,75,96.0,1.0,8,0.9048345110222734,0.8086075400626399,0.9230769230769231,0.25565610859728505,0.9882410242137489,3.3816568047337277,0.02,1210,True,16,4,0.10144676456062302,0.9803573069548467,-94.4669505638192,0.4035638892551917,0.2564138689776014,438.20474692667835,-1,-44.75683960064205,144.1770615269963,0.4485372048244206,0.34,True,joint_candidate,1294,True
3344,100.32748800000304,100.35748800000304,"[391, 414, 419, 427]",22.054644893854856,233,79,97.5,1.0,8,0.9048948975402008,0.8000686783707321,0.9241706161137441,0.22746781115879827,0.984255815018548,3.197802197802198,0.025373134328358207,1223,True,23,4,0.03850888952924364,0.7026352362254816,35.359691581107484,0.09811436532964202,0.5585968354123427,419.7387077630199,1,5.440229208641063,65.27915395357391,0.4126586602587541,0.34,True,joint_candidate,1294,True
3345,100.35748800000304,100.38748800000305,"[374, 414, 403, 426]",23.088600531220436,215,74,93.5,1.0,8,0.9029035371235395,0.7405871911902757,0.9211822660098522,0.27209302325581397,0.9832449991451531,2.9591836734693877,0.025,1213,True,23,4,0.010511390444608661,0.45452305391719017,-15.079475257496554,0.03416655943428892,0.6768664756441662,396.8311932193242,-1,-5.43049196567432,24.72845854931879,0.387740404560138,0.34,True,joint_candidate,1294,True
3346,100.38748800000305,100.41748800000305,"[359, 413, 387, 426]",23.861544214189053,224,76,98.0,1.0,8,0.9067229632139342,0.769800358919501,0.9245283018867925,0.2700892857142857,0.9897013949433303,3.171957671957672,0.016417910447761194,1252,True,28,5,0.02100837884600812,0.6588308104322679,25.14848481797651,0.060527595182372385,0.5268235982348678,443.1038567461364,1,8.722354433464389,41.57461520248863,0.39904155116740986,0.34,True,joint_candidate,1294,True
3347,100.41748800000305,100.44748800000305,"[344, 413, 373, 425]",21.60813519358635,200,70,86.0,1.0,8,0.8978217859122903,0.6900655593423543,0.9148936170212766,0.2625,0.9977341389728098,2.519047619047619,0.002857142857142857,1086,True,19,4,0.0002769496404841306,0.6685645264347073,45.694592141643604,0.0857976136160048,0.004828166825883461,799.104379235171,-1,59.59686251432735,-31.79232176895986,0.3730086919773065,0.34,True,joint_candidate,1294,True
3348,100.44748800000305,100.47748800000305,"[330, 412, 357, 424]",16.704559549689293,183,51,66.0,1.0,8,0.8730288762284943,0.7220578379655755,0.8918918918918919,0.20491803278688525,0.9870180305131762,2.319088319088319,0.015151515151515152,856,True,11,4,0.016815850469264974,0.5294656132310637,13.57871052973175,0.04832043165869526,0.6572797796126227,296.3857842973865,1,2.038847492165917,25.118573567297585,0.37946605632148034,0.34,True,joint_candidate,1294,True
3349,100.47748800000305,100.50748800000305,"[315, 410, 342, 423]",17.945043433457613,177,59,72.5,1.0,8,0.882011098929522,0.6610877680286008,0.9006211180124224,0.23163841807909605,0.9851701438878857,2.1654320987654323,0.016176470588235296,900,False,7,2,0.0,0.0,0.0,0.0,0.0,0.0,0,0.0,0.0,0.3637664948831467,0.34,True,joint_candidate,1294,True
3350,100.50748800000305,100.53748800000305,"[301, 409, 328, 420]",19.557846575975418,166,62,75.0,1.0,8,0.8861321318247464,0.6877023141843227,0.9036144578313253,0.28313253012048195,0.9854856717528844,2.4871794871794872,0.01818181818181818,896,False,4,2,0.0,0.0,0.0,0.0,0.0,0.0,0,0.0,0.0,0.3689949866750723,0.34,True,joint_candidate,1294,True
3351,100.53748800000305,100.56748800000305,"[291, 408, 315, 419]",14.340474292635918,137,51,58.0,1.0,8,0.8613810101708282,0.6492599337233598,0.8787878787878788,0.23722627737226276,0.9924717110063586,2.0676923076923077,0.0078125,690,False,8,2,0.0,0.0,0.0,0.0,0.0,0.0,0,0.0,0.0,0.35580329310975245,0.34,True,joint_candidate,1294,True
3375,101.25748800000308,101.28748800000308,"[277, 316, 306, 335]",16.141666881740093,252,25,37.5,1.0,8,0.8052354231822857,0.6882472016116853,0.8241758241758241,0.12103174603174603,0.9897056547026694,1.8533834586466165,0.009589041095890411,1046,True,14,5,0.03823755232324485,0.9100779716339896,66.4340348814733,0.17971135965453555,0.23379539453184212,379.59921107837584,-1,65.19410232714911,-67.67396743579751,0.3658383609742232,0.34,True,joint_candidate,1325,True
3376,101.28748800000308,101.31748800000308,"[298, 315, 327, 330]",21.435416966676712,286,43,63.5,1.0,8,0.8691526267089907,0.6933053215629915,0.8881118881118881,0.16258741258741258,0.9957866411740754,1.8218487394957983,0.0038461538461538464,1095,True,36,7,0.04986405057163583,0.9211367379527056,28.690769108562208,0.1281897992309945,0.42228920847857365,329.7919138821753,1,22.89526713664457,34.48627108047982,0.39216681406154563,0.34,True,joint_candidate,1325,True
3377,101.31748800000308,101.34748800000308,"[318, 312, 351, 329]",36.78266081959009,371,120,145.5,1.0,8,0.929500340621933,0.7364765174930654,0.9478827361563518,0.24528301886792453,0.9946471333990702,2.760233918128655,0.007407407407407408,1922,True,92,11,0.04174906192365167,0.9551225004580816,115.06740916693298,0.09920633046570937,0.4406038214845307,2209.5571208557044,-1,61.835403692569855,-168.29941464129607,0.41228356386854814,0.34,True,joint_candidate,1325,True
3378,101.34748800000308,101.37748800000308,"[342, 309, 378, 327]",69.78176083788276,504,260,289.5,1.0,8,0.9567676985491145,0.724568837309472,0.973109243697479,0.3521825396825397,0.9939247235274573,4.376041666666667,0.013333333333333334,4240,True,141,13,0.09262061176984555,0.9973622588598274,197.03779919672735,0.17668579457917288,0.5255972463313618,2986.1100356235415,1,18.524713990571502,375.55088440288324,0.44665697163457024,0.34,True,joint_candidate,1333,True
3379,101.37748800000308,101.40748800000308,"[365, 305, 401, 324]",70.69705689325929,552,255,285.0,1.0,8,0.9560313081569566,0.7489830503797116,0.9726962457337884,0.34601449275362317,0.9920389637708128,3.8495934959349594,0.015384615384615385,3854,True,128,15,0.01739396711602262,0.8179342562449892,17.797888171433467,0.03214292523099005,0.6615990138240272,703.4414250693458,1,17.473304888151098,18.122471454715832,0.40872353191785615,0.34,True,joint_candidate,1333,True
3380,101.40748800000308,101.43748800000309,"[389, 303, 430, 322]",71.30653008446097,579,214,256.0,1.0,8,0.9522983144467138,0.7647538720715867,0.9696969696969697,0.33419689119170987,0.9868075556726603,3.562626262626263,0.023655913978494623,3589,True,142,12,0.026367563033236716,0.9617854032508105,-30.206246429755133,0.09611423589614487,0.2852358398097473,638.0868692942782,1,-14.533337324976511,-45.87915553453376,0.4149047348130323,0.34,True,joint_candidate,1334,True
3381,101.43748800000309,101.46748800000309,"[414, 301, 459, 320]",85.87805707380176,641,256,308.0,1.0,8,0.9586753422076749,0.7541661866522646,0.9746835443037974,0.3829953198127925,0.9898546817947901,3.6024844720496896,0.018367346938775512,4135,True,179,19,0.0006252357062343473,0.631799960893364,10.027601266906716,0.011419464746894481,0.08665994899929913,743.5677846699189,-1,8.9742282962037,-11.080974237609723,0.4010714102985711,0.34,True,joint_candidate,1335,True
3382,101.46748800000309,101.49748800000309,"[442, 299, 490, 319]",109.36312478780746,731,323,380.0,1.0,8,0.9648179581230469,0.7653346846231258,0.979381443298969,0.41928864569083446,0.9964250901707167,3.832532051282051,0.006862745098039216,4858,True,232,21,0.035994209843387345,0.9823230907757362,22.83453821302006,0.06917935588520685,0.5296656115311329,758.6759272501564,-1,5.738739913961995,-39.93033651207812,0.42404240554424594,0.34,True,joint_candidate,1336,True
3383,101.49748800000309,101.52748800000309,"[471, 298, 514, 318]",129.52473808452487,769,400,456.0,1.0,8,0.9697356730346575,0.7775344033723993,0.9827586206896551,0.5019505851755527,0.9918972603791993,4.057389937106918,0.01650485436893204,5215,True,254,21,0.013458364480774494,0.8025264262715841,13.85293292676846,0.020935814826172017,0.8010194751912715,797.0824049248706,1,17.97066202009602,9.73520383344089,0.41495296288068306,0.34,True,joint_candidate,1337,True
3384,101.52748800000309,101.55748800000309,"[499, 297, 547, 317]",77.97004030272365,724,185,259.0,1.0,8,0.951972511097758,0.7634990221629628,0.9700374531835206,0.30939226519337015,0.9861840733067286,2.7914653784219,0.019417475728155338,3523,True,127,16,0.00034250301068483526,0.5423485028901933,-9.268947921577281,0.009384889001504138,0.06729097288261024,704.61785003351,1,-4.99743632165643,-13.540459521498128,0.4003049833096485,0.34,True,joint_candidate,1338,True
3385,101.55748800000309,101.58748800000309,"[533, 296, 579, 315]",73.06131034716964,669,164,234.0,1.0,8,0.9494700475622497,0.7368985551074724,0.9669421487603306,0.3109118086696562,0.9914300313152927,2.457792207792208,0.010576923076923078,3050,True,140,18,0.08549897882075923,0.9989445072919876,32.16011581525456,0.14896024600584346,0.5745782516909949,681.2283725463042,-1,12.521363645226591,-51.79886798528255,0.44240023588621336,0.34,True,joint_candidate,1339,True
3386,101.58748800000309,101.61748800000309,"[564, 294, 609, 314]",78.81875086575747,699,191,262.0,1.0,8,0.9532353950518516,0.7502012612407085,0.9703703703703703,0.3261802575107296,0.9917338820683567,2.573268921095008,0.010679611650485437,3217,True,154,14,0.010729236642288387,0.797405677031157,-15.633885639278212,0.031636290798723876,0.42530838208880634,694.9547042143614,1,-15.276424372861237,-15.991346905695188,0.40440188785492037,0.34,True,joint_candidate,1340,True
3387,101.61748800000309,101.6474880000031,"[594, 293, 639, 313]",87.75813591107726,714,235,304.0,1.0,8,0.9581896130510216,0.7653273841448948,0.9743589743589743,0.3634453781512605,0.9930798204954259,2.823625922887613,0.00980392156862745,3470,True,167,18,0.005506307521114831,0.7353199777128135,12.076184415318927,0.01853380157918294,0.40403555822129894,707.6523189410212,-1,5.793107922248154,-18.3592609083897,0.40528446067365376,0.34,True,joint_candidate,1341,True
3388,101.6474880000031,101.6774880000031,"[624, 293, 671, 312]",82.6142863407731,711,213,285.0,1.0,8,0.9560804182406332,0.7992584163914114,0.9726962457337884,0.35443037974683544,0.9904153492197221,3.1150044923629827,0.015,3503,True,177,20,0.0022978126858015017,0.7543602270759807,-12.586224551823989,0.017929785664288933,0.16988723272826808,794.9661076581575,1,-22.003812497461944,-3.1686366061860345,0.40797668490809247,0.34,True,joint_candidate,1342,True
3389,101.6774880000031,101.7074880000031,"[655, 292, 696, 312]",124.88836608082056,717,314,368.5,1.0,8,0.9652165454523504,0.7579704682698599,0.9787516600265604,0.46722454672245467,0.9948355058969585,3.7868589743589745,0.00980392156862745,4743,True,219,22,0.0001905430948181015,0.5693277011342271,9.093965972298642,0.0074989656261035265,0.04463027230274502,910.500719911938,-1,14.920449084036164,-3.2674828605611257,0.40336533257833407,0.34,True,joint_candidate,1343,True
3390,101.7074880000031,101.7374880000031,"[677, 292, 724, 312]",77.33333399891853,691,199,274.0,1.0,8,0.9551329247904229,0.7847703661767775,0.9716312056737588,0.3386396526772793,0.9954652846581816,3.1114081996434937,0.007070707070707071,3535,True,129,14,0.013682702472170337,0.8872992424965437,17.47181658520794,0.04859554306422198,0.3173257629080514,605.309279043706,-1,8.749700355636328,-26.193932814779544,0.41178091872333716,0.34,True,joint_candidate,1345,True
3391,101.7374880000031,101.7674880000031,"[710, 292, 755, 311]",62.51160774752498,618,143,220.0,1.0,8,0.9473738125323816,0.7830039834478737,0.9649122807017544,0.2912621359223301,0.9953395842084823,3.1547619047619047,0.007368421052631579,3240,True,124,14,0.006328734901981272,0.8586878360263102,30.54754955052194,0.04193551372040205,0.17575173697755417,997.5300691135379,-1,3.3882477866773306,-57.706851314366546,0.40514354547298526,0.34,True,joint_candidate,1346,True
3392,101.7674880000031,101.7974880000031,"[741, 293, 778, 314]",148.59486381337047,711,373,419.5,1.0,8,0.969176918512373,0.8132621648873193,0.9812865497076023,0.5274261603375527,0.9946748896277997,6.375813953488372,0.01702127659574468,6918,True,307,27,0.016571308371308182,0.9501756289222033,14.938113532533231,0.036838518744767845,0.4734245258864302,754.489658057046,-1,9.931387204803563,-19.944839860262896,0.42185661989102924,0.34,True,joint_candidate,1348,True
3393,101.7974880000031,101.8274880000031,"[758, 294, 802, 316]",166.58942300453782,787,448,500.0,1.0,8,0.9718236437341753,0.8048208654815078,0.984251968503937,0.5298602287166455,0.9911592534965818,6.894650205761317,0.030612244897959183,8563,True,262,22,0.002780019079354482,0.8667911035884688,15.047716093795069,0.026958815501319955,0.11896864761213599,819.7152966118136,-1,11.509612541209526,-18.58581964638061,0.4137992334361237,0.34,True,joint_candidate,1348,True
3394,101.8274880000031,101.8574880000031,"[781, 296, 822, 317]",155.07216425985098,734,420,462.0,1.0,8,0.9707684849456715,0.7951186131375588,0.9829787234042553,0.5422343324250681,0.9901115403689725,6.9181739879414295,0.034375,8166,True,250,25,0.0018338509927758643,0.8962643184456036,-15.150198321738367,0.027622756001201343,0.07407316995272557,827.6835623788417,-1,-1.8617832095901834,28.43861343388655,0.4115069555003619,0.34,True,joint_candidate,1348,True
3395,101.8574880000031,101.8874880000031,"[803, 298, 841, 319]",96.65850602835417,634,260,323.0,1.0,8,0.9604374499719016,0.7962411694957753,0.9758308157099698,0.4242902208201893,0.9859793940907527,4.981,0.035164835164835165,5141,True,61,12,0.000564526008284418,0.4177815330778537,6.739965105470438,0.007095619518167839,0.19043395899430302,630.8878150135814,1,7.835826833013114,5.644103377927768,0.40787789972049315,0.34,True,joint_candidate,1348,True
3396,101.8874880000031,101.9174880000031,"[827, 300, 862, 320]",37.62380988895893,460,53,108.5,1.0,8,0.9066537243777051,0.7959954870644664,0.9313304721030042,0.20869565217391303,0.931508838830526,2.6460055096418733,0.09382716049382717,2020,True,38,9,1.7356492008295387e-06,0.11944685333064213,2.3557791078130013,0.0007399696679133427,0.019636917765650692,536.5093841579645,1,0.46369807435483,4.247860141271167,0.391396394980042,0.34,True,joint_candidate,1348,True
3397,101.9174880000031,101.9474880000031,"[845, 303, 879, 323]",39.81190521270037,426,75,120.5,1.0,8,0.919361207052407,0.7438055883406317,0.9377431906614786,0.24530516431924881,0.9925087256320764,2.5636363636363635,0.00963855421686747,2054,True,35,7,0.0034649562834083796,0.6978886486198286,18.7523826693544,0.046209189939039,0.10744427255650424,523.3850191435691,1,10.567375807361406,26.937389531347385,0.38928492632269146,0.34,True,joint_candidate,1348,True
3398,101.9474880000031,101.9774880000031,"[861, 306, 894, 326]",35.66176066175103,379,69,110.5,1.0,8,0.9138884661623254,0.7337249298799058,0.9324894514767933,0.2612137203166227,0.9849418206707734,2.6363636363636362,0.02,1951,True,20,4,0.056268650929740406,0.8046637749096889,29.597464407024628,0.14736610628831048,0.47451991486542494,435.30702349701625,-1,35.01718573309898,-24.17774308095028,0.4151730373420407,0.34,True,joint_candidate,1348,True
3399,101.9774880000031,102.00748800000311,"[876, 309, 908, 329]",26.91964314132929,324,43,80.0,1.0,8,0.8899224534274909,0.6881911348769084,0.9090909090909091,0.2052469135802469,0.987588660548956,2.432551319648094,0.015189873417721518,1744,True,14,5,0.021677502588182147,0.6794562849540998,-30.263952766601644,0.06573629754408461,0.48533597801267375,542.3050541130222,1,-29.884228822660976,-30.643676710542326,0.38212803268328366,0.34,True,joint_candidate,1348,True
3400,102.00748800000311,102.03748800000311,"[890, 312, 920, 332]",24.1576008759439,280,47,73.0,1.0,8,0.8823190224264245,0.6900655593423543,0.9012345679012346,0.23035714285714284,0.9821830779641844,2.6700680272108843,0.024,1715,False,5,2,0.0,0.0,0.0,0.0,0.0,0.0,0,0.0,0.0,0.36820554062928046,0.34,True,joint_candidate,1348,True
3401,102.03748800000311,102.06748800000311,"[902, 315, 931, 336]",22.519425224512815,274,45,72.0,1.0,8,0.8808688187835266,0.6478835438717,0.9,0.1989051094890511,0.9874537745164476,3.16820987654321,0.02,2213,True,16,4,0.0067084502764946,0.9114834671837253,-63.482129265806016,0.24095099227086014,0.03054532077633139,475.08123238049836,1,-46.394072863806784,-80.57018566780522,0.365132824867885,0.34,True,joint_candidate,1348,True
3402,102.06748800000311,102.09748800000311,"[912, 319, 939, 340]",24.07621769607067,243,55,79.0,1.0,8,0.8900454012157106,0.6517861419401112,0.9080459770114943,0.2551440329218107,0.9877517225627165,3.9475524475524475,0.024324324324324326,2422,True,6,4,0.11841289607454734,0.9760173303784297,-99.42567873111159,0.3835976331601315,0.3162755028847226,653.3817356613965,-1,-8.658209328791063,190.19314813343212,0.4299086344967309,0.34,True,joint_candidate,1348,True
3403,102.09748800000311,102.12748800000311,"[920, 322, 945, 344]",20.128029830753803,213,42,62.5,1.0,8,0.8686893853155252,0.6223124032772666,0.8865248226950354,0.2323943661971831,0.9905360604774412,4.321818181818182,0.02054794520547945,2563,False,4,1,0.0,0.0,0.0,0.0,0.0,0.0,0,0.0,0.0,0.3539536760862475,0.34,True,joint_candidate,1348,True
3422,102.66748800000313,102.69748800000313,"[797, 370, 823, 384]",12.422222502529621,190,36,40.0,1.0,8,0.814268242828359,0.7421082385212816,0.8333333333333334,0.10263157894736842,0.9954591487914829,6.179710144927537,0.0140625,2254,True,9,3,0.0011414555265900962,0.6198601468389048,-106.46341622527768,0.11136320571754466,0.0165357370001139,1189.1444764771745,-1,-21.03007562640838,191.896756824147,0.3562245091663245,0.34,True,joint_candidate,1348,True
3427,102.81748800000314,102.84748800000314,"[718, 377, 746, 389]",8.945833526551723,160,9,15.5,1.0,8,0.642809873312648,0.6506000486323554,0.6595744680851063,0.071875,0.9773324024141076,1.8227513227513228,0.020895522388059702,732,True,6,3,0.3372503887419297,0.9905279717000518,132.03475675195386,0.6415842661478163,0.5306791315694996,413.4146598807903,-1,184.87127559351742,-79.19823791039028,0.4759206830967091,0.34,True,joint_candidate,1348,True
3428,102.84748800000314,102.87748800000314,"[700, 379, 729, 390]",13.789881061762571,164,30,42.5,1.0,8,0.8243048581460796,0.6864869757075454,0.8415841584158416,0.2225609756097561,0.9888237911939182,1.8591954022988506,0.010447761194029851,692,False,12,2,0.0,0.0,0.0,0.0,0.0,0.0,0,0.0,0.0,0.35026450379995566,0.34,True,joint_candidate,1348,True
3430,102.90748800000314,102.93748800000314,"[666, 382, 691, 394]",13.46515579149127,180,24,35.5,1.0,8,0.7972092591051084,0.7297563831157798,0.8160919540229885,0.16666666666666666,0.9764634882317441,2.71301775147929,0.03230769230769231,949,False,0,0,0.0,0.0,0.0,0.0,0.0,0.0,0,0.0,0.0,0.3486262351988995,0.34,True,joint_candidate,1348,True
3432,102.96748800000314,102.99748800000314,"[631, 385, 658, 394]",11.155952528119087,140,15,31.5,1.0,8,0.7795418700281805,0.7337993857053428,0.7974683544303798,0.2,0.9747016087182149,1.8884615384615384,0.024193548387096774,529,False,12,2,0.0,0.0,0.0,0.0,0.0,0.0,0,0.0,0.0,0.34393246886425555,0.34,True,joint_candidate,1348,True
3436,103.08748800000315,103.11748800000315,"[562, 387, 587, 396]",8.22500016540289,136,10,22.0,1.0,8,0.7143997994201057,0.8246211251235321,0.7333333333333333,0.09926470588235294,0.9662390276839974,2.08,0.03571428571428571,462,True,6,3,0.15163315446119216,0.8722427634685952,-70.17188447765264,0.2988402740788103,0.581724920231795,208.915307180736,-1,-132.2880715315402,8.055697423765071,0.42141134354821724,0.34,True,joint_candidate,1348,True
3440,103.20748800000315,103.23748800000315,"[489, 384, 516, 393]",10.479166828095913,135,20,34.5,1.0,8,0.7940210317875913,0.7071067811865476,0.8117647058823529,0.1814814814814815,0.9857566765578636,1.7703703703703704,0.012698412698412698,490,False,4,2,0.0,0.0,0.0,0.0,0.0,0.0,0,0.0,0.0,0.3442723267142595,0.34,True,joint_candidate,1348,True
3441,103.23748800000315,103.26748800000315,"[473, 384, 499, 392]",12.483928740024567,141,35,48.0,1.0,8,0.8394209039277831,0.7617394000445604,0.8571428571428571,0.2127659574468085,0.989852681940339,2.213991769547325,0.01129032258064516,554,False,3,1,0.0,0.0,0.0,0.0,0.0,0.0,0,0.0,0.0,0.36608718118501904,0.34,True,joint_candidate,1348,True
3442,103.26748800000315,103.29748800000316,"[457, 383, 482, 391]",13.049567233771086,141,36,49.0,1.0,8,0.8424101068869786,0.7762500258061847,0.8596491228070176,0.23049645390070922,0.9916803451116103,2.3547008547008548,0.009836065573770493,567,False,9,2,0.0,0.0,0.0,0.0,0.0,0.0,0,0.0,0.0,0.3691605359370213,0.34,True,joint_candidate,1348,True
3443,103.29748800000316,103.32748800000316,"[441, 382, 467, 390]",12.778869900852442,140,36,46.5,1.0,8,0.8356425573379959,0.7734924681537618,0.8532110091743119,0.21785714285714286,0.9894190062231166,2.465811965811966,0.013114754098360656,596,False,1,1,0.0,0.0,0.0,0.0,0.0,0.0,0,0.0,0.0,0.36671663742446303,0.34,True,joint_candidate,1348,True
3444,103.32748800000316,103.35748800000316,"[425, 381, 450, 389]",12.033953674137592,132,32,44.0,1.0,8,0.828901361323653,0.7370277311900888,0.8461538461538461,0.21212121212121213,0.9929375862820604,2.2757201646090537,0.008064516129032258,570,False,5,1,0.0,0.0,0.0,0.0,0.0,0.0,0,0.0,0.0,0.3592245680756092,0.34,True,joint_candidate,1348,True
3445,103.35748800000316,103.38748800000316,"[411, 379, 435, 388]",12.674649100750685,129,39,51.5,1.0,8,0.8483896971509254,0.7571877794400365,0.865546218487395,0.25193798449612403,0.98858592263792,2.6133333333333333,0.015,612,False,11,2,0.0,0.0,0.0,0.0,0.0,0.0,0,0.0,0.0,0.36809507606128306,0.34,True,joint_candidate,1348,True
3446,103.38748800000316,103.41748800000316,"[396, 378, 421, 387]",11.701362006366253,129,37,44.0,1.0,8,0.8287597299561843,0.7183313998427189,0.8461538461538461,0.20155038759689922,0.9939242967373474,2.152,0.006557377049180328,553,False,0,0,0.0,0.0,0.0,0.0,0.0,0.0,0,0.0,0.0,0.3563776289632631,0.34,True,joint_candidate,1348,True
3447,103.41748800000316,103.44748800000316,"[383, 377, 407, 386]",10.438240375369787,114,38,45.5,1.0,8,0.8332151445592173,0.6752777206453653,0.8504672897196262,0.20175438596491227,0.9966394461807306,1.948,0.003278688524590164,501,False,5,2,0.0,0.0,0.0,0.0,0.0,0.0,0,0.0,0.0,0.35125620146457,0.34,True,joint_candidate,1348,True
3448,103.44748800000316,103.47748800000316,"[370, 375, 393, 384]",9.748990017920732,106,31,39.0,1.0,8,0.8125019171749116,0.6645800679125629,0.8297872340425532,0.20754716981132076,0.9895968790637191,1.9125,0.01,475,False,2,1,0.0,0.0,0.0,0.0,0.0,0.0,0,0.0,0.0,0.3434375853393579,0.34,True,joint_candidate,1348,True
3449,103.47748800000316,103.50748800000316,"[359, 374, 381, 383]",10.560101140290499,102,39,47.0,1.0,8,0.8381324404625021,0.701964118163034,0.8545454545454545,0.25,0.995345542851361,2.217391304347826,0.005172413793103448,475,False,0,0,0.0,0.0,0.0,0.0,0.0,0.0,0,0.0,0.0,0.35673434986320574,0.34,True,joint_candidate,1348,True
3478,104.3474880000032,104.3774880000032,"[387, 315, 416, 330]",13.49583351239562,214,18,25.5,1.0,8,0.7436295236099734,0.6911429457272724,0.7611940298507462,0.11214953271028037,0.9910137601797249,1.5825892857142858,0.007142857142857143,736,True,15,4,0.029875756245137167,0.8126900714865283,-44.22481062652084,0.15235333998711897,0.2412914725161423,465.43719246648885,-1,-30.26339879226724,58.18622246077445,0.3431919648769083,0.34,True,joint_candidate,1373,True
3479,104.3774880000032,104.4074880000032,"[403, 315, 433, 330]",19.831349465996027,236,51,63.0,1.0,8,0.8679228827468145,0.6918828120121278,0.8873239436619719,0.18008474576271186,0.9860459072411782,2.1744421906693714,0.015277777777777777,1116,True,35,5,0.0010679968619216377,0.4924931777464052,19.15413983330652,0.029815837044053883,0.07273153469593187,608.7702614005543,1,25.044797127354915,13.263482539258126,0.3647466848999204,0.34,True,joint_candidate,1373,True
3480,104.4074880000032,104.4374880000032,"[422, 314, 452, 328]",36.650203820317984,312,140,147.5,1.0,8,0.9304808851783402,0.7359800721939872,0.9485530546623794,0.2548076923076923,0.9956943133326783,4.269097222222222,0.009210526315789473,2493,True,81,9,0.038731737267807785,0.930060107446478,83.43265800514011,0.10206353462155537,0.4080236681184687,1492.766762179525,1,20.236514470242586,146.62880154003764,0.41084373187989437,0.34,True,joint_candidate,1373,True
3481,104.4374880000032,104.4674880000032,"[439, 312, 468, 328]",32.387762408703566,288,99,107.0,1.0,8,0.9127970939569824,0.7302967433402214,0.9304347826086956,0.2708333333333333,0.9925926942017256,3.6351851851851853,0.013513513513513514,2016,True,29,6,0.0006764591838452798,0.8196382536285074,-49.34858117409855,0.092399636037508,0.008932008289187917,684.1494715191565,-1,-22.328065968429428,76.36909637976768,0.38375569223924283,0.34,True,joint_candidate,1373,True
3482,104.4674880000032,104.4974880000032,"[457, 311, 487, 328]",25.997321736067533,297,73,82.5,1.0,8,0.8911928855144807,0.7295601856708801,0.9116022099447514,0.18013468013468015,0.9806863610404443,2.7347670250896057,0.02666666666666667,1573,True,32,5,0.04622344568402256,0.9221155171080441,-57.49144765875906,0.19274952847319549,0.2600660502363041,547.2352012628762,-1,-63.38221584108699,51.60067947643114,0.40221478863118865,0.34,True,joint_candidate,1373,True
3483,104.4974880000032,104.5274880000032,"[475, 311, 508, 326]",31.02028352767229,312,105,124.5,1.0,8,0.9209333725408716,0.6844475644404533,0.939622641509434,0.22916666666666666,0.9936847751877498,2.7282282282282284,0.008641975308641974,1845,True,48,7,0.05399158700670276,0.9363951228637649,-30.377836293306455,0.1417360222237417,0.40680540060536213,350.5711691938013,1,-27.377563885397464,-33.37810870121545,0.40864251928201595,0.34,True,joint_candidate,1373,True
3484,104.5274880000032,104.5574880000032,"[494, 311, 525, 326]",34.22599236294627,286,96,116.5,1.0,8,0.9187063577346893,0.6558011802138852,0.9357429718875502,0.3181818181818182,0.9881881022513653,2.524812030075188,0.015,1722,True,30,4,0.0018151809094081254,0.5663548084976228,26.08078724237108,0.056638414914619295,0.056587464173795114,315.90146453491917,1,25.434203696062692,26.727370788679462,0.37498043385266405,0.34,True,joint_candidate,1373,True
3485,104.5574880000032,104.5874880000032,"[513, 312, 546, 326]",25.76805590093136,262,63,84.5,1.0,8,0.8951614822504543,0.6939867772939363,0.9135135135135135,0.26145038167938933,0.9834365648270581,2.2058823529411766,0.018421052631578946,1240,True,42,7,0.00040343952290304737,0.8585447254476578,-43.64165461414477,0.09158198649038585,0.005131040677341551,660.4559620374522,1,-79.12780083743488,-8.155508390854662,0.3728683530068234,0.34,True,joint_candidate,1373,True
3486,104.5874880000032,104.6174880000032,"[536, 312, 567, 326]",22.529166847467422,260,42,67.0,1.0,8,0.8748461633039092,0.6813851438692469,0.8933333333333333,0.23653846153846153,0.9836065573770492,1.8857142857142857,0.015584415584415584,1072,True,23,4,0.08412140827838854,0.9893052542859493,-84.81159397375828,0.46114580470804734,0.18439025162435077,373.5539077122981,-1,-119.30308633288251,50.320101614634034,0.41092839512467344,0.34,True,joint_candidate,1373,True
3487,104.6174880000032,104.64748800000321,"[553, 312, 587, 327]",21.4166669100523,246,39,60.5,1.0,8,0.8654163507253165,0.6446243406361107,0.8832116788321168,0.22764227642276422,0.9914398500045789,1.7668918918918919,0.007594936708860759,1064,True,26,4,0.000404462173509209,0.42274904346483744,27.971249120271576,0.029121244616404418,0.03285378005329703,462.7291914483884,1,10.3038012289366,45.63869701160655,0.3565410105084416,0.34,True,joint_candidate,1373,True
3488,104.64748800000321,104.67748800000321,"[573, 312, 607, 327]",20.383333571255207,266,32,50.0,1.0,8,0.8443657635467979,0.6529027885390376,0.8620689655172413,0.17857142857142858,1.0,1.6907051282051282,0.0,1070,True,31,6,0.14431980526979596,0.9735536809701528,59.890047756828096,0.23359662225317135,0.6345991299548451,605.1380439755418,-1,3.0386373930905872,-116.74145812056557,0.43062104024328274,0.34,True,joint_candidate,1373,True
3489,104.67748800000321,104.70748800000321,"[594, 311, 625, 327]",22.972916893661022,281,42,64.5,1.0,8,0.871739933269498,0.7187100372522001,0.8896551724137931,0.20462633451957296,0.9974192568977951,2.036764705882353,0.002631578947368421,1124,True,32,4,0.010629368232154988,0.6358024439161836,-45.95695483956936,0.07531611843795116,0.22197155777273073,523.9196271141599,-1,-17.12354729605238,74.79036238308635,0.3751746380963646,0.34,True,joint_candidate,1373,True
3490,104.70748800000321,104.73227899999999,"[612, 312, 641, 327]",15.476785909384489,220,26,37.5,0.875,7,0.7537322853847049,0.6525191568069094,0.7709458901319933,0.15,0.9889869465817744,1.755859375,0.009722222222222222,916,True,12,4,0.24357771032208392,0.9599981295133222,-55.68739124598156,0.33008981258113923,0.7686613348339967,384.4309807008901,1,-32.415738924436084,-78.95904356752702,0.457965299813594,0.34,True,joint_candidate,1373,True
