window_id,timestamp,baseline_detections,accepted,active_tracks,persistence_ms
0,0.036676,1,0,1,0.02754099841695279
1,0.066676,1,0,1,0.01875000452855602
2,0.096676,3,0,3,0.03925000055460259
3,0.126676,2,0,4,0.03141599881928414
4,0.156676,1,1,4,0.02091599890263751
5,0.186676,2,1,2,0.02987500192830339
6,0.216676,1,1,2,0.018375001673121005
7,0.246676,2,2,2,0.029457994969561696
8,0.27667600000000003,2,2,2,0.029625000024680048
9,0.30667600000000006,2,2,2,0.028041002224199474
10,0.3366760000000001,2,2,2,0.028291993658058345
11,0.3666760000000001,2,2,2,0.02904100256273523
12,0.39667600000000014,2,2,2,0.028333000955171883
13,0.42667600000000017,2,2,2,0.028458001906983554
14,0.4566760000000002,2,2,2,0.030499999411404133
15,0.4866760000000002,3,2,3,0.03766699956031516
16,0.5166760000000002,3,2,3,0.05966599564999342
17,0.5466760000000003,3,2,4,0.04083399835508317
18,0.5766760000000003,3,2,4,0.04049999552080408
19,0.6066760000000003,3,3,4,0.046542001655325294
20,0.6366760000000004,4,3,4,0.05849999433849007
21,0.6666760000000004,3,3,4,0.04554099723463878
22,0.6966760000000004,3,2,4,0.046749999455641955
23,0.7266760000000004,4,4,4,0.060792001022491604
24,0.7566760000000005,4,3,5,0.05195899575483054
25,0.7866760000000005,3,2,5,0.060083002608735114
26,0.8166760000000005,3,2,5,0.04870900011155754
27,0.8466760000000005,3,3,4,0.05354199674911797
28,0.8766760000000006,3,3,4,0.04895799793303013
29,0.9066760000000006,2,2,3,0.03408400516491383
30,0.9366760000000006,3,3,3,0.043000000005122274
31,0.9666760000000006,2,2,3,0.03024999750778079
32,0.9966760000000007,2,2,3,0.030957999115344137
33,1.0266760000000006,2,1,3,0.026749999960884452
34,1.0566760000000006,2,2,3,0.03004199970746413
35,1.0866760000000006,2,2,3,0.031000003218650818
36,1.1166760000000007,2,2,2,0.030082999728620052
37,1.1466760000000007,1,1,2,0.016500001947861165
38,1.1766760000000007,2,1,3,0.024708002456463873
39,1.2066760000000007,2,1,2,0.026333997084293514
40,1.2366760000000008,2,0,3,0.03829100023722276
41,1.2666760000000008,2,0,3,0.024583001504652202
42,1.2966760000000008,3,2,3,0.043542000639718026
43,1.3266760000000009,2,1,3,0.03166699752910063
44,1.3566760000000009,2,1,3,0.029708004149142653
45,1.386676000000001,1,1,3,0.018958999135065824
46,1.416676000000001,1,1,2,0.019041995983570814
47,1.446676000000001,1,1,1,0.01945799886016175
48,1.476676000000001,2,1,2,0.023250002413988113
49,1.506676000000001,2,1,2,0.02387500717304647
50,1.536676000000001,1,1,2,0.01649999467190355
51,1.566676000000001,1,1,2,0.017167003534268588
52,1.596676000000001,1,1,1,0.016874997527338564
53,1.6266760000000011,1,1,1,0.015541001630481333
54,1.6566760000000011,1,1,1,0.014958000974729657
55,1.6866760000000012,1,1,1,0.014666999049950391
56,1.7166760000000012,1,1,1,0.01424999936716631
57,1.7466760000000012,1,1,1,0.014334000297822058
58,1.7766760000000013,2,1,2,0.022000000171829015
59,1.8066760000000013,2,1,2,0.027292000595480204
60,1.8366760000000013,2,2,2,0.031083000067155808
61,1.8666760000000013,2,2,2,0.030082999728620052
62,1.8966760000000014,2,2,2,0.16483299987157807
63,1.9266760000000014,2,2,2,0.02975000097649172
64,1.9566760000000014,2,2,2,0.02808299905154854
65,1.9866760000000014,2,2,2,0.029499999072868377
66,2.0166760000000012,1,1,2,0.01645900192670524
67,2.046676000000001,1,1,2,0.015666999388486147
68,2.076676000000001,2,1,2,0.0289169984171167
69,2.1066760000000007,2,2,2,0.027959002181887627
70,2.1366760000000005,2,2,2,0.027916001272387803
71,2.1666760000000003,2,2,2,0.030208000680431724
72,2.196676,2,2,2,0.027916998078580946
73,2.226676,3,2,3,0.03500000457279384
74,2.2566759999999997,3,2,3,0.038124999264255166
75,2.2866759999999995,3,3,3,0.04595799691742286
76,2.3166759999999993,2,2,3,0.0318750026053749
77,2.346675999999999,2,2,3,0.03175000165356323
78,2.376675999999999,3,2,3,0.054084004659671336
79,2.4066759999999987,4,2,4,0.04679199628299102
80,2.4366759999999985,2,2,4,0.03479099541436881
81,2.4666759999999983,2,2,4,0.03470899537205696
82,2.496675999999998,2,1,3,0.02829200093401596
83,2.526675999999998,2,2,3,0.031708004826214164
84,2.5566759999999977,2,2,2,0.036249999538995326
85,2.5866759999999975,2,2,2,0.032000003557186574
86,2.6166759999999973,2,2,2,0.030334005714394152
87,2.646675999999997,2,2,2,0.029625000024680048
88,2.676675999999997,2,2,2,0.03024999750778079
89,2.7066759999999968,2,2,2,0.02937500539701432
90,2.7366759999999966,3,2,3,0.03524999920045957
91,2.7666759999999964,2,2,3,0.030832998163532466
92,2.796675999999996,1,1,3,0.01695800165180117
93,2.826675999999996,2,2,2,0.03137499879812822
94,2.8566759999999958,1,1,2,0.03412499791011214
95,2.8866759999999956,2,2,2,0.03300000389572233
96,2.9166759999999954,2,2,2,0.030750001315027475
97,2.946675999999995,2,1,2,0.03133300197077915
98,2.976675999999995,2,2,2,0.03041699528694153
99,3.006675999999995,2,2,2,0.03058400034205988
100,3.0366759999999946,2,2,2,0.030999995942693204
101,3.0666759999999944,1,1,2,0.01766700006555766
102,3.096675999999994,1,1,2,0.017541999113745987
103,3.126675999999994,1,1,2,0.01745799818309024
104,3.156675999999994,1,1,2,0.01745799818309024
105,3.1866759999999936,2,2,2,0.03141599881928414
106,3.2166759999999934,2,2,2,0.02870900061680004
107,3.2466759999999932,2,2,2,0.028124995878897607
108,3.276675999999993,2,2,2,0.0299159946735017
109,3.306675999999993,2,2,2,0.03166699752910063
110,3.3366759999999926,2,2,2,0.031083000067155808
111,3.3666759999999925,2,2,2,0.030959003197494894
112,3.3966759999999923,2,2,2,0.03204200038453564
113,3.426675999999992,2,2,2,0.04729200009023771
114,3.456675999999992,2,2,2,0.032000003557186574
115,3.4866759999999917,2,2,2,0.03149999974993989
116,3.5166759999999915,2,2,2,0.031333998776972294
117,3.5466759999999913,2,2,2,0.03254100010963157
118,3.576675999999991,2,2,2,0.031167000997811556
119,3.606675999999991,2,2,2,0.029124996217433363
120,3.6366759999999907,2,2,2,0.0295409990940243
121,3.6666759999999905,2,2,2,0.02908399619627744
122,3.6966759999999903,2,2,2,0.030000002880115062
123,3.72667599999999,2,2,2,0.030709001293871552
124,3.75667599999999,2,2,2,0.031042000045999885
125,3.7866759999999897,2,2,2,0.031291005143430084
126,3.8166759999999895,2,2,2,0.030165996577125043
127,3.8466759999999893,2,2,2,0.030499999411404133
128,3.876675999999989,1,1,2,0.018290993466507643
129,3.906675999999989,2,2,2,0.030625000363215804
130,3.9366759999999887,2,2,2,0.04766700294567272
131,3.9666759999999885,2,2,2,0.03137500607408583
132,3.9966759999999883,2,2,2,0.03162500070175156
133,4.026675999999989,2,2,2,0.029916001949459314
134,4.056675999999989,1,1,2,0.017250000382773578
135,4.086675999999989,2,2,2,0.03012499655596912
136,4.116675999999989,2,2,2,0.03191699943272397
137,4.14667599999999,2,2,2,0.03125000512227416
138,4.17667599999999,3,2,3,0.03691700112540275
139,4.20667599999999,2,1,3,0.026583002181723714
140,4.23667599999999,2,1,3,0.03216600453015417
141,4.266675999999991,2,2,3,0.03212499723304063
142,4.296675999999991,2,2,2,0.03445899346843362
143,4.326675999999991,2,2,2,0.030625000363215804
144,4.356675999999991,2,2,2,0.03133300197077915
145,4.386675999999992,2,2,2,0.03137499879812822
146,4.416675999999992,2,2,2,0.03004199970746413
147,4.446675999999992,2,2,2,0.04466699465410784
148,4.476675999999992,2,2,2,0.0297920050797984
149,4.506675999999993,2,2,2,0.031833995308261365
150,4.536675999999993,2,2,2,0.03020900476258248
151,4.566675999999993,2,2,2,0.029791000997647643
152,4.596675999999993,4,2,4,0.0457499991171062
153,4.626675999999994,3,2,4,0.042750005377456546
154,4.656675999999994,3,3,4,0.04845800140174106
155,4.686675999999994,2,1,3,0.0351249982486479
156,4.716675999999994,2,1,3,0.032500000088475645
157,4.746675999999995,2,2,2,0.0335000004270114
158,4.776675999999995,2,2,2,0.031124996894504875
159,4.806675999999995,2,2,2,0.030750001315027475
160,4.836675999999995,2,2,2,0.029292001272551715
161,4.866675999999996,2,2,2,0.030333998438436538
162,4.896675999999996,2,2,2,0.04579200322041288
163,4.926675999999996,2,2,2,0.030875002266839147
164,4.956675999999996,3,2,3,0.03958399611292407
165,4.9866759999999966,2,2,3,0.03345900040585548
166,5.016675999999997,2,2,3,0.03245900006731972
167,5.046675999999997,2,2,2,0.032208001357503235
168,5.076675999999997,2,2,2,0.0301670006592758
169,5.1066759999999976,2,2,2,0.03045899939024821
170,5.136675999999998,2,2,2,0.0289169984171167
171,5.166675999999998,2,2,2,0.029124996217433363
172,5.196675999999998,2,2,2,0.028708003810606897
173,5.2266759999999985,2,2,2,0.027667003450915217
174,5.256675999999999,1,1,2,0.01816699659684673
175,5.286675999999999,2,2,2,0.030458002584055066
176,5.316675999999999,2,2,2,0.029417002224363387
177,5.3466759999999995,2,2,2,0.033875003282446414
178,5.376676,2,2,2,0.031167000997811556
179,5.406676,3,2,3,0.05862499529030174
180,5.436676,2,1,3,0.027415997465141118
181,5.4666760000000005,2,2,3,0.03233399911550805
182,5.496676000000001,2,2,2,0.032916999771259725
183,5.526676000000001,2,2,2,0.031208997825160623
184,5.556676000000001,3,2,3,0.03745799767784774
185,5.5866760000000015,3,2,3,0.03975000436184928
186,5.616676000000002,2,1,3,0.03170899435644969
187,5.646676000000002,4,2,4,0.05200000305194408
188,5.676676000000002,3,2,4,0.040915998397395015
189,5.7066760000000025,2,2,4,0.036541998269967735
190,5.736676000000003,2,2,3,0.03520799509715289
191,5.766676000000003,3,2,3,0.04641700070351362
192,5.796676000000003,2,2,3,0.049917005526367575
193,5.8266760000000035,1,1,3,0.019874998542945832
194,5.856676000000004,1,1,2,0.020416999177541584
195,5.886676000000004,1,1,1,0.018250000721309334
196,5.916676000000004,1,1,1,0.015916994016151875
197,5.9466760000000045,2,1,2,0.023332999262493104
198,5.976676000000005,2,1,2,0.025957997422665358
199,6.006676000000005,2,2,2,0.030625000363215804
200,6.036676000000005,2,1,2,0.030457995308097452
201,6.0666760000000055,2,1,2,0.030165996577125043
202,6.096676000000006,3,2,3,0.0359579935320653
203,6.126676000000006,2,2,3,0.0335000004270114
204,6.156676000000006,2,2,3,0.03145800292259082
205,6.1866760000000065,2,2,2,0.03145799564663321
206,6.216676000000007,2,2,2,0.03170900163240731
207,6.246676000000007,4,2,4,0.043000000005122274
208,6.276676000000007,2,1,4,0.028291004127822816
209,6.3066760000000075,3,1,4,0.040790997445583344
210,6.336676000000008,3,3,3,0.0678329961374402
211,6.366676000000008,3,3,3,0.04604200512403622
212,6.396676000000008,3,3,3,0.044957996578887105
213,6.4266760000000085,3,3,3,0.044792002881877124
214,6.456676000000009,3,3,3,0.045791995944455266
215,6.486676000000009,3,3,3,0.045833003241568804
216,6.516676000000009,2,2,3,0.03291600296506658
217,6.5466760000000095,3,3,3,0.0457499991171062
218,6.57667600000001,3,3,3,0.04550000448944047
219,6.60667600000001,3,3,3,0.045334003516472876
220,6.63667600000001,3,3,3,0.04533299943432212
221,6.6666760000000105,3,3,3,0.062250001064967364
222,6.696676000000011,3,3,3,0.044917003833688796
223,6.726676000000011,3,3,3,0.045417000364977866
224,6.756676000000011,3,3,3,0.04608400195138529
225,6.7866760000000115,3,3,3,0.04562499816529453
226,6.816676000000012,3,3,3,0.04504100070334971
227,6.846676000000012,3,3,3,0.04620900290319696
228,6.876676000000012,3,3,3,0.04641700070351362
229,6.9066760000000125,3,3,3,0.04608400195138529
230,6.936676000000013,3,3,3,0.04637499660020694
231,6.966676000000013,3,3,3,0.06183399818837643
232,6.996676000000013,3,3,3,0.04966700362274423
233,7.0266760000000135,3,3,3,0.045249995309859514
234,7.056676000000014,3,3,3,0.04604099376592785
235,7.086676000000014,3,3,3,0.044874999730382115
236,7.116676000000014,2,2,3,0.032791998819448054
237,7.1466760000000145,2,2,3,0.0317919984809123
238,7.176676000000015,3,3,3,0.046542001655325294
239,7.206676000000015,3,3,3,0.04570800228975713
240,7.236676000000015,3,3,3,0.04462499782675877
241,7.2666760000000155,3,3,3,0.045374996261671185
242,7.296676000000016,3,3,3,0.044957996578887105
243,7.326676000000016,3,3,3,0.1705839968053624
244,7.356676000000016,4,3,4,0.05412500468082726
245,7.3866760000000165,4,3,4,0.05575000250246376
246,7.416676000000017,2,2,4,0.03333299537189305
247,7.446676000000017,2,2,4,0.032834002922754735
248,7.476676000000017,2,2,2,0.034749995393212885
249,7.5066760000000174,3,2,3,0.03895899862982333
250,7.536676000000018,2,1,3,0.02625000342959538
251,7.566676000000018,2,1,3,0.030832998163532466
252,7.596676000000018,2,1,2,0.0322499981848523
253,7.626676000000018,2,1,2,0.030832998163532466
254,7.656676000000019,2,2,2,0.0301670006592758
255,7.686676000000019,2,2,2,0.03012499655596912
256,7.716676000000019,2,2,2,0.02975000097649172
257,7.746676000000019,1,1,2,0.03354200453031808
258,7.77667600000002,2,2,2,0.03183299850206822
259,7.80667600000002,2,2,2,0.02975000097649172
260,7.83667600000002,2,2,2,0.0301670006592758
261,7.86667600000002,3,2,3,0.03825000021606684
262,7.896676000000021,2,2,3,0.0322499981848523
263,7.926676000000021,2,2,3,0.03154200385324657
264,7.956676000000021,2,2,2,0.032500000088475645
265,7.986676000000021,2,2,2,0.030499999411404133
266,8.016676000000022,2,2,2,0.02966700412798673
267,8.046676000000021,2,2,2,0.028959002520423383
268,8.07667600000002,2,2,2,0.029374998121056706
269,8.10667600000002,3,2,3,0.03825000021606684
270,8.13667600000002,3,2,3,0.03854199894703925
271,8.166676000000018,2,2,3,0.03145800292259082
272,8.196676000000018,3,2,3,0.0617909972788766
273,8.226676000000017,3,2,3,0.045417000364977866
274,8.256676000000017,2,2,3,0.03220899816369638
275,8.286676000000016,2,2,3,0.03187499532941729
276,8.316676000000015,3,2,3,0.04525000258581713
277,8.346676000000015,4,3,4,0.052249997679609805
278,8.376676000000014,3,2,4,0.047249995986931026
279,8.406676000000013,3,3,4,0.04695800453191623
280,8.436676000000013,3,3,3,0.04733300011139363
281,8.466676000000012,3,3,3,0.04529100260697305
282,8.496676000000011,2,2,3,0.0324159991578199
283,8.52667600000001,4,3,4,0.06891600060043857
284,8.55667600000001,3,3,4,0.04837499727727845
285,8.58667600000001,1,1,4,0.020707993826363236
286,8.616676000000009,1,1,3,0.019708000763785094
287,8.646676000000008,1,1,1,0.02075000520562753
288,8.676676000000008,2,1,2,0.02462499833200127
289,8.706676000000007,1,1,2,0.018541999452281743
290,8.736676000000006,1,1,2,0.017041005776263773
291,8.766676000000006,2,1,2,0.02600000152597204
292,8.796676000000005,1,1,2,0.017915997887030244
293,8.826676000000004,1,1,2,0.017416998161934316
294,8.856676000000004,1,1,1,0.01787499786587432
295,8.886676000000003,1,1,1,0.015500001609325409
296,8.916676000000002,2,1,2,0.02270800177939236
297,8.946676000000002,2,1,2,0.025874993298202753
298,8.976676000000001,2,2,2,0.03012499655596912
299,9.006676,2,2,2,0.0297920050797984
300,9.036676,2,2,2,0.02933300129370764
301,9.066676,2,2,2,0.029625000024680048
302,9.096675999999999,2,2,2,0.0297920050797984
303,9.126675999999998,2,2,2,0.029541006369981915
304,9.156675999999997,2,2,2,0.04658300167648122
305,9.186675999999997,2,2,2,0.03112500417046249
306,9.216675999999996,2,2,2,0.030582996259909123
307,9.246675999999995,2,2,2,0.029334005375858396
308,9.276675999999995,1,1,2,0.017458005459047854
309,9.306675999999994,1,1,2,0.017750004190020263
310,9.336675999999994,1,1,1,0.018375001673121005
311,9.366675999999993,2,1,2,0.02337499608984217
312,9.396675999999992,2,1,2,0.02425000275252387
313,9.426675999999992,2,2,2,0.029374998121056706
314,9.456675999999991,2,2,2,0.029167000320740044
315,9.48667599999999,2,2,2,0.029165996238589287
316,9.51667599999999,1,1,2,0.017042002582456917
317,9.546675999999989,1,1,2,0.01654199877521023
318,9.576675999999988,2,2,2,0.02920899714808911
319,9.606675999999988,2,2,2,0.029000002541579306
320,9.636675999999987,2,2,2,0.029625000024680048
321,9.666675999999987,1,1,2,0.016416001017205417
322,9.696675999999986,1,1,2,0.016500001947861165
323,9.726675999999985,1,1,1,0.017958001990336925
324,9.756675999999985,1,1,1,0.016625002899672836
325,9.786675999999984,1,1,1,0.015500001609325409
326,9.816675999999983,1,1,1,0.015500001609325409
327,9.846675999999983,1,1,1,0.03029200161108747
328,9.876675999999982,1,1,1,0.016917001630645245
329,9.906675999999981,2,1,2,0.02420799864921719
330,9.93667599999998,1,1,2,0.017916994693223387
331,9.96667599999998,0,0,2,0.004415996954776347
332,9.99667599999998,1,1,1,0.018208003893960267
333,10.026675999999979,1,1,1,0.015958001313265413
334,10.056675999999978,1,1,1,0.015666999388486147
335,10.086675999999978,1,1,1,0.015541998436674476
336,10.116675999999977,1,1,1,0.015292003809008747
337,10.146675999999976,1,1,1,0.014917000953573734
338,10.176675999999976,2,1,2,0.024916000256780535
339,10.206675999999975,1,1,2,0.018791004549711943
340,10.236675999999974,1,1,2,0.016958998457994312
341,10.266675999999974,1,1,1,0.017625003238208592
342,10.296675999999973,1,1,1,0.017207996279466897
343,10.326675999999972,1,1,1,0.01620799594093114
344,10.356675999999972,1,1,1,0.016083002265077084
345,10.386675999999971,2,1,2,0.02383300306973979
346,10.41667599999997,1,1,2,0.017250000382773578
347,10.44667599999997,1,1,2,0.016833000699989498
348,10.47667599999997,1,1,1,0.017875005141831934
349,10.506675999999969,2,1,2,0.022667001758236438
350,10.536675999999968,1,1,2,0.01779200101736933
351,10.566675999999967,1,1,2,0.01654100196901709
352,10.596675999999967,2,1,2,0.026166999305132776
353,10.626675999999966,2,2,2,0.03187499532941729
354,10.656675999999965,1,1,2,0.01883300137706101
355,10.686675999999965,1,1,2,0.01716599945211783
356,10.716675999999964,1,1,1,0.017833001038525254
357,10.746675999999963,2,1,2,0.038791004044469446
358,10.776675999999963,2,1,2,0.02570800279499963
359,10.806675999999962,2,2,2,0.031167000997811556
360,10.836675999999962,1,1,2,0.017541999113745987
361,10.866675999999961,1,1,2,0.017042002582456917
362,10.89667599999996,1,1,1,0.017750004190020263
363,10.92667599999996,1,1,1,0.016457997844554484
364,10.956675999999959,1,1,1,0.01562500256113708
365,10.986675999999958,1,1,1,0.015249999705702066
366,11.016675999999958,1,1,1,0.015249999705702066
367,11.046675999999957,1,1,1,0.01554200571263209
368,11.076675999999956,1,1,1,0.015749996236991137
369,11.106675999999956,1,1,1,0.015875004464760423
370,11.136675999999955,2,1,2,0.02337499608984217
371,11.166675999999955,3,1,3,0.03229100548196584
372,11.196675999999954,1,1,3,0.01875000452855602
373,11.226675999999953,2,1,3,0.025832996470853686
374,11.256675999999953,1,1,2,0.018999999156221747
375,11.286675999999952,3,1,3,0.038209000194910914
376,11.316675999999951,2,1,3,0.03233300230931491
377,11.34667599999995,1,1,3,0.018083002942148596
378,11.37667599999995,1,1,2,0.018792001355905086
379,11.40667599999995,1,1,1,0.018124999769497663
380,11.436675999999949,1,1,1,0.016624995623715222
381,11.466675999999948,1,1,1,0.015875004464760423
382,11.496675999999947,1,1,1,0.015499994333367795
383,11.526675999999947,1,1,1,0.030583003535866737
384,11.556675999999946,1,1,1,0.017083999409805983
385,11.586675999999946,2,1,2,0.023584005248267204
386,11.616675999999945,2,1,2,0.02662499900907278
387,11.646675999999944,2,1,2,0.030208000680431724
388,11.676675999999944,2,2,2,0.02975000097649172
389,11.706675999999943,2,2,2,0.029417002224363387
390,11.736675999999942,2,2,2,0.02975000097649172
391,11.766675999999942,2,2,2,0.02879199746530503
392,11.796675999999941,2,2,2,0.029249997169245034
393,11.82667599999994,2,2,2,0.02937500539701432
394,11.85667599999994,2,2,2,0.029666996852029115
395,11.88667599999994,2,2,2,0.03037499845959246
396,11.916675999999939,2,2,2,0.029708004149142653
397,11.946675999999938,2,2,2,0.02970799687318504
398,11.976675999999937,2,2,2,0.029625000024680048
399,12.006675999999937,3,2,3,0.036833000194747
400,12.036675999999936,2,2,3,0.033082993468269706
401,12.066675999999935,2,2,3,0.047916000767145306
402,12.096675999999935,2,2,2,0.03283299884060398
403,12.126675999999934,2,2,2,0.030417002562899143
404,12.156675999999933,2,2,2,0.030791998142376542
405,12.186675999999933,2,2,2,0.029582995921373367
406,12.216675999999932,2,2,2,0.029708004149142653
407,12.246675999999932,2,2,2,0.02908399619627744
408,12.27667599999993,2,2,2,0.02975000097649172
409,12.30667599999993,2,2,2,0.029249997169245034
410,12.33667599999993,2,2,2,0.029458999051712453
411,12.366675999999929,2,2,2,0.02941599814221263
412,12.396675999999928,2,2,2,0.029291004466358572
413,12.426675999999928,2,2,2,0.029416994948405772
414,12.456675999999927,1,1,2,0.017833001038525254
415,12.486675999999926,1,1,2,0.017333004507236183
416,12.516675999999926,2,2,2,0.030125003831926733
417,12.546675999999925,2,2,2,0.0295409990940243
418,12.576675999999924,2,2,2,0.04474999877857044
419,12.606675999999924,3,2,3,0.03670799924293533
420,12.636675999999923,3,2,3,0.0417909977841191
421,12.666675999999923,3,2,3,0.04441700002644211
422,12.696675999999922,3,3,3,0.04525000258581713
423,12.726675999999921,3,3,3,0.04445900412974879
424,12.75667599999992,2,2,3,0.03266600106144324
425,12.78667599999992,2,2,3,0.03149999974993989
426,12.81667599999992,2,2,2,0.03487500362098217
427,12.846675999999919,3,2,3,0.03825000021606684
428,12.876675999999918,2,1,3,0.025542001822032034
429,12.906675999999917,2,1,3,0.03245900006731972
430,12.936675999999917,2,2,2,0.03366699820617214
431,12.966675999999916,2,2,2,0.030875002266839147
432,12.996675999999916,2,2,2,0.04612500197254121
433,13.026675999999915,2,2,2,0.03199999628122896
434,13.056675999999914,2,2,2,0.031124996894504875
435,13.086675999999914,2,2,2,0.030082999728620052
436,13.116675999999913,2,2,2,0.029333998099900782
437,13.146675999999912,2,2,2,0.029167000320740044
438,13.176675999999912,2,2,2,0.029666996852029115
439,13.206675999999911,2,2,2,0.03058400034205988
440,13.23667599999991,2,2,2,0.02945800224551931
441,13.26667599999991,2,2,2,0.029457994969561696
442,13.29667599999991,2,2,2,0.029499999072868377
443,13.326675999999908,2,2,2,0.02920899714808911
444,13.356675999999908,2,2,2,0.03024999750778079
445,13.386675999999907,2,2,2,0.029457994969561696
446,13.416675999999907,1,1,2,0.016792000678833574
447,13.446675999999906,2,2,2,0.029499999072868377
448,13.476675999999905,1,1,2,0.01679100387264043
449,13.506675999999905,2,2,2,0.02966700412798673
450,13.536675999999904,2,2,2,0.04708299820777029
451,13.566675999999903,2,2,2,0.02970799687318504
452,13.596675999999903,2,2,2,0.03033299435628578
453,13.626675999999902,2,2,2,0.030000002880115062
454,13.656675999999901,2,2,2,0.030499999411404133
455,13.6866759999999,2,2,2,0.030625000363215804
456,13.7166759999999,2,2,2,0.029666996852029115
457,13.7466759999999,3,2,3,0.03662500239443034
458,13.776675999999899,3,2,3,0.04037500184495002
459,13.806675999999898,2,1,3,0.032707997888792306
460,13.836675999999898,3,2,3,0.04637499660020694
461,13.866675999999897,2,1,3,0.03166700480505824
462,13.896675999999896,2,2,3,0.03258300421293825
463,13.926675999999896,2,2,2,0.0335000004270114
464,13.956675999999895,2,2,2,0.03133300197077915
465,13.986675999999894,2,2,2,0.15041699953144416
466,14.016675999999894,2,2,2,0.0317919984809123
467,14.046675999999893,2,2,2,0.03166699752910063
468,14.076675999999892,2,2,2,0.03020900476258248
469,14.106675999999892,1,1,2,0.018165999790653586
470,14.136675999999891,2,1,3,0.024708002456463873
471,14.16667599999989,1,1,2,0.01979200169444084
472,14.19667599999989,1,1,2,0.01729200448608026
473,14.22667599999989,1,1,1,0.01758400321705267
474,14.256675999999889,3,1,3,0.030499999411404133
475,14.286675999999888,1,0,3,0.012500000593718141
476,14.316675999999887,3,1,3,0.03995899896835908
477,14.346675999999887,1,1,3,0.02083300205413252
478,14.376675999999886,3,1,5,0.03354200453031808
479,14.406675999999885,3,0,4,0.037542005884461105
480,14.436675999999885,2,1,4,0.034083001082763076
481,14.466675999999884,1,1,3,0.02070800110232085
482,14.496675999999884,1,1,2,0.019500002963468432
483,14.526675999999883,3,1,3,0.03866699989885092
484,14.556675999999882,2,2,3,0.04933300078846514
485,14.586675999999882,1,1,3,0.019041995983570814
486,14.616675999999881,2,2,2,0.032874995667953044
487,14.64667599999988,1,1,2,0.01799999881768599
488,14.67667599999988,2,2,2,0.02995900285895914
489,14.706675999999879,2,2,2,0.03129200194962323
490,14.736675999999878,2,2,2,0.029499999072868377
491,14.766675999999878,2,2,2,0.029249997169245034
492,14.796675999999877,2,2,2,0.029499999072868377
493,14.826675999999877,2,2,2,0.02933300129370764
494,14.856675999999876,2,2,2,0.03041699528694153
495,14.886675999999875,2,2,2,0.029417002224363387
496,14.916675999999875,2,2,2,0.029082999390084296
497,14.946675999999874,1,1,2,0.017124999430961907
498,14.976675999999873,2,2,2,0.029416005418170244
499,15.006675999999873,2,2,2,0.02970799687318504
500,15.036675999999872,2,2,2,0.02975000097649172
501,15.066675999999871,2,2,2,0.029208000341895968
502,15.09667599999987,1,1,2,0.01645900192670524
503,15.12667599999987,1,1,2,0.03183299850206822
504,15.15667599999987,4,2,4,0.044166001316625625
505,15.186675999999869,2,2,4,0.03541700425557792
506,15.216675999999868,2,2,4,0.03329200262669474
507,15.246675999999868,2,2,2,0.03354200453031808
508,15.276675999999867,2,2,2,0.030625000363215804
509,15.306675999999866,2,2,2,0.030499999411404133
510,15.336675999999866,2,2,2,0.030790994060225785
511,15.366675999999865,2,2,2,0.029333998099900782
512,15.396675999999864,2,2,2,0.029208000341895968
513,15.426675999999864,2,2,2,0.0289169984171167
514,15.456675999999863,2,2,2,0.030125003831926733
515,15.486675999999862,2,2,2,0.029708004149142653
516,15.516675999999862,1,1,2,0.017250000382773578
517,15.546675999999861,2,2,2,0.029333998099900782
518,15.57667599999986,2,2,2,0.029165996238589287
519,15.60667599999986,2,2,2,0.04479199560591951
520,15.63667599999986,1,1,2,0.017541999113745987
521,15.666675999999859,2,2,2,0.06749999738531187
522,15.696675999999858,2,2,2,0.045666005462408066
523,15.726675999999857,2,2,2,0.03383299917913973
524,15.756675999999857,2,2,2,0.03329200262669474
525,15.786675999999856,1,1,2,0.019082996004726738
526,15.816675999999855,2,1,2,0.033042000723071396
527,15.846675999999855,2,2,2,0.03233300230931491
528,15.876675999999854,2,2,2,0.031083000067155808
529,15.906675999999853,2,2,2,0.029542003176175058
530,15.936675999999853,1,1,2,0.017416998161934316
531,15.966675999999852,2,2,2,0.03074999403906986
532,15.996675999999852,2,2,2,0.03170799755025655
533,16.026675999999853,2,2,2,0.03004199970746413
534,16.056675999999854,2,2,2,0.030416005756706
535,16.086675999999855,1,1,2,0.017291000403929502
536,16.116675999999856,2,2,2,0.030457995308097452
537,16.146675999999857,2,2,2,0.0318750026053749
538,16.17667599999986,2,2,2,0.03162500070175156
539,16.20667599999986,0,0,2,0.004875000740867108
540,16.23667599999986,1,1,2,0.03704200207721442
541,16.266675999999862,2,2,2,0.03137499879812822
542,16.296675999999863,1,1,2,0.018459002603776753
543,16.326675999999864,1,1,2,0.017875005141831934
544,16.356675999999865,0,0,2,0.0040000013541430235
545,16.386675999999866,1,1,1,0.020916995708830655
546,16.416675999999867,1,0,1,0.018042002920992672
547,16.44667599999987,1,1,1,0.016083002265077084
548,16.47667599999987,2,1,2,0.025125002139247954
549,16.50667599999987,1,1,2,0.016792000678833574
550,16.536675999999872,1,0,2,0.011749994882848114
551,16.566675999999873,1,0,2,0.016500001947861165
552,16.596675999999874,0,0,1,0.004041001375298947
553,16.626675999999875,1,0,2,0.010166993888560683
554,16.656675999999877,1,0,1,0.011374999303370714
555,16.686675999999878,2,1,2,0.022667001758236438
556,16.71667599999988,2,1,2,0.023125001462176442
557,16.74667599999988,2,1,2,0.030582996259909123
558,16.77667599999988,0,0,2,0.003957997250836343
559,16.806675999999882,1,1,2,0.017250000382773578
560,16.836675999999883,1,1,1,0.020000006770715117
561,16.866675999999885,1,1,1,0.01733299723127857
562,16.896675999999886,1,1,1,0.01633400097489357
563,16.926675999999887,1,1,1,0.016041994967963547
564,16.956675999999888,1,1,1,0.015875004464760423
565,16.98667599999989,1,1,1,0.01599999814061448
566,17.01667599999989,1,1,1,0.015457997506018728
567,17.04667599999989,1,1,1,0.01608299498911947
568,17.076675999999892,1,1,1,0.015584002539981157
569,17.106675999999894,1,1,1,0.015374993381556123
570,17.136675999999895,1,1,1,0.015166995581239462
571,17.166675999999896,1,1,1,0.014999997802078724
572,17.196675999999897,1,1,1,0.01562500256113708
573,17.226675999999898,2,1,2,0.02274999860674143
574,17.2566759999999,1,1,2,0.016750003851484507
575,17.2866759999999,1,1,2,0.0155829984578304
576,17.3166759999999,2,1,2,0.04295899998396635
577,17.346675999999903,1,1,2,0.017624995962250978
578,17.376675999999904,1,1,2,0.017917001969181
579,17.406675999999905,1,1,1,0.016915997548494488
580,17.436675999999906,1,1,1,0.01512500602984801
581,17.466675999999907,1,1,1,0.015458004781976342
582,17.49667599999991,1,1,1,0.015042001905385405
583,17.52667599999991,1,1,1,0.01491600414738059
584,17.55667599999991,1,1,1,0.014707999071106315
585,17.586675999999912,1,1,1,0.015040997823234648
586,17.616675999999913,1,1,1,0.01512500602984801
587,17.646675999999914,1,1,1,0.014500001270789653
588,17.676675999999915,2,1,2,0.022166997950989753
589,17.706675999999916,2,1,2,0.02425000275252387
590,17.736675999999918,2,1,2,0.02983299782499671
591,17.76667599999992,1,1,2,0.016375000996049494
592,17.79667599999992,2,2,2,0.030957999115344137
593,17.82667599999992,2,1,2,0.030333001632243395
594,17.856675999999922,1,1,2,0.017166996258310974
595,17.886675999999923,2,1,2,0.028166003176011145
596,17.916675999999924,2,1,2,0.029625000024680048
597,17.946675999999925,2,2,2,0.02858299558283761
598,17.976675999999927,2,2,2,0.0289169984171167
599,18.006675999999928,1,1,2,0.016250000044237822
600,18.03667599999993,1,1,2,0.015749996236991137
601,18.06667599999993,1,1,1,0.017625003238208592
602,18.09667599999993,1,1,1,0.016750003851484507
603,18.126675999999932,0,0,1,0.002707995008677244
604,18.156675999999933,0,0,1,0.0022079984773881733
605,18.186675999999935,0,0,0,0.002458000381011516
606,18.216675999999936,0,0,0,0.001415995939169079
607,18.246675999999937,0,0,0,0.0009169962140731514
608,18.276675999999938,1,0,1,0.00841599830891937
609,18.30667599999994,1,0,1,0.009584000508766621
610,18.33667599999994,1,0,1,0.03112500417046249
611,18.36667599999994,1,1,1,0.015749996236991137
612,18.396675999999943,1,1,1,0.015082994650583714
613,18.426675999999944,1,1,1,0.01575000351294875
614,18.456675999999945,1,1,1,0.014874996850267053
615,18.486675999999946,1,1,1,0.014334000297822058
616,18.516675999999947,2,1,2,0.0232499951380305
617,18.546675999999948,2,1,2,0.02391599991824478
618,18.57667599999995,1,1,2,0.017958998796530068
619,18.60667599999995,1,1,2,0.016999998479150236
620,18.63667599999995,1,1,1,0.01737500133458525
621,18.666675999999953,1,1,1,0.016166995919775218
622,18.696675999999954,1,1,1,0.015124998753890395
623,18.726675999999955,1,1,1,0.014582998119294643
624,18.756675999999956,1,1,1,0.014500001270789653
625,18.786675999999957,1,1,1,0.014417004422284663
626,18.81667599999996,2,1,2,0.02166600461350754
627,18.84667599999996,1,1,2,0.017541999113745987
628,18.87667599999996,2,1,2,0.024084001779556274
629,18.906675999999962,2,1,2,0.030875002266839147
630,18.936675999999963,1,1,2,0.01720800355542451
631,18.966675999999964,2,1,2,0.029666996852029115
632,18.996675999999965,1,1,2,0.016040998161770403
633,19.026675999999966,2,1,2,0.02995900285895914
634,19.056675999999968,1,1,2,0.01737500133458525
635,19.08667599999997,1,1,2,0.016666999727021903
636,19.11667599999997,1,1,1,0.017958001990336925
637,19.14667599999997,2,1,2,0.023624997993465513
638,19.176675999999972,1,1,2,0.01758299913490191
639,19.206675999999973,1,1,2,0.017250000382773578
640,19.236675999999974,2,1,2,0.042708001274149865
641,19.266675999999975,1,1,2,0.018957995052915066
642,19.296675999999977,1,1,2,0.01641699782339856
643,19.326675999999978,2,2,2,0.029541995900217444
644,19.35667599999998,1,1,2,0.016792000678833574
645,19.38667599999998,2,2,2,0.029082999390084296
646,19.41667599999998,1,1,2,0.015915997209958732
647,19.446675999999982,1,1,2,0.016083002265077084
648,19.476675999999983,1,1,1,0.016750003851484507
649,19.506675999999985,2,1,2,0.022082997020334005
650,19.536675999999986,1,1,2,0.01612499909242615
651,19.566675999999987,1,1,2,0.01629199687158689
652,19.596675999999988,1,1,1,0.01733299723127857
653,19.62667599999999,2,1,2,0.02254099672427401
654,19.65667599999999,2,1,2,0.025459004973527044
655,19.68667599999999,2,2,2,0.02995799877680838
656,19.716675999999993,2,2,2,0.028832997486460954
657,19.746675999999994,2,2,2,0.029958995583001524
658,19.776675999999995,2,2,2,0.02950000634882599
659,19.806675999999996,2,2,2,0.03041699528694153
660,19.836675999999997,2,2,2,0.028458001906983554
661,19.866676,2,2,2,0.02754099841695279
662,19.896676,2,2,2,0.02824999683070928
663,19.926676,2,2,2,0.04362500476418063
664,19.956676,2,2,2,0.030999995942693204
665,19.986676000000003,1,1,2,0.017917001969181
666,20.016676000000004,2,2,2,0.03037499845959246
667,20.046676000000005,1,1,2,0.017334001313429326
668,20.076676000000006,2,2,2,0.029709000955335796
669,20.106676000000007,1,1,2,0.017082995327655226
670,20.13667600000001,1,1,2,0.016625002899672836
671,20.16667600000001,1,1,1,0.01737500133458525
672,20.19667600000001,1,1,1,0.017250000382773578
673,20.226676000000012,2,1,2,0.02329199924133718
674,20.256676000000013,1,1,2,0.017833001038525254
675,20.286676000000014,1,1,2,0.016624995623715222
676,20.316676000000015,2,1,2,0.025042005290742964
677,20.346676000000016,2,2,2,0.030208000680431724
678,20.376676000000018,1,1,2,0.01654100196901709
679,20.40667600000002,1,1,2,0.015958001313265413
680,20.43667600000002,2,2,2,0.028041999030392617
681,20.46667600000002,2,2,2,0.02795799809973687
682,20.496676000000022,2,1,3,0.022624997654929757
683,20.526676000000023,3,2,3,0.039332997403107584
684,20.556676000000024,3,3,3,0.04616600199369714
685,20.586676000000026,2,2,3,0.050499998906161636
686,20.616676000000027,2,2,3,0.03337499947519973
687,20.646676000000028,2,2,2,0.0335000004270114
688,20.67667600000003,2,2,2,0.03112500417046249
689,20.70667600000003,2,2,2,0.02991700603161007
690,20.73667600000003,3,2,3,0.03925000055460259
691,20.766676000000032,3,2,3,0.038958001823630184
692,20.796676000000033,3,3,3,0.042833002225961536
693,20.826676000000035,3,2,3,0.0440419971710071
694,20.856676000000036,3,2,3,0.04612500197254121
695,20.886676000000037,3,3,3,0.04470800195122138
696,20.916676000000038,3,3,3,0.04429199907463044
697,20.94667600000004,3,3,3,0.04504200478550047
698,20.97667600000004,1,1,3,0.019166996935382485
699,21.00667600000004,2,2,3,0.03229200228815898
700,21.036676000000043,2,2,2,0.0514170023961924
701,21.066676000000044,3,2,3,0.039417005609720945
702,21.096676000000045,3,2,3,0.03825000021606684
703,21.126676000000046,2,2,3,0.03154200385324657
704,21.156676000000047,3,2,3,0.04512500163400546
705,21.18667600000005,3,3,3,0.045708999095950276
706,21.21667600000005,3,2,3,0.045833003241568804
707,21.24667600000005,3,3,3,0.04466700193006545
708,21.27667600000005,3,3,3,0.04504199750954285
709,21.306676000000053,3,3,3,0.0464590048068203
710,21.336676000000054,3,3,3,0.04549999721348286
711,21.366676000000055,3,3,3,0.045166998461354524
712,21.396676000000056,3,3,3,0.06158299947855994
713,21.426676000000057,3,3,3,0.04654100484913215
714,21.45667600000006,3,3,3,0.044874999730382115
715,21.48667600000006,3,3,3,0.04550000448944047
716,21.51667600000006,3,3,3,0.04712500231107697
717,21.546676000000062,3,3,3,0.04562499816529453
718,21.576676000000063,3,3,3,0.04587500006891787
719,21.606676000000064,2,2,3,0.033875003282446414
720,21.636676000000065,3,3,3,0.046375003876164556
721,21.666676000000066,3,3,3,0.04308400093577802
722,21.696676000000068,3,3,3,0.044500004150904715
723,21.72667600000007,3,3,3,0.04600000102072954
724,21.75667600000007,3,3,3,0.18683399684960023
725,21.78667600000007,2,2,3,0.033499993151053786
726,21.816676000000072,3,3,3,0.04716599505627528
727,21.846676000000073,3,3,3,0.04516700573731214
728,21.876676000000074,3,3,3,0.042917003156617284
729,21.906676000000076,2,2,3,0.030832998163532466
730,21.936676000000077,2,2,3,0.03195799945387989
731,21.966676000000078,2,2,2,0.03316599759273231
732,21.99667600000008,3,2,3,0.03795899829128757
733,22.02667600000008,3,2,3,0.03933400148525834
734,22.05667600000008,3,3,3,0.045666994992643595
735,22.086676000000082,3,2,3,0.043916996219195426
736,22.116676000000083,2,2,3,0.03162500070175156
737,22.146676000000085,2,2,3,0.03191599535057321
738,22.176676000000086,3,2,3,0.05595899710897356
739,22.206676000000087,4,2,4,0.04649999755201861
740,22.236676000000088,3,2,4,0.040958002500701696
741,22.26667600000009,3,2,4,0.046540997573174536
742,22.29667600000009,3,3,3,0.04829100362258032
743,22.32667600000009,3,3,3,0.04525000258581713
744,22.356676000000093,3,3,3,0.04441700002644211
745,22.386676000000094,2,2,3,0.033208998502232134
746,22.416676000000095,2,2,3,0.0318750026053749
747,22.446676000000096,2,2,2,0.0317919984809123
748,22.476676000000097,2,2,2,0.02991700603161007
749,22.5066760000001,2,2,2,0.029417002224363387
750,22.5366760000001,3,2,3,0.038082995160948485
751,22.5666760000001,3,2,4,0.03808399924309924
752,22.5966760000001,3,2,4,0.05974999658064917
753,22.626676000000103,3,2,3,0.047166999138426036
754,22.656676000000104,3,2,3,0.045583998144138604
755,22.686676000000105,3,1,4,0.03887499769916758
756,22.716676000000106,3,2,4,0.04225000157020986
757,22.746676000000107,3,3,4,0.04629199975170195
758,22.77667600000011,3,3,3,0.046375003876164556
759,22.80667600000011,3,3,3,0.044957996578887105
760,22.83667600000011,4,3,4,0.05183399480301887
761,22.866676000000112,4,3,4,0.05612500535789877
762,22.896676000000113,3,3,4,0.046624998503830284
763,22.926676000000114,3,3,4,0.0652919989079237
764,22.956676000000115,3,3,4,0.04762499884236604
765,22.986676000000116,3,3,4,0.04862500645685941
766,23.016676000000118,4,4,4,0.06083399784984067
767,23.04667600000012,4,4,4,0.061374994402285665
768,23.07667600000012,4,4,4,0.061958002333994955
769,23.10667600000012,3,3,4,0.049124995712190866
770,23.136676000000122,4,4,4,0.0613329975749366
771,23.166676000000123,2,2,4,0.034249998861923814
772,23.196676000000124,3,3,4,0.04824999632546678
773,23.226676000000126,3,3,3,0.06550000398419797
774,23.256676000000127,3,3,3,0.04562499816529453
775,23.286676000000128,3,3,3,0.04591699689626694
776,23.31667600000013,2,2,3,0.03462500171735883
777,23.34667600000013,2,2,3,0.0317919984809123
778,23.37667600000013,2,2,2,0.03220899816369638
779,23.406676000000132,2,2,2,0.03125000512227416
780,23.436676000000134,2,2,2,0.031249997846316546
781,23.466676000000135,2,2,2,0.030625000363215804
782,23.496676000000136,2,2,2,0.030957999115344137
783,23.526676000000137,2,2,2,0.030165996577125043
784,23.556676000000138,2,2,2,0.030208000680431724
785,23.58667600000014,2,2,2,0.0305419962387532
786,23.61667600000014,2,2,2,0.0297920050797984
787,23.64667600000014,2,2,2,0.03033299435628578
788,23.676676000000143,3,2,3,0.03912499960279092
789,23.706676000000144,3,2,3,0.04091700247954577
790,23.736676000000145,3,3,3,0.06349999603116885
791,23.766676000000146,3,3,3,0.04595799691742286
792,23.796676000000147,2,2,3,0.03362499410286546
793,23.82667600000015,2,2,3,0.03233399911550805
794,23.85667600000015,1,1,2,0.019416998839005828
795,23.88667600000015,2,2,2,0.030540999432560056
796,23.91667600000015,1,1,2,0.017958998796530068
797,23.946676000000153,2,1,2,0.03154099977109581
798,23.976676000000154,3,2,3,0.037999998312443495
799,24.006676000000155,2,2,3,0.03295799979241565
800,24.036676000000156,3,2,4,0.040083999920170754
801,24.066676000000157,3,2,3,0.042917003156617284
802,24.09667600000016,3,3,3,0.04712500231107697
803,24.12667600000016,3,3,3,0.045958004193380475
804,24.15667600000016,3,3,3,0.06979199679335579
805,24.186676000000162,3,3,3,0.09637500625103712
806,24.216676000000163,3,3,3,0.05300000339047983
807,24.246676000000164,4,3,4,0.05966599564999342
808,24.276676000000165,4,3,4,0.060375001339707524
809,24.306676000000166,3,3,4,0.048499998229090124
810,24.336676000000168,4,4,4,0.0600829953327775
811,24.36667600000017,4,3,4,0.05879200034542009
812,24.39667600000017,4,3,4,0.06300000677583739
813,24.42667600000017,3,3,4,0.04916599573334679
814,24.456676000000172,3,3,4,0.048707996029406786
815,24.486676000000173,3,3,3,0.07116699998732656
816,24.516676000000174,2,2,3,0.032290998206008226
817,24.546676000000176,4,3,4,0.05395799962570891
818,24.576676000000177,2,2,4,0.03370799822732806
819,24.606676000000178,2,2,4,0.033583004551474005
820,24.63667600000018,2,2,2,0.033333999454043806
821,24.66667600000018,3,2,3,0.037333993532229215
822,24.69667600000018,3,2,3,0.03862500307150185
823,24.726676000000182,3,3,3,0.04325000190874562
824,24.756676000000184,3,3,3,0.04316699778428301
825,24.786676000000185,2,2,3,0.03024999750778079
826,24.816676000000186,2,2,3,0.030916999094188213
827,24.846676000000187,2,2,2,0.030999995942693204
828,24.876676000000188,2,2,2,0.028917005693074316
829,24.90667600000019,2,2,2,0.029625000024680048
830,24.93667600000019,2,2,2,0.048000001697801054
831,24.96667600000019,2,2,2,0.029625000024680048
832,24.996676000000193,2,2,2,0.029374998121056706
833,25.026676000000194,2,2,2,0.02829200093401596
834,25.056676000000195,2,2,2,0.028540998755488545
835,25.086676000000196,2,2,2,0.029916998755652457
836,25.116676000000197,2,2,2,0.02858399966498837
837,25.1466760000002,2,2,2,0.02841700188582763
838,25.1766760000002,2,2,2,0.02800000220304355
839,25.2066760000002,2,2,2,0.02787500125123188
840,25.2366760000002,2,2,2,0.028166999982204288
841,25.266676000000203,2,2,2,0.027375004719942808
842,25.296676000000204,2,2,2,0.027582995244301856
843,25.326676000000205,2,2,2,0.027667003450915217
844,25.356676000000206,3,2,3,0.03608300175983459
845,25.386676000000207,2,1,3,0.025667002773843706
846,25.41667600000021,2,2,3,0.03308399755042046
847,25.44667600000021,3,2,3,0.04229199839755893
848,25.47667600000021,2,1,3,0.04325000190874562
849,25.506676000000212,2,2,3,0.033333999454043806
850,25.536676000000213,3,2,3,0.03941699833376333
851,25.566676000000214,2,1,3,0.0262079993262887
852,25.596676000000215,2,2,3,0.03133300197077915
853,25.626676000000217,1,1,2,0.020374995074234903
854,25.656676000000218,3,2,3,0.03808399924309924
855,25.68667600000022,2,1,3,0.02600000152597204
856,25.71667600000022,2,2,3,0.030291004804894328
857,25.74667600000022,1,1,2,0.021040999854449183
858,25.776676000000222,2,1,3,0.025749999622348696
859,25.806676000000223,1,1,2,0.01974999759113416
860,25.836676000000224,1,1,2,0.016417005099356174
861,25.866676000000226,1,1,1,0.016750003851484507
862,25.896676000000227,1,1,1,0.01587499718880281
863,25.926676000000228,1,1,1,0.015541998436674476
864,25.95667600000023,2,1,2,0.022374995751306415
865,25.98667600000023,1,1,2,0.017124999430961907
866,26.01667600000023,1,1,2,0.016666999727021903
867,26.046676000000232,3,1,3,0.032125004508998245
868,26.076676000000234,2,1,3,0.033958000130951405
869,26.106676000000235,1,1,3,0.019708997569978237
870,26.136676000000236,2,1,2,0.03341700357850641
871,26.166676000000237,2,2,2,0.050499998906161636
872,26.196676000000238,3,2,3,0.03829100023722276
873,26.22667600000024,2,2,3,0.030625000363215804
874,26.25667600000024,2,2,3,0.0301670006592758
875,26.28667600000024,1,1,2,0.017708000086713582
876,26.316676000000243,2,2,2,0.029000002541579306
877,26.346676000000244,2,2,2,0.02779200440272689
878,26.376676000000245,3,2,3,0.0351249982486479
879,26.406676000000246,3,2,3,0.0388329935958609
880,26.436676000000247,3,3,3,0.04558300133794546
881,26.46667600000025,3,3,3,0.04462499782675877
882,26.49667600000025,2,2,3,0.03237499913666397
883,26.52667600000025,3,3,3,0.04575000639306381
884,26.55667600000025,4,3,4,0.051957998948637396
885,26.586676000000253,3,3,4,0.06229199789231643
886,26.616676000000254,2,2,4,0.033042000723071396
887,26.646676000000255,2,2,3,0.032208001357503235
888,26.676676000000256,3,3,3,0.04283299495000392
889,26.706676000000257,2,2,3,0.03233300230931491
890,26.73667600000026,2,2,3,0.03212499723304063
891,26.76667600000026,2,2,3,0.03191699943272397
892,26.79667600000026,3,1,4,0.0397080002585426
893,26.826676000000262,4,2,4,0.05474999488797039
894,26.856676000000263,4,2,4,0.06145799852674827
895,26.886676000000264,3,2,4,0.04504200478550047
896,26.916676000000265,3,2,4,0.04470899875741452
897,26.946676000000267,4,4,4,0.2300830019521527
898,26.976676000000268,4,4,4,0.06233300518942997
899,27.00667600000027,2,2,4,0.03462500171735883
900,27.03667600000027,4,4,4,0.05950000195298344
901,27.06667600000027,4,4,4,0.0567499955650419
902,27.096676000000272,4,4,4,0.056416000006720424
903,27.126676000000273,3,3,4,0.04612500197254121
904,27.156676000000274,2,2,4,0.03366699820617214
905,27.186676000000276,2,2,4,0.03433300298638642
906,27.216676000000277,2,2,3,0.036375000490807
907,27.246676000000278,2,2,2,0.03420800203457475
908,27.27667600000028,3,2,3,0.03925000055460259
909,27.30667600000028,3,2,3,0.061209000705275685
910,27.33667600000028,3,3,3,0.04629199975170195
911,27.366676000000282,3,3,3,0.044583000999409705
912,27.396676000000284,2,2,3,0.032916999771259725
913,27.426676000000285,2,2,3,0.03233300230931491
914,27.456676000000286,2,2,2,0.03374999505467713
915,27.486676000000287,3,2,3,0.03758399543585256
916,27.516676000000288,2,1,3,0.0265829949057661
917,27.54667600000029,3,2,3,0.04691600042860955
918,27.57667600000029,3,3,3,0.04637499660020694
919,27.60667600000029,1,1,3,0.01966700074262917
920,27.636676000000293,1,1,3,0.018541999452281743
921,27.666676000000294,2,1,2,0.03366699820617214
922,27.696676000000295,2,2,2,0.029999995604157448
923,27.726676000000296,3,2,3,0.03766699956031516
924,27.756676000000297,2,1,3,0.024417000531684607
925,27.7866760000003,2,2,3,0.051333001465536654
926,27.8166760000003,3,1,3,0.04608299786923453
927,27.8466760000003,2,1,3,0.032083000405691564
928,27.8766760000003,2,2,3,0.032457995985168964
929,27.906676000000303,2,2,2,0.03383299917913973
930,27.936676000000304,2,2,2,0.030499999411404133
931,27.966676000000305,1,1,2,0.017209000361617655
932,27.996676000000306,1,1,2,0.016750003851484507
933,28.026676000000307,1,1,1,0.017583006410859525
934,28.05667600000031,1,1,1,0.016291000065393746
935,28.08667600000031,1,1,1,0.01529099972685799
936,28.11667600000031,1,1,1,0.014999997802078724
937,28.146676000000312,1,1,1,0.014999997802078724
938,28.176676000000313,1,1,1,0.015000005078036338
939,28.206676000000314,1,1,1,0.014416000340133905
940,28.236676000000315,1,1,1,0.014292003470472991
941,28.266676000000317,1,1,1,0.014666999049950391
942,28.296676000000318,1,1,1,0.01416700251866132
943,28.32667600000032,2,1,2,0.022916996385902166
944,28.35667600000032,3,1,3,0.03158299659844488
945,28.38667600000032,2,2,3,0.03125000512227416
946,28.416676000000322,3,2,3,0.03912499960279092
947,28.446676000000323,2,2,3,0.032000003557186574
948,28.476676000000325,2,2,3,0.050000002374872565
949,28.506676000000326,2,1,3,0.032500000088475645
950,28.536676000000327,2,2,3,0.032500000088475645
951,28.566676000000328,2,2,3,0.03137499879812822
952,28.59667600000033,2,2,2,0.033541000448167324
953,28.62667600000033,2,2,2,0.030791998142376542
954,28.65667600000033,1,1,2,0.01654199877521023
955,28.686676000000332,1,1,2,0.016750003851484507
956,28.716676000000334,1,1,1,0.017167003534268588
957,28.746676000000335,1,1,1,0.014875004126224667
958,28.776676000000336,2,1,2,0.023415996110998094
959,28.806676000000337,2,1,2,0.026083995180670172
960,28.836676000000338,1,1,2,0.018541999452281743
961,28.86667600000034,3,2,3,0.03833299706457183
962,28.89667600000034,3,2,3,0.04058299964526668
963,28.92667600000034,2,2,3,0.032707997888792306
964,28.956676000000343,3,2,3,0.04591699689626694
965,28.986676000000344,3,3,3,0.04525000258581713
966,29.016676000000345,3,2,3,0.0628749985480681
967,29.046676000000346,2,2,3,0.03275000199209899
968,29.076676000000347,2,2,3,0.03083399496972561
969,29.10667600000035,2,2,2,0.03354200453031808
970,29.13667600000035,2,2,2,0.030832998163532466
971,29.16667600000035,2,2,2,0.02995799877680838
972,29.196676000000352,3,2,3,0.03687499702209607
973,29.226676000000353,3,2,3,0.03941600152757019
974,29.256676000000354,3,3,3,0.045000000682193786
975,29.286676000000355,4,3,4,0.051583003369159997
976,29.316676000000356,4,3,4,0.05566699837800115
977,29.346676000000357,4,4,4,0.06191699503688142
978,29.37667600000036,4,4,4,0.057167002523783594
979,29.40667600000036,3,3,4,0.0653750030323863
980,29.43667600000036,3,3,4,0.0490829988848418
981,29.466676000000362,3,3,4,0.047249995986931026
982,29.496676000000363,3,3,3,0.049124995712190866
983,29.526676000000364,3,3,3,0.047666995669715106
984,29.556676000000365,3,3,3,0.04516700573731214
985,29.586676000000367,2,2,3,0.03295899659860879
986,29.616676000000368,3,3,3,0.044874999730382115
987,29.64667600000037,3,3,3,0.04316600097808987
988,29.67667600000037,3,3,3,0.04454100417206064
989,29.70667600000037,3,3,3,0.04420799814397469
990,29.736676000000372,2,2,3,0.032417003239970654
991,29.766676000000373,2,2,3,0.050417002057656646
992,29.796676000000375,2,2,2,0.03454199759289622
993,29.826676000000376,2,2,2,0.03275000199209899
994,29.856676000000377,2,2,2,0.031167000997811556
995,29.886676000000378,2,2,2,0.03112500417046249
996,29.91667600000038,2,2,2,0.030000002880115062
997,29.94667600000038,2,2,2,0.029708004149142653
998,29.97667600000038,2,2,2,0.02904100256273523
999,30.006676000000382,2,2,2,0.02812500315485522
1000,30.036676000000384,2,2,2,0.03045899939024821
1001,30.066676000000385,1,1,2,0.017250000382773578
1002,30.096676000000386,2,2,2,0.030417002562899143
1003,30.126676000000387,2,2,2,0.029417002224363387
1004,30.156676000000388,2,2,2,0.029791997803840786
1005,30.18667600000039,2,2,2,0.030750001315027475
1006,30.21667600000039,2,2,2,0.02995799877680838
1007,30.24667600000039,2,2,2,0.029165996238589287
1008,30.276676000000393,2,2,2,0.029333998099900782
1009,30.306676000000394,4,2,4,0.04383299528853968
1010,30.336676000000395,3,2,5,0.06020799628458917
1011,30.366676000000396,3,2,5,0.04354099655756727
1012,30.396676000000397,3,3,3,0.04804100171895698
1013,30.4266760000004,3,3,3,0.04600000102072954
1014,30.4566760000004,3,3,3,0.04470800195122138
1015,30.4866760000004,3,3,3,0.044625005102716386
1016,30.516676000000402,3,3,3,0.046167006075847894
1017,30.546676000000403,3,3,3,0.0444999968749471
1018,30.576676000000404,2,2,3,0.0317919984809123
1019,30.606676000000405,2,2,3,0.03104100323980674
1020,30.636676000000406,2,2,2,0.03312499757157639
1021,30.666676000000407,3,2,3,0.03712499892571941
1022,30.69667600000041,2,2,3,0.030082999728620052
1023,30.72667600000041,2,2,3,0.049291003961116076
1024,30.75667600000041,3,1,4,0.03375000233063474
1025,30.786676000000412,3,3,4,0.047958994400687516
1026,30.816676000000413,3,2,4,0.04074999742442742
1027,30.846676000000414,2,2,4,0.032625001040287316
1028,30.876676000000415,1,1,3,0.020499996026046574
1029,30.906676000000417,2,1,2,0.034083001082763076
1030,30.936676000000418,2,1,2,0.03012499655596912
1031,30.96667600000042,2,2,2,0.030625000363215804
1032,30.99667600000042,2,2,2,0.029457994969561696
1033,31.02667600000042,1,1,2,0.01708300260361284
1034,31.056676000000422,2,1,2,0.030791998142376542
1035,31.086676000000423,1,1,2,0.01695800165180117
1036,31.116676000000425,0,0,2,0.004250003257766366
1037,31.146676000000426,2,1,2,0.027374997443985194
1038,31.176676000000427,2,0,3,0.018124999769497663
1039,31.206676000000428,1,1,3,0.01837499439716339
1040,31.23667600000043,1,1,2,0.0195419997908175
1041,31.26667600000043,1,0,1,0.017708000086713582
1042,31.29667600000043,1,1,1,0.01599999814061448
1043,31.326676000000433,1,1,1,0.016707999748177826
1044,31.356676000000434,2,1,2,0.025207998987752944
1045,31.386676000000435,2,1,2,0.044874999730382115
1046,31.416676000000436,1,1,2,0.01937500201165676
1047,31.446676000000437,1,1,2,0.01833300484577194
1048,31.476676000000438,2,1,2,0.031249997846316546
1049,31.50667600000044,1,0,2,0.01741700543789193
1050,31.53667600000044,2,2,2,0.030125003831926733
1051,31.56667600000044,1,1,2,0.017167003534268588
1052,31.596676000000443,1,0,2,0.016833000699989498
1053,31.626676000000444,2,1,2,0.030999995942693204
1054,31.656676000000445,1,1,2,0.017291997210122645
1055,31.686676000000446,1,1,2,0.016375000996049494
1056,31.716676000000447,1,1,1,0.017458994989283383
1057,31.74667600000045,1,1,1,0.016250000044237822
1058,31.77667600000045,1,0,2,0.010208997991867363
1059,31.80667600000045,1,0,2,0.011167001503054053
1060,31.836676000000452,2,1,2,0.03208400448784232
1061,31.866676000000453,3,1,3,0.03729200398083776
1062,31.896676000000454,2,0,3,0.025957997422665358
1063,31.926676000000455,2,2,3,0.03125000512227416
1064,31.956676000000456,3,2,3,0.0441250012954697
1065,31.986676000000458,2,1,3,0.03166700480505824
1066,32.01667600000046,2,2,3,0.030999995942693204
1067,32.04667600000046,2,2,2,0.050000002374872565
1068,32.07667600000046,1,1,2,0.020125000446569175
1069,32.10667600000046,1,1,2,0.018124999769497663
1070,32.13667600000046,1,1,1,0.019209001038689166
1071,32.166676000000464,2,1,2,0.024916997062973678
1072,32.196676000000465,1,1,2,0.01779200101736933
1073,32.22667600000047,1,1,2,0.017708000086713582
1074,32.25667600000047,1,1,1,0.017290993127971888
1075,32.28667600000047,1,1,1,0.0155829984578304
1076,32.31667600000047,1,1,1,0.015500001609325409
1077,32.34667600000047,1,1,1,0.015334000636357814
1078,32.37667600000047,1,1,1,0.01529099972685799
1079,32.40667600000047,2,1,2,0.022666994482278824
1080,32.436676000000475,1,1,2,0.018791004549711943
1081,32.466676000000476,2,1,2,0.0249579970841296
1082,32.49667600000048,1,1,2,0.017625003238208592
1083,32.52667600000048,2,1,2,0.030499999411404133
1084,32.55667600000048,3,2,3,0.03741699765669182
1085,32.58667600000048,2,2,3,0.031083000067155808
1086,32.61667600000048,3,2,3,0.04012499994132668
1087,32.64667600000048,2,2,3,0.03175000165356323
1088,32.676676000000484,2,2,3,0.0320410035783425
1089,32.706676000000485,3,2,3,0.04433299909578636
1090,32.736676000000486,2,1,3,0.050249997002538294
1091,32.76667600000049,3,2,3,0.045084001612849534
1092,32.79667600000049,3,2,3,0.045916000090073794
1093,32.82667600000049,2,2,3,0.03166699752910063
1094,32.85667600000049,2,2,3,0.033125004847534
1095,32.88667600000049,3,2,3,0.045958993723616004
1096,32.91667600000049,3,2,4,0.038334001146722585
1097,32.946676000000494,4,2,5,0.04683300358010456
1098,32.976676000000495,4,3,4,0.05833400064148009
1099,33.006676000000496,4,3,4,0.05966699973214418
1100,33.0366760000005,4,4,4,0.059167003200855106
1101,33.0666760000005,4,4,4,0.21908299822825938
1102,33.0966760000005,2,2,4,0.03491700044833124
1103,33.1266760000005,3,3,4,0.04829200042877346
1104,33.1566760000005,2,2,3,0.035958000808022916
1105,33.1866760000005,2,2,3,0.03308300074422732
1106,33.216676000000504,2,2,2,0.03254199691582471
1107,33.246676000000505,2,2,2,0.031042000045999885
1108,33.276676000000506,2,2,2,0.029542003176175058
1109,33.30667600000051,2,2,2,0.031042000045999885
1110,33.33667600000051,2,2,2,0.0301670006592758
1111,33.36667600000051,2,2,2,0.02975000097649172
1112,33.39667600000051,3,2,3,0.03691700112540275
1113,33.42667600000051,3,2,3,0.03925000055460259
1114,33.45667600000051,3,2,3,0.04479199560591951
1115,33.486676000000514,3,2,4,0.0397080002585426
1116,33.516676000000516,2,2,4,0.05324999801814556
1117,33.54667600000052,2,1,4,0.034666998544707894
1118,33.57667600000052,2,2,3,0.036375000490807
1119,33.60667600000052,2,1,4,0.026458998036105186
1120,33.63667600000052,3,2,3,0.04254100349498913
1121,33.66667600000052,4,2,4,0.051333001465536654
1122,33.69667600000052,4,2,5,0.05416700150817633
1123,33.72667600000052,4,2,6,0.04975000047124922
1124,33.756676000000525,4,3,5,0.06658399797743186
1125,33.786676000000526,4,4,5,0.06362499698298052
1126,33.81667600000053,2,2,4,0.035875003959517926
1127,33.84667600000053,3,3,4,0.0650830043014139
1128,33.87667600000053,2,2,4,0.034874996345024556
1129,33.90667600000053,3,1,5,0.04266700125299394
1130,33.93667600000053,3,1,5,0.03695800114655867
1131,33.96667600000053,3,2,4,0.04391599941300228
1132,33.996676000000534,3,2,4,0.04170899774180725
1133,34.026676000000535,3,2,4,0.04295800317777321
1134,34.056676000000536,2,2,3,0.035250006476417184
1135,34.08667600000054,1,0,4,0.013125005352776498
1136,34.11667600000054,0,0,3,0.006499998562503606
1137,34.14667600000054,0,0,1,0.005207999492995441
1138,34.17667600000054,1,0,1,0.009957999282050878
1139,34.20667600000054,1,0,2,0.008666997018735856
1140,34.23667600000054,1,0,3,0.009292001777794212
1141,34.266676000000544,0,0,2,0.0036670026020146906
1142,34.296676000000545,1,0,2,0.009584000508766621
1143,34.326676000000546,2,0,2,0.018874998204410076
1144,34.35667600000055,1,0,2,0.011042000551242381
1145,34.38667600000055,1,0,2,0.01820900070015341
1146,34.41667600000055,1,0,1,0.019374994735699147
1147,34.44667600000055,1,0,1,0.016874997527338564
1148,34.47667600000055,0,0,1,0.0025000044843181968
1149,34.50667600000055,2,0,2,0.023333996068686247
1150,34.536676000000554,1,1,2,0.017875005141831934
1151,34.566676000000555,1,1,2,0.017708000086713582
1152,34.596676000000556,2,1,2,0.024416003725491464
1153,34.62667600000056,2,1,2,0.0259589942288585
1154,34.65667600000056,2,2,2,0.050457994802854955
1155,34.68667600000056,2,2,2,0.03237500641262159
1156,34.71667600000056,2,2,2,0.030957999115344137
1157,34.74667600000056,2,2,2,0.03029200161108747
1158,34.77667600000056,1,1,2,0.01737500133458525
1159,34.806676000000564,1,1,2,0.016833000699989498
1160,34.836676000000566,1,1,1,0.01708300260361284
1161,34.86667600000057,1,1,1,0.015583005733788013
1162,34.89667600000057,3,1,3,0.029249997169245034
1163,34.92667600000057,2,1,3,0.027334004698786885
1164,34.95667600000057,1,1,3,0.018250000721309334
1165,34.98667600000057,3,2,3,0.03816599928541109
1166,35.01667600000057,2,2,3,0.03158299659844488
1167,35.04667600000057,1,1,3,0.017958001990336925
1168,35.076676000000575,1,1,2,0.018250000721309334
1169,35.106676000000576,1,1,1,0.018832994101103395
1170,35.13667600000058,1,1,1,0.016083002265077084
1171,35.16667600000058,1,0,2,0.009250004950445145
1172,35.19667600000058,2,1,2,0.025250003091059625
1173,35.22667600000058,1,1,2,0.017250000382773578
1174,35.25667600000058,2,1,2,0.030166003853082657
1175,35.28667600000058,2,2,2,0.03324999852338806
1176,35.316676000000584,1,1,2,0.017416001355741173
1177,35.346676000000585,2,1,2,0.037416000850498676
1178,35.376676000000586,2,2,2,0.05062499985797331
1179,35.40667600000059,3,2,3,0.038833997678011656
1180,35.43667600000059,2,2,3,0.03204200038453564
1181,35.46667600000059,1,1,3,0.01774999691406265
1182,35.49667600000059,1,1,2,0.018165999790653586
1183,35.52667600000059,2,2,2,0.030417002562899143
1184,35.55667600000059,1,1,2,0.017416001355741173
1185,35.586676000000594,2,1,3,0.023665998014621437
1186,35.616676000000595,1,1,2,0.019333005184307694
1187,35.646676000000596,1,1,2,0.01766700006555766
1188,35.6766760000006,1,1,1,0.017124999430961907
1189,35.7066760000006,1,1,1,0.01587499718880281
1190,35.7366760000006,1,1,1,0.015165998775046319
1191,35.7666760000006,1,1,1,0.015124998753890395
1192,35.7966760000006,2,1,2,0.022999993234407157
1193,35.8266760000006,1,1,2,0.01679100387264043
1194,35.856676000000604,2,1,3,0.02316699828952551
1195,35.886676000000605,2,1,2,0.02600000152597204
1196,35.91667600000061,1,1,2,0.016999998479150236
1197,35.94667600000061,2,1,3,0.024499997380189598
1198,35.97667600000061,1,1,2,0.018625003576744348
1199,36.00667600000061,2,1,2,0.025917004677467048
1200,36.03667600000061,2,2,2,0.03154200385324657
1201,36.06667600000061,2,2,2,0.030208000680431724
1202,36.09667600000061,2,2,2,0.03145800292259082
1203,36.126676000000614,3,2,3,0.05616599810309708
1204,36.156676000000616,1,1,3,0.019582999811973423
1205,36.18667600000062,2,1,3,0.0321669940603897
1206,36.21667600000062,3,2,3,0.040083999920170754
1207,36.24667600000062,3,2,4,0.03949999518226832
1208,36.27667600000062,2,1,5,0.02562500594649464
1209,36.30667600000062,2,1,4,0.028540998755488545
1210,36.33667600000062,2,1,3,0.03337499947519973
1211,36.36667600000062,2,1,2,0.034417003917042166
1212,36.396676000000625,1,1,2,0.018917002307716757
1213,36.426676000000626,2,2,2,0.03145800292259082
1214,36.45667600000063,3,2,3,0.037917001463938504
1215,36.48667600000063,3,2,3,0.04004199581686407
1216,36.51667600000063,4,2,4,0.05149999924469739
1217,36.54667600000063,4,2,5,0.04741700104204938
1218,36.57667600000063,3,2,5,0.060917001974303275
1219,36.60667600000063,3,3,4,0.05220899765845388
1220,36.636676000000634,3,2,4,0.04129100125283003
1221,36.666676000000635,2,2,4,0.03408399788895622
1222,36.696676000000636,2,2,4,0.03266699786763638
1223,36.72667600000064,2,2,2,0.03495900455163792
1224,36.75667600000064,2,2,2,0.032999996619764715
1225,36.78667600000064,2,2,2,0.030542003514710814
1226,36.81667600000064,3,2,3,0.037165998946875334
1227,36.84667600000064,3,2,3,0.03820800338871777
1228,36.87667600000064,3,2,4,0.04004099901067093
1229,36.906676000000644,2,2,4,0.03379099507583305
1230,36.936676000000645,2,2,3,0.03341599949635565
1231,36.966676000000646,2,2,2,0.03220799408154562
1232,36.99667600000065,1,1,2,0.017666003259364516
1233,37.02667600000065,1,1,2,0.01745799818309024
1234,37.05667600000065,1,1,1,0.018999999156221747
1235,37.08667600000065,2,1,2,0.02545899769756943
1236,37.11667600000065,1,1,2,0.036958997952751815
1237,37.14667600000065,1,1,2,0.01841600169427693
1238,37.176676000000654,2,1,2,0.025499997718725353
1239,37.206676000000655,1,1,2,0.017541999113745987
1240,37.23667600000066,1,0,3,0.010875002772081643
1241,37.26667600000066,2,1,3,0.030832998163532466
1242,37.29667600000066,1,1,3,0.01841600169427693
1243,37.32667600000066,1,1,2,0.018500002624932677
1244,37.35667600000066,1,0,1,0.018415994418319315
1245,37.38667600000066,0,0,1,0.0028330032364465296
1246,37.41667600000066,1,0,1,0.016333993698935956
1247,37.446676000000664,1,0,1,0.015541998436674476
1248,37.476676000000666,1,1,1,0.01612499909242615
1249,37.50667600000067,1,1,1,0.01816699659684673
1250,37.53667600000067,1,1,1,0.015334000636357814
1251,37.56667600000067,2,1,2,0.02337499608984217
1252,37.59667600000067,2,1,2,0.027000001864507794
1253,37.62667600000067,2,2,2,0.03374999505467713
1254,37.65667600000067,2,2,2,0.030957999115344137
1255,37.68667600000067,2,1,2,0.03337499947519973
1256,37.716676000000675,2,2,2,0.03112500417046249
1257,37.746676000000676,2,1,3,0.02474999928381294
1258,37.77667600000068,2,2,3,0.03512500552460551
1259,37.80667600000068,2,1,4,0.029374998121056706
1260,37.83667600000068,2,1,4,0.02983299782499671
1261,37.86667600000068,2,2,3,0.052916002459824085
1262,37.89667600000068,1,1,2,0.019625003915280104
1263,37.92667600000068,2,2,2,0.03158300387440249
1264,37.956676000000684,1,1,2,0.020499996026046574
1265,37.986676000000685,2,2,2,0.0322499981848523
1266,38.016676000000686,1,1,2,0.018083002942148596
1267,38.04667600000069,1,1,2,0.017625003238208592
1268,38.07667600000069,1,0,2,0.017624995962250978
1269,38.10667600000069,1,1,2,0.018207996618002653
1270,38.13667600000069,2,1,2,0.031833005778025836
1271,38.16667600000069,0,0,2,0.004209003236610442
1272,38.19667600000069,2,1,2,0.03375000233063474
1273,38.226676000000694,0,0,2,0.004333000106271356
1274,38.256676000000695,1,1,2,0.018624996300786734
1275,38.286676000000696,1,0,1,0.0191670042113401
1276,38.3166760000007,1,0,1,0.016917001630645245
1277,38.3466760000007,1,1,1,0.016332996892742813
1278,38.3766760000007,1,1,1,0.01599999814061448
1279,38.4066760000007,2,1,2,0.024291999579872936
1280,38.4366760000007,1,1,2,0.018042002920992672
1281,38.4666760000007,1,1,2,0.01787499786587432
1282,38.496676000000704,1,1,1,0.018541999452281743
1283,38.526676000000705,2,1,2,0.025542001822032034
1284,38.55667600000071,1,1,2,0.02050000330200419
1285,38.58667600000071,2,1,3,0.026041998353321105
1286,38.61667600000071,1,1,2,0.020542000129353255
1287,38.64667600000071,1,1,2,0.017499995010439306
1288,38.67667600000071,1,1,1,0.018042002920992672
1289,38.70667600000071,2,1,2,0.024125001800712198
1290,38.73667600000071,2,1,2,0.02800000220304355
1291,38.766676000000714,1,1,2,0.036292003642302006
1292,38.796676000000716,2,2,2,0.03362500137882307
1293,38.82667600000072,1,1,2,0.018167003872804344
1294,38.85667600000072,1,1,2,0.01750000228639692
1295,38.88667600000072,1,1,1,0.01750000228639692
1296,38.91667600000072,3,1,3,0.029499999072868377
1297,38.94667600000072,2,1,3,0.026249996153637767
1298,38.97667600000072,2,2,3,0.0347500026691705
1299,39.00667600000072,1,1,2,0.018207996618002653
1300,39.036676000000725,2,2,2,0.03129200194962323
1301,39.066676000000726,1,0,2,0.01750000228639692
1302,39.09667600000073,1,1,2,0.016707999748177826
1303,39.12667600000073,1,1,2,0.01654100196901709
1304,39.15667600000073,2,1,2,0.03012499655596912
1305,39.18667600000073,2,2,2,0.03154200385324657
1306,39.21667600000073,2,2,2,0.030832998163532466
1307,39.24667600000073,2,2,2,0.030415998480748385
1308,39.276676000000734,2,2,2,0.030459006666205823
1309,39.306676000000735,2,2,2,0.03141599881928414
1310,39.336676000000736,2,2,2,0.03170799755025655
1311,39.36667600000074,2,2,2,0.03191699943272397
1312,39.39667600000074,1,1,2,0.018833998183254153
1313,39.42667600000074,2,2,2,0.04820800677407533
1314,39.45667600000074,2,1,3,0.0268340008915402
1315,39.48667600000074,2,1,4,0.027958994905930012
1316,39.51667600000074,2,0,4,0.029208000341895968
1317,39.546676000000744,3,1,4,0.04408299719216302
1318,39.576676000000745,2,2,3,0.03783299325732514
1319,39.606676000000746,3,2,3,0.048499998229090124
1320,39.63667600000075,2,2,3,0.03391700010979548
1321,39.66667600000075,1,1,3,0.019583996618166566
1322,39.69667600000075,2,1,2,0.03654200554592535
1323,39.72667600000075,2,1,2,0.03245900006731972
1324,39.75667600000075,2,2,2,0.03216700133634731
1325,39.78667600000075,2,2,2,0.032208001357503235
1326,39.816676000000754,2,2,2,0.030582996259909123
1327,39.846676000000755,2,2,2,0.03275000199209899
1328,39.87667600000076,2,2,2,0.031208997825160623
1329,39.90667600000076,1,1,2,0.01820900070015341
1330,39.93667600000076,2,2,2,0.031209005101118237
1331,39.96667600000076,1,1,2,0.03524999920045957
1332,39.99667600000076,1,1,2,0.018833998183254153
1333,40.02667600000076,2,1,2,0.032625001040287316
1334,40.05667600000076,1,1,2,0.018749997252598405
1335,40.086676000000764,2,1,2,0.03133299469482154
1336,40.116676000000766,2,2,2,0.03158299659844488
1337,40.14667600000077,2,1,3,0.02616599522298202
1338,40.17667600000077,2,1,3,0.026875000912696123
1339,40.20667600000077,2,2,2,0.034791999496519566
1340,40.23667600000077,2,1,2,0.03404200106160715
1341,40.26667600000077,2,1,2,0.03337499947519973
1342,40.29667600000077,2,2,2,0.03183400258421898
1343,40.326676000000774,2,2,2,0.0317919984809123
1344,40.356676000000775,2,2,2,0.03237500641262159
1345,40.386676000000776,1,1,2,0.01779200101736933
1346,40.41667600000078,2,1,3,0.027916998078580946
1347,40.44667600000078,2,1,2,0.03183299850206822
1348,40.47667600000078,2,2,2,0.033042000723071396
1349,40.50667600000078,2,2,2,0.032625001040287316
1350,40.53667600000078,2,2,2,0.03145800292259082
1351,40.56667600000078,2,2,2,0.03329200262669474
1352,40.596676000000784,2,2,2,0.21991699759382755
1353,40.626676000000785,2,2,2,0.03175000165356323
1354,40.656676000000786,1,1,2,0.01799999881768599
1355,40.68667600000079,2,2,2,0.03120800101896748
1356,40.71667600000079,2,2,2,0.03162500070175156
1357,40.74667600000079,2,2,2,0.03166700480505824
1358,40.77667600000079,1,1,2,0.01787499786587432
1359,40.80667600000079,2,2,2,0.031666000722907484
1360,40.83667600000079,2,2,2,0.030333001632243395
1361,40.866676000000794,2,2,2,0.030000002880115062
1362,40.896676000000795,1,1,2,0.01774999691406265
1363,40.926676000000796,1,1,2,0.01787499786587432
1364,40.9566760000008,1,1,1,0.02191699604736641
1365,40.9866760000008,2,1,2,0.027750000299420208
1366,41.0166760000008,2,1,2,0.025832996470853686
1367,41.0466760000008,2,2,2,0.03091600228799507
1368,41.0766760000008,2,2,2,0.035832999856211245
1369,41.1066760000008,2,2,2,0.031249997846316546
1370,41.136676000000804,3,2,3,0.04108300345251337
1371,41.166676000000805,2,2,3,0.03825000021606684
1372,41.19667600000081,2,2,3,0.06016700353939086
1373,41.22667600000081,3,2,3,0.045291999413166195
1374,41.25667600000081,2,2,3,0.033416996302548796
1375,41.28667600000081,2,2,3,0.0320410035783425
1376,41.31667600000081,2,2,2,0.0320410035783425
1377,41.34667600000081,2,2,2,0.029499999072868377
1378,41.37667600000081,2,2,2,0.029499999072868377
1379,41.406676000000814,2,2,2,0.029582995921373367
1380,41.436676000000816,1,1,2,0.01712500670691952
1381,41.46667600000082,2,2,2,0.030832998163532466
1382,41.49667600000082,3,2,3,0.04087499837623909
1383,41.52667600000082,4,2,4,0.048207999498117715
1384,41.55667600000082,3,2,4,0.04137499490752816
1385,41.58667600000082,3,2,4,0.047041998186614364
1386,41.61667600000082,2,1,3,0.03529200330376625
1387,41.646676000000824,3,3,3,0.06595799641218036
1388,41.676676000000825,3,3,3,0.04762499884236604
1389,41.706676000000826,3,3,3,0.04587500006891787
1390,41.73667600000083,3,3,3,0.04516599437920377
1391,41.76667600000083,3,3,3,0.046041001041885465
1392,41.79667600000083,3,3,3,0.04608299786923453
1393,41.82667600000083,2,2,3,0.03237499913666397
1394,41.85667600000083,2,2,3,0.0317919984809123
1395,41.88667600000083,2,2,2,0.033541000448167324
1396,41.916676000000834,2,2,2,0.0322499981848523
1397,41.946676000000835,2,2,2,0.030458002584055066
1398,41.976676000000836,2,2,2,0.032165997254196554
1399,42.00667600000084,2,2,2,0.03108399687334895
1400,42.03667600000084,2,2,2,0.030834002245683223
1401,42.06667600000084,2,2,2,0.030582996259909123
1402,42.09667600000084,2,2,2,0.029584000003524125
1403,42.12667600000084,2,2,2,0.04729200009023771
1404,42.15667600000084,2,2,2,0.031209005101118237
1405,42.186676000000844,2,2,2,0.03149999974993989
1406,42.216676000000845,1,1,2,0.01733299723127857
1407,42.246676000000846,2,2,2,0.030666000384371728
1408,42.27667600000085,2,2,2,0.030625000363215804
1409,42.30667600000085,0,0,2,0.004167006409261376
1410,42.33667600000085,1,1,2,0.018915998225566
1411,42.36667600000085,0,0,1,0.004333000106271356
1412,42.39667600000085,0,0,1,0.0028330032364465296
1413,42.42667600000085,0,0,0,0.002583001332823187
1414,42.456676000000854,0,0,0,0.0013329990906640887
1415,42.486676000000855,0,0,0,0.0009590003173798323
1416,42.51667600000086,1,0,1,0.00912499672267586
1417,42.54667600000086,0,0,1,0.002334003511350602
1418,42.57667600000086,0,0,1,0.0018749997252598405
1419,42.60667600000086,0,0,0,0.0020000006770715117
1420,42.63667600000086,0,0,0,0.0010000003385357559
1421,42.66667600000086,0,0,0,0.0008330025593750179
1422,42.69667600000086,0,0,0,0.0007920025382190943
1423,42.726676000000865,0,0,0,0.0007500057108700275
1424,42.756676000000866,0,0,0,0.0007089984137564898
1425,42.78667600000087,0,0,0,0.0007080016075633466
1426,42.81667600000087,1,0,1,0.007499998901039362
1427,42.84667600000087,1,0,1,0.010666997695807368
1428,42.87667600000087,1,1,1,0.017583995941095054
1429,42.90667600000087,1,1,1,0.017167003534268588
1430,42.93667600000087,0,0,1,0.002458000381011516
1431,42.966676000000874,0,0,1,0.002082997525576502
1432,42.996676000000875,2,1,2,0.02404100087005645
1433,43.026676000000876,2,0,3,0.01962499663932249
1434,43.05667600000088,2,2,3,0.034292002965230495
1435,43.08667600000088,2,2,3,0.032000003557186574
1436,43.11667600000088,2,2,2,0.032208001357503235
1437,43.14667600000088,3,2,3,0.03870799992000684
1438,43.17667600000088,3,2,3,0.039165999623946846
1439,43.20667600000088,2,2,3,0.03175000165356323
1440,43.236676000000884,3,2,3,0.044625005102716386
1441,43.266676000000885,3,2,3,0.0654579998808913
1442,43.296676000000886,0,0,3,0.005832996976096183
1443,43.32667600000089,2,0,4,0.027375004719942808
1444,43.35667600000089,1,0,3,0.022374995751306415
1445,43.38667600000089,1,0,3,0.013958000636193901
1446,43.41667600000089,1,1,2,0.020708997908513993
1447,43.44667600000089,2,1,2,0.032500000088475645
1448,43.47667600000089,2,2,2,0.03233300230931491
1449,43.506676000000894,2,1,2,0.03279100201325491
1450,43.536676000000895,2,2,2,0.030999995942693204
1451,43.566676000000896,2,2,2,0.0305419962387532
1452,43.5966760000009,2,2,2,0.029333998099900782
1453,43.6266760000009,2,2,2,0.029833005100954324
1454,43.6566760000009,1,1,2,0.017541002307552844
1455,43.6866760000009,1,1,2,0.016958998457994312
1456,43.7166760000009,1,1,1,0.01779200101736933
1457,43.7466760000009,1,1,1,0.016332996892742813
1458,43.776676000000904,1,1,1,0.01587499718880281
1459,43.806676000000905,1,1,1,0.015375000657513738
1460,43.83667600000091,1,1,1,0.015333003830164671
1461,43.86667600000091,1,1,1,0.019166996935382485
1462,43.89667600000091,1,1,1,0.01974999759113416
1463,43.92667600000091,1,1,1,0.016582998796366155
1464,43.95667600000091,1,1,1,0.01758299913490191
1465,43.98667600000091,1,1,1,0.015958001313265413
1466,44.01667600000091,1,1,1,0.016125006368383765
1467,44.046676000000915,1,1,1,0.017708000086713582
1468,44.076676000000916,1,1,1,0.0153339933604002
1469,44.10667600000092,2,1,2,0.04074999742442742
1470,44.13667600000092,1,1,2,0.01795799471437931
1471,44.16667600000092,1,1,2,0.01729200448608026
1472,44.19667600000092,1,1,1,0.01904200325952843
1473,44.22667600000092,1,1,1,0.016624995623715222
1474,44.25667600000092,1,1,1,0.016666999727021903
1475,44.286676000000924,1,1,1,0.01587499718880281
1476,44.316676000000925,1,1,1,0.01575000351294875
1477,44.346676000000926,1,1,1,0.015583995264023542
1478,44.37667600000093,1,1,1,0.01587499718880281
1479,44.40667600000093,1,1,1,0.01587499718880281
1480,44.43667600000093,1,1,1,0.015833997167646885
1481,44.46667600000093,1,1,1,0.015541998436674476
1482,44.49667600000093,2,1,2,0.023583001166116446
1483,44.52667600000093,1,1,2,0.018499995348975062
1484,44.556676000000934,2,1,2,0.02649999805726111
1485,44.586676000000935,1,1,2,0.018292004824616015
1486,44.616676000000936,2,2,2,0.032874995667953044
1487,44.64667600000094,2,2,2,0.031083000067155808
1488,44.67667600000094,2,2,2,0.03175000165356323
1489,44.70667600000094,1,1,2,0.017124999430961907
1490,44.73667600000094,2,2,2,0.030667004466522485
1491,44.76667600000094,2,2,2,0.030957999115344137
1492,44.79667600000094,2,2,2,0.03154200385324657
1493,44.826676000000944,1,1,2,0.017333004507236183
1494,44.856676000000945,2,2,2,0.030959003197494894
1495,44.886676000000946,2,2,2,0.04774999979417771
1496,44.91667600000095,2,1,3,0.02516699896659702
1497,44.94667600000095,3,2,3,0.042708001274149865
1498,44.97667600000095,3,3,3,0.047041998186614364
1499,45.00667600000095,1,1,3,0.020416999177541584
1500,45.03667600000095,2,2,3,0.0326249937643297
1501,45.06667600000095,3,1,3,0.04129199805902317
1502,45.096676000000954,2,2,3,0.03233299503335729
1503,45.126676000000955,1,1,3,0.01837499439716339
1504,45.15667600000096,1,1,2,0.018999999156221747
1505,45.18667600000096,1,1,1,0.018624996300786734
1506,45.21667600000096,1,1,1,0.016375000996049494
1507,45.24667600000096,2,1,2,0.024665998353157192
1508,45.27667600000096,1,1,2,0.018124999769497663
1509,45.30667600000096,1,1,2,0.01733399403747171
1510,45.33667600000096,2,1,2,0.024291002773679793
1511,45.366676000000965,2,1,3,0.02454200148349628
1512,45.396676000000966,2,1,3,0.02666700311237946
1513,45.42667600000097,3,1,3,0.03949999518226832
1514,45.45667600000097,2,1,3,0.027249996492173523
1515,45.48667600000097,2,1,3,0.03129200194962323
1516,45.51667600000097,2,2,2,0.052167000831104815
1517,45.54667600000097,2,2,2,0.03175000165356323
1518,45.57667600000097,1,1,2,0.01912500010803342
1519,45.606676000000974,2,2,2,0.03154099977109581
1520,45.636676000000975,2,2,2,0.031833995308261365
1521,45.666676000000976,2,2,2,0.0307910013361834
1522,45.69667600000098,2,2,2,0.030667004466522485
1523,45.72667600000098,1,1,2,0.017459002265240997
1524,45.75667600000098,2,1,2,0.03058400034205988
1525,45.78667600000098,2,2,2,0.030791998142376542
1526,45.81667600000098,1,1,2,0.018375001673121005
1527,45.84667600000098,1,1,2,0.01720800355542451
1528,45.876676000000984,2,2,2,0.031083000067155808
1529,45.906676000000985,2,1,2,0.029791997803840786
1530,45.936676000000986,2,1,2,0.030499999411404133
1531,45.96667600000099,1,1,2,0.01774999691406265
1532,45.99667600000099,2,1,2,0.030790994060225785
1533,46.02667600000099,1,1,2,0.017625003238208592
1534,46.05667600000099,1,1,2,0.017250000382773578
1535,46.08667600000099,1,1,1,0.018416998500470072
1536,46.11667600000099,2,1,2,0.023833999875932932
1537,46.146676000000994,3,1,3,0.03162500070175156
1538,46.176676000000995,2,2,3,0.051375005568843335
1539,46.206676000000996,2,2,3,0.033792006433941424
1540,46.236676000001,2,2,2,0.03383299917913973
1541,46.266676000001,2,2,2,0.03125000512227416
1542,46.296676000001,2,2,2,0.030082999728620052
1543,46.326676000001,2,2,2,0.03070800448767841
1544,46.356676000001,2,2,2,0.0314170029014349
1545,46.386676000001,2,2,2,0.03066699719056487
1546,46.416676000001004,3,2,3,0.038291997043415904
1547,46.446676000001005,3,1,4,0.03416600520722568
1548,46.47667600000101,3,1,4,0.04062499647261575
1549,46.50667600000101,3,2,3,0.04875000013271347
1550,46.53667600000101,4,3,4,0.05450000026030466
1551,46.56667600000101,3,2,4,0.04400000034365803
1552,46.59667600000101,3,3,4,0.072750000981614
1553,46.62667600000101,3,3,3,0.05191699892748147
1554,46.65667600000101,3,3,3,0.04970799636794254
1555,46.686676000001015,3,3,3,0.046875000407453626
1556,46.716676000001016,3,2,4,0.04325000190874562
1557,46.74667600000102,3,2,4,0.04483300290303305
1558,46.77667600000102,2,2,3,0.03754199860850349
1559,46.80667600000102,3,3,3,0.04670800262829289
1560,46.83667600000102,3,2,4,0.04345799970906228
1561,46.86667600000102,4,3,4,0.05529199552256614
1562,46.89667600000102,4,3,4,0.06045900227036327
1563,46.926676000001024,2,1,4,0.041457999031990767
1564,46.956676000001025,3,2,4,0.06704199768137187
1565,46.986676000001026,3,3,3,0.04879100015386939
1566,47.01667600000103,3,3,3,0.04691700451076031
1567,47.04667600000103,4,3,4,0.055083000916056335
1568,47.07667600000103,3,2,4,0.04404200444696471
1569,47.10667600000103,4,4,4,0.06212500011315569
1570,47.13667600000103,4,3,4,0.062166000134311616
1571,47.16667600000103,4,3,5,0.055125005019363016
1572,47.196676000001034,4,4,5,0.06533400301123038
1573,47.226676000001035,4,3,6,0.07541699596913531
1574,47.256676000001036,4,2,6,0.05624999903375283
1575,47.28667600000104,4,4,5,0.07008299871813506
1576,47.31667600000104,4,4,5,0.0653750030323863
1577,47.34667600000104,4,4,4,0.0640419966657646
1578,47.37667600000104,4,4,4,0.06174999725772068
1579,47.40667600000104,4,4,4,0.06137500167824328
1580,47.43667600000104,4,4,4,0.062375002016779035
1581,47.466676000001044,4,3,5,0.05699999746866524
1582,47.496676000001045,4,3,5,0.2336249963263981
1583,47.526676000001046,4,4,4,0.06720900273649022
1584,47.55667600000105,4,3,5,0.05741700442740694
1585,47.58667600000105,4,4,5,0.06399999983841553
1586,47.61667600000105,4,4,5,0.06470800144597888
1587,47.64667600000105,4,3,5,0.05937500100117177
1588,47.67667600000105,4,4,5,0.06541699985973537
1589,47.70667600000105,4,3,5,0.0625829998170957
1590,47.736676000001054,4,4,5,11.351458997523878
1591,47.766676000001056,4,4,5,0.08024999988265336
1592,47.79667600000106,4,4,5,0.06479199510067701
1593,47.82667600000106,3,2,5,0.052249997679609805
1594,47.85667600000106,4,3,5,0.06416700489353389
1595,47.88667600000106,4,3,6,0.05987499753246084
1596,47.91667600000106,4,4,5,0.08504199649905786
1597,47.94667600000106,4,4,5,0.06274999759625643
1598,47.97667600000106,4,3,5,0.05604200123343617
1599,48.006676000001065,4,4,5,0.06145899533294141
1600,48.036676000001066,4,4,5,0.06204100645845756
1601,48.06667600000107,3,3,5,0.050042006478179246
1602,48.09667600000107,4,3,4,0.06325000140350312
1603,48.12667600000107,4,3,5,0.07154100603656843
1604,48.15667600000107,4,4,5,0.06029200449120253
1605,48.18667600000107,4,3,6,0.05454100028146058
1606,48.21667600000107,4,3,5,0.060457998188212514
1607,48.246676000001074,4,3,5,0.059541998780332506
1608,48.276676000001075,4,3,6,0.05804200191050768
1609,48.306676000001076,4,3,5,0.06299999949987978
1610,48.33667600000108,4,4,5,0.07795800047460943
1611,48.36667600000108,4,4,4,0.062250001064967364
1612,48.39667600000108,4,3,5,0.05291599518386647
1613,48.42667600000108,4,4,5,0.06283300172071904
1614,48.45667600000108,4,3,5,0.058833000366576016
1615,48.48667600000108,4,4,5,0.06254099571378902
1616,48.516676000001084,4,3,5,0.06350000330712646
1617,48.546676000001085,4,4,5,0.06041600136086345
1618,48.576676000001086,4,4,5,0.07954199827509001
1619,48.60667600000109,4,4,4,0.06704200495732948
1620,48.63667600000109,4,2,6,0.0505419957335107
1621,48.66667600000109,4,3,6,0.060457998188212514
1622,48.69667600000109,4,3,5,0.06729100277880207
1623,48.72667600000109,4,3,5,0.05704200157197192
1624,48.75667600000109,4,3,6,0.05454100028146058
1625,48.786676000001094,4,4,5,0.08495800284435973
1626,48.816676000001095,4,3,5,0.06370800110744312
1627,48.846676000001096,4,4,4,0.06466700142482296
1628,48.8766760000011,4,4,4,0.06079099694034085
1629,48.9066760000011,4,3,5,0.054416996135842055
1630,48.9366760000011,4,4,5,0.05845900159329176
1631,48.9666760000011,4,4,5,0.05991700163576752
1632,48.9966760000011,4,3,5,0.057040997489821166
1633,49.0266760000011,4,4,5,0.07866699888836592
1634,49.056676000001104,4,4,5,0.06549999670824036
1635,49.086676000001106,4,3,4,0.06462499732151628
1636,49.11667600000111,4,4,4,0.06091599789215252
1637,49.14667600000111,4,4,4,0.05841699748998508
1638,49.17667600000111,4,4,4,0.06008399941492826
1639,49.20667600000111,4,4,4,0.0603340013185516
1640,49.23667600000111,4,4,4,0.07774999539833516
1641,49.26667600000111,4,4,4,0.061166996601969004
1642,49.29667600000111,4,4,4,0.06187499820953235
1643,49.326676000001115,4,3,5,0.05524999869521707
1644,49.356676000001116,4,4,5,0.0652919989079237
1645,49.38667600000112,3,3,5,0.0514170023961924
1646,49.41667600000112,4,4,4,0.06416699761757627
1647,49.44667600000112,4,3,5,0.058833000366576016
1648,49.47667600000112,3,2,5,0.06766699516447261
1649,49.50667600000112,3,3,5,0.04949999856762588
1650,49.53667600000112,4,3,4,0.06608400144614279
1651,49.566676000001124,4,3,4,0.06166700040921569
1652,49.596676000001125,3,3,4,0.048082998546306044
1653,49.626676000001126,4,3,4,0.06270800076890737
1654,49.65667600000113,4,3,4,0.06104200292611495
1655,49.68667600000113,3,3,4,0.04804100171895698
1656,49.71667600000113,4,3,5,0.07183300476754084
1657,49.74667600000113,3,3,4,0.05341700307326391
1658,49.77667600000113,4,3,4,0.054333999287337065
1659,49.80667600000113,4,3,5,0.0563749999855645
1660,49.836676000001134,4,2,5,0.057249999372288585
1661,49.866676000001135,4,3,5,0.0670000008540228
1662,49.896676000001136,4,4,5,0.06933300028322265
1663,49.92667600000114,4,3,6,0.06074999691918492
1664,49.95667600000114,4,3,6,0.08566700125811622
1665,49.98667600000114,4,2,6,0.06791699706809595
1666,50.01667600000114,4,4,5,0.0678329961374402
1667,50.04667600000114,4,3,5,0.06679199577774853
1668,50.07667600000114,4,2,5,0.06687499990221113
1669,50.106676000001144,4,3,5,0.06579200271517038
1670,50.136676000001145,4,3,4,0.06795799708925188
1671,50.16667600000115,4,4,4,0.08191700180759653
1672,50.19667600000115,4,4,4,0.06524999480461702
1673,50.22667600000115,4,4,4,0.06441699952119961
1674,50.25667600000115,3,3,4,0.04945900582242757
1675,50.28667600000115,4,4,4,0.06345799920381978
1676,50.31667600000115,4,3,5,0.05712500569643453
1677,50.34667600000115,4,3,5,0.06625000241911039
1678,50.376676000001154,4,3,5,0.1899170019896701
1679,50.406676000001156,3,3,4,0.05324999801814556
1680,50.43667600000116,4,2,6,0.050374997954349965
1681,50.46667600000116,4,2,5,0.05712499842047691
1682,50.49667600000116,4,2,6,0.06062499596737325
1683,50.52667600000116,4,3,5,0.06887500057928264
1684,50.55667600000116,3,2,5,0.0470000013592653
1685,50.58667600000116,4,2,6,0.0587090034969151
1686,50.61667600000116,4,3,5,0.08120900020003319
1687,50.646676000001165,3,2,4,0.05445800343295559
1688,50.676676000001166,4,2,5,0.05670900281984359
1689,50.70667600000117,3,2,5,0.050666007155086845
1690,50.73667600000117,4,3,5,0.05991700163576752
1691,50.76667600000117,4,3,5,0.059541998780332506
1692,50.79667600000117,4,3,6,0.059042002249043435
1693,50.82667600000117,3,1,6,0.040249993617180735
1694,50.85667600000117,4,2,6,0.0603340013185516
1695,50.886676000001174,4,2,6,0.08387500565731898
1696,50.916676000001175,4,3,5,0.06925000343471766
1697,50.946676000001176,4,2,5,0.059334000980015844
1698,50.97667600000118,4,2,6,0.05945799784967676
1699,51.00667600000118,4,1,7,0.060792001022491604
1700,51.03667600000118,4,4,7,0.06966699584154412
1701,51.06667600000118,4,3,6,0.06295899947872385
1702,51.09667600000118,3,2,6,0.0661249941913411
1703,51.12667600000118,4,3,6,0.06766700244043022
1704,51.156676000001184,4,4,5,0.06749999738531187
1705,51.186676000001185,4,3,5,0.06841700087534264
1706,51.216676000001186,4,3,5,0.06479200237663463
1707,51.24667600000119,3,3,4,0.051957998948637396
1708,51.27667600000119,4,3,5,0.05791700095869601
1709,51.30667600000119,3,2,5,0.04920799983665347
1710,51.33667600000119,4,3,6,0.07379199814749882
1711,51.36667600000119,3,3,5,0.053707997722085565
1712,51.39667600000119,4,3,5,0.06254100298974663
1713,51.426676000001194,4,4,4,0.10720900172600523
1714,51.456676000001195,4,3,5,0.06504199700430036
1715,51.4866760000012,4,3,5,0.06229199789231643
1716,51.5166760000012,4,3,5,0.06679199577774853
1717,51.5466760000012,4,3,5,0.07812499825377017
1718,51.5766760000012,4,3,5,0.060625003243330866
1719,51.6066760000012,4,3,5,0.06641600339207798
1720,51.6366760000012,3,2,5,0.05158299609320238
1721,51.6666760000012,4,4,4,0.06524999480461702
1722,51.696676000001204,4,4,4,0.06500000017695129
1723,51.726676000001206,3,3,4,0.045541004510596395
1724,51.75667600000121,3,2,4,0.045417000364977866
1725,51.78667600000121,3,3,4,0.05929100007051602
1726,51.81667600000121,4,3,5,0.05354099994292483
1727,51.84667600000121,3,3,4,0.050583999836817384
1728,51.87667600000121,4,3,4,0.054292002459988
1729,51.90667600000121,4,4,4,0.05883399717276916
1730,51.93667600000121,4,4,4,0.056958000641316175
1731,51.966676000001215,4,4,4,0.057457997172605246
1732,51.996676000001216,4,4,4,0.057292003475595266
1733,52.02667600000122,4,4,4,0.07291699876077473
1734,52.05667600000122,3,3,4,0.04591700417222455
1735,52.08667600000122,3,3,4,0.044500004150904715
1736,52.11667600000122,3,3,3,0.046332999772857875
1737,52.14667600000122,4,3,4,0.051166003686375916
1738,52.17667600000122,4,3,4,0.053208001190796494
1739,52.206676000001224,4,3,4,0.05758299812441692
1740,52.236676000001225,4,3,4,0.056583994592074305
1741,52.266676000001226,4,2,6,0.04633399657905102
1742,52.29667600000123,4,2,6,0.06912500248290598
1743,52.32667600000123,2,1,4,0.04004099901067093
1744,52.35667600000123,3,1,5,0.04170800093561411
1745,52.38667600000123,4,3,4,0.060792001022491604
1746,52.41667600000123,3,2,4,0.04850000550504774
1747,52.44667600000123,2,1,4,0.03270800516474992
1748,52.476676000001234,2,2,3,0.03391700010979548
1749,52.506676000001235,4,1,4,0.0503330011270009
1750,52.536676000001236,3,2,5,0.038958001823630184
1751,52.56667600000124,3,3,5,0.047790999815333635
1752,52.59667600000124,3,2,5,0.06083300104364753
1753,52.62667600000124,4,2,5,0.05250000685919076
1754,52.65667600000124,4,3,5,0.06362499698298052
1755,52.68667600000124,3,3,5,0.047625006118323654
1756,52.71667600000124,1,1,4,0.021332998585421592
1757,52.746676000001244,2,2,3,0.03312499757157639
1758,52.776676000001245,3,1,3,0.04058299964526668
1759,52.80667600000125,2,2,3,0.031458999728783965
1760,52.83667600000125,1,1,3,0.018791004549711943
1761,52.86667600000125,1,1,2,0.01912500010803342
1762,52.89667600000125,4,1,4,0.04616699879989028
1763,52.92667600000125,4,2,5,0.04787500074598938
1764,52.95667600000125,4,3,5,0.07283299783011898
1765,52.98667600000125,3,2,4,0.05016600334784016
1766,53.016676000001254,4,3,4,0.062167004216462374
1767,53.046676000001256,4,3,4,0.05866699939360842
1768,53.07667600000126,2,2,4,0.03366699820617214
1769,53.10667600000126,1,1,4,0.02058300015050918
1770,53.13667600000126,1,1,2,0.02183399919886142
1771,53.16667600000126,1,1,1,0.019334001990500838
1772,53.19667600000126,2,1,2,0.0262079993262887
1773,53.22667600000126,1,1,2,0.019082996004726738
1774,53.256676000001264,1,1,2,0.017708996892906725
1775,53.286676000001265,1,1,1,0.018541999452281743
1776,53.316676000001266,1,1,1,0.016750003851484507
1777,53.34667600000127,3,1,3,0.030499999411404133
1778,53.37667600000127,3,1,4,0.03329099854454398
1779,53.40667600000127,3,2,4,0.04320900188758969
1780,53.43667600000127,3,3,4,0.06579100590897724
1781,53.46667600000127,3,2,3,0.04683300358010456
1782,53.49667600000127,4,3,4,0.05445799615699798
1783,53.526676000001274,1,1,4,0.02041600237134844
1784,53.556676000001275,1,1,4,0.020250001398380846
1785,53.586676000001276,0,0,2,0.0069590023485943675
1786,53.61667600000128,2,1,2,0.026875000912696123
1787,53.64667600000128,1,0,2,0.012541997421067208
1788,53.67667600000128,1,1,2,0.018457998521625996
1789,53.70667600000128,2,1,2,0.031708004826214164
1790,53.73667600000128,1,0,2,0.0176659959834069
1791,53.76667600000128,3,1,4,0.03237499913666397
1792,53.796676000001284,4,1,5,0.04999999509891495
1793,53.826676000001285,2,2,5,0.03645799733931199
1794,53.856676000001286,2,1,4,0.0347500026691705
1795,53.88667600000129,3,3,3,0.04600000102072954
1796,53.91667600000129,3,3,3,0.18345800344832242
1797,53.94667600000129,3,3,3,0.04691700451076031
1798,53.97667600000129,2,2,3,0.03312499757157639
1799,54.00667600000129,2,2,3,0.034000004234258085
1800,54.03667600000129,2,2,2,0.03362499410286546
1801,54.066676000001294,1,1,2,0.017791993741411716
1802,54.096676000001295,3,1,4,0.032834002922754735
1803,54.1266760000013,2,1,3,0.027916998078580946
1804,54.1566760000013,3,1,3,0.039292004657909274
1805,54.1866760000013,3,2,4,0.04183400596957654
1806,54.2166760000013,3,3,4,0.05162500019650906
1807,54.2466760000013,2,2,4,0.03687499702209607
1808,54.2766760000013,3,2,4,0.0436670015915297
1809,54.3066760000013,3,2,4,0.06266599666560069
1810,54.336676000001304,3,2,4,0.045000000682193786
1811,54.366676000001306,2,1,4,0.030750001315027475
1812,54.39667600000131,2,2,4,0.03654200554592535
1813,54.42667600000131,1,1,3,0.02112500078510493
1814,54.45667600000131,1,1,2,0.018541999452281743
1815,54.48667600000131,4,1,4,0.04704200546257198
1816,54.51667600000131,1,0,4,0.014833996829111129
1817,54.54667600000131,1,1,4,0.021166997612453997
1818,54.576676000001314,2,1,2,0.03591700078686699
1819,54.606676000001315,3,1,4,0.032874995667953044
1820,54.636676000001316,2,1,4,0.02958300319733098
1821,54.66667600000132,1,1,3,0.021540996385738254
1822,54.69667600000132,3,1,4,0.03412500518606976
1823,54.72667600000132,1,1,3,0.020624996977858245
1824,54.75667600000132,1,1,3,0.01983399852178991
1825,54.78667600000132,1,1,1,0.020457999198697507
1826,54.81667600000132,3,1,3,0.03145800292259082
1827,54.846676000001324,4,1,4,0.05874999624211341
1828,54.876676000001325,2,2,4,0.03295799979241565
1829,54.906676000001326,2,2,4,0.033125004847534
1830,54.93667600000133,3,2,3,0.05079099355498329
1831,54.96667600000133,4,2,4,0.05654099368257448
1832,54.99667600000133,3,3,4,0.04987499414710328
1833,55.02667600000133,3,3,4,0.04866699600825086
1834,55.05667600000133,3,3,3,0.04933300078846514
1835,55.08667600000133,3,2,4,0.04441700002644211
1836,55.116676000001334,3,3,4,0.05524999869521707
1837,55.146676000001335,3,3,4,0.05158299609320238
1838,55.176676000001336,2,2,3,0.05395799962570891
1839,55.20667600000134,2,2,3,0.037208003050182015
1840,55.23667600000134,2,2,3,0.03658299829112366
1841,55.26667600000134,3,2,4,0.044041000364813954
1842,55.29667600000134,3,2,3,0.047708002966828644
1843,55.32667600000134,2,2,3,0.03629199636634439
1844,55.35667600000134,3,2,3,0.04895799793303013
1845,55.386676000001344,2,2,3,0.034000004234258085
1846,55.416676000001345,2,2,3,0.03395900421310216
1847,55.44667600000135,2,2,2,0.0347500026691705
1848,55.47667600000135,3,2,3,0.04095899930689484
1849,55.50667600000135,1,1,3,0.02141699951607734
1850,55.53667600000135,1,1,3,0.020290994143579155
1851,55.56667600000135,1,1,1,0.020166000467725098
1852,55.59667600000135,1,1,1,0.016833000699989498
1853,55.62667600000135,1,1,1,0.017750004190020263
1854,55.656676000001355,2,1,2,0.02487500023562461
1855,55.686676000001356,3,1,3,0.04954199539497495
1856,55.71667600000136,3,1,5,0.0351249982486479
1857,55.74667600000136,3,2,5,0.045417000364977866
1858,55.77667600000136,3,2,6,0.04462499782675877
1859,55.80667600000136,2,2,4,0.039332997403107584
1860,55.83667600000136,1,1,3,0.02316699828952551
1861,55.86667600000136,3,1,4,0.03495800046948716
1862,55.896676000001364,3,1,3,0.037750003684777766
1863,55.926676000001365,2,1,3,0.034834003599826247
1864,55.956676000001366,2,2,3,0.034167002013418823
1865,55.98667600000137,3,2,3,0.042583000322338194
1866,56.01667600000137,2,2,3,0.03504200140014291
1867,56.04667600000137,2,2,3,0.03495800046948716
1868,56.07667600000137,2,1,3,0.028041002224199474
1869,56.10667600000137,1,1,3,0.020166000467725098
1870,56.13667600000137,1,1,2,0.03595899761421606
1871,56.166676000001374,1,1,1,0.018792001355905086
1872,56.196676000001375,1,1,1,0.016500001947861165
1873,56.226676000001376,1,1,1,0.016291000065393746
1874,56.25667600000138,1,0,2,0.0106250008684583
1875,56.28667600000138,2,1,3,0.02554199454607442
1876,56.31667600000138,1,1,3,0.019999999494757503
1877,56.34667600000138,3,1,4,0.03370900230947882
1878,56.37667600000138,2,1,3,0.029000002541579306
1879,56.40667600000138,3,1,4,0.04029100091429427
1880,56.436676000001384,1,1,3,0.022291998902801424
1881,56.466676000001385,2,1,3,0.03254199691582471
1882,56.496676000001386,2,2,2,0.03300000389572233
1883,56.52667600000139,2,2,2,0.03149999974993989
1884,56.55667600000139,2,2,2,0.030959003197494894
1885,56.58667600000139,2,2,2,0.031416995625477284
1886,56.61667600000139,2,2,2,0.03137499879812822
1887,56.64667600000139,2,2,2,0.03295799979241565
1888,56.67667600000139,2,2,2,0.03195799945387989
1889,56.706676000001394,2,2,2,0.0470000013592653
1890,56.736676000001395,3,2,3,0.03999999898951501
1891,56.7666760000014,2,2,3,0.03383299917913973
1892,56.7966760000014,2,2,3,0.03420800203457475
1893,56.8266760000014,3,2,3,0.04129199805902317
1894,56.8566760000014,3,2,3,0.046624998503830284
1895,56.8866760000014,3,3,3,0.047458997869398445
1896,56.9166760000014,2,2,3,0.03358299727551639
1897,56.9466760000014,2,2,3,0.03275000199209899
1898,56.976676000001405,2,2,2,0.03329099854454398
1899,57.006676000001406,2,2,2,0.03195900353603065
1900,57.03667600000141,2,2,2,0.03204200038453564
1901,57.06667600000141,2,2,2,0.03308400482637808
1902,57.09667600000141,2,2,2,0.03145800292259082
1903,57.12667600000141,2,2,2,0.04683300358010456
1904,57.15667600000141,2,2,2,0.03266699786763638
1905,57.18667600000141,2,2,2,0.03058400034205988
1906,57.216676000001414,2,2,2,0.0324159991578199
1907,57.246676000001415,3,2,3,0.04179199459031224
1908,57.276676000001416,3,2,3,0.04470799467526376
1909,57.30667600000142,2,2,3,0.036375000490807
1910,57.33667600000142,2,2,3,0.03412499791011214
1911,57.36667600000142,2,2,2,0.03462500171735883
1912,57.39667600000142,2,2,2,0.03279200609540567
1913,57.42667600000142,3,2,3,0.04333399556344375
1914,57.45667600000142,4,2,5,0.048250003601424396
1915,57.486676000001424,3,2,6,0.04483399970922619
1916,57.516676000001425,2,2,5,0.05354199674911797
1917,57.546676000001426,3,2,3,0.046290995669551194
1918,57.57667600000143,3,3,3,0.04641700070351362
1919,57.60667600000143,4,3,4,0.05441700341179967
1920,57.63667600000143,4,3,4,0.05583299935096875
1921,57.66667600000143,3,2,4,0.04733300011139363
1922,57.69667600000143,4,2,5,0.056291995861101896
1923,57.72667600000143,3,3,4,0.05275000148685649
1924,57.756676000001434,3,2,5,0.044291002268437296
1925,57.786676000001435,4,2,5,0.11420800001360476
1926,57.816676000001436,3,2,4,0.08316699677379802
1927,57.84667600000144,2,2,4,0.040333005017600954
1928,57.87667600000144,3,3,3,0.05162500019650906
1929,57.90667600000144,2,2,3,0.037041994801256806
1930,57.93667600000144,2,2,3,0.03524999920045957
1931,57.96667600000144,4,3,4,0.0605830064159818
1932,57.99667600000144,4,3,4,0.060375001339707524
1933,58.026676000001444,4,4,4,0.06354200013447553
1934,58.056676000001445,4,4,4,0.06354099605232477
1935,58.08667600000145,2,2,4,0.03724999987753108
1936,58.11667600000145,2,2,4,0.05241700273472816
1937,58.14667600000145,2,2,2,0.036833997000940144
1938,58.17667600000145,2,2,2,0.03329200262669474
1939,58.20667600000145,2,2,2,0.03170799755025655
1940,58.23667600000145,2,2,2,0.03154099977109581
1941,58.26667600000145,2,2,2,0.03154200385324657
1942,58.296676000001455,2,2,2,0.031416995625477284
1943,58.326676000001456,2,2,2,0.029417002224363387
1944,58.35667600000146,2,2,2,0.029249997169245034
1945,58.38667600000146,2,2,2,0.029542003176175058
1946,58.41667600000146,1,1,2,0.017708000086713582
1947,58.44667600000146,2,1,3,0.02454200148349628
1948,58.47667600000146,1,0,2,0.013666001905221492
1949,58.50667600000146,2,2,2,0.03183299850206822
1950,58.536676000001464,2,1,2,0.029916001949459314
1951,58.566676000001465,2,1,2,0.029542003176175058
1952,58.596676000001466,1,1,2,0.01774999691406265
1953,58.62667600000147,1,0,2,0.017541999113745987
1954,58.65667600000147,1,0,2,0.016625002899672836
1955,58.68667600000147,1,1,1,0.017250000382773578
1956,58.71667600000147,1,1,1,0.01579099625814706
1957,58.74667600000147,1,1,1,0.02995799877680838
1958,58.77667600000147,1,1,1,0.01612499909242615
1959,58.806676000001474,1,1,1,0.014999997802078724
1960,58.836676000001475,2,1,2,0.022000000171829015
1961,58.866676000001476,2,1,3,0.02454099740134552
1962,58.89667600000148,2,1,4,0.02516699896659702
1963,58.92667600000148,2,1,3,0.027709000278264284
1964,58.95667600000148,3,2,3,0.039165999623946846
1965,58.98667600000148,2,2,3,0.0301670006592758
1966,59.01667600000148,3,2,3,0.042583000322338194
1967,59.04667600000148,3,2,4,0.03829099296126515
1968,59.076676000001484,3,2,4,0.04020800406578928
1969,59.106676000001485,3,3,3,0.046250002924352884
1970,59.136676000001486,3,2,4,0.03850000211969018
1971,59.16667600000149,3,2,4,0.039541999285575
1972,59.19667600000149,2,2,3,0.033458003599662334
1973,59.22667600000149,3,3,3,0.17899999511428177
1974,59.25667600000149,4,3,4,0.051957998948637396
1975,59.28667600000149,3,2,4,0.041415994928684086
1976,59.31667600000149,3,2,4,0.0490829988848418
1977,59.346676000001494,2,2,4,0.03237499913666397
1978,59.376676000001495,3,2,4,0.04549999721348286
1979,59.4066760000015,4,2,4,0.05445800343295559
1980,59.4366760000015,4,3,4,0.05916599911870435
1981,59.4666760000015,4,2,5,0.054416996135842055
1982,59.4966760000015,4,2,5,0.06025000038789585
1983,59.5266760000015,3,2,5,0.06995899457251653
1984,59.5566760000015,4,3,4,0.06512500112876296
1985,59.5866760000015,4,4,4,0.07120900409063324
1986,59.616676000001505,4,4,4,0.07120800000848249
1987,59.646676000001506,4,4,4,0.06637499609496444
1988,59.67667600000151,4,4,4,0.057999997807201
1989,59.70667600000151,4,3,5,0.057541998103260994
1990,59.73667600000151,4,4,5,0.0625000029685907
1991,59.76667600000151,4,3,5,0.07550000009359792
1992,59.79667600000151,3,3,5,0.05129100463818759
1993,59.82667600000151,4,3,5,0.06470800144597888
1994,59.856676000001514,4,3,5,0.06637500337092206
1995,59.886676000001515,4,3,5,0.06650000432273373
1996,59.916676000001516,2,2,4,0.038875004975125194
1997,59.94667600000152,3,3,4,0.05654199776472524
1998,59.97667600000152,2,2,3,0.0360000049113296
1999,60.00667600000152,2,2,3,0.03258300421293825
2000,60.03667600000152,3,2,3,0.051583003369159997
2001,60.06667600000152,4,2,4,0.05337499896995723
2002,60.09667600000152,4,3,4,0.07991599704837427
2003,60.126676000001524,3,1,6,0.0384579980163835
2004,60.156676000001525,3,2,6,0.04733300011139363
2005,60.186676000001526,4,3,6,0.060999998822808266
2006,60.21667600000153,4,4,5,0.06275000487221405
2007,60.24667600000153,4,3,6,0.055040996812749654
2008,60.27667600000153,3,2,5,0.05075000080978498
2009,60.30667600000153,4,3,4,0.07908300176495686
2010,60.33667600000153,4,3,4,0.06466600461862981
2011,60.36667600000153,4,4,4,0.08841700037010014
2012,60.396676000001534,3,3,4,0.05829199653817341
2013,60.426676000001535,4,4,4,0.0652919989079237
2014,60.456676000001536,4,4,4,0.06308299634838477
2015,60.48667600000154,4,3,5,0.05758399493061006
2016,60.51667600000154,4,4,5,0.06900000153109431
2017,60.54667600000154,4,4,5,0.07179200474638492
2018,60.57667600000154,3,3,4,0.0509590026922524
2019,60.60667600000154,4,4,4,0.075459000072442
2020,60.63667600000154,4,3,5,0.05533399962587282
2021,60.666676000001544,3,3,5,0.0507079967064783
2022,60.696676000001546,4,4,5,0.06508400110760704
2023,60.72667600000155,4,3,5,0.05816700286231935
2024,60.75667600000155,4,4,5,0.06916600250406191
2025,60.78667600000155,4,4,4,0.06166700040921569
2026,60.81667600000155,4,4,4,0.059250000049360096
2027,60.84667600000155,4,4,4,0.0609580019954592
2028,60.87667600000155,4,3,5,0.07424999785143882
2029,60.90667600000155,3,2,5,0.04512500163400546
2030,60.936676000001555,4,2,5,0.05729199619963765
2031,60.966676000001556,4,3,5,0.0622080042376183
2032,60.99667600000156,4,3,6,0.06520800525322556
2033,61.02667600000156,2,2,5,0.04937499761581421
2034,61.05667600000156,3,2,4,0.04579099913826212
2035,61.08667600000156,3,2,5,0.0420420037698932
2036,61.11667600000156,3,1,5,0.04408400127431378
2037,61.14667600000156,3,3,4,0.049875001423060894
2038,61.176676000001564,2,2,4,0.052041999879293144
2039,61.206676000001565,4,2,4,0.061915998230688274
2040,61.236676000001566,3,2,4,0.04766599886352196
2041,61.26667600000157,3,2,4,0.04429199907463044
2042,61.29667600000157,2,2,4,0.03162500070175156
2043,61.32667600000157,2,2,3,0.03520799509715289
2044,61.35667600000157,3,2,3,0.04283399903215468
2045,61.38667600000157,3,2,3,0.04150000313529745
2046,61.41667600000157,3,2,4,0.039834005292505026
2047,61.446676000001574,4,3,4,0.056583005061838776
2048,61.476676000001575,4,4,4,0.061291997553780675
2049,61.506676000001576,4,4,4,0.0770839978940785
2050,61.53667600000158,3,3,4,0.048499998229090124
2051,61.56667600000158,3,3,4,0.04633400385500863
2052,61.59667600000158,3,3,3,0.050000002374872565
2053,61.62667600000158,3,3,3,0.04679199628299102
2054,61.65667600000158,4,3,4,0.054124997404869646
2055,61.68667600000158,4,3,4,0.05608300125459209
2056,61.716676000001584,4,3,4,0.06058399594621733
2057,61.746676000001585,3,3,4,0.047416004235856235
2058,61.776676000001586,3,3,4,0.04420900222612545
2059,61.80667600000159,4,3,4,0.07824999920558184
2060,61.83667600000159,4,3,4,0.06125000072643161
2061,61.86667600000159,3,3,4,0.046959001338109374
2062,61.89667600000159,3,3,4,0.04754200199386105
2063,61.92667600000159,3,3,3,0.04975000047124922
2064,61.95667600000159,3,3,3,0.04949999856762588
2065,61.986676000001594,2,2,3,0.03524999920045957
2066,62.016676000001596,2,2,3,0.0338749960064888
2067,62.0466760000016,1,1,2,0.018541999452281743
2068,62.0766760000016,2,2,2,0.032000003557186574
2069,62.1066760000016,3,2,3,0.04025000089313835
2070,62.1366760000016,2,2,3,0.033166004868689924
2071,62.1666760000016,2,2,3,0.03404200106160715
2072,62.1966760000016,4,2,4,0.04595799691742286
2073,62.2266760000016,2,2,4,0.05337500624591485
2074,62.256676000001605,2,2,4,0.03358299727551639
2075,62.286676000001606,2,2,2,0.03495800046948716
2076,62.31667600000161,2,2,2,0.031708004826214164
2077,62.34667600000161,2,2,2,0.030875002266839147
2078,62.37667600000161,2,1,3,0.02524999581510201
2079,62.40667600000161,3,1,4,0.03237499913666397
2080,62.43667600000161,3,3,4,0.04845799412578344
2081,62.46667600000161,2,2,4,0.03433399979257956
2082,62.496676000001614,2,2,3,0.03454199759289622
2083,62.526676000001615,3,3,3,0.04562499816529453
2084,62.556676000001616,2,2,3,0.03308300074422732
2085,62.58667600000162,3,3,3,0.04529100260697305
2086,62.61667600000162,2,2,3,0.03216700133634731
2087,62.64667600000162,2,2,3,0.03191699943272397
2088,62.67667600000162,2,2,2,0.05099999543745071
2089,62.70667600000162,4,2,4,0.046624998503830284
2090,62.73667600000162,3,2,4,0.041332998080179095
2091,62.766676000001624,3,3,4,0.04720799915958196
2092,62.796676000001625,3,3,3,0.04900000203633681
2093,62.826676000001626,3,3,3,0.044874999730382115
2094,62.85667600000163,3,3,3,0.04566599818645045
2095,62.88667600000163,3,3,3,0.045166998461354524
2096,62.91667600000163,2,2,3,0.03204200038453564
2097,62.94667600000163,3,3,3,0.045583998144138604
2098,62.97667600000163,3,3,3,0.04466700193006545
2099,63.00667600000163,2,2,3,0.032709001970943063
2100,63.036676000001634,2,2,3,0.1748750000842847
2101,63.066676000001635,2,2,2,0.03470899537205696
2102,63.09667600000164,2,2,2,0.03650000144261867
2103,63.12667600000164,2,2,2,0.031083000067155808
2104,63.15667600000164,2,2,2,0.030499999411404133
2105,63.18667600000164,1,1,2,0.018667000404093415
2106,63.21667600000164,1,1,2,0.0182919975486584
2107,63.24667600000164,2,2,2,0.030666000384371728
2108,63.27667600000164,2,1,2,0.03045899939024821
2109,63.306676000001644,2,2,2,0.029458999051712453
2110,63.336676000001646,2,2,2,0.02975000097649172
2111,63.36667600000165,1,1,2,0.017250000382773578
2112,63.39667600000165,1,1,2,0.016833000699989498
2113,63.42667600000165,1,1,1,0.01799999881768599
2114,63.45667600000165,2,1,2,0.02462499833200127
2115,63.48667600000165,2,1,2,0.02600000152597204
2116,63.51667600000165,2,1,2,0.032500000088475645
2117,63.54667600000165,2,2,2,0.029874994652345777
2118,63.576676000001655,2,2,2,0.03420800203457475
2119,63.606676000001656,3,2,3,0.037999998312443495
2120,63.63667600000166,3,2,3,0.056832999689504504
2121,63.66667600000166,2,2,3,0.036624995118472725
2122,63.69667600000166,2,2,3,0.04062499647261575
2123,63.72667600000166,1,1,2,0.01974999759113416
2124,63.75667600000166,2,1,3,0.02487500023562461
2125,63.78667600000166,2,1,2,0.02508400211809203
2126,63.816676000001664,1,1,2,0.017291000403929502
2127,63.846676000001665,1,1,2,0.016417005099356174
2128,63.876676000001666,1,1,1,0.017124999430961907
2129,63.90667600000167,1,1,1,0.015124998753890395
2130,63.93667600000167,1,1,1,0.01529099972685799
2131,63.96667600000167,1,1,1,0.015457997506018728
2132,63.99667600000167,1,1,1,0.01562500256113708
2133,64.02667600000167,1,1,1,0.014833000022917986
2134,64.05667600000167,1,1,1,0.014917000953573734
2135,64.08667600000167,1,1,1,0.015124998753890395
2136,64.11667600000168,1,1,1,0.015500001609325409
2137,64.14667600000168,1,1,1,0.0155829984578304
2138,64.17667600000168,1,1,1,0.014874996850267053
2139,64.20667600000168,1,1,1,0.014749995898455381
2140,64.23667600000168,1,1,1,0.014833000022917986
2141,64.26667600000168,1,1,1,0.014707999071106315
2142,64.29667600000168,1,1,1,0.015291996533051133
2143,64.32667600000168,1,1,1,0.014792000001762062
2144,64.35667600000168,2,1,2,0.022583997633773834
2145,64.38667600000169,1,1,2,0.01770900416886434
2146,64.41667600000169,1,1,2,0.015958001313265413
2147,64.44667600000169,1,1,1,0.01654199877521023
2148,64.47667600000169,1,1,1,0.015833000361453742
2149,64.50667600000169,1,1,1,0.014874996850267053
2150,64.53667600000169,1,1,1,0.014416997146327049
2151,64.56667600000169,0,0,1,0.002791995939332992
2152,64.5966760000017,3,1,3,0.0444999968749471
2153,64.6266760000017,0,0,3,0.004916000762023032
2154,64.6566760000017,2,0,3,0.02829200093401596
2155,64.6866760000017,2,0,3,0.025832996470853686
2156,64.7166760000017,2,0,3,0.032791998819448054
2157,64.7466760000017,1,1,3,0.018124999769497663
2158,64.7766760000017,1,1,2,0.01841600169427693
2159,64.8066760000017,1,1,1,0.018041995645035058
2160,64.8366760000017,1,1,1,0.01687500480329618
2161,64.8666760000017,1,1,1,0.01599999814061448
2162,64.8966760000017,2,1,2,0.02366699482081458
2163,64.9266760000017,2,1,2,0.024500004656147212
2164,64.9566760000017,0,0,2,0.003957997250836343
2165,64.98667600000171,0,0,2,0.003416993422433734
2166,65.01667600000171,1,0,1,0.012415999663062394
2167,65.04667600000171,1,0,1,0.010458003089297563
2168,65.07667600000171,1,0,1,0.01591700129210949
2169,65.10667600000171,2,1,2,0.023790998966433108
2170,65.13667600000171,2,1,2,0.024499997380189598
2171,65.16667600000171,2,1,2,0.030165996577125043
2172,65.19667600000172,1,0,2,0.01808399974834174
2173,65.22667600000172,1,0,2,0.017625003238208592
2174,65.25667600000172,1,1,1,0.017708000086713582
2175,65.28667600000172,1,1,1,0.016000005416572094
2176,65.31667600000172,1,1,1,0.015416997484862804
2177,65.34667600000172,1,1,1,0.01591700129210949
2178,65.37667600000172,2,1,2,0.02329199924133718
2179,65.40667600000172,1,1,2,0.01745799818309024
2180,65.43667600000173,1,0,2,0.01091699959943071
2181,65.46667600000173,2,2,2,0.03112500417046249
2182,65.49667600000173,2,1,3,0.026209003408439457
2183,65.52667600000173,2,1,3,0.04229200567351654
2184,65.55667600000173,2,1,3,0.03204200038453564
2185,65.58667600000173,1,1,3,0.018207996618002653
2186,65.61667600000173,1,1,2,0.01933299790835008
2187,65.64667600000173,1,1,1,0.01799999881768599
2188,65.67667600000173,1,1,1,0.01587499718880281
2189,65.70667600000174,1,1,1,0.015708996215835214
2190,65.73667600000174,2,1,2,0.02333400334464386
2191,65.76667600000174,2,1,2,0.024041997676249593
2192,65.79667600000174,1,1,2,0.01783400512067601
2193,65.82667600000174,1,0,2,0.016707999748177826
2194,65.85667600000174,1,0,2,0.016457997844554484
2195,65.88667600000174,0,0,1,0.004250003257766366
2196,65.91667600000174,1,0,2,0.010207993909716606
2197,65.94667600000174,0,0,1,0.003749999450519681
2198,65.97667600000175,0,0,1,0.0022079984773881733
2199,66.00667600000175,0,0,0,0.002124994352925569
2200,66.03667600000175,0,0,0,0.0011669981176964939
2201,66.06667600000175,0,0,0,0.0008749993867240846
2202,66.09667600000175,0,0,0,0.0007080016075633466
2203,66.12667600000175,2,0,2,0.015083998732734472
2204,66.15667600000175,2,0,2,0.018999999156221747
2205,66.18667600000175,1,1,2,0.0182919975486584
2206,66.21667600000175,1,0,3,0.010584000847302377
2207,66.24667600000176,1,0,2,0.02024999412242323
2208,66.27667600000176,2,1,2,0.0262079993262887
2209,66.30667600000176,2,1,2,0.03008400381077081
2210,66.33667600000176,2,1,2,0.030707997211720794
2211,66.36667600000176,2,1,2,0.030917006370145828
2212,66.39667600000176,2,2,2,0.0305419962387532
2213,66.42667600000176,2,2,2,0.031249997846316546
2214,66.45667600000176,3,2,3,0.03729200398083776
2215,66.48667600000176,1,0,3,0.0291660035145469
2216,66.51667600000177,2,2,3,0.0347500026691705
2217,66.54667600000177,2,1,3,0.03233300230931491
2218,66.57667600000177,2,2,3,0.03129200194962323
2219,66.60667600000177,2,1,2,0.034332995710428804
2220,66.63667600000177,1,1,2,0.018167003872804344
2221,66.66667600000177,3,1,3,0.04158299998380244
2222,66.69667600000177,3,1,3,0.0428749990533106
2223,66.72667600000177,3,2,3,0.04733300011139363
2224,66.75667600000178,3,2,3,0.046875000407453626
2225,66.78667600000178,3,3,3,0.04545800038613379
2226,66.81667600000178,3,3,3,0.04566599818645045
2227,66.84667600000178,3,3,3,0.04545899719232693
2228,66.87667600000178,3,3,3,0.047333996917586774
2229,66.90667600000178,3,3,3,0.06254199979593977
2230,66.93667600000178,3,3,3,0.04549999721348286
2231,66.96667600000178,2,2,3,0.032707997888792306
2232,66.99667600000178,3,3,3,0.04504200478550047
2233,67.02667600000179,3,3,3,0.04495800385484472
2234,67.05667600000179,3,3,3,0.04425000224728137
2235,67.08667600000179,3,3,3,0.044500004150904715
2236,67.11667600000179,3,3,3,0.04429199907463044
2237,67.14667600000179,2,2,3,0.032500000088475645
2238,67.17667600000179,3,3,3,0.04499999340623617
2239,67.20667600000179,1,1,3,0.018582999473437667
2240,67.2366760000018,2,2,3,0.03154099977109581
2241,67.2666760000018,2,2,2,0.03158300387440249
2242,67.2966760000018,3,2,3,0.040458995499648154
2243,67.3266760000018,3,2,3,0.06004100578138605
2244,67.3566760000018,3,3,3,0.04729200009023771
2245,67.3866760000018,3,2,3,0.051707997045014054
2246,67.4166760000018,3,3,3,0.04583299596561119
2247,67.4466760000018,2,2,3,0.033291995350737125
2248,67.4766760000018,2,2,3,0.031584000680595636
2249,67.5066760000018,2,2,2,0.03216700133634731
2250,67.5366760000018,2,2,2,0.0297920050797984
2251,67.5666760000018,2,2,2,0.029625000024680048
2252,67.5966760000018,2,2,2,0.030750001315027475
2253,67.62667600000181,2,2,2,0.030082999728620052
2254,67.65667600000181,2,2,2,0.03108399687334895
2255,67.68667600000181,2,2,2,0.02933300129370764
2256,67.71667600000181,2,2,2,0.03004199970746413
2257,67.74667600000181,3,2,3,0.038875004975125194
2258,67.77667600000181,2,2,3,0.035750003007706255
2259,67.80667600000181,2,2,3,0.053415998991113156
2260,67.83667600000182,2,2,2,0.032999996619764715
2261,67.86667600000182,2,2,2,0.031083000067155808
2262,67.89667600000182,2,2,2,0.03041699528694153
2263,67.92667600000182,2,2,2,0.03004199970746413
2264,67.95667600000182,2,2,2,0.029542003176175058
2265,67.98667600000182,2,2,2,0.030791998142376542
2266,68.01667600000182,2,2,2,0.029916001949459314
2267,68.04667600000182,2,2,2,0.03004199970746413
2268,68.07667600000183,3,2,3,0.038207996112760156
2269,68.10667600000183,2,2,3,0.03245800326112658
2270,68.13667600000183,3,2,3,0.041332998080179095
2271,68.16667600000183,3,2,4,0.03995800216216594
2272,68.19667600000183,3,2,4,0.04383300256449729
2273,68.22667600000183,2,2,3,0.035458004276733845
2274,68.25667600000183,3,2,3,0.0649170033284463
2275,68.28667600000183,2,2,3,0.033458003599662334
2276,68.31667600000183,3,3,3,0.04558300133794546
2277,68.34667600000184,2,2,3,0.03324999852338806
2278,68.37667600000184,2,2,3,0.03191699943272397
2279,68.40667600000184,2,2,2,0.034249998861923814
2280,68.43667600000184,2,2,2,0.030250004783738405
2281,68.46667600000184,2,2,2,0.030500006687361747
2282,68.49667600000184,2,2,2,0.032707997888792306
2283,68.52667600000184,2,2,2,0.03129200194962323
2284,68.55667600000184,2,2,2,0.030707997211720794
2285,68.58667600000184,2,2,2,0.03066699719056487
2286,68.61667600000185,2,2,2,0.029916998755652457
2287,68.64667600000185,2,2,2,0.02958300319733098
2288,68.67667600000185,2,2,2,0.03004199970746413
2289,68.70667600000185,2,2,2,0.029374998121056706
2290,68.73667600000185,2,2,2,0.030166003853082657
2291,68.76667600000185,2,2,2,0.047541994717903435
2292,68.79667600000185,2,2,2,0.030791998142376542
2293,68.82667600000185,2,2,2,0.03108399687334895
2294,68.85667600000185,3,2,3,0.04070800059707835
2295,68.88667600000186,3,2,3,0.040583996451459825
2296,68.91667600000186,3,3,3,0.046792003558948636
2297,68.94667600000186,2,2,3,0.03337499947519973
2298,68.97667600000186,2,2,3,0.03274999471614137
2299,69.00667600000186,2,2,2,0.03199999628122896
2300,69.03667600000186,3,2,3,0.03916699643013999
2301,69.06667600000186,3,2,4,0.04070900467922911
2302,69.09667600000186,2,2,4,0.03383299917913973
2303,69.12667600000186,4,2,5,0.04975000047124922
2304,69.15667600000187,2,1,4,0.0301670006592758
2305,69.18667600000187,2,1,4,0.05087500176159665
2306,69.21667600000187,2,1,2,0.03608300175983459
2307,69.24667600000187,3,2,3,0.04025000089313835
2308,69.27667600000187,3,2,3,0.04320900188758969
2309,69.30667600000187,3,2,3,0.04741700104204938
2310,69.33667600000187,2,2,3,0.03320800169603899
2311,69.36667600000187,2,2,3,0.032457995985168964
2312,69.39667600000188,3,3,3,0.04583299596561119
2313,69.42667600000188,3,3,3,0.044540996896103024
2314,69.45667600000188,2,2,3,0.03304100391687825
2315,69.48667600000188,4,3,4,0.0546669980394654
2316,69.51667600000188,2,2,4,0.034165997931268066
2317,69.54667600000188,2,2,4,0.03333300264785066
2318,69.57667600000188,1,1,2,0.021749998268205673
2319,69.60667600000188,2,2,2,0.034749995393212885
2320,69.63667600000188,1,1,2,0.01900000643217936
2321,69.66667600000189,1,1,2,0.03554099384928122
2322,69.69667600000189,2,1,2,0.028208000003360212
2323,69.72667600000189,1,1,2,0.01937500201165676
2324,69.75667600000189,1,1,2,0.018999999156221747
2325,69.78667600000189,1,1,1,0.018916005501523614
2326,69.81667600000189,1,1,1,0.01658300607232377
2327,69.84667600000189,1,1,1,0.01716599945211783
2328,69.8766760000019,1,1,1,0.016750003851484507
2329,69.9066760000019,1,1,1,0.01604200224392116
2330,69.9366760000019,1,1,1,0.016167003195732832
2331,69.9666760000019,2,1,2,0.024209002731367946
2332,69.9966760000019,2,1,2,0.025459004973527044
2333,70.0266760000019,2,1,2,0.030874994990881532
2334,70.0566760000019,3,1,3,0.03679099609144032
2335,70.0866760000019,2,1,4,0.026708999939728528
2336,70.1166760000019,2,2,4,0.03337499947519973
2337,70.1466760000019,2,2,3,0.03308300074422732
2338,70.1766760000019,1,1,2,0.019874998542945832
2339,70.2066760000019,1,1,2,0.017374994058627635
2340,70.2366760000019,1,1,1,0.017915997887030244
2341,70.26667600000191,1,1,1,0.01645900192670524
2342,70.29667600000191,1,1,1,0.015833997167646885
2343,70.32667600000191,2,1,2,0.02283299545524642
2344,70.35667600000191,2,1,2,0.024499997380189598
2345,70.38667600000191,3,2,3,0.03816699609160423
2346,70.41667600000191,3,2,3,0.17329199908999726
2347,70.44667600000191,3,3,3,0.04641700070351362
2348,70.47667600000192,2,2,3,0.03229199501220137
2349,70.50667600000192,2,2,3,0.03304099664092064
2350,70.53667600000192,2,2,2,0.033042000723071396
2351,70.56667600000192,3,2,3,0.03916699643013999
2352,70.59667600000192,2,2,3,0.03300000389572233
2353,70.62667600000192,2,2,3,0.03320800169603899
2354,70.65667600000192,3,2,3,0.04191599873593077
2355,70.68667600000192,3,2,3,0.046041001041885465
2356,70.71667600000193,2,2,3,0.03295799979241565
2357,70.74667600000193,3,2,4,0.04029200499644503
2358,70.77667600000193,3,2,3,0.04270799399819225
2359,70.80667600000193,2,2,3,0.03320800169603899
2360,70.83667600000193,3,2,3,0.0634159951005131
2361,70.86667600000193,3,1,4,0.041375002183485776
2362,70.89667600000193,2,1,4,0.034000004234258085
2363,70.92667600000193,3,2,3,0.04333299875725061
2364,70.95667600000193,2,1,4,0.02691699774004519
2365,70.98667600000194,2,1,4,0.02812500315485522
2366,71.01667600000194,4,3,4,0.06095899880165234
2367,71.04667600000194,1,1,4,0.02091700298478827
2368,71.07667600000194,3,3,4,0.04920799983665347
2369,71.10667600000194,4,4,4,0.060999998822808266
2370,71.13667600000194,2,2,4,0.034374999813735485
2371,71.16667600000194,4,2,5,0.056083998060785234
2372,71.19667600000194,3,1,6,0.06145799852674827
2373,71.22667600000194,4,2,8,0.053625000873580575
2374,71.25667600000195,3,3,6,0.05720800254493952
2375,71.28667600000195,1,1,5,0.023874999897088856
2376,71.31667600000195,1,1,3,0.022374995751306415
2377,71.34667600000195,4,2,4,0.049124995712190866
2378,71.37667600000195,2,1,4,0.02908399619627744
2379,71.40667600000195,3,1,4,0.04358300066087395
2380,71.43667600000195,3,3,4,0.05124999734107405
2381,71.46667600000195,3,2,4,0.04870900011155754
2382,71.49667600000195,2,2,4,0.03537500015227124
2383,71.52667600000196,3,1,4,0.04729200009023771
2384,71.55667600000196,2,2,3,0.035333003324922174
2385,71.58667600000196,2,2,3,0.08754100417718291
2386,71.61667600000196,2,2,2,0.037500001781154424
2387,71.64667600000196,2,2,2,0.03404200106160715
2388,71.67667600000196,2,2,2,0.032125004508998245
2389,71.70667600000196,2,2,2,0.030916999094188213
2390,71.73667600000196,2,2,2,0.032083000405691564
2391,71.76667600000197,2,2,2,0.029625000024680048
2392,71.79667600000197,2,2,2,0.028832997486460954
2393,71.82667600000197,2,2,2,0.030832998163532466
2394,71.85667600000197,2,2,2,0.030416005756706
2395,71.88667600000197,2,2,2,0.032125004508998245
2396,71.91667600000197,2,2,2,0.03112500417046249
2397,71.94667600000197,2,2,2,0.030334005714394152
2398,71.97667600000197,2,2,2,0.03074999403906986
2399,72.00667600000197,2,2,2,0.03175000165356323
2400,72.03667600000198,2,2,2,0.030582996259909123
2401,72.06667600000198,3,2,3,0.03958399611292407
2402,72.09667600000198,1,1,3,0.0195419997908175
2403,72.12667600000198,1,1,3,0.020416999177541584
2404,72.15667600000198,1,1,1,0.0191670042113401
2405,72.18667600000198,2,1,2,0.04045799869345501
2406,72.21667600000198,2,1,2,0.02441599644953385
2407,72.24667600000198,2,1,2,0.02995799877680838
2408,72.27667600000198,0,0,2,0.004082998202648014
2409,72.30667600000199,2,2,2,0.029333998099900782
2410,72.33667600000199,1,1,2,0.016917001630645245
2411,72.36667600000199,1,1,2,0.01612499909242615
2412,72.39667600000199,1,1,1,0.016540994693059474
2413,72.42667600000199,2,1,2,0.022499996703118086
2414,72.45667600000199,2,1,2,0.02379199577262625
2415,72.48667600000199,2,2,2,0.028707996534649283
2416,72.516676000002,2,2,2,0.029082999390084296
2417,72.546676000002,2,2,2,0.02941599814221263
2418,72.576676000002,2,2,2,0.02920899714808911
2419,72.606676000002,2,2,2,0.029584000003524125
2420,72.636676000002,2,2,2,0.030625000363215804
2421,72.666676000002,2,2,2,0.03133300197077915
2422,72.696676000002,2,2,2,0.028583002858795226
2423,72.726676000002,2,2,2,0.029709000955335796
2424,72.756676000002,2,2,2,0.029082999390084296
2425,72.786676000002,2,2,2,0.027999994927085936
2426,72.816676000002,2,2,2,0.04533299943432212
2427,72.846676000002,2,2,2,0.02804099494824186
2428,72.876676000002,2,2,2,0.028583002858795226
2429,72.90667600000201,1,1,2,0.017250000382773578
2430,72.93667600000201,3,2,3,0.035958000808022916
2431,72.96667600000201,2,2,3,0.03283299884060398
2432,72.99667600000201,2,2,3,0.030125003831926733
2433,73.02667600000201,2,2,2,0.030957999115344137
2434,73.05667600000201,2,2,2,0.029709000955335796
2435,73.08667600000202,2,2,2,0.02987500192830339
2436,73.11667600000202,2,2,2,0.029457994969561696
2437,73.14667600000202,2,2,2,0.03012499655596912
2438,73.17667600000202,2,2,2,0.029999995604157448
2439,73.20667600000202,2,2,2,0.02983299782499671
2440,73.23667600000202,2,2,2,0.028791000659111887
2441,73.26667600000202,2,2,2,0.028291993658058345
2442,73.29667600000202,2,2,2,0.027999994927085936
2443,73.32667600000202,2,2,2,0.02866699651349336
2444,73.35667600000203,2,2,2,0.04845800140174106
2445,73.38667600000203,2,2,2,0.030208000680431724
2446,73.41667600000203,2,2,2,0.02945800224551931
2447,73.44667600000203,2,2,2,0.029334005375858396
2448,73.47667600000203,2,2,2,0.029834001907147467
2449,73.50667600000203,2,2,2,0.02983299782499671
2450,73.53667600000203,2,2,2,0.029208000341895968
2451,73.56667600000203,3,2,3,0.036833997000940144
2452,73.59667600000203,3,2,3,0.039749997085891664
2453,73.62667600000204,3,2,3,0.043624997488223016
2454,73.65667600000204,2,2,3,0.03095899592153728
2455,73.68667600000204,3,2,3,0.04283299495000392
2456,73.71667600000204,3,2,3,0.04420799814397469
2457,73.74667600000204,3,3,3,0.04520800575846806
2458,73.77667600000204,3,3,3,0.06516699795611203
2459,73.80667600000204,3,3,3,0.04795799759449437
2460,73.83667600000204,3,3,3,0.04454200097825378
2461,73.86667600000204,3,3,3,0.04383299528853968
2462,73.89667600000205,3,3,3,0.043125000956933945
2463,73.92667600000205,3,3,3,0.04241700662532821
2464,73.95667600000205,3,3,3,0.04429199907463044
2465,73.98667600000205,2,2,3,0.0324159991578199
2466,74.01667600000205,2,2,3,0.03354200453031808
2467,74.04667600000205,3,2,3,0.04379200254334137
2468,74.07667600000205,2,2,3,0.03375000233063474
2469,74.10667600000205,2,2,3,0.03291599568910897
2470,74.13667600000205,3,2,3,0.04237500252202153
2471,74.16667600000206,3,2,3,0.05966599564999342
2472,74.19667600000206,4,3,4,0.05108299956191331
2473,74.22667600000206,4,3,4,0.0534169957973063
2474,74.25667600000206,3,2,4,0.04895799793303013
2475,74.28667600000206,2,2,4,0.03433300298638642
2476,74.31667600000206,2,2,3,0.03375000233063474
2477,74.34667600000206,2,2,2,0.03345900040585548
2478,74.37667600000206,2,2,2,0.03291600296506658
2479,74.40667600000207,2,2,2,0.03095800639130175
2480,74.43667600000207,1,1,2,0.020167004549875855
2481,74.46667600000207,2,2,2,0.029916998755652457
2482,74.49667600000207,2,2,2,0.02829200093401596
2483,74.52667600000207,2,2,2,0.029625000024680048
2484,74.55667600000207,3,2,3,0.03524999920045957
2485,74.58667600000207,3,1,4,0.033958000130951405
2486,74.61667600000207,4,2,5,0.07558400102425367
2487,74.64667600000207,3,2,5,0.04491699655773118
2488,74.67667600000208,3,2,4,0.049957998271565884
2489,74.70667600000208,2,2,3,0.03587499668356031
2490,74.73667600000208,2,2,3,0.03329200262669474
2491,74.76667600000208,2,2,2,0.0347500026691705
2492,74.79667600000208,2,2,2,0.03129099786747247
2493,74.82667600000208,2,2,2,0.029000002541579306
2494,74.85667600000208,1,1,2,0.017042002582456917
2495,74.88667600000208,3,2,3,0.03758400271181017
2496,74.91667600000208,3,2,3,0.04033299774164334
2497,74.94667600000209,2,2,3,0.03458299761405215
2498,74.97667600000209,3,2,3,0.04704100138042122
2499,75.00667600000209,4,3,4,0.05379100184654817
2500,75.03667600000209,3,2,4,0.062332997913472354
2501,75.06667600000209,2,2,4,0.03504099731799215
2502,75.09667600000209,4,3,4,0.060083002608735114
2503,75.12667600000209,3,2,4,0.04420799814397469
2504,75.1566760000021,3,2,4,0.04583400004776195
2505,75.1866760000021,3,3,3,0.049708003643900156
2506,75.2166760000021,3,3,3,0.04620900290319696
2507,75.2466760000021,3,3,3,0.04633400385500863
2508,75.2766760000021,3,3,3,0.046041001041885465
2509,75.3066760000021,3,3,3,0.04612500197254121
2510,75.3366760000021,3,3,3,0.04745900514535606
2511,75.3666760000021,3,3,3,0.06633299926761538
2512,75.3966760000021,3,3,3,0.04479199560591951
2513,75.4266760000021,3,3,3,0.044500004150904715
2514,75.4566760000021,3,3,3,0.0462079988210462
2515,75.4866760000021,3,3,3,0.04416699812281877
2516,75.51667600000211,3,3,3,0.04404200444696471
2517,75.54667600000211,2,2,3,0.03375000233063474
2518,75.57667600000211,2,2,3,0.032290998206008226
2519,75.60667600000211,3,3,3,0.04533299943432212
2520,75.63667600000211,2,2,3,0.032083000405691564
2521,75.66667600000211,2,2,3,0.0322499981848523
2522,75.69667600000211,1,1,2,0.020749997929669917
2523,75.72667600000212,2,2,2,0.029292001272551715
2524,75.75667600000212,2,2,2,0.029417002224363387
2525,75.78667600000212,1,1,2,0.017083999409805983
2526,75.81667600000212,1,1,2,0.01712500670691952
2527,75.84667600000212,2,1,2,0.17699999443721026
2528,75.87667600000212,1,1,2,0.01904099917737767
2529,75.90667600000212,3,2,3,0.039332997403107584
2530,75.93667600000212,2,2,3,0.033708005503285676
2531,75.96667600000212,2,2,3,0.032250005460809916
2532,75.99667600000213,2,2,2,0.03304100391687825
2533,76.02667600000213,2,2,2,0.03066699719056487
2534,76.05667600000213,3,2,3,0.03691700112540275
2535,76.08667600000213,3,2,3,0.039667000237386674
2536,76.11667600000213,3,3,3,0.045166998461354524
2537,76.14667600000213,3,3,3,0.04545899719232693
2538,76.17667600000213,2,2,3,0.031666000722907484
2539,76.20667600000213,3,3,3,0.044874999730382115
2540,76.23667600000213,4,3,4,0.05320899799698964
2541,76.26667600000214,3,3,4,0.06812499486841261
2542,76.29667600000214,2,2,4,0.03470799856586382
2543,76.32667600000214,1,1,3,0.021541003661695868
2544,76.35667600000214,2,1,3,0.027166999643668532
2545,76.38667600000214,1,1,2,0.020207997295074165
2546,76.41667600000214,1,1,2,0.018250000721309334
2547,76.44667600000214,1,1,1,0.01799999881768599
2548,76.47667600000214,3,1,3,0.03366699820617214
2549,76.50667600000214,3,1,4,0.03420800203457475
2550,76.53667600000215,1,1,4,0.02137499541277066
2551,76.56667600000215,2,1,3,0.03500000457279384
2552,76.59667600000215,1,0,2,0.020499996026046574
2553,76.62667600000215,2,1,2,0.03070800448767841
2554,76.65667600000215,2,2,2,0.0311659969156608
2555,76.68667600000215,2,2,2,0.029584000003524125
2556,76.71667600000215,2,2,2,0.03162500070175156
2557,76.74667600000215,2,2,2,0.031000003218650818
2558,76.77667600000215,2,2,2,0.029958995583001524
2559,76.80667600000216,2,2,2,0.03037499845959246
2560,76.83667600000216,1,1,2,0.01799999881768599
2561,76.86667600000216,2,2,2,0.03120800101896748
2562,76.89667600000216,1,1,2,0.038209000194910914
2563,76.92667600000216,2,1,2,0.03137499879812822
2564,76.95667600000216,1,1,2,0.01787499786587432
2565,76.98667600000216,2,2,2,0.030000002880115062
2566,77.01667600000216,1,1,2,0.01758400321705267
2567,77.04667600000217,2,2,2,0.03024999750778079
2568,77.07667600000217,1,1,2,0.016749996575526893
2569,77.10667600000217,1,1,2,0.016500001947861165
2570,77.13667600000217,1,1,1,0.019166000129189342
2571,77.16667600000217,1,1,1,0.016500001947861165
2572,77.19667600000217,1,1,1,0.015457997506018728
2573,77.22667600000217,1,1,1,0.01529099972685799
2574,77.25667600000217,1,1,1,0.01529099972685799
2575,77.28667600000217,2,1,2,0.0228749995585531
2576,77.31667600000218,1,1,2,0.017875005141831934
2577,77.34667600000218,1,1,2,0.018709004507400095
2578,77.37667600000218,1,1,1,0.017250000382773578
2579,77.40667600000218,1,1,1,0.015666999388486147
2580,77.43667600000218,1,1,1,0.016666999727021903
2581,77.46667600000218,2,1,2,0.02625000342959538
2582,77.49667600000218,2,1,2,0.028625006962101907
2583,77.52667600000218,1,1,2,0.018250000721309334
2584,77.55667600000218,2,1,2,0.034500000765547156
2585,77.58667600000219,2,1,2,0.030208000680431724
2586,77.61667600000219,2,2,2,0.03362500137882307
2587,77.64667600000219,2,2,2,0.03220799408154562
2588,77.67667600000219,2,2,2,0.05212500400375575
2589,77.70667600000219,2,2,2,0.03149999974993989
2590,77.73667600000219,2,2,2,0.030917006370145828
2591,77.76667600000219,1,1,2,0.017583995941095054
2592,77.7966760000022,2,2,2,0.03241699596401304
2593,77.8266760000022,2,2,2,0.030000002880115062
2594,77.8566760000022,2,2,2,0.030875002266839147
2595,77.8866760000022,2,2,2,0.032625001040287316
2596,77.9166760000022,2,2,2,0.030375005735550076
2597,77.9466760000022,2,2,2,0.03274999471614137
2598,77.9766760000022,2,2,2,0.029916001949459314
2599,78.0066760000022,2,2,2,0.03383299917913973
2600,78.0366760000022,2,2,2,0.03137499879812822
2601,78.0666760000022,2,2,2,0.031042000045999885
2602,78.0966760000022,3,2,3,0.040291997720487416
2603,78.1266760000022,2,2,3,0.03358400135766715
2604,78.15667600000221,3,2,3,0.04241599526721984
2605,78.18667600000221,2,1,3,0.05491699994308874
2606,78.21667600000221,3,1,4,0.04154100315645337
2607,78.24667600000221,2,1,3,0.03862499579554424
2608,78.27667600000221,2,2,3,0.032999996619764715
2609,78.30667600000221,3,2,3,0.04266700125299394
2610,78.33667600000221,3,2,3,0.045374996261671185
2611,78.36667600000222,3,2,3,0.05383399548009038
2612,78.39667600000222,2,1,3,0.03520799509715289
2613,78.42667600000222,2,2,3,0.03508299414534122
2614,78.45667600000222,2,2,2,0.03337499947519973
2615,78.48667600000222,2,2,2,0.03620800271164626
2616,78.51667600000222,2,2,2,0.03241699596401304
2617,78.54667600000222,3,2,3,0.03962500341003761
2618,78.57667600000222,2,1,3,0.028250004106666893
2619,78.60667600000222,2,1,3,0.0335000004270114
2620,78.63667600000223,2,1,2,0.03375000233063474
2621,78.66667600000223,2,2,2,0.052708004659507424
2622,78.69667600000223,2,2,2,0.03229199501220137
2623,78.72667600000223,3,2,3,0.03887499769916758
2624,78.75667600000223,2,1,3,0.028832997486460954
2625,78.78667600000223,2,1,3,0.036167002690490335
2626,78.81667600000223,2,2,2,0.039749997085891664
2627,78.84667600000223,3,2,3,0.03862500307150185
2628,78.87667600000223,2,2,3,0.03274999471614137
2629,78.90667600000224,2,2,3,0.03362499410286546
2630,78.93667600000224,2,2,2,0.0355829979525879
2631,78.96667600000224,2,2,2,0.03195900353603065
2632,78.99667600000224,2,2,2,0.03633400046965107
2633,79.02667600000224,2,2,2,0.034332995710428804
2634,79.05667600000224,2,2,2,0.03366699820617214
2635,79.08667600000224,3,2,3,0.06708400178467855
2636,79.11667600000224,3,2,3,0.04804100171895698
2637,79.14667600000224,2,2,3,0.039457998354919255
2638,79.17667600000225,2,2,3,0.06829099584138021
2639,79.20667600000225,2,2,2,0.04650000482797623
2640,79.23667600000225,2,2,2,0.03312499757157639
2641,79.26667600000225,2,2,2,0.03491599636618048
2642,79.29667600000225,2,2,2,0.03204200038453564
2643,79.32667600000225,2,2,2,0.02908399619627744
2644,79.35667600000225,2,2,2,0.03266600106144324
2645,79.38667600000225,2,2,2,0.03166699752910063
2646,79.41667600000225,2,2,2,0.030666000384371728
2647,79.44667600000226,2,2,2,0.03033299435628578
2648,79.47667600000226,2,2,2,0.030916999094188213
2649,79.50667600000226,2,2,2,0.030250004783738405
2650,79.53667600000226,2,2,2,0.031124996894504875
2651,79.56667600000226,2,2,2,0.02841700188582763
2652,79.59667600000226,2,2,2,0.02837499778252095
2653,79.62667600000226,2,2,2,0.02816599590005353
2654,79.65667600000226,2,2,2,0.02933300129370764
2655,79.68667600000227,2,2,2,0.029458999051712453
2656,79.71667600000227,2,2,2,0.04462499782675877
2657,79.74667600000227,3,2,3,0.03879099676851183
2658,79.77667600000227,2,2,3,0.03275000199209899
2659,79.80667600000227,2,2,3,0.034749995393212885
2660,79.83667600000227,2,2,2,0.03329099854454398
2661,79.86667600000227,2,2,2,0.03983399801654741
2662,79.89667600000227,2,2,2,0.03945900243707001
2663,79.92667600000227,2,2,2,0.03875000402331352
2664,79.95667600000228,2,2,2,0.03029200161108747
2665,79.98667600000228,2,2,2,0.04008299583802
2666,80.01667600000228,3,2,3,0.03862500307150185
2667,80.04667600000228,2,2,3,0.031833995308261365
2668,80.07667600000228,2,2,3,0.032165997254196554
2669,80.10667600000228,2,2,2,0.0318750026053749
2670,80.13667600000228,2,2,2,0.03162500070175156
2671,80.16667600000228,2,2,2,0.031708004826214164
2672,80.19667600000228,3,2,3,0.05358300404623151
2673,80.22667600000229,2,2,3,0.03241600643377751
2674,80.25667600000229,2,2,3,0.03362500137882307
2675,80.28667600000229,2,2,2,0.031042000045999885
2676,80.31667600000229,3,2,3,0.04520800575846806
2677,80.34667600000229,3,2,3,0.0425000034738332
2678,80.37667600000229,3,3,3,0.04725000326288864
2679,80.40667600000229,3,3,3,0.04774999979417771
2680,80.4366760000023,3,3,3,0.04329199873609468
2681,80.4666760000023,2,2,3,0.030957999115344137
2682,80.4966760000023,2,2,3,0.0322499981848523
2683,80.5266760000023,2,2,2,0.032707997888792306
2684,80.5566760000023,2,2,2,0.030875002266839147
2685,80.5866760000023,2,2,2,0.03066699719056487
2686,80.6166760000023,2,2,2,0.030000002880115062
2687,80.6466760000023,2,2,2,0.04491699655773118
2688,80.6766760000023,2,2,2,0.03033299435628578
2689,80.7066760000023,2,2,2,0.03183400258421898
2690,80.7366760000023,2,2,2,0.03404200106160715
2691,80.7666760000023,2,2,2,0.032000003557186574
2692,80.79667600000231,2,2,2,0.03212499723304063
2693,80.82667600000231,2,2,2,0.029209004424046725
2694,80.85667600000231,3,2,3,0.03779100370593369
2695,80.88667600000231,2,2,3,0.03199999628122896
2696,80.91667600000231,2,2,3,0.03595899761421606
2697,80.94667600000231,2,2,2,0.034958997275680304
2698,80.97667600000231,3,2,3,0.03912499960279092
2699,81.00667600000232,2,2,3,0.03316700167488307
2700,81.03667600000232,3,2,4,0.038209000194910914
2701,81.06667600000232,3,2,3,0.04274999810149893
2702,81.09667600000232,3,2,4,0.046749999455641955
2703,81.12667600000232,1,1,4,0.04304199683247134
2704,81.15667600000232,1,1,3,0.027125002816319466
2705,81.18667600000232,2,1,2,0.030791998142376542
2706,81.21667600000232,1,1,2,0.018167003872804344
2707,81.24667600000232,1,1,2,0.01737500133458525
2708,81.27667600000233,1,1,1,0.01845800579758361
2709,81.30667600000233,2,1,2,0.02649999805726111
2710,81.33667600000233,3,1,4,0.034000004234258085
2711,81.36667600000233,2,1,5,0.02766599936876446
2712,81.39667600000233,2,1,5,0.033915996027644724
2713,81.42667600000233,2,1,3,0.039874998037703335
2714,81.45667600000233,2,1,2,0.0385410021408461
2715,81.48667600000233,3,1,3,0.03733299672603607
2716,81.51667600000233,3,1,3,0.05145899922354147
2717,81.54667600000234,1,1,3,0.022790998627897352
2718,81.57667600000234,3,1,4,0.04187499871477485
2719,81.60667600000234,2,1,4,0.02966700412798673
2720,81.63667600000234,1,1,4,0.02062500425381586
2721,81.66667600000234,1,1,2,0.02099999983329326
2722,81.69667600000234,1,1,1,0.01758299913490191
2723,81.72667600000234,0,0,1,0.003249995643272996
2724,81.75667600000234,1,1,1,0.017250000382773578
2725,81.78667600000234,0,0,1,0.0027909991331398487
2726,81.81667600000235,0,0,1,0.0023749962565489113
2727,81.84667600000235,0,0,0,0.0027909991331398487
2728,81.87667600000235,0,0,0,0.001624997821636498
2729,81.90667600000235,2,0,2,0.016999998479150236
2730,81.93667600000235,1,0,2,0.012832999345846474
2731,81.96667600000235,2,0,3,0.044917003833688796
2732,81.99667600000235,1,0,2,0.018708000425249338
2733,82.02667600000235,2,1,2,0.025208995793946087
2734,82.05667600000235,1,1,2,0.01750000228639692
2735,82.08667600000236,2,1,2,0.030125003831926733
2736,82.11667600000236,1,1,2,0.017207996279466897
2737,82.14667600000236,1,1,2,0.01966700074262917
2738,82.17667600000236,1,1,1,0.022667001758236438
2739,82.20667600000236,1,1,1,0.016874997527338564
2740,82.23667600000236,1,1,1,0.01641699782339856
2741,82.26667600000236,1,1,1,0.01599999814061448
2742,82.29667600000236,1,1,1,0.015624995285179466
2743,82.32667600000237,2,1,2,0.026875000912696123
2744,82.35667600000237,1,1,2,0.02024999412242323
2745,82.38667600000237,2,1,2,0.027166999643668532
2746,82.41667600000237,2,2,2,0.030082999728620052
2747,82.44667600000237,1,1,2,0.01733299723127857
2748,82.47667600000237,1,1,2,0.016833000699989498
2749,82.50667600000237,1,1,1,0.018167003872804344
2750,82.53667600000237,1,1,1,0.016165999113582075
2751,82.56667600000237,1,1,1,0.015833997167646885
2752,82.59667600000238,1,1,1,0.015416000678669661
2753,82.62667600000238,1,1,1,0.015500001609325409
2754,82.65667600000238,0,0,1,0.0026669949875213206
2755,82.68667600000238,1,1,1,0.01691699435468763
2756,82.71667600000238,1,1,1,0.01920799695653841
2757,82.74667600000238,1,1,1,0.018792001355905086
2758,82.77667600000238,1,1,1,0.01479100319556892
2759,82.80667600000238,1,1,1,0.01420799526385963
2760,82.83667600000238,1,1,1,0.014582998119294643
2761,82.86667600000239,1,1,1,0.014875004126224667
2762,82.89667600000239,2,1,2,0.02283299545524642
2763,82.92667600000239,1,1,2,0.24612499692011625
2764,82.95667600000239,2,1,2,0.032208001357503235
2765,82.98667600000239,2,2,2,0.0374590017599985
2766,83.01667600000239,1,1,2,0.020667001081164926
2767,83.04667600000239,2,2,2,0.031166004191618413
2768,83.0766760000024,1,1,2,0.01766700006555766
2769,83.1066760000024,0,0,2,0.005292000423651189
2770,83.1366760000024,1,1,1,0.022542000806424767
2771,83.1666760000024,0,0,1,0.0031660019885748625
2772,83.1966760000024,0,0,1,0.002624998160172254
2773,83.2266760000024,1,1,1,0.01629199687158689
2774,83.2566760000024,2,1,2,0.02279200271004811
2775,83.2866760000024,1,0,2,0.022624997654929757
2776,83.3166760000024,1,0,2,0.018332997569814324
2777,83.3466760000024,2,1,2,0.02612500247778371
2778,83.3766760000024,1,1,2,0.023624997993465513
2779,83.4066760000024,1,1,2,0.022167005226947367
2780,83.43667600000241,2,2,2,0.03783300053328276
2781,83.46667600000241,1,1,2,0.01758299913490191
2782,83.49667600000241,1,1,2,0.016749996575526893
2783,83.52667600000241,2,2,2,0.034958997275680304
2784,83.55667600000241,1,1,2,0.01758299913490191
2785,83.58667600000241,1,1,2,0.016500001947861165
2786,83.61667600000241,0,0,1,0.004374996933620423
2787,83.64667600000242,0,0,1,0.002583001332823187
2788,83.67667600000242,0,0,0,0.0024170003598555923
2789,83.70667600000242,1,0,1,0.009165996743831784
2790,83.73667600000242,1,0,1,0.009582996426615864
2791,83.76667600000242,0,0,1,0.002458997187204659
2792,83.79667600000242,0,0,1,0.001957996573764831
2793,83.82667600000242,0,0,0,0.00224999530473724
2794,83.85667600000242,0,0,0,0.0012079981388524175
2795,83.88667600000242,1,0,1,0.0072499969974160194
2796,83.91667600000243,1,0,2,0.008167000487446785
2797,83.94667600000243,0,0,2,0.0026670022634789348
2798,83.97667600000243,0,0,1,0.002624998160172254
2799,84.00667600000243,0,0,0,0.0020410006982274354
2800,84.03667600000243,1,0,1,0.007417002052534372
2801,84.06667600000243,1,0,1,0.008708004315849394
2802,84.09667600000243,1,0,1,0.016375000996049494
2803,84.12667600000243,1,1,1,0.016917001630645245
2804,84.15667600000243,1,0,1,0.01587499718880281
2805,84.18667600000244,1,1,1,0.015792000340297818
2806,84.21667600000244,1,1,1,0.03166699752910063
2807,84.24667600000244,1,1,1,0.016208003216888756
2808,84.27667600000244,1,1,1,0.016458005120512098
2809,84.30667600000244,1,1,1,0.01879099727375433
2810,84.33667600000244,1,1,1,0.019165992853231728
2811,84.36667600000244,1,1,1,0.01604200224392116
2812,84.39667600000244,1,1,1,0.01570799940964207
2813,84.42667600000244,1,1,1,0.016625002899672836
2814,84.45667600000245,1,1,1,0.0149589977809228
2815,84.48667600000245,1,1,1,0.015124998753890395
2816,84.51667600000245,1,1,1,0.015291996533051133
2817,84.54667600000245,1,1,1,0.015375000657513738
2818,84.57667600000245,0,0,1,0.003082997864112258
2819,84.60667600000245,1,1,1,0.0155829984578304
2820,84.63667600000245,1,1,1,0.015708996215835214
2821,84.66667600000245,0,0,1,0.0028750000637955964
2822,84.69667600000245,0,0,1,0.00224999530473724
2823,84.72667600000246,0,0,0,0.0025840054149739444
2824,84.75667600000246,0,0,0,0.0012079981388524175
2825,84.78667600000246,0,0,0,0.0008749993867240846
2826,84.81667600000246,1,0,1,0.00875000114319846
2827,84.84667600000246,1,0,1,0.010750001820269972
2828,84.87667600000246,2,1,2,0.023957996745593846
2829,84.90667600000246,2,0,2,0.023708002117928118
2830,84.93667600000246,2,1,2,0.029374998121056706
2831,84.96667600000247,1,0,2,0.016250000044237822
2832,84.99667600000247,1,0,2,0.01737500133458525
2833,85.02667600000247,0,0,1,0.004624998837243766
2834,85.05667600000247,1,0,2,0.010292002116329968
2835,85.08667600000247,1,0,2,0.01779200101736933
2836,85.11667600000247,0,0,2,0.0035000048228539526
2837,85.14667600000247,0,0,1,0.003125001967418939
2838,85.17667600000247,1,1,1,0.01620799594093114
2839,85.20667600000247,1,0,1,0.016250000044237822
2840,85.23667600000248,2,1,2,0.024834000214468688
2841,85.26667600000248,1,0,2,0.011167001503054053
2842,85.29667600000248,3,1,3,0.037625002732966095
2843,85.32667600000248,2,0,3,0.03324999852338806
2844,85.35667600000248,2,1,3,0.032791998819448054
2845,85.38667600000248,3,2,3,0.05741700442740694
2846,85.41667600000248,2,1,3,0.027541995223145932
2847,85.44667600000248,2,2,3,0.03283299884060398
2848,85.47667600000248,1,1,2,0.018457998521625996
2849,85.50667600000249,2,1,3,0.0252090030699037
2850,85.53667600000249,2,1,2,0.02849999873433262
2851,85.56667600000249,2,1,2,0.02987500192830339
2852,85.59667600000249,1,0,2,0.01720800355542451
2853,85.62667600000249,2,1,2,0.03029200161108747
2854,85.65667600000249,1,1,2,0.017207996279466897
2855,85.68667600000249,1,1,2,0.01691699435468763
2856,85.7166760000025,1,1,1,0.018917002307716757
2857,85.7466760000025,1,1,1,0.016916004824452102
2858,85.7766760000025,1,1,1,0.016208003216888756
2859,85.8066760000025,2,1,2,0.023874999897088856
2860,85.8366760000025,2,1,2,0.0249579970841296
2861,85.8666760000025,2,2,2,0.03149999974993989
2862,85.8966760000025,1,1,2,0.01733299723127857
2863,85.9266760000025,0,0,2,0.0038750004023313522
2864,85.9566760000025,0,0,1,0.0036249984987080097
2865,85.9866760000025,1,0,1,0.01766700006555766
2866,86.0166760000025,1,1,1,0.016959005733951926
2867,86.0466760000025,1,1,1,0.01604200224392116
2868,86.07667600000251,2,1,2,0.02466700243530795
2869,86.10667600000251,1,1,2,0.01604200224392116
2870,86.13667600000251,1,1,2,0.015749996236991137
2871,86.16667600000251,1,0,2,0.009957999282050878
2872,86.19667600000251,1,1,2,0.016957994375843555
2873,86.22667600000251,1,1,2,0.036708006518892944
2874,86.25667600000251,1,1,1,0.020125000446569175
2875,86.28667600000252,0,0,1,0.003750006726477295
2876,86.31667600000252,2,0,2,0.026666995836421847
2877,86.34667600000252,2,1,2,0.028833994292654097
2878,86.37667600000252,1,1,2,0.01720800355542451
2879,86.40667600000252,1,1,2,0.016167003195732832
2880,86.43667600000252,1,1,1,0.017291997210122645
2881,86.46667600000252,1,1,1,0.015958998119458556
2882,86.49667600000252,1,1,1,0.015375000657513738
2883,86.52667600000252,1,1,1,0.015082994650583714
2884,86.55667600000253,1,1,1,0.014792000001762062
2885,86.58667600000253,1,1,1,0.014999997802078724
2886,86.61667600000253,1,1,1,0.015541998436674476
2887,86.64667600000253,1,1,1,0.016125006368383765
2888,86.67667600000253,1,1,1,0.014833996829111129
2889,86.70667600000253,2,1,2,0.02245799987576902
2890,86.73667600000253,2,1,2,0.025291999918408692
2891,86.76667600000253,2,1,2,0.029542003176175058
2892,86.79667600000253,2,1,2,0.027750000299420208
2893,86.82667600000254,2,2,2,0.028959002520423383
2894,86.85667600000254,2,2,2,0.03120800101896748
2895,86.88667600000254,2,2,2,0.03066699719056487
2896,86.91667600000254,2,2,2,0.029999995604157448
2897,86.94667600000254,2,2,2,0.02945800224551931
2898,86.97667600000254,2,2,2,0.03083300543949008
2899,87.00667600000254,2,2,2,0.045791995944455266
2900,87.03667600000254,2,2,2,0.031167000997811556
2901,87.06667600000254,2,2,2,0.029916001949459314
2902,87.09667600000255,2,2,2,0.02991700603161007
2903,87.12667600000255,2,2,2,0.030082999728620052
2904,87.15667600000255,2,2,2,0.029958995583001524
2905,87.18667600000255,2,2,2,0.029292001272551715
2906,87.21667600000255,2,2,2,0.028124995878897607
2907,87.24667600000255,2,2,2,0.0295409990940243
2908,87.27667600000255,2,2,2,0.02995900285895914
2909,87.30667600000255,2,2,2,0.03158300387440249
2910,87.33667600000256,2,2,2,0.02879199746530503
2911,87.36667600000256,2,2,2,0.02941599814221263
2912,87.39667600000256,2,2,2,0.029125003493390977
2913,87.42667600000256,2,2,2,0.029249997169245034
2914,87.45667600000256,2,2,2,0.0301670006592758
2915,87.48667600000256,2,2,2,0.029541995900217444
2916,87.51667600000256,2,2,2,0.02941599814221263
2917,87.54667600000256,2,2,2,0.04454199370229617
2918,87.57667600000256,2,2,2,0.03041699528694153
2919,87.60667600000257,2,2,2,0.03245800326112658
2920,87.63667600000257,2,2,2,0.029457994969561696
2921,87.66667600000257,2,2,2,0.029749993700534105
2922,87.69667600000257,2,2,2,0.02991700603161007
2923,87.72667600000257,2,2,2,0.030208000680431724
2924,87.75667600000257,2,2,2,0.030458002584055066
2925,87.78667600000257,2,2,2,0.03149999974993989
2926,87.81667600000257,2,2,2,0.030582996259909123
2927,87.84667600000257,2,2,2,0.03037499845959246
2928,87.87667600000258,2,2,2,0.029584000003524125
2929,87.90667600000258,1,1,2,0.01733299723127857
2930,87.93667600000258,2,2,2,0.0314170029014349
2931,87.96667600000258,3,2,3,0.03837500116787851
2932,87.99667600000258,2,2,3,0.034083001082763076
2933,88.02667600000258,2,2,3,0.03304100391687825
2934,88.05667600000258,2,2,2,0.032834002922754735
2935,88.08667600000258,2,2,2,0.045958004193380475
2936,88.11667600000258,2,2,2,0.03129200194962323
2937,88.14667600000259,2,2,2,0.030583003535866737
2938,88.17667600000259,2,2,2,0.029833005100954324
2939,88.20667600000259,2,2,2,0.031040995963849127
2940,88.23667600000259,2,2,2,0.0318750026053749
2941,88.26667600000259,2,2,2,0.03066699719056487
2942,88.29667600000259,2,2,2,0.031584000680595636
2943,88.32667600000259,2,2,2,0.031666000722907484
2944,88.3566760000026,2,2,2,0.03162500070175156
2945,88.3866760000026,2,2,2,0.030791998142376542
2946,88.4166760000026,2,2,2,0.029709000955335796
2947,88.4466760000026,2,2,2,0.02970899367937818
2948,88.4766760000026,2,2,2,0.029417002224363387
2949,88.5066760000026,2,2,2,0.02975000097649172
2950,88.5366760000026,2,2,2,0.029041999368928373
2951,88.5666760000026,2,2,2,0.030707997211720794
2952,88.5966760000026,3,2,3,0.053582996770273894
2953,88.6266760000026,3,2,3,0.0428749990533106
2954,88.6566760000026,3,2,3,0.0462079988210462
2955,88.6866760000026,3,2,3,0.04504199750954285
2956,88.71667600000261,3,2,3,0.04441700002644211
2957,88.74667600000261,2,2,3,0.03287500294391066
2958,88.77667600000261,2,2,3,0.031584000680595636
2959,88.80667600000261,3,3,3,0.046749999455641955
2960,88.83667600000261,3,3,3,0.04433299909578636
2961,88.86667600000261,3,3,3,0.04504199750954285
2962,88.89667600000261,2,2,3,0.031541996577288955
2963,88.92667600000262,2,2,3,0.031624993425793946
2964,88.95667600000262,2,2,2,0.03550000110408291
2965,88.98667600000262,2,2,2,0.030874994990881532
2966,89.01667600000262,2,1,3,0.04025000089313835
2967,89.04667600000262,2,2,3,0.034249998861923814
2968,89.07667600000262,2,2,3,0.03691700112540275
2969,89.10667600000262,2,2,2,0.03554200520738959
2970,89.13667600000262,2,2,2,0.03162500070175156
2971,89.16667600000262,2,2,2,0.03391699283383787
2972,89.19667600000263,2,2,2,0.030791998142376542
2973,89.22667600000263,2,2,2,0.03137499879812822
2974,89.25667600000263,2,2,2,0.030208997486624867
2975,89.28667600000263,2,2,2,0.033042000723071396
2976,89.31667600000263,2,2,2,0.03145799564663321
2977,89.34667600000263,2,2,2,0.03558300522854552
2978,89.37667600000263,2,2,2,0.030542003514710814
2979,89.40667600000263,2,2,2,0.029458999051712453
2980,89.43667600000263,3,2,3,0.04249999619787559
2981,89.46667600000264,2,2,3,0.03629199636634439
2982,89.49667600000264,2,2,3,0.03420800203457475
2983,89.52667600000264,2,2,2,0.05524999869521707
2984,89.55667600000264,1,1,2,0.01895800232887268
2985,89.58667600000264,2,2,2,0.0322499981848523
2986,89.61667600000264,2,2,2,0.03112500417046249
2987,89.64667600000264,2,2,2,0.03149999974993989
2988,89.67667600000264,0,0,2,0.004290996002964675
2989,89.70667600000264,0,0,2,0.0036249984987080097
2990,89.73667600000265,0,0,0,0.004333000106271356
2991,89.76667600000265,1,0,1,0.009290997695643455
2992,89.79667600000265,1,0,1,0.010415998985990882
2993,89.82667600000265,1,0,2,0.010875002772081643
2994,89.85667600000265,1,0,2,0.011040996469091624
2995,89.88667600000265,1,1,1,0.019291997887194157
2996,89.91667600000265,1,1,1,0.016749996575526893
2997,89.94667600000265,1,1,1,0.015958001313265413
2998,89.97667600000266,1,1,1,0.01529099972685799
2999,90.00667600000266,1,1,1,0.01554200571263209
3000,90.03667600000266,1,1,1,0.01575000351294875
3001,90.06667600000266,3,1,3,0.029332994017750025
3002,90.09667600000266,1,1,3,0.019999999494757503
3003,90.12667600000266,1,1,3,0.018375001673121005
3004,90.15667600000266,1,1,1,0.01883300137706101
3005,90.18667600000266,1,1,1,0.016375000996049494
3006,90.21667600000266,1,1,1,0.015540994354523718
3007,90.24667600000267,0,0,1,0.002749999111983925
3008,90.27667600000267,1,1,1,0.01695800165180117
3009,90.30667600000267,1,1,1,0.01591700129210949
3010,90.33667600000267,1,1,1,0.015500001609325409
3011,90.36667600000267,0,0,1,0.0024999972083605826
3012,90.39667600000267,1,1,1,0.01612499909242615
3013,90.42667600000267,0,0,1,0.0024999972083605826
3014,90.45667600000267,1,0,1,0.01570799940964207
3015,90.48667600000267,1,1,1,0.016707999748177826
3016,90.51667600000268,1,1,1,0.015708996215835214
3017,90.54667600000268,1,1,1,0.015165998775046319
3018,90.57667600000268,1,1,1,0.015083001926541328
3019,90.60667600000268,1,1,1,0.014874996850267053
3020,90.63667600000268,1,1,1,0.014833996829111129
3021,90.66667600000268,1,1,1,0.015083001926541328
3022,90.69667600000268,1,1,1,0.03112500417046249
3023,90.72667600000268,1,1,1,0.01654199877521023
3024,90.75667600000268,1,1,1,0.015417004760820419
3025,90.78667600000269,1,1,1,0.015167002857197076
3026,90.81667600000269,1,1,1,0.014917000953573734
3027,90.84667600000269,1,1,1,0.015167002857197076
3028,90.87667600000269,0,0,1,0.0028750000637955964
3029,90.90667600000269,1,1,1,0.015375000657513738
3030,90.93667600000269,0,0,1,0.0025420013116672635
3031,90.96667600000269,0,0,1,0.0022500025806948543
3032,90.9966760000027,0,0,0,0.002583001332823187
3033,91.0266760000027,0,0,0,0.0012079981388524175
3034,91.0566760000027,1,0,1,0.00883299799170345
3035,91.0866760000027,1,0,1,0.009916999260894954
3036,91.1166760000027,0,0,1,0.0024999972083605826
3037,91.1466760000027,0,0,1,0.002125001628883183
3038,91.1766760000027,0,0,0,0.002291999408043921
3039,91.2066760000027,0,0,0,0.0010000003385357559
3040,91.2366760000027,0,0,0,0.0008749993867240846
3041,91.2666760000027,0,0,0,0.0008330025593750179
3042,91.2966760000027,0,0,0,0.000790998456068337
3043,91.3266760000027,0,0,0,0.0007079943316057324
3044,91.35667600000271,0,0,0,0.0007499984349124134
3045,91.38667600000271,1,0,1,0.007374997949227691
3046,91.41667600000271,0,0,1,0.0020830048015341163
3047,91.44667600000271,0,0,1,0.0017499987734481692
3048,91.47667600000271,1,0,1,0.009082999895326793
3049,91.50667600000271,1,0,1,0.010291994840372354
3050,91.53667600000271,0,0,1,0.0025839981390163302
3051,91.56667600000272,1,0,1,0.017166996258310974
3052,91.59667600000272,1,1,1,0.0162090000230819
3053,91.62667600000272,1,1,1,0.01758299913490191
3054,91.65667600000272,1,0,2,0.009584000508766621
3055,91.68667600000272,1,0,2,0.0106250008684583
3056,91.71667600000272,1,0,2,0.01720899308566004
3057,91.74667600000272,2,0,2,0.030542003514710814
3058,91.77667600000272,0,0,2,0.0039590013329871
3059,91.80667600000272,0,0,2,0.003374996595084667
3060,91.83667600000273,0,0,0,0.0038750004023313522
3061,91.86667600000273,0,0,0,0.0011669981176964939
3062,91.89667600000273,0,0,0,0.0009580035111866891
3063,91.92667600000273,0,0,0,0.0008749993867240846
3064,91.95667600000273,0,0,0,0.0007920025382190943
3065,91.98667600000273,0,0,0,0.0007920025382190943
3066,92.01667600000273,0,0,0,0.0007910057320259511
3067,92.04667600000273,0,0,0,0.0007089984137564898
3068,92.07667600000273,0,0,0,0.0007080016075633466
3069,92.10667600000274,1,0,1,0.008584000170230865
3070,92.13667600000274,0,0,1,0.0020840016077272594
3071,92.16667600000274,0,0,1,0.0017920028767548501
3072,92.19667600000274,0,0,0,0.001915999746415764
3073,92.22667600000274,0,0,0,0.0009169962140731514
3074,92.25667600000274,0,0,0,0.0007500057108700275
3075,92.28667600000274,0,0,0,0.0007499984349124134
3076,92.31667600000274,0,0,0,0.000790998456068337
3077,92.34667600000274,0,0,0,0.0007499984349124134
3078,92.37667600000275,0,0,0,0.0007499984349124134
3079,92.40667600000275,0,0,0,0.0007920025382190943
3080,92.43667600000275,0,0,0,0.0007499984349124134
3081,92.46667600000275,0,0,0,0.0007500057108700275
3082,92.49667600000275,0,0,0,0.0007089984137564898
3083,92.52667600000275,0,0,0,0.0007499984349124134
3084,92.55667600000275,0,0,0,0.0007089984137564898
3085,92.58667600000275,0,0,0,0.0007079943316057324
3086,92.61667600000276,0,0,0,0.0007089984137564898
3087,92.64667600000276,0,0,0,0.0007499984349124134
3088,92.67667600000276,0,0,0,0.0007499984349124134
3089,92.70667600000276,0,0,0,0.0007499984349124134
3090,92.73667600000276,1,0,1,0.0072499969974160194
3091,92.76667600000276,0,0,1,0.0017499987734481692
3092,92.79667600000276,0,0,1,0.0017079946701414883
3093,92.82667600000276,0,0,0,0.0017499987734481692
3094,92.85667600000276,0,0,0,0.0008329952834174037
3095,92.88667600000277,0,0,0,0.0007499984349124134
3096,92.91667600000277,0,0,0,0.0007080016075633466
3097,92.94667600000277,0,0,0,0.000790998456068337
3098,92.97667600000277,0,0,0,0.0007910057320259511
3099,93.00667600000277,0,0,0,0.0007079943316057324
3100,93.03667600000277,0,0,0,0.0007080016075633466
3101,93.06667600000277,0,0,0,0.0008329952834174037
3102,93.09667600000277,1,0,1,0.00695799826644361
3103,93.12667600000277,0,0,1,0.001667001924943179
3104,93.15667600000278,0,0,1,0.0017080019460991025
3105,93.18667600000278,0,0,0,0.001791995600797236
3106,93.21667600000278,0,0,0,0.000833999365568161
3107,93.24667600000278,0,0,0,0.0008330025593750179
3108,93.27667600000278,0,0,0,0.0007499984349124134
3109,93.30667600000278,0,0,0,0.0007089984137564898
3110,93.33667600000278,0,0,0,0.0007499984349124134
3111,93.36667600000278,0,0,0,0.0007919952622614801
3112,93.39667600000278,0,0,0,0.0007499984349124134
3113,93.42667600000279,0,0,0,0.0007090056897141039
3114,93.45667600000279,0,0,0,0.0007920025382190943
3115,93.48667600000279,0,0,0,0.0007919952622614801
3116,93.51667600000279,0,0,0,0.0007089984137564898
3117,93.54667600000279,0,0,0,0.0007500057108700275
3118,93.57667600000279,0,0,0,0.0007080016075633466
3119,93.60667600000279,0,0,0,0.0007499984349124134
3120,93.6366760000028,0,0,0,0.0006659975042566657
3121,93.6666760000028,0,0,0,0.0007079943316057324
3122,93.6966760000028,0,0,0,0.0007500057108700275
3123,93.7266760000028,0,0,0,0.0007499984349124134
3124,93.7566760000028,0,0,0,0.0007499984349124134
3125,93.7866760000028,0,0,0,0.0007499984349124134
3126,93.8166760000028,0,0,0,0.0007080016075633466
3127,93.8466760000028,0,0,0,0.0007080016075633466
3128,93.8766760000028,0,0,0,0.0007499984349124134
3129,93.9066760000028,0,0,0,0.0007080016075633466
3130,93.9366760000028,0,0,0,0.0007499984349124134
3131,93.9666760000028,0,0,0,0.0007500057108700275
3132,93.99667600000281,0,0,0,0.0007500057108700275
3133,94.02667600000281,0,0,0,0.0007499984349124134
3134,94.05667600000281,0,0,0,0.0007079943316057324
3135,94.08667600000281,0,0,0,0.0007079943316057324
3136,94.11667600000281,0,0,0,0.0007499984349124134
3137,94.14667600000281,0,0,0,0.0007089984137564898
3138,94.17667600000281,0,0,0,0.0007080016075633466
3139,94.20667600000282,0,0,0,0.0007080016075633466
3140,94.23667600000282,0,0,0,0.0007499984349124134
3141,94.26667600000282,0,0,0,0.0007089984137564898
3142,94.29667600000282,0,0,0,0.0007499984349124134
3143,94.32667600000282,0,0,0,0.0007499984349124134
3144,94.35667600000282,0,0,0,0.0007499984349124134
3145,94.38667600000282,0,0,0,0.0007920025382190943
3146,94.41667600000282,0,0,0,0.0007089984137564898
3147,94.44667600000282,0,0,0,0.0007499984349124134
3148,94.47667600000283,0,0,0,0.0007089984137564898
3149,94.50667600000283,0,0,0,0.0007500057108700275
3150,94.53667600000283,0,0,0,0.0007499984349124134
3151,94.56667600000283,0,0,0,0.0007080016075633466
3152,94.59667600000283,0,0,0,0.0007090056897141039
3153,94.62667600000283,0,0,0,0.000790998456068337
3154,94.65667600000283,0,0,0,0.0007090056897141039
3155,94.68667600000283,0,0,0,0.0007079943316057324
3156,94.71667600000283,0,0,0,0.0007499984349124134
3157,94.74667600000284,0,0,0,0.0007499984349124134
3158,94.77667600000284,1,0,1,0.007458002073690295
3159,94.80667600000284,1,0,1,0.010000003385357559
3160,94.83667600000284,1,1,1,0.017042002582456917
3161,94.86667600000284,0,0,1,0.00291600008495152
3162,94.89667600000284,1,0,1,0.016500001947861165
3163,94.92667600000284,1,0,1,0.01579099625814706
3164,94.95667600000284,1,1,1,0.015457997506018728
3165,94.98667600000284,1,1,1,0.01620799594093114
3166,95.01667600000285,1,1,1,0.015249999705702066
3167,95.04667600000285,1,1,1,0.015958001313265413
3168,95.07667600000285,1,1,1,0.01599999814061448
3169,95.10667600000285,1,1,1,0.015333003830164671
3170,95.13667600000285,1,1,1,0.0274580015684478
3171,95.16667600000285,1,1,1,0.018042002920992672
3172,95.19667600000285,1,1,1,0.016000005416572094
3173,95.22667600000285,1,1,1,0.015208002878353
3174,95.25667600000286,0,0,1,0.0025419940357096493
3175,95.28667600000286,1,1,1,0.0155829984578304
3176,95.31667600000286,1,1,1,0.015541998436674476
3177,95.34667600000286,0,0,1,0.0024170003598555923
3178,95.37667600000286,1,1,1,0.015416000678669661
3179,95.40667600000286,1,1,1,0.01566599530633539
3180,95.43667600000286,0,0,1,0.002749999111983925
3181,95.46667600000286,0,0,1,0.0022500025806948543
3182,95.49667600000286,0,0,0,0.0025420013116672635
3183,95.52667600000287,0,0,0,0.000957996235229075
3184,95.55667600000287,1,0,1,0.008374998287763447
3185,95.58667600000287,1,0,1,0.01266699837287888
3186,95.61667600000287,1,1,1,0.016666999727021903
3187,95.64667600000287,1,0,2,0.009875002433545887
3188,95.67667600000287,1,0,2,0.011874995834659785
3189,95.70667600000287,1,0,1,0.022167005226947367
3190,95.73667600000287,2,1,2,0.02295799640705809
3191,95.76667600000287,1,1,2,0.01683399750618264
3192,95.79667600000288,1,1,2,0.01649999467190355
3193,95.82667600000288,1,1,1,0.01737500133458525
3194,95.85667600000288,1,1,1,0.01604200224392116
3195,95.88667600000288,1,1,1,0.015541998436674476
3196,95.91667600000288,1,1,1,0.014999997802078724
3197,95.94667600000288,1,1,1,0.016458005120512098
3198,95.97667600000288,1,1,1,0.014917000953573734
3199,96.00667600000288,1,1,1,0.015416997484862804
3200,96.03667600000288,1,0,2,0.009249997674487531
3201,96.06667600000289,0,0,2,0.0035000048228539526
3202,96.09667600000289,0,0,1,0.00325000291923061
3203,96.12667600000289,0,0,0,0.0022090025595389307
3204,96.15667600000289,0,0,0,0.000957996235229075
3205,96.18667600000289,0,0,0,0.0008330025593750179
3206,96.21667600000289,0,0,0,0.0008330025593750179
3207,96.24667600000289,0,0,0,0.0007499984349124134
3208,96.2766760000029,0,0,0,0.0007920025382190943
3209,96.3066760000029,0,0,0,0.0007499984349124134
3210,96.3366760000029,0,0,0,0.0007499984349124134
3211,96.3666760000029,0,0,0,0.0007089984137564898
3212,96.3966760000029,0,0,0,0.0007499984349124134
3213,96.4266760000029,0,0,0,0.0007089984137564898
3214,96.4566760000029,0,0,0,0.0007499984349124134
3215,96.4866760000029,0,0,0,0.0007499984349124134
3216,96.5166760000029,0,0,0,0.0007920025382190943
3217,96.5466760000029,0,0,0,0.0007499984349124134
3218,96.5766760000029,0,0,0,0.0007499984349124134
3219,96.6066760000029,1,0,1,0.008499999239575118
3220,96.63667600000291,1,0,1,0.009749994205776602
3221,96.66667600000291,1,0,1,0.016375000996049494
3222,96.69667600000291,2,0,2,0.022250002075452358
3223,96.72667600000291,2,1,2,0.025332999939564615
3224,96.75667600000291,2,2,2,0.030333001632243395
3225,96.78667600000291,1,1,2,0.017541999113745987
3226,96.81667600000291,2,2,2,0.03029200161108747
3227,96.84667600000292,1,1,2,0.017209000361617655
3228,96.87667600000292,2,2,2,0.1466249959776178
3229,96.90667600000292,1,1,2,0.01929200516315177
3230,96.93667600000292,1,1,2,0.017916994693223387
3231,96.96667600000292,0,0,1,0.004624998837243766
3232,96.99667600000292,0,0,1,0.0023329994291998446
3233,97.02667600000292,2,1,2,0.025875000574160367
3234,97.05667600000292,2,0,2,0.027417001547291875
3235,97.08667600000292,1,1,2,0.02195800334447995
3236,97.11667600000293,1,1,2,0.01920799695653841
3237,97.14667600000293,1,1,1,0.019750004867091775
3238,97.17667600000293,1,1,1,0.016750003851484507
3239,97.20667600000293,1,1,1,0.01683399750618264
3240,97.23667600000293,1,1,1,0.016332996892742813
3241,97.26667600000293,1,1,1,0.015708996215835214
3242,97.29667600000293,1,1,1,0.016167003195732832
3243,97.32667600000293,1,1,1,0.015958998119458556
3244,97.35667600000293,1,1,1,0.015124998753890395
3245,97.38667600000294,1,1,1,0.015666999388486147
3246,97.41667600000294,2,1,2,0.023458000214304775
3247,97.44667600000294,1,1,2,0.01708300260361284
3248,97.47667600000294,2,1,3,0.024541004677303135
3249,97.50667600000294,1,1,2,0.01983399852178991
3250,97.53667600000294,1,1,2,0.018042002920992672
3251,97.56667600000294,1,1,1,0.017416001355741173
3252,97.59667600000294,1,1,1,0.01529099972685799
3253,97.62667600000294,1,1,1,0.014999997802078724
3254,97.65667600000295,2,1,2,0.022667001758236438
3255,97.68667600000295,1,1,2,0.018040998838841915
3256,97.71667600000295,1,1,2,0.017958001990336925
3257,97.74667600000295,1,1,1,0.01745799818309024
3258,97.77667600000295,1,1,1,0.016500001947861165
3259,97.80667600000295,1,1,1,0.016083002265077084
3260,97.83667600000295,1,1,1,0.015583995264023542
3261,97.86667600000295,1,1,1,0.015124998753890395
3262,97.89667600000296,1,1,1,0.015500001609325409
3263,97.92667600000296,1,1,1,0.030916999094188213
3264,97.95667600000296,1,1,1,0.016500001947861165
3265,97.98667600000296,1,1,1,0.01591700129210949
3266,98.01667600000296,1,1,1,0.01570799940964207
3267,98.04667600000296,1,1,1,0.015666999388486147
3268,98.07667600000296,0,0,1,0.0027080022846348584
3269,98.10667600000296,1,1,1,0.01595900539541617
3270,98.13667600000296,1,1,1,0.01562500256113708
3271,98.16667600000297,0,0,1,0.002291999408043921
3272,98.19667600000297,0,0,1,0.002125001628883183
3273,98.22667600000297,0,0,0,0.002415996277704835
3274,98.25667600000297,0,0,0,0.0012920063454657793
3275,98.28667600000297,0,0,0,0.0009590003173798323
3276,98.31667600000297,0,0,0,0.0008330025593750179
3277,98.34667600000297,0,0,0,0.0007919952622614801
3278,98.37667600000297,0,0,0,0.0007499984349124134
3279,98.40667600000297,0,0,0,0.0007499984349124134
3280,98.43667600000298,0,0,0,0.0007090056897141039
3281,98.46667600000298,0,0,0,0.0007089984137564898
3282,98.49667600000298,0,0,0,0.0007499984349124134
3283,98.52667600000298,0,0,0,0.0007499984349124134
3284,98.55667600000298,0,0,0,0.0007920025382190943
3285,98.58667600000298,2,0,2,0.01770900416886434
3286,98.61667600000298,2,0,3,0.018541999452281743
3287,98.64667600000298,1,1,3,0.020042003598064184
3288,98.67667600000298,1,1,2,0.019958002667408437
3289,98.70667600000299,0,0,1,0.004082998202648014
3290,98.73667600000299,0,0,1,0.0025000044843181968
3291,98.76667600000299,1,0,1,0.017917001969181
3292,98.79667600000299,0,0,1,0.0027089990908280015
3293,98.82667600000299,0,0,1,0.0022500025806948543
3294,98.85667600000299,1,0,1,0.010584000847302377
3295,98.88667600000299,1,0,1,0.011167001503054053
3296,98.916676000003,1,0,1,0.01666600292082876
3297,98.946676000003,0,0,1,0.002458000381011516
3298,98.976676000003,1,1,1,0.01654100196901709
3299,99.006676000003,1,1,1,0.016749996575526893
3300,99.036676000003,1,1,1,0.01612499909242615
3301,99.066676000003,1,1,1,0.01604200224392116
3302,99.096676000003,1,1,1,0.01654199877521023
3303,99.126676000003,1,1,1,0.015916994016151875
3304,99.156676000003,1,1,1,0.01612499909242615
3305,99.186676000003,1,1,1,0.015583005733788013
3306,99.216676000003,1,1,1,0.015124998753890395
3307,99.246676000003,1,1,1,0.015291996533051133
3308,99.27667600000301,1,1,1,0.015208002878353
3309,99.30667600000301,1,1,1,0.016457997844554484
3310,99.33667600000301,1,1,1,0.01566599530633539
3311,99.36667600000301,2,1,2,0.022958003683015704
3312,99.39667600000301,1,1,2,0.018250000721309334
3313,99.42667600000301,1,1,2,0.017166996258310974
3314,99.45667600000301,0,0,1,0.003916000423487276
3315,99.48667600000302,1,1,1,0.016292004147544503
3316,99.51667600000302,1,1,1,0.015167002857197076
3317,99.54667600000302,1,1,1,0.014875004126224667
3318,99.57667600000302,1,1,1,0.014792000001762062
3319,99.60667600000302,1,1,1,0.028875001589767635
3320,99.63667600000302,1,1,1,0.015375000657513738
3321,99.66667600000302,0,0,1,0.0023750035325065255
3322,99.69667600000302,0,0,1,0.0022090025595389307
3323,99.72667600000302,0,0,0,0.002458000381011516
3324,99.75667600000303,0,0,0,0.0011250012903474271
3325,99.78667600000303,0,0,0,0.0009169962140731514
3326,99.81667600000303,0,0,0,0.000833999365568161
3327,99.84667600000303,0,0,0,0.0009170034900307655
3328,99.87667600000303,0,0,0,0.0007919952622614801
3329,99.90667600000303,0,0,0,0.0007499984349124134
3330,99.93667600000303,0,0,0,0.0008330025593750179
3331,99.96667600000303,0,0,0,0.0007499984349124134
3332,99.99667600000303,1,0,1,0.008292001439258456
3333,100.02667600000304,0,0,1,0.002415996277704835
3334,100.05667600000304,1,0,1,0.009540999599266797
3335,100.08667600000304,0,0,1,0.0024170003598555923
3336,100.11667600000304,1,1,1,0.016250000044237822
3337,100.14667600000304,1,1,1,0.01599999814061448
3338,100.17667600000304,1,1,1,0.016083002265077084
3339,100.20667600000304,2,1,2,0.02270800177939236
3340,100.23667600000304,2,1,2,0.025332999939564615
3341,100.26667600000305,1,1,2,0.018499995348975062
3342,100.29667600000305,2,1,2,0.030916999094188213
3343,100.32667600000305,1,1,2,0.02070800110232085
3344,100.35667600000305,2,1,3,0.024708999262657017
3345,100.38667600000305,2,1,3,0.037625002732966095
3346,100.41667600000305,1,1,3,0.020125000446569175
3347,100.44667600000305,1,1,2,0.019374994735699147
3348,100.47667600000305,1,1,1,0.0191670042113401
3349,100.50667600000305,1,1,1,0.01679100387264043
3350,100.53667600000306,1,1,1,0.016083999071270227
3351,100.56667600000306,1,1,1,0.01708300260361284
3352,100.59667600000306,1,1,1,0.016666999727021903
3353,100.62667600000306,1,1,1,0.016083002265077084
3354,100.65667600000306,1,1,1,0.015624995285179466
3355,100.68667600000306,1,1,1,0.015666002582293004
3356,100.71667600000306,0,0,1,0.002458000381011516
3357,100.74667600000306,1,1,1,0.017250000382773578
3358,100.77667600000306,1,1,1,0.016166995919775218
3359,100.80667600000307,1,1,1,0.01587499718880281
3360,100.83667600000307,0,0,1,0.0023329994291998446
3361,100.86667600000307,1,1,1,0.017209000361617655
3362,100.89667600000307,1,1,1,0.015624995285179466
3363,100.92667600000307,1,1,1,0.015792000340297818
3364,100.95667600000307,1,1,1,0.015458994312211871
3365,100.98667600000307,1,1,1,0.015666999388486147
3366,101.01667600000307,1,1,1,0.029916998755652457
3367,101.04667600000307,1,1,1,0.01654199877521023
3368,101.07667600000308,1,1,1,0.015333003830164671
3369,101.10667600000308,1,1,1,0.015124998753890395
3370,101.13667600000308,1,1,1,0.015624995285179466
3371,101.16667600000308,1,1,1,0.015375000657513738
3372,101.19667600000308,1,1,1,0.015875004464760423
3373,101.22667600000308,1,1,1,0.01570799940964207
3374,101.25667600000308,1,1,1,0.015249999705702066
3375,101.28667600000308,1,1,1,0.015375000657513738
3376,101.31667600000308,1,1,1,0.0149589977809228
3377,101.34667600000309,1,1,1,0.015083001926541328
3378,101.37667600000309,1,1,1,0.014707999071106315
3379,101.40667600000309,0,0,1,0.0025420013116672635
3380,101.43667600000309,0,0,1,0.0022079984773881733
3381,101.46667600000309,0,0,0,0.002458000381011516
3382,101.49667600000309,1,0,1,0.008542003342881799
3383,101.52667600000309,1,0,1,0.009959003364201635
3384,101.5566760000031,1,1,1,0.016292004147544503
3385,101.5866760000031,0,0,1,0.0024170003598555923
3386,101.6166760000031,0,0,1,0.002124994352925569
3387,101.6466760000031,0,0,0,0.0023329994291998446
3388,101.6766760000031,0,0,0,0.0011250012903474271
3389,101.7066760000031,0,0,0,0.0008749993867240846
3390,101.7366760000031,0,0,0,0.0008749993867240846
3391,101.7666760000031,0,0,0,0.000957996235229075
3392,101.7966760000031,0,0,0,0.0008330025593750179
3393,101.8266760000031,0,0,0,0.0007919952622614801
3394,101.8566760000031,0,0,0,0.0007499984349124134
3395,101.8866760000031,0,0,0,0.0007089984137564898
3396,101.91667600000311,0,0,0,0.0007499984349124134
3397,101.94667600000311,0,0,0,0.000790998456068337
3398,101.97667600000311,0,0,0,0.0007080016075633466
3399,102.00667600000311,0,0,0,0.0007920025382190943
3400,102.03667600000311,0,0,0,0.0007499984349124134
3401,102.06667600000311,0,0,0,0.0007499984349124134
3402,102.09667600000311,0,0,0,0.0007920025382190943
3403,102.12667600000312,0,0,0,0.0007919952622614801
3404,102.15667600000312,0,0,0,0.0007910057320259511
3405,102.18667600000312,0,0,0,0.0007499984349124134
3406,102.21667600000312,0,0,0,0.0007500057108700275
3407,102.24667600000312,0,0,0,0.0007080016075633466
3408,102.27667600000312,0,0,0,0.0007079943316057324
3409,102.30667600000312,0,0,0,0.0007499984349124134
3410,102.33667600000312,0,0,0,0.0007079943316057324
3411,102.36667600000312,0,0,0,0.0007080016075633466
3412,102.39667600000313,0,0,0,0.0007499984349124134
3413,102.42667600000313,0,0,0,0.0007910057320259511
3414,102.45667600000313,0,0,0,0.0007499984349124134
3415,102.48667600000313,0,0,0,0.0007920025382190943
3416,102.51667600000313,0,0,0,0.0007080016075633466
3417,102.54667600000313,0,0,0,0.0007499984349124134
3418,102.57667600000313,1,0,1,0.008791997970547527
3419,102.60667600000313,0,0,1,0.002125001628883183
3420,102.63667600000313,0,0,1,0.001791995600797236
3421,102.66667600000314,1,0,1,0.008625000191386789
3422,102.69667600000314,0,0,1,0.0020410006982274354
3423,102.72667600000314,0,0,1,0.001624997821636498
3424,102.75667600000314,0,0,0,0.0018330028979107738
3425,102.78667600000314,0,0,0,0.000833999365568161
3426,102.81667600000314,0,0,0,0.0007920025382190943
3427,102.84667600000314,0,0,0,0.0007080016075633466
3428,102.87667600000314,0,0,0,0.0007080016075633466
3429,102.90667600000315,0,0,0,0.000833999365568161
3430,102.93667600000315,1,0,1,0.006874994141981006
3431,102.96667600000315,1,0,1,0.009165996743831784
3432,102.99667600000315,1,0,1,0.016458005120512098
3433,103.02667600000315,2,0,2,0.023124994186218828
3434,103.05667600000315,1,1,2,0.017416001355741173
3435,103.08667600000315,1,1,2,0.018457998521625996
3436,103.11667600000315,1,1,1,0.019084000086877495
3437,103.14667600000315,0,0,1,0.0033329997677356005
3438,103.17667600000316,1,1,1,0.016167003195732832
3439,103.20667600000316,1,1,1,0.01587499718880281
3440,103.23667600000316,0,0,1,0.0026659981813281775
3441,103.26667600000316,1,0,2,0.009874995157588273
3442,103.29667600000316,0,0,1,0.004083005478605628
3443,103.32667600000316,0,0,1,0.001791995600797236
3444,103.35667600000316,0,0,0,0.0017920028767548501
3445,103.38667600000316,0,0,0,0.0011250012903474271
3446,103.41667600000316,1,0,1,0.0077500008046627045
3447,103.44667600000317,0,0,1,0.0017920028767548501
3448,103.47667600000317,0,0,1,0.0015410041669383645
3449,103.50667600000317,1,0,1,0.009625000529922545
3450,103.53667600000317,1,1,1,0.016125006368383765
3451,103.56667600000317,1,1,1,0.015624995285179466
3452,103.59667600000317,1,1,1,0.014958000974729657
3453,103.62667600000317,1,1,1,0.015334000636357814
3454,103.65667600000317,1,1,1,0.015334000636357814
3455,103.68667600000317,1,1,1,0.015291996533051133
3456,103.71667600000318,1,1,1,0.02937500539701432
3457,103.74667600000318,1,1,1,0.017291997210122645
3458,103.77667600000318,0,0,1,0.002624998160172254
3459,103.80667600000318,1,1,1,0.01575000351294875
3460,103.83667600000318,1,1,1,0.014958000974729657
3461,103.86667600000318,0,0,1,0.00224999530473724
3462,103.89667600000318,1,0,1,0.015167002857197076
3463,103.92667600000318,1,0,1,0.014915996871422976
3464,103.95667600000318,1,1,1,0.014875004126224667
3465,103.98667600000319,1,1,1,0.014666999049950391
3466,104.01667600000319,1,1,1,0.014750003174412996
3467,104.04667600000319,0,0,1,0.0022079984773881733
3468,104.07667600000319,1,0,1,0.015541998436674476
3469,104.10667600000319,1,1,1,0.015124998753890395
3470,104.13667600000319,1,1,1,0.014749995898455381
3471,104.16667600000319,2,1,2,0.02404100087005645
3472,104.1966760000032,2,1,2,0.025957997422665358
3473,104.2266760000032,1,1,2,0.020209001377224922
3474,104.2566760000032,1,1,2,0.018041995645035058
3475,104.2866760000032,2,1,2,0.025542001822032034
3476,104.3166760000032,2,0,3,0.019999999494757503
3477,104.3466760000032,1,1,3,0.018916005501523614
3478,104.3766760000032,1,1,2,0.019291997887194157
3479,104.4066760000032,1,1,1,0.01700000575510785
3480,104.4366760000032,1,1,1,0.014999997802078724
3481,104.4666760000032,1,1,1,0.015375000657513738
3482,104.4966760000032,2,1,2,0.02320900239283219
3483,104.5266760000032,1,1,2,0.016957994375843555
3484,104.55667600000321,1,1,2,0.016291000065393746
3485,104.58667600000321,1,1,1,0.017042002582456917
3486,104.61667600000321,1,0,2,0.00912499672267586
3487,104.64667600000321,1,1,2,0.01666600292082876
3488,104.67667600000321,1,1,2,0.01679199340287596
3489,104.70667600000321,1,1,1,0.016792000678833574
3490,104.73667600000321,1,1,1,0.01554200571263209
3491,104.76667600000322,2,1,2,0.02195800334447995
3492,104.79667600000322,2,1,2,0.043000000005122274
3493,104.82667600000322,0,0,2,0.004417001036927104
3494,104.85667600000322,2,2,2,0.03445900074439123
3495,104.88667600000322,1,1,2,0.01945799886016175
3496,104.91667600000322,2,2,2,0.0318750026053749
3497,104.94667600000322,0,0,2,0.004292000085115433
3498,104.97667600000322,1,1,2,0.018541999452281743
3499,105.00667600000322,2,2,2,0.03162500070175156
3500,105.03667600000323,1,0,3,0.01158300437964499
3501,105.06667600000323,3,2,3,0.043624997488223016
3502,105.09667600000323,3,1,4,0.04254100349498913
3503,105.12667600000323,3,2,4,0.05345899990061298
3504,105.15667600000323,0,0,4,0.006708003638777882
3505,105.18667600000323,1,1,3,0.02149999636458233
3506,105.21667600000323,2,2,3,0.033541000448167324
3507,105.24667600000323,2,2,3,0.03441699664108455
3508,105.27667600000323,1,1,3,0.018541999452281743
3509,105.30667600000324,2,1,3,0.03254199691582471
3510,105.33667600000324,1,1,2,0.019833001715596765
3511,105.36667600000324,1,1,2,0.019750004867091775
3512,105.39667600000324,1,0,2,0.020209001377224922
3513,105.42667600000324,0,0,2,0.0043339969124644995
3514,105.45667600000324,0,0,1,0.0038750004023313522
3515,105.48667600000324,0,0,0,0.0026669949875213206
3516,105.51667600000324,0,0,0,0.0011659940355457366
3517,105.54667600000325,0,0,0,0.000957996235229075
3518,105.57667600000325,0,0,0,0.0008329952834174037
3519,105.60667600000325,0,0,0,0.0007920025382190943
3520,105.63667600000325,0,0,0,0.0007499984349124134
3521,105.66667600000325,0,0,0,0.0008749993867240846
3522,105.69667600000325,0,0,0,0.0007499984349124134
3523,105.72667600000325,0,0,0,0.0007920025382190943
3524,105.75667600000325,0,0,0,0.0008750066626816988
3525,105.78667600000325,0,0,0,0.0008329952834174037
3526,105.81667600000326,0,0,0,0.0007079943316057324
3527,105.84667600000326,0,0,0,0.0007499984349124134
3528,105.87667600000326,0,0,0,0.0007499984349124134
3529,105.90667600000326,0,0,0,0.0007499984349124134
3530,105.93667600000326,0,0,0,0.0007499984349124134
3531,105.96667600000326,0,0,0,0.0007500057108700275
3532,105.99667600000326,0,0,0,0.0007920025382190943
3533,106.02667600000326,0,0,0,0.0007920025382190943
3534,106.05667600000326,0,0,0,0.0007500057108700275
3535,106.08667600000327,0,0,0,0.0007500057108700275
3536,106.11667600000327,0,0,0,0.0008330025593750179
3537,106.14667600000327,0,0,0,0.0007080016075633466
3538,106.17667600000327,0,0,0,0.0007080016075633466
3539,106.20667600000327,0,0,0,0.0007500057108700275
3540,106.23667600000327,0,0,0,0.0007500057108700275
3541,106.26667600000327,0,0,0,0.000790998456068337
3542,106.29667600000327,0,0,0,0.0007500057108700275
3543,106.32667600000327,0,0,0,0.0007920025382190943
3544,106.35667600000328,0,0,0,0.000790998456068337
3545,106.38667600000328,0,0,0,0.0007080016075633466
3546,106.41667600000328,0,0,0,0.0007079943316057324
3547,106.44667600000328,0,0,0,0.0007499984349124134
3548,106.47667600000328,0,0,0,0.0007499984349124134
3549,106.50667600000328,0,0,0,0.0007919952622614801
3550,106.53667600000328,1,0,1,0.00916700082598254
3551,106.56667600000328,0,0,1,0.0020000006770715117
3552,106.59667600000328,0,0,1,0.01504199462942779
3553,106.62667600000329,0,0,0,0.0019170038285665214
3554,106.65667600000329,0,0,0,0.0008749993867240846
3555,106.68667600000329,0,0,0,0.000790998456068337
3556,106.71667600000329,0,0,0,0.0007919952622614801
3557,106.74667600000329,0,0,0,0.0007920025382190943
3558,106.77667600000329,0,0,0,0.0007500057108700275
3559,106.80667600000329,1,0,1,0.007624999852851033
3560,106.8366760000033,0,0,1,0.0017499987734481692
3561,106.8666760000033,0,0,1,0.001624997821636498
3562,106.8966760000033,0,0,0,0.001791006070561707
3563,106.9266760000033,0,0,0,0.0008330025593750179
3564,106.9566760000033,0,0,0,0.0008330025593750179
3565,106.9866760000033,0,0,0,0.0007910057320259511
3566,107.0166760000033,0,0,0,0.0007920025382190943
3567,107.0466760000033,0,0,0,0.0007499984349124134
3568,107.0766760000033,0,0,0,0.0007499984349124134
3569,107.1066760000033,1,0,1,0.006999995093792677
3570,107.1366760000033,1,0,1,0.010042000212706625
3571,107.1666760000033,1,1,1,0.01737500133458525
3572,107.19667600000331,1,1,1,0.016750003851484507
3573,107.22667600000331,2,1,2,0.024041997676249593
3574,107.25667600000331,1,1,2,0.01779200101736933
3575,107.28667600000331,1,1,2,0.017166996258310974
3576,107.31667600000331,2,1,2,0.02487500023562461
3577,107.34667600000331,0,0,2,0.004083995008841157
3578,107.36556999999999,0,0,2,0.0032090028980746865
