frame,source_time_of_day_sec,source_filename
0,69380.222897,51/RGB/Video_51_19_16_20.222897.jpg
1,69380.25623,51/RGB/Video_51_19_16_20.256230.jpg
2,69380.289564,51/RGB/Video_51_19_16_20.289564.jpg
3,69380.322901,51/RGB/Video_51_19_16_20.322901.jpg
4,69380.356233,51/RGB/Video_51_19_16_20.356233.jpg
5,69380.389567,51/RGB/Video_51_19_16_20.389567.jpg
6,69380.4229,51/RGB/Video_51_19_16_20.422900.jpg
7,69380.456238,51/RGB/Video_51_19_16_20.456238.jpg
8,69380.489568,51/RGB/Video_51_19_16_20.489568.jpg
9,69380.522903,51/RGB/Video_51_19_16_20.522903.jpg
10,69380.556237,51/RGB/Video_51_19_16_20.556237.jpg
11,69380.589571,51/RGB/Video_51_19_16_20.589571.jpg
12,69380.622904,51/RGB/Video_51_19_16_20.622904.jpg
13,69380.656241,51/RGB/Video_51_19_16_20.656241.jpg
14,69380.689572,51/RGB/Video_51_19_16_20.689572.jpg
15,69380.722909,51/RGB/Video_51_19_16_20.722909.jpg
16,69380.756241,51/RGB/Video_51_19_16_20.756241.jpg
17,69380.789575,51/RGB/Video_51_19_16_20.789575.jpg
18,69380.822911,51/RGB/Video_51_19_16_20.822911.jpg
19,69380.856245,51/RGB/Video_51_19_16_20.856245.jpg
20,69380.889579,51/RGB/Video_51_19_16_20.889579.jpg
21,69380.922911,51/RGB/Video_51_19_16_20.922911.jpg
22,69380.956248,51/RGB/Video_51_19_16_20.956248.jpg
23,69380.989579,51/RGB/Video_51_19_16_20.989579.jpg
24,69381.022915,51/RGB/Video_51_19_16_21.022915.jpg
25,69381.056247,51/RGB/Video_51_19_16_21.056247.jpg
26,69381.089581,51/RGB/Video_51_19_16_21.089581.jpg
27,69381.122915,51/RGB/Video_51_19_16_21.122915.jpg
28,69381.156248,51/RGB/Video_51_19_16_21.156248.jpg
29,69381.189583,51/RGB/Video_51_19_16_21.189583.jpg
30,69381.222916,51/RGB/Video_51_19_16_21.222916.jpg
31,69381.256251,51/RGB/Video_51_19_16_21.256251.jpg
32,69381.289585,51/RGB/Video_51_19_16_21.289585.jpg
33,69381.322918,51/RGB/Video_51_19_16_21.322918.jpg
34,69381.356253,51/RGB/Video_51_19_16_21.356253.jpg
35,69381.389589,51/RGB/Video_51_19_16_21.389589.jpg
36,69381.422923,51/RGB/Video_51_19_16_21.422923.jpg
37,69381.456255,51/RGB/Video_51_19_16_21.456255.jpg
38,69381.489591,51/RGB/Video_51_19_16_21.489591.jpg
39,69381.522925,51/RGB/Video_51_19_16_21.522925.jpg
40,69381.556257,51/RGB/Video_51_19_16_21.556257.jpg
41,69381.589591,51/RGB/Video_51_19_16_21.589591.jpg
42,69381.622925,51/RGB/Video_51_19_16_21.622925.jpg
43,69381.656259,51/RGB/Video_51_19_16_21.656259.jpg
44,69381.689595,51/RGB/Video_51_19_16_21.689595.jpg
45,69381.722927,51/RGB/Video_51_19_16_21.722927.jpg
46,69381.756261,51/RGB/Video_51_19_16_21.756261.jpg
47,69381.789597,51/RGB/Video_51_19_16_21.789597.jpg
48,69381.822929,51/RGB/Video_51_19_16_21.822929.jpg
49,69381.856263,51/RGB/Video_51_19_16_21.856263.jpg
50,69381.889597,51/RGB/Video_51_19_16_21.889597.jpg
51,69381.922931,51/RGB/Video_51_19_16_21.922931.jpg
52,69381.956265,51/RGB/Video_51_19_16_21.956265.jpg
53,69381.989599,51/RGB/Video_51_19_16_21.989599.jpg
54,69382.023511,51/RGB/Video_51_19_16_22.023511.jpg
55,69382.056845,51/RGB/Video_51_19_16_22.056845.jpg
56,69382.090179,51/RGB/Video_51_19_16_22.090179.jpg
57,69382.123513,51/RGB/Video_51_19_16_22.123513.jpg
58,69382.156846,51/RGB/Video_51_19_16_22.156846.jpg
59,69382.190181,51/RGB/Video_51_19_16_22.190181.jpg
60,69382.223514,51/RGB/Video_51_19_16_22.223514.jpg
61,69382.256849,51/RGB/Video_51_19_16_22.256849.jpg
62,69382.290182,51/RGB/Video_51_19_16_22.290182.jpg
63,69382.323516,51/RGB/Video_51_19_16_22.323516.jpg
64,69382.356851,51/RGB/Video_51_19_16_22.356851.jpg
65,69382.390185,51/RGB/Video_51_19_16_22.390185.jpg
66,69382.42352,51/RGB/Video_51_19_16_22.423520.jpg
67,69382.456854,51/RGB/Video_51_19_16_22.456854.jpg
68,69382.490187,51/RGB/Video_51_19_16_22.490187.jpg
69,69382.523521,51/RGB/Video_51_19_16_22.523521.jpg
70,69382.556856,51/RGB/Video_51_19_16_22.556856.jpg
71,69382.59019,51/RGB/Video_51_19_16_22.590190.jpg
72,69382.623524,51/RGB/Video_51_19_16_22.623524.jpg
73,69382.656857,51/RGB/Video_51_19_16_22.656857.jpg
74,69382.690194,51/RGB/Video_51_19_16_22.690194.jpg
75,69382.723525,51/RGB/Video_51_19_16_22.723525.jpg
76,69382.756859,51/RGB/Video_51_19_16_22.756859.jpg
77,69382.790193,51/RGB/Video_51_19_16_22.790193.jpg
78,69382.823528,51/RGB/Video_51_19_16_22.823528.jpg
79,69382.856861,51/RGB/Video_51_19_16_22.856861.jpg
80,69382.890196,51/RGB/Video_51_19_16_22.890196.jpg
81,69382.92353,51/RGB/Video_51_19_16_22.923530.jpg
82,69382.956863,51/RGB/Video_51_19_16_22.956863.jpg
83,69382.990201,51/RGB/Video_51_19_16_22.990201.jpg
84,69383.023532,51/RGB/Video_51_19_16_23.023532.jpg
85,69383.056868,51/RGB/Video_51_19_16_23.056868.jpg
86,69383.090199,51/RGB/Video_51_19_16_23.090199.jpg
87,69383.123536,51/RGB/Video_51_19_16_23.123536.jpg
88,69383.15687,51/RGB/Video_51_19_16_23.156870.jpg
89,69383.190202,51/RGB/Video_51_19_16_23.190202.jpg
90,69383.223535,51/RGB/Video_51_19_16_23.223535.jpg
91,69383.25687,51/RGB/Video_51_19_16_23.256870.jpg
92,69383.290206,51/RGB/Video_51_19_16_23.290206.jpg
93,69383.32354,51/RGB/Video_51_19_16_23.323540.jpg
94,69383.356872,51/RGB/Video_51_19_16_23.356872.jpg
95,69383.390208,51/RGB/Video_51_19_16_23.390208.jpg
96,69383.42354,51/RGB/Video_51_19_16_23.423540.jpg
97,69383.456876,51/RGB/Video_51_19_16_23.456876.jpg
98,69383.490211,51/RGB/Video_51_19_16_23.490211.jpg
99,69383.523541,51/RGB/Video_51_19_16_23.523541.jpg
100,69383.556878,51/RGB/Video_51_19_16_23.556878.jpg
101,69383.59021,51/RGB/Video_51_19_16_23.590210.jpg
102,69383.623544,51/RGB/Video_51_19_16_23.623544.jpg
103,69383.656878,51/RGB/Video_51_19_16_23.656878.jpg
104,69383.690212,51/RGB/Video_51_19_16_23.690212.jpg
105,69383.723546,51/RGB/Video_51_19_16_23.723546.jpg
106,69383.75688,51/RGB/Video_51_19_16_23.756880.jpg
107,69383.790216,51/RGB/Video_51_19_16_23.790216.jpg
108,69383.823547,51/RGB/Video_51_19_16_23.823547.jpg
109,69383.856882,51/RGB/Video_51_19_16_23.856882.jpg
110,69383.890215,51/RGB/Video_51_19_16_23.890215.jpg
111,69383.923552,51/RGB/Video_51_19_16_23.923552.jpg
112,69383.956884,51/RGB/Video_51_19_16_23.956884.jpg
113,69383.99022,51/RGB/Video_51_19_16_23.990220.jpg
114,69384.023554,51/RGB/Video_51_19_16_24.023554.jpg
115,69384.056886,51/RGB/Video_51_19_16_24.056886.jpg
116,69384.09022,51/RGB/Video_51_19_16_24.090220.jpg
117,69384.123556,51/RGB/Video_51_19_16_24.123556.jpg
118,69384.156888,51/RGB/Video_51_19_16_24.156888.jpg
119,69384.190222,51/RGB/Video_51_19_16_24.190222.jpg
120,69384.223558,51/RGB/Video_51_19_16_24.223558.jpg
121,69384.25689,51/RGB/Video_51_19_16_24.256890.jpg
122,69384.290224,51/RGB/Video_51_19_16_24.290224.jpg
123,69384.32356,51/RGB/Video_51_19_16_24.323560.jpg
124,69384.356892,51/RGB/Video_51_19_16_24.356892.jpg
125,69384.390226,51/RGB/Video_51_19_16_24.390226.jpg
126,69384.423562,51/RGB/Video_51_19_16_24.423562.jpg
127,69384.456894,51/RGB/Video_51_19_16_24.456894.jpg
128,69384.490228,51/RGB/Video_51_19_16_24.490228.jpg
129,69384.523562,51/RGB/Video_51_19_16_24.523562.jpg
130,69384.556896,51/RGB/Video_51_19_16_24.556896.jpg
131,69384.59023,51/RGB/Video_51_19_16_24.590230.jpg
132,69384.623565,51/RGB/Video_51_19_16_24.623565.jpg
133,69384.656901,51/RGB/Video_51_19_16_24.656901.jpg
134,69384.690233,51/RGB/Video_51_19_16_24.690233.jpg
135,69384.723566,51/RGB/Video_51_19_16_24.723566.jpg
136,69384.756901,51/RGB/Video_51_19_16_24.756901.jpg
137,69384.790235,51/RGB/Video_51_19_16_24.790235.jpg
138,69384.823569,51/RGB/Video_51_19_16_24.823569.jpg
139,69384.856903,51/RGB/Video_51_19_16_24.856903.jpg
140,69384.890237,51/RGB/Video_51_19_16_24.890237.jpg
141,69384.923571,51/RGB/Video_51_19_16_24.923571.jpg
142,69384.956907,51/RGB/Video_51_19_16_24.956907.jpg
143,69384.990239,51/RGB/Video_51_19_16_24.990239.jpg
144,69385.023572,51/RGB/Video_51_19_16_25.023572.jpg
145,69385.056907,51/RGB/Video_51_19_16_25.056907.jpg
146,69385.090241,51/RGB/Video_51_19_16_25.090241.jpg
147,69385.123575,51/RGB/Video_51_19_16_25.123575.jpg
148,69385.156909,51/RGB/Video_51_19_16_25.156909.jpg
149,69385.190646,51/RGB/Video_51_19_16_25.190646.jpg
150,69385.223981,51/RGB/Video_51_19_16_25.223981.jpg
151,69385.257315,51/RGB/Video_51_19_16_25.257315.jpg
152,69385.290649,51/RGB/Video_51_19_16_25.290649.jpg
153,69385.323983,51/RGB/Video_51_19_16_25.323983.jpg
154,69385.357316,51/RGB/Video_51_19_16_25.357316.jpg
155,69385.390651,51/RGB/Video_51_19_16_25.390651.jpg
156,69385.423985,51/RGB/Video_51_19_16_25.423985.jpg
157,69385.457319,51/RGB/Video_51_19_16_25.457319.jpg
158,69385.490652,51/RGB/Video_51_19_16_25.490652.jpg
159,69385.523987,51/RGB/Video_51_19_16_25.523987.jpg
160,69385.557321,51/RGB/Video_51_19_16_25.557321.jpg
161,69385.590654,51/RGB/Video_51_19_16_25.590654.jpg
162,69385.623989,51/RGB/Video_51_19_16_25.623989.jpg
163,69385.657322,51/RGB/Video_51_19_16_25.657322.jpg
164,69385.690657,51/RGB/Video_51_19_16_25.690657.jpg
165,69385.723991,51/RGB/Video_51_19_16_25.723991.jpg
166,69385.757327,51/RGB/Video_51_19_16_25.757327.jpg
167,69385.790659,51/RGB/Video_51_19_16_25.790659.jpg
168,69385.823993,51/RGB/Video_51_19_16_25.823993.jpg
169,69385.857327,51/RGB/Video_51_19_16_25.857327.jpg
170,69385.890661,51/RGB/Video_51_19_16_25.890661.jpg
171,69385.923995,51/RGB/Video_51_19_16_25.923995.jpg
172,69385.957329,51/RGB/Video_51_19_16_25.957329.jpg
173,69385.990662,51/RGB/Video_51_19_16_25.990662.jpg
174,69386.023997,51/RGB/Video_51_19_16_26.023997.jpg
175,69386.05733,51/RGB/Video_51_19_16_26.057330.jpg
176,69386.090667,51/RGB/Video_51_19_16_26.090667.jpg
177,69386.123998,51/RGB/Video_51_19_16_26.123998.jpg
178,69386.157333,51/RGB/Video_51_19_16_26.157333.jpg
179,69386.190669,51/RGB/Video_51_19_16_26.190669.jpg
180,69386.224,51/RGB/Video_51_19_16_26.224000.jpg
181,69386.257338,51/RGB/Video_51_19_16_26.257338.jpg
182,69386.290669,51/RGB/Video_51_19_16_26.290669.jpg
183,69386.324003,51/RGB/Video_51_19_16_26.324003.jpg
184,69386.357339,51/RGB/Video_51_19_16_26.357339.jpg
185,69386.390673,51/RGB/Video_51_19_16_26.390673.jpg
186,69386.424007,51/RGB/Video_51_19_16_26.424007.jpg
187,69386.457339,51/RGB/Video_51_19_16_26.457339.jpg
188,69386.490673,51/RGB/Video_51_19_16_26.490673.jpg
189,69386.52401,51/RGB/Video_51_19_16_26.524010.jpg
190,69386.557341,51/RGB/Video_51_19_16_26.557341.jpg
191,69386.590675,51/RGB/Video_51_19_16_26.590675.jpg
192,69386.624009,51/RGB/Video_51_19_16_26.624009.jpg
193,69386.657343,51/RGB/Video_51_19_16_26.657343.jpg
194,69386.690677,51/RGB/Video_51_19_16_26.690677.jpg
195,69386.724011,51/RGB/Video_51_19_16_26.724011.jpg
196,69386.757345,51/RGB/Video_51_19_16_26.757345.jpg
197,69386.790679,51/RGB/Video_51_19_16_26.790679.jpg
198,69386.824015,51/RGB/Video_51_19_16_26.824015.jpg
199,69386.857349,51/RGB/Video_51_19_16_26.857349.jpg
200,69386.890681,51/RGB/Video_51_19_16_26.890681.jpg
201,69386.924014,51/RGB/Video_51_19_16_26.924014.jpg
202,69386.957349,51/RGB/Video_51_19_16_26.957349.jpg
203,69386.990683,51/RGB/Video_51_19_16_26.990683.jpg
204,69387.024017,51/RGB/Video_51_19_16_27.024017.jpg
205,69387.057353,51/RGB/Video_51_19_16_27.057353.jpg
206,69387.090685,51/RGB/Video_51_19_16_27.090685.jpg
207,69387.124019,51/RGB/Video_51_19_16_27.124019.jpg
208,69387.157356,51/RGB/Video_51_19_16_27.157356.jpg
209,69387.190687,51/RGB/Video_51_19_16_27.190687.jpg
210,69387.224021,51/RGB/Video_51_19_16_27.224021.jpg
211,69387.257357,51/RGB/Video_51_19_16_27.257357.jpg
212,69387.290691,51/RGB/Video_51_19_16_27.290691.jpg
213,69387.324023,51/RGB/Video_51_19_16_27.324023.jpg
214,69387.357356,51/RGB/Video_51_19_16_27.357356.jpg
215,69387.390693,51/RGB/Video_51_19_16_27.390693.jpg
216,69387.424027,51/RGB/Video_51_19_16_27.424027.jpg
217,69387.457361,51/RGB/Video_51_19_16_27.457361.jpg
218,69387.490693,51/RGB/Video_51_19_16_27.490693.jpg
219,69387.524029,51/RGB/Video_51_19_16_27.524029.jpg
220,69387.557361,51/RGB/Video_51_19_16_27.557361.jpg
221,69387.590694,51/RGB/Video_51_19_16_27.590694.jpg
222,69387.624031,51/RGB/Video_51_19_16_27.624031.jpg
223,69387.657365,51/RGB/Video_51_19_16_27.657365.jpg
224,69387.690697,51/RGB/Video_51_19_16_27.690697.jpg
225,69387.724031,51/RGB/Video_51_19_16_27.724031.jpg
226,69387.757365,51/RGB/Video_51_19_16_27.757365.jpg
227,69387.790699,51/RGB/Video_51_19_16_27.790699.jpg
228,69387.824033,51/RGB/Video_51_19_16_27.824033.jpg
229,69387.857367,51/RGB/Video_51_19_16_27.857367.jpg
230,69387.890701,51/RGB/Video_51_19_16_27.890701.jpg
231,69387.924038,51/RGB/Video_51_19_16_27.924038.jpg
232,69387.957369,51/RGB/Video_51_19_16_27.957369.jpg
233,69387.990705,51/RGB/Video_51_19_16_27.990705.jpg
234,69388.024039,51/RGB/Video_51_19_16_28.024039.jpg
235,69388.057371,51/RGB/Video_51_19_16_28.057371.jpg
236,69388.090705,51/RGB/Video_51_19_16_28.090705.jpg
237,69388.124038,51/RGB/Video_51_19_16_28.124038.jpg
238,69388.157373,51/RGB/Video_51_19_16_28.157373.jpg
239,69388.190707,51/RGB/Video_51_19_16_28.190707.jpg
240,69388.224041,51/RGB/Video_51_19_16_28.224041.jpg
241,69388.257375,51/RGB/Video_51_19_16_28.257375.jpg
242,69388.290709,51/RGB/Video_51_19_16_28.290709.jpg
243,69388.324046,51/RGB/Video_51_19_16_28.324046.jpg
244,69388.357377,51/RGB/Video_51_19_16_28.357377.jpg
245,69388.391879,51/RGB/Video_51_19_16_28.391879.jpg
246,69388.425213,51/RGB/Video_51_19_16_28.425213.jpg
247,69388.458548,51/RGB/Video_51_19_16_28.458548.jpg
248,69388.491885,51/RGB/Video_51_19_16_28.491885.jpg
249,69388.525215,51/RGB/Video_51_19_16_28.525215.jpg
250,69388.558549,51/RGB/Video_51_19_16_28.558549.jpg
251,69388.591884,51/RGB/Video_51_19_16_28.591884.jpg
252,69388.625218,51/RGB/Video_51_19_16_28.625218.jpg
253,69388.658552,51/RGB/Video_51_19_16_28.658552.jpg
254,69388.691886,51/RGB/Video_51_19_16_28.691886.jpg
255,69388.72522,51/RGB/Video_51_19_16_28.725220.jpg
256,69388.758553,51/RGB/Video_51_19_16_28.758553.jpg
257,69388.791887,51/RGB/Video_51_19_16_28.791887.jpg
258,69388.825221,51/RGB/Video_51_19_16_28.825221.jpg
259,69388.858556,51/RGB/Video_51_19_16_28.858556.jpg
260,69388.891915,51/RGB/Video_51_19_16_28.891915.jpg
261,69388.925245,51/RGB/Video_51_19_16_28.925245.jpg
262,69388.958579,51/RGB/Video_51_19_16_28.958579.jpg
263,69388.991913,51/RGB/Video_51_19_16_28.991913.jpg
264,69389.025248,51/RGB/Video_51_19_16_29.025248.jpg
265,69389.058582,51/RGB/Video_51_19_16_29.058582.jpg
266,69389.091953,51/RGB/Video_51_19_16_29.091953.jpg
267,69389.125286,51/RGB/Video_51_19_16_29.125286.jpg
268,69389.158621,51/RGB/Video_51_19_16_29.158621.jpg
269,69389.191955,51/RGB/Video_51_19_16_29.191955.jpg
270,69389.225288,51/RGB/Video_51_19_16_29.225288.jpg
271,69389.258623,51/RGB/Video_51_19_16_29.258623.jpg
272,69389.291957,51/RGB/Video_51_19_16_29.291957.jpg
273,69389.325294,51/RGB/Video_51_19_16_29.325294.jpg
274,69389.358627,51/RGB/Video_51_19_16_29.358627.jpg
275,69389.391961,51/RGB/Video_51_19_16_29.391961.jpg
276,69389.425295,51/RGB/Video_51_19_16_29.425295.jpg
277,69389.458627,51/RGB/Video_51_19_16_29.458627.jpg
278,69389.491961,51/RGB/Video_51_19_16_29.491961.jpg
279,69389.525297,51/RGB/Video_51_19_16_29.525297.jpg
280,69389.558629,51/RGB/Video_51_19_16_29.558629.jpg
281,69389.591965,51/RGB/Video_51_19_16_29.591965.jpg
282,69389.625296,51/RGB/Video_51_19_16_29.625296.jpg
283,69389.65863,51/RGB/Video_51_19_16_29.658630.jpg
284,69389.691967,51/RGB/Video_51_19_16_29.691967.jpg
285,69389.725299,51/RGB/Video_51_19_16_29.725299.jpg
286,69389.758636,51/RGB/Video_51_19_16_29.758636.jpg
287,69389.791969,51/RGB/Video_51_19_16_29.791969.jpg
288,69389.8253,51/RGB/Video_51_19_16_29.825300.jpg
289,69389.858637,51/RGB/Video_51_19_16_29.858637.jpg
290,69389.891969,51/RGB/Video_51_19_16_29.891969.jpg
291,69389.925302,51/RGB/Video_51_19_16_29.925302.jpg
292,69389.958637,51/RGB/Video_51_19_16_29.958637.jpg
293,69389.991973,51/RGB/Video_51_19_16_29.991973.jpg
294,69390.025305,51/RGB/Video_51_19_16_30.025305.jpg
295,69390.058641,51/RGB/Video_51_19_16_30.058641.jpg
296,69390.091975,51/RGB/Video_51_19_16_30.091975.jpg
297,69390.125309,51/RGB/Video_51_19_16_30.125309.jpg
298,69390.158643,51/RGB/Video_51_19_16_30.158643.jpg
299,69390.191977,51/RGB/Video_51_19_16_30.191977.jpg
300,69390.225309,51/RGB/Video_51_19_16_30.225309.jpg
301,69390.258642,51/RGB/Video_51_19_16_30.258642.jpg
302,69390.291977,51/RGB/Video_51_19_16_30.291977.jpg
303,69390.325311,51/RGB/Video_51_19_16_30.325311.jpg
304,69390.358647,51/RGB/Video_51_19_16_30.358647.jpg
305,69390.391979,51/RGB/Video_51_19_16_30.391979.jpg
306,69390.425313,51/RGB/Video_51_19_16_30.425313.jpg
307,69390.458647,51/RGB/Video_51_19_16_30.458647.jpg
308,69390.491981,51/RGB/Video_51_19_16_30.491981.jpg
309,69390.525314,51/RGB/Video_51_19_16_30.525314.jpg
310,69390.558649,51/RGB/Video_51_19_16_30.558649.jpg
311,69390.591983,51/RGB/Video_51_19_16_30.591983.jpg
312,69390.625317,51/RGB/Video_51_19_16_30.625317.jpg
313,69390.65865,51/RGB/Video_51_19_16_30.658650.jpg
314,69390.691987,51/RGB/Video_51_19_16_30.691987.jpg
315,69390.725319,51/RGB/Video_51_19_16_30.725319.jpg
316,69390.758655,51/RGB/Video_51_19_16_30.758655.jpg
317,69390.791989,51/RGB/Video_51_19_16_30.791989.jpg
318,69390.82532,51/RGB/Video_51_19_16_30.825320.jpg
319,69390.858655,51/RGB/Video_51_19_16_30.858655.jpg
320,69390.891988,51/RGB/Video_51_19_16_30.891988.jpg
321,69390.925323,51/RGB/Video_51_19_16_30.925323.jpg
322,69390.958659,51/RGB/Video_51_19_16_30.958659.jpg
323,69390.991993,51/RGB/Video_51_19_16_30.991993.jpg
324,69391.025325,51/RGB/Video_51_19_16_31.025325.jpg
325,69391.058659,51/RGB/Video_51_19_16_31.058659.jpg
326,69391.091994,51/RGB/Video_51_19_16_31.091994.jpg
327,69391.125327,51/RGB/Video_51_19_16_31.125327.jpg
328,69391.158661,51/RGB/Video_51_19_16_31.158661.jpg
329,69391.191995,51/RGB/Video_51_19_16_31.191995.jpg
330,69391.225331,51/RGB/Video_51_19_16_31.225331.jpg
331,69391.258665,51/RGB/Video_51_19_16_31.258665.jpg
332,69391.291999,51/RGB/Video_51_19_16_31.291999.jpg
333,69391.325333,51/RGB/Video_51_19_16_31.325333.jpg
334,69391.358665,51/RGB/Video_51_19_16_31.358665.jpg
335,69391.391999,51/RGB/Video_51_19_16_31.391999.jpg
336,69391.425335,51/RGB/Video_51_19_16_31.425335.jpg
337,69391.458669,51/RGB/Video_51_19_16_31.458669.jpg
338,69391.492001,51/RGB/Video_51_19_16_31.492001.jpg
339,69391.525334,51/RGB/Video_51_19_16_31.525334.jpg
340,69391.558669,51/RGB/Video_51_19_16_31.558669.jpg
341,69391.593048,51/RGB/Video_51_19_16_31.593048.jpg
342,69391.626383,51/RGB/Video_51_19_16_31.626383.jpg
343,69391.659795,51/RGB/Video_51_19_16_31.659795.jpg
344,69391.69313,51/RGB/Video_51_19_16_31.693130.jpg
345,69391.726464,51/RGB/Video_51_19_16_31.726464.jpg
346,69391.759798,51/RGB/Video_51_19_16_31.759798.jpg
347,69391.793132,51/RGB/Video_51_19_16_31.793132.jpg
348,69391.826465,51/RGB/Video_51_19_16_31.826465.jpg
349,69391.8598,51/RGB/Video_51_19_16_31.859800.jpg
350,69391.893134,51/RGB/Video_51_19_16_31.893134.jpg
351,69391.926468,51/RGB/Video_51_19_16_31.926468.jpg
352,69391.959802,51/RGB/Video_51_19_16_31.959802.jpg
353,69391.993136,51/RGB/Video_51_19_16_31.993136.jpg
354,69392.02647,51/RGB/Video_51_19_16_32.026470.jpg
355,69392.059804,51/RGB/Video_51_19_16_32.059804.jpg
356,69392.093138,51/RGB/Video_51_19_16_32.093138.jpg
357,69392.126472,51/RGB/Video_51_19_16_32.126472.jpg
358,69392.159805,51/RGB/Video_51_19_16_32.159805.jpg
359,69392.193139,51/RGB/Video_51_19_16_32.193139.jpg
360,69392.226474,51/RGB/Video_51_19_16_32.226474.jpg
361,69392.259808,51/RGB/Video_51_19_16_32.259808.jpg
362,69392.293143,51/RGB/Video_51_19_16_32.293143.jpg
363,69392.326477,51/RGB/Video_51_19_16_32.326477.jpg
364,69392.35981,51/RGB/Video_51_19_16_32.359810.jpg
365,69392.393147,51/RGB/Video_51_19_16_32.393147.jpg
366,69392.426478,51/RGB/Video_51_19_16_32.426478.jpg
367,69392.459813,51/RGB/Video_51_19_16_32.459813.jpg
368,69392.49315,51/RGB/Video_51_19_16_32.493150.jpg
369,69392.526484,51/RGB/Video_51_19_16_32.526484.jpg
370,69392.559815,51/RGB/Video_51_19_16_32.559815.jpg
371,69392.593149,51/RGB/Video_51_19_16_32.593149.jpg
372,69392.626483,51/RGB/Video_51_19_16_32.626483.jpg
373,69392.659819,51/RGB/Video_51_19_16_32.659819.jpg
374,69392.69315,51/RGB/Video_51_19_16_32.693150.jpg
375,69392.726487,51/RGB/Video_51_19_16_32.726487.jpg
376,69392.759818,51/RGB/Video_51_19_16_32.759818.jpg
377,69392.793152,51/RGB/Video_51_19_16_32.793152.jpg
378,69392.826487,51/RGB/Video_51_19_16_32.826487.jpg
379,69392.85982,51/RGB/Video_51_19_16_32.859820.jpg
380,69392.893157,51/RGB/Video_51_19_16_32.893157.jpg
381,69392.926489,51/RGB/Video_51_19_16_32.926489.jpg
382,69392.959825,51/RGB/Video_51_19_16_32.959825.jpg
383,69392.993159,51/RGB/Video_51_19_16_32.993159.jpg
384,69393.026491,51/RGB/Video_51_19_16_33.026491.jpg
385,69393.059825,51/RGB/Video_51_19_16_33.059825.jpg
386,69393.093159,51/RGB/Video_51_19_16_33.093159.jpg
387,69393.126492,51/RGB/Video_51_19_16_33.126492.jpg
388,69393.159829,51/RGB/Video_51_19_16_33.159829.jpg
389,69393.193161,51/RGB/Video_51_19_16_33.193161.jpg
390,69393.226495,51/RGB/Video_51_19_16_33.226495.jpg
391,69393.259829,51/RGB/Video_51_19_16_33.259829.jpg
392,69393.293163,51/RGB/Video_51_19_16_33.293163.jpg
393,69393.326497,51/RGB/Video_51_19_16_33.326497.jpg
394,69393.359831,51/RGB/Video_51_19_16_33.359831.jpg
395,69393.393165,51/RGB/Video_51_19_16_33.393165.jpg
396,69393.426501,51/RGB/Video_51_19_16_33.426501.jpg
397,69393.459835,51/RGB/Video_51_19_16_33.459835.jpg
398,69393.493167,51/RGB/Video_51_19_16_33.493167.jpg
399,69393.526503,51/RGB/Video_51_19_16_33.526503.jpg
400,69393.559837,51/RGB/Video_51_19_16_33.559837.jpg
401,69393.593171,51/RGB/Video_51_19_16_33.593171.jpg
402,69393.626503,51/RGB/Video_51_19_16_33.626503.jpg
403,69393.659837,51/RGB/Video_51_19_16_33.659837.jpg
404,69393.693171,51/RGB/Video_51_19_16_33.693171.jpg
405,69393.726505,51/RGB/Video_51_19_16_33.726505.jpg
406,69393.759839,51/RGB/Video_51_19_16_33.759839.jpg
407,69393.793173,51/RGB/Video_51_19_16_33.793173.jpg
408,69393.826507,51/RGB/Video_51_19_16_33.826507.jpg
409,69393.859843,51/RGB/Video_51_19_16_33.859843.jpg
410,69393.893177,51/RGB/Video_51_19_16_33.893177.jpg
411,69393.926509,51/RGB/Video_51_19_16_33.926509.jpg
412,69393.959843,51/RGB/Video_51_19_16_33.959843.jpg
413,69393.993179,51/RGB/Video_51_19_16_33.993179.jpg
414,69394.026513,51/RGB/Video_51_19_16_34.026513.jpg
415,69394.059847,51/RGB/Video_51_19_16_34.059847.jpg
416,69394.093181,51/RGB/Video_51_19_16_34.093181.jpg
417,69394.126513,51/RGB/Video_51_19_16_34.126513.jpg
418,69394.159846,51/RGB/Video_51_19_16_34.159846.jpg
419,69394.193181,51/RGB/Video_51_19_16_34.193181.jpg
420,69394.226515,51/RGB/Video_51_19_16_34.226515.jpg
421,69394.259851,51/RGB/Video_51_19_16_34.259851.jpg
422,69394.293185,51/RGB/Video_51_19_16_34.293185.jpg
423,69394.326517,51/RGB/Video_51_19_16_34.326517.jpg
424,69394.359853,51/RGB/Video_51_19_16_34.359853.jpg
425,69394.393187,51/RGB/Video_51_19_16_34.393187.jpg
426,69394.426521,51/RGB/Video_51_19_16_34.426521.jpg
427,69394.459853,51/RGB/Video_51_19_16_34.459853.jpg
428,69394.493187,51/RGB/Video_51_19_16_34.493187.jpg
429,69394.526521,51/RGB/Video_51_19_16_34.526521.jpg
430,69394.559854,51/RGB/Video_51_19_16_34.559854.jpg
431,69394.593189,51/RGB/Video_51_19_16_34.593189.jpg
432,69394.626524,51/RGB/Video_51_19_16_34.626524.jpg
433,69394.659857,51/RGB/Video_51_19_16_34.659857.jpg
434,69394.693191,51/RGB/Video_51_19_16_34.693191.jpg
435,69394.726525,51/RGB/Video_51_19_16_34.726525.jpg
436,69394.759859,51/RGB/Video_51_19_16_34.759859.jpg
437,69394.7932,51/RGB/Video_51_19_16_34.793200.jpg
438,69394.826535,51/RGB/Video_51_19_16_34.826535.jpg
439,69394.860107,51/RGB/Video_51_19_16_34.860107.jpg
440,69394.893441,51/RGB/Video_51_19_16_34.893441.jpg
441,69394.926774,51/RGB/Video_51_19_16_34.926774.jpg
442,69394.960108,51/RGB/Video_51_19_16_34.960108.jpg
443,69394.993443,51/RGB/Video_51_19_16_34.993443.jpg
444,69395.026776,51/RGB/Video_51_19_16_35.026776.jpg
445,69395.060111,51/RGB/Video_51_19_16_35.060111.jpg
446,69395.093445,51/RGB/Video_51_19_16_35.093445.jpg
447,69395.126779,51/RGB/Video_51_19_16_35.126779.jpg
448,69395.160113,51/RGB/Video_51_19_16_35.160113.jpg
449,69395.193447,51/RGB/Video_51_19_16_35.193447.jpg
450,69395.22678,51/RGB/Video_51_19_16_35.226780.jpg
451,69395.260115,51/RGB/Video_51_19_16_35.260115.jpg
452,69395.293449,51/RGB/Video_51_19_16_35.293449.jpg
453,69395.326782,51/RGB/Video_51_19_16_35.326782.jpg
454,69395.360117,51/RGB/Video_51_19_16_35.360117.jpg
455,69395.393451,51/RGB/Video_51_19_16_35.393451.jpg
456,69395.426784,51/RGB/Video_51_19_16_35.426784.jpg
457,69395.460119,51/RGB/Video_51_19_16_35.460119.jpg
458,69395.493453,51/RGB/Video_51_19_16_35.493453.jpg
459,69395.526786,51/RGB/Video_51_19_16_35.526786.jpg
460,69395.560121,51/RGB/Video_51_19_16_35.560121.jpg
461,69395.593454,51/RGB/Video_51_19_16_35.593454.jpg
462,69395.626789,51/RGB/Video_51_19_16_35.626789.jpg
463,69395.660123,51/RGB/Video_51_19_16_35.660123.jpg
464,69395.693456,51/RGB/Video_51_19_16_35.693456.jpg
465,69395.726793,51/RGB/Video_51_19_16_35.726793.jpg
466,69395.760125,51/RGB/Video_51_19_16_35.760125.jpg
467,69395.793458,51/RGB/Video_51_19_16_35.793458.jpg
468,69395.826792,51/RGB/Video_51_19_16_35.826792.jpg
469,69395.860129,51/RGB/Video_51_19_16_35.860129.jpg
470,69395.893463,51/RGB/Video_51_19_16_35.893463.jpg
471,69395.926798,51/RGB/Video_51_19_16_35.926798.jpg
472,69395.960128,51/RGB/Video_51_19_16_35.960128.jpg
473,69395.993465,51/RGB/Video_51_19_16_35.993465.jpg
474,69396.026796,51/RGB/Video_51_19_16_36.026796.jpg
475,69396.06013,51/RGB/Video_51_19_16_36.060130.jpg
476,69396.093465,51/RGB/Video_51_19_16_36.093465.jpg
477,69396.126799,51/RGB/Video_51_19_16_36.126799.jpg
478,69396.160135,51/RGB/Video_51_19_16_36.160135.jpg
479,69396.193467,51/RGB/Video_51_19_16_36.193467.jpg
480,69396.226803,51/RGB/Video_51_19_16_36.226803.jpg
481,69396.260137,51/RGB/Video_51_19_16_36.260137.jpg
482,69396.293471,51/RGB/Video_51_19_16_36.293471.jpg
483,69396.326803,51/RGB/Video_51_19_16_36.326803.jpg
484,69396.360137,51/RGB/Video_51_19_16_36.360137.jpg
485,69396.39347,51/RGB/Video_51_19_16_36.393470.jpg
486,69396.426805,51/RGB/Video_51_19_16_36.426805.jpg
487,69396.460141,51/RGB/Video_51_19_16_36.460141.jpg
488,69396.493473,51/RGB/Video_51_19_16_36.493473.jpg
489,69396.526807,51/RGB/Video_51_19_16_36.526807.jpg
490,69396.560143,51/RGB/Video_51_19_16_36.560143.jpg
491,69396.593477,51/RGB/Video_51_19_16_36.593477.jpg
492,69396.626809,51/RGB/Video_51_19_16_36.626809.jpg
493,69396.660143,51/RGB/Video_51_19_16_36.660143.jpg
494,69396.693477,51/RGB/Video_51_19_16_36.693477.jpg
495,69396.726813,51/RGB/Video_51_19_16_36.726813.jpg
496,69396.760147,51/RGB/Video_51_19_16_36.760147.jpg
497,69396.793479,51/RGB/Video_51_19_16_36.793479.jpg
498,69396.826813,51/RGB/Video_51_19_16_36.826813.jpg
499,69396.860149,51/RGB/Video_51_19_16_36.860149.jpg
500,69396.893483,51/RGB/Video_51_19_16_36.893483.jpg
501,69396.926815,51/RGB/Video_51_19_16_36.926815.jpg
502,69396.960149,51/RGB/Video_51_19_16_36.960149.jpg
503,69396.993482,51/RGB/Video_51_19_16_36.993482.jpg
504,69397.02682,51/RGB/Video_51_19_16_37.026820.jpg
505,69397.060151,51/RGB/Video_51_19_16_37.060151.jpg
506,69397.093488,51/RGB/Video_51_19_16_37.093488.jpg
507,69397.126822,51/RGB/Video_51_19_16_37.126822.jpg
508,69397.160153,51/RGB/Video_51_19_16_37.160153.jpg
509,69397.193488,51/RGB/Video_51_19_16_37.193488.jpg
510,69397.226824,51/RGB/Video_51_19_16_37.226824.jpg
511,69397.260156,51/RGB/Video_51_19_16_37.260156.jpg
512,69397.293489,51/RGB/Video_51_19_16_37.293489.jpg
513,69397.326824,51/RGB/Video_51_19_16_37.326824.jpg
514,69397.360157,51/RGB/Video_51_19_16_37.360157.jpg
515,69397.393492,51/RGB/Video_51_19_16_37.393492.jpg
516,69397.426825,51/RGB/Video_51_19_16_37.426825.jpg
517,69397.460162,51/RGB/Video_51_19_16_37.460162.jpg
518,69397.493494,51/RGB/Video_51_19_16_37.493494.jpg
519,69397.526827,51/RGB/Video_51_19_16_37.526827.jpg
520,69397.560162,51/RGB/Video_51_19_16_37.560162.jpg
521,69397.593496,51/RGB/Video_51_19_16_37.593496.jpg
522,69397.62683,51/RGB/Video_51_19_16_37.626830.jpg
523,69397.660164,51/RGB/Video_51_19_16_37.660164.jpg
524,69397.693498,51/RGB/Video_51_19_16_37.693498.jpg
525,69397.726834,51/RGB/Video_51_19_16_37.726834.jpg
526,69397.760168,51/RGB/Video_51_19_16_37.760168.jpg
527,69397.7935,51/RGB/Video_51_19_16_37.793500.jpg
528,69397.826834,51/RGB/Video_51_19_16_37.826834.jpg
529,69397.860167,51/RGB/Video_51_19_16_37.860167.jpg
530,69397.893502,51/RGB/Video_51_19_16_37.893502.jpg
531,69397.926836,51/RGB/Video_51_19_16_37.926836.jpg
532,69397.96017,51/RGB/Video_51_19_16_37.960170.jpg
533,69397.993503,51/RGB/Video_51_19_16_37.993503.jpg
534,69398.02684,51/RGB/Video_51_19_16_38.026840.jpg
535,69398.060177,51/RGB/Video_51_19_16_38.060177.jpg
536,69398.093512,51/RGB/Video_51_19_16_38.093512.jpg
537,69398.126845,51/RGB/Video_51_19_16_38.126845.jpg
538,69398.16018,51/RGB/Video_51_19_16_38.160180.jpg
539,69398.193514,51/RGB/Video_51_19_16_38.193514.jpg
540,69398.226848,51/RGB/Video_51_19_16_38.226848.jpg
541,69398.260182,51/RGB/Video_51_19_16_38.260182.jpg
542,69398.293516,51/RGB/Video_51_19_16_38.293516.jpg
543,69398.326849,51/RGB/Video_51_19_16_38.326849.jpg
544,69398.360184,51/RGB/Video_51_19_16_38.360184.jpg
545,69398.393517,51/RGB/Video_51_19_16_38.393517.jpg
546,69398.426852,51/RGB/Video_51_19_16_38.426852.jpg
547,69398.460185,51/RGB/Video_51_19_16_38.460185.jpg
548,69398.49352,51/RGB/Video_51_19_16_38.493520.jpg
549,69398.526854,51/RGB/Video_51_19_16_38.526854.jpg
550,69398.560187,51/RGB/Video_51_19_16_38.560187.jpg
551,69398.593522,51/RGB/Video_51_19_16_38.593522.jpg
552,69398.626855,51/RGB/Video_51_19_16_38.626855.jpg
553,69398.66019,51/RGB/Video_51_19_16_38.660190.jpg
554,69398.693523,51/RGB/Video_51_19_16_38.693523.jpg
555,69398.726867,51/RGB/Video_51_19_16_38.726867.jpg
556,69398.760202,51/RGB/Video_51_19_16_38.760202.jpg
557,69398.793536,51/RGB/Video_51_19_16_38.793536.jpg
558,69398.826869,51/RGB/Video_51_19_16_38.826869.jpg
559,69398.860203,51/RGB/Video_51_19_16_38.860203.jpg
560,69398.893537,51/RGB/Video_51_19_16_38.893537.jpg
561,69398.926874,51/RGB/Video_51_19_16_38.926874.jpg
562,69398.960205,51/RGB/Video_51_19_16_38.960205.jpg
563,69398.99354,51/RGB/Video_51_19_16_38.993540.jpg
564,69399.026888,51/RGB/Video_51_19_16_39.026888.jpg
565,69399.060211,51/RGB/Video_51_19_16_39.060211.jpg
566,69399.093542,51/RGB/Video_51_19_16_39.093542.jpg
567,69399.126875,51/RGB/Video_51_19_16_39.126875.jpg
568,69399.16021,51/RGB/Video_51_19_16_39.160210.jpg
569,69399.193547,51/RGB/Video_51_19_16_39.193547.jpg
570,69399.226878,51/RGB/Video_51_19_16_39.226878.jpg
571,69399.260214,51/RGB/Video_51_19_16_39.260214.jpg
572,69399.293546,51/RGB/Video_51_19_16_39.293546.jpg
573,69399.32688,51/RGB/Video_51_19_16_39.326880.jpg
574,69399.360214,51/RGB/Video_51_19_16_39.360214.jpg
575,69399.393547,51/RGB/Video_51_19_16_39.393547.jpg
576,69399.426882,51/RGB/Video_51_19_16_39.426882.jpg
577,69399.460218,51/RGB/Video_51_19_16_39.460218.jpg
578,69399.493549,51/RGB/Video_51_19_16_39.493549.jpg
579,69399.526884,51/RGB/Video_51_19_16_39.526884.jpg
580,69399.560217,51/RGB/Video_51_19_16_39.560217.jpg
581,69399.593552,51/RGB/Video_51_19_16_39.593552.jpg
582,69399.626886,51/RGB/Video_51_19_16_39.626886.jpg
583,69399.66022,51/RGB/Video_51_19_16_39.660220.jpg
584,69399.693554,51/RGB/Video_51_19_16_39.693554.jpg
585,69399.726888,51/RGB/Video_51_19_16_39.726888.jpg
586,69399.760222,51/RGB/Video_51_19_16_39.760222.jpg
587,69399.793556,51/RGB/Video_51_19_16_39.793556.jpg
588,69399.82689,51/RGB/Video_51_19_16_39.826890.jpg
589,69399.860223,51/RGB/Video_51_19_16_39.860223.jpg
590,69399.893557,51/RGB/Video_51_19_16_39.893557.jpg
591,69399.926891,51/RGB/Video_51_19_16_39.926891.jpg
592,69399.960226,51/RGB/Video_51_19_16_39.960226.jpg
593,69399.99356,51/RGB/Video_51_19_16_39.993560.jpg
594,69400.026896,51/RGB/Video_51_19_16_40.026896.jpg
595,69400.060227,51/RGB/Video_51_19_16_40.060227.jpg
596,69400.093562,51/RGB/Video_51_19_16_40.093562.jpg
597,69400.126895,51/RGB/Video_51_19_16_40.126895.jpg
598,69400.160232,51/RGB/Video_51_19_16_40.160232.jpg
599,69400.193564,51/RGB/Video_51_19_16_40.193564.jpg
600,69400.226898,51/RGB/Video_51_19_16_40.226898.jpg
601,69400.260231,51/RGB/Video_51_19_16_40.260231.jpg
602,69400.293565,51/RGB/Video_51_19_16_40.293565.jpg
603,69400.3269,51/RGB/Video_51_19_16_40.326900.jpg
604,69400.360236,51/RGB/Video_51_19_16_40.360236.jpg
605,69400.39357,51/RGB/Video_51_19_16_40.393570.jpg
606,69400.426904,51/RGB/Video_51_19_16_40.426904.jpg
607,69400.460238,51/RGB/Video_51_19_16_40.460238.jpg
608,69400.49357,51/RGB/Video_51_19_16_40.493570.jpg
609,69400.526906,51/RGB/Video_51_19_16_40.526906.jpg
610,69400.560238,51/RGB/Video_51_19_16_40.560238.jpg
611,69400.593572,51/RGB/Video_51_19_16_40.593572.jpg
612,69400.626905,51/RGB/Video_51_19_16_40.626905.jpg
613,69400.66024,51/RGB/Video_51_19_16_40.660240.jpg
614,69400.693576,51/RGB/Video_51_19_16_40.693576.jpg
615,69400.726907,51/RGB/Video_51_19_16_40.726907.jpg
616,69400.760241,51/RGB/Video_51_19_16_40.760241.jpg
617,69400.793576,51/RGB/Video_51_19_16_40.793576.jpg
618,69400.82691,51/RGB/Video_51_19_16_40.826910.jpg
619,69400.860246,51/RGB/Video_51_19_16_40.860246.jpg
620,69400.893578,51/RGB/Video_51_19_16_40.893578.jpg
621,69400.926914,51/RGB/Video_51_19_16_40.926914.jpg
622,69400.960246,51/RGB/Video_51_19_16_40.960246.jpg
623,69400.993582,51/RGB/Video_51_19_16_40.993582.jpg
624,69401.026916,51/RGB/Video_51_19_16_41.026916.jpg
625,69401.060247,51/RGB/Video_51_19_16_41.060247.jpg
626,69401.093584,51/RGB/Video_51_19_16_41.093584.jpg
627,69401.126916,51/RGB/Video_51_19_16_41.126916.jpg
628,69401.16025,51/RGB/Video_51_19_16_41.160250.jpg
629,69401.193584,51/RGB/Video_51_19_16_41.193584.jpg
630,69401.226918,51/RGB/Video_51_19_16_41.226918.jpg
631,69401.260252,51/RGB/Video_51_19_16_41.260252.jpg
632,69401.293586,51/RGB/Video_51_19_16_41.293586.jpg
633,69401.326919,51/RGB/Video_51_19_16_41.326919.jpg
634,69401.360348,51/RGB/Video_51_19_16_41.360348.jpg
635,69401.393683,51/RGB/Video_51_19_16_41.393683.jpg
636,69401.427116,51/RGB/Video_51_19_16_41.427116.jpg
637,69401.460451,51/RGB/Video_51_19_16_41.460451.jpg
638,69401.493784,51/RGB/Video_51_19_16_41.493784.jpg
639,69401.527119,51/RGB/Video_51_19_16_41.527119.jpg
640,69401.560453,51/RGB/Video_51_19_16_41.560453.jpg
641,69401.593787,51/RGB/Video_51_19_16_41.593787.jpg
642,69401.62712,51/RGB/Video_51_19_16_41.627120.jpg
643,69401.660455,51/RGB/Video_51_19_16_41.660455.jpg
644,69401.69379,51/RGB/Video_51_19_16_41.693790.jpg
645,69401.727124,51/RGB/Video_51_19_16_41.727124.jpg
646,69401.760458,51/RGB/Video_51_19_16_41.760458.jpg
647,69401.793792,51/RGB/Video_51_19_16_41.793792.jpg
648,69401.827126,51/RGB/Video_51_19_16_41.827126.jpg
649,69401.860459,51/RGB/Video_51_19_16_41.860459.jpg
650,69401.893793,51/RGB/Video_51_19_16_41.893793.jpg
651,69401.927127,51/RGB/Video_51_19_16_41.927127.jpg
652,69401.960462,51/RGB/Video_51_19_16_41.960462.jpg
653,69401.993795,51/RGB/Video_51_19_16_41.993795.jpg
654,69402.027129,51/RGB/Video_51_19_16_42.027129.jpg
655,69402.060464,51/RGB/Video_51_19_16_42.060464.jpg
656,69402.093798,51/RGB/Video_51_19_16_42.093798.jpg
657,69402.127132,51/RGB/Video_51_19_16_42.127132.jpg
658,69402.160465,51/RGB/Video_51_19_16_42.160465.jpg
659,69402.193799,51/RGB/Video_51_19_16_42.193799.jpg
660,69402.227133,51/RGB/Video_51_19_16_42.227133.jpg
661,69402.260467,51/RGB/Video_51_19_16_42.260467.jpg
662,69402.293802,51/RGB/Video_51_19_16_42.293802.jpg
663,69402.327136,51/RGB/Video_51_19_16_42.327136.jpg
664,69402.360474,51/RGB/Video_51_19_16_42.360474.jpg
665,69402.393805,51/RGB/Video_51_19_16_42.393805.jpg
666,69402.427139,51/RGB/Video_51_19_16_42.427139.jpg
667,69402.460475,51/RGB/Video_51_19_16_42.460475.jpg
668,69402.493809,51/RGB/Video_51_19_16_42.493809.jpg
669,69402.527141,51/RGB/Video_51_19_16_42.527141.jpg
670,69402.560475,51/RGB/Video_51_19_16_42.560475.jpg
671,69402.593809,51/RGB/Video_51_19_16_42.593809.jpg
672,69402.627145,51/RGB/Video_51_19_16_42.627145.jpg
673,69402.66048,51/RGB/Video_51_19_16_42.660480.jpg
674,69402.693811,51/RGB/Video_51_19_16_42.693811.jpg
675,69402.727147,51/RGB/Video_51_19_16_42.727147.jpg
676,69402.760478,51/RGB/Video_51_19_16_42.760478.jpg
677,69402.793813,51/RGB/Video_51_19_16_42.793813.jpg
678,69402.827147,51/RGB/Video_51_19_16_42.827147.jpg
679,69402.860481,51/RGB/Video_51_19_16_42.860481.jpg
680,69402.893818,51/RGB/Video_51_19_16_42.893818.jpg
681,69402.927151,51/RGB/Video_51_19_16_42.927151.jpg
682,69402.960483,51/RGB/Video_51_19_16_42.960483.jpg
683,69402.993819,51/RGB/Video_51_19_16_42.993819.jpg
684,69403.027151,51/RGB/Video_51_19_16_43.027151.jpg
685,69403.060485,51/RGB/Video_51_19_16_43.060485.jpg
686,69403.093821,51/RGB/Video_51_19_16_43.093821.jpg
687,69403.127153,51/RGB/Video_51_19_16_43.127153.jpg
688,69403.160486,51/RGB/Video_51_19_16_43.160486.jpg
689,69403.19382,51/RGB/Video_51_19_16_43.193820.jpg
690,69403.227155,51/RGB/Video_51_19_16_43.227155.jpg
691,69403.260489,51/RGB/Video_51_19_16_43.260489.jpg
692,69403.293823,51/RGB/Video_51_19_16_43.293823.jpg
693,69403.327157,51/RGB/Video_51_19_16_43.327157.jpg
694,69403.360491,51/RGB/Video_51_19_16_43.360491.jpg
695,69403.393825,51/RGB/Video_51_19_16_43.393825.jpg
696,69403.427161,51/RGB/Video_51_19_16_43.427161.jpg
697,69403.460493,51/RGB/Video_51_19_16_43.460493.jpg
698,69403.493829,51/RGB/Video_51_19_16_43.493829.jpg
699,69403.527161,51/RGB/Video_51_19_16_43.527161.jpg
700,69403.560497,51/RGB/Video_51_19_16_43.560497.jpg
701,69403.593829,51/RGB/Video_51_19_16_43.593829.jpg
702,69403.627163,51/RGB/Video_51_19_16_43.627163.jpg
703,69403.660497,51/RGB/Video_51_19_16_43.660497.jpg
704,69403.69383,51/RGB/Video_51_19_16_43.693830.jpg
705,69403.727167,51/RGB/Video_51_19_16_43.727167.jpg
706,69403.760499,51/RGB/Video_51_19_16_43.760499.jpg
707,69403.793835,51/RGB/Video_51_19_16_43.793835.jpg
708,69403.827166,51/RGB/Video_51_19_16_43.827166.jpg
709,69403.860501,51/RGB/Video_51_19_16_43.860501.jpg
710,69403.893837,51/RGB/Video_51_19_16_43.893837.jpg
711,69403.927169,51/RGB/Video_51_19_16_43.927169.jpg
712,69403.960503,51/RGB/Video_51_19_16_43.960503.jpg
713,69403.993837,51/RGB/Video_51_19_16_43.993837.jpg
714,69404.027171,51/RGB/Video_51_19_16_44.027171.jpg
715,69404.060505,51/RGB/Video_51_19_16_44.060505.jpg
716,69404.09384,51/RGB/Video_51_19_16_44.093840.jpg
717,69404.127173,51/RGB/Video_51_19_16_44.127173.jpg
718,69404.160509,51/RGB/Video_51_19_16_44.160509.jpg
719,69404.193843,51/RGB/Video_51_19_16_44.193843.jpg
720,69404.227175,51/RGB/Video_51_19_16_44.227175.jpg
721,69404.260509,51/RGB/Video_51_19_16_44.260509.jpg
722,69404.293843,51/RGB/Video_51_19_16_44.293843.jpg
723,69404.327177,51/RGB/Video_51_19_16_44.327177.jpg
724,69404.36051,51/RGB/Video_51_19_16_44.360510.jpg
725,69404.393845,51/RGB/Video_51_19_16_44.393845.jpg
726,69404.427179,51/RGB/Video_51_19_16_44.427179.jpg
727,69404.460513,51/RGB/Video_51_19_16_44.460513.jpg
728,69404.493847,51/RGB/Video_51_19_16_44.493847.jpg
729,69404.527184,51/RGB/Video_51_19_16_44.527184.jpg
730,69404.560515,51/RGB/Video_51_19_16_44.560515.jpg
731,69404.593851,51/RGB/Video_51_19_16_44.593851.jpg
732,69404.627183,51/RGB/Video_51_19_16_44.627183.jpg
733,69404.660517,51/RGB/Video_51_19_16_44.660517.jpg
734,69404.693945,51/RGB/Video_51_19_16_44.693945.jpg
735,69404.727279,51/RGB/Video_51_19_16_44.727279.jpg
736,69404.760612,51/RGB/Video_51_19_16_44.760612.jpg
737,69404.793946,51/RGB/Video_51_19_16_44.793946.jpg
738,69404.82728,51/RGB/Video_51_19_16_44.827280.jpg
739,69404.860614,51/RGB/Video_51_19_16_44.860614.jpg
740,69404.893949,51/RGB/Video_51_19_16_44.893949.jpg
741,69404.927282,51/RGB/Video_51_19_16_44.927282.jpg
742,69404.960617,51/RGB/Video_51_19_16_44.960617.jpg
743,69404.99395,51/RGB/Video_51_19_16_44.993950.jpg
744,69405.027284,51/RGB/Video_51_19_16_45.027284.jpg
745,69405.060618,51/RGB/Video_51_19_16_45.060618.jpg
746,69405.093955,51/RGB/Video_51_19_16_45.093955.jpg
747,69405.127287,51/RGB/Video_51_19_16_45.127287.jpg
748,69405.160621,51/RGB/Video_51_19_16_45.160621.jpg
749,69405.193955,51/RGB/Video_51_19_16_45.193955.jpg
750,69405.227289,51/RGB/Video_51_19_16_45.227289.jpg
751,69405.260622,51/RGB/Video_51_19_16_45.260622.jpg
752,69405.293957,51/RGB/Video_51_19_16_45.293957.jpg
753,69405.327291,51/RGB/Video_51_19_16_45.327291.jpg
754,69405.360625,51/RGB/Video_51_19_16_45.360625.jpg
755,69405.393959,51/RGB/Video_51_19_16_45.393959.jpg
756,69405.427292,51/RGB/Video_51_19_16_45.427292.jpg
757,69405.460626,51/RGB/Video_51_19_16_45.460626.jpg
758,69405.493961,51/RGB/Video_51_19_16_45.493961.jpg
759,69405.527294,51/RGB/Video_51_19_16_45.527294.jpg
760,69405.560632,51/RGB/Video_51_19_16_45.560632.jpg
761,69405.593967,51/RGB/Video_51_19_16_45.593967.jpg
762,69405.627297,51/RGB/Video_51_19_16_45.627297.jpg
763,69405.660631,51/RGB/Video_51_19_16_45.660631.jpg
764,69405.693967,51/RGB/Video_51_19_16_45.693967.jpg
765,69405.727299,51/RGB/Video_51_19_16_45.727299.jpg
766,69405.760636,51/RGB/Video_51_19_16_45.760636.jpg
767,69405.79397,51/RGB/Video_51_19_16_45.793970.jpg
768,69405.827301,51/RGB/Video_51_19_16_45.827301.jpg
769,69405.860637,51/RGB/Video_51_19_16_45.860637.jpg
770,69405.893969,51/RGB/Video_51_19_16_45.893969.jpg
771,69405.927303,51/RGB/Video_51_19_16_45.927303.jpg
772,69405.960637,51/RGB/Video_51_19_16_45.960637.jpg
773,69405.993971,51/RGB/Video_51_19_16_45.993971.jpg
774,69406.027304,51/RGB/Video_51_19_16_46.027304.jpg
775,69406.060639,51/RGB/Video_51_19_16_46.060639.jpg
776,69406.093973,51/RGB/Video_51_19_16_46.093973.jpg
777,69406.127307,51/RGB/Video_51_19_16_46.127307.jpg
778,69406.16064,51/RGB/Video_51_19_16_46.160640.jpg
779,69406.193975,51/RGB/Video_51_19_16_46.193975.jpg
780,69406.227312,51/RGB/Video_51_19_16_46.227312.jpg
781,69406.260643,51/RGB/Video_51_19_16_46.260643.jpg
782,69406.29398,51/RGB/Video_51_19_16_46.293980.jpg
783,69406.327313,51/RGB/Video_51_19_16_46.327313.jpg
784,69406.360645,51/RGB/Video_51_19_16_46.360645.jpg
785,69406.393981,51/RGB/Video_51_19_16_46.393981.jpg
786,69406.427313,51/RGB/Video_51_19_16_46.427313.jpg
787,69406.460649,51/RGB/Video_51_19_16_46.460649.jpg
788,69406.493983,51/RGB/Video_51_19_16_46.493983.jpg
789,69406.527317,51/RGB/Video_51_19_16_46.527317.jpg
790,69406.560651,51/RGB/Video_51_19_16_46.560651.jpg
791,69406.593983,51/RGB/Video_51_19_16_46.593983.jpg
792,69406.627319,51/RGB/Video_51_19_16_46.627319.jpg
793,69406.660651,51/RGB/Video_51_19_16_46.660651.jpg
794,69406.693985,51/RGB/Video_51_19_16_46.693985.jpg
795,69406.727318,51/RGB/Video_51_19_16_46.727318.jpg
796,69406.760653,51/RGB/Video_51_19_16_46.760653.jpg
797,69406.793989,51/RGB/Video_51_19_16_46.793989.jpg
798,69406.827321,51/RGB/Video_51_19_16_46.827321.jpg
799,69406.860657,51/RGB/Video_51_19_16_46.860657.jpg
800,69406.893989,51/RGB/Video_51_19_16_46.893989.jpg
801,69406.927322,51/RGB/Video_51_19_16_46.927322.jpg
802,69406.960659,51/RGB/Video_51_19_16_46.960659.jpg
803,69406.993991,51/RGB/Video_51_19_16_46.993991.jpg
804,69407.027325,51/RGB/Video_51_19_16_47.027325.jpg
805,69407.060661,51/RGB/Video_51_19_16_47.060661.jpg
806,69407.093993,51/RGB/Video_51_19_16_47.093993.jpg
807,69407.127327,51/RGB/Video_51_19_16_47.127327.jpg
808,69407.160661,51/RGB/Video_51_19_16_47.160661.jpg
809,69407.193997,51/RGB/Video_51_19_16_47.193997.jpg
810,69407.227329,51/RGB/Video_51_19_16_47.227329.jpg
811,69407.260663,51/RGB/Video_51_19_16_47.260663.jpg
812,69407.293997,51/RGB/Video_51_19_16_47.293997.jpg
813,69407.32733,51/RGB/Video_51_19_16_47.327330.jpg
814,69407.360664,51/RGB/Video_51_19_16_47.360664.jpg
815,69407.393998,51/RGB/Video_51_19_16_47.393998.jpg
816,69407.427333,51/RGB/Video_51_19_16_47.427333.jpg
817,69407.460667,51/RGB/Video_51_19_16_47.460667.jpg
818,69407.494003,51/RGB/Video_51_19_16_47.494003.jpg
819,69407.527335,51/RGB/Video_51_19_16_47.527335.jpg
820,69407.560671,51/RGB/Video_51_19_16_47.560671.jpg
821,69407.594003,51/RGB/Video_51_19_16_47.594003.jpg
822,69407.627339,51/RGB/Video_51_19_16_47.627339.jpg
823,69407.660671,51/RGB/Video_51_19_16_47.660671.jpg
824,69407.694005,51/RGB/Video_51_19_16_47.694005.jpg
825,69407.727339,51/RGB/Video_51_19_16_47.727339.jpg
826,69407.760673,51/RGB/Video_51_19_16_47.760673.jpg
827,69407.794007,51/RGB/Video_51_19_16_47.794007.jpg
828,69407.827341,51/RGB/Video_51_19_16_47.827341.jpg
829,69407.860678,51/RGB/Video_51_19_16_47.860678.jpg
830,69407.894008,51/RGB/Video_51_19_16_47.894008.jpg
831,69407.927343,51/RGB/Video_51_19_16_47.927343.jpg
832,69407.960677,51/RGB/Video_51_19_16_47.960677.jpg
833,69407.994011,51/RGB/Video_51_19_16_47.994011.jpg
834,69408.027345,51/RGB/Video_51_19_16_48.027345.jpg
835,69408.060678,51/RGB/Video_51_19_16_48.060678.jpg
836,69408.094012,51/RGB/Video_51_19_16_48.094012.jpg
837,69408.127349,51/RGB/Video_51_19_16_48.127349.jpg
838,69408.160681,51/RGB/Video_51_19_16_48.160681.jpg
839,69408.194015,51/RGB/Video_51_19_16_48.194015.jpg
840,69408.227349,51/RGB/Video_51_19_16_48.227349.jpg
841,69408.260682,51/RGB/Video_51_19_16_48.260682.jpg
842,69408.294017,51/RGB/Video_51_19_16_48.294017.jpg
843,69408.32735,51/RGB/Video_51_19_16_48.327350.jpg
844,69408.360684,51/RGB/Video_51_19_16_48.360684.jpg
845,69408.394018,51/RGB/Video_51_19_16_48.394018.jpg
846,69408.427353,51/RGB/Video_51_19_16_48.427353.jpg
847,69408.460687,51/RGB/Video_51_19_16_48.460687.jpg
848,69408.49402,51/RGB/Video_51_19_16_48.494020.jpg
849,69408.527355,51/RGB/Video_51_19_16_48.527355.jpg
850,69408.560718,51/RGB/Video_51_19_16_48.560718.jpg
851,69408.594052,51/RGB/Video_51_19_16_48.594052.jpg
852,69408.627385,51/RGB/Video_51_19_16_48.627385.jpg
853,69408.660719,51/RGB/Video_51_19_16_48.660719.jpg
854,69408.694054,51/RGB/Video_51_19_16_48.694054.jpg
855,69408.727387,51/RGB/Video_51_19_16_48.727387.jpg
856,69408.760722,51/RGB/Video_51_19_16_48.760722.jpg
857,69408.794056,51/RGB/Video_51_19_16_48.794056.jpg
858,69408.82739,51/RGB/Video_51_19_16_48.827390.jpg
859,69408.860724,51/RGB/Video_51_19_16_48.860724.jpg
860,69408.894061,51/RGB/Video_51_19_16_48.894061.jpg
861,69408.927392,51/RGB/Video_51_19_16_48.927392.jpg
862,69408.960728,51/RGB/Video_51_19_16_48.960728.jpg
863,69408.994062,51/RGB/Video_51_19_16_48.994062.jpg
864,69409.027394,51/RGB/Video_51_19_16_49.027394.jpg
865,69409.060728,51/RGB/Video_51_19_16_49.060728.jpg
866,69409.094062,51/RGB/Video_51_19_16_49.094062.jpg
867,69409.127398,51/RGB/Video_51_19_16_49.127398.jpg
868,69409.16073,51/RGB/Video_51_19_16_49.160730.jpg
869,69409.194064,51/RGB/Video_51_19_16_49.194064.jpg
870,69409.227398,51/RGB/Video_51_19_16_49.227398.jpg
871,69409.260732,51/RGB/Video_51_19_16_49.260732.jpg
872,69409.294066,51/RGB/Video_51_19_16_49.294066.jpg
873,69409.3274,51/RGB/Video_51_19_16_49.327400.jpg
874,69409.360734,51/RGB/Video_51_19_16_49.360734.jpg
875,69409.394068,51/RGB/Video_51_19_16_49.394068.jpg
876,69409.427402,51/RGB/Video_51_19_16_49.427402.jpg
877,69409.460736,51/RGB/Video_51_19_16_49.460736.jpg
878,69409.49407,51/RGB/Video_51_19_16_49.494070.jpg
879,69409.527406,51/RGB/Video_51_19_16_49.527406.jpg
880,69409.56074,51/RGB/Video_51_19_16_49.560740.jpg
881,69409.594072,51/RGB/Video_51_19_16_49.594072.jpg
882,69409.627407,51/RGB/Video_51_19_16_49.627407.jpg
883,69409.66074,51/RGB/Video_51_19_16_49.660740.jpg
884,69409.694076,51/RGB/Video_51_19_16_49.694076.jpg
885,69409.727408,51/RGB/Video_51_19_16_49.727408.jpg
886,69409.760742,51/RGB/Video_51_19_16_49.760742.jpg
887,69409.794078,51/RGB/Video_51_19_16_49.794078.jpg
888,69409.82741,51/RGB/Video_51_19_16_49.827410.jpg
889,69409.860744,51/RGB/Video_51_19_16_49.860744.jpg
890,69409.894077,51/RGB/Video_51_19_16_49.894077.jpg
891,69409.927414,51/RGB/Video_51_19_16_49.927414.jpg
892,69409.960745,51/RGB/Video_51_19_16_49.960745.jpg
893,69409.99408,51/RGB/Video_51_19_16_49.994080.jpg
894,69410.027414,51/RGB/Video_51_19_16_50.027414.jpg
895,69410.060751,51/RGB/Video_51_19_16_50.060751.jpg
896,69410.094081,51/RGB/Video_51_19_16_50.094081.jpg
897,69410.127418,51/RGB/Video_51_19_16_50.127418.jpg
898,69410.160752,51/RGB/Video_51_19_16_50.160752.jpg
899,69410.194083,51/RGB/Video_51_19_16_50.194083.jpg
900,69410.227418,51/RGB/Video_51_19_16_50.227418.jpg
901,69410.260751,51/RGB/Video_51_19_16_50.260751.jpg
902,69410.294088,51/RGB/Video_51_19_16_50.294088.jpg
903,69410.32742,51/RGB/Video_51_19_16_50.327420.jpg
904,69410.360754,51/RGB/Video_51_19_16_50.360754.jpg
905,69410.394088,51/RGB/Video_51_19_16_50.394088.jpg
906,69410.427423,51/RGB/Video_51_19_16_50.427423.jpg
907,69410.460756,51/RGB/Video_51_19_16_50.460756.jpg
908,69410.49409,51/RGB/Video_51_19_16_50.494090.jpg
909,69410.527424,51/RGB/Video_51_19_16_50.527424.jpg
910,69410.560758,51/RGB/Video_51_19_16_50.560758.jpg
911,69410.594095,51/RGB/Video_51_19_16_50.594095.jpg
912,69410.627425,51/RGB/Video_51_19_16_50.627425.jpg
913,69410.66076,51/RGB/Video_51_19_16_50.660760.jpg
914,69410.694094,51/RGB/Video_51_19_16_50.694094.jpg
915,69410.72743,51/RGB/Video_51_19_16_50.727430.jpg
916,69410.760762,51/RGB/Video_51_19_16_50.760762.jpg
917,69410.794096,51/RGB/Video_51_19_16_50.794096.jpg
918,69410.82743,51/RGB/Video_51_19_16_50.827430.jpg
919,69410.860764,51/RGB/Video_51_19_16_50.860764.jpg
920,69410.894097,51/RGB/Video_51_19_16_50.894097.jpg
921,69410.927434,51/RGB/Video_51_19_16_50.927434.jpg
922,69410.960765,51/RGB/Video_51_19_16_50.960765.jpg
923,69410.9941,51/RGB/Video_51_19_16_50.994100.jpg
924,69411.027434,51/RGB/Video_51_19_16_51.027434.jpg
925,69411.06077,51/RGB/Video_51_19_16_51.060770.jpg
926,69411.094102,51/RGB/Video_51_19_16_51.094102.jpg
927,69411.127436,51/RGB/Video_51_19_16_51.127436.jpg
928,69411.16077,51/RGB/Video_51_19_16_51.160770.jpg
929,69411.194104,51/RGB/Video_51_19_16_51.194104.jpg
930,69411.227438,51/RGB/Video_51_19_16_51.227438.jpg
931,69411.261202,51/RGB/Video_51_19_16_51.261202.jpg
932,69411.294535,51/RGB/Video_51_19_16_51.294535.jpg
933,69411.327869,51/RGB/Video_51_19_16_51.327869.jpg
934,69411.361203,51/RGB/Video_51_19_16_51.361203.jpg
935,69411.394538,51/RGB/Video_51_19_16_51.394538.jpg
936,69411.427871,51/RGB/Video_51_19_16_51.427871.jpg
937,69411.461206,51/RGB/Video_51_19_16_51.461206.jpg
938,69411.494539,51/RGB/Video_51_19_16_51.494539.jpg
939,69411.527874,51/RGB/Video_51_19_16_51.527874.jpg
940,69411.561208,51/RGB/Video_51_19_16_51.561208.jpg
941,69411.594541,51/RGB/Video_51_19_16_51.594541.jpg
942,69411.627876,51/RGB/Video_51_19_16_51.627876.jpg
943,69411.66121,51/RGB/Video_51_19_16_51.661210.jpg
944,69411.694544,51/RGB/Video_51_19_16_51.694544.jpg
945,69411.727877,51/RGB/Video_51_19_16_51.727877.jpg
946,69411.761214,51/RGB/Video_51_19_16_51.761214.jpg
947,69411.794546,51/RGB/Video_51_19_16_51.794546.jpg
948,69411.827879,51/RGB/Video_51_19_16_51.827879.jpg
949,69411.861213,51/RGB/Video_51_19_16_51.861213.jpg
950,69411.894548,51/RGB/Video_51_19_16_51.894548.jpg
951,69411.927881,51/RGB/Video_51_19_16_51.927881.jpg
952,69411.96122,51/RGB/Video_51_19_16_51.961220.jpg
953,69411.994554,51/RGB/Video_51_19_16_51.994554.jpg
954,69412.027887,51/RGB/Video_51_19_16_52.027887.jpg
955,69412.061222,51/RGB/Video_51_19_16_52.061222.jpg
956,69412.094555,51/RGB/Video_51_19_16_52.094555.jpg
957,69412.12789,51/RGB/Video_51_19_16_52.127890.jpg
958,69412.161224,51/RGB/Video_51_19_16_52.161224.jpg
959,69412.19456,51/RGB/Video_51_19_16_52.194560.jpg
960,69412.227891,51/RGB/Video_51_19_16_52.227891.jpg
961,69412.261225,51/RGB/Video_51_19_16_52.261225.jpg
962,69412.29456,51/RGB/Video_51_19_16_52.294560.jpg
963,69412.327894,51/RGB/Video_51_19_16_52.327894.jpg
964,69412.361228,51/RGB/Video_51_19_16_52.361228.jpg
965,69412.394562,51/RGB/Video_51_19_16_52.394562.jpg
966,69412.427896,51/RGB/Video_51_19_16_52.427896.jpg
967,69412.461232,51/RGB/Video_51_19_16_52.461232.jpg
968,69412.494564,51/RGB/Video_51_19_16_52.494564.jpg
969,69412.527898,51/RGB/Video_51_19_16_52.527898.jpg
970,69412.561232,51/RGB/Video_51_19_16_52.561232.jpg
971,69412.594566,51/RGB/Video_51_19_16_52.594566.jpg
972,69412.627903,51/RGB/Video_51_19_16_52.627903.jpg
973,69412.661234,51/RGB/Video_51_19_16_52.661234.jpg
974,69412.694567,51/RGB/Video_51_19_16_52.694567.jpg
975,69412.727904,51/RGB/Video_51_19_16_52.727904.jpg
976,69412.761236,51/RGB/Video_51_19_16_52.761236.jpg
977,69412.79457,51/RGB/Video_51_19_16_52.794570.jpg
978,69412.827906,51/RGB/Video_51_19_16_52.827906.jpg
979,69412.861238,51/RGB/Video_51_19_16_52.861238.jpg
980,69412.894574,51/RGB/Video_51_19_16_52.894574.jpg
981,69412.927906,51/RGB/Video_51_19_16_52.927906.jpg
982,69412.96124,51/RGB/Video_51_19_16_52.961240.jpg
983,69412.994574,51/RGB/Video_51_19_16_52.994574.jpg
984,69413.027908,51/RGB/Video_51_19_16_53.027908.jpg
985,69413.061244,51/RGB/Video_51_19_16_53.061244.jpg
986,69413.094575,51/RGB/Video_51_19_16_53.094575.jpg
987,69413.12791,51/RGB/Video_51_19_16_53.127910.jpg
988,69413.161246,51/RGB/Video_51_19_16_53.161246.jpg
989,69413.194581,51/RGB/Video_51_19_16_53.194581.jpg
990,69413.227911,51/RGB/Video_51_19_16_53.227911.jpg
991,69413.261248,51/RGB/Video_51_19_16_53.261248.jpg
992,69413.294582,51/RGB/Video_51_19_16_53.294582.jpg
993,69413.327914,51/RGB/Video_51_19_16_53.327914.jpg
994,69413.361248,51/RGB/Video_51_19_16_53.361248.jpg
995,69413.394581,51/RGB/Video_51_19_16_53.394581.jpg
996,69413.427918,51/RGB/Video_51_19_16_53.427918.jpg
997,69413.46125,51/RGB/Video_51_19_16_53.461250.jpg
998,69413.494584,51/RGB/Video_51_19_16_53.494584.jpg
999,69413.527918,51/RGB/Video_51_19_16_53.527918.jpg
1000,69413.561252,51/RGB/Video_51_19_16_53.561252.jpg
1001,69413.594586,51/RGB/Video_51_19_16_53.594586.jpg
1002,69413.627922,51/RGB/Video_51_19_16_53.627922.jpg
1003,69413.661254,51/RGB/Video_51_19_16_53.661254.jpg
1004,69413.694588,51/RGB/Video_51_19_16_53.694588.jpg
1005,69413.727922,51/RGB/Video_51_19_16_53.727922.jpg
1006,69413.761256,51/RGB/Video_51_19_16_53.761256.jpg
1007,69413.79459,51/RGB/Video_51_19_16_53.794590.jpg
1008,69413.827924,51/RGB/Video_51_19_16_53.827924.jpg
1009,69413.861258,51/RGB/Video_51_19_16_53.861258.jpg
1010,69413.894592,51/RGB/Video_51_19_16_53.894592.jpg
1011,69413.927926,51/RGB/Video_51_19_16_53.927926.jpg
1012,69413.96126,51/RGB/Video_51_19_16_53.961260.jpg
1013,69413.994596,51/RGB/Video_51_19_16_53.994596.jpg
1014,69414.02793,51/RGB/Video_51_19_16_54.027930.jpg
1015,69414.061264,51/RGB/Video_51_19_16_54.061264.jpg
1016,69414.094595,51/RGB/Video_51_19_16_54.094595.jpg
1017,69414.127933,51/RGB/Video_51_19_16_54.127933.jpg
1018,69414.161264,51/RGB/Video_51_19_16_54.161264.jpg
1019,69414.194598,51/RGB/Video_51_19_16_54.194598.jpg
1020,69414.227934,51/RGB/Video_51_19_16_54.227934.jpg
1021,69414.261266,51/RGB/Video_51_19_16_54.261266.jpg
1022,69414.2946,51/RGB/Video_51_19_16_54.294600.jpg
1023,69414.327933,51/RGB/Video_51_19_16_54.327933.jpg
1024,69414.361268,51/RGB/Video_51_19_16_54.361268.jpg
1025,69414.394602,51/RGB/Video_51_19_16_54.394602.jpg
1026,69414.427936,51/RGB/Video_51_19_16_54.427936.jpg
1027,69414.46127,51/RGB/Video_51_19_16_54.461270.jpg
1028,69414.494604,51/RGB/Video_51_19_16_54.494604.jpg
1029,69414.528217,51/RGB/Video_51_19_16_54.528217.jpg
1030,69414.56155,51/RGB/Video_51_19_16_54.561550.jpg
1031,69414.594885,51/RGB/Video_51_19_16_54.594885.jpg
1032,69414.628218,51/RGB/Video_51_19_16_54.628218.jpg
1033,69414.661552,51/RGB/Video_51_19_16_54.661552.jpg
1034,69414.694887,51/RGB/Video_51_19_16_54.694887.jpg
1035,69414.72822,51/RGB/Video_51_19_16_54.728220.jpg
1036,69414.761555,51/RGB/Video_51_19_16_54.761555.jpg
1037,69414.794889,51/RGB/Video_51_19_16_54.794889.jpg
1038,69414.828223,51/RGB/Video_51_19_16_54.828223.jpg
1039,69414.861557,51/RGB/Video_51_19_16_54.861557.jpg
1040,69414.894891,51/RGB/Video_51_19_16_54.894891.jpg
1041,69414.928224,51/RGB/Video_51_19_16_54.928224.jpg
1042,69414.961558,51/RGB/Video_51_19_16_54.961558.jpg
1043,69414.994892,51/RGB/Video_51_19_16_54.994892.jpg
1044,69415.028227,51/RGB/Video_51_19_16_55.028227.jpg
1045,69415.06156,51/RGB/Video_51_19_16_55.061560.jpg
1046,69415.094894,51/RGB/Video_51_19_16_55.094894.jpg
1047,69415.128228,51/RGB/Video_51_19_16_55.128228.jpg
1048,69415.161563,51/RGB/Video_51_19_16_55.161563.jpg
1049,69415.194897,51/RGB/Video_51_19_16_55.194897.jpg
1050,69415.228231,51/RGB/Video_51_19_16_55.228231.jpg
1051,69415.261565,51/RGB/Video_51_19_16_55.261565.jpg
1052,69415.294899,51/RGB/Video_51_19_16_55.294899.jpg
1053,69415.328233,51/RGB/Video_51_19_16_55.328233.jpg
1054,69415.361567,51/RGB/Video_51_19_16_55.361567.jpg
1055,69415.394904,51/RGB/Video_51_19_16_55.394904.jpg
1056,69415.428236,51/RGB/Video_51_19_16_55.428236.jpg
1057,69415.461572,51/RGB/Video_51_19_16_55.461572.jpg
1058,69415.494904,51/RGB/Video_51_19_16_55.494904.jpg
1059,69415.528238,51/RGB/Video_51_19_16_55.528238.jpg
1060,69415.561572,51/RGB/Video_51_19_16_55.561572.jpg
1061,69415.594905,51/RGB/Video_51_19_16_55.594905.jpg
1062,69415.62824,51/RGB/Video_51_19_16_55.628240.jpg
1063,69415.661574,51/RGB/Video_51_19_16_55.661574.jpg
1064,69415.694908,51/RGB/Video_51_19_16_55.694908.jpg
1065,69415.728245,51/RGB/Video_51_19_16_55.728245.jpg
1066,69415.761576,51/RGB/Video_51_19_16_55.761576.jpg
1067,69415.794909,51/RGB/Video_51_19_16_55.794909.jpg
1068,69415.828244,51/RGB/Video_51_19_16_55.828244.jpg
1069,69415.861577,51/RGB/Video_51_19_16_55.861577.jpg
1070,69415.894914,51/RGB/Video_51_19_16_55.894914.jpg
1071,69415.928248,51/RGB/Video_51_19_16_55.928248.jpg
1072,69415.961579,51/RGB/Video_51_19_16_55.961579.jpg
1073,69415.994914,51/RGB/Video_51_19_16_55.994914.jpg
1074,69416.028248,51/RGB/Video_51_19_16_56.028248.jpg
1075,69416.061584,51/RGB/Video_51_19_16_56.061584.jpg
1076,69416.094916,51/RGB/Video_51_19_16_56.094916.jpg
1077,69416.12825,51/RGB/Video_51_19_16_56.128250.jpg
1078,69416.161584,51/RGB/Video_51_19_16_56.161584.jpg
1079,69416.194918,51/RGB/Video_51_19_16_56.194918.jpg
1080,69416.228251,51/RGB/Video_51_19_16_56.228251.jpg
1081,69416.261589,51/RGB/Video_51_19_16_56.261589.jpg
1082,69416.29492,51/RGB/Video_51_19_16_56.294920.jpg
1083,69416.328254,51/RGB/Video_51_19_16_56.328254.jpg
1084,69416.36159,51/RGB/Video_51_19_16_56.361590.jpg
1085,69416.394922,51/RGB/Video_51_19_16_56.394922.jpg
1086,69416.428256,51/RGB/Video_51_19_16_56.428256.jpg
1087,69416.461593,51/RGB/Video_51_19_16_56.461593.jpg
1088,69416.494923,51/RGB/Video_51_19_16_56.494923.jpg
1089,69416.528261,51/RGB/Video_51_19_16_56.528261.jpg
1090,69416.561592,51/RGB/Video_51_19_16_56.561592.jpg
1091,69416.594926,51/RGB/Video_51_19_16_56.594926.jpg
1092,69416.628263,51/RGB/Video_51_19_16_56.628263.jpg
1093,69416.661593,51/RGB/Video_51_19_16_56.661593.jpg
1094,69416.69493,51/RGB/Video_51_19_16_56.694930.jpg
1095,69416.728262,51/RGB/Video_51_19_16_56.728262.jpg
1096,69416.761596,51/RGB/Video_51_19_16_56.761596.jpg
1097,69416.794929,51/RGB/Video_51_19_16_56.794929.jpg
1098,69416.828266,51/RGB/Video_51_19_16_56.828266.jpg
1099,69416.8616,51/RGB/Video_51_19_16_56.861600.jpg
1100,69416.894932,51/RGB/Video_51_19_16_56.894932.jpg
1101,69416.928268,51/RGB/Video_51_19_16_56.928268.jpg
1102,69416.9616,51/RGB/Video_51_19_16_56.961600.jpg
1103,69416.994936,51/RGB/Video_51_19_16_56.994936.jpg
1104,69417.028268,51/RGB/Video_51_19_16_57.028268.jpg
1105,69417.061605,51/RGB/Video_51_19_16_57.061605.jpg
1106,69417.094936,51/RGB/Video_51_19_16_57.094936.jpg
1107,69417.128273,51/RGB/Video_51_19_16_57.128273.jpg
1108,69417.161603,51/RGB/Video_51_19_16_57.161603.jpg
1109,69417.194941,51/RGB/Video_51_19_16_57.194941.jpg
1110,69417.228272,51/RGB/Video_51_19_16_57.228272.jpg
1111,69417.261606,51/RGB/Video_51_19_16_57.261606.jpg
1112,69417.29494,51/RGB/Video_51_19_16_57.294940.jpg
1113,69417.328277,51/RGB/Video_51_19_16_57.328277.jpg
1114,69417.361607,51/RGB/Video_51_19_16_57.361607.jpg
1115,69417.394944,51/RGB/Video_51_19_16_57.394944.jpg
1116,69417.428278,51/RGB/Video_51_19_16_57.428278.jpg
1117,69417.46161,51/RGB/Video_51_19_16_57.461610.jpg
1118,69417.494944,51/RGB/Video_51_19_16_57.494944.jpg
1119,69417.528278,51/RGB/Video_51_19_16_57.528278.jpg
1120,69417.561614,51/RGB/Video_51_19_16_57.561614.jpg
1121,69417.594946,51/RGB/Video_51_19_16_57.594946.jpg
1122,69417.62828,51/RGB/Video_51_19_16_57.628280.jpg
1123,69417.661614,51/RGB/Video_51_19_16_57.661614.jpg
1124,69417.695574,51/RGB/Video_51_19_16_57.695574.jpg
1125,69417.728914,51/RGB/Video_51_19_16_57.728914.jpg
1126,69417.762249,51/RGB/Video_51_19_16_57.762249.jpg
1127,69417.795583,51/RGB/Video_51_19_16_57.795583.jpg
1128,69417.828917,51/RGB/Video_51_19_16_57.828917.jpg
1129,69417.862251,51/RGB/Video_51_19_16_57.862251.jpg
1130,69417.895585,51/RGB/Video_51_19_16_57.895585.jpg
1131,69417.928918,51/RGB/Video_51_19_16_57.928918.jpg
1132,69417.962253,51/RGB/Video_51_19_16_57.962253.jpg
1133,69417.995587,51/RGB/Video_51_19_16_57.995587.jpg
1134,69418.028922,51/RGB/Video_51_19_16_58.028922.jpg
1135,69418.062256,51/RGB/Video_51_19_16_58.062256.jpg
1136,69418.09559,51/RGB/Video_51_19_16_58.095590.jpg
1137,69418.128927,51/RGB/Video_51_19_16_58.128927.jpg
1138,69418.162257,51/RGB/Video_51_19_16_58.162257.jpg
1139,69418.195592,51/RGB/Video_51_19_16_58.195592.jpg
1140,69418.228925,51/RGB/Video_51_19_16_58.228925.jpg
1141,69418.262259,51/RGB/Video_51_19_16_58.262259.jpg
1142,69418.295594,51/RGB/Video_51_19_16_58.295594.jpg
1143,69418.328928,51/RGB/Video_51_19_16_58.328928.jpg
1144,69418.362262,51/RGB/Video_51_19_16_58.362262.jpg
1145,69418.395611,51/RGB/Video_51_19_16_58.395611.jpg
1146,69418.428945,51/RGB/Video_51_19_16_58.428945.jpg
1147,69418.462279,51/RGB/Video_51_19_16_58.462279.jpg
1148,69418.495613,51/RGB/Video_51_19_16_58.495613.jpg
1149,69418.528947,51/RGB/Video_51_19_16_58.528947.jpg
1150,69418.562281,51/RGB/Video_51_19_16_58.562281.jpg
1151,69418.595615,51/RGB/Video_51_19_16_58.595615.jpg
1152,69418.628949,51/RGB/Video_51_19_16_58.628949.jpg
1153,69418.662282,51/RGB/Video_51_19_16_58.662282.jpg
1154,69418.695617,51/RGB/Video_51_19_16_58.695617.jpg
1155,69418.728951,51/RGB/Video_51_19_16_58.728951.jpg
1156,69418.762285,51/RGB/Video_51_19_16_58.762285.jpg
1157,69418.795618,51/RGB/Video_51_19_16_58.795618.jpg
1158,69418.828956,51/RGB/Video_51_19_16_58.828956.jpg
1159,69418.862289,51/RGB/Video_51_19_16_58.862289.jpg
1160,69418.895621,51/RGB/Video_51_19_16_58.895621.jpg
1161,69418.928955,51/RGB/Video_51_19_16_58.928955.jpg
1162,69418.962289,51/RGB/Video_51_19_16_58.962289.jpg
1163,69418.995622,51/RGB/Video_51_19_16_58.995622.jpg
1164,69419.028957,51/RGB/Video_51_19_16_59.028957.jpg
1165,69419.062291,51/RGB/Video_51_19_16_59.062291.jpg
1166,69419.095625,51/RGB/Video_51_19_16_59.095625.jpg
1167,69419.128959,51/RGB/Video_51_19_16_59.128959.jpg
1168,69419.162296,51/RGB/Video_51_19_16_59.162296.jpg
1169,69419.19563,51/RGB/Video_51_19_16_59.195630.jpg
1170,69419.228961,51/RGB/Video_51_19_16_59.228961.jpg
1171,69419.262298,51/RGB/Video_51_19_16_59.262298.jpg
1172,69419.295629,51/RGB/Video_51_19_16_59.295629.jpg
1173,69419.328962,51/RGB/Video_51_19_16_59.328962.jpg
1174,69419.362296,51/RGB/Video_51_19_16_59.362296.jpg
1175,69419.395631,51/RGB/Video_51_19_16_59.395631.jpg
1176,69419.428965,51/RGB/Video_51_19_16_59.428965.jpg
1177,69419.462301,51/RGB/Video_51_19_16_59.462301.jpg
1178,69419.495632,51/RGB/Video_51_19_16_59.495632.jpg
1179,69419.528969,51/RGB/Video_51_19_16_59.528969.jpg
1180,69419.562301,51/RGB/Video_51_19_16_59.562301.jpg
1181,69419.595637,51/RGB/Video_51_19_16_59.595637.jpg
1182,69419.628969,51/RGB/Video_51_19_16_59.628969.jpg
1183,69419.662305,51/RGB/Video_51_19_16_59.662305.jpg
1184,69419.695637,51/RGB/Video_51_19_16_59.695637.jpg
1185,69419.728971,51/RGB/Video_51_19_16_59.728971.jpg
1186,69419.762307,51/RGB/Video_51_19_16_59.762307.jpg
1187,69419.795639,51/RGB/Video_51_19_16_59.795639.jpg
1188,69419.828973,51/RGB/Video_51_19_16_59.828973.jpg
1189,69419.862306,51/RGB/Video_51_19_16_59.862306.jpg
1190,69419.895643,51/RGB/Video_51_19_16_59.895643.jpg
1191,69419.928975,51/RGB/Video_51_19_16_59.928975.jpg
1192,69419.962309,51/RGB/Video_51_19_16_59.962309.jpg
1193,69419.995643,51/RGB/Video_51_19_16_59.995643.jpg
1194,69420.028977,51/RGB/Video_51_19_17_00.028977.jpg
1195,69420.062311,51/RGB/Video_51_19_17_00.062311.jpg
1196,69420.095645,51/RGB/Video_51_19_17_00.095645.jpg
1197,69420.128979,51/RGB/Video_51_19_17_00.128979.jpg
1198,69420.162312,51/RGB/Video_51_19_17_00.162312.jpg
1199,69420.195647,51/RGB/Video_51_19_17_00.195647.jpg
1200,69420.228981,51/RGB/Video_51_19_17_00.228981.jpg
1201,69420.262315,51/RGB/Video_51_19_17_00.262315.jpg
1202,69420.295649,51/RGB/Video_51_19_17_00.295649.jpg
1203,69420.328983,51/RGB/Video_51_19_17_00.328983.jpg
1204,69420.362317,51/RGB/Video_51_19_17_00.362317.jpg
1205,69420.395651,51/RGB/Video_51_19_17_00.395651.jpg
1206,69420.428984,51/RGB/Video_51_19_17_00.428984.jpg
1207,69420.462319,51/RGB/Video_51_19_17_00.462319.jpg
1208,69420.495653,51/RGB/Video_51_19_17_00.495653.jpg
1209,69420.528986,51/RGB/Video_51_19_17_00.528986.jpg
1210,69420.562321,51/RGB/Video_51_19_17_00.562321.jpg
1211,69420.595655,51/RGB/Video_51_19_17_00.595655.jpg
1212,69420.628989,51/RGB/Video_51_19_17_00.628989.jpg
1213,69420.662322,51/RGB/Video_51_19_17_00.662322.jpg
1214,69420.695659,51/RGB/Video_51_19_17_00.695659.jpg
1215,69420.728993,51/RGB/Video_51_19_17_00.728993.jpg
1216,69420.762325,51/RGB/Video_51_19_17_00.762325.jpg
1217,69420.795659,51/RGB/Video_51_19_17_00.795659.jpg
1218,69420.828992,51/RGB/Video_51_19_17_00.828992.jpg
1219,69420.862327,51/RGB/Video_51_19_17_00.862327.jpg
1220,69420.895661,51/RGB/Video_51_19_17_00.895661.jpg
1221,69420.928998,51/RGB/Video_51_19_17_00.928998.jpg
1222,69420.96268,51/RGB/Video_51_19_17_00.962680.jpg
1223,69420.996014,51/RGB/Video_51_19_17_00.996014.jpg
1224,69421.029348,51/RGB/Video_51_19_17_01.029348.jpg
1225,69421.062682,51/RGB/Video_51_19_17_01.062682.jpg
1226,69421.096015,51/RGB/Video_51_19_17_01.096015.jpg
1227,69421.12935,51/RGB/Video_51_19_17_01.129350.jpg
1228,69421.162683,51/RGB/Video_51_19_17_01.162683.jpg
1229,69421.196018,51/RGB/Video_51_19_17_01.196018.jpg
1230,69421.229352,51/RGB/Video_51_19_17_01.229352.jpg
1231,69421.262685,51/RGB/Video_51_19_17_01.262685.jpg
1232,69421.29602,51/RGB/Video_51_19_17_01.296020.jpg
1233,69421.329354,51/RGB/Video_51_19_17_01.329354.jpg
1234,69421.362688,51/RGB/Video_51_19_17_01.362688.jpg
1235,69421.396022,51/RGB/Video_51_19_17_01.396022.jpg
1236,69421.429356,51/RGB/Video_51_19_17_01.429356.jpg
1237,69421.462689,51/RGB/Video_51_19_17_01.462689.jpg
1238,69421.496023,51/RGB/Video_51_19_17_01.496023.jpg
1239,69421.529358,51/RGB/Video_51_19_17_01.529358.jpg
1240,69421.562692,51/RGB/Video_51_19_17_01.562692.jpg
1241,69421.596058,51/RGB/Video_51_19_17_01.596058.jpg
1242,69421.629392,51/RGB/Video_51_19_17_01.629392.jpg
1243,69421.662726,51/RGB/Video_51_19_17_01.662726.jpg
1244,69421.696059,51/RGB/Video_51_19_17_01.696059.jpg
1245,69421.729394,51/RGB/Video_51_19_17_01.729394.jpg
1246,69421.762728,51/RGB/Video_51_19_17_01.762728.jpg
1247,69421.796061,51/RGB/Video_51_19_17_01.796061.jpg
1248,69421.829396,51/RGB/Video_51_19_17_01.829396.jpg
1249,69421.862732,51/RGB/Video_51_19_17_01.862732.jpg
1250,69421.896064,51/RGB/Video_51_19_17_01.896064.jpg
1251,69421.9294,51/RGB/Video_51_19_17_01.929400.jpg
1252,69421.962732,51/RGB/Video_51_19_17_01.962732.jpg
1253,69421.996066,51/RGB/Video_51_19_17_01.996066.jpg
1254,69422.029403,51/RGB/Video_51_19_17_02.029403.jpg
1255,69422.062733,51/RGB/Video_51_19_17_02.062733.jpg
1256,69422.096067,51/RGB/Video_51_19_17_02.096067.jpg
1257,69422.129401,51/RGB/Video_51_19_17_02.129401.jpg
1258,69422.162736,51/RGB/Video_51_19_17_02.162736.jpg
1259,69422.19607,51/RGB/Video_51_19_17_02.196070.jpg
1260,69422.229404,51/RGB/Video_51_19_17_02.229404.jpg
1261,69422.262741,51/RGB/Video_51_19_17_02.262741.jpg
1262,69422.296074,51/RGB/Video_51_19_17_02.296074.jpg
1263,69422.329405,51/RGB/Video_51_19_17_02.329405.jpg
1264,69422.362742,51/RGB/Video_51_19_17_02.362742.jpg
1265,69422.396074,51/RGB/Video_51_19_17_02.396074.jpg
1266,69422.429408,51/RGB/Video_51_19_17_02.429408.jpg
1267,69422.462744,51/RGB/Video_51_19_17_02.462744.jpg
1268,69422.496079,51/RGB/Video_51_19_17_02.496079.jpg
1269,69422.529413,51/RGB/Video_51_19_17_02.529413.jpg
1270,69422.562744,51/RGB/Video_51_19_17_02.562744.jpg
1271,69422.596078,51/RGB/Video_51_19_17_02.596078.jpg
1272,69422.629412,51/RGB/Video_51_19_17_02.629412.jpg
1273,69422.662746,51/RGB/Video_51_19_17_02.662746.jpg
1274,69422.696079,51/RGB/Video_51_19_17_02.696079.jpg
1275,69422.729414,51/RGB/Video_51_19_17_02.729414.jpg
1276,69422.762748,51/RGB/Video_51_19_17_02.762748.jpg
1277,69422.796084,51/RGB/Video_51_19_17_02.796084.jpg
1278,69422.829418,51/RGB/Video_51_19_17_02.829418.jpg
1279,69422.862752,51/RGB/Video_51_19_17_02.862752.jpg
1280,69422.896086,51/RGB/Video_51_19_17_02.896086.jpg
1281,69422.929421,51/RGB/Video_51_19_17_02.929421.jpg
1282,69422.962752,51/RGB/Video_51_19_17_02.962752.jpg
1283,69422.996085,51/RGB/Video_51_19_17_02.996085.jpg
1284,69423.02942,51/RGB/Video_51_19_17_03.029420.jpg
1285,69423.062756,51/RGB/Video_51_19_17_03.062756.jpg
1286,69423.096088,51/RGB/Video_51_19_17_03.096088.jpg
1287,69423.129424,51/RGB/Video_51_19_17_03.129424.jpg
1288,69423.162756,51/RGB/Video_51_19_17_03.162756.jpg
1289,69423.19609,51/RGB/Video_51_19_17_03.196090.jpg
1290,69423.229426,51/RGB/Video_51_19_17_03.229426.jpg
1291,69423.262758,51/RGB/Video_51_19_17_03.262758.jpg
1292,69423.296092,51/RGB/Video_51_19_17_03.296092.jpg
1293,69423.329425,51/RGB/Video_51_19_17_03.329425.jpg
1294,69423.36276,51/RGB/Video_51_19_17_03.362760.jpg
1295,69423.396094,51/RGB/Video_51_19_17_03.396094.jpg
1296,69423.429428,51/RGB/Video_51_19_17_03.429428.jpg
1297,69423.462765,51/RGB/Video_51_19_17_03.462765.jpg
1298,69423.496098,51/RGB/Video_51_19_17_03.496098.jpg
1299,69423.529432,51/RGB/Video_51_19_17_03.529432.jpg
1300,69423.562764,51/RGB/Video_51_19_17_03.562764.jpg
1301,69423.596098,51/RGB/Video_51_19_17_03.596098.jpg
1302,69423.629432,51/RGB/Video_51_19_17_03.629432.jpg
1303,69423.662768,51/RGB/Video_51_19_17_03.662768.jpg
1304,69423.6961,51/RGB/Video_51_19_17_03.696100.jpg
1305,69423.729436,51/RGB/Video_51_19_17_03.729436.jpg
1306,69423.76277,51/RGB/Video_51_19_17_03.762770.jpg
1307,69423.796104,51/RGB/Video_51_19_17_03.796104.jpg
1308,69423.829435,51/RGB/Video_51_19_17_03.829435.jpg
1309,69423.86277,51/RGB/Video_51_19_17_03.862770.jpg
1310,69423.896106,51/RGB/Video_51_19_17_03.896106.jpg
1311,69423.92944,51/RGB/Video_51_19_17_03.929440.jpg
1312,69423.962772,51/RGB/Video_51_19_17_03.962772.jpg
1313,69423.996106,51/RGB/Video_51_19_17_03.996106.jpg
1314,69424.029439,51/RGB/Video_51_19_17_04.029439.jpg
1315,69424.062776,51/RGB/Video_51_19_17_04.062776.jpg
1316,69424.09611,51/RGB/Video_51_19_17_04.096110.jpg
1317,69424.129442,51/RGB/Video_51_19_17_04.129442.jpg
1318,69424.162776,51/RGB/Video_51_19_17_04.162776.jpg
1319,69424.196112,51/RGB/Video_51_19_17_04.196112.jpg
1320,69424.229444,51/RGB/Video_51_19_17_04.229444.jpg
1321,69424.262777,51/RGB/Video_51_19_17_04.262777.jpg
1322,69424.296112,51/RGB/Video_51_19_17_04.296112.jpg
1323,69424.329446,51/RGB/Video_51_19_17_04.329446.jpg
1324,69424.362779,51/RGB/Video_51_19_17_04.362779.jpg
1325,69424.396114,51/RGB/Video_51_19_17_04.396114.jpg
1326,69424.429447,51/RGB/Video_51_19_17_04.429447.jpg
1327,69424.462782,51/RGB/Video_51_19_17_04.462782.jpg
1328,69424.496115,51/RGB/Video_51_19_17_04.496115.jpg
1329,69424.529449,51/RGB/Video_51_19_17_04.529449.jpg
1330,69424.562783,51/RGB/Video_51_19_17_04.562783.jpg
1331,69424.596118,51/RGB/Video_51_19_17_04.596118.jpg
1332,69424.629452,51/RGB/Video_51_19_17_04.629452.jpg
1333,69424.662786,51/RGB/Video_51_19_17_04.662786.jpg
1334,69424.69612,51/RGB/Video_51_19_17_04.696120.jpg
1335,69424.729454,51/RGB/Video_51_19_17_04.729454.jpg
1336,69424.762787,51/RGB/Video_51_19_17_04.762787.jpg
1337,69424.796121,51/RGB/Video_51_19_17_04.796121.jpg
1338,69424.829458,51/RGB/Video_51_19_17_04.829458.jpg
1339,69424.86279,51/RGB/Video_51_19_17_04.862790.jpg
1340,69424.896123,51/RGB/Video_51_19_17_04.896123.jpg
1341,69424.929461,51/RGB/Video_51_19_17_04.929461.jpg
1342,69424.962795,51/RGB/Video_51_19_17_04.962795.jpg
1343,69424.996129,51/RGB/Video_51_19_17_04.996129.jpg
1344,69425.029464,51/RGB/Video_51_19_17_05.029464.jpg
1345,69425.062798,51/RGB/Video_51_19_17_05.062798.jpg
1346,69425.096131,51/RGB/Video_51_19_17_05.096131.jpg
1347,69425.129466,51/RGB/Video_51_19_17_05.129466.jpg
1348,69425.1628,51/RGB/Video_51_19_17_05.162800.jpg
1349,69425.196133,51/RGB/Video_51_19_17_05.196133.jpg
1350,69425.229468,51/RGB/Video_51_19_17_05.229468.jpg
1351,69425.262804,51/RGB/Video_51_19_17_05.262804.jpg
1352,69425.296135,51/RGB/Video_51_19_17_05.296135.jpg
1353,69425.329469,51/RGB/Video_51_19_17_05.329469.jpg
1354,69425.362806,51/RGB/Video_51_19_17_05.362806.jpg
1355,69425.396138,51/RGB/Video_51_19_17_05.396138.jpg
1356,69425.429471,51/RGB/Video_51_19_17_05.429471.jpg
1357,69425.462808,51/RGB/Video_51_19_17_05.462808.jpg
1358,69425.49614,51/RGB/Video_51_19_17_05.496140.jpg
1359,69425.529476,51/RGB/Video_51_19_17_05.529476.jpg
1360,69425.562808,51/RGB/Video_51_19_17_05.562808.jpg
1361,69425.596142,51/RGB/Video_51_19_17_05.596142.jpg
1362,69425.629476,51/RGB/Video_51_19_17_05.629476.jpg
1363,69425.662812,51/RGB/Video_51_19_17_05.662812.jpg
1364,69425.696144,51/RGB/Video_51_19_17_05.696144.jpg
1365,69425.72948,51/RGB/Video_51_19_17_05.729480.jpg
1366,69425.762815,51/RGB/Video_51_19_17_05.762815.jpg
1367,69425.796151,51/RGB/Video_51_19_17_05.796151.jpg
1368,69425.829483,51/RGB/Video_51_19_17_05.829483.jpg
1369,69425.862819,51/RGB/Video_51_19_17_05.862819.jpg
1370,69425.896153,51/RGB/Video_51_19_17_05.896153.jpg
1371,69425.929485,51/RGB/Video_51_19_17_05.929485.jpg
1372,69425.962821,51/RGB/Video_51_19_17_05.962821.jpg
1373,69425.996152,51/RGB/Video_51_19_17_05.996152.jpg
1374,69426.029489,51/RGB/Video_51_19_17_06.029489.jpg
1375,69426.062823,51/RGB/Video_51_19_17_06.062823.jpg
1376,69426.096157,51/RGB/Video_51_19_17_06.096157.jpg
1377,69426.129489,51/RGB/Video_51_19_17_06.129489.jpg
1378,69426.162825,51/RGB/Video_51_19_17_06.162825.jpg
1379,69426.196157,51/RGB/Video_51_19_17_06.196157.jpg
1380,69426.229493,51/RGB/Video_51_19_17_06.229493.jpg
1381,69426.262824,51/RGB/Video_51_19_17_06.262824.jpg
1382,69426.296159,51/RGB/Video_51_19_17_06.296159.jpg
1383,69426.329495,51/RGB/Video_51_19_17_06.329495.jpg
1384,69426.362827,51/RGB/Video_51_19_17_06.362827.jpg
1385,69426.396161,51/RGB/Video_51_19_17_06.396161.jpg
1386,69426.429495,51/RGB/Video_51_19_17_06.429495.jpg
1387,69426.462829,51/RGB/Video_51_19_17_06.462829.jpg
1388,69426.496163,51/RGB/Video_51_19_17_06.496163.jpg
1389,69426.5295,51/RGB/Video_51_19_17_06.529500.jpg
1390,69426.562833,51/RGB/Video_51_19_17_06.562833.jpg
1391,69426.596167,51/RGB/Video_51_19_17_06.596167.jpg
1392,69426.629501,51/RGB/Video_51_19_17_06.629501.jpg
1393,69426.662833,51/RGB/Video_51_19_17_06.662833.jpg
1394,69426.696167,51/RGB/Video_51_19_17_06.696167.jpg
1395,69426.729501,51/RGB/Video_51_19_17_06.729501.jpg
1396,69426.762837,51/RGB/Video_51_19_17_06.762837.jpg
1397,69426.796169,51/RGB/Video_51_19_17_06.796169.jpg
1398,69426.829503,51/RGB/Video_51_19_17_06.829503.jpg
1399,69426.862837,51/RGB/Video_51_19_17_06.862837.jpg
1400,69426.896171,51/RGB/Video_51_19_17_06.896171.jpg
1401,69426.929504,51/RGB/Video_51_19_17_06.929504.jpg
1402,69426.962841,51/RGB/Video_51_19_17_06.962841.jpg
1403,69426.996173,51/RGB/Video_51_19_17_06.996173.jpg
1404,69427.029509,51/RGB/Video_51_19_17_07.029509.jpg
1405,69427.06284,51/RGB/Video_51_19_17_07.062840.jpg
1406,69427.096175,51/RGB/Video_51_19_17_07.096175.jpg
1407,69427.129509,51/RGB/Video_51_19_17_07.129509.jpg
1408,69427.162843,51/RGB/Video_51_19_17_07.162843.jpg
1409,69427.196179,51/RGB/Video_51_19_17_07.196179.jpg
1410,69427.229511,51/RGB/Video_51_19_17_07.229511.jpg
1411,69427.262845,51/RGB/Video_51_19_17_07.262845.jpg
1412,69427.296179,51/RGB/Video_51_19_17_07.296179.jpg
1413,69427.329513,51/RGB/Video_51_19_17_07.329513.jpg
1414,69427.362847,51/RGB/Video_51_19_17_07.362847.jpg
1415,69427.396181,51/RGB/Video_51_19_17_07.396181.jpg
1416,69427.429737,51/RGB/Video_51_19_17_07.429737.jpg
1417,69427.463664,51/RGB/Video_51_19_17_07.463664.jpg
1418,69427.496998,51/RGB/Video_51_19_17_07.496998.jpg
1419,69427.530332,51/RGB/Video_51_19_17_07.530332.jpg
1420,69427.563666,51/RGB/Video_51_19_17_07.563666.jpg
1421,69427.597,51/RGB/Video_51_19_17_07.597000.jpg
1422,69427.630333,51/RGB/Video_51_19_17_07.630333.jpg
1423,69427.663667,51/RGB/Video_51_19_17_07.663667.jpg
1424,69427.697002,51/RGB/Video_51_19_17_07.697002.jpg
1425,69427.730336,51/RGB/Video_51_19_17_07.730336.jpg
1426,69427.763669,51/RGB/Video_51_19_17_07.763669.jpg
1427,69427.797004,51/RGB/Video_51_19_17_07.797004.jpg
1428,69427.830338,51/RGB/Video_51_19_17_07.830338.jpg
1429,69427.863672,51/RGB/Video_51_19_17_07.863672.jpg
1430,69427.897005,51/RGB/Video_51_19_17_07.897005.jpg
1431,69427.93034,51/RGB/Video_51_19_17_07.930340.jpg
1432,69427.963674,51/RGB/Video_51_19_17_07.963674.jpg
1433,69427.997009,51/RGB/Video_51_19_17_07.997009.jpg
1434,69428.030342,51/RGB/Video_51_19_17_08.030342.jpg
1435,69428.063676,51/RGB/Video_51_19_17_08.063676.jpg
1436,69428.097009,51/RGB/Video_51_19_17_08.097009.jpg
1437,69428.130343,51/RGB/Video_51_19_17_08.130343.jpg
1438,69428.163677,51/RGB/Video_51_19_17_08.163677.jpg
1439,69428.197012,51/RGB/Video_51_19_17_08.197012.jpg
1440,69428.230348,51/RGB/Video_51_19_17_08.230348.jpg
1441,69428.263679,51/RGB/Video_51_19_17_08.263679.jpg
1442,69428.297014,51/RGB/Video_51_19_17_08.297014.jpg
1443,69428.330348,51/RGB/Video_51_19_17_08.330348.jpg
1444,69428.363684,51/RGB/Video_51_19_17_08.363684.jpg
1445,69428.397016,51/RGB/Video_51_19_17_08.397016.jpg
1446,69428.430353,51/RGB/Video_51_19_17_08.430353.jpg
1447,69428.463686,51/RGB/Video_51_19_17_08.463686.jpg
1448,69428.497017,51/RGB/Video_51_19_17_08.497017.jpg
1449,69428.530352,51/RGB/Video_51_19_17_08.530352.jpg
1450,69428.563688,51/RGB/Video_51_19_17_08.563688.jpg
1451,69428.59702,51/RGB/Video_51_19_17_08.597020.jpg
1452,69428.630354,51/RGB/Video_51_19_17_08.630354.jpg
1453,69428.663688,51/RGB/Video_51_19_17_08.663688.jpg
1454,69428.697025,51/RGB/Video_51_19_17_08.697025.jpg
1455,69428.730357,51/RGB/Video_51_19_17_08.730357.jpg
1456,69428.763691,51/RGB/Video_51_19_17_08.763691.jpg
1457,69428.797025,51/RGB/Video_51_19_17_08.797025.jpg
1458,69428.830361,51/RGB/Video_51_19_17_08.830361.jpg
1459,69428.863693,51/RGB/Video_51_19_17_08.863693.jpg
1460,69428.897027,51/RGB/Video_51_19_17_08.897027.jpg
1461,69428.930361,51/RGB/Video_51_19_17_08.930361.jpg
1462,69428.963697,51/RGB/Video_51_19_17_08.963697.jpg
1463,69428.997029,51/RGB/Video_51_19_17_08.997029.jpg
1464,69429.030365,51/RGB/Video_51_19_17_09.030365.jpg
1465,69429.063699,51/RGB/Video_51_19_17_09.063699.jpg
1466,69429.097033,51/RGB/Video_51_19_17_09.097033.jpg
1467,69429.130365,51/RGB/Video_51_19_17_09.130365.jpg
1468,69429.163699,51/RGB/Video_51_19_17_09.163699.jpg
1469,69429.197033,51/RGB/Video_51_19_17_09.197033.jpg
1470,69429.230367,51/RGB/Video_51_19_17_09.230367.jpg
1471,69429.263701,51/RGB/Video_51_19_17_09.263701.jpg
1472,69429.297035,51/RGB/Video_51_19_17_09.297035.jpg
1473,69429.330368,51/RGB/Video_51_19_17_09.330368.jpg
1474,69429.363703,51/RGB/Video_51_19_17_09.363703.jpg
1475,69429.397037,51/RGB/Video_51_19_17_09.397037.jpg
1476,69429.430371,51/RGB/Video_51_19_17_09.430371.jpg
1477,69429.463705,51/RGB/Video_51_19_17_09.463705.jpg
1478,69429.497041,51/RGB/Video_51_19_17_09.497041.jpg
1479,69429.530375,51/RGB/Video_51_19_17_09.530375.jpg
1480,69429.563707,51/RGB/Video_51_19_17_09.563707.jpg
1481,69429.597041,51/RGB/Video_51_19_17_09.597041.jpg
1482,69429.630377,51/RGB/Video_51_19_17_09.630377.jpg
1483,69429.663744,51/RGB/Video_51_19_17_09.663744.jpg
1484,69429.697042,51/RGB/Video_51_19_17_09.697042.jpg
1485,69429.730377,51/RGB/Video_51_19_17_09.730377.jpg
1486,69429.763711,51/RGB/Video_51_19_17_09.763711.jpg
1487,69429.797045,51/RGB/Video_51_19_17_09.797045.jpg
1488,69429.830379,51/RGB/Video_51_19_17_09.830379.jpg
1489,69429.863715,51/RGB/Video_51_19_17_09.863715.jpg
1490,69429.897047,51/RGB/Video_51_19_17_09.897047.jpg
1491,69429.930383,51/RGB/Video_51_19_17_09.930383.jpg
1492,69429.963717,51/RGB/Video_51_19_17_09.963717.jpg
1493,69429.997052,51/RGB/Video_51_19_17_09.997052.jpg
1494,69430.030388,51/RGB/Video_51_19_17_10.030388.jpg
1495,69430.063719,51/RGB/Video_51_19_17_10.063719.jpg
1496,69430.097056,51/RGB/Video_51_19_17_10.097056.jpg
1497,69430.130388,51/RGB/Video_51_19_17_10.130388.jpg
1498,69430.163722,51/RGB/Video_51_19_17_10.163722.jpg
1499,69430.197056,51/RGB/Video_51_19_17_10.197056.jpg
1500,69430.23039,51/RGB/Video_51_19_17_10.230390.jpg
1501,69430.263724,51/RGB/Video_51_19_17_10.263724.jpg
1502,69430.297057,51/RGB/Video_51_19_17_10.297057.jpg
1503,69430.330394,51/RGB/Video_51_19_17_10.330394.jpg
1504,69430.363726,51/RGB/Video_51_19_17_10.363726.jpg
1505,69430.39706,51/RGB/Video_51_19_17_10.397060.jpg
1506,69430.430396,51/RGB/Video_51_19_17_10.430396.jpg
1507,69430.463728,51/RGB/Video_51_19_17_10.463728.jpg
1508,69430.497064,51/RGB/Video_51_19_17_10.497064.jpg
1509,69430.530396,51/RGB/Video_51_19_17_10.530396.jpg
1510,69430.56373,51/RGB/Video_51_19_17_10.563730.jpg
1511,69430.597064,51/RGB/Video_51_19_17_10.597064.jpg
1512,69430.630398,51/RGB/Video_51_19_17_10.630398.jpg
1513,69430.663732,51/RGB/Video_51_19_17_10.663732.jpg
1514,69430.697066,51/RGB/Video_51_19_17_10.697066.jpg
1515,69430.730968,51/RGB/Video_51_19_17_10.730968.jpg
1516,69430.764302,51/RGB/Video_51_19_17_10.764302.jpg
1517,69430.797637,51/RGB/Video_51_19_17_10.797637.jpg
1518,69430.83097,51/RGB/Video_51_19_17_10.830970.jpg
1519,69430.864305,51/RGB/Video_51_19_17_10.864305.jpg
1520,69430.897638,51/RGB/Video_51_19_17_10.897638.jpg
1521,69430.930973,51/RGB/Video_51_19_17_10.930973.jpg
1522,69430.964307,51/RGB/Video_51_19_17_10.964307.jpg
1523,69430.997641,51/RGB/Video_51_19_17_10.997641.jpg
1524,69431.030974,51/RGB/Video_51_19_17_11.030974.jpg
1525,69431.064309,51/RGB/Video_51_19_17_11.064309.jpg
1526,69431.097643,51/RGB/Video_51_19_17_11.097643.jpg
1527,69431.130977,51/RGB/Video_51_19_17_11.130977.jpg
1528,69431.164311,51/RGB/Video_51_19_17_11.164311.jpg
1529,69431.197644,51/RGB/Video_51_19_17_11.197644.jpg
1530,69431.230978,51/RGB/Video_51_19_17_11.230978.jpg
1531,69431.264313,51/RGB/Video_51_19_17_11.264313.jpg
1532,69431.297646,51/RGB/Video_51_19_17_11.297646.jpg
1533,69431.330981,51/RGB/Video_51_19_17_11.330981.jpg
1534,69431.364315,51/RGB/Video_51_19_17_11.364315.jpg
1535,69431.397649,51/RGB/Video_51_19_17_11.397649.jpg
1536,69431.430985,51/RGB/Video_51_19_17_11.430985.jpg
1537,69431.464316,51/RGB/Video_51_19_17_11.464316.jpg
1538,69431.497651,51/RGB/Video_51_19_17_11.497651.jpg
1539,69431.530984,51/RGB/Video_51_19_17_11.530984.jpg
1540,69431.564348,51/RGB/Video_51_19_17_11.564348.jpg
1541,69431.597681,51/RGB/Video_51_19_17_11.597681.jpg
1542,69431.631015,51/RGB/Video_51_19_17_11.631015.jpg
1543,69431.66435,51/RGB/Video_51_19_17_11.664350.jpg
1544,69431.697684,51/RGB/Video_51_19_17_11.697684.jpg
1545,69431.731018,51/RGB/Video_51_19_17_11.731018.jpg
1546,69431.764352,51/RGB/Video_51_19_17_11.764352.jpg
1547,69431.797686,51/RGB/Video_51_19_17_11.797686.jpg
1548,69431.831022,51/RGB/Video_51_19_17_11.831022.jpg
1549,69431.864353,51/RGB/Video_51_19_17_11.864353.jpg
1550,69431.897688,51/RGB/Video_51_19_17_11.897688.jpg
1551,69431.931025,51/RGB/Video_51_19_17_11.931025.jpg
1552,69431.964356,51/RGB/Video_51_19_17_11.964356.jpg
1553,69431.997692,51/RGB/Video_51_19_17_11.997692.jpg
1554,69432.031024,51/RGB/Video_51_19_17_12.031024.jpg
1555,69432.064358,51/RGB/Video_51_19_17_12.064358.jpg
1556,69432.097695,51/RGB/Video_51_19_17_12.097695.jpg
1557,69432.131026,51/RGB/Video_51_19_17_12.131026.jpg
1558,69432.16436,51/RGB/Video_51_19_17_12.164360.jpg
1559,69432.197694,51/RGB/Video_51_19_17_12.197694.jpg
1560,69432.23103,51/RGB/Video_51_19_17_12.231030.jpg
1561,69432.264362,51/RGB/Video_51_19_17_12.264362.jpg
1562,69432.297698,51/RGB/Video_51_19_17_12.297698.jpg
1563,69432.33103,51/RGB/Video_51_19_17_12.331030.jpg
1564,69432.364364,51/RGB/Video_51_19_17_12.364364.jpg
1565,69432.397697,51/RGB/Video_51_19_17_12.397697.jpg
1566,69432.431031,51/RGB/Video_51_19_17_12.431031.jpg
1567,69432.464366,51/RGB/Video_51_19_17_12.464366.jpg
1568,69432.497702,51/RGB/Video_51_19_17_12.497702.jpg
1569,69432.531036,51/RGB/Video_51_19_17_12.531036.jpg
1570,69432.564368,51/RGB/Video_51_19_17_12.564368.jpg
1571,69432.597702,51/RGB/Video_51_19_17_12.597702.jpg
1572,69432.631036,51/RGB/Video_51_19_17_12.631036.jpg
1573,69432.664373,51/RGB/Video_51_19_17_12.664373.jpg
1574,69432.697703,51/RGB/Video_51_19_17_12.697703.jpg
1575,69432.731038,51/RGB/Video_51_19_17_12.731038.jpg
1576,69432.764371,51/RGB/Video_51_19_17_12.764371.jpg
1577,69432.797706,51/RGB/Video_51_19_17_12.797706.jpg
1578,69432.83104,51/RGB/Video_51_19_17_12.831040.jpg
1579,69432.864376,51/RGB/Video_51_19_17_12.864376.jpg
1580,69432.897711,51/RGB/Video_51_19_17_12.897711.jpg
1581,69432.931042,51/RGB/Video_51_19_17_12.931042.jpg
1582,69432.964378,51/RGB/Video_51_19_17_12.964378.jpg
1583,69432.99771,51/RGB/Video_51_19_17_12.997710.jpg
1584,69433.031046,51/RGB/Video_51_19_17_13.031046.jpg
1585,69433.064378,51/RGB/Video_51_19_17_13.064378.jpg
1586,69433.097712,51/RGB/Video_51_19_17_13.097712.jpg
1587,69433.131048,51/RGB/Video_51_19_17_13.131048.jpg
1588,69433.16438,51/RGB/Video_51_19_17_13.164380.jpg
1589,69433.197716,51/RGB/Video_51_19_17_13.197716.jpg
1590,69433.23105,51/RGB/Video_51_19_17_13.231050.jpg
1591,69433.264382,51/RGB/Video_51_19_17_13.264382.jpg
1592,69433.297716,51/RGB/Video_51_19_17_13.297716.jpg
1593,69433.33105,51/RGB/Video_51_19_17_13.331050.jpg
1594,69433.364384,51/RGB/Video_51_19_17_13.364384.jpg
1595,69433.397717,51/RGB/Video_51_19_17_13.397717.jpg
1596,69433.431055,51/RGB/Video_51_19_17_13.431055.jpg
1597,69433.464386,51/RGB/Video_51_19_17_13.464386.jpg
1598,69433.497719,51/RGB/Video_51_19_17_13.497719.jpg
1599,69433.531054,51/RGB/Video_51_19_17_13.531054.jpg
1600,69433.564388,51/RGB/Video_51_19_17_13.564388.jpg
1601,69433.597723,51/RGB/Video_51_19_17_13.597723.jpg
1602,69433.631058,51/RGB/Video_51_19_17_13.631058.jpg
1603,69433.664392,51/RGB/Video_51_19_17_13.664392.jpg
1604,69433.697724,51/RGB/Video_51_19_17_13.697724.jpg
1605,69433.731058,51/RGB/Video_51_19_17_13.731058.jpg
1606,69433.764392,51/RGB/Video_51_19_17_13.764392.jpg
1607,69433.797726,51/RGB/Video_51_19_17_13.797726.jpg
1608,69433.83106,51/RGB/Video_51_19_17_13.831060.jpg
1609,69433.864394,51/RGB/Video_51_19_17_13.864394.jpg
1610,69433.897728,51/RGB/Video_51_19_17_13.897728.jpg
1611,69433.931062,51/RGB/Video_51_19_17_13.931062.jpg
1612,69433.964398,51/RGB/Video_51_19_17_13.964398.jpg
1613,69433.998428,51/RGB/Video_51_19_17_13.998428.jpg
1614,69434.031762,51/RGB/Video_51_19_17_14.031762.jpg
1615,69434.065096,51/RGB/Video_51_19_17_14.065096.jpg
1616,69434.098429,51/RGB/Video_51_19_17_14.098429.jpg
1617,69434.131763,51/RGB/Video_51_19_17_14.131763.jpg
1618,69434.165098,51/RGB/Video_51_19_17_14.165098.jpg
1619,69434.198431,51/RGB/Video_51_19_17_14.198431.jpg
1620,69434.231766,51/RGB/Video_51_19_17_14.231766.jpg
1621,69434.265102,51/RGB/Video_51_19_17_14.265102.jpg
1622,69434.298433,51/RGB/Video_51_19_17_14.298433.jpg
1623,69434.331767,51/RGB/Video_51_19_17_14.331767.jpg
1624,69434.365102,51/RGB/Video_51_19_17_14.365102.jpg
1625,69434.398436,51/RGB/Video_51_19_17_14.398436.jpg
1626,69434.43177,51/RGB/Video_51_19_17_14.431770.jpg
1627,69434.465103,51/RGB/Video_51_19_17_14.465103.jpg
1628,69434.498438,51/RGB/Video_51_19_17_14.498438.jpg
1629,69434.531772,51/RGB/Video_51_19_17_14.531772.jpg
1630,69434.565106,51/RGB/Video_51_19_17_14.565106.jpg
1631,69434.59844,51/RGB/Video_51_19_17_14.598440.jpg
1632,69434.631817,51/RGB/Video_51_19_17_14.631817.jpg
1633,69434.66515,51/RGB/Video_51_19_17_14.665150.jpg
1634,69434.698485,51/RGB/Video_51_19_17_14.698485.jpg
1635,69434.731818,51/RGB/Video_51_19_17_14.731818.jpg
1636,69434.765153,51/RGB/Video_51_19_17_14.765153.jpg
1637,69434.798487,51/RGB/Video_51_19_17_14.798487.jpg
1638,69434.831823,51/RGB/Video_51_19_17_14.831823.jpg
1639,69434.865155,51/RGB/Video_51_19_17_14.865155.jpg
1640,69434.898488,51/RGB/Video_51_19_17_14.898488.jpg
1641,69434.931822,51/RGB/Video_51_19_17_14.931822.jpg
1642,69434.965159,51/RGB/Video_51_19_17_14.965159.jpg
1643,69434.99849,51/RGB/Video_51_19_17_14.998490.jpg
1644,69435.031825,51/RGB/Video_51_19_17_15.031825.jpg
1645,69435.065159,51/RGB/Video_51_19_17_15.065159.jpg
1646,69435.098493,51/RGB/Video_51_19_17_15.098493.jpg
1647,69435.13183,51/RGB/Video_51_19_17_15.131830.jpg
1648,69435.165161,51/RGB/Video_51_19_17_15.165161.jpg
1649,69435.198497,51/RGB/Video_51_19_17_15.198497.jpg
1650,69435.231831,51/RGB/Video_51_19_17_15.231831.jpg
1651,69435.265163,51/RGB/Video_51_19_17_15.265163.jpg
1652,69435.298497,51/RGB/Video_51_19_17_15.298497.jpg
1653,69435.331831,51/RGB/Video_51_19_17_15.331831.jpg
1654,69435.365164,51/RGB/Video_51_19_17_15.365164.jpg
1655,69435.398499,51/RGB/Video_51_19_17_15.398499.jpg
1656,69435.431833,51/RGB/Video_51_19_17_15.431833.jpg
1657,69435.465167,51/RGB/Video_51_19_17_15.465167.jpg
1658,69435.498503,51/RGB/Video_51_19_17_15.498503.jpg
1659,69435.531835,51/RGB/Video_51_19_17_15.531835.jpg
1660,69435.565169,51/RGB/Video_51_19_17_15.565169.jpg
1661,69435.598503,51/RGB/Video_51_19_17_15.598503.jpg
1662,69435.631837,51/RGB/Video_51_19_17_15.631837.jpg
1663,69435.665171,51/RGB/Video_51_19_17_15.665171.jpg
1664,69435.698508,51/RGB/Video_51_19_17_15.698508.jpg
1665,69435.731841,51/RGB/Video_51_19_17_15.731841.jpg
1666,69435.765174,51/RGB/Video_51_19_17_15.765174.jpg
1667,69435.79851,51/RGB/Video_51_19_17_15.798510.jpg
1668,69435.831844,51/RGB/Video_51_19_17_15.831844.jpg
1669,69435.865179,51/RGB/Video_51_19_17_15.865179.jpg
1670,69435.898509,51/RGB/Video_51_19_17_15.898509.jpg
1671,69435.931846,51/RGB/Video_51_19_17_15.931846.jpg
1672,69435.965178,51/RGB/Video_51_19_17_15.965178.jpg
1673,69435.998512,51/RGB/Video_51_19_17_15.998512.jpg
1674,69436.031848,51/RGB/Video_51_19_17_16.031848.jpg
1675,69436.06518,51/RGB/Video_51_19_17_16.065180.jpg
1676,69436.098514,51/RGB/Video_51_19_17_16.098514.jpg
1677,69436.131848,51/RGB/Video_51_19_17_16.131848.jpg
1678,69436.165182,51/RGB/Video_51_19_17_16.165182.jpg
1679,69436.198516,51/RGB/Video_51_19_17_16.198516.jpg
1680,69436.231852,51/RGB/Video_51_19_17_16.231852.jpg
1681,69436.265186,51/RGB/Video_51_19_17_16.265186.jpg
1682,69436.29852,51/RGB/Video_51_19_17_16.298520.jpg
1683,69436.331852,51/RGB/Video_51_19_17_16.331852.jpg
1684,69436.365186,51/RGB/Video_51_19_17_16.365186.jpg
1685,69436.398522,51/RGB/Video_51_19_17_16.398522.jpg
1686,69436.431854,51/RGB/Video_51_19_17_16.431854.jpg
1687,69436.46519,51/RGB/Video_51_19_17_16.465190.jpg
1688,69436.498524,51/RGB/Video_51_19_17_16.498524.jpg
1689,69436.531856,51/RGB/Video_51_19_17_16.531856.jpg
1690,69436.565192,51/RGB/Video_51_19_17_16.565192.jpg
1691,69436.598524,51/RGB/Video_51_19_17_16.598524.jpg
1692,69436.631858,51/RGB/Video_51_19_17_16.631858.jpg
1693,69436.665194,51/RGB/Video_51_19_17_16.665194.jpg
1694,69436.698526,51/RGB/Video_51_19_17_16.698526.jpg
1695,69436.73186,51/RGB/Video_51_19_17_16.731860.jpg
1696,69436.765197,51/RGB/Video_51_19_17_16.765197.jpg
1697,69436.79853,51/RGB/Video_51_19_17_16.798530.jpg
1698,69436.831862,51/RGB/Video_51_19_17_16.831862.jpg
1699,69436.865195,51/RGB/Video_51_19_17_16.865195.jpg
1700,69436.89853,51/RGB/Video_51_19_17_16.898530.jpg
1701,69436.931864,51/RGB/Video_51_19_17_16.931864.jpg
1702,69436.965198,51/RGB/Video_51_19_17_16.965198.jpg
1703,69436.998532,51/RGB/Video_51_19_17_16.998532.jpg
1704,69437.031866,51/RGB/Video_51_19_17_17.031866.jpg
1705,69437.0652,51/RGB/Video_51_19_17_17.065200.jpg
1706,69437.098533,51/RGB/Video_51_19_17_17.098533.jpg
1707,69437.131868,51/RGB/Video_51_19_17_17.131868.jpg
1708,69437.165202,51/RGB/Video_51_19_17_17.165202.jpg
1709,69437.198535,51/RGB/Video_51_19_17_17.198535.jpg
1710,69437.231869,51/RGB/Video_51_19_17_17.231869.jpg
1711,69437.265204,51/RGB/Video_51_19_17_17.265204.jpg
1712,69437.298538,51/RGB/Video_51_19_17_17.298538.jpg
1713,69437.331872,51/RGB/Video_51_19_17_17.331872.jpg
1714,69437.365209,51/RGB/Video_51_19_17_17.365209.jpg
1715,69437.39854,51/RGB/Video_51_19_17_17.398540.jpg
1716,69437.431873,51/RGB/Video_51_19_17_17.431873.jpg
1717,69437.465208,51/RGB/Video_51_19_17_17.465208.jpg
1718,69437.498542,51/RGB/Video_51_19_17_17.498542.jpg
1719,69437.531876,51/RGB/Video_51_19_17_17.531876.jpg
1720,69437.56521,51/RGB/Video_51_19_17_17.565210.jpg
1721,69437.598543,51/RGB/Video_51_19_17_17.598543.jpg
1722,69437.631878,51/RGB/Video_51_19_17_17.631878.jpg
1723,69437.665212,51/RGB/Video_51_19_17_17.665212.jpg
1724,69437.698546,51/RGB/Video_51_19_17_17.698546.jpg
1725,69437.73188,51/RGB/Video_51_19_17_17.731880.jpg
1726,69437.765214,51/RGB/Video_51_19_17_17.765214.jpg
1727,69437.798547,51/RGB/Video_51_19_17_17.798547.jpg
1728,69437.831881,51/RGB/Video_51_19_17_17.831881.jpg
1729,69437.865216,51/RGB/Video_51_19_17_17.865216.jpg
1730,69437.89855,51/RGB/Video_51_19_17_17.898550.jpg
1731,69437.931883,51/RGB/Video_51_19_17_17.931883.jpg
1732,69437.965217,51/RGB/Video_51_19_17_17.965217.jpg
1733,69437.998552,51/RGB/Video_51_19_17_17.998552.jpg
1734,69438.031885,51/RGB/Video_51_19_17_18.031885.jpg
1735,69438.06522,51/RGB/Video_51_19_17_18.065220.jpg
1736,69438.098556,51/RGB/Video_51_19_17_18.098556.jpg
1737,69438.13189,51/RGB/Video_51_19_17_18.131890.jpg
1738,69438.165224,51/RGB/Video_51_19_17_18.165224.jpg
1739,69438.198558,51/RGB/Video_51_19_17_18.198558.jpg
1740,69438.23189,51/RGB/Video_51_19_17_18.231890.jpg
1741,69438.265224,51/RGB/Video_51_19_17_18.265224.jpg
1742,69438.298558,51/RGB/Video_51_19_17_18.298558.jpg
1743,69438.331891,51/RGB/Video_51_19_17_18.331891.jpg
1744,69438.365226,51/RGB/Video_51_19_17_18.365226.jpg
1745,69438.39856,51/RGB/Video_51_19_17_18.398560.jpg
1746,69438.431893,51/RGB/Video_51_19_17_18.431893.jpg
1747,69438.465228,51/RGB/Video_51_19_17_18.465228.jpg
1748,69438.498564,51/RGB/Video_51_19_17_18.498564.jpg
1749,69438.531898,51/RGB/Video_51_19_17_18.531898.jpg
1750,69438.56523,51/RGB/Video_51_19_17_18.565230.jpg
1751,69438.598566,51/RGB/Video_51_19_17_18.598566.jpg
1752,69438.631898,51/RGB/Video_51_19_17_18.631898.jpg
1753,69438.665231,51/RGB/Video_51_19_17_18.665231.jpg
1754,69438.698567,51/RGB/Video_51_19_17_18.698567.jpg
1755,69438.731899,51/RGB/Video_51_19_17_18.731899.jpg
1756,69438.765234,51/RGB/Video_51_19_17_18.765234.jpg
1757,69438.798568,51/RGB/Video_51_19_17_18.798568.jpg
1758,69438.831902,51/RGB/Video_51_19_17_18.831902.jpg
1759,69438.865236,51/RGB/Video_51_19_17_18.865236.jpg
1760,69438.89857,51/RGB/Video_51_19_17_18.898570.jpg
1761,69438.931904,51/RGB/Video_51_19_17_18.931904.jpg
1762,69438.965238,51/RGB/Video_51_19_17_18.965238.jpg
1763,69438.998574,51/RGB/Video_51_19_17_18.998574.jpg
1764,69439.031905,51/RGB/Video_51_19_17_19.031905.jpg
1765,69439.06524,51/RGB/Video_51_19_17_19.065240.jpg
1766,69439.098576,51/RGB/Video_51_19_17_19.098576.jpg
1767,69439.13191,51/RGB/Video_51_19_17_19.131910.jpg
1768,69439.165242,51/RGB/Video_51_19_17_19.165242.jpg
1769,69439.198575,51/RGB/Video_51_19_17_19.198575.jpg
1770,69439.231912,51/RGB/Video_51_19_17_19.231912.jpg
1771,69439.265244,51/RGB/Video_51_19_17_19.265244.jpg
1772,69439.298578,51/RGB/Video_51_19_17_19.298578.jpg
1773,69439.331914,51/RGB/Video_51_19_17_19.331914.jpg
1774,69439.365246,51/RGB/Video_51_19_17_19.365246.jpg
1775,69439.39858,51/RGB/Video_51_19_17_19.398580.jpg
1776,69439.431916,51/RGB/Video_51_19_17_19.431916.jpg
1777,69439.465249,51/RGB/Video_51_19_17_19.465249.jpg
1778,69439.498581,51/RGB/Video_51_19_17_19.498581.jpg
1779,69439.531918,51/RGB/Video_51_19_17_19.531918.jpg
1780,69439.56525,51/RGB/Video_51_19_17_19.565250.jpg
1781,69439.598584,51/RGB/Video_51_19_17_19.598584.jpg
1782,69439.631918,51/RGB/Video_51_19_17_19.631918.jpg
1783,69439.665252,51/RGB/Video_51_19_17_19.665252.jpg
1784,69439.698586,51/RGB/Video_51_19_17_19.698586.jpg
1785,69439.731919,51/RGB/Video_51_19_17_19.731919.jpg
1786,69439.765256,51/RGB/Video_51_19_17_19.765256.jpg
1787,69439.798588,51/RGB/Video_51_19_17_19.798588.jpg
1788,69439.831921,51/RGB/Video_51_19_17_19.831921.jpg
1789,69439.865256,51/RGB/Video_51_19_17_19.865256.jpg
1790,69439.898592,51/RGB/Video_51_19_17_19.898592.jpg
1791,69439.931924,51/RGB/Video_51_19_17_19.931924.jpg
1792,69439.96526,51/RGB/Video_51_19_17_19.965260.jpg
1793,69439.998594,51/RGB/Video_51_19_17_19.998594.jpg
1794,69440.031928,51/RGB/Video_51_19_17_20.031928.jpg
1795,69440.065262,51/RGB/Video_51_19_17_20.065262.jpg
1796,69440.098594,51/RGB/Video_51_19_17_20.098594.jpg
1797,69440.131928,51/RGB/Video_51_19_17_20.131928.jpg
1798,69440.165264,51/RGB/Video_51_19_17_20.165264.jpg
1799,69440.198596,51/RGB/Video_51_19_17_20.198596.jpg
1800,69440.231932,51/RGB/Video_51_19_17_20.231932.jpg
1801,69440.265264,51/RGB/Video_51_19_17_20.265264.jpg
1802,69440.298598,51/RGB/Video_51_19_17_20.298598.jpg
1803,69440.331934,51/RGB/Video_51_19_17_20.331934.jpg
1804,69440.365266,51/RGB/Video_51_19_17_20.365266.jpg
1805,69440.3986,51/RGB/Video_51_19_17_20.398600.jpg
1806,69440.431934,51/RGB/Video_51_19_17_20.431934.jpg
1807,69440.465271,51/RGB/Video_51_19_17_20.465271.jpg
1808,69440.498602,51/RGB/Video_51_19_17_20.498602.jpg
1809,69440.531935,51/RGB/Video_51_19_17_20.531935.jpg
1810,69440.56527,51/RGB/Video_51_19_17_20.565270.jpg
1811,69440.598604,51/RGB/Video_51_19_17_20.598604.jpg
1812,69440.631937,51/RGB/Video_51_19_17_20.631937.jpg
1813,69440.665272,51/RGB/Video_51_19_17_20.665272.jpg
1814,69440.698608,51/RGB/Video_51_19_17_20.698608.jpg
1815,69440.73194,51/RGB/Video_51_19_17_20.731940.jpg
1816,69440.765274,51/RGB/Video_51_19_17_20.765274.jpg
1817,69440.798607,51/RGB/Video_51_19_17_20.798607.jpg
1818,69440.831942,51/RGB/Video_51_19_17_20.831942.jpg
1819,69440.865276,51/RGB/Video_51_19_17_20.865276.jpg
1820,69440.89861,51/RGB/Video_51_19_17_20.898610.jpg
1821,69440.931944,51/RGB/Video_51_19_17_20.931944.jpg
1822,69440.965278,51/RGB/Video_51_19_17_20.965278.jpg
1823,69440.998612,51/RGB/Video_51_19_17_20.998612.jpg
1824,69441.031946,51/RGB/Video_51_19_17_21.031946.jpg
1825,69441.065305,51/RGB/Video_51_19_17_21.065305.jpg
1826,69441.098639,51/RGB/Video_51_19_17_21.098639.jpg
1827,69441.131973,51/RGB/Video_51_19_17_21.131973.jpg
1828,69441.165307,51/RGB/Video_51_19_17_21.165307.jpg
1829,69441.19864,51/RGB/Video_51_19_17_21.198640.jpg
1830,69441.231977,51/RGB/Video_51_19_17_21.231977.jpg
1831,69441.265309,51/RGB/Video_51_19_17_21.265309.jpg
1832,69441.298643,51/RGB/Video_51_19_17_21.298643.jpg
1833,69441.331976,51/RGB/Video_51_19_17_21.331976.jpg
1834,69441.365311,51/RGB/Video_51_19_17_21.365311.jpg
1835,69441.398644,51/RGB/Video_51_19_17_21.398644.jpg
1836,69441.431979,51/RGB/Video_51_19_17_21.431979.jpg
1837,69441.465313,51/RGB/Video_51_19_17_21.465313.jpg
1838,69441.49865,51/RGB/Video_51_19_17_21.498650.jpg
1839,69441.531981,51/RGB/Video_51_19_17_21.531981.jpg
1840,69441.565318,51/RGB/Video_51_19_17_21.565318.jpg
1841,69441.598652,51/RGB/Video_51_19_17_21.598652.jpg
1842,69441.631983,51/RGB/Video_51_19_17_21.631983.jpg
1843,69441.665317,51/RGB/Video_51_19_17_21.665317.jpg
1844,69441.698653,51/RGB/Video_51_19_17_21.698653.jpg
1845,69441.731987,51/RGB/Video_51_19_17_21.731987.jpg
1846,69441.765321,51/RGB/Video_51_19_17_21.765321.jpg
1847,69441.798656,51/RGB/Video_51_19_17_21.798656.jpg
1848,69441.831987,51/RGB/Video_51_19_17_21.831987.jpg
1849,69441.865321,51/RGB/Video_51_19_17_21.865321.jpg
1850,69441.898655,51/RGB/Video_51_19_17_21.898655.jpg
1851,69441.931991,51/RGB/Video_51_19_17_21.931991.jpg
1852,69441.965323,51/RGB/Video_51_19_17_21.965323.jpg
1853,69441.998657,51/RGB/Video_51_19_17_21.998657.jpg
1854,69442.03199,51/RGB/Video_51_19_17_22.031990.jpg
1855,69442.065327,51/RGB/Video_51_19_17_22.065327.jpg
1856,69442.098662,51/RGB/Video_51_19_17_22.098662.jpg
1857,69442.131993,51/RGB/Video_51_19_17_22.131993.jpg
1858,69442.165327,51/RGB/Video_51_19_17_22.165327.jpg
1859,69442.19866,51/RGB/Video_51_19_17_22.198660.jpg
1860,69442.231997,51/RGB/Video_51_19_17_22.231997.jpg
1861,69442.265329,51/RGB/Video_51_19_17_22.265329.jpg
1862,69442.298663,51/RGB/Video_51_19_17_22.298663.jpg
1863,69442.331997,51/RGB/Video_51_19_17_22.331997.jpg
1864,69442.365334,51/RGB/Video_51_19_17_22.365334.jpg
1865,69442.398667,51/RGB/Video_51_19_17_22.398667.jpg
1866,69442.431999,51/RGB/Video_51_19_17_22.431999.jpg
1867,69442.465334,51/RGB/Video_51_19_17_22.465334.jpg
1868,69442.498668,51/RGB/Video_51_19_17_22.498668.jpg
1869,69442.532002,51/RGB/Video_51_19_17_22.532002.jpg
1870,69442.565339,51/RGB/Video_51_19_17_22.565339.jpg
1871,69442.59867,51/RGB/Video_51_19_17_22.598670.jpg
1872,69442.632003,51/RGB/Video_51_19_17_22.632003.jpg
1873,69442.665338,51/RGB/Video_51_19_17_22.665338.jpg
1874,69442.698674,51/RGB/Video_51_19_17_22.698674.jpg
1875,69442.732006,51/RGB/Video_51_19_17_22.732006.jpg
1876,69442.76534,51/RGB/Video_51_19_17_22.765340.jpg
1877,69442.798674,51/RGB/Video_51_19_17_22.798674.jpg
1878,69442.832008,51/RGB/Video_51_19_17_22.832008.jpg
1879,69442.865341,51/RGB/Video_51_19_17_22.865341.jpg
1880,69442.898678,51/RGB/Video_51_19_17_22.898678.jpg
1881,69442.932012,51/RGB/Video_51_19_17_22.932012.jpg
1882,69442.965346,51/RGB/Video_51_19_17_22.965346.jpg
1883,69442.998681,51/RGB/Video_51_19_17_22.998681.jpg
1884,69443.032012,51/RGB/Video_51_19_17_23.032012.jpg
1885,69443.065345,51/RGB/Video_51_19_17_23.065345.jpg
1886,69443.09868,51/RGB/Video_51_19_17_23.098680.jpg
1887,69443.132016,51/RGB/Video_51_19_17_23.132016.jpg
1888,69443.165348,51/RGB/Video_51_19_17_23.165348.jpg
1889,69443.198682,51/RGB/Video_51_19_17_23.198682.jpg
1890,69443.232018,51/RGB/Video_51_19_17_23.232018.jpg
1891,69443.26535,51/RGB/Video_51_19_17_23.265350.jpg
1892,69443.298684,51/RGB/Video_51_19_17_23.298684.jpg
1893,69443.332018,51/RGB/Video_51_19_17_23.332018.jpg
1894,69443.365352,51/RGB/Video_51_19_17_23.365352.jpg
1895,69443.398688,51/RGB/Video_51_19_17_23.398688.jpg
1896,69443.43202,51/RGB/Video_51_19_17_23.432020.jpg
1897,69443.465354,51/RGB/Video_51_19_17_23.465354.jpg
1898,69443.498689,51/RGB/Video_51_19_17_23.498689.jpg
1899,69443.532023,51/RGB/Video_51_19_17_23.532023.jpg
1900,69443.565357,51/RGB/Video_51_19_17_23.565357.jpg
1901,69443.598691,51/RGB/Video_51_19_17_23.598691.jpg
1902,69443.632024,51/RGB/Video_51_19_17_23.632024.jpg
1903,69443.665359,51/RGB/Video_51_19_17_23.665359.jpg
1904,69443.698696,51/RGB/Video_51_19_17_23.698696.jpg
1905,69443.732027,51/RGB/Video_51_19_17_23.732027.jpg
1906,69443.766442,51/RGB/Video_51_19_17_23.766442.jpg
1907,69443.799775,51/RGB/Video_51_19_17_23.799775.jpg
1908,69443.83311,51/RGB/Video_51_19_17_23.833110.jpg
1909,69443.866444,51/RGB/Video_51_19_17_23.866444.jpg
1910,69443.899777,51/RGB/Video_51_19_17_23.899777.jpg
1911,69443.933111,51/RGB/Video_51_19_17_23.933111.jpg
1912,69443.966448,51/RGB/Video_51_19_17_23.966448.jpg
1913,69443.99978,51/RGB/Video_51_19_17_23.999780.jpg
1914,69444.033116,51/RGB/Video_51_19_17_24.033116.jpg
1915,69444.066448,51/RGB/Video_51_19_17_24.066448.jpg
1916,69444.099785,51/RGB/Video_51_19_17_24.099785.jpg
1917,69444.13312,51/RGB/Video_51_19_17_24.133120.jpg
1918,69444.166453,51/RGB/Video_51_19_17_24.166453.jpg
1919,69444.199787,51/RGB/Video_51_19_17_24.199787.jpg
1920,69444.233121,51/RGB/Video_51_19_17_24.233121.jpg
1921,69444.266456,51/RGB/Video_51_19_17_24.266456.jpg
1922,69444.299789,51/RGB/Video_51_19_17_24.299789.jpg
1923,69444.333124,51/RGB/Video_51_19_17_24.333124.jpg
1924,69444.366457,51/RGB/Video_51_19_17_24.366457.jpg
1925,69444.399791,51/RGB/Video_51_19_17_24.399791.jpg
1926,69444.433125,51/RGB/Video_51_19_17_24.433125.jpg
1927,69444.466461,51/RGB/Video_51_19_17_24.466461.jpg
1928,69444.499794,51/RGB/Video_51_19_17_24.499794.jpg
1929,69444.533127,51/RGB/Video_51_19_17_24.533127.jpg
1930,69444.566462,51/RGB/Video_51_19_17_24.566462.jpg
1931,69444.599796,51/RGB/Video_51_19_17_24.599796.jpg
1932,69444.63313,51/RGB/Video_51_19_17_24.633130.jpg
1933,69444.666464,51/RGB/Video_51_19_17_24.666464.jpg
1934,69444.6998,51/RGB/Video_51_19_17_24.699800.jpg
1935,69444.733132,51/RGB/Video_51_19_17_24.733132.jpg
1936,69444.766466,51/RGB/Video_51_19_17_24.766466.jpg
1937,69444.799802,51/RGB/Video_51_19_17_24.799802.jpg
1938,69444.833134,51/RGB/Video_51_19_17_24.833134.jpg
1939,69444.86647,51/RGB/Video_51_19_17_24.866470.jpg
1940,69444.899802,51/RGB/Video_51_19_17_24.899802.jpg
1941,69444.933136,51/RGB/Video_51_19_17_24.933136.jpg
1942,69444.966474,51/RGB/Video_51_19_17_24.966474.jpg
1943,69444.999807,51/RGB/Video_51_19_17_24.999807.jpg
1944,69445.033142,51/RGB/Video_51_19_17_25.033142.jpg
1945,69445.066476,51/RGB/Video_51_19_17_25.066476.jpg
1946,69445.099812,51/RGB/Video_51_19_17_25.099812.jpg
1947,69445.133144,51/RGB/Video_51_19_17_25.133144.jpg
1948,69445.16648,51/RGB/Video_51_19_17_25.166480.jpg
1949,69445.199815,51/RGB/Video_51_19_17_25.199815.jpg
1950,69445.233146,51/RGB/Video_51_19_17_25.233146.jpg
1951,69445.26648,51/RGB/Video_51_19_17_25.266480.jpg
1952,69445.299814,51/RGB/Video_51_19_17_25.299814.jpg
1953,69445.333148,51/RGB/Video_51_19_17_25.333148.jpg
1954,69445.366485,51/RGB/Video_51_19_17_25.366485.jpg
1955,69445.399816,51/RGB/Video_51_19_17_25.399816.jpg
1956,69445.433152,51/RGB/Video_51_19_17_25.433152.jpg
1957,69445.466484,51/RGB/Video_51_19_17_25.466484.jpg
1958,69445.499817,51/RGB/Video_51_19_17_25.499817.jpg
1959,69445.533154,51/RGB/Video_51_19_17_25.533154.jpg
1960,69445.566486,51/RGB/Video_51_19_17_25.566486.jpg
1961,69445.599819,51/RGB/Video_51_19_17_25.599819.jpg
1962,69445.633156,51/RGB/Video_51_19_17_25.633156.jpg
1963,69445.666487,51/RGB/Video_51_19_17_25.666487.jpg
1964,69445.699822,51/RGB/Video_51_19_17_25.699822.jpg
1965,69445.733156,51/RGB/Video_51_19_17_25.733156.jpg
1966,69445.766492,51/RGB/Video_51_19_17_25.766492.jpg
1967,69445.799824,51/RGB/Video_51_19_17_25.799824.jpg
1968,69445.833158,51/RGB/Video_51_19_17_25.833158.jpg
1969,69445.866494,51/RGB/Video_51_19_17_25.866494.jpg
1970,69445.899826,51/RGB/Video_51_19_17_25.899826.jpg
1971,69445.93316,51/RGB/Video_51_19_17_25.933160.jpg
1972,69445.966494,51/RGB/Video_51_19_17_25.966494.jpg
1973,69445.999828,51/RGB/Video_51_19_17_25.999828.jpg
1974,69446.033164,51/RGB/Video_51_19_17_26.033164.jpg
1975,69446.066495,51/RGB/Video_51_19_17_26.066495.jpg
1976,69446.09983,51/RGB/Video_51_19_17_26.099830.jpg
1977,69446.133164,51/RGB/Video_51_19_17_26.133164.jpg
1978,69446.166498,51/RGB/Video_51_19_17_26.166498.jpg
1979,69446.199834,51/RGB/Video_51_19_17_26.199834.jpg
1980,69446.233166,51/RGB/Video_51_19_17_26.233166.jpg
1981,69446.2665,51/RGB/Video_51_19_17_26.266500.jpg
1982,69446.299834,51/RGB/Video_51_19_17_26.299834.jpg
1983,69446.333167,51/RGB/Video_51_19_17_26.333167.jpg
1984,69446.366502,51/RGB/Video_51_19_17_26.366502.jpg
1985,69446.399838,51/RGB/Video_51_19_17_26.399838.jpg
1986,69446.433172,51/RGB/Video_51_19_17_26.433172.jpg
1987,69446.466506,51/RGB/Video_51_19_17_26.466506.jpg
1988,69446.499838,51/RGB/Video_51_19_17_26.499838.jpg
1989,69446.533172,51/RGB/Video_51_19_17_26.533172.jpg
1990,69446.566509,51/RGB/Video_51_19_17_26.566509.jpg
1991,69446.59984,51/RGB/Video_51_19_17_26.599840.jpg
1992,69446.633174,51/RGB/Video_51_19_17_26.633174.jpg
1993,69446.666508,51/RGB/Video_51_19_17_26.666508.jpg
1994,69446.699842,51/RGB/Video_51_19_17_26.699842.jpg
1995,69446.733176,51/RGB/Video_51_19_17_26.733176.jpg
1996,69446.76651,51/RGB/Video_51_19_17_26.766510.jpg
1997,69446.799847,51/RGB/Video_51_19_17_26.799847.jpg
1998,69446.833181,51/RGB/Video_51_19_17_26.833181.jpg
1999,69446.866515,51/RGB/Video_51_19_17_26.866515.jpg
2000,69446.899848,51/RGB/Video_51_19_17_26.899848.jpg
2001,69446.933183,51/RGB/Video_51_19_17_26.933183.jpg
2002,69446.966517,51/RGB/Video_51_19_17_26.966517.jpg
2003,69446.999851,51/RGB/Video_51_19_17_26.999851.jpg
2004,69447.033535,51/RGB/Video_51_19_17_27.033535.jpg
2005,69447.066869,51/RGB/Video_51_19_17_27.066869.jpg
2006,69447.100204,51/RGB/Video_51_19_17_27.100204.jpg
2007,69447.133538,51/RGB/Video_51_19_17_27.133538.jpg
2008,69447.166871,51/RGB/Video_51_19_17_27.166871.jpg
2009,69447.200205,51/RGB/Video_51_19_17_27.200205.jpg
2010,69447.23354,51/RGB/Video_51_19_17_27.233540.jpg
2011,69447.266874,51/RGB/Video_51_19_17_27.266874.jpg
2012,69447.300208,51/RGB/Video_51_19_17_27.300208.jpg
2013,69447.333542,51/RGB/Video_51_19_17_27.333542.jpg
2014,69447.366876,51/RGB/Video_51_19_17_27.366876.jpg
2015,69447.40021,51/RGB/Video_51_19_17_27.400210.jpg
2016,69447.433543,51/RGB/Video_51_19_17_27.433543.jpg
2017,69447.466878,51/RGB/Video_51_19_17_27.466878.jpg
2018,69447.500212,51/RGB/Video_51_19_17_27.500212.jpg
2019,69447.533545,51/RGB/Video_51_19_17_27.533545.jpg
2020,69447.56688,51/RGB/Video_51_19_17_27.566880.jpg
2021,69447.600214,51/RGB/Video_51_19_17_27.600214.jpg
2022,69447.633547,51/RGB/Video_51_19_17_27.633547.jpg
2023,69447.666882,51/RGB/Video_51_19_17_27.666882.jpg
2024,69447.700216,51/RGB/Video_51_19_17_27.700216.jpg
2025,69447.73355,51/RGB/Video_51_19_17_27.733550.jpg
2026,69447.766884,51/RGB/Video_51_19_17_27.766884.jpg
2027,69447.800218,51/RGB/Video_51_19_17_27.800218.jpg
2028,69447.833552,51/RGB/Video_51_19_17_27.833552.jpg
2029,69447.866886,51/RGB/Video_51_19_17_27.866886.jpg
2030,69447.90022,51/RGB/Video_51_19_17_27.900220.jpg
2031,69447.933556,51/RGB/Video_51_19_17_27.933556.jpg
2032,69447.966887,51/RGB/Video_51_19_17_27.966887.jpg
2033,69448.000221,51/RGB/Video_51_19_17_28.000221.jpg
2034,69448.033556,51/RGB/Video_51_19_17_28.033556.jpg
2035,69448.06689,51/RGB/Video_51_19_17_28.066890.jpg
2036,69448.100224,51/RGB/Video_51_19_17_28.100224.jpg
2037,69448.133558,51/RGB/Video_51_19_17_28.133558.jpg
2038,69448.166894,51/RGB/Video_51_19_17_28.166894.jpg
2039,69448.200226,51/RGB/Video_51_19_17_28.200226.jpg
2040,69448.23356,51/RGB/Video_51_19_17_28.233560.jpg
2041,69448.266894,51/RGB/Video_51_19_17_28.266894.jpg
2042,69448.300227,51/RGB/Video_51_19_17_28.300227.jpg
2043,69448.333562,51/RGB/Video_51_19_17_28.333562.jpg
2044,69448.366896,51/RGB/Video_51_19_17_28.366896.jpg
2045,69448.40023,51/RGB/Video_51_19_17_28.400230.jpg
2046,69448.433564,51/RGB/Video_51_19_17_28.433564.jpg
2047,69448.4669,51/RGB/Video_51_19_17_28.466900.jpg
2048,69448.500232,51/RGB/Video_51_19_17_28.500232.jpg
2049,69448.533569,51/RGB/Video_51_19_17_28.533569.jpg
2050,69448.5669,51/RGB/Video_51_19_17_28.566900.jpg
2051,69448.600234,51/RGB/Video_51_19_17_28.600234.jpg
2052,69448.633568,51/RGB/Video_51_19_17_28.633568.jpg
2053,69448.666904,51/RGB/Video_51_19_17_28.666904.jpg
2054,69448.700236,51/RGB/Video_51_19_17_28.700236.jpg
2055,69448.73357,51/RGB/Video_51_19_17_28.733570.jpg
2056,69448.766906,51/RGB/Video_51_19_17_28.766906.jpg
2057,69448.800238,51/RGB/Video_51_19_17_28.800238.jpg
2058,69448.833572,51/RGB/Video_51_19_17_28.833572.jpg
2059,69448.866908,51/RGB/Video_51_19_17_28.866908.jpg
2060,69448.90024,51/RGB/Video_51_19_17_28.900240.jpg
2061,69448.933576,51/RGB/Video_51_19_17_28.933576.jpg
2062,69448.96691,51/RGB/Video_51_19_17_28.966910.jpg
2063,69449.000242,51/RGB/Video_51_19_17_29.000242.jpg
2064,69449.033576,51/RGB/Video_51_19_17_29.033576.jpg
2065,69449.06691,51/RGB/Video_51_19_17_29.066910.jpg
2066,69449.100244,51/RGB/Video_51_19_17_29.100244.jpg
2067,69449.133578,51/RGB/Video_51_19_17_29.133578.jpg
2068,69449.166914,51/RGB/Video_51_19_17_29.166914.jpg
2069,69449.200246,51/RGB/Video_51_19_17_29.200246.jpg
2070,69449.233579,51/RGB/Video_51_19_17_29.233579.jpg
2071,69449.266914,51/RGB/Video_51_19_17_29.266914.jpg
2072,69449.300248,51/RGB/Video_51_19_17_29.300248.jpg
2073,69449.333582,51/RGB/Video_51_19_17_29.333582.jpg
2074,69449.366918,51/RGB/Video_51_19_17_29.366918.jpg
2075,69449.40025,51/RGB/Video_51_19_17_29.400250.jpg
2076,69449.433585,51/RGB/Video_51_19_17_29.433585.jpg
2077,69449.466919,51/RGB/Video_51_19_17_29.466919.jpg
2078,69449.500253,51/RGB/Video_51_19_17_29.500253.jpg
2079,69449.533586,51/RGB/Video_51_19_17_29.533586.jpg
2080,69449.566921,51/RGB/Video_51_19_17_29.566921.jpg
2081,69449.600255,51/RGB/Video_51_19_17_29.600255.jpg
2082,69449.633589,51/RGB/Video_51_19_17_29.633589.jpg
2083,69449.666923,51/RGB/Video_51_19_17_29.666923.jpg
2084,69449.700257,51/RGB/Video_51_19_17_29.700257.jpg
2085,69449.733593,51/RGB/Video_51_19_17_29.733593.jpg
2086,69449.766925,51/RGB/Video_51_19_17_29.766925.jpg
2087,69449.800259,51/RGB/Video_51_19_17_29.800259.jpg
2088,69449.833595,51/RGB/Video_51_19_17_29.833595.jpg
2089,69449.866927,51/RGB/Video_51_19_17_29.866927.jpg
2090,69449.900261,51/RGB/Video_51_19_17_29.900261.jpg
2091,69449.933595,51/RGB/Video_51_19_17_29.933595.jpg
2092,69449.966929,51/RGB/Video_51_19_17_29.966929.jpg
2093,69450.000263,51/RGB/Video_51_19_17_30.000263.jpg
2094,69450.033597,51/RGB/Video_51_19_17_30.033597.jpg
2095,69450.066949,51/RGB/Video_51_19_17_30.066949.jpg
2096,69450.100265,51/RGB/Video_51_19_17_30.100265.jpg
2097,69450.133599,51/RGB/Video_51_19_17_30.133599.jpg
2098,69450.167122,51/RGB/Video_51_19_17_30.167122.jpg
2099,69450.201153,51/RGB/Video_51_19_17_30.201153.jpg
2100,69450.234487,51/RGB/Video_51_19_17_30.234487.jpg
2101,69450.267821,51/RGB/Video_51_19_17_30.267821.jpg
2102,69450.301155,51/RGB/Video_51_19_17_30.301155.jpg
2103,69450.334489,51/RGB/Video_51_19_17_30.334489.jpg
2104,69450.367822,51/RGB/Video_51_19_17_30.367822.jpg
2105,69450.401156,51/RGB/Video_51_19_17_30.401156.jpg
2106,69450.434491,51/RGB/Video_51_19_17_30.434491.jpg
2107,69450.467824,51/RGB/Video_51_19_17_30.467824.jpg
2108,69450.501159,51/RGB/Video_51_19_17_30.501159.jpg
2109,69450.534492,51/RGB/Video_51_19_17_30.534492.jpg
2110,69450.567826,51/RGB/Video_51_19_17_30.567826.jpg
2111,69450.60116,51/RGB/Video_51_19_17_30.601160.jpg
2112,69450.634495,51/RGB/Video_51_19_17_30.634495.jpg
2113,69450.667829,51/RGB/Video_51_19_17_30.667829.jpg
2114,69450.701163,51/RGB/Video_51_19_17_30.701163.jpg
2115,69450.734497,51/RGB/Video_51_19_17_30.734497.jpg
2116,69450.767831,51/RGB/Video_51_19_17_30.767831.jpg
2117,69450.801165,51/RGB/Video_51_19_17_30.801165.jpg
2118,69450.834499,51/RGB/Video_51_19_17_30.834499.jpg
2119,69450.867833,51/RGB/Video_51_19_17_30.867833.jpg
2120,69450.90117,51/RGB/Video_51_19_17_30.901170.jpg
2121,69450.9345,51/RGB/Video_51_19_17_30.934500.jpg
2122,69450.967834,51/RGB/Video_51_19_17_30.967834.jpg
2123,69451.001172,51/RGB/Video_51_19_17_31.001172.jpg
2124,69451.034506,51/RGB/Video_51_19_17_31.034506.jpg
2125,69451.067842,51/RGB/Video_51_19_17_31.067842.jpg
2126,69451.101174,51/RGB/Video_51_19_17_31.101174.jpg
2127,69451.134508,51/RGB/Video_51_19_17_31.134508.jpg
2128,69451.167842,51/RGB/Video_51_19_17_31.167842.jpg
2129,69451.201176,51/RGB/Video_51_19_17_31.201176.jpg
2130,69451.23451,51/RGB/Video_51_19_17_31.234510.jpg
2131,69451.267844,51/RGB/Video_51_19_17_31.267844.jpg
2132,69451.301178,51/RGB/Video_51_19_17_31.301178.jpg
2133,69451.334512,51/RGB/Video_51_19_17_31.334512.jpg
2134,69451.367846,51/RGB/Video_51_19_17_31.367846.jpg
2135,69451.40118,51/RGB/Video_51_19_17_31.401180.jpg
2136,69451.434517,51/RGB/Video_51_19_17_31.434517.jpg
2137,69451.467848,51/RGB/Video_51_19_17_31.467848.jpg
2138,69451.501182,51/RGB/Video_51_19_17_31.501182.jpg
2139,69451.534516,51/RGB/Video_51_19_17_31.534516.jpg
2140,69451.56785,51/RGB/Video_51_19_17_31.567850.jpg
2141,69451.601186,51/RGB/Video_51_19_17_31.601186.jpg
2142,69451.634518,51/RGB/Video_51_19_17_31.634518.jpg
2143,69451.667852,51/RGB/Video_51_19_17_31.667852.jpg
2144,69451.701186,51/RGB/Video_51_19_17_31.701186.jpg
2145,69451.73452,51/RGB/Video_51_19_17_31.734520.jpg
2146,69451.767854,51/RGB/Video_51_19_17_31.767854.jpg
2147,69451.801188,51/RGB/Video_51_19_17_31.801188.jpg
2148,69451.834524,51/RGB/Video_51_19_17_31.834524.jpg
2149,69451.867855,51/RGB/Video_51_19_17_31.867855.jpg
2150,69451.90119,51/RGB/Video_51_19_17_31.901190.jpg
2151,69451.934524,51/RGB/Video_51_19_17_31.934524.jpg
2152,69451.967858,51/RGB/Video_51_19_17_31.967858.jpg
2153,69452.001192,51/RGB/Video_51_19_17_32.001192.jpg
2154,69452.034526,51/RGB/Video_51_19_17_32.034526.jpg
2155,69452.067862,51/RGB/Video_51_19_17_32.067862.jpg
2156,69452.101194,51/RGB/Video_51_19_17_32.101194.jpg
2157,69452.13453,51/RGB/Video_51_19_17_32.134530.jpg
2158,69452.167861,51/RGB/Video_51_19_17_32.167861.jpg
2159,69452.201196,51/RGB/Video_51_19_17_32.201196.jpg
2160,69452.234533,51/RGB/Video_51_19_17_32.234533.jpg
2161,69452.267864,51/RGB/Video_51_19_17_32.267864.jpg
2162,69452.301198,51/RGB/Video_51_19_17_32.301198.jpg
2163,69452.334532,51/RGB/Video_51_19_17_32.334532.jpg
2164,69452.367868,51/RGB/Video_51_19_17_32.367868.jpg
2165,69452.401203,51/RGB/Video_51_19_17_32.401203.jpg
2166,69452.434534,51/RGB/Video_51_19_17_32.434534.jpg
2167,69452.467868,51/RGB/Video_51_19_17_32.467868.jpg
2168,69452.501202,51/RGB/Video_51_19_17_32.501202.jpg
2169,69452.534536,51/RGB/Video_51_19_17_32.534536.jpg
2170,69452.56787,51/RGB/Video_51_19_17_32.567870.jpg
2171,69452.601203,51/RGB/Video_51_19_17_32.601203.jpg
2172,69452.63454,51/RGB/Video_51_19_17_32.634540.jpg
2173,69452.667873,51/RGB/Video_51_19_17_32.667873.jpg
2174,69452.701209,51/RGB/Video_51_19_17_32.701209.jpg
2175,69452.734541,51/RGB/Video_51_19_17_32.734541.jpg
2176,69452.767877,51/RGB/Video_51_19_17_32.767877.jpg
2177,69452.801208,51/RGB/Video_51_19_17_32.801208.jpg
2178,69452.834545,51/RGB/Video_51_19_17_32.834545.jpg
2179,69452.867879,51/RGB/Video_51_19_17_32.867879.jpg
2180,69452.901213,51/RGB/Video_51_19_17_32.901213.jpg
2181,69452.934545,51/RGB/Video_51_19_17_32.934545.jpg
2182,69452.967881,51/RGB/Video_51_19_17_32.967881.jpg
2183,69453.001213,51/RGB/Video_51_19_17_33.001213.jpg
2184,69453.034549,51/RGB/Video_51_19_17_33.034549.jpg
2185,69453.067881,51/RGB/Video_51_19_17_33.067881.jpg
2186,69453.101218,51/RGB/Video_51_19_17_33.101218.jpg
2187,69453.13455,51/RGB/Video_51_19_17_33.134550.jpg
2188,69453.167883,51/RGB/Video_51_19_17_33.167883.jpg
2189,69453.201218,51/RGB/Video_51_19_17_33.201218.jpg
2190,69453.234554,51/RGB/Video_51_19_17_33.234554.jpg
2191,69453.267886,51/RGB/Video_51_19_17_33.267886.jpg
2192,69453.30122,51/RGB/Video_51_19_17_33.301220.jpg
2193,69453.334554,51/RGB/Video_51_19_17_33.334554.jpg
2194,69453.367888,51/RGB/Video_51_19_17_33.367888.jpg
2195,69453.403063,51/RGB/Video_51_19_17_33.403063.jpg
2196,69453.436398,51/RGB/Video_51_19_17_33.436398.jpg
2197,69453.469732,51/RGB/Video_51_19_17_33.469732.jpg
2198,69453.503065,51/RGB/Video_51_19_17_33.503065.jpg
2199,69453.536402,51/RGB/Video_51_19_17_33.536402.jpg
2200,69453.569733,51/RGB/Video_51_19_17_33.569733.jpg
2201,69453.603068,51/RGB/Video_51_19_17_33.603068.jpg
2202,69453.636402,51/RGB/Video_51_19_17_33.636402.jpg
2203,69453.669736,51/RGB/Video_51_19_17_33.669736.jpg
2204,69453.70307,51/RGB/Video_51_19_17_33.703070.jpg
2205,69453.736404,51/RGB/Video_51_19_17_33.736404.jpg
2206,69453.769737,51/RGB/Video_51_19_17_33.769737.jpg
2207,69453.803072,51/RGB/Video_51_19_17_33.803072.jpg
2208,69453.836406,51/RGB/Video_51_19_17_33.836406.jpg
2209,69453.869742,51/RGB/Video_51_19_17_33.869742.jpg
2210,69453.903077,51/RGB/Video_51_19_17_33.903077.jpg
2211,69453.936407,51/RGB/Video_51_19_17_33.936407.jpg
2212,69453.969742,51/RGB/Video_51_19_17_33.969742.jpg
2213,69454.003076,51/RGB/Video_51_19_17_34.003076.jpg
2214,69454.03641,51/RGB/Video_51_19_17_34.036410.jpg
2215,69454.069744,51/RGB/Video_51_19_17_34.069744.jpg
2216,69454.103081,51/RGB/Video_51_19_17_34.103081.jpg
2217,69454.136412,51/RGB/Video_51_19_17_34.136412.jpg
2218,69454.169748,51/RGB/Video_51_19_17_34.169748.jpg
2219,69454.203082,51/RGB/Video_51_19_17_34.203082.jpg
2220,69454.236417,51/RGB/Video_51_19_17_34.236417.jpg
2221,69454.269751,51/RGB/Video_51_19_17_34.269751.jpg
2222,69454.303084,51/RGB/Video_51_19_17_34.303084.jpg
2223,69454.336416,51/RGB/Video_51_19_17_34.336416.jpg
2224,69454.369752,51/RGB/Video_51_19_17_34.369752.jpg
2225,69454.403083,51/RGB/Video_51_19_17_34.403083.jpg
2226,69454.436421,51/RGB/Video_51_19_17_34.436421.jpg
2227,69454.469752,51/RGB/Video_51_19_17_34.469752.jpg
2228,69454.503088,51/RGB/Video_51_19_17_34.503088.jpg
2229,69454.536422,51/RGB/Video_51_19_17_34.536422.jpg
2230,69454.569753,51/RGB/Video_51_19_17_34.569753.jpg
2231,69454.603087,51/RGB/Video_51_19_17_34.603087.jpg
2232,69454.636424,51/RGB/Video_51_19_17_34.636424.jpg
2233,69454.669758,51/RGB/Video_51_19_17_34.669758.jpg
2234,69454.70309,51/RGB/Video_51_19_17_34.703090.jpg
2235,69454.736429,51/RGB/Video_51_19_17_34.736429.jpg
2236,69454.769761,51/RGB/Video_51_19_17_34.769761.jpg
2237,69454.803097,51/RGB/Video_51_19_17_34.803097.jpg
2238,69454.836428,51/RGB/Video_51_19_17_34.836428.jpg
2239,69454.869763,51/RGB/Video_51_19_17_34.869763.jpg
2240,69454.903097,51/RGB/Video_51_19_17_34.903097.jpg
2241,69454.936431,51/RGB/Video_51_19_17_34.936431.jpg
2242,69454.969767,51/RGB/Video_51_19_17_34.969767.jpg
2243,69455.003099,51/RGB/Video_51_19_17_35.003099.jpg
2244,69455.036435,51/RGB/Video_51_19_17_35.036435.jpg
2245,69455.069766,51/RGB/Video_51_19_17_35.069766.jpg
2246,69455.1031,51/RGB/Video_51_19_17_35.103100.jpg
2247,69455.136435,51/RGB/Video_51_19_17_35.136435.jpg
2248,69455.169771,51/RGB/Video_51_19_17_35.169771.jpg
2249,69455.203105,51/RGB/Video_51_19_17_35.203105.jpg
2250,69455.236439,51/RGB/Video_51_19_17_35.236439.jpg
2251,69455.269773,51/RGB/Video_51_19_17_35.269773.jpg
2252,69455.303105,51/RGB/Video_51_19_17_35.303105.jpg
2253,69455.336438,51/RGB/Video_51_19_17_35.336438.jpg
2254,69455.369775,51/RGB/Video_51_19_17_35.369775.jpg
2255,69455.403107,51/RGB/Video_51_19_17_35.403107.jpg
2256,69455.436443,51/RGB/Video_51_19_17_35.436443.jpg
2257,69455.469775,51/RGB/Video_51_19_17_35.469775.jpg
2258,69455.503111,51/RGB/Video_51_19_17_35.503111.jpg
2259,69455.536445,51/RGB/Video_51_19_17_35.536445.jpg
2260,69455.569777,51/RGB/Video_51_19_17_35.569777.jpg
2261,69455.603111,51/RGB/Video_51_19_17_35.603111.jpg
2262,69455.636445,51/RGB/Video_51_19_17_35.636445.jpg
2263,69455.669779,51/RGB/Video_51_19_17_35.669779.jpg
2264,69455.703113,51/RGB/Video_51_19_17_35.703113.jpg
2265,69455.736447,51/RGB/Video_51_19_17_35.736447.jpg
2266,69455.769783,51/RGB/Video_51_19_17_35.769783.jpg
2267,69455.803117,51/RGB/Video_51_19_17_35.803117.jpg
2268,69455.836452,51/RGB/Video_51_19_17_35.836452.jpg
2269,69455.869785,51/RGB/Video_51_19_17_35.869785.jpg
2270,69455.903119,51/RGB/Video_51_19_17_35.903119.jpg
2271,69455.936454,51/RGB/Video_51_19_17_35.936454.jpg
2272,69455.969785,51/RGB/Video_51_19_17_35.969785.jpg
2273,69456.003121,51/RGB/Video_51_19_17_36.003121.jpg
2274,69456.036453,51/RGB/Video_51_19_17_36.036453.jpg
2275,69456.069786,51/RGB/Video_51_19_17_36.069786.jpg
2276,69456.103121,51/RGB/Video_51_19_17_36.103121.jpg
2277,69456.136455,51/RGB/Video_51_19_17_36.136455.jpg
2278,69456.169789,51/RGB/Video_51_19_17_36.169789.jpg
2279,69456.203124,51/RGB/Video_51_19_17_36.203124.jpg
2280,69456.236458,51/RGB/Video_51_19_17_36.236458.jpg
2281,69456.269791,51/RGB/Video_51_19_17_36.269791.jpg
2282,69456.303125,51/RGB/Video_51_19_17_36.303125.jpg
2283,69456.336459,51/RGB/Video_51_19_17_36.336459.jpg
2284,69456.369793,51/RGB/Video_51_19_17_36.369793.jpg
2285,69456.403127,51/RGB/Video_51_19_17_36.403127.jpg
2286,69456.436461,51/RGB/Video_51_19_17_36.436461.jpg
2287,69456.469795,51/RGB/Video_51_19_17_36.469795.jpg
2288,69456.503129,51/RGB/Video_51_19_17_36.503129.jpg
2289,69456.536463,51/RGB/Video_51_19_17_36.536463.jpg
2290,69456.569796,51/RGB/Video_51_19_17_36.569796.jpg
2291,69456.603131,51/RGB/Video_51_19_17_36.603131.jpg
2292,69456.636464,51/RGB/Video_51_19_17_36.636464.jpg
2293,69456.669801,51/RGB/Video_51_19_17_36.669801.jpg
2294,69456.703133,51/RGB/Video_51_19_17_36.703133.jpg
2295,69456.736467,51/RGB/Video_51_19_17_36.736467.jpg
2296,69456.7698,51/RGB/Video_51_19_17_36.769800.jpg
2297,69456.803135,51/RGB/Video_51_19_17_36.803135.jpg
2298,69456.836469,51/RGB/Video_51_19_17_36.836469.jpg
2299,69456.869802,51/RGB/Video_51_19_17_36.869802.jpg
2300,69456.903136,51/RGB/Video_51_19_17_36.903136.jpg
2301,69456.93647,51/RGB/Video_51_19_17_36.936470.jpg
2302,69456.969805,51/RGB/Video_51_19_17_36.969805.jpg
2303,69457.003138,51/RGB/Video_51_19_17_37.003138.jpg
2304,69457.036472,51/RGB/Video_51_19_17_37.036472.jpg
2305,69457.069807,51/RGB/Video_51_19_17_37.069807.jpg
2306,69457.103141,51/RGB/Video_51_19_17_37.103141.jpg
2307,69457.136483,51/RGB/Video_51_19_17_37.136483.jpg
2308,69457.169817,51/RGB/Video_51_19_17_37.169817.jpg
2309,69457.203151,51/RGB/Video_51_19_17_37.203151.jpg
2310,69457.236485,51/RGB/Video_51_19_17_37.236485.jpg
2311,69457.269818,51/RGB/Video_51_19_17_37.269818.jpg
2312,69457.303154,51/RGB/Video_51_19_17_37.303154.jpg
2313,69457.336487,51/RGB/Video_51_19_17_37.336487.jpg
2314,69457.369824,51/RGB/Video_51_19_17_37.369824.jpg
2315,69457.403156,51/RGB/Video_51_19_17_37.403156.jpg
2316,69457.43649,51/RGB/Video_51_19_17_37.436490.jpg
2317,69457.469824,51/RGB/Video_51_19_17_37.469824.jpg
2318,69457.503158,51/RGB/Video_51_19_17_37.503158.jpg
2319,69457.536492,51/RGB/Video_51_19_17_37.536492.jpg
2320,69457.569826,51/RGB/Video_51_19_17_37.569826.jpg
2321,69457.603162,51/RGB/Video_51_19_17_37.603162.jpg
2322,69457.636494,51/RGB/Video_51_19_17_37.636494.jpg
2323,69457.66983,51/RGB/Video_51_19_17_37.669830.jpg
2324,69457.703164,51/RGB/Video_51_19_17_37.703164.jpg
2325,69457.736496,51/RGB/Video_51_19_17_37.736496.jpg
2326,69457.769829,51/RGB/Video_51_19_17_37.769829.jpg
2327,69457.803166,51/RGB/Video_51_19_17_37.803166.jpg
2328,69457.836498,51/RGB/Video_51_19_17_37.836498.jpg
2329,69457.869834,51/RGB/Video_51_19_17_37.869834.jpg
2330,69457.903166,51/RGB/Video_51_19_17_37.903166.jpg
2331,69457.9365,51/RGB/Video_51_19_17_37.936500.jpg
2332,69457.969833,51/RGB/Video_51_19_17_37.969833.jpg
2333,69458.003167,51/RGB/Video_51_19_17_38.003167.jpg
2334,69458.036501,51/RGB/Video_51_19_17_38.036501.jpg
2335,69458.069838,51/RGB/Video_51_19_17_38.069838.jpg
2336,69458.10317,51/RGB/Video_51_19_17_38.103170.jpg
2337,69458.136503,51/RGB/Video_51_19_17_38.136503.jpg
2338,69458.16984,51/RGB/Video_51_19_17_38.169840.jpg
2339,69458.203174,51/RGB/Video_51_19_17_38.203174.jpg
2340,69458.236505,51/RGB/Video_51_19_17_38.236505.jpg
2341,69458.269839,51/RGB/Video_51_19_17_38.269839.jpg
2342,69458.303176,51/RGB/Video_51_19_17_38.303176.jpg
2343,69458.336508,51/RGB/Video_51_19_17_38.336508.jpg
2344,69458.369844,51/RGB/Video_51_19_17_38.369844.jpg
2345,69458.403176,51/RGB/Video_51_19_17_38.403176.jpg
2346,69458.436512,51/RGB/Video_51_19_17_38.436512.jpg
2347,69458.469846,51/RGB/Video_51_19_17_38.469846.jpg
2348,69458.503178,51/RGB/Video_51_19_17_38.503178.jpg
2349,69458.536512,51/RGB/Video_51_19_17_38.536512.jpg
2350,69458.569846,51/RGB/Video_51_19_17_38.569846.jpg
2351,69458.603182,51/RGB/Video_51_19_17_38.603182.jpg
2352,69458.636514,51/RGB/Video_51_19_17_38.636514.jpg
2353,69458.66985,51/RGB/Video_51_19_17_38.669850.jpg
2354,69458.703181,51/RGB/Video_51_19_17_38.703181.jpg
2355,69458.736518,51/RGB/Video_51_19_17_38.736518.jpg
2356,69458.76985,51/RGB/Video_51_19_17_38.769850.jpg
2357,69458.803186,51/RGB/Video_51_19_17_38.803186.jpg
2358,69458.836518,51/RGB/Video_51_19_17_38.836518.jpg
2359,69458.869855,51/RGB/Video_51_19_17_38.869855.jpg
2360,69458.903188,51/RGB/Video_51_19_17_38.903188.jpg
2361,69458.936522,51/RGB/Video_51_19_17_38.936522.jpg
2362,69458.969856,51/RGB/Video_51_19_17_38.969856.jpg
2363,69459.003188,51/RGB/Video_51_19_17_39.003188.jpg
2364,69459.036522,51/RGB/Video_51_19_17_39.036522.jpg
2365,69459.069856,51/RGB/Video_51_19_17_39.069856.jpg
2366,69459.103192,51/RGB/Video_51_19_17_39.103192.jpg
2367,69459.136524,51/RGB/Video_51_19_17_39.136524.jpg
2368,69459.16986,51/RGB/Video_51_19_17_39.169860.jpg
2369,69459.203194,51/RGB/Video_51_19_17_39.203194.jpg
2370,69459.236526,51/RGB/Video_51_19_17_39.236526.jpg
2371,69459.26986,51/RGB/Video_51_19_17_39.269860.jpg
2372,69459.303193,51/RGB/Video_51_19_17_39.303193.jpg
2373,69459.33653,51/RGB/Video_51_19_17_39.336530.jpg
2374,69459.369862,51/RGB/Video_51_19_17_39.369862.jpg
2375,69459.403198,51/RGB/Video_51_19_17_39.403198.jpg
2376,69459.436529,51/RGB/Video_51_19_17_39.436529.jpg
2377,69459.469866,51/RGB/Video_51_19_17_39.469866.jpg
2378,69459.503197,51/RGB/Video_51_19_17_39.503197.jpg
2379,69459.536532,51/RGB/Video_51_19_17_39.536532.jpg
2380,69459.569866,51/RGB/Video_51_19_17_39.569866.jpg
2381,69459.6032,51/RGB/Video_51_19_17_39.603200.jpg
2382,69459.636536,51/RGB/Video_51_19_17_39.636536.jpg
2383,69459.669868,51/RGB/Video_51_19_17_39.669868.jpg
2384,69459.703202,51/RGB/Video_51_19_17_39.703202.jpg
2385,69459.736536,51/RGB/Video_51_19_17_39.736536.jpg
2386,69459.76987,51/RGB/Video_51_19_17_39.769870.jpg
2387,69459.803688,51/RGB/Video_51_19_17_39.803688.jpg
2388,69459.837021,51/RGB/Video_51_19_17_39.837021.jpg
2389,69459.870355,51/RGB/Video_51_19_17_39.870355.jpg
2390,69459.90369,51/RGB/Video_51_19_17_39.903690.jpg
2391,69459.937024,51/RGB/Video_51_19_17_39.937024.jpg
2392,69459.970358,51/RGB/Video_51_19_17_39.970358.jpg
2393,69460.003691,51/RGB/Video_51_19_17_40.003691.jpg
2394,69460.037025,51/RGB/Video_51_19_17_40.037025.jpg
2395,69460.07036,51/RGB/Video_51_19_17_40.070360.jpg
2396,69460.103694,51/RGB/Video_51_19_17_40.103694.jpg
2397,69460.137028,51/RGB/Video_51_19_17_40.137028.jpg
2398,69460.170361,51/RGB/Video_51_19_17_40.170361.jpg
2399,69460.203695,51/RGB/Video_51_19_17_40.203695.jpg
2400,69460.237029,51/RGB/Video_51_19_17_40.237029.jpg
2401,69460.270364,51/RGB/Video_51_19_17_40.270364.jpg
2402,69460.303698,51/RGB/Video_51_19_17_40.303698.jpg
2403,69460.337031,51/RGB/Video_51_19_17_40.337031.jpg
2404,69460.370366,51/RGB/Video_51_19_17_40.370366.jpg
2405,69460.403699,51/RGB/Video_51_19_17_40.403699.jpg
2406,69460.437034,51/RGB/Video_51_19_17_40.437034.jpg
2407,69460.470368,51/RGB/Video_51_19_17_40.470368.jpg
2408,69460.503702,51/RGB/Video_51_19_17_40.503702.jpg
2409,69460.537035,51/RGB/Video_51_19_17_40.537035.jpg
2410,69460.57037,51/RGB/Video_51_19_17_40.570370.jpg
2411,69460.603704,51/RGB/Video_51_19_17_40.603704.jpg
2412,69460.637037,51/RGB/Video_51_19_17_40.637037.jpg
2413,69460.670371,51/RGB/Video_51_19_17_40.670371.jpg
2414,69460.703706,51/RGB/Video_51_19_17_40.703706.jpg
2415,69460.73704,51/RGB/Video_51_19_17_40.737040.jpg
2416,69460.770374,51/RGB/Video_51_19_17_40.770374.jpg
2417,69460.80371,51/RGB/Video_51_19_17_40.803710.jpg
2418,69460.837044,51/RGB/Video_51_19_17_40.837044.jpg
2419,69460.870376,51/RGB/Video_51_19_17_40.870376.jpg
2420,69460.903712,51/RGB/Video_51_19_17_40.903712.jpg
2421,69460.937046,51/RGB/Video_51_19_17_40.937046.jpg
2422,69460.97038,51/RGB/Video_51_19_17_40.970380.jpg
2423,69461.003715,51/RGB/Video_51_19_17_41.003715.jpg
2424,69461.037045,51/RGB/Video_51_19_17_41.037045.jpg
2425,69461.07038,51/RGB/Video_51_19_17_41.070380.jpg
2426,69461.103714,51/RGB/Video_51_19_17_41.103714.jpg
2427,69461.137047,51/RGB/Video_51_19_17_41.137047.jpg
2428,69461.170382,51/RGB/Video_51_19_17_41.170382.jpg
2429,69461.203716,51/RGB/Video_51_19_17_41.203716.jpg
2430,69461.23705,51/RGB/Video_51_19_17_41.237050.jpg
2431,69461.270386,51/RGB/Video_51_19_17_41.270386.jpg
2432,69461.30372,51/RGB/Video_51_19_17_41.303720.jpg
2433,69461.337052,51/RGB/Video_51_19_17_41.337052.jpg
2434,69461.370386,51/RGB/Video_51_19_17_41.370386.jpg
2435,69461.40372,51/RGB/Video_51_19_17_41.403720.jpg
2436,69461.437054,51/RGB/Video_51_19_17_41.437054.jpg
2437,69461.470388,51/RGB/Video_51_19_17_41.470388.jpg
2438,69461.503722,51/RGB/Video_51_19_17_41.503722.jpg
2439,69461.537056,51/RGB/Video_51_19_17_41.537056.jpg
2440,69461.570389,51/RGB/Video_51_19_17_41.570389.jpg
2441,69461.603726,51/RGB/Video_51_19_17_41.603726.jpg
2442,69461.63706,51/RGB/Video_51_19_17_41.637060.jpg
2443,69461.670392,51/RGB/Video_51_19_17_41.670392.jpg
2444,69461.703726,51/RGB/Video_51_19_17_41.703726.jpg
2445,69461.737061,51/RGB/Video_51_19_17_41.737061.jpg
2446,69461.770393,51/RGB/Video_51_19_17_41.770393.jpg
2447,69461.803728,51/RGB/Video_51_19_17_41.803728.jpg
2448,69461.837064,51/RGB/Video_51_19_17_41.837064.jpg
2449,69461.870396,51/RGB/Video_51_19_17_41.870396.jpg
2450,69461.903732,51/RGB/Video_51_19_17_41.903732.jpg
2451,69461.937066,51/RGB/Video_51_19_17_41.937066.jpg
2452,69461.9704,51/RGB/Video_51_19_17_41.970400.jpg
2453,69462.003732,51/RGB/Video_51_19_17_42.003732.jpg
2454,69462.037066,51/RGB/Video_51_19_17_42.037066.jpg
2455,69462.070399,51/RGB/Video_51_19_17_42.070399.jpg
2456,69462.103734,51/RGB/Video_51_19_17_42.103734.jpg
2457,69462.137068,51/RGB/Video_51_19_17_42.137068.jpg
2458,69462.170403,51/RGB/Video_51_19_17_42.170403.jpg
2459,69462.203735,51/RGB/Video_51_19_17_42.203735.jpg
2460,69462.23707,51/RGB/Video_51_19_17_42.237070.jpg
2461,69462.270406,51/RGB/Video_51_19_17_42.270406.jpg
2462,69462.303738,51/RGB/Video_51_19_17_42.303738.jpg
2463,69462.337071,51/RGB/Video_51_19_17_42.337071.jpg
2464,69462.370406,51/RGB/Video_51_19_17_42.370406.jpg
2465,69462.40374,51/RGB/Video_51_19_17_42.403740.jpg
2466,69462.437074,51/RGB/Video_51_19_17_42.437074.jpg
2467,69462.47041,51/RGB/Video_51_19_17_42.470410.jpg
2468,69462.503744,51/RGB/Video_51_19_17_42.503744.jpg
2469,69462.537076,51/RGB/Video_51_19_17_42.537076.jpg
2470,69462.570412,51/RGB/Video_51_19_17_42.570412.jpg
2471,69462.603747,51/RGB/Video_51_19_17_42.603747.jpg
2472,69462.637078,51/RGB/Video_51_19_17_42.637078.jpg
2473,69462.670414,51/RGB/Video_51_19_17_42.670414.jpg
2474,69462.703748,51/RGB/Video_51_19_17_42.703748.jpg
2475,69462.737082,51/RGB/Video_51_19_17_42.737082.jpg
2476,69462.770414,51/RGB/Video_51_19_17_42.770414.jpg
2477,69462.803748,51/RGB/Video_51_19_17_42.803748.jpg
2478,69462.837081,51/RGB/Video_51_19_17_42.837081.jpg
2479,69462.870416,51/RGB/Video_51_19_17_42.870416.jpg
2480,69462.90375,51/RGB/Video_51_19_17_42.903750.jpg
2481,69462.937084,51/RGB/Video_51_19_17_42.937084.jpg
2482,69462.97042,51/RGB/Video_51_19_17_42.970420.jpg
2483,69463.003754,51/RGB/Video_51_19_17_43.003754.jpg
2484,69463.037086,51/RGB/Video_51_19_17_43.037086.jpg
2485,69463.070498,51/RGB/Video_51_19_17_43.070498.jpg
2486,69463.10383,51/RGB/Video_51_19_17_43.103830.jpg
2487,69463.137163,51/RGB/Video_51_19_17_43.137163.jpg
2488,69463.170498,51/RGB/Video_51_19_17_43.170498.jpg
2489,69463.203831,51/RGB/Video_51_19_17_43.203831.jpg
2490,69463.237166,51/RGB/Video_51_19_17_43.237166.jpg
2491,69463.2705,51/RGB/Video_51_19_17_43.270500.jpg
2492,69463.303833,51/RGB/Video_51_19_17_43.303833.jpg
2493,69463.337168,51/RGB/Video_51_19_17_43.337168.jpg
2494,69463.370501,51/RGB/Video_51_19_17_43.370501.jpg
2495,69463.403836,51/RGB/Video_51_19_17_43.403836.jpg
2496,69463.437169,51/RGB/Video_51_19_17_43.437169.jpg
2497,69463.470504,51/RGB/Video_51_19_17_43.470504.jpg
2498,69463.503838,51/RGB/Video_51_19_17_43.503838.jpg
2499,69463.537172,51/RGB/Video_51_19_17_43.537172.jpg
2500,69463.570505,51/RGB/Video_51_19_17_43.570505.jpg
2501,69463.603839,51/RGB/Video_51_19_17_43.603839.jpg
2502,69463.637173,51/RGB/Video_51_19_17_43.637173.jpg
2503,69463.670508,51/RGB/Video_51_19_17_43.670508.jpg
2504,69463.703844,51/RGB/Video_51_19_17_43.703844.jpg
2505,69463.737178,51/RGB/Video_51_19_17_43.737178.jpg
2506,69463.77051,51/RGB/Video_51_19_17_43.770510.jpg
2507,69463.803843,51/RGB/Video_51_19_17_43.803843.jpg
2508,69463.837178,51/RGB/Video_51_19_17_43.837178.jpg
2509,69463.870512,51/RGB/Video_51_19_17_43.870512.jpg
2510,69463.903846,51/RGB/Video_51_19_17_43.903846.jpg
2511,69463.93718,51/RGB/Video_51_19_17_43.937180.jpg
2512,69463.970513,51/RGB/Video_51_19_17_43.970513.jpg
2513,69464.003848,51/RGB/Video_51_19_17_44.003848.jpg
2514,69464.037181,51/RGB/Video_51_19_17_44.037181.jpg
2515,69464.070516,51/RGB/Video_51_19_17_44.070516.jpg
2516,69464.10385,51/RGB/Video_51_19_17_44.103850.jpg
2517,69464.137184,51/RGB/Video_51_19_17_44.137184.jpg
2518,69464.170518,51/RGB/Video_51_19_17_44.170518.jpg
2519,69464.203852,51/RGB/Video_51_19_17_44.203852.jpg
2520,69464.237188,51/RGB/Video_51_19_17_44.237188.jpg
2521,69464.270519,51/RGB/Video_51_19_17_44.270519.jpg
2522,69464.303854,51/RGB/Video_51_19_17_44.303854.jpg
2523,69464.337188,51/RGB/Video_51_19_17_44.337188.jpg
2524,69464.370524,51/RGB/Video_51_19_17_44.370524.jpg
2525,69464.403858,51/RGB/Video_51_19_17_44.403858.jpg
2526,69464.43719,51/RGB/Video_51_19_17_44.437190.jpg
2527,69464.470524,51/RGB/Video_51_19_17_44.470524.jpg
2528,69464.503857,51/RGB/Video_51_19_17_44.503857.jpg
2529,69464.537192,51/RGB/Video_51_19_17_44.537192.jpg
2530,69464.570526,51/RGB/Video_51_19_17_44.570526.jpg
2531,69464.603862,51/RGB/Video_51_19_17_44.603862.jpg
2532,69464.637194,51/RGB/Video_51_19_17_44.637194.jpg
2533,69464.670528,51/RGB/Video_51_19_17_44.670528.jpg
2534,69464.703864,51/RGB/Video_51_19_17_44.703864.jpg
2535,69464.737196,51/RGB/Video_51_19_17_44.737196.jpg
2536,69464.770532,51/RGB/Video_51_19_17_44.770532.jpg
2537,69464.803866,51/RGB/Video_51_19_17_44.803866.jpg
2538,69464.837197,51/RGB/Video_51_19_17_44.837197.jpg
2539,69464.870532,51/RGB/Video_51_19_17_44.870532.jpg
2540,69464.903866,51/RGB/Video_51_19_17_44.903866.jpg
2541,69464.9372,51/RGB/Video_51_19_17_44.937200.jpg
2542,69464.970534,51/RGB/Video_51_19_17_44.970534.jpg
2543,69465.003868,51/RGB/Video_51_19_17_45.003868.jpg
2544,69465.037204,51/RGB/Video_51_19_17_45.037204.jpg
2545,69465.070536,51/RGB/Video_51_19_17_45.070536.jpg
2546,69465.10387,51/RGB/Video_51_19_17_45.103870.jpg
2547,69465.137206,51/RGB/Video_51_19_17_45.137206.jpg
2548,69465.17054,51/RGB/Video_51_19_17_45.170540.jpg
2549,69465.203874,51/RGB/Video_51_19_17_45.203874.jpg
2550,69465.237206,51/RGB/Video_51_19_17_45.237206.jpg
2551,69465.270542,51/RGB/Video_51_19_17_45.270542.jpg
2552,69465.303874,51/RGB/Video_51_19_17_45.303874.jpg
2553,69465.337208,51/RGB/Video_51_19_17_45.337208.jpg
2554,69465.370542,51/RGB/Video_51_19_17_45.370542.jpg
2555,69465.403876,51/RGB/Video_51_19_17_45.403876.jpg
2556,69465.43721,51/RGB/Video_51_19_17_45.437210.jpg
2557,69465.470543,51/RGB/Video_51_19_17_45.470543.jpg
2558,69465.503877,51/RGB/Video_51_19_17_45.503877.jpg
2559,69465.537214,51/RGB/Video_51_19_17_45.537214.jpg
2560,69465.570548,51/RGB/Video_51_19_17_45.570548.jpg
2561,69465.603882,51/RGB/Video_51_19_17_45.603882.jpg
2562,69465.637214,51/RGB/Video_51_19_17_45.637214.jpg
2563,69465.670548,51/RGB/Video_51_19_17_45.670548.jpg
2564,69465.703882,51/RGB/Video_51_19_17_45.703882.jpg
2565,69465.737218,51/RGB/Video_51_19_17_45.737218.jpg
2566,69465.770552,51/RGB/Video_51_19_17_45.770552.jpg
2567,69465.803886,51/RGB/Video_51_19_17_45.803886.jpg
2568,69465.837218,51/RGB/Video_51_19_17_45.837218.jpg
2569,69465.870554,51/RGB/Video_51_19_17_45.870554.jpg
2570,69465.903886,51/RGB/Video_51_19_17_45.903886.jpg
2571,69465.93722,51/RGB/Video_51_19_17_45.937220.jpg
2572,69465.970556,51/RGB/Video_51_19_17_45.970556.jpg
2573,69466.003889,51/RGB/Video_51_19_17_46.003889.jpg
2574,69466.037224,51/RGB/Video_51_19_17_46.037224.jpg
2575,69466.070555,51/RGB/Video_51_19_17_46.070555.jpg
2576,69466.10389,51/RGB/Video_51_19_17_46.103890.jpg
2577,69466.137226,51/RGB/Video_51_19_17_46.137226.jpg
2578,69466.170557,51/RGB/Video_51_19_17_46.170557.jpg
2579,69466.203891,51/RGB/Video_51_19_17_46.203891.jpg
2580,69466.237226,51/RGB/Video_51_19_17_46.237226.jpg
2581,69466.27056,51/RGB/Video_51_19_17_46.270560.jpg
2582,69466.303894,51/RGB/Video_51_19_17_46.303894.jpg
2583,69466.337228,51/RGB/Video_51_19_17_46.337228.jpg
2584,69466.370562,51/RGB/Video_51_19_17_46.370562.jpg
2585,69466.403896,51/RGB/Video_51_19_17_46.403896.jpg
2586,69466.43723,51/RGB/Video_51_19_17_46.437230.jpg
2587,69466.470564,51/RGB/Video_51_19_17_46.470564.jpg
2588,69466.503898,51/RGB/Video_51_19_17_46.503898.jpg
2589,69466.537231,51/RGB/Video_51_19_17_46.537231.jpg
2590,69466.570568,51/RGB/Video_51_19_17_46.570568.jpg
2591,69466.603899,51/RGB/Video_51_19_17_46.603899.jpg
2592,69466.637233,51/RGB/Video_51_19_17_46.637233.jpg
2593,69466.670568,51/RGB/Video_51_19_17_46.670568.jpg
2594,69466.703901,51/RGB/Video_51_19_17_46.703901.jpg
2595,69466.737235,51/RGB/Video_51_19_17_46.737235.jpg
2596,69466.77057,51/RGB/Video_51_19_17_46.770570.jpg
2597,69466.803904,51/RGB/Video_51_19_17_46.803904.jpg
2598,69466.83724,51/RGB/Video_51_19_17_46.837240.jpg
2599,69466.870572,51/RGB/Video_51_19_17_46.870572.jpg
2600,69466.903906,51/RGB/Video_51_19_17_46.903906.jpg
2601,69466.937278,51/RGB/Video_51_19_17_46.937278.jpg
2602,69466.970612,51/RGB/Video_51_19_17_46.970612.jpg
2603,69467.003946,51/RGB/Video_51_19_17_47.003946.jpg
2604,69467.03728,51/RGB/Video_51_19_17_47.037280.jpg
2605,69467.070613,51/RGB/Video_51_19_17_47.070613.jpg
2606,69467.103947,51/RGB/Video_51_19_17_47.103947.jpg
2607,69467.137282,51/RGB/Video_51_19_17_47.137282.jpg
2608,69467.170618,51/RGB/Video_51_19_17_47.170618.jpg
2609,69467.203949,51/RGB/Video_51_19_17_47.203949.jpg
2610,69467.237286,51/RGB/Video_51_19_17_47.237286.jpg
2611,69467.270617,51/RGB/Video_51_19_17_47.270617.jpg
2612,69467.303952,51/RGB/Video_51_19_17_47.303952.jpg
2613,69467.337286,51/RGB/Video_51_19_17_47.337286.jpg
2614,69467.37062,51/RGB/Video_51_19_17_47.370620.jpg
2615,69467.403957,51/RGB/Video_51_19_17_47.403957.jpg
2616,69467.437288,51/RGB/Video_51_19_17_47.437288.jpg
2617,69467.470622,51/RGB/Video_51_19_17_47.470622.jpg
2618,69467.503955,51/RGB/Video_51_19_17_47.503955.jpg
2619,69467.53729,51/RGB/Video_51_19_17_47.537290.jpg
2620,69467.570626,51/RGB/Video_51_19_17_47.570626.jpg
2621,69467.603958,51/RGB/Video_51_19_17_47.603958.jpg
2622,69467.637292,51/RGB/Video_51_19_17_47.637292.jpg
2623,69467.670625,51/RGB/Video_51_19_17_47.670625.jpg
2624,69467.703959,51/RGB/Video_51_19_17_47.703959.jpg
2625,69467.737297,51/RGB/Video_51_19_17_47.737297.jpg
2626,69467.77063,51/RGB/Video_51_19_17_47.770630.jpg
2627,69467.803962,51/RGB/Video_51_19_17_47.803962.jpg
2628,69467.837299,51/RGB/Video_51_19_17_47.837299.jpg
2629,69467.870632,51/RGB/Video_51_19_17_47.870632.jpg
2630,69467.903966,51/RGB/Video_51_19_17_47.903966.jpg
2631,69467.937298,51/RGB/Video_51_19_17_47.937298.jpg
2632,69467.970632,51/RGB/Video_51_19_17_47.970632.jpg
2633,69468.003968,51/RGB/Video_51_19_17_48.003968.jpg
2634,69468.037302,51/RGB/Video_51_19_17_48.037302.jpg
2635,69468.070634,51/RGB/Video_51_19_17_48.070634.jpg
2636,69468.103968,51/RGB/Video_51_19_17_48.103968.jpg
2637,69468.137302,51/RGB/Video_51_19_17_48.137302.jpg
2638,69468.170636,51/RGB/Video_51_19_17_48.170636.jpg
2639,69468.20397,51/RGB/Video_51_19_17_48.203970.jpg
2640,69468.237304,51/RGB/Video_51_19_17_48.237304.jpg
2641,69468.270638,51/RGB/Video_51_19_17_48.270638.jpg
2642,69468.303974,51/RGB/Video_51_19_17_48.303974.jpg
2643,69468.337306,51/RGB/Video_51_19_17_48.337306.jpg
2644,69468.37064,51/RGB/Video_51_19_17_48.370640.jpg
2645,69468.403974,51/RGB/Video_51_19_17_48.403974.jpg
2646,69468.43731,51/RGB/Video_51_19_17_48.437310.jpg
2647,69468.470642,51/RGB/Video_51_19_17_48.470642.jpg
2648,69468.503975,51/RGB/Video_51_19_17_48.503975.jpg
2649,69468.53731,51/RGB/Video_51_19_17_48.537310.jpg
2650,69468.570644,51/RGB/Video_51_19_17_48.570644.jpg
2651,69468.603978,51/RGB/Video_51_19_17_48.603978.jpg
2652,69468.637312,51/RGB/Video_51_19_17_48.637312.jpg
2653,69468.670648,51/RGB/Video_51_19_17_48.670648.jpg
2654,69468.70398,51/RGB/Video_51_19_17_48.703980.jpg
2655,69468.737314,51/RGB/Video_51_19_17_48.737314.jpg
2656,69468.770648,51/RGB/Video_51_19_17_48.770648.jpg
2657,69468.803981,51/RGB/Video_51_19_17_48.803981.jpg
2658,69468.837316,51/RGB/Video_51_19_17_48.837316.jpg
2659,69468.870651,51/RGB/Video_51_19_17_48.870651.jpg
2660,69468.903986,51/RGB/Video_51_19_17_48.903986.jpg
2661,69468.93732,51/RGB/Video_51_19_17_48.937320.jpg
2662,69468.970654,51/RGB/Video_51_19_17_48.970654.jpg
2663,69469.003986,51/RGB/Video_51_19_17_49.003986.jpg
2664,69469.037322,51/RGB/Video_51_19_17_49.037322.jpg
2665,69469.070653,51/RGB/Video_51_19_17_49.070653.jpg
2666,69469.103988,51/RGB/Video_51_19_17_49.103988.jpg
2667,69469.137322,51/RGB/Video_51_19_17_49.137322.jpg
2668,69469.170656,51/RGB/Video_51_19_17_49.170656.jpg
2669,69469.20399,51/RGB/Video_51_19_17_49.203990.jpg
2670,69469.237324,51/RGB/Video_51_19_17_49.237324.jpg
2671,69469.270658,51/RGB/Video_51_19_17_49.270658.jpg
2672,69469.303992,51/RGB/Video_51_19_17_49.303992.jpg
2673,69469.337325,51/RGB/Video_51_19_17_49.337325.jpg
2674,69469.370662,51/RGB/Video_51_19_17_49.370662.jpg
2675,69469.403994,51/RGB/Video_51_19_17_49.403994.jpg
2676,69469.437328,51/RGB/Video_51_19_17_49.437328.jpg
2677,69469.470662,51/RGB/Video_51_19_17_49.470662.jpg
2678,69469.503995,51/RGB/Video_51_19_17_49.503995.jpg
2679,69469.53733,51/RGB/Video_51_19_17_49.537330.jpg
2680,69469.570664,51/RGB/Video_51_19_17_49.570664.jpg
2681,69469.603998,51/RGB/Video_51_19_17_49.603998.jpg
2682,69469.637332,51/RGB/Video_51_19_17_49.637332.jpg
2683,69469.670666,51/RGB/Video_51_19_17_49.670666.jpg
2684,69469.704266,51/RGB/Video_51_19_17_49.704266.jpg
2685,69469.7376,51/RGB/Video_51_19_17_49.737600.jpg
2686,69469.770935,51/RGB/Video_51_19_17_49.770935.jpg
2687,69469.804268,51/RGB/Video_51_19_17_49.804268.jpg
2688,69469.837603,51/RGB/Video_51_19_17_49.837603.jpg
2689,69469.870936,51/RGB/Video_51_19_17_49.870936.jpg
2690,69469.904271,51/RGB/Video_51_19_17_49.904271.jpg
2691,69469.937604,51/RGB/Video_51_19_17_49.937604.jpg
2692,69469.970938,51/RGB/Video_51_19_17_49.970938.jpg
2693,69470.004273,51/RGB/Video_51_19_17_50.004273.jpg
2694,69470.03761,51/RGB/Video_51_19_17_50.037610.jpg
2695,69470.070941,51/RGB/Video_51_19_17_50.070941.jpg
2696,69470.104274,51/RGB/Video_51_19_17_50.104274.jpg
2697,69470.137609,51/RGB/Video_51_19_17_50.137609.jpg
2698,69470.170943,51/RGB/Video_51_19_17_50.170943.jpg
2699,69470.204277,51/RGB/Video_51_19_17_50.204277.jpg
2700,69470.23761,51/RGB/Video_51_19_17_50.237610.jpg
2701,69470.270945,51/RGB/Video_51_19_17_50.270945.jpg
2702,69470.304279,51/RGB/Video_51_19_17_50.304279.jpg
2703,69470.337613,51/RGB/Video_51_19_17_50.337613.jpg
2704,69470.370947,51/RGB/Video_51_19_17_50.370947.jpg
2705,69470.404281,51/RGB/Video_51_19_17_50.404281.jpg
2706,69470.437615,51/RGB/Video_51_19_17_50.437615.jpg
2707,69470.470948,51/RGB/Video_51_19_17_50.470948.jpg
2708,69470.504282,51/RGB/Video_51_19_17_50.504282.jpg
2709,69470.537616,51/RGB/Video_51_19_17_50.537616.jpg
2710,69470.570954,51/RGB/Video_51_19_17_50.570954.jpg
2711,69470.604284,51/RGB/Video_51_19_17_50.604284.jpg
2712,69470.637619,51/RGB/Video_51_19_17_50.637619.jpg
2713,69470.670953,51/RGB/Video_51_19_17_50.670953.jpg
2714,69470.704287,51/RGB/Video_51_19_17_50.704287.jpg
2715,69470.737621,51/RGB/Video_51_19_17_50.737621.jpg
2716,69470.770955,51/RGB/Video_51_19_17_50.770955.jpg
2717,69470.804291,51/RGB/Video_51_19_17_50.804291.jpg
2718,69470.837626,51/RGB/Video_51_19_17_50.837626.jpg
2719,69470.87096,51/RGB/Video_51_19_17_50.870960.jpg
2720,69470.90429,51/RGB/Video_51_19_17_50.904290.jpg
2721,69470.937627,51/RGB/Video_51_19_17_50.937627.jpg
2722,69470.970958,51/RGB/Video_51_19_17_50.970958.jpg
2723,69471.004293,51/RGB/Video_51_19_17_51.004293.jpg
2724,69471.037627,51/RGB/Video_51_19_17_51.037627.jpg
2725,69471.070961,51/RGB/Video_51_19_17_51.070961.jpg
2726,69471.104297,51/RGB/Video_51_19_17_51.104297.jpg
2727,69471.137629,51/RGB/Video_51_19_17_51.137629.jpg
2728,69471.170965,51/RGB/Video_51_19_17_51.170965.jpg
2729,69471.204297,51/RGB/Video_51_19_17_51.204297.jpg
2730,69471.23763,51/RGB/Video_51_19_17_51.237630.jpg
2731,69471.270967,51/RGB/Video_51_19_17_51.270967.jpg
2732,69471.304299,51/RGB/Video_51_19_17_51.304299.jpg
2733,69471.337635,51/RGB/Video_51_19_17_51.337635.jpg
2734,69471.370967,51/RGB/Video_51_19_17_51.370967.jpg
2735,69471.404303,51/RGB/Video_51_19_17_51.404303.jpg
2736,69471.437637,51/RGB/Video_51_19_17_51.437637.jpg
2737,69471.470971,51/RGB/Video_51_19_17_51.470971.jpg
2738,69471.504303,51/RGB/Video_51_19_17_51.504303.jpg
2739,69471.537637,51/RGB/Video_51_19_17_51.537637.jpg
2740,69471.57097,51/RGB/Video_51_19_17_51.570970.jpg
2741,69471.604307,51/RGB/Video_51_19_17_51.604307.jpg
2742,69471.637639,51/RGB/Video_51_19_17_51.637639.jpg
2743,69471.670975,51/RGB/Video_51_19_17_51.670975.jpg
2744,69471.704309,51/RGB/Video_51_19_17_51.704309.jpg
2745,69471.737641,51/RGB/Video_51_19_17_51.737641.jpg
2746,69471.770975,51/RGB/Video_51_19_17_51.770975.jpg
2747,69471.804309,51/RGB/Video_51_19_17_51.804309.jpg
2748,69471.837643,51/RGB/Video_51_19_17_51.837643.jpg
2749,69471.870977,51/RGB/Video_51_19_17_51.870977.jpg
2750,69471.90431,51/RGB/Video_51_19_17_51.904310.jpg
2751,69471.937645,51/RGB/Video_51_19_17_51.937645.jpg
2752,69471.970979,51/RGB/Video_51_19_17_51.970979.jpg
2753,69472.004315,51/RGB/Video_51_19_17_52.004315.jpg
2754,69472.037649,51/RGB/Video_51_19_17_52.037649.jpg
2755,69472.070983,51/RGB/Video_51_19_17_52.070983.jpg
2756,69472.104317,51/RGB/Video_51_19_17_52.104317.jpg
2757,69472.137651,51/RGB/Video_51_19_17_52.137651.jpg
2758,69472.170983,51/RGB/Video_51_19_17_52.170983.jpg
2759,69472.204317,51/RGB/Video_51_19_17_52.204317.jpg
2760,69472.237653,51/RGB/Video_51_19_17_52.237653.jpg
2761,69472.270985,51/RGB/Video_51_19_17_52.270985.jpg
2762,69472.304319,51/RGB/Video_51_19_17_52.304319.jpg
2763,69472.337653,51/RGB/Video_51_19_17_52.337653.jpg
2764,69472.370987,51/RGB/Video_51_19_17_52.370987.jpg
2765,69472.404321,51/RGB/Video_51_19_17_52.404321.jpg
2766,69472.437657,51/RGB/Video_51_19_17_52.437657.jpg
2767,69472.470991,51/RGB/Video_51_19_17_52.470991.jpg
2768,69472.504325,51/RGB/Video_51_19_17_52.504325.jpg
2769,69472.537656,51/RGB/Video_51_19_17_52.537656.jpg
2770,69472.57099,51/RGB/Video_51_19_17_52.570990.jpg
2771,69472.604325,51/RGB/Video_51_19_17_52.604325.jpg
2772,69472.637659,51/RGB/Video_51_19_17_52.637659.jpg
2773,69472.670993,51/RGB/Video_51_19_17_52.670993.jpg
2774,69472.704327,51/RGB/Video_51_19_17_52.704327.jpg
2775,69472.737664,51/RGB/Video_51_19_17_52.737664.jpg
2776,69472.770994,51/RGB/Video_51_19_17_52.770994.jpg
2777,69472.804328,51/RGB/Video_51_19_17_52.804328.jpg
2778,69472.837662,51/RGB/Video_51_19_17_52.837662.jpg
2779,69472.870997,51/RGB/Video_51_19_17_52.870997.jpg
2780,69472.904331,51/RGB/Video_51_19_17_52.904331.jpg
2781,69472.937665,51/RGB/Video_51_19_17_52.937665.jpg
2782,69472.970998,51/RGB/Video_51_19_17_52.970998.jpg
2783,69473.004333,51/RGB/Video_51_19_17_53.004333.jpg
2784,69473.037667,51/RGB/Video_51_19_17_53.037667.jpg
2785,69473.071001,51/RGB/Video_51_19_17_53.071001.jpg
2786,69473.104335,51/RGB/Video_51_19_17_53.104335.jpg
2787,69473.137668,51/RGB/Video_51_19_17_53.137668.jpg
2788,69473.171002,51/RGB/Video_51_19_17_53.171002.jpg
2789,69473.204337,51/RGB/Video_51_19_17_53.204337.jpg
2790,69473.23767,51/RGB/Video_51_19_17_53.237670.jpg
2791,69473.271005,51/RGB/Video_51_19_17_53.271005.jpg
2792,69473.304341,51/RGB/Video_51_19_17_53.304341.jpg
2793,69473.337673,51/RGB/Video_51_19_17_53.337673.jpg
2794,69473.371007,51/RGB/Video_51_19_17_53.371007.jpg
2795,69473.40434,51/RGB/Video_51_19_17_53.404340.jpg
2796,69473.437675,51/RGB/Video_51_19_17_53.437675.jpg
2797,69473.471008,51/RGB/Video_51_19_17_53.471008.jpg
2798,69473.504342,51/RGB/Video_51_19_17_53.504342.jpg
2799,69473.537676,51/RGB/Video_51_19_17_53.537676.jpg
2800,69473.571014,51/RGB/Video_51_19_17_53.571014.jpg
2801,69473.604348,51/RGB/Video_51_19_17_53.604348.jpg
2802,69473.637682,51/RGB/Video_51_19_17_53.637682.jpg
2803,69473.671015,51/RGB/Video_51_19_17_53.671015.jpg
2804,69473.704349,51/RGB/Video_51_19_17_53.704349.jpg
2805,69473.737684,51/RGB/Video_51_19_17_53.737684.jpg
2806,69473.771021,51/RGB/Video_51_19_17_53.771021.jpg
2807,69473.804354,51/RGB/Video_51_19_17_53.804354.jpg
2808,69473.837685,51/RGB/Video_51_19_17_53.837685.jpg
2809,69473.871023,51/RGB/Video_51_19_17_53.871023.jpg
2810,69473.904354,51/RGB/Video_51_19_17_53.904354.jpg
2811,69473.937687,51/RGB/Video_51_19_17_53.937687.jpg
2812,69473.971022,51/RGB/Video_51_19_17_53.971022.jpg
2813,69474.004358,51/RGB/Video_51_19_17_54.004358.jpg
2814,69474.03769,51/RGB/Video_51_19_17_54.037690.jpg
2815,69474.071024,51/RGB/Video_51_19_17_54.071024.jpg
2816,69474.104358,51/RGB/Video_51_19_17_54.104358.jpg
2817,69474.137695,51/RGB/Video_51_19_17_54.137695.jpg
2818,69474.171026,51/RGB/Video_51_19_17_54.171026.jpg
2819,69474.204362,51/RGB/Video_51_19_17_54.204362.jpg
2820,69474.237694,51/RGB/Video_51_19_17_54.237694.jpg
2821,69474.271028,51/RGB/Video_51_19_17_54.271028.jpg
2822,69474.304362,51/RGB/Video_51_19_17_54.304362.jpg
2823,69474.337695,51/RGB/Video_51_19_17_54.337695.jpg
2824,69474.37103,51/RGB/Video_51_19_17_54.371030.jpg
2825,69474.404364,51/RGB/Video_51_19_17_54.404364.jpg
2826,69474.437698,51/RGB/Video_51_19_17_54.437698.jpg
2827,69474.471034,51/RGB/Video_51_19_17_54.471034.jpg
2828,69474.504366,51/RGB/Video_51_19_17_54.504366.jpg
2829,69474.5377,51/RGB/Video_51_19_17_54.537700.jpg
2830,69474.571036,51/RGB/Video_51_19_17_54.571036.jpg
2831,69474.60437,51/RGB/Video_51_19_17_54.604370.jpg
2832,69474.637702,51/RGB/Video_51_19_17_54.637702.jpg
2833,69474.671036,51/RGB/Video_51_19_17_54.671036.jpg
2834,69474.70437,51/RGB/Video_51_19_17_54.704370.jpg
2835,69474.737707,51/RGB/Video_51_19_17_54.737707.jpg
2836,69474.771038,51/RGB/Video_51_19_17_54.771038.jpg
2837,69474.804374,51/RGB/Video_51_19_17_54.804374.jpg
2838,69474.837705,51/RGB/Video_51_19_17_54.837705.jpg
2839,69474.871042,51/RGB/Video_51_19_17_54.871042.jpg
2840,69474.904376,51/RGB/Video_51_19_17_54.904376.jpg
2841,69474.937708,51/RGB/Video_51_19_17_54.937708.jpg
2842,69474.971042,51/RGB/Video_51_19_17_54.971042.jpg
2843,69475.004376,51/RGB/Video_51_19_17_55.004376.jpg
2844,69475.037712,51/RGB/Video_51_19_17_55.037712.jpg
2845,69475.071044,51/RGB/Video_51_19_17_55.071044.jpg
2846,69475.104378,51/RGB/Video_51_19_17_55.104378.jpg
2847,69475.137712,51/RGB/Video_51_19_17_55.137712.jpg
2848,69475.171048,51/RGB/Video_51_19_17_55.171048.jpg
2849,69475.204382,51/RGB/Video_51_19_17_55.204382.jpg
2850,69475.237716,51/RGB/Video_51_19_17_55.237716.jpg
2851,69475.271048,51/RGB/Video_51_19_17_55.271048.jpg
2852,69475.304384,51/RGB/Video_51_19_17_55.304384.jpg
2853,69475.337718,51/RGB/Video_51_19_17_55.337718.jpg
2854,69475.37105,51/RGB/Video_51_19_17_55.371050.jpg
2855,69475.404384,51/RGB/Video_51_19_17_55.404384.jpg
2856,69475.437718,51/RGB/Video_51_19_17_55.437718.jpg
2857,69475.471052,51/RGB/Video_51_19_17_55.471052.jpg
2858,69475.504386,51/RGB/Video_51_19_17_55.504386.jpg
2859,69475.537722,51/RGB/Video_51_19_17_55.537722.jpg
2860,69475.571054,51/RGB/Video_51_19_17_55.571054.jpg
2861,69475.604387,51/RGB/Video_51_19_17_55.604387.jpg
2862,69475.637724,51/RGB/Video_51_19_17_55.637724.jpg
2863,69475.671056,51/RGB/Video_51_19_17_55.671056.jpg
2864,69475.70439,51/RGB/Video_51_19_17_55.704390.jpg
2865,69475.737724,51/RGB/Video_51_19_17_55.737724.jpg
2866,69475.771058,51/RGB/Video_51_19_17_55.771058.jpg
2867,69475.804391,51/RGB/Video_51_19_17_55.804391.jpg
2868,69475.837726,51/RGB/Video_51_19_17_55.837726.jpg
2869,69475.871062,51/RGB/Video_51_19_17_55.871062.jpg
2870,69475.904394,51/RGB/Video_51_19_17_55.904394.jpg
2871,69475.937728,51/RGB/Video_51_19_17_55.937728.jpg
2872,69475.971062,51/RGB/Video_51_19_17_55.971062.jpg
2873,69476.004396,51/RGB/Video_51_19_17_56.004396.jpg
2874,69476.037733,51/RGB/Video_51_19_17_56.037733.jpg
2875,69476.071064,51/RGB/Video_51_19_17_56.071064.jpg
2876,69476.104398,51/RGB/Video_51_19_17_56.104398.jpg
2877,69476.137731,51/RGB/Video_51_19_17_56.137731.jpg
2878,69476.171066,51/RGB/Video_51_19_17_56.171066.jpg
2879,69476.2044,51/RGB/Video_51_19_17_56.204400.jpg
2880,69476.237734,51/RGB/Video_51_19_17_56.237734.jpg
2881,69476.272351,51/RGB/Video_51_19_17_56.272351.jpg
2882,69476.305685,51/RGB/Video_51_19_17_56.305685.jpg
2883,69476.33902,51/RGB/Video_51_19_17_56.339020.jpg
2884,69476.372353,51/RGB/Video_51_19_17_56.372353.jpg
2885,69476.405688,51/RGB/Video_51_19_17_56.405688.jpg
2886,69476.439022,51/RGB/Video_51_19_17_56.439022.jpg
2887,69476.472355,51/RGB/Video_51_19_17_56.472355.jpg
2888,69476.50569,51/RGB/Video_51_19_17_56.505690.jpg
2889,69476.53903,51/RGB/Video_51_19_17_56.539030.jpg
2890,69476.572363,51/RGB/Video_51_19_17_56.572363.jpg
2891,69476.6057,51/RGB/Video_51_19_17_56.605700.jpg
2892,69476.639032,51/RGB/Video_51_19_17_56.639032.jpg
2893,69476.672365,51/RGB/Video_51_19_17_56.672365.jpg
2894,69476.7057,51/RGB/Video_51_19_17_56.705700.jpg
2895,69476.739034,51/RGB/Video_51_19_17_56.739034.jpg
2896,69476.772367,51/RGB/Video_51_19_17_56.772367.jpg
2897,69476.805702,51/RGB/Video_51_19_17_56.805702.jpg
2898,69476.839036,51/RGB/Video_51_19_17_56.839036.jpg
2899,69476.872369,51/RGB/Video_51_19_17_56.872369.jpg
2900,69476.905703,51/RGB/Video_51_19_17_56.905703.jpg
2901,69476.939038,51/RGB/Video_51_19_17_56.939038.jpg
2902,69476.972372,51/RGB/Video_51_19_17_56.972372.jpg
2903,69477.005706,51/RGB/Video_51_19_17_57.005706.jpg
2904,69477.03904,51/RGB/Video_51_19_17_57.039040.jpg
2905,69477.072374,51/RGB/Video_51_19_17_57.072374.jpg
2906,69477.105708,51/RGB/Video_51_19_17_57.105708.jpg
2907,69477.139041,51/RGB/Video_51_19_17_57.139041.jpg
2908,69477.172376,51/RGB/Video_51_19_17_57.172376.jpg
2909,69477.205712,51/RGB/Video_51_19_17_57.205712.jpg
2910,69477.239044,51/RGB/Video_51_19_17_57.239044.jpg
2911,69477.272378,51/RGB/Video_51_19_17_57.272378.jpg
2912,69477.305712,51/RGB/Video_51_19_17_57.305712.jpg
2913,69477.339046,51/RGB/Video_51_19_17_57.339046.jpg
2914,69477.372382,51/RGB/Video_51_19_17_57.372382.jpg
2915,69477.405716,51/RGB/Video_51_19_17_57.405716.jpg
2916,69477.439048,51/RGB/Video_51_19_17_57.439048.jpg
2917,69477.472381,51/RGB/Video_51_19_17_57.472381.jpg
2918,69477.505715,51/RGB/Video_51_19_17_57.505715.jpg
2919,69477.539053,51/RGB/Video_51_19_17_57.539053.jpg
2920,69477.572384,51/RGB/Video_51_19_17_57.572384.jpg
2921,69477.60572,51/RGB/Video_51_19_17_57.605720.jpg
2922,69477.639054,51/RGB/Video_51_19_17_57.639054.jpg
2923,69477.672386,51/RGB/Video_51_19_17_57.672386.jpg
2924,69477.705722,51/RGB/Video_51_19_17_57.705722.jpg
2925,69477.739054,51/RGB/Video_51_19_17_57.739054.jpg
2926,69477.772389,51/RGB/Video_51_19_17_57.772389.jpg
2927,69477.805722,51/RGB/Video_51_19_17_57.805722.jpg
2928,69477.839056,51/RGB/Video_51_19_17_57.839056.jpg
2929,69477.872392,51/RGB/Video_51_19_17_57.872392.jpg
2930,69477.905724,51/RGB/Video_51_19_17_57.905724.jpg
2931,69477.93906,51/RGB/Video_51_19_17_57.939060.jpg
2932,69477.972392,51/RGB/Video_51_19_17_57.972392.jpg
2933,69478.005728,51/RGB/Video_51_19_17_58.005728.jpg
2934,69478.039062,51/RGB/Video_51_19_17_58.039062.jpg
2935,69478.072394,51/RGB/Video_51_19_17_58.072394.jpg
2936,69478.105728,51/RGB/Video_51_19_17_58.105728.jpg
2937,69478.139062,51/RGB/Video_51_19_17_58.139062.jpg
2938,69478.172396,51/RGB/Video_51_19_17_58.172396.jpg
2939,69478.205733,51/RGB/Video_51_19_17_58.205733.jpg
2940,69478.239064,51/RGB/Video_51_19_17_58.239064.jpg
2941,69478.2724,51/RGB/Video_51_19_17_58.272400.jpg
2942,69478.305734,51/RGB/Video_51_19_17_58.305734.jpg
2943,69478.339066,51/RGB/Video_51_19_17_58.339066.jpg
2944,69478.3724,51/RGB/Video_51_19_17_58.372400.jpg
2945,69478.405734,51/RGB/Video_51_19_17_58.405734.jpg
2946,69478.439073,51/RGB/Video_51_19_17_58.439073.jpg
2947,69478.472405,51/RGB/Video_51_19_17_58.472405.jpg
2948,69478.505741,51/RGB/Video_51_19_17_58.505741.jpg
2949,69478.539075,51/RGB/Video_51_19_17_58.539075.jpg
2950,69478.572409,51/RGB/Video_51_19_17_58.572409.jpg
2951,69478.605741,51/RGB/Video_51_19_17_58.605741.jpg
2952,69478.639075,51/RGB/Video_51_19_17_58.639075.jpg
2953,69478.672409,51/RGB/Video_51_19_17_58.672409.jpg
2954,69478.705745,51/RGB/Video_51_19_17_58.705745.jpg
2955,69478.739077,51/RGB/Video_51_19_17_58.739077.jpg
2956,69478.772413,51/RGB/Video_51_19_17_58.772413.jpg
2957,69478.805745,51/RGB/Video_51_19_17_58.805745.jpg
2958,69478.839081,51/RGB/Video_51_19_17_58.839081.jpg
2959,69478.872414,51/RGB/Video_51_19_17_58.872414.jpg
2960,69478.905749,51/RGB/Video_51_19_17_58.905749.jpg
2961,69478.939081,51/RGB/Video_51_19_17_58.939081.jpg
2962,69478.972415,51/RGB/Video_51_19_17_58.972415.jpg
2963,69479.005752,51/RGB/Video_51_19_17_59.005752.jpg
2964,69479.039083,51/RGB/Video_51_19_17_59.039083.jpg
2965,69479.072418,51/RGB/Video_51_19_17_59.072418.jpg
2966,69479.105752,51/RGB/Video_51_19_17_59.105752.jpg
2967,69479.139086,51/RGB/Video_51_19_17_59.139086.jpg
2968,69479.17242,51/RGB/Video_51_19_17_59.172420.jpg
2969,69479.205992,51/RGB/Video_51_19_17_59.205992.jpg
2970,69479.240077,51/RGB/Video_51_19_17_59.240077.jpg
2971,69479.277184,51/RGB/Video_51_19_17_59.277184.jpg
2972,69479.310518,51/RGB/Video_51_19_17_59.310518.jpg
2973,69479.343853,51/RGB/Video_51_19_17_59.343853.jpg
2974,69479.377187,51/RGB/Video_51_19_17_59.377187.jpg
2975,69479.410521,51/RGB/Video_51_19_17_59.410521.jpg
2976,69479.443854,51/RGB/Video_51_19_17_59.443854.jpg
2977,69479.477189,51/RGB/Video_51_19_17_59.477189.jpg
2978,69479.510523,51/RGB/Video_51_19_17_59.510523.jpg
2979,69479.543857,51/RGB/Video_51_19_17_59.543857.jpg
2980,69479.577191,51/RGB/Video_51_19_17_59.577191.jpg
2981,69479.610524,51/RGB/Video_51_19_17_59.610524.jpg
2982,69479.643858,51/RGB/Video_51_19_17_59.643858.jpg
2983,69479.677193,51/RGB/Video_51_19_17_59.677193.jpg
2984,69479.710527,51/RGB/Video_51_19_17_59.710527.jpg
2985,69479.743861,51/RGB/Video_51_19_17_59.743861.jpg
2986,69479.777198,51/RGB/Video_51_19_17_59.777198.jpg
2987,69479.810531,51/RGB/Video_51_19_17_59.810531.jpg
2988,69479.843862,51/RGB/Video_51_19_17_59.843862.jpg
2989,69479.877197,51/RGB/Video_51_19_17_59.877197.jpg
2990,69479.910531,51/RGB/Video_51_19_17_59.910531.jpg
2991,69479.943865,51/RGB/Video_51_19_17_59.943865.jpg
2992,69479.977199,51/RGB/Video_51_19_17_59.977199.jpg
2993,69480.010533,51/RGB/Video_51_19_18_00.010533.jpg
2994,69480.043867,51/RGB/Video_51_19_18_00.043867.jpg
2995,69480.080617,51/RGB/Video_51_19_18_00.080617.jpg
2996,69480.113951,51/RGB/Video_51_19_18_00.113951.jpg
2997,69480.147287,51/RGB/Video_51_19_18_00.147287.jpg
2998,69480.180621,51/RGB/Video_51_19_18_00.180621.jpg
2999,69480.213953,51/RGB/Video_51_19_18_00.213953.jpg
3000,69480.247289,51/RGB/Video_51_19_18_00.247289.jpg
3001,69480.280621,51/RGB/Video_51_19_18_00.280621.jpg
3002,69480.313957,51/RGB/Video_51_19_18_00.313957.jpg
3003,69480.347289,51/RGB/Video_51_19_18_00.347289.jpg
3004,69480.380622,51/RGB/Video_51_19_18_00.380622.jpg
3005,69480.413957,51/RGB/Video_51_19_18_00.413957.jpg
3006,69480.447291,51/RGB/Video_51_19_18_00.447291.jpg
3007,69480.480625,51/RGB/Video_51_19_18_00.480625.jpg
3008,69480.513961,51/RGB/Video_51_19_18_00.513961.jpg
3009,69480.547293,51/RGB/Video_51_19_18_00.547293.jpg
3010,69480.580627,51/RGB/Video_51_19_18_00.580627.jpg
3011,69480.613961,51/RGB/Video_51_19_18_00.613961.jpg
3012,69480.647297,51/RGB/Video_51_19_18_00.647297.jpg
3013,69480.680629,51/RGB/Video_51_19_18_00.680629.jpg
3014,69480.713965,51/RGB/Video_51_19_18_00.713965.jpg
3015,69480.747299,51/RGB/Video_51_19_18_00.747299.jpg
3016,69480.780631,51/RGB/Video_51_19_18_00.780631.jpg
3017,69480.813965,51/RGB/Video_51_19_18_00.813965.jpg
3018,69480.847301,51/RGB/Video_51_19_18_00.847301.jpg
3019,69480.880636,51/RGB/Video_51_19_18_00.880636.jpg
3020,69480.913967,51/RGB/Video_51_19_18_00.913967.jpg
3021,69480.947301,51/RGB/Video_51_19_18_00.947301.jpg
3022,69480.980635,51/RGB/Video_51_19_18_00.980635.jpg
3023,69481.013969,51/RGB/Video_51_19_18_01.013969.jpg
3024,69481.047303,51/RGB/Video_51_19_18_01.047303.jpg
3025,69481.080637,51/RGB/Video_51_19_18_01.080637.jpg
3026,69481.113971,51/RGB/Video_51_19_18_01.113971.jpg
3027,69481.147304,51/RGB/Video_51_19_18_01.147304.jpg
3028,69481.180638,51/RGB/Video_51_19_18_01.180638.jpg
3029,69481.213974,51/RGB/Video_51_19_18_01.213974.jpg
3030,69481.247307,51/RGB/Video_51_19_18_01.247307.jpg
3031,69481.280641,51/RGB/Video_51_19_18_01.280641.jpg
3032,69481.313975,51/RGB/Video_51_19_18_01.313975.jpg
3033,69481.347311,51/RGB/Video_51_19_18_01.347311.jpg
3034,69481.380643,51/RGB/Video_51_19_18_01.380643.jpg
3035,69481.413979,51/RGB/Video_51_19_18_01.413979.jpg
3036,69481.447311,51/RGB/Video_51_19_18_01.447311.jpg
3037,69481.480645,51/RGB/Video_51_19_18_01.480645.jpg
3038,69481.513981,51/RGB/Video_51_19_18_01.513981.jpg
3039,69481.547315,51/RGB/Video_51_19_18_01.547315.jpg
3040,69481.580647,51/RGB/Video_51_19_18_01.580647.jpg
3041,69481.61398,51/RGB/Video_51_19_18_01.613980.jpg
3042,69481.647315,51/RGB/Video_51_19_18_01.647315.jpg
3043,69481.680649,51/RGB/Video_51_19_18_01.680649.jpg
3044,69481.713983,51/RGB/Video_51_19_18_01.713983.jpg
3045,69481.747317,51/RGB/Video_51_19_18_01.747317.jpg
3046,69481.780651,51/RGB/Video_51_19_18_01.780651.jpg
3047,69481.813985,51/RGB/Video_51_19_18_01.813985.jpg
3048,69481.847748,51/RGB/Video_51_19_18_01.847748.jpg
3049,69481.881098,51/RGB/Video_51_19_18_01.881098.jpg
3050,69481.914435,51/RGB/Video_51_19_18_01.914435.jpg
3051,69481.947767,51/RGB/Video_51_19_18_01.947767.jpg
3052,69481.9811,51/RGB/Video_51_19_18_01.981100.jpg
3053,69482.014435,51/RGB/Video_51_19_18_02.014435.jpg
3054,69482.047769,51/RGB/Video_51_19_18_02.047769.jpg
3055,69482.081102,51/RGB/Video_51_19_18_02.081102.jpg
3056,69482.114437,51/RGB/Video_51_19_18_02.114437.jpg
3057,69482.147771,51/RGB/Video_51_19_18_02.147771.jpg
3058,69482.181105,51/RGB/Video_51_19_18_02.181105.jpg
3059,69482.215887,51/RGB/Video_51_19_18_02.215887.jpg
3060,69482.24922,51/RGB/Video_51_19_18_02.249220.jpg
3061,69482.282554,51/RGB/Video_51_19_18_02.282554.jpg
3062,69482.315889,51/RGB/Video_51_19_18_02.315889.jpg
3063,69482.349222,51/RGB/Video_51_19_18_02.349222.jpg
3064,69482.382557,51/RGB/Video_51_19_18_02.382557.jpg
3065,69482.415891,51/RGB/Video_51_19_18_02.415891.jpg
3066,69482.449227,51/RGB/Video_51_19_18_02.449227.jpg
3067,69482.482559,51/RGB/Video_51_19_18_02.482559.jpg
3068,69482.515893,51/RGB/Video_51_19_18_02.515893.jpg
3069,69482.549258,51/RGB/Video_51_19_18_02.549258.jpg
3070,69482.582578,51/RGB/Video_51_19_18_02.582578.jpg
3071,69482.615912,51/RGB/Video_51_19_18_02.615912.jpg
3072,69482.649245,51/RGB/Video_51_19_18_02.649245.jpg
3073,69482.68258,51/RGB/Video_51_19_18_02.682580.jpg
3074,69482.715914,51/RGB/Video_51_19_18_02.715914.jpg
3075,69482.749248,51/RGB/Video_51_19_18_02.749248.jpg
3076,69482.782585,51/RGB/Video_51_19_18_02.782585.jpg
3077,69482.815916,51/RGB/Video_51_19_18_02.815916.jpg
3078,69482.84925,51/RGB/Video_51_19_18_02.849250.jpg
3079,69482.882584,51/RGB/Video_51_19_18_02.882584.jpg
3080,69482.91592,51/RGB/Video_51_19_18_02.915920.jpg
3081,69482.949252,51/RGB/Video_51_19_18_02.949252.jpg
3082,69482.982586,51/RGB/Video_51_19_18_02.982586.jpg
3083,69483.015923,51/RGB/Video_51_19_18_03.015923.jpg
3084,69483.049253,51/RGB/Video_51_19_18_03.049253.jpg
3085,69483.082588,51/RGB/Video_51_19_18_03.082588.jpg
3086,69483.115922,51/RGB/Video_51_19_18_03.115922.jpg
3087,69483.14926,51/RGB/Video_51_19_18_03.149260.jpg
3088,69483.182593,51/RGB/Video_51_19_18_03.182593.jpg
3089,69483.215924,51/RGB/Video_51_19_18_03.215924.jpg
3090,69483.249257,51/RGB/Video_51_19_18_03.249257.jpg
3091,69483.282592,51/RGB/Video_51_19_18_03.282592.jpg
3092,69483.315926,51/RGB/Video_51_19_18_03.315926.jpg
3093,69483.349259,51/RGB/Video_51_19_18_03.349259.jpg
3094,69483.382596,51/RGB/Video_51_19_18_03.382596.jpg
3095,69483.415928,51/RGB/Video_51_19_18_03.415928.jpg
3096,69483.449262,51/RGB/Video_51_19_18_03.449262.jpg
3097,69483.482596,51/RGB/Video_51_19_18_03.482596.jpg
3098,69483.515929,51/RGB/Video_51_19_18_03.515929.jpg
3099,69483.549263,51/RGB/Video_51_19_18_03.549263.jpg
3100,69483.582604,51/RGB/Video_51_19_18_03.582604.jpg
3101,69483.615932,51/RGB/Video_51_19_18_03.615932.jpg
3102,69483.649266,51/RGB/Video_51_19_18_03.649266.jpg
3103,69483.682599,51/RGB/Video_51_19_18_03.682599.jpg
3104,69483.715936,51/RGB/Video_51_19_18_03.715936.jpg
3105,69483.749267,51/RGB/Video_51_19_18_03.749267.jpg
3106,69483.782602,51/RGB/Video_51_19_18_03.782602.jpg
3107,69483.815938,51/RGB/Video_51_19_18_03.815938.jpg
3108,69483.849274,51/RGB/Video_51_19_18_03.849274.jpg
3109,69483.882604,51/RGB/Video_51_19_18_03.882604.jpg
3110,69483.91594,51/RGB/Video_51_19_18_03.915940.jpg
3111,69483.949274,51/RGB/Video_51_19_18_03.949274.jpg
3112,69483.982606,51/RGB/Video_51_19_18_03.982606.jpg
3113,69484.015942,51/RGB/Video_51_19_18_04.015942.jpg
3114,69484.049276,51/RGB/Video_51_19_18_04.049276.jpg
3115,69484.082608,51/RGB/Video_51_19_18_04.082608.jpg
3116,69484.115942,51/RGB/Video_51_19_18_04.115942.jpg
3117,69484.149278,51/RGB/Video_51_19_18_04.149278.jpg
3118,69484.182609,51/RGB/Video_51_19_18_04.182609.jpg
3119,69484.215943,51/RGB/Video_51_19_18_04.215943.jpg
3120,69484.249278,51/RGB/Video_51_19_18_04.249278.jpg
3121,69484.282614,51/RGB/Video_51_19_18_04.282614.jpg
3122,69484.315945,51/RGB/Video_51_19_18_04.315945.jpg
3123,69484.34928,51/RGB/Video_51_19_18_04.349280.jpg
3124,69484.382614,51/RGB/Video_51_19_18_04.382614.jpg
3125,69484.415951,51/RGB/Video_51_19_18_04.415951.jpg
3126,69484.449284,51/RGB/Video_51_19_18_04.449284.jpg
3127,69484.482618,51/RGB/Video_51_19_18_04.482618.jpg
3128,69484.515949,51/RGB/Video_51_19_18_04.515949.jpg
3129,69484.549286,51/RGB/Video_51_19_18_04.549286.jpg
3130,69484.582617,51/RGB/Video_51_19_18_04.582617.jpg
3131,69484.615951,51/RGB/Video_51_19_18_04.615951.jpg
3132,69484.649288,51/RGB/Video_51_19_18_04.649288.jpg
3133,69484.68262,51/RGB/Video_51_19_18_04.682620.jpg
3134,69484.715954,51/RGB/Video_51_19_18_04.715954.jpg
3135,69484.749288,51/RGB/Video_51_19_18_04.749288.jpg
3136,69484.782622,51/RGB/Video_51_19_18_04.782622.jpg
3137,69484.815956,51/RGB/Video_51_19_18_04.815956.jpg
3138,69484.84929,51/RGB/Video_51_19_18_04.849290.jpg
3139,69484.882623,51/RGB/Video_51_19_18_04.882623.jpg
3140,69484.915958,51/RGB/Video_51_19_18_04.915958.jpg
3141,69484.949291,51/RGB/Video_51_19_18_04.949291.jpg
3142,69484.982626,51/RGB/Video_51_19_18_04.982626.jpg
3143,69485.01596,51/RGB/Video_51_19_18_05.015960.jpg
3144,69485.049293,51/RGB/Video_51_19_18_05.049293.jpg
3145,69485.082628,51/RGB/Video_51_19_18_05.082628.jpg
3146,69485.115962,51/RGB/Video_51_19_18_05.115962.jpg
3147,69485.149296,51/RGB/Video_51_19_18_05.149296.jpg
3148,69485.18263,51/RGB/Video_51_19_18_05.182630.jpg
3149,69485.215964,51/RGB/Video_51_19_18_05.215964.jpg
3150,69485.249298,51/RGB/Video_51_19_18_05.249298.jpg
3151,69485.282634,51/RGB/Video_51_19_18_05.282634.jpg
3152,69485.315966,51/RGB/Video_51_19_18_05.315966.jpg
3153,69485.3493,51/RGB/Video_51_19_18_05.349300.jpg
3154,69485.382634,51/RGB/Video_51_19_18_05.382634.jpg
3155,69485.415967,51/RGB/Video_51_19_18_05.415967.jpg
3156,69485.449301,51/RGB/Video_51_19_18_05.449301.jpg
3157,69485.482636,51/RGB/Video_51_19_18_05.482636.jpg
3158,69485.515972,51/RGB/Video_51_19_18_05.515972.jpg
3159,69485.549304,51/RGB/Video_51_19_18_05.549304.jpg
3160,69485.582637,51/RGB/Video_51_19_18_05.582637.jpg
3161,69485.615972,51/RGB/Video_51_19_18_05.615972.jpg
3162,69485.649305,51/RGB/Video_51_19_18_05.649305.jpg
3163,69485.68264,51/RGB/Video_51_19_18_05.682640.jpg
3164,69485.715974,51/RGB/Video_51_19_18_05.715974.jpg
3165,69485.749311,51/RGB/Video_51_19_18_05.749311.jpg
3166,69485.782641,51/RGB/Video_51_19_18_05.782641.jpg
3167,69485.815975,51/RGB/Video_51_19_18_05.815975.jpg
3168,69485.849312,51/RGB/Video_51_19_18_05.849312.jpg
3169,69485.882643,51/RGB/Video_51_19_18_05.882643.jpg
3170,69485.915981,51/RGB/Video_51_19_18_05.915981.jpg
3171,69485.949312,51/RGB/Video_51_19_18_05.949312.jpg
3172,69485.982648,51/RGB/Video_51_19_18_05.982648.jpg
3173,69486.01598,51/RGB/Video_51_19_18_06.015980.jpg
3174,69486.049314,51/RGB/Video_51_19_18_06.049314.jpg
3175,69486.082648,51/RGB/Video_51_19_18_06.082648.jpg
3176,69486.115985,51/RGB/Video_51_19_18_06.115985.jpg
3177,69486.149317,51/RGB/Video_51_19_18_06.149317.jpg
3178,69486.182651,51/RGB/Video_51_19_18_06.182651.jpg
3179,69486.215988,51/RGB/Video_51_19_18_06.215988.jpg
3180,69486.249319,51/RGB/Video_51_19_18_06.249319.jpg
3181,69486.282653,51/RGB/Video_51_19_18_06.282653.jpg
3182,69486.315987,51/RGB/Video_51_19_18_06.315987.jpg
3183,69486.349321,51/RGB/Video_51_19_18_06.349321.jpg
3184,69486.382657,51/RGB/Video_51_19_18_06.382657.jpg
3185,69486.415991,51/RGB/Video_51_19_18_06.415991.jpg
3186,69486.449325,51/RGB/Video_51_19_18_06.449325.jpg
3187,69486.482657,51/RGB/Video_51_19_18_06.482657.jpg
3188,69486.515993,51/RGB/Video_51_19_18_06.515993.jpg
3189,69486.549325,51/RGB/Video_51_19_18_06.549325.jpg
3190,69486.582658,51/RGB/Video_51_19_18_06.582658.jpg
3191,69486.615995,51/RGB/Video_51_19_18_06.615995.jpg
3192,69486.649327,51/RGB/Video_51_19_18_06.649327.jpg
3193,69486.682661,51/RGB/Video_51_19_18_06.682661.jpg
3194,69486.715997,51/RGB/Video_51_19_18_06.715997.jpg
3195,69486.749331,51/RGB/Video_51_19_18_06.749331.jpg
3196,69486.782663,51/RGB/Video_51_19_18_06.782663.jpg
3197,69486.815999,51/RGB/Video_51_19_18_06.815999.jpg
3198,69486.849331,51/RGB/Video_51_19_18_06.849331.jpg
3199,69486.882664,51/RGB/Video_51_19_18_06.882664.jpg
3200,69486.915999,51/RGB/Video_51_19_18_06.915999.jpg
3201,69486.949335,51/RGB/Video_51_19_18_06.949335.jpg
3202,69486.982667,51/RGB/Video_51_19_18_06.982667.jpg
3203,69487.016001,51/RGB/Video_51_19_18_07.016001.jpg
3204,69487.049337,51/RGB/Video_51_19_18_07.049337.jpg
3205,69487.082676,51/RGB/Video_51_19_18_07.082676.jpg
3206,69487.11601,51/RGB/Video_51_19_18_07.116010.jpg
3207,69487.149344,51/RGB/Video_51_19_18_07.149344.jpg
3208,69487.182678,51/RGB/Video_51_19_18_07.182678.jpg
3209,69487.216014,51/RGB/Video_51_19_18_07.216014.jpg
3210,69487.249349,51/RGB/Video_51_19_18_07.249349.jpg
3211,69487.282682,51/RGB/Video_51_19_18_07.282682.jpg
3212,69487.316016,51/RGB/Video_51_19_18_07.316016.jpg
3213,69487.34935,51/RGB/Video_51_19_18_07.349350.jpg
3214,69487.382684,51/RGB/Video_51_19_18_07.382684.jpg
3215,69487.416016,51/RGB/Video_51_19_18_07.416016.jpg
3216,69487.44935,51/RGB/Video_51_19_18_07.449350.jpg
3217,69487.482688,51/RGB/Video_51_19_18_07.482688.jpg
3218,69487.516018,51/RGB/Video_51_19_18_07.516018.jpg
3219,69487.549354,51/RGB/Video_51_19_18_07.549354.jpg
3220,69487.582686,51/RGB/Video_51_19_18_07.582686.jpg
