source_file,window_id,t_start_sec,t_end_sec,label,bbox_x0,bbox_y0,bbox_x1,bbox_y1,bbox_w,bbox_h,bbox_area_px,segmentation_area_px,event_count,saliency_score,periodicity_score,density_has_peak,density_has_valley,structure_has_peak,structure_has_valley,direction_has_peak,direction_has_valley,gaussian_consistency,propeller_component_count,latency_ms
/Users/eolande/EventMAV/FRED/65.zip,17,0.5162250000000002,0.5462250000000002,propeller_3,468,5,471,8,3,3,9,8,57,3264.0,4,1,0,1,1,1,0,0.8703611710066332,1,165.24991700134706
/Users/eolande/EventMAV/FRED/65.zip,19,0.5762250000000002,0.6062250000000002,propeller_1,722,182,730,187,8,5,40,32,132,5482.5,4,1,1,0,1,1,0,0.9302513786437135,1,130.49404199409764
/Users/eolande/EventMAV/FRED/65.zip,20,0.6062250000000002,0.6362250000000003,propeller_1,722,182,729,187,7,5,35,29,134,5380.5,5,1,1,1,1,1,0,0.9286355071954345,1,140.7403749981313
/Users/eolande/EventMAV/FRED/65.zip,21,0.6362250000000003,0.6662250000000003,propeller_1,722,182,729,187,7,5,35,29,118,5125.5,5,1,1,0,1,1,1,0.9424803788374185,1,147.00112499849638
/Users/eolande/EventMAV/FRED/65.zip,22,0.6662250000000003,0.6962250000000003,propeller_1,722,182,729,187,7,5,35,30,134,4947.0,5,1,1,1,1,1,0,0.928837517747735,1,128.535167001246
/Users/eolande/EventMAV/FRED/65.zip,23,0.6962250000000003,0.7262250000000003,propeller_2,722,182,729,187,7,5,35,30,142,5610.0,6,1,1,1,1,1,1,0.9137158154253634,1,151.7835000049672
/Users/eolande/EventMAV/FRED/65.zip,24,0.7262250000000003,0.7562250000000004,propeller_2,722,182,729,187,7,5,35,30,147,5227.5,5,1,1,1,1,1,0,0.9376352599664038,1,156.41887499805307
/Users/eolande/EventMAV/FRED/65.zip,25,0.7562250000000004,0.7862250000000004,propeller_1,1204,0,1252,6,48,6,288,177,2131,17289.0,4,1,0,1,1,1,0,0.9227364466976173,1,145.52095899853157
/Users/eolande/EventMAV/FRED/65.zip,25,0.7562250000000004,0.7862250000000004,propeller_2,722,182,729,187,7,5,35,30,155,5151.0,6,1,1,1,1,1,1,0.9396310589822874,1,145.52095899853157
/Users/eolande/EventMAV/FRED/65.zip,26,0.7862250000000004,0.8162250000000004,propeller_1,722,182,729,187,7,5,35,31,146,5406.0,5,1,1,1,1,1,0,0.9196132778658406,1,136.50999999663327
/Users/eolande/EventMAV/FRED/65.zip,27,0.8162250000000004,0.8462250000000004,propeller_1,722,182,729,187,7,5,35,30,153,5661.0,5,1,1,1,1,1,0,0.9232484819193947,1,158.36437499820022
/Users/eolande/EventMAV/FRED/65.zip,28,0.8462250000000004,0.8762250000000005,propeller_1,721,182,729,187,8,5,40,33,159,5125.5,5,1,1,1,1,1,0,0.9404319957538385,1,141.79495799908182
/Users/eolande/EventMAV/FRED/65.zip,29,0.8762250000000005,0.9062250000000005,propeller_1,722,182,729,187,7,5,35,30,156,5508.0,5,1,1,1,1,1,0,0.8926366242693689,1,140.10962499742163
/Users/eolande/EventMAV/FRED/65.zip,30,0.9062250000000005,0.9362250000000005,propeller_1,722,182,729,187,7,5,35,29,136,5074.5,6,1,1,1,1,1,1,0.9204296926568534,1,158.97562499594642
/Users/eolande/EventMAV/FRED/65.zip,31,0.9362250000000005,0.9662250000000006,propeller_2,721,182,729,187,8,5,40,32,137,4819.5,5,1,1,1,1,1,0,0.9214845382694686,1,148.99920800235122
/Users/eolande/EventMAV/FRED/65.zip,32,0.9662250000000006,0.9962250000000006,propeller_1,972,0,1025,14,53,14,742,518,6748,71884.5,3,1,0,0,1,1,0,0.9364129311161091,1,145.93558300111908
/Users/eolande/EventMAV/FRED/65.zip,32,0.9662250000000006,0.9962250000000006,propeller_2,722,182,729,188,7,6,42,32,149,5916.0,6,1,1,1,1,1,1,0.894820092205631,1,145.93558300111908
/Users/eolande/EventMAV/FRED/65.zip,33,0.9962250000000006,1.0262250000000006,propeller_1,722,182,729,188,7,6,42,32,153,5737.5,5,1,1,1,1,1,0,0.9118703155236177,1,153.25883299374254
/Users/eolande/EventMAV/FRED/65.zip,34,1.0262250000000006,1.0562250000000006,propeller_1,722,182,729,188,7,6,42,32,151,5661.0,6,1,1,1,1,1,1,0.9113379202439175,1,151.88437500182772
/Users/eolande/EventMAV/FRED/65.zip,35,1.0562250000000006,1.0862250000000007,propeller_1,722,182,728,188,6,6,36,29,117,4819.5,5,1,1,1,1,1,0,0.9114266463875844,1,151.5039580044686
/Users/eolande/EventMAV/FRED/65.zip,36,1.0862250000000007,1.1162250000000007,propeller_2,722,182,728,188,6,6,36,29,117,4692.0,6,1,1,1,1,1,1,0.9361601731154368,1,160.32733299653046
/Users/eolande/EventMAV/FRED/65.zip,37,1.1162250000000007,1.1462250000000007,propeller_1,722,182,728,188,6,6,36,28,113,4590.0,6,1,1,1,1,1,1,0.9212076085078064,1,145.77374999498716
/Users/eolande/EventMAV/FRED/65.zip,38,1.1462250000000007,1.1762250000000007,propeller_2,721,183,728,188,7,5,35,29,112,5253.0,5,1,1,1,1,1,0,0.9243434922583045,1,150.92304100107867
/Users/eolande/EventMAV/FRED/65.zip,39,1.1762250000000007,1.2062250000000008,propeller_2,721,183,728,188,7,5,35,31,123,5176.5,4,1,1,0,1,1,0,0.9322929041002229,1,141.9147080014227
/Users/eolande/EventMAV/FRED/65.zip,40,1.2062250000000008,1.2362250000000008,propeller_1,819,60,866,89,47,29,1363,813,8890,112123.5,3,1,0,1,0,1,0,0.9031246198533843,1,144.13866699760547
/Users/eolande/EventMAV/FRED/65.zip,40,1.2062250000000008,1.2362250000000008,propeller_2,721,183,728,188,7,5,35,31,126,4743.0,6,1,1,1,1,1,1,0.9273295526117569,1,144.13866699760547
/Users/eolande/EventMAV/FRED/65.zip,41,1.2362250000000008,1.2662250000000008,propeller_1,805,72,850,101,45,29,1305,761,8302,105850.5,4,1,0,1,1,1,0,0.900636010531563,1,135.82845900236862
/Users/eolande/EventMAV/FRED/65.zip,41,1.2362250000000008,1.2662250000000008,propeller_2,722,183,728,188,6,5,30,29,161,5253.0,5,1,1,1,1,1,0,0.9369867074862847,1,135.82845900236862
/Users/eolande/EventMAV/FRED/65.zip,42,1.2662250000000008,1.2962250000000008,propeller_1,790,84,834,112,44,28,1232,722,7712,98940.0,3,1,0,1,0,1,0,0.8982024996991966,1,151.34895800292725
/Users/eolande/EventMAV/FRED/65.zip,42,1.2662250000000008,1.2962250000000008,propeller_2,722,183,728,188,6,5,30,29,159,5227.5,6,1,1,1,1,1,1,0.9244147528730378,1,151.34895800292725
/Users/eolande/EventMAV/FRED/65.zip,43,1.2962250000000008,1.3262250000000009,propeller_1,776,96,818,123,42,27,1134,691,7133,93457.5,3,1,0,1,0,1,0,0.8987840966142345,1,145.77175000158604
/Users/eolande/EventMAV/FRED/65.zip,43,1.2962250000000008,1.3262250000000009,propeller_2,722,183,728,189,6,6,36,29,161,5610.0,6,1,1,1,1,1,1,0.9206311615732248,1,145.77175000158604
/Users/eolande/EventMAV/FRED/65.zip,44,1.3262250000000009,1.356225000000001,propeller_1,762,107,802,134,40,27,1080,642,6447,86215.5,4,1,0,1,1,1,0,0.8907845667131087,1,141.06037499732338
/Users/eolande/EventMAV/FRED/65.zip,44,1.3262250000000009,1.356225000000001,propeller_2,722,183,728,189,6,6,36,30,151,5431.5,6,1,1,1,1,1,1,0.9141121504427155,1,141.06037499732338
/Users/eolande/EventMAV/FRED/65.zip,45,1.356225000000001,1.386225000000001,propeller_1,749,119,789,145,40,26,1040,616,6053,83232.0,4,1,0,1,1,1,0,0.89595976661713,1,136.82929200149374
/Users/eolande/EventMAV/FRED/65.zip,45,1.356225000000001,1.386225000000001,propeller_2,722,183,728,189,6,6,36,29,142,5355.0,5,1,1,0,1,1,1,0.9291113197494123,1,136.82929200149374
/Users/eolande/EventMAV/FRED/65.zip,46,1.386225000000001,1.416225000000001,propeller_1,736,131,776,157,40,26,1040,582,5789,78591.0,4,1,0,1,1,1,0,0.8942023448480582,1,151.09512499475386
/Users/eolande/EventMAV/FRED/65.zip,46,1.386225000000001,1.416225000000001,propeller_2,722,183,728,189,6,6,36,31,149,5457.0,5,1,1,1,1,1,0,0.9240371322718219,1,151.09512499475386
/Users/eolande/EventMAV/FRED/65.zip,47,1.416225000000001,1.446225000000001,propeller_1,722,183,728,189,6,6,36,30,137,5023.5,6,1,1,1,1,1,1,0.9370168833715633,1,150.29129200411262
/Users/eolande/EventMAV/FRED/65.zip,47,1.416225000000001,1.446225000000001,propeller_2,741,182,745,187,4,5,20,16,26,2065.5,3,1,1,0,1,0,0,0.9100284774522491,1,150.29129200411262
/Users/eolande/EventMAV/FRED/65.zip,51,1.536225000000001,1.566225000000001,propeller_1,679,184,728,211,49,27,1323,509,4709,68212.5,4,1,0,1,1,1,0,0.9056372193680629,1,135.85062500351341
/Users/eolande/EventMAV/FRED/65.zip,52,1.566225000000001,1.5962250000000011,propeller_1,669,199,702,221,33,22,726,441,4227,60409.5,3,1,0,1,0,1,0,0.885806972566967,1,142.37645800312748
/Users/eolande/EventMAV/FRED/65.zip,53,1.5962250000000011,1.6262250000000011,propeller_1,660,209,691,231,31,22,682,399,2927,50209.5,4,1,0,1,1,1,0,0.881425585147572,1,145.58845900319284
/Users/eolande/EventMAV/FRED/65.zip,54,1.6262250000000011,1.6562250000000012,propeller_1,651,220,681,241,30,21,630,377,2448,44472.0,4,1,0,1,1,1,0,0.8786638442323147,1,134.71637499606004
/Users/eolande/EventMAV/FRED/65.zip,54,1.6262250000000011,1.6562250000000012,propeller_2,722,184,728,189,6,5,30,28,143,5176.5,5,1,1,0,1,1,1,0.9304503026581652,1,134.71637499606004
/Users/eolande/EventMAV/FRED/65.zip,55,1.6562250000000012,1.6862250000000012,propeller_1,640,231,670,251,30,20,600,355,2310,41871.0,4,1,0,1,1,1,0,0.8828588437042693,1,136.43612500163727
/Users/eolande/EventMAV/FRED/65.zip,56,1.6862250000000012,1.7162250000000012,propeller_1,632,241,660,261,28,20,560,339,2113,40647.0,4,1,0,1,1,1,0,0.8772132235874578,1,152.943208006036
/Users/eolande/EventMAV/FRED/65.zip,56,1.6862250000000012,1.7162250000000012,propeller_2,720,184,728,189,8,5,40,34,162,6273.0,6,1,1,1,1,1,1,0.9291352906687416,1,152.943208006036
/Users/eolande/EventMAV/FRED/65.zip,57,1.7162250000000012,1.7462250000000012,propeller_1,623,251,652,270,29,19,551,327,2027,38403.0,5,1,1,1,1,1,0,0.8731393860517636,1,145.00754199980292
/Users/eolande/EventMAV/FRED/65.zip,57,1.7162250000000012,1.7462250000000012,propeller_2,720,184,728,189,8,5,40,34,178,6247.5,5,1,1,1,1,1,0,0.9324648290599564,1,145.00754199980292
/Users/eolande/EventMAV/FRED/65.zip,58,1.7462250000000012,1.7762250000000013,propeller_1,720,184,728,189,8,5,40,34,168,6094.5,5,1,1,1,1,1,0,0.9263914141387697,1,133.07154199719662
/Users/eolande/EventMAV/FRED/65.zip,59,1.7762250000000013,1.8062250000000013,propeller_1,608,271,633,289,25,18,450,285,1778,34884.0,4,1,0,1,1,1,0,0.8755274138184794,1,133.73875000252156
/Users/eolande/EventMAV/FRED/65.zip,59,1.7762250000000013,1.8062250000000013,propeller_2,720,184,732,189,12,5,60,44,179,6324.0,5,1,1,1,1,1,0,0.8989058637000096,1,133.73875000252156
/Users/eolande/EventMAV/FRED/65.zip,60,1.8062250000000013,1.8362250000000013,propeller_1,599,280,624,298,25,18,450,282,1732,33379.5,4,1,0,1,1,1,0,0.8801351725951623,1,131.98429199837847
/Users/eolande/EventMAV/FRED/65.zip,60,1.8062250000000013,1.8362250000000013,propeller_2,720,184,728,189,8,5,40,35,166,5967.0,6,1,1,1,1,1,1,0.924716590780271,1,131.98429199837847
/Users/eolande/EventMAV/FRED/65.zip,61,1.8362250000000013,1.8662250000000014,propeller_1,591,289,617,307,26,18,468,270,1660,32742.0,4,1,0,1,1,1,0,0.8763970945392473,1,132.34408399875974
/Users/eolande/EventMAV/FRED/65.zip,61,1.8362250000000013,1.8662250000000014,propeller_2,722,184,728,189,6,5,30,26,130,5074.5,6,1,1,1,1,1,1,0.9150058067578164,1,132.34408399875974
/Users/eolande/EventMAV/FRED/65.zip,62,1.8662250000000014,1.8962250000000014,propeller_1,583,299,609,316,26,17,442,249,1541,30039.0,4,1,0,1,1,1,0,0.8744459671249625,1,131.95495899708476
/Users/eolande/EventMAV/FRED/65.zip,62,1.8662250000000014,1.8962250000000014,propeller_2,722,184,728,190,6,6,36,31,147,5151.0,4,1,1,0,1,1,0,0.94372049895151,1,131.95495899708476
/Users/eolande/EventMAV/FRED/65.zip,63,1.8962250000000014,1.9262250000000014,propeller_1,578,308,601,325,23,17,391,245,1513,29733.0,4,1,0,1,1,1,0,0.884679675005569,1,132.1696669983794
/Users/eolande/EventMAV/FRED/65.zip,63,1.8962250000000014,1.9262250000000014,propeller_2,721,184,728,190,7,6,42,33,128,5202.0,6,1,1,1,1,1,1,0.9193157437770856,1,132.1696669983794
/Users/eolande/EventMAV/FRED/65.zip,64,1.9262250000000014,1.9562250000000014,propeller_1,570,317,594,333,24,16,384,238,1372,28356.0,5,1,1,1,1,1,0,0.8792667585822994,1,131.3127089961199
/Users/eolande/EventMAV/FRED/65.zip,64,1.9262250000000014,1.9562250000000014,propeller_2,722,184,728,190,6,6,36,27,107,4437.0,4,1,1,0,1,1,0,0.9414919417978962,1,131.3127089961199
/Users/eolande/EventMAV/FRED/65.zip,65,1.9562250000000014,1.9862250000000015,propeller_1,563,326,586,342,23,16,368,228,1340,27846.0,5,1,1,1,1,1,0,0.8690093735482347,1,139.380083004653
/Users/eolande/EventMAV/FRED/65.zip,65,1.9562250000000014,1.9862250000000015,propeller_2,721,184,728,190,7,6,42,30,107,4615.5,5,1,1,1,1,1,0,0.9127697952714473,1,139.380083004653
/Users/eolande/EventMAV/FRED/65.zip,66,1.9862250000000015,2.0162250000000013,propeller_1,557,334,580,350,23,16,368,222,1274,26596.5,4,1,0,1,1,1,0,0.875989635762656,1,135.9414589969674
/Users/eolande/EventMAV/FRED/65.zip,66,1.9862250000000015,2.0162250000000013,propeller_2,721,184,728,190,7,6,42,30,103,4768.5,6,1,1,1,1,1,1,0.9396682844576829,1,135.9414589969674
/Users/eolande/EventMAV/FRED/65.zip,67,2.0162250000000013,2.046225000000001,propeller_1,551,343,572,358,21,15,315,207,1159,23664.0,4,1,0,1,1,1,0,0.8744855847780635,1,139.2216250023921
/Users/eolande/EventMAV/FRED/65.zip,67,2.0162250000000013,2.046225000000001,propeller_2,722,184,728,190,6,6,36,28,106,4590.0,6,1,1,1,1,1,1,0.9283751978295026,1,139.2216250023921
/Users/eolande/EventMAV/FRED/65.zip,68,2.046225000000001,2.076225000000001,propeller_1,546,351,567,366,21,15,315,199,1114,24148.5,5,1,1,1,1,1,0,0.8767555674171389,1,135.72587499947986
/Users/eolande/EventMAV/FRED/65.zip,68,2.046225000000001,2.076225000000001,propeller_2,722,184,728,190,6,6,36,27,115,5023.5,5,1,1,1,1,1,0,0.9039780621011964,1,135.72587499947986
/Users/eolande/EventMAV/FRED/65.zip,69,2.076225000000001,2.1062250000000007,propeller_1,539,359,558,375,19,16,304,193,1104,23638.5,5,1,1,1,1,1,0,0.8715222337318693,1,143.1575829992653
/Users/eolande/EventMAV/FRED/65.zip,69,2.076225000000001,2.1062250000000007,propeller_2,722,184,728,190,6,6,36,27,104,4360.5,5,1,1,0,1,1,1,0.9475081300926409,1,143.1575829992653
/Users/eolande/EventMAV/FRED/65.zip,70,2.1062250000000007,2.1362250000000005,propeller_1,532,368,553,383,21,15,315,187,1102,22975.5,3,1,0,1,0,1,0,0.8723582541916383,1,134.9659170009545
/Users/eolande/EventMAV/FRED/65.zip,70,2.1062250000000007,2.1362250000000005,propeller_2,721,184,728,190,7,6,42,30,112,4692.0,5,1,1,1,1,1,0,0.9212128847291459,1,134.9659170009545
/Users/eolande/EventMAV/FRED/65.zip,71,2.1362250000000005,2.1662250000000003,propeller_1,525,376,547,391,22,15,330,201,1034,26316.0,4,1,0,1,1,1,0,0.892372555426692,1,138.87695900484687
/Users/eolande/EventMAV/FRED/65.zip,71,2.1362250000000005,2.1662250000000003,propeller_2,722,184,728,190,6,6,36,28,111,4921.5,6,1,1,1,1,1,1,0.9300533516580454,1,138.87695900484687
/Users/eolande/EventMAV/FRED/65.zip,72,2.1662250000000003,2.196225,propeller_1,519,384,541,399,22,15,330,205,1205,28101.0,4,1,0,1,1,1,0,0.9021629707248333,1,135.89941599639133
/Users/eolande/EventMAV/FRED/65.zip,72,2.1662250000000003,2.196225,propeller_2,721,184,728,190,7,6,42,31,125,5176.5,5,1,1,1,1,1,0,0.9218594580531463,1,135.89941599639133
/Users/eolande/EventMAV/FRED/65.zip,73,2.196225,2.226225,propeller_1,514,391,536,406,22,15,330,201,1228,28050.0,5,1,1,1,1,1,0,0.9003541092777699,1,134.61866700527025
/Users/eolande/EventMAV/FRED/65.zip,73,2.196225,2.226225,propeller_2,721,184,728,190,7,6,42,30,106,4743.0,6,1,1,1,1,1,1,0.926408011561157,1,134.61866700527025
/Users/eolande/EventMAV/FRED/65.zip,74,2.226225,2.2562249999999997,propeller_1,509,399,530,413,21,14,294,186,1051,25882.5,4,1,0,1,1,1,0,0.8970869047929249,1,132.755749997159
/Users/eolande/EventMAV/FRED/65.zip,74,2.226225,2.2562249999999997,propeller_2,722,185,728,190,6,5,30,24,77,3901.5,5,1,1,1,1,1,0,0.9323605836708272,1,132.755749997159
/Users/eolande/EventMAV/FRED/65.zip,75,2.2562249999999997,2.2862249999999995,propeller_1,503,407,524,421,21,14,294,179,967,24480.0,4,1,0,1,1,1,0,0.9029440903341734,1,133.2095420002588
/Users/eolande/EventMAV/FRED/65.zip,75,2.2562249999999997,2.2862249999999995,propeller_2,721,185,728,190,7,5,35,27,76,3952.5,5,1,1,1,1,1,0,0.9352246717516712,1,133.2095420002588
/Users/eolande/EventMAV/FRED/65.zip,76,2.2862249999999995,2.3162249999999993,propeller_1,498,414,519,428,21,14,294,181,1030,25347.0,4,1,0,1,1,1,0,0.9056408649820408,1,131.34541600447847
/Users/eolande/EventMAV/FRED/65.zip,76,2.2862249999999995,2.3162249999999993,propeller_2,722,185,728,190,6,5,30,24,87,4182.0,5,1,1,1,1,1,0,0.939416823118004,1,131.34541600447847
/Users/eolande/EventMAV/FRED/65.zip,77,2.3162249999999993,2.346224999999999,propeller_1,493,421,514,436,21,15,315,175,884,22924.5,5,1,1,1,1,1,0,0.8803186240765978,1,130.07933399785543
/Users/eolande/EventMAV/FRED/65.zip,77,2.3162249999999993,2.346224999999999,propeller_2,722,185,728,190,6,5,30,24,89,4233.0,6,1,1,1,1,1,1,0.912003184777801,1,130.07933399785543
/Users/eolande/EventMAV/FRED/65.zip,78,2.346224999999999,2.376224999999999,propeller_1,489,429,509,442,20,13,260,172,922,23332.5,4,1,0,1,1,1,0,0.912537389426447,1,135.3217500000028
/Users/eolande/EventMAV/FRED/65.zip,78,2.346224999999999,2.376224999999999,propeller_2,723,185,728,190,5,5,25,21,81,3748.5,5,1,1,1,1,1,0,0.9322959610424268,1,135.3217500000028
/Users/eolande/EventMAV/FRED/65.zip,79,2.376224999999999,2.4062249999999987,propeller_1,484,436,504,450,20,14,280,183,950,23664.0,4,1,0,1,1,1,0,0.9045316463897455,1,136.90795799629996
/Users/eolande/EventMAV/FRED/65.zip,79,2.376224999999999,2.4062249999999987,propeller_2,721,185,728,190,7,5,35,27,89,4641.0,6,1,1,1,1,1,1,0.9174712606255201,1,136.90795799629996
/Users/eolande/EventMAV/FRED/65.zip,80,2.4062249999999987,2.4362249999999985,propeller_1,480,443,498,456,18,13,234,157,992,22236.0,4,1,0,1,1,1,0,0.897095775879686,1,139.41091600281652
/Users/eolande/EventMAV/FRED/65.zip,80,2.4062249999999987,2.4362249999999985,propeller_2,722,185,728,190,6,5,30,24,84,4233.0,5,1,1,1,1,1,0,0.9336343156447671,1,139.41091600281652
/Users/eolande/EventMAV/FRED/65.zip,81,2.4362249999999985,2.4662249999999983,propeller_1,477,450,493,463,16,13,208,128,642,16473.0,4,1,0,1,1,1,0,0.8784810268272825,1,138.27470799878938
/Users/eolande/EventMAV/FRED/65.zip,81,2.4362249999999985,2.4662249999999983,propeller_2,722,185,728,190,6,5,30,24,89,3901.5,4,1,1,0,1,1,0,0.9353669836714039,1,138.27470799878938
/Users/eolande/EventMAV/FRED/65.zip,82,2.4662249999999983,2.496224999999998,propeller_1,471,457,488,470,17,13,221,130,557,15810.0,4,1,0,1,1,1,0,0.8784578313031057,1,137.16637499601347
/Users/eolande/EventMAV/FRED/65.zip,82,2.4662249999999983,2.496224999999998,propeller_2,722,185,728,190,6,5,30,26,92,4590.0,6,1,1,1,1,1,1,0.9274731121543962,1,137.16637499601347
/Users/eolande/EventMAV/FRED/65.zip,82,2.4662249999999983,2.496224999999998,propeller_3,553,7,559,11,6,4,24,10,26,1071.0,5,1,1,1,1,1,0,0.8726746894974631,1,137.16637499601347
/Users/eolande/EventMAV/FRED/65.zip,83,2.496224999999998,2.526224999999998,propeller_1,467,464,484,476,17,12,204,129,556,16371.0,4,1,1,0,1,1,0,0.8896302716363316,1,140.20370800426463
/Users/eolande/EventMAV/FRED/65.zip,83,2.496224999999998,2.526224999999998,propeller_2,721,185,728,190,7,5,35,30,106,4743.0,5,1,1,1,1,1,0,0.9463773950098424,1,140.20370800426463
/Users/eolande/EventMAV/FRED/65.zip,83,2.496224999999998,2.526224999999998,propeller_4,542,11,546,15,4,4,16,13,19,1249.5,4,1,1,0,1,1,0,0.8738901887509477,1,140.20370800426463
/Users/eolande/EventMAV/FRED/65.zip,84,2.526224999999998,2.5562249999999977,propeller_1,463,470,480,482,17,12,204,117,492,14866.5,4,1,0,1,1,1,0,0.8923426007781163,1,136.78166700265137
/Users/eolande/EventMAV/FRED/65.zip,84,2.526224999999998,2.5562249999999977,propeller_2,721,185,729,190,8,5,40,32,124,5431.5,6,1,1,1,1,1,1,0.9211060134331859,1,136.78166700265137
/Users/eolande/EventMAV/FRED/65.zip,85,2.5562249999999977,2.5862249999999976,propeller_1,460,477,475,488,15,11,165,98,400,12240.0,4,1,0,1,1,1,0,0.8595895124821166,1,136.8856670014793
/Users/eolande/EventMAV/FRED/65.zip,85,2.5562249999999977,2.5862249999999976,propeller_2,722,185,729,190,7,5,35,29,105,4743.0,4,1,1,0,1,1,0,0.9251091741609951,1,136.8856670014793
/Users/eolande/EventMAV/FRED/65.zip,86,2.5862249999999976,2.6162249999999974,propeller_1,454,484,470,495,16,11,176,97,382,11449.5,5,1,1,1,1,1,0,0.8589271427878302,1,140.1590000023134
/Users/eolande/EventMAV/FRED/65.zip,86,2.5862249999999976,2.6162249999999974,propeller_2,722,185,729,190,7,5,35,29,126,5227.5,5,1,1,0,1,1,1,0.9325029949177108,1,140.1590000023134
/Users/eolande/EventMAV/FRED/65.zip,87,2.6162249999999974,2.646224999999997,propeller_1,450,490,466,501,16,11,176,93,389,11653.5,4,1,0,1,1,1,0,0.8862982013142094,1,135.20787500601728
/Users/eolande/EventMAV/FRED/65.zip,87,2.6162249999999974,2.646224999999997,propeller_2,722,185,729,190,7,5,35,30,139,5406.0,5,1,1,0,1,1,1,0.923346204146704,1,135.20787500601728
/Users/eolande/EventMAV/FRED/65.zip,88,2.646224999999997,2.676224999999997,propeller_1,448,496,461,506,13,10,130,82,330,10251.0,4,1,0,1,1,1,0,0.8734692098177155,1,133.50608399923658
/Users/eolande/EventMAV/FRED/65.zip,88,2.646224999999997,2.676224999999997,propeller_2,722,185,729,190,7,5,35,29,134,5202.0,6,1,1,1,1,1,1,0.9305413777673999,1,133.50608399923658
/Users/eolande/EventMAV/FRED/65.zip,89,2.676224999999997,2.7062249999999968,propeller_1,443,502,456,512,13,10,130,82,341,10251.0,4,1,1,1,0,1,0,0.8875791846200634,1,136.60725000227103
/Users/eolande/EventMAV/FRED/65.zip,89,2.676224999999997,2.7062249999999968,propeller_2,721,185,729,190,8,5,40,33,150,5686.5,4,1,1,0,1,1,0,0.9298947014846639,1,136.60725000227103
/Users/eolande/EventMAV/FRED/65.zip,90,2.7062249999999968,2.7362249999999966,propeller_1,439,508,453,518,14,10,140,91,317,10327.5,5,1,1,1,1,1,0,0.9001391832685666,1,149.23266699770465
/Users/eolande/EventMAV/FRED/65.zip,90,2.7062249999999968,2.7362249999999966,propeller_2,723,185,729,190,6,5,30,27,150,5304.0,6,1,1,1,1,1,1,0.917816976042217,1,149.23266699770465
/Users/eolande/EventMAV/FRED/65.zip,90,2.7062249999999968,2.7362249999999966,propeller_3,467,35,476,38,9,3,27,14,39,1453.5,4,1,0,1,1,1,0,0.9411537997127905,1,149.23266699770465
/Users/eolande/EventMAV/FRED/65.zip,91,2.7362249999999966,2.7662249999999964,propeller_1,435,513,449,524,14,11,154,93,361,11577.0,5,1,1,1,1,1,0,0.874041042062583,1,138.14929200452752
/Users/eolande/EventMAV/FRED/65.zip,91,2.7362249999999966,2.7662249999999964,propeller_2,722,185,732,190,10,5,50,39,159,5967.0,5,1,1,1,1,1,0,0.924289901457025,1,138.14929200452752
/Users/eolande/EventMAV/FRED/65.zip,91,2.7362249999999966,2.7662249999999964,propeller_3,455,36,462,39,7,3,21,12,37,1402.5,5,1,1,1,1,1,0,0.8747402920166558,1,138.14929200452752
/Users/eolande/EventMAV/FRED/65.zip,92,2.7662249999999964,2.796224999999996,propeller_1,431,519,445,529,14,10,140,86,322,9715.5,5,1,1,1,1,1,0,0.8972910292761236,1,137.89654200081713
/Users/eolande/EventMAV/FRED/65.zip,92,2.7662249999999964,2.796224999999996,propeller_2,722,185,729,190,7,5,35,31,165,5431.5,4,1,1,0,1,1,0,0.9234577462654321,1,137.89654200081713
/Users/eolande/EventMAV/FRED/65.zip,92,2.7662249999999964,2.796224999999996,propeller_3,448,36,450,40,2,4,8,5,11,1045.5,4,1,0,1,1,1,0,0.92233519135833,1,137.89654200081713
/Users/eolande/EventMAV/FRED/65.zip,93,2.796224999999996,2.826224999999996,propeller_1,427,524,440,534,13,10,130,76,296,9282.0,5,1,1,1,1,1,0,0.8998684858787844,1,136.03754100040533
/Users/eolande/EventMAV/FRED/65.zip,93,2.796224999999996,2.826224999999996,propeller_2,721,185,729,191,8,6,48,36,167,5839.5,5,1,1,1,1,1,0,0.934872275030498,1,136.03754100040533
/Users/eolande/EventMAV/FRED/65.zip,93,2.796224999999996,2.826224999999996,propeller_3,436,37,443,40,7,3,21,16,40,1530.0,6,1,1,1,1,1,1,0.8530157426801175,1,136.03754100040533
/Users/eolande/EventMAV/FRED/65.zip,94,2.826224999999996,2.856224999999996,propeller_1,423,530,437,539,14,9,126,83,300,10123.5,4,1,0,1,1,1,0,0.8997836736008924,1,138.01637500000652
/Users/eolande/EventMAV/FRED/65.zip,94,2.826224999999996,2.856224999999996,propeller_2,722,185,732,190,10,5,50,40,187,6375.0,6,1,1,1,1,1,1,0.9336601146227455,1,138.01637500000652
/Users/eolande/EventMAV/FRED/65.zip,94,2.826224999999996,2.856224999999996,propeller_3,425,37,435,41,10,4,40,22,54,1836.0,6,1,1,1,1,1,1,0.8837207775837398,1,138.01637500000652
/Users/eolande/EventMAV/FRED/65.zip,95,2.856224999999996,2.8862249999999956,propeller_1,420,534,434,543,14,9,126,71,258,8389.5,5,1,1,1,1,1,0,0.8443417739272197,1,132.21574999624863
/Users/eolande/EventMAV/FRED/65.zip,95,2.856224999999996,2.8862249999999956,propeller_2,722,185,729,191,7,6,42,33,173,5890.5,5,1,1,1,1,1,0,0.9235726111617379,1,132.21574999624863
/Users/eolande/EventMAV/FRED/65.zip,95,2.856224999999996,2.8862249999999956,propeller_3,416,38,424,40,8,2,16,9,27,1071.0,4,1,1,1,1,0,0,0.9338186795769123,1,132.21574999624863
/Users/eolande/EventMAV/FRED/65.zip,96,2.8862249999999956,2.9162249999999954,propeller_1,415,540,429,547,14,7,98,63,282,8236.5,5,1,1,1,1,1,0,0.9132605400427106,1,137.59841599676292
/Users/eolande/EventMAV/FRED/65.zip,96,2.8862249999999956,2.9162249999999954,propeller_2,722,185,729,191,7,6,42,33,174,5890.5,5,1,1,1,1,1,0,0.9227966207830179,1,137.59841599676292
/Users/eolande/EventMAV/FRED/65.zip,97,2.9162249999999954,2.946224999999995,propeller_1,412,542,427,550,15,8,120,76,277,8746.5,3,1,0,1,0,1,0,0.8858061435511966,1,139.46783300343668
/Users/eolande/EventMAV/FRED/65.zip,97,2.9162249999999954,2.946224999999995,propeller_2,722,185,729,191,7,6,42,36,168,6196.5,6,1,1,1,1,1,1,0.9283593423686003,1,139.46783300343668
/Users/eolande/EventMAV/FRED/65.zip,97,2.9162249999999954,2.946224999999995,propeller_3,403,37,406,39,3,2,6,6,8,790.5,3,1,1,0,1,0,0,0.9338186795769123,1,139.46783300343668
/Users/eolande/EventMAV/FRED/65.zip,98,2.946224999999995,2.976224999999995,propeller_1,408,546,420,554,12,8,96,51,202,6604.5,5,1,1,1,1,1,0,0.9191369487969021,1,140.15758299501613
/Users/eolande/EventMAV/FRED/65.zip,98,2.946224999999995,2.976224999999995,propeller_2,722,185,729,191,7,6,42,36,178,6375.0,6,1,1,1,1,1,1,0.9347368229463114,1,140.15758299501613
/Users/eolande/EventMAV/FRED/65.zip,99,2.976224999999995,3.006224999999995,propeller_1,404,550,418,557,14,7,98,60,260,8160.0,5,1,1,1,1,1,0,0.9017282954727093,1,138.17245900281705
/Users/eolande/EventMAV/FRED/65.zip,99,2.976224999999995,3.006224999999995,propeller_2,722,185,730,191,8,6,48,39,186,6553.5,5,1,1,0,1,1,1,0.9333007326694233,1,138.17245900281705
/Users/eolande/EventMAV/FRED/65.zip,100,3.006224999999995,3.0362249999999946,propeller_1,401,552,415,559,14,7,98,61,281,7726.5,4,1,1,0,1,1,0,0.9105275286219041,1,135.83570899936603
/Users/eolande/EventMAV/FRED/65.zip,100,3.006224999999995,3.0362249999999946,propeller_2,723,185,730,191,7,6,42,35,165,6273.0,5,1,1,1,1,1,0,0.9181717736971351,1,135.83570899936603
/Users/eolande/EventMAV/FRED/65.zip,101,3.0362249999999946,3.0662249999999944,propeller_1,399,555,410,561,11,6,66,50,243,6706.5,5,1,1,1,1,1,0,0.8944481193196197,1,136.4089580019936
/Users/eolande/EventMAV/FRED/65.zip,101,3.0362249999999946,3.0662249999999944,propeller_2,723,185,730,191,7,6,42,35,167,6400.5,5,1,1,1,1,1,0,0.9252948845557121,1,136.4089580019936
/Users/eolande/EventMAV/FRED/65.zip,102,3.0662249999999944,3.0962249999999942,propeller_1,395,557,407,563,12,6,72,53,160,6426.0,5,1,1,1,1,1,0,0.8436738224885147,1,140.29070799733745
/Users/eolande/EventMAV/FRED/65.zip,102,3.0662249999999944,3.0962249999999942,propeller_2,723,185,730,191,7,6,42,35,173,6120.0,5,1,1,1,1,1,0,0.9097840942776427,1,140.29070799733745
/Users/eolande/EventMAV/FRED/65.zip,103,3.0962249999999942,3.126224999999994,propeller_1,723,185,730,191,7,6,42,35,170,6196.5,4,1,1,0,1,1,0,0.916977778021494,1,138.77320799656445
/Users/eolande/EventMAV/FRED/65.zip,103,3.0962249999999942,3.126224999999994,propeller_2,393,558,405,564,12,6,72,36,113,4105.5,5,1,1,1,0,1,1,0.924635367303329,1,138.77320799656445
/Users/eolande/EventMAV/FRED/65.zip,104,3.126224999999994,3.156224999999994,propeller_1,723,185,730,191,7,6,42,35,168,6502.5,6,1,1,1,1,1,1,0.9156560548996173,1,132.85087500116788
/Users/eolande/EventMAV/FRED/65.zip,104,3.126224999999994,3.156224999999994,propeller_2,389,560,401,566,12,6,72,45,168,6069.0,5,1,1,1,0,1,1,0.8785348434359165,1,132.85087500116788
/Users/eolande/EventMAV/FRED/65.zip,105,3.156224999999994,3.1862249999999936,propeller_1,723,185,730,191,7,6,42,35,182,6247.5,6,1,1,1,1,1,1,0.9192645062716199,1,137.72845800122013
/Users/eolande/EventMAV/FRED/65.zip,105,3.156224999999994,3.1862249999999936,propeller_2,385,562,398,567,13,5,65,45,147,5278.5,4,1,0,1,1,1,0,0.8267733957895296,1,137.72845800122013
/Users/eolande/EventMAV/FRED/65.zip,106,3.1862249999999936,3.2162249999999935,propeller_1,723,185,730,191,7,6,42,35,182,6069.0,6,1,1,1,1,1,1,0.9266160436303164,1,135.80383299995447
/Users/eolande/EventMAV/FRED/65.zip,106,3.1862249999999936,3.2162249999999935,propeller_2,383,563,392,568,9,5,45,33,104,3774.0,5,1,1,1,1,1,0,0.8701156011089829,1,135.80383299995447
/Users/eolande/EventMAV/FRED/65.zip,107,3.2162249999999935,3.2462249999999933,propeller_1,723,185,730,191,7,6,42,35,181,6375.0,4,1,1,0,1,1,0,0.9059401036621575,1,138.61816700227791
/Users/eolande/EventMAV/FRED/65.zip,107,3.2162249999999935,3.2462249999999933,propeller_2,379,564,391,569,12,5,60,32,107,3111.0,5,1,1,1,1,1,0,0.8543678500262252,1,138.61816700227791
/Users/eolande/EventMAV/FRED/65.zip,108,3.2462249999999933,3.276224999999993,propeller_1,723,185,730,191,7,6,42,35,178,6298.5,6,1,1,1,1,1,1,0.9237638760057606,1,136.35995799995726
/Users/eolande/EventMAV/FRED/65.zip,108,3.2462249999999933,3.276224999999993,propeller_2,377,565,386,569,9,4,36,30,75,2524.5,5,1,1,1,1,1,0,0.8299843812173886,1,136.35995799995726
/Users/eolande/EventMAV/FRED/65.zip,109,3.276224999999993,3.306224999999993,propeller_1,723,185,730,191,7,6,42,35,183,6655.5,6,1,1,1,1,1,1,0.9176761207485385,1,135.14412500080653
/Users/eolande/EventMAV/FRED/65.zip,109,3.276224999999993,3.306224999999993,propeller_2,374,565,385,570,11,5,55,27,105,3519.0,5,1,1,1,1,1,0,0.9176481913446264,1,135.14412500080653
/Users/eolande/EventMAV/FRED/65.zip,110,3.306224999999993,3.3362249999999927,propeller_1,723,185,730,191,7,6,42,35,182,6375.0,6,1,1,1,1,1,1,0.9082852449054144,1,134.3000829947414
/Users/eolande/EventMAV/FRED/65.zip,110,3.306224999999993,3.3362249999999927,propeller_2,371,566,376,570,5,4,20,18,63,2269.5,4,1,1,1,0,1,0,0.9565179055312376,1,134.3000829947414
/Users/eolande/EventMAV/FRED/65.zip,111,3.3362249999999927,3.3662249999999925,propeller_1,722,185,730,191,8,6,48,38,191,6579.0,5,1,1,1,1,1,0,0.9250361228904176,1,139.5928339989041
/Users/eolande/EventMAV/FRED/65.zip,111,3.3362249999999927,3.3662249999999925,propeller_2,368,566,373,570,5,4,20,16,96,2652.0,5,1,0,1,1,1,1,0.9271375001317899,1,139.5928339989041
/Users/eolande/EventMAV/FRED/65.zip,112,3.3662249999999925,3.3962249999999923,propeller_1,722,185,730,191,8,6,48,38,189,6732.0,6,1,1,1,1,1,1,0.9191926851985819,1,146.65570899524027
/Users/eolande/EventMAV/FRED/65.zip,112,3.3662249999999925,3.3962249999999923,propeller_2,365,566,371,570,6,4,24,22,88,3366.0,6,1,1,1,1,1,1,0.9393296087633782,1,146.65570899524027
/Users/eolande/EventMAV/FRED/65.zip,113,3.3962249999999923,3.426224999999992,propeller_1,361,565,374,570,13,5,65,45,241,7344.0,5,1,1,1,1,1,0,0.9437450568706542,1,138.93224999628728
/Users/eolande/EventMAV/FRED/65.zip,113,3.3962249999999923,3.426224999999992,propeller_2,722,185,730,191,8,6,48,38,196,6553.5,6,1,1,1,1,1,1,0.9251340733102658,1,138.93224999628728
/Users/eolande/EventMAV/FRED/65.zip,114,3.426224999999992,3.456224999999992,propeller_1,358,565,372,570,14,5,70,49,236,7012.5,5,1,1,1,1,1,0,0.8181970533158136,1,134.08262500161072
/Users/eolande/EventMAV/FRED/65.zip,114,3.426224999999992,3.456224999999992,propeller_2,722,185,730,191,8,6,48,39,199,6834.0,5,1,1,1,1,1,0,0.9309210896207283,1,134.08262500161072
/Users/eolande/EventMAV/FRED/65.zip,115,3.456224999999992,3.4862249999999917,propeller_1,356,565,369,570,13,5,65,52,331,8466.0,5,1,1,1,1,1,0,0.865823470624659,1,143.74154200049816
/Users/eolande/EventMAV/FRED/65.zip,115,3.456224999999992,3.4862249999999917,propeller_2,722,185,730,191,8,6,48,39,201,6910.5,6,1,1,1,1,1,1,0.9204013265182692,1,143.74154200049816
/Users/eolande/EventMAV/FRED/65.zip,116,3.4862249999999917,3.5162249999999915,propeller_1,353,564,366,569,13,5,65,50,337,9027.0,5,1,1,1,1,1,0,0.8853251603989591,1,137.28062500013039
/Users/eolande/EventMAV/FRED/65.zip,116,3.4862249999999917,3.5162249999999915,propeller_2,722,185,730,191,8,6,48,39,195,6910.5,6,1,1,1,1,1,1,0.9278510121007716,1,137.28062500013039
/Users/eolande/EventMAV/FRED/65.zip,117,3.5162249999999915,3.5462249999999913,propeller_1,351,564,364,569,13,5,65,51,315,8517.0,5,1,1,1,1,1,0,0.8649478071078669,1,151.14162499958184
/Users/eolande/EventMAV/FRED/65.zip,117,3.5162249999999915,3.5462249999999913,propeller_2,722,185,730,191,8,6,48,36,185,6375.0,6,1,1,1,1,1,1,0.9191458972875464,1,151.14162499958184
/Users/eolande/EventMAV/FRED/65.zip,118,3.5462249999999913,3.576224999999991,propeller_1,349,563,361,568,12,5,60,47,278,8160.0,5,1,1,1,1,1,0,0.8570638241758481,1,213.7670420052018
/Users/eolande/EventMAV/FRED/65.zip,118,3.5462249999999913,3.576224999999991,propeller_2,722,185,730,191,8,6,48,39,206,7267.5,6,1,1,1,1,1,1,0.9180336125645105,1,213.7670420052018
/Users/eolande/EventMAV/FRED/65.zip,119,3.576224999999991,3.606224999999991,propeller_1,346,563,359,567,13,4,52,48,222,7956.0,5,1,1,1,1,1,0,0.8682148998655463,1,137.50495800195495
/Users/eolande/EventMAV/FRED/65.zip,119,3.576224999999991,3.606224999999991,propeller_2,722,185,730,191,8,6,48,38,188,6477.0,6,1,1,1,1,1,1,0.9328808410458278,1,137.50495800195495
/Users/eolande/EventMAV/FRED/65.zip,120,3.606224999999991,3.6362249999999907,propeller_1,722,185,730,191,8,6,48,38,191,6859.5,4,1,1,0,1,1,0,0.9198083664196224,1,142.01462499477202
/Users/eolande/EventMAV/FRED/65.zip,120,3.606224999999991,3.6362249999999907,propeller_2,344,563,356,567,12,4,48,36,196,6681.0,3,1,0,0,1,1,0,0.9270322042050226,1,142.01462499477202
/Users/eolande/EventMAV/FRED/65.zip,121,3.6362249999999907,3.6662249999999905,propeller_1,722,185,730,191,8,6,48,38,193,6757.5,6,1,1,1,1,1,1,0.9189701310461958,1,138.7849999955506
/Users/eolande/EventMAV/FRED/65.zip,121,3.6362249999999907,3.6662249999999905,propeller_2,343,562,353,566,10,4,40,31,105,4819.5,5,1,1,1,1,1,0,0.9344947932699748,1,138.7849999955506
/Users/eolande/EventMAV/FRED/65.zip,122,3.6662249999999905,3.6962249999999903,propeller_1,722,185,730,191,8,6,48,38,194,7089.0,6,1,1,1,1,1,1,0.9196178477065386,1,146.04070899804356
/Users/eolande/EventMAV/FRED/65.zip,122,3.6662249999999905,3.6962249999999903,propeller_2,340,562,351,566,11,4,44,35,69,3111.0,5,1,1,1,1,1,0,0.8253405487112662,1,146.04070899804356
/Users/eolande/EventMAV/FRED/65.zip,123,3.6962249999999903,3.72622499999999,propeller_1,722,185,730,191,8,6,48,38,193,6885.0,5,1,1,1,1,1,0,0.9290397720965066,1,142.80433300154982
/Users/eolande/EventMAV/FRED/65.zip,123,3.6962249999999903,3.72622499999999,propeller_3,340,562,348,565,8,3,24,18,52,2448.0,5,1,1,1,1,1,0,0.8762825657040922,1,142.80433300154982
/Users/eolande/EventMAV/FRED/65.zip,124,3.72622499999999,3.75622499999999,propeller_1,722,185,730,191,8,6,48,38,196,6961.5,6,1,1,1,1,1,1,0.9165076755828602,1,148.82316700095544
/Users/eolande/EventMAV/FRED/65.zip,124,3.72622499999999,3.75622499999999,propeller_2,339,562,347,565,8,3,24,15,59,2575.5,3,1,1,0,0,1,0,0.9144045057781487,1,148.82316700095544
/Users/eolande/EventMAV/FRED/65.zip,125,3.75622499999999,3.7862249999999897,propeller_1,722,185,730,191,8,6,48,37,179,6553.5,6,1,1,1,1,1,1,0.9211433011457203,1,145.51379100157646
/Users/eolande/EventMAV/FRED/65.zip,126,3.7862249999999897,3.8162249999999895,propeller_1,722,185,730,191,8,6,48,37,173,6375.0,5,1,1,0,1,1,1,0.9248547449052238,1,141.61824999609962
/Users/eolande/EventMAV/FRED/65.zip,127,3.8162249999999895,3.8462249999999893,propeller_1,722,186,730,191,8,5,40,34,170,6502.5,6,1,1,1,1,1,1,0.9162685624665385,1,143.39775000553345
/Users/eolande/EventMAV/FRED/65.zip,128,3.8462249999999893,3.876224999999989,propeller_1,722,186,730,191,8,5,40,34,173,6349.5,5,1,1,1,1,1,0,0.9233887004787078,1,138.68091699987417
/Users/eolande/EventMAV/FRED/65.zip,129,3.876224999999989,3.906224999999989,propeller_1,722,186,730,191,8,5,40,34,167,6426.0,5,1,1,1,1,1,0,0.9266302684969463,1,141.2872500004596
/Users/eolande/EventMAV/FRED/65.zip,130,3.906224999999989,3.9362249999999888,propeller_1,723,185,730,190,7,5,35,31,161,6069.0,6,1,1,1,1,1,1,0.9297766904565894,1,136.11908300663345
/Users/eolande/EventMAV/FRED/65.zip,131,3.9362249999999888,3.9662249999999886,propeller_1,723,184,730,190,7,6,42,33,165,6018.0,4,1,1,0,1,1,0,0.9305916962000366,1,141.7088340022019
/Users/eolande/EventMAV/FRED/65.zip,132,3.9662249999999886,3.9962249999999884,propeller_1,723,184,734,190,11,6,66,38,190,6706.5,6,1,1,1,1,1,1,0.9651120703583251,1,152.1258329958073
/Users/eolande/EventMAV/FRED/65.zip,133,3.9962249999999884,4.026224999999989,propeller_1,723,184,730,189,7,5,35,32,173,6120.0,5,1,1,1,1,1,0,0.933620576122056,1,137.91704199684318
/Users/eolande/EventMAV/FRED/65.zip,134,4.026224999999989,4.056224999999989,propeller_1,722,184,730,189,8,5,40,32,148,5278.5,5,1,1,0,1,1,1,0.9314044244036446,1,145.45329099928495
/Users/eolande/EventMAV/FRED/65.zip,135,4.056224999999989,4.086224999999989,propeller_1,722,183,730,189,8,6,48,37,183,6834.0,6,1,1,1,1,1,1,0.9101017970159146,1,138.40633299696492
/Users/eolande/EventMAV/FRED/65.zip,136,4.086224999999989,4.116224999999989,propeller_1,722,183,730,189,8,6,48,36,176,6324.0,4,1,1,0,1,1,0,0.9258711228716121,1,145.75958299974445
/Users/eolande/EventMAV/FRED/65.zip,137,4.116224999999989,4.14622499999999,propeller_1,723,183,730,189,7,6,42,32,166,5661.0,6,1,1,1,1,1,1,0.9350685568419463,1,142.42795800237218
/Users/eolande/EventMAV/FRED/65.zip,138,4.14622499999999,4.17622499999999,propeller_1,723,183,730,189,7,6,42,32,148,5227.5,4,1,1,0,1,1,0,0.9270540346676251,1,142.11645899922587
/Users/eolande/EventMAV/FRED/65.zip,139,4.17622499999999,4.20622499999999,propeller_1,723,183,730,188,7,5,35,29,151,5380.5,5,1,1,1,1,1,0,0.9279416254022932,1,141.8312079986208
/Users/eolande/EventMAV/FRED/65.zip,140,4.20622499999999,4.23622499999999,propeller_1,723,183,730,189,7,6,42,32,151,5406.0,6,1,1,1,1,1,1,0.9407500886140208,1,154.9426669953391
/Users/eolande/EventMAV/FRED/65.zip,141,4.23622499999999,4.266224999999991,propeller_1,723,183,731,188,8,5,40,32,161,5788.5,5,1,1,1,1,1,0,0.9195820516084023,1,148.43337499769405
/Users/eolande/EventMAV/FRED/65.zip,141,4.23622499999999,4.266224999999991,propeller_2,346,565,350,568,4,3,12,11,23,867.0,4,1,1,1,1,0,0,0.8771464484218874,1,148.43337499769405
/Users/eolande/EventMAV/FRED/65.zip,142,4.266224999999991,4.296224999999991,propeller_1,723,183,731,188,8,5,40,32,152,5661.0,5,1,1,1,1,1,0,0.9349974280862529,1,147.62791699467925
/Users/eolande/EventMAV/FRED/65.zip,142,4.266224999999991,4.296224999999991,propeller_2,347,564,353,568,6,4,24,17,47,1912.5,5,1,1,1,1,1,0,0.9253879112615775,1,147.62791699467925
/Users/eolande/EventMAV/FRED/65.zip,143,4.296224999999991,4.326224999999991,propeller_1,723,183,731,188,8,5,40,33,167,5763.0,5,1,1,1,1,1,0,0.9299204267053012,1,148.27916699869093
/Users/eolande/EventMAV/FRED/65.zip,143,4.296224999999991,4.326224999999991,propeller_2,346,563,356,568,10,5,50,25,58,2397.0,5,1,1,1,1,1,0,0.9268312450711006,1,148.27916699869093
/Users/eolande/EventMAV/FRED/65.zip,144,4.326224999999991,4.356224999999991,propeller_1,723,183,731,188,8,5,40,33,174,6094.5,5,1,1,1,1,1,0,0.9343987304234532,1,145.18574999965494
/Users/eolande/EventMAV/FRED/65.zip,144,4.326224999999991,4.356224999999991,propeller_2,594,0,606,4,12,4,48,23,91,1963.5,5,1,0,1,1,1,1,0.9157848890864061,1,145.18574999965494
/Users/eolande/EventMAV/FRED/65.zip,145,4.356224999999991,4.386224999999992,propeller_1,724,183,731,188,7,5,35,30,171,5737.5,5,1,1,1,1,1,0,0.9210494081606264,1,155.01770799892256
/Users/eolande/EventMAV/FRED/65.zip,145,4.356224999999991,4.386224999999992,propeller_2,352,562,361,567,9,5,45,20,42,1810.5,4,1,1,0,1,1,0,0.8775209704159279,1,155.01770799892256
/Users/eolande/EventMAV/FRED/65.zip,145,4.356224999999991,4.386224999999992,propeller_3,614,0,616,2,2,2,4,4,9,663.0,4,1,0,1,1,1,0,1.0,1,155.01770799892256
/Users/eolande/EventMAV/FRED/65.zip,146,4.386224999999992,4.416224999999992,propeller_1,724,183,731,188,7,5,35,30,167,5763.0,6,1,1,1,1,1,1,0.9238508850716833,1,160.814125003526
/Users/eolande/EventMAV/FRED/65.zip,146,4.386224999999992,4.416224999999992,propeller_2,356,563,364,567,8,4,32,16,48,1989.0,5,1,1,1,1,1,0,0.956899924107324,1,160.814125003526
/Users/eolande/EventMAV/FRED/65.zip,147,4.416224999999992,4.446224999999992,propeller_1,724,183,731,188,7,5,35,30,163,5712.0,5,1,1,1,1,1,0,0.9271363916820756,1,160.06141700199805
/Users/eolande/EventMAV/FRED/65.zip,147,4.416224999999992,4.446224999999992,propeller_2,359,562,366,567,7,5,35,18,27,1530.0,3,1,1,0,1,0,0,0.9137246827147693,1,160.06141700199805
/Users/eolande/EventMAV/FRED/65.zip,148,4.446224999999992,4.476224999999992,propeller_1,724,183,731,188,7,5,35,30,155,5406.0,5,1,1,1,1,1,0,0.9370150318550444,1,151.5532909979811
/Users/eolande/EventMAV/FRED/65.zip,149,4.476224999999992,4.506224999999993,propeller_1,723,183,731,188,8,5,40,33,159,5737.5,6,1,1,1,1,1,1,0.9276917077975019,1,147.77508399856742
/Users/eolande/EventMAV/FRED/65.zip,149,4.476224999999992,4.506224999999993,propeller_2,664,0,674,3,10,3,30,20,57,1683.0,5,1,1,1,1,1,0,0.9056226060065847,1,147.77508399856742
/Users/eolande/EventMAV/FRED/65.zip,150,4.506224999999993,4.536224999999993,propeller_1,724,183,731,188,7,5,35,30,140,4845.0,5,1,1,1,1,1,0,0.9458456410268161,1,151.9602090047556
/Users/eolande/EventMAV/FRED/65.zip,150,4.506224999999993,4.536224999999993,propeller_2,677,0,689,3,12,3,36,25,59,1555.5,5,1,1,1,1,1,0,0.8972657037372391,1,151.9602090047556
/Users/eolande/EventMAV/FRED/65.zip,150,4.506224999999993,4.536224999999993,propeller_3,369,562,376,566,7,4,28,10,24,867.0,3,1,1,1,0,0,0,0.8872935574372389,1,151.9602090047556
/Users/eolande/EventMAV/FRED/65.zip,151,4.536224999999993,4.566224999999993,propeller_1,724,183,732,188,8,5,40,33,158,5788.5,5,1,1,1,1,1,0,0.9357210023381531,1,158.41191599611193
/Users/eolande/EventMAV/FRED/65.zip,151,4.536224999999993,4.566224999999993,propeller_2,690,0,702,3,12,3,36,23,54,1479.0,5,1,1,1,1,1,0,0.9138895184875317,1,158.41191599611193
/Users/eolande/EventMAV/FRED/65.zip,152,4.566224999999993,4.596224999999993,propeller_1,724,183,732,188,8,5,40,34,178,6273.0,5,1,1,1,1,1,0,0.9212904447736139,1,153.24416699877474
/Users/eolande/EventMAV/FRED/65.zip,152,4.566224999999993,4.596224999999993,propeller_2,704,0,716,2,12,2,24,21,59,1555.5,6,1,1,1,1,1,1,0.9251194235424516,1,153.24416699877474
/Users/eolande/EventMAV/FRED/65.zip,153,4.596224999999993,4.626224999999994,propeller_1,724,183,732,188,8,5,40,33,173,5916.0,5,1,1,1,1,1,0,0.9219572937649225,1,137.82491700112587
/Users/eolande/EventMAV/FRED/65.zip,153,4.596224999999993,4.626224999999994,propeller_2,717,0,729,4,12,4,48,35,116,2422.5,5,1,1,0,1,1,1,0.8994245642819206,1,137.82491700112587
/Users/eolande/EventMAV/FRED/65.zip,154,4.626224999999994,4.656224999999994,propeller_1,725,183,732,188,7,5,35,31,170,5763.0,5,1,1,1,1,1,0,0.907442901464892,1,203.03854200028582
/Users/eolande/EventMAV/FRED/65.zip,154,4.626224999999994,4.656224999999994,propeller_2,730,0,742,4,12,4,48,41,143,2779.5,5,1,1,0,1,1,1,0.8707597886824711,1,203.03854200028582
/Users/eolande/EventMAV/FRED/65.zip,155,4.656224999999994,4.686224999999994,propeller_1,724,183,732,188,8,5,40,34,185,5890.5,5,1,1,1,1,1,0,0.9213797131516128,1,145.11925000260817
/Users/eolande/EventMAV/FRED/65.zip,155,4.656224999999994,4.686224999999994,propeller_2,743,0,755,5,12,5,60,45,149,2958.0,6,1,1,1,1,1,1,0.8778064186784578,1,145.11925000260817
/Users/eolande/EventMAV/FRED/65.zip,156,4.686224999999994,4.716224999999994,propeller_1,724,183,732,188,8,5,40,34,176,5916.0,5,1,1,1,1,1,0,0.9069579582440074,1,140.34333300514845
/Users/eolande/EventMAV/FRED/65.zip,156,4.686224999999994,4.716224999999994,propeller_2,756,0,767,7,11,7,77,52,156,3468.0,6,1,1,1,1,1,1,0.8690104378174375,1,140.34333300514845
/Users/eolande/EventMAV/FRED/65.zip,157,4.716224999999994,4.746224999999995,propeller_1,724,183,732,189,8,6,48,37,180,5839.5,5,1,1,1,1,1,0,0.9348653603578043,1,139.73712499864632
/Users/eolande/EventMAV/FRED/65.zip,157,4.716224999999994,4.746224999999995,propeller_2,767,2,779,7,12,5,60,45,143,3213.0,6,1,1,1,1,1,1,0.8719264267332953,1,139.73712499864632
/Users/eolande/EventMAV/FRED/65.zip,158,4.746224999999995,4.776224999999995,propeller_1,724,183,732,188,8,5,40,34,181,5890.5,6,1,1,1,1,1,1,0.9078186198078055,1,156.5649999974994
/Users/eolande/EventMAV/FRED/65.zip,158,4.746224999999995,4.776224999999995,propeller_2,780,3,791,8,11,5,55,17,58,1504.5,5,1,1,1,1,1,0,0.8981710030818062,1,156.5649999974994
/Users/eolande/EventMAV/FRED/65.zip,159,4.776224999999995,4.806224999999995,propeller_1,724,183,732,188,8,5,40,33,171,6171.0,6,1,1,1,1,1,1,0.8988429944356394,1,144.19133299816167
/Users/eolande/EventMAV/FRED/65.zip,159,4.776224999999995,4.806224999999995,propeller_2,792,5,804,11,12,6,72,40,103,2524.5,5,1,1,0,1,1,1,0.8688090736438664,1,144.19133299816167
/Users/eolande/EventMAV/FRED/65.zip,160,4.806224999999995,4.836224999999995,propeller_1,724,183,732,189,8,6,48,35,137,5329.5,4,1,1,0,1,1,0,0.9317630621266917,1,142.55537500139326
/Users/eolande/EventMAV/FRED/65.zip,160,4.806224999999995,4.836224999999995,propeller_2,804,7,816,14,12,7,84,59,180,4105.5,5,1,1,0,1,1,1,0.8742039731975229,1,142.55537500139326
/Users/eolande/EventMAV/FRED/65.zip,161,4.836224999999995,4.866224999999996,propeller_2,725,184,733,189,8,5,40,31,117,4284.0,4,1,1,0,1,1,0,0.9529986825782917,1,154.4650840005488
/Users/eolande/EventMAV/FRED/65.zip,161,4.836224999999995,4.866224999999996,propeller_3,816,9,828,15,12,6,72,43,136,3034.5,5,1,1,0,1,1,1,0.8595426422782511,1,154.4650840005488
/Users/eolande/EventMAV/FRED/65.zip,162,4.866224999999996,4.896224999999996,propeller_2,828,12,840,17,12,5,60,40,121,2703.0,6,1,1,1,1,1,1,0.8633568423060469,1,136.7438749948633
/Users/eolande/EventMAV/FRED/65.zip,163,4.896224999999996,4.926224999999996,propeller_2,841,14,853,21,12,7,84,47,133,3060.0,5,1,1,1,1,1,0,0.8737571282130923,1,144.3619999990915
/Users/eolande/EventMAV/FRED/65.zip,163,4.896224999999996,4.926224999999996,propeller_3,430,555,434,558,4,3,12,10,21,892.5,4,1,1,1,1,0,0,0.9126100207151832,1,144.3619999990915
/Users/eolande/EventMAV/FRED/65.zip,164,4.926224999999996,4.956224999999996,propeller_2,853,17,865,25,12,8,96,64,198,4207.5,5,1,0,1,1,1,1,0.8731498714463257,1,150.4181249983958
/Users/eolande/EventMAV/FRED/65.zip,164,4.926224999999996,4.956224999999996,propeller_3,434,554,441,557,7,3,21,16,30,1530.0,3,1,1,1,0,0,0,0.899702082085802,1,150.4181249983958
/Users/eolande/EventMAV/FRED/65.zip,165,4.956224999999996,4.986224999999997,propeller_1,730,181,763,189,33,8,264,111,927,20986.5,5,1,1,1,1,1,0,0.9036825129121219,1,156.5380419997382
/Users/eolande/EventMAV/FRED/65.zip,165,4.956224999999996,4.986224999999997,propeller_2,865,19,877,27,12,8,96,52,149,3519.0,5,1,0,1,1,1,1,0.8714635711135897,1,156.5380419997382
/Users/eolande/EventMAV/FRED/65.zip,166,4.986224999999997,5.016224999999997,propeller_1,729,181,762,190,33,9,297,119,1019,22516.5,5,1,1,1,1,1,0,0.9088189609931031,1,138.90541599539574
/Users/eolande/EventMAV/FRED/65.zip,166,4.986224999999997,5.016224999999997,propeller_2,878,24,889,30,11,6,66,37,104,2652.0,6,1,1,1,1,1,1,0.8909060581204991,1,138.90541599539574
/Users/eolande/EventMAV/FRED/65.zip,167,5.016224999999997,5.046224999999997,propeller_1,728,181,762,190,34,9,306,138,1174,25755.0,5,1,1,1,1,1,0,0.9219154977488947,1,147.79029099736363
/Users/eolande/EventMAV/FRED/65.zip,167,5.016224999999997,5.046224999999997,propeller_2,890,27,902,32,12,5,60,36,76,2193.0,6,1,1,1,1,1,1,0.8638022270519683,1,147.79029099736363
/Users/eolande/EventMAV/FRED/65.zip,168,5.046224999999997,5.076224999999997,propeller_1,727,181,760,190,33,9,297,146,1130,26392.5,5,1,1,1,1,1,0,0.9271335682529994,1,151.61754200380528
/Users/eolande/EventMAV/FRED/65.zip,168,5.046224999999997,5.076224999999997,propeller_2,903,30,910,34,7,4,28,13,41,1351.5,5,1,1,1,1,1,0,0.9360224682408834,1,151.61754200380528
/Users/eolande/EventMAV/FRED/65.zip,169,5.076224999999997,5.106224999999998,propeller_1,725,181,759,190,34,9,306,148,1325,27285.0,5,1,1,1,1,1,0,0.9189173921609531,1,148.4259170028963
/Users/eolande/EventMAV/FRED/65.zip,170,5.106224999999998,5.136224999999998,propeller_1,723,180,757,191,34,11,374,161,1279,27948.0,5,1,1,1,1,1,0,0.8806002586924835,1,141.6832910035737
/Users/eolande/EventMAV/FRED/65.zip,170,5.106224999999998,5.136224999999998,propeller_2,936,39,939,41,3,2,6,6,11,841.5,3,1,0,1,1,0,0,0.9338186795769123,1,141.6832910035737
/Users/eolande/EventMAV/FRED/65.zip,171,5.136224999999998,5.166224999999998,propeller_1,722,180,756,190,34,10,340,163,1252,26316.0,5,1,1,1,1,1,0,0.8918259316209256,1,141.2015420064563
/Users/eolande/EventMAV/FRED/65.zip,172,5.166224999999998,5.196224999999998,propeller_1,720,179,754,190,34,11,374,169,1326,27642.0,5,1,1,1,1,1,0,0.9071423939463806,1,145.5242090014508
/Users/eolande/EventMAV/FRED/65.zip,173,5.196224999999998,5.226224999999999,propeller_1,717,179,751,188,34,9,306,157,1252,26010.0,5,1,1,1,1,1,0,0.9040356962377541,1,143.22120799624827
/Users/eolande/EventMAV/FRED/65.zip,173,5.196224999999998,5.226224999999999,propeller_2,967,42,970,45,3,3,9,8,19,892.5,5,1,1,1,1,1,0,0.8703611710066331,1,143.22120799624827
/Users/eolande/EventMAV/FRED/65.zip,174,5.226224999999999,5.256224999999999,propeller_1,714,178,748,192,34,14,476,172,1277,27922.5,5,1,1,1,1,1,0,0.9034068536858031,1,141.3211670005694
/Users/eolande/EventMAV/FRED/65.zip,175,5.256224999999999,5.286224999999999,propeller_1,710,177,746,188,36,11,396,161,1180,25117.5,5,1,1,1,1,1,0,0.9138385779572564,1,147.64379100233782
/Users/eolande/EventMAV/FRED/65.zip,176,5.286224999999999,5.316224999999999,propeller_1,708,176,743,188,35,12,420,173,1159,24760.5,5,1,1,1,1,1,0,0.9031138502409936,1,144.93208299973048
/Users/eolande/EventMAV/FRED/65.zip,177,5.316224999999999,5.346225,propeller_1,703,175,740,188,37,13,481,175,1129,24454.5,5,1,1,1,1,1,0,0.945533909602708,1,138.75883300352143
/Users/eolande/EventMAV/FRED/65.zip,178,5.346225,5.376225,propeller_1,700,174,737,187,37,13,481,181,1119,24786.0,4,1,1,0,1,1,0,0.895014640613132,1,146.69074999983422
/Users/eolande/EventMAV/FRED/65.zip,179,5.376225,5.406225,propeller_1,696,173,733,187,37,14,518,191,1222,26545.5,5,1,1,1,1,1,0,0.894936756363292,1,146.88441600446822
/Users/eolande/EventMAV/FRED/65.zip,180,5.406225,5.436225,propeller_1,690,173,728,186,38,13,494,177,1193,25882.5,5,1,1,1,1,1,0,0.9155246045238664,1,138.54029100184562
/Users/eolande/EventMAV/FRED/65.zip,181,5.436225,5.4662250000000006,propeller_1,688,171,725,186,37,15,555,173,1140,23077.5,5,1,1,1,1,1,0,0.9182378095189863,1,150.99983400432393
/Users/eolande/EventMAV/FRED/65.zip,182,5.4662250000000006,5.496225000000001,propeller_1,680,170,720,185,40,15,600,189,1074,21369.0,5,1,1,1,1,1,0,0.8996004322283875,1,144.14816700445954
/Users/eolande/EventMAV/FRED/65.zip,183,5.496225000000001,5.526225000000001,propeller_1,674,169,715,185,41,16,656,203,1035,23383.5,4,1,1,0,1,1,0,0.9075496168675036,1,141.85795900266385
/Users/eolande/EventMAV/FRED/65.zip,184,5.526225000000001,5.556225000000001,propeller_1,669,168,709,184,40,16,640,210,1057,25270.5,4,1,1,1,0,1,0,0.9174682187485488,1,153.63266699569067
/Users/eolande/EventMAV/FRED/65.zip,185,5.556225000000001,5.5862250000000016,propeller_1,663,167,703,184,40,17,680,222,1097,26086.5,4,1,1,1,0,1,0,0.912484467201305,1,158.02795899799094
/Users/eolande/EventMAV/FRED/65.zip,186,5.5862250000000016,5.616225000000002,propeller_1,656,166,698,184,42,18,756,244,1236,28993.5,4,1,1,1,0,1,0,0.9099803350054331,1,148.18208299402613
/Users/eolande/EventMAV/FRED/65.zip,187,5.616225000000002,5.646225000000002,propeller_1,649,165,690,184,41,19,779,259,1309,31569.0,5,1,1,1,1,1,0,0.9137191283793987,1,147.24287500575883
/Users/eolande/EventMAV/FRED/65.zip,188,5.646225000000002,5.676225000000002,propeller_1,642,164,684,183,42,19,798,313,1476,37281.0,5,1,1,1,1,1,0,0.9186285190072401,1,145.55929199559614
/Users/eolande/EventMAV/FRED/65.zip,189,5.676225000000002,5.7062250000000025,propeller_1,635,163,676,182,41,19,779,325,1576,39423.0,4,1,0,1,1,1,0,0.8948458875942057,1,147.37162499659462
/Users/eolande/EventMAV/FRED/65.zip,190,5.7062250000000025,5.736225000000003,propeller_1,627,162,668,182,41,20,820,352,1659,41641.5,4,1,0,1,1,1,0,0.895050472461577,1,221.5928330042516
/Users/eolande/EventMAV/FRED/65.zip,191,5.736225000000003,5.766225000000003,propeller_1,619,161,660,181,41,20,820,373,1793,44497.5,4,1,0,1,1,1,0,0.8929156552127495,1,160.10908399766777
/Users/eolande/EventMAV/FRED/65.zip,192,5.766225000000003,5.796225000000003,propeller_1,611,160,652,180,41,20,820,389,1924,46869.0,4,1,0,1,1,1,0,0.8201192222870033,1,149.1121250001015
/Users/eolande/EventMAV/FRED/65.zip,193,5.796225000000003,5.8262250000000035,propeller_1,602,159,644,179,42,20,840,410,2059,49189.5,4,1,0,1,1,1,0,0.8372570610730546,1,155.23454100184608
/Users/eolande/EventMAV/FRED/65.zip,194,5.8262250000000035,5.856225000000004,propeller_1,592,158,634,179,42,21,882,425,2189,51408.0,5,1,1,1,1,1,0,0.9036264772298666,1,151.83083299780264
/Users/eolande/EventMAV/FRED/65.zip,195,5.856225000000004,5.886225000000004,propeller_1,584,157,625,178,41,21,861,446,2347,54111.0,4,1,0,1,1,1,0,0.8177515284391916,1,151.89029199973447
/Users/eolande/EventMAV/FRED/65.zip,196,5.886225000000004,5.916225000000004,propeller_1,574,157,614,177,40,20,800,457,2528,56202.0,4,1,1,0,1,1,0,0.9108935738964155,1,157.95450000587152
/Users/eolande/EventMAV/FRED/65.zip,197,5.916225000000004,5.9462250000000045,propeller_1,563,156,606,177,43,21,903,493,2716,58624.5,4,1,0,1,1,1,0,0.841160352678783,1,159.17279200220946
/Users/eolande/EventMAV/FRED/65.zip,198,5.9462250000000045,5.976225000000005,propeller_1,553,155,594,176,41,21,861,521,2974,63061.5,4,1,0,1,1,1,0,0.8356949473446287,1,176.2960829946678
/Users/eolande/EventMAV/FRED/65.zip,199,5.976225000000005,6.006225000000005,propeller_1,542,153,583,175,41,22,902,522,3274,64693.5,5,1,1,1,1,1,0,0.829879013892878,1,164.39399999944726
/Users/eolande/EventMAV/FRED/65.zip,200,6.006225000000005,6.036225000000005,propeller_1,530,153,572,175,42,22,924,547,3475,67651.5,5,1,1,1,1,1,0,0.8211530988332756,1,161.92704100103583
/Users/eolande/EventMAV/FRED/65.zip,201,6.036225000000005,6.0662250000000055,propeller_1,519,152,562,174,43,22,946,566,3594,70686.0,5,1,1,1,1,1,0,0.8385377428319567,1,150.0212500031921
/Users/eolande/EventMAV/FRED/65.zip,203,6.096225000000006,6.126225000000006,propeller_1,496,150,539,173,43,23,989,602,3867,74409.0,5,1,1,1,1,1,0,0.8191327920417573,1,162.7198749993113
/Users/eolande/EventMAV/FRED/65.zip,204,6.126225000000006,6.156225000000006,propeller_1,483,150,527,172,44,22,968,600,3936,76117.5,4,1,0,1,1,1,0,0.8314905199035105,1,157.56058300030418
/Users/eolande/EventMAV/FRED/65.zip,205,6.156225000000006,6.1862250000000065,propeller_1,471,149,515,172,44,23,1012,643,4166,79279.5,5,1,1,1,1,1,0,0.821959274740041,1,149.33237500372343
/Users/eolande/EventMAV/FRED/65.zip,206,6.1862250000000065,6.216225000000007,propeller_1,459,148,502,171,43,23,989,637,4361,81957.0,5,1,1,1,1,1,0,0.8210865921675667,1,150.166999999783
/Users/eolande/EventMAV/FRED/65.zip,207,6.216225000000007,6.246225000000007,propeller_1,446,148,490,171,44,23,1012,662,4575,84430.5,5,1,1,1,1,1,0,0.8273755481357739,1,145.48695799749112
/Users/eolande/EventMAV/FRED/65.zip,208,6.246225000000007,6.276225000000007,propeller_1,433,147,476,170,43,23,989,700,4930,91494.0,4,1,1,0,1,1,0,0.8382250915972509,1,152.93549999478273
/Users/eolande/EventMAV/FRED/65.zip,209,6.276225000000007,6.3062250000000075,propeller_1,419,147,465,170,46,23,1058,720,5135,94248.0,5,1,1,1,1,1,0,0.8286503815098671,1,153.51429200381972
/Users/eolande/EventMAV/FRED/65.zip,210,6.3062250000000075,6.336225000000008,propeller_1,405,146,450,170,45,24,1080,728,5152,96237.0,5,1,1,1,1,1,0,0.831015627910592,1,148.69187500153203
/Users/eolande/EventMAV/FRED/65.zip,211,6.336225000000008,6.366225000000008,propeller_1,391,145,437,169,46,24,1104,761,5263,98379.0,5,1,1,1,1,1,0,0.8221688306953753,1,147.0482919976348
/Users/eolande/EventMAV/FRED/65.zip,212,6.366225000000008,6.396225000000008,propeller_1,376,145,424,169,48,24,1152,775,5492,102331.5,4,1,0,1,1,1,0,0.8934688380481492,1,149.22412500163773
/Users/eolande/EventMAV/FRED/65.zip,213,6.396225000000008,6.4262250000000085,propeller_1,360,144,409,169,49,25,1225,789,5656,104346.0,4,1,1,0,1,1,0,0.8482269051390424,1,149.9825420032721
/Users/eolande/EventMAV/FRED/65.zip,214,6.4262250000000085,6.456225000000009,propeller_1,348,144,396,168,48,24,1152,794,5668,105264.0,4,1,1,0,1,1,0,0.8488083748069091,1,146.7824580031447
/Users/eolande/EventMAV/FRED/65.zip,215,6.456225000000009,6.486225000000009,propeller_1,331,143,383,168,52,25,1300,808,5876,108171.0,5,1,1,1,1,1,0,0.8548547770581316,1,146.4979999946081
/Users/eolande/EventMAV/FRED/65.zip,216,6.486225000000009,6.516225000000009,propeller_1,317,143,369,168,52,25,1300,798,5922,109216.5,3,1,0,0,1,1,0,0.855250256380903,1,146.02575000026263
/Users/eolande/EventMAV/FRED/65.zip,217,6.516225000000009,6.5462250000000095,propeller_1,302,143,354,168,52,25,1300,803,6035,109879.5,5,1,1,1,1,1,0,0.8657554024172287,1,146.62583300378174
/Users/eolande/EventMAV/FRED/65.zip,218,6.5462250000000095,6.57622500000001,propeller_1,288,142,340,168,52,26,1352,824,6117,112557.0,4,1,0,1,1,1,0,0.8530536181774018,1,148.69945800455753
/Users/eolande/EventMAV/FRED/65.zip,219,6.57622500000001,6.60622500000001,propeller_1,274,142,327,168,53,26,1378,815,6239,113628.0,4,1,0,1,1,1,0,0.8556357847865306,1,150.21995799907017
/Users/eolande/EventMAV/FRED/65.zip,220,6.60622500000001,6.63622500000001,propeller_1,259,142,314,168,55,26,1430,824,6255,115642.5,4,1,0,1,1,1,0,0.8498559870176349,1,144.51766700221924
/Users/eolande/EventMAV/FRED/65.zip,221,6.63622500000001,6.6662250000000105,propeller_1,246,143,300,169,54,26,1404,812,6374,117045.0,3,1,0,0,1,1,0,0.856911622594289,1,152.28716700221412
/Users/eolande/EventMAV/FRED/65.zip,222,6.6662250000000105,6.696225000000011,propeller_1,232,143,287,169,55,26,1430,807,6150,116076.0,5,1,1,1,1,1,0,0.8539354004593229,1,160.4530840049847
/Users/eolande/EventMAV/FRED/65.zip,223,6.696225000000011,6.726225000000011,propeller_1,218,144,274,170,56,26,1456,782,5984,114877.5,4,1,0,1,1,1,0,0.8649963181642772,1,145.86233299633022
/Users/eolande/EventMAV/FRED/65.zip,224,6.726225000000011,6.756225000000011,propeller_1,206,145,260,170,54,25,1350,779,5796,112914.0,4,1,0,1,1,1,0,0.8566391824227089,1,151.3539169973228
/Users/eolande/EventMAV/FRED/65.zip,224,6.726225000000011,6.756225000000011,propeller_2,746,527,750,530,4,3,12,9,26,586.5,4,1,0,1,1,1,0,0.8627249151200401,1,151.3539169973228
/Users/eolande/EventMAV/FRED/65.zip,225,6.756225000000011,6.7862250000000115,propeller_1,192,145,246,171,54,26,1404,783,5812,112812.0,5,1,1,1,1,1,0,0.8511516448895942,1,148.47354199446272
/Users/eolande/EventMAV/FRED/65.zip,225,6.756225000000011,6.7862250000000115,propeller_2,750,527,756,530,6,3,18,15,30,1249.5,4,1,1,1,1,0,0,0.9087760852688594,1,148.47354199446272
/Users/eolande/EventMAV/FRED/65.zip,226,6.7862250000000115,6.816225000000012,propeller_1,179,146,233,172,54,26,1404,782,5673,110695.5,4,1,0,1,1,1,0,0.8474902910997066,1,144.08220799668925
/Users/eolande/EventMAV/FRED/65.zip,226,6.7862250000000115,6.816225000000012,propeller_2,755,528,762,531,7,3,21,20,57,2779.5,4,1,0,1,1,1,0,0.9348042559242815,1,144.08220799668925
/Users/eolande/EventMAV/FRED/65.zip,227,6.816225000000012,6.846225000000012,propeller_1,165,147,221,172,56,25,1400,768,5615,111639.0,4,1,0,1,1,1,0,0.854990834920306,1,152.96820799994748
/Users/eolande/EventMAV/FRED/65.zip,227,6.816225000000012,6.846225000000012,propeller_2,758,528,765,532,7,4,28,19,50,1504.5,5,1,1,1,1,1,0,0.9067040296240014,1,152.96820799994748
/Users/eolande/EventMAV/FRED/65.zip,228,6.846225000000012,6.876225000000012,propeller_1,153,147,207,173,54,26,1404,783,5527,111945.0,4,1,0,1,1,1,0,0.8475608745744458,1,152.74270800000522
/Users/eolande/EventMAV/FRED/65.zip,229,6.876225000000012,6.9062250000000125,propeller_1,142,148,195,174,53,26,1378,746,5364,107482.5,3,1,0,0,1,1,0,0.8887076661587647,1,148.90470799582545
/Users/eolande/EventMAV/FRED/65.zip,229,6.876225000000012,6.9062250000000125,propeller_2,767,529,773,533,6,4,24,20,42,2167.5,5,1,1,1,1,1,0,0.9157034835434411,1,148.90470799582545
/Users/eolande/EventMAV/FRED/65.zip,230,6.9062250000000125,6.936225000000013,propeller_1,130,149,183,175,53,26,1378,733,5146,104091.0,5,1,1,1,1,1,0,0.8446612137617076,1,140.9638749973965
/Users/eolande/EventMAV/FRED/65.zip,230,6.9062250000000125,6.936225000000013,propeller_2,771,530,779,534,8,4,32,25,67,2805.0,4,1,1,0,1,1,0,0.9454944253625787,1,140.9638749973965
/Users/eolande/EventMAV/FRED/65.zip,231,6.936225000000013,6.966225000000013,propeller_1,118,150,171,176,53,26,1378,729,5170,106207.5,3,1,0,0,1,1,0,0.8453235507895136,1,142.75470800203038
/Users/eolande/EventMAV/FRED/65.zip,231,6.936225000000013,6.966225000000013,propeller_2,778,531,782,534,4,3,12,6,21,1045.5,4,1,0,1,1,1,0,0.9444447637034978,1,142.75470800203038
/Users/eolande/EventMAV/FRED/65.zip,232,6.966225000000013,6.996225000000013,propeller_1,105,151,158,176,53,25,1325,703,4819,100852.5,3,1,0,0,1,1,0,0.8466884447058562,1,143.69183300004806
/Users/eolande/EventMAV/FRED/65.zip,232,6.966225000000013,6.996225000000013,propeller_2,782,532,788,535,6,3,18,13,39,1096.5,3,1,0,1,1,0,0,0.8728849173676212,1,143.69183300004806
/Users/eolande/EventMAV/FRED/65.zip,233,6.996225000000013,7.0262250000000135,propeller_1,94,152,148,177,54,25,1350,695,4587,95472.0,3,1,0,0,1,1,0,0.8389807877632693,1,144.55412499955855
/Users/eolande/EventMAV/FRED/65.zip,233,6.996225000000013,7.0262250000000135,propeller_2,786,533,794,536,8,3,24,17,48,1581.0,3,1,0,1,0,1,0,0.914336682094989,1,144.55412499955855
/Users/eolande/EventMAV/FRED/65.zip,234,7.0262250000000135,7.056225000000014,propeller_1,84,153,135,177,51,24,1224,669,4325,93355.5,5,1,1,1,1,1,0,0.9247260773035941,1,150.7766669965349
/Users/eolande/EventMAV/FRED/65.zip,234,7.0262250000000135,7.056225000000014,propeller_2,788,533,797,537,9,4,36,30,106,4462.5,5,1,1,1,1,1,0,0.9291469119833244,1,150.7766669965349
/Users/eolande/EventMAV/FRED/65.zip,235,7.056225000000014,7.086225000000014,propeller_1,74,154,124,179,50,25,1250,641,4109,88995.0,4,1,0,1,1,1,0,0.8385239672333038,1,144.7003749999567
/Users/eolande/EventMAV/FRED/65.zip,235,7.056225000000014,7.086225000000014,propeller_2,793,534,802,538,9,4,36,32,91,3825.0,5,1,1,1,0,1,1,0.9215634808870657,1,144.7003749999567
/Users/eolande/EventMAV/FRED/65.zip,236,7.086225000000014,7.116225000000014,propeller_1,64,155,113,179,49,24,1176,626,3974,85756.5,5,1,1,1,1,1,0,0.8436111599875856,1,146.5313749940833
/Users/eolande/EventMAV/FRED/65.zip,236,7.086225000000014,7.116225000000014,propeller_2,799,536,805,539,6,3,18,15,41,1096.5,3,1,0,1,1,0,0,0.8507160001090159,1,146.5313749940833
/Users/eolande/EventMAV/FRED/65.zip,237,7.116225000000014,7.1462250000000145,propeller_1,55,157,103,181,48,24,1152,599,3874,84532.5,5,1,1,1,1,1,0,0.8392138000447031,1,154.3899579992285
/Users/eolande/EventMAV/FRED/65.zip,237,7.116225000000014,7.1462250000000145,propeller_2,804,537,809,540,5,3,15,15,40,1912.5,5,1,1,1,1,1,0,0.9191606693643821,1,154.3899579992285
/Users/eolande/EventMAV/FRED/65.zip,238,7.1462250000000145,7.176225000000015,propeller_1,46,158,93,182,47,24,1128,583,3732,82288.5,3,1,0,0,1,1,0,0.8460456285735785,1,154.47429200139595
/Users/eolande/EventMAV/FRED/65.zip,238,7.1462250000000145,7.176225000000015,propeller_2,805,537,811,541,6,4,24,20,57,2448.0,3,1,0,1,0,1,0,0.9446713336766287,1,154.47429200139595
/Users/eolande/EventMAV/FRED/65.zip,239,7.176225000000015,7.206225000000015,propeller_1,37,160,83,183,46,23,1058,541,3456,76857.0,5,1,1,1,1,1,0,0.831397197613063,1,145.58470799966017
/Users/eolande/EventMAV/FRED/65.zip,239,7.176225000000015,7.206225000000015,propeller_2,810,539,816,542,6,3,18,17,39,1122.0,3,1,0,1,0,1,0,0.8941171804015727,1,145.58470799966017
/Users/eolande/EventMAV/FRED/65.zip,240,7.206225000000015,7.236225000000015,propeller_1,28,161,74,184,46,23,1058,518,3331,71884.5,4,1,1,0,1,1,0,0.8443796872069375,1,161.43924999778392
/Users/eolande/EventMAV/FRED/65.zip,240,7.206225000000015,7.236225000000015,propeller_2,815,540,819,543,4,3,12,8,21,637.5,4,1,1,1,1,0,0,0.8942621018972845,1,161.43924999778392
/Users/eolande/EventMAV/FRED/65.zip,241,7.236225000000015,7.2662250000000155,propeller_1,20,162,64,186,44,24,1056,501,3124,70813.5,4,1,0,1,1,1,0,0.9449739292541341,1,140.7455000007758
/Users/eolande/EventMAV/FRED/65.zip,241,7.236225000000015,7.2662250000000155,propeller_2,818,541,823,545,5,4,20,14,35,1402.5,3,1,1,1,0,0,0,0.9389803699140473,1,140.7455000007758
/Users/eolande/EventMAV/FRED/65.zip,242,7.2662250000000155,7.296225000000016,propeller_1,11,164,55,187,44,23,1012,472,3013,68059.5,3,1,0,0,1,1,0,0.947384503651434,1,141.5733329995419
/Users/eolande/EventMAV/FRED/65.zip,242,7.2662250000000155,7.296225000000016,propeller_2,821,542,829,546,8,4,32,22,44,1836.0,4,1,1,1,1,0,0,0.8957738932992825,1,141.5733329995419
/Users/eolande/EventMAV/FRED/65.zip,243,7.296225000000016,7.326225000000016,propeller_1,4,165,47,189,43,24,1032,451,2774,64489.5,4,1,1,0,1,1,0,0.9519732024600338,1,144.84254199487623
/Users/eolande/EventMAV/FRED/65.zip,243,7.296225000000016,7.326225000000016,propeller_2,826,544,832,547,6,3,18,18,28,1606.5,3,1,1,0,1,0,0,0.9142491153119223,1,144.84254199487623
/Users/eolande/EventMAV/FRED/65.zip,244,7.326225000000016,7.356225000000016,propeller_1,0,167,39,190,39,23,897,410,2530,59083.5,5,1,1,1,1,1,0,0.9535927906120654,1,150.74733300571097
/Users/eolande/EventMAV/FRED/65.zip,244,7.326225000000016,7.356225000000016,propeller_2,828,544,836,549,8,5,40,28,62,3085.5,4,1,1,1,0,1,0,0.9272254512879847,1,150.74733300571097
/Users/eolande/EventMAV/FRED/65.zip,245,7.356225000000016,7.3862250000000165,propeller_1,0,169,31,191,31,22,682,300,1885,42534.0,3,1,0,0,1,1,0,0.9258187413274194,1,142.13995799946133
/Users/eolande/EventMAV/FRED/65.zip,245,7.356225000000016,7.3862250000000165,propeller_2,831,546,837,550,6,4,24,19,44,1632.0,3,1,1,1,0,0,0,0.9346765184513401,1,142.13995799946133
/Users/eolande/EventMAV/FRED/65.zip,246,7.3862250000000165,7.416225000000017,propeller_1,0,172,24,192,24,20,480,194,1193,27846.0,4,1,1,0,1,1,0,0.9340897705028929,1,142.75787500082515
/Users/eolande/EventMAV/FRED/65.zip,246,7.3862250000000165,7.416225000000017,propeller_2,835,548,840,552,5,4,20,18,51,2091.0,5,1,1,1,1,1,0,0.9692402683572325,1,142.75787500082515
/Users/eolande/EventMAV/FRED/65.zip,247,7.416225000000017,7.446225000000017,propeller_1,0,180,17,194,17,14,238,155,882,23358.0,4,1,0,1,1,1,0,0.9541392220781353,1,143.0113749956945
/Users/eolande/EventMAV/FRED/65.zip,247,7.416225000000017,7.446225000000017,propeller_2,838,549,844,553,6,4,24,14,37,1122.0,3,1,1,0,0,1,0,0.8891827614502226,1,143.0113749956945
/Users/eolande/EventMAV/FRED/65.zip,248,7.446225000000017,7.476225000000017,propeller_1,0,181,12,195,12,14,168,125,668,18895.5,6,1,1,1,1,1,1,0.9542454113079087,1,154.52629199717194
/Users/eolande/EventMAV/FRED/65.zip,248,7.446225000000017,7.476225000000017,propeller_2,845,553,847,555,2,2,4,4,9,331.5,4,1,1,1,1,0,0,1.0,1,154.52629199717194
/Users/eolande/EventMAV/FRED/65.zip,249,7.476225000000017,7.5062250000000175,propeller_1,0,185,6,196,6,11,66,52,230,6630.0,4,1,0,1,1,1,0,0.9212076781981441,1,206.5523750061402
/Users/eolande/EventMAV/FRED/65.zip,255,7.656225000000019,7.686225000000019,propeller_1,866,563,869,566,3,3,9,6,26,663.0,3,1,0,1,1,0,0,0.9157485073837374,1,128.94675000279676
/Users/eolande/EventMAV/FRED/65.zip,256,7.686225000000019,7.716225000000019,propeller_1,870,565,872,568,2,3,6,4,9,561.0,3,1,1,1,0,0,0,0.8993421564135942,1,134.21487499726936
/Users/eolande/EventMAV/FRED/65.zip,278,8.346225000000015,8.376225000000014,propeller_2,16,235,19,237,3,2,6,6,13,867.0,5,1,1,0,1,1,1,0.9338186795769123,1,148.74091599631356
/Users/eolande/EventMAV/FRED/65.zip,280,8.406225000000013,8.436225000000013,propeller_1,9,232,19,238,10,6,60,35,127,3927.0,4,1,1,0,1,1,0,0.9501617910389938,1,147.27620799385477
/Users/eolande/EventMAV/FRED/65.zip,281,8.436225000000013,8.466225000000012,propeller_1,14,233,24,238,10,5,50,32,125,4284.0,5,1,1,1,1,1,0,0.9203692871441316,1,142.30241699988255
/Users/eolande/EventMAV/FRED/65.zip,282,8.466225000000012,8.496225000000011,propeller_1,21,235,46,244,25,9,225,58,277,5559.0,5,1,1,1,1,1,0,0.8834304066844401,1,144.73145800002385
/Users/eolande/EventMAV/FRED/65.zip,283,8.496225000000011,8.52622500000001,propeller_1,24,235,50,245,26,10,260,56,307,6324.0,5,1,1,1,1,1,0,0.900325677450905,1,143.63012500689365
/Users/eolande/EventMAV/FRED/65.zip,284,8.52622500000001,8.55622500000001,propeller_1,31,237,54,246,23,9,207,57,298,6477.0,5,1,1,1,1,1,0,0.9386183264708712,1,139.02737500029616
/Users/eolande/EventMAV/FRED/65.zip,285,8.55622500000001,8.58622500000001,propeller_1,37,238,48,243,11,5,55,38,126,4080.0,5,1,1,1,1,1,0,0.9291688474898256,1,146.04387500003213
/Users/eolande/EventMAV/FRED/65.zip,286,8.58622500000001,8.616225000000009,propeller_1,43,239,53,244,10,5,50,29,99,3060.0,5,1,1,1,1,1,0,0.925820022918515,1,139.2597919984837
/Users/eolande/EventMAV/FRED/65.zip,289,8.676225000000008,8.706225000000007,propeller_1,64,242,89,252,25,10,250,74,323,7344.0,5,1,1,1,1,1,0,0.937144051972807,1,143.2284590046038
/Users/eolande/EventMAV/FRED/65.zip,290,8.706225000000007,8.736225000000006,propeller_1,71,244,95,253,24,9,216,65,366,7981.5,5,1,1,1,1,1,0,0.933974153806118,1,139.36495799862314
/Users/eolande/EventMAV/FRED/65.zip,291,8.736225000000006,8.766225000000006,propeller_1,78,245,102,254,24,9,216,72,346,6936.0,5,1,1,1,1,1,0,0.9054199725802043,1,142.20499999646563
/Users/eolande/EventMAV/FRED/65.zip,292,8.766225000000006,8.796225000000005,propeller_1,84,246,110,255,26,9,234,82,382,8976.0,4,1,1,1,0,1,0,0.9342949240508331,1,146.58912499726284
/Users/eolande/EventMAV/FRED/65.zip,293,8.796225000000005,8.826225000000004,propeller_1,92,247,114,255,22,8,176,69,344,7344.0,4,1,1,0,1,1,0,0.9216080497572394,1,141.22883300296962
/Users/eolande/EventMAV/FRED/65.zip,294,8.826225000000004,8.856225000000004,propeller_1,99,247,126,257,27,10,270,98,416,9843.0,4,1,1,0,1,1,0,0.8251706024298334,1,141.5359169986914
/Users/eolande/EventMAV/FRED/65.zip,295,8.856225000000004,8.886225000000003,propeller_1,106,248,131,258,25,10,250,96,432,11016.0,5,1,1,1,1,1,0,0.9556045918390789,1,141.54004200099735
/Users/eolande/EventMAV/FRED/65.zip,296,8.886225000000003,8.916225000000003,propeller_1,112,249,139,258,27,9,243,97,452,10812.0,5,1,1,1,1,1,0,0.9487700393974567,1,143.47004099545302
/Users/eolande/EventMAV/FRED/65.zip,297,8.916225000000003,8.946225000000002,propeller_1,121,249,147,259,26,10,260,98,461,11551.5,5,1,1,1,1,1,0,0.9513331151934638,1,143.82024999940768
/Users/eolande/EventMAV/FRED/65.zip,298,8.946225000000002,8.976225000000001,propeller_1,129,250,154,259,25,9,225,103,495,12342.0,5,1,1,1,1,1,0,0.9477260952972273,1,144.5904590000282
/Users/eolande/EventMAV/FRED/65.zip,299,8.976225000000001,9.006225,propeller_1,137,250,163,258,26,8,208,103,472,12291.0,5,1,1,1,1,1,0,0.9453899014993297,1,143.9439170062542
/Users/eolande/EventMAV/FRED/65.zip,300,9.006225,9.036225,propeller_1,144,249,171,258,27,9,243,108,478,12954.0,4,1,0,1,1,1,0,0.9530253521751366,1,139.38491699809674
/Users/eolande/EventMAV/FRED/65.zip,301,9.036225,9.066225,propeller_1,153,249,179,257,26,8,208,107,449,12265.5,4,1,1,1,0,1,0,0.9487028357369406,1,144.6770840047975
/Users/eolande/EventMAV/FRED/65.zip,302,9.066225,9.096224999999999,propeller_1,163,247,188,256,25,9,225,105,452,11245.5,5,1,1,1,1,1,0,0.8273750249716078,1,141.89108300342923
/Users/eolande/EventMAV/FRED/65.zip,303,9.096224999999999,9.126224999999998,propeller_1,171,246,195,254,24,8,192,90,366,8772.0,4,1,0,1,1,1,0,0.8460733477338731,1,143.68137499695877
/Users/eolande/EventMAV/FRED/65.zip,304,9.126224999999998,9.156224999999997,propeller_1,181,244,200,253,19,9,171,64,337,6528.0,5,1,1,1,1,1,0,0.9182288716466509,1,144.6332080013235
/Users/eolande/EventMAV/FRED/65.zip,305,9.156224999999997,9.186224999999997,propeller_1,189,243,214,252,25,9,225,82,421,8364.0,4,1,1,1,0,1,0,0.9107132097916396,1,140.96970800164854
/Users/eolande/EventMAV/FRED/65.zip,306,9.186224999999997,9.216224999999996,propeller_1,199,241,222,252,23,11,253,123,544,12877.5,5,1,1,1,1,1,0,0.8773464152447796,1,141.75412500480888
/Users/eolande/EventMAV/FRED/65.zip,307,9.216224999999996,9.246224999999995,propeller_1,206,239,231,250,25,11,275,147,730,17391.0,5,1,1,1,1,1,0,0.8470713546730181,1,143.93541699973866
/Users/eolande/EventMAV/FRED/65.zip,308,9.246224999999995,9.276224999999995,propeller_1,214,236,241,249,27,13,351,205,867,22950.0,5,1,1,1,1,1,0,0.8311159670651436,1,144.75179099827074
/Users/eolande/EventMAV/FRED/65.zip,309,9.276224999999995,9.306224999999994,propeller_1,222,233,249,247,27,14,378,200,947,24760.5,3,1,0,1,0,1,0,0.8347109657190785,1,139.332499995362
/Users/eolande/EventMAV/FRED/65.zip,310,9.306224999999994,9.336224999999994,propeller_1,231,232,259,246,28,14,392,224,960,25347.0,5,1,1,1,1,1,0,0.8929637986612962,1,140.46608300122898
/Users/eolande/EventMAV/FRED/65.zip,311,9.336224999999994,9.366224999999993,propeller_1,240,230,267,244,27,14,378,236,1028,27973.5,4,1,0,1,1,1,0,0.8939855245477936,1,148.7583749985788
/Users/eolande/EventMAV/FRED/65.zip,312,9.366224999999993,9.396224999999992,propeller_1,249,228,276,242,27,14,378,233,966,28152.0,5,1,1,1,1,1,0,0.8266290813209736,1,140.18295900314115
/Users/eolande/EventMAV/FRED/65.zip,313,9.396224999999992,9.426224999999992,propeller_1,257,226,284,241,27,15,405,224,923,24888.0,4,1,0,1,1,1,0,0.8214527392975002,1,139.82091599609703
/Users/eolande/EventMAV/FRED/65.zip,314,9.426224999999992,9.456224999999991,propeller_1,267,225,294,240,27,15,405,225,924,25984.5,5,1,1,1,1,1,0,0.8929750024930649,1,144.4825420039706
/Users/eolande/EventMAV/FRED/65.zip,315,9.456224999999991,9.48622499999999,propeller_1,275,224,302,238,27,14,378,228,856,24964.5,5,1,1,1,1,1,0,0.8288841648451508,1,140.14175000193063
/Users/eolande/EventMAV/FRED/65.zip,316,9.48622499999999,9.51622499999999,propeller_1,282,223,311,237,29,14,406,215,831,23562.0,4,1,1,0,1,1,0,0.8186086249658807,1,140.77437500236556
/Users/eolande/EventMAV/FRED/65.zip,317,9.51622499999999,9.546224999999989,propeller_1,291,223,319,236,28,13,364,216,786,23766.0,4,1,0,1,1,1,0,0.800543694722081,1,146.91524999943795
/Users/eolande/EventMAV/FRED/65.zip,318,9.546224999999989,9.576224999999988,propeller_1,301,223,327,236,26,13,338,208,754,21981.0,5,1,1,1,1,1,0,0.8146980488866294,1,139.47462500073016
/Users/eolande/EventMAV/FRED/65.zip,319,9.576224999999988,9.606224999999988,propeller_1,309,222,336,236,27,14,378,211,755,22236.0,5,1,1,1,1,1,0,0.8086714382019408,1,142.77674999902956
/Users/eolande/EventMAV/FRED/65.zip,320,9.606224999999988,9.636224999999987,propeller_1,317,222,344,235,27,13,351,193,733,20476.5,3,1,0,0,1,1,0,0.8106827057670973,1,140.35958299791673
/Users/eolande/EventMAV/FRED/65.zip,321,9.636224999999987,9.666224999999987,propeller_1,325,222,353,236,28,14,392,209,780,23944.5,4,1,0,1,1,1,0,0.8209915271782016,1,140.78670799790416
/Users/eolande/EventMAV/FRED/65.zip,322,9.666224999999987,9.696224999999986,propeller_1,333,223,362,236,29,13,377,202,769,23128.5,5,1,1,1,1,1,0,0.8393412669057525,1,144.9305829955847
/Users/eolande/EventMAV/FRED/65.zip,323,9.696224999999986,9.726224999999985,propeller_1,340,222,369,237,29,15,435,229,832,25321.5,5,1,1,1,1,1,0,0.8107131100994295,1,145.46162499755155
/Users/eolande/EventMAV/FRED/65.zip,324,9.726224999999985,9.756224999999985,propeller_1,349,223,377,237,28,14,392,218,793,24072.0,4,1,0,1,1,1,0,0.8269225160269744,1,142.09358300286112
/Users/eolande/EventMAV/FRED/65.zip,325,9.756224999999985,9.786224999999984,propeller_1,356,224,384,238,28,14,392,203,786,24556.5,5,1,1,1,1,1,0,0.837091051115154,1,145.26162500260398
/Users/eolande/EventMAV/FRED/65.zip,326,9.786224999999984,9.816224999999983,propeller_1,363,224,392,238,29,14,406,206,800,24709.5,5,1,1,1,1,1,0,0.8446845071534295,1,140.6500830053119
/Users/eolande/EventMAV/FRED/65.zip,327,9.816224999999983,9.846224999999983,propeller_1,372,225,399,239,27,14,378,200,719,23409.0,5,1,1,1,1,1,0,0.8328911198272972,1,143.05241699912585
/Users/eolande/EventMAV/FRED/65.zip,328,9.846224999999983,9.876224999999982,propeller_1,379,225,408,239,29,14,406,187,695,22542.0,4,1,1,0,1,1,0,0.9107364415369211,1,142.43137500307057
/Users/eolande/EventMAV/FRED/65.zip,329,9.876224999999982,9.906224999999981,propeller_1,386,226,414,240,28,14,392,194,716,23128.5,5,1,1,1,1,1,0,0.896052201893783,1,141.78145799814956
/Users/eolande/EventMAV/FRED/65.zip,330,9.906224999999981,9.93622499999998,propeller_1,393,227,421,241,28,14,392,188,706,21955.5,5,1,1,1,1,1,0,0.921499895328558,1,150.15162500640145
/Users/eolande/EventMAV/FRED/65.zip,331,9.93622499999998,9.96622499999998,propeller_1,400,229,428,242,28,13,364,174,639,20145.0,5,1,1,1,1,1,0,0.913728155209107,1,140.53908299683826
/Users/eolande/EventMAV/FRED/65.zip,332,9.96622499999998,9.99622499999998,propeller_1,407,229,433,243,26,14,364,161,589,18768.0,4,1,0,1,1,1,0,0.9219260480176255,1,140.42137499927776
/Users/eolande/EventMAV/FRED/65.zip,333,9.99622499999998,10.026224999999979,propeller_1,414,230,441,244,27,14,378,175,609,21088.5,5,1,1,1,1,1,0,0.9252657999570333,1,144.61074999417178
/Users/eolande/EventMAV/FRED/65.zip,334,10.026224999999979,10.056224999999978,propeller_1,421,232,447,244,26,12,312,133,558,17875.5,4,1,1,0,1,1,0,0.9443700062719764,1,149.5017920024111
/Users/eolande/EventMAV/FRED/65.zip,335,10.056224999999978,10.086224999999978,propeller_1,427,233,452,245,25,12,300,141,518,16779.0,5,1,1,1,1,1,0,0.9238928023458093,1,140.12050000019372
/Users/eolande/EventMAV/FRED/65.zip,336,10.086224999999978,10.116224999999977,propeller_1,433,233,458,246,25,13,325,137,486,17391.0,5,1,1,1,1,1,0,0.936703880343229,1,143.78312500048196
/Users/eolande/EventMAV/FRED/65.zip,337,10.116224999999977,10.146224999999976,propeller_1,439,235,464,247,25,12,300,131,477,15555.0,5,1,1,1,1,1,0,0.9436055305403036,1,140.91983400430763
/Users/eolande/EventMAV/FRED/65.zip,338,10.146224999999976,10.176224999999976,propeller_1,445,236,468,248,23,12,276,116,410,13923.0,5,1,1,1,1,1,0,0.9217358360684257,1,139.34370900096837
/Users/eolande/EventMAV/FRED/65.zip,339,10.176224999999976,10.206224999999975,propeller_1,451,237,473,249,22,12,264,113,386,13056.0,5,1,1,1,1,1,0,0.9508286193277373,1,141.4272499969229
/Users/eolande/EventMAV/FRED/65.zip,340,10.206224999999975,10.236224999999974,propeller_1,456,238,479,250,23,12,276,111,402,12979.5,5,1,1,1,1,1,0,0.8277967799836858,1,149.83383400249295
/Users/eolande/EventMAV/FRED/65.zip,341,10.236224999999974,10.266224999999974,propeller_1,462,241,485,251,23,10,230,110,353,12112.5,5,1,1,1,1,1,0,0.9628151429478404,1,139.13562500238186
/Users/eolande/EventMAV/FRED/65.zip,342,10.266224999999974,10.296224999999973,propeller_1,467,240,488,251,21,11,231,98,359,11908.5,4,1,1,0,1,1,0,0.9394157616990251,1,140.8300839975709
/Users/eolande/EventMAV/FRED/65.zip,343,10.296224999999973,10.326224999999972,propeller_1,472,241,493,252,21,11,231,102,296,11041.5,5,1,1,1,1,1,0,0.9355241955350853,1,143.12708399666008
/Users/eolande/EventMAV/FRED/65.zip,344,10.326224999999972,10.356224999999972,propeller_1,477,243,497,253,20,10,200,90,327,11143.5,5,1,1,1,1,1,0,0.9460248285700184,1,143.91054199950304
/Users/eolande/EventMAV/FRED/65.zip,345,10.356224999999972,10.386224999999971,propeller_1,481,244,501,254,20,10,200,90,300,10965.0,4,1,0,1,1,1,0,0.9389334154837343,1,140.78449999942677
/Users/eolande/EventMAV/FRED/65.zip,346,10.386224999999971,10.41622499999997,propeller_1,486,245,505,254,19,9,171,79,273,10429.5,4,1,1,0,1,1,0,0.9427619019002793,1,147.3443330032751
/Users/eolande/EventMAV/FRED/65.zip,347,10.41622499999997,10.44622499999997,propeller_1,491,247,509,256,18,9,162,75,232,8211.0,5,1,1,1,1,1,0,0.9361595997466248,1,138.6872500006575
/Users/eolande/EventMAV/FRED/65.zip,348,10.44622499999997,10.47622499999997,propeller_1,494,248,511,257,17,9,153,65,222,7548.0,4,1,0,1,1,1,0,0.9614924191499471,1,138.53712499985704
/Users/eolande/EventMAV/FRED/65.zip,349,10.47622499999997,10.506224999999969,propeller_1,497,248,515,258,18,10,180,77,229,8007.0,5,1,1,1,1,1,0,0.9201544062955099,1,142.0476669954951
/Users/eolande/EventMAV/FRED/65.zip,350,10.506224999999969,10.536224999999968,propeller_1,500,249,517,258,17,9,153,74,201,7165.5,4,1,1,0,1,1,0,0.8273205895525195,1,139.5413339996594
/Users/eolande/EventMAV/FRED/65.zip,351,10.536224999999968,10.566224999999967,propeller_1,504,250,521,259,17,9,153,62,171,6298.5,5,1,1,1,1,1,0,0.8937313736780469,1,140.25050000054762
/Users/eolande/EventMAV/FRED/65.zip,352,10.566224999999967,10.596224999999967,propeller_1,508,252,524,260,16,8,128,61,173,6579.0,5,1,1,1,1,1,0,0.9140226586956277,1,142.76970799983246
/Users/eolande/EventMAV/FRED/65.zip,353,10.596224999999967,10.626224999999966,propeller_1,510,254,525,262,15,8,120,53,147,4717.5,5,1,1,1,1,1,0,0.8366305588964588,1,141.76791699719615
/Users/eolande/EventMAV/FRED/65.zip,354,10.626224999999966,10.656224999999965,propeller_1,513,255,528,263,15,8,120,48,147,4870.5,5,1,1,1,1,1,0,0.8432824342115639,1,139.82441600091988
/Users/eolande/EventMAV/FRED/65.zip,355,10.656224999999965,10.686224999999965,propeller_1,515,256,531,263,16,7,112,44,131,4513.5,5,1,1,1,1,1,0,0.8765792378323118,1,146.45933300198521
/Users/eolande/EventMAV/FRED/65.zip,356,10.686224999999965,10.716224999999964,propeller_1,518,257,534,264,16,7,112,39,118,3748.5,5,1,1,1,1,1,0,0.9209489310347679,1,142.90704199811444
/Users/eolande/EventMAV/FRED/65.zip,357,10.716224999999964,10.746224999999964,propeller_1,519,259,533,265,14,6,84,22,80,2295.0,5,1,1,1,1,1,0,0.9087607451226254,1,139.79537499835715
/Users/eolande/EventMAV/FRED/65.zip,358,10.746224999999964,10.776224999999963,propeller_1,521,259,535,266,14,7,98,19,84,1734.0,4,1,1,0,1,1,0,0.8752358592864707,1,141.38658300362295
/Users/eolande/EventMAV/FRED/65.zip,359,10.776224999999963,10.806224999999962,propeller_1,526,263,534,266,8,3,24,11,37,1224.0,3,1,1,0,0,1,0,0.9110167813873304,1,144.35720899928128
/Users/eolande/EventMAV/FRED/65.zip,360,10.806224999999962,10.836224999999962,propeller_1,530,263,535,266,5,3,15,8,21,892.5,5,1,1,1,1,1,0,0.9402832948191588,1,141.21604200045113
/Users/eolande/EventMAV/FRED/65.zip,362,10.866224999999961,10.89622499999996,propeller_1,530,266,537,268,7,2,14,9,19,969.0,4,1,1,1,1,0,0,0.9474049728404711,1,140.47670800209744
/Users/eolande/EventMAV/FRED/65.zip,363,10.89622499999996,10.92622499999996,propeller_1,532,267,536,269,4,2,8,6,11,637.5,3,1,1,0,0,1,0,0.9037490000177786,1,143.93541600293247
/Users/eolande/EventMAV/FRED/65.zip,366,10.986224999999958,11.016224999999958,propeller_1,532,270,537,272,5,2,10,6,11,943.5,4,1,1,1,1,0,0,0.9675631453427866,1,142.09833300265018
/Users/eolande/EventMAV/FRED/65.zip,373,11.196224999999954,11.226224999999953,propeller_2,530,272,534,275,4,3,12,10,14,1122.0,4,1,1,1,1,0,0,0.8722800559347066,1,142.16975000454113
/Users/eolande/EventMAV/FRED/65.zip,374,11.226224999999953,11.256224999999953,propeller_1,518,273,533,280,15,7,105,39,73,3340.5,5,1,1,1,1,1,0,0.8971927816504865,1,138.60566599760205
/Users/eolande/EventMAV/FRED/65.zip,375,11.256224999999953,11.286224999999952,propeller_1,523,274,530,279,7,5,35,22,40,2040.0,4,1,1,0,1,1,0,0.8875228831306012,1,146.14358299877495
/Users/eolande/EventMAV/FRED/65.zip,376,11.286224999999952,11.316224999999951,propeller_1,514,274,530,281,16,7,112,37,75,3748.5,5,1,1,1,1,1,0,0.8946991174209675,1,142.77066700014984
/Users/eolande/EventMAV/FRED/65.zip,377,11.316224999999951,11.34622499999995,propeller_1,519,275,527,280,8,5,40,32,60,3799.5,5,1,1,1,1,1,0,0.8793549447025257,1,138.63033300003735
/Users/eolande/EventMAV/FRED/65.zip,378,11.34622499999995,11.37622499999995,propeller_1,516,275,525,280,9,5,45,27,50,2626.5,3,1,1,0,0,1,0,0.8867790935727424,1,140.64866700209677
/Users/eolande/EventMAV/FRED/65.zip,379,11.37622499999995,11.40622499999995,propeller_1,515,276,523,281,8,5,40,26,53,2754.0,4,1,1,0,1,1,0,0.829333377088639,1,141.28479099599645
/Users/eolande/EventMAV/FRED/65.zip,381,11.436224999999949,11.466224999999948,propeller_1,510,277,519,282,9,5,45,24,54,2116.5,4,1,1,0,1,1,0,0.8594596213004873,1,140.36870899872156
/Users/eolande/EventMAV/FRED/65.zip,382,11.466224999999948,11.496224999999948,propeller_1,504,277,515,284,11,7,77,23,49,2218.5,3,1,0,0,1,1,0,0.9579331784865235,1,142.86004099994898
/Users/eolande/EventMAV/FRED/65.zip,382,11.466224999999948,11.496224999999948,propeller_2,494,149,498,153,4,4,16,10,21,892.5,3,1,0,1,1,0,0,0.8618478197194912,1,142.86004099994898
/Users/eolande/EventMAV/FRED/65.zip,383,11.496224999999948,11.526224999999947,propeller_1,501,146,506,149,5,3,15,9,23,765.0,4,1,1,1,1,0,0,0.8620334873862006,1,142.18324999819743
/Users/eolande/EventMAV/FRED/65.zip,384,11.526224999999947,11.556224999999946,propeller_1,504,278,512,284,8,6,48,25,57,2218.5,5,1,1,1,1,1,0,0.8633565691642253,1,139.91162500315113
/Users/eolande/EventMAV/FRED/65.zip,384,11.526224999999947,11.556224999999946,propeller_2,508,141,511,146,3,5,15,10,23,1045.5,4,1,1,1,1,0,0,0.9020795651666291,1,139.91162500315113
/Users/eolande/EventMAV/FRED/65.zip,385,11.556224999999946,11.586224999999946,propeller_1,497,279,510,286,13,7,91,30,68,2448.0,3,1,0,0,1,1,0,0.89240781640327,1,144.05695800087415
/Users/eolande/EventMAV/FRED/65.zip,385,11.556224999999946,11.586224999999946,propeller_2,512,138,517,143,5,5,25,14,37,1275.0,4,1,0,1,1,1,0,0.8961082285419355,1,144.05695800087415
/Users/eolande/EventMAV/FRED/65.zip,386,11.586224999999946,11.616224999999945,propeller_1,518,135,523,139,5,4,20,14,34,1045.5,5,1,1,1,1,1,0,0.8957970404773377,1,140.0910419979482
/Users/eolande/EventMAV/FRED/65.zip,387,11.616224999999945,11.646224999999944,propeller_1,494,280,505,286,11,6,66,31,63,2983.5,5,1,1,1,1,1,0,0.8618921660100843,1,142.8370419962448
/Users/eolande/EventMAV/FRED/65.zip,387,11.616224999999945,11.646224999999944,propeller_2,523,132,530,137,7,5,35,20,55,1581.0,5,1,1,1,1,1,0,0.8741813031246297,1,142.8370419962448
/Users/eolande/EventMAV/FRED/65.zip,388,11.646224999999944,11.676224999999944,propeller_1,496,280,502,286,6,6,36,15,37,1504.5,4,1,1,0,1,1,0,0.9446117162655476,1,146.87837500241585
/Users/eolande/EventMAV/FRED/65.zip,388,11.646224999999944,11.676224999999944,propeller_2,529,129,535,134,6,5,30,16,47,1479.0,5,1,1,1,1,1,0,0.8937558923744682,1,146.87837500241585
/Users/eolande/EventMAV/FRED/65.zip,389,11.676224999999944,11.706224999999943,propeller_1,493,281,500,287,7,6,42,27,49,2958.0,5,1,1,1,1,1,0,0.9114988093688325,1,140.9179169932031
/Users/eolande/EventMAV/FRED/65.zip,389,11.676224999999944,11.706224999999943,propeller_2,536,127,542,131,6,4,24,14,42,1249.5,5,1,1,1,1,1,0,0.8793373742411732,1,140.9179169932031
/Users/eolande/EventMAV/FRED/65.zip,390,11.706224999999943,11.736224999999942,propeller_1,489,281,497,287,8,6,48,27,44,2116.5,4,1,1,0,1,1,0,0.896560993394552,1,139.69524999993155
/Users/eolande/EventMAV/FRED/65.zip,390,11.706224999999943,11.736224999999942,propeller_2,542,125,546,129,4,4,16,10,21,867.0,4,1,1,1,1,0,0,0.8703884902683314,1,139.69524999993155
/Users/eolande/EventMAV/FRED/65.zip,391,11.736224999999942,11.766224999999942,propeller_1,489,281,494,288,5,7,35,19,26,1530.0,4,1,1,1,1,0,0,0.8709826297767529,1,128.8589169998886
/Users/eolande/EventMAV/FRED/65.zip,392,11.766224999999942,11.796224999999941,propeller_1,481,282,491,287,10,5,50,22,61,1887.0,5,1,1,1,1,1,0,0.8951165978012567,1,140.1912090004771
/Users/eolande/EventMAV/FRED/65.zip,393,11.796224999999941,11.82622499999994,propeller_1,477,282,489,289,12,7,84,30,65,2728.5,5,1,1,1,1,1,0,0.890572181775356,1,128.02654199913377
/Users/eolande/EventMAV/FRED/65.zip,394,11.82622499999994,11.85622499999994,propeller_1,479,283,485,289,6,6,36,22,43,2269.5,4,1,1,0,1,1,0,0.8999404347676688,1,142.57437500054948
/Users/eolande/EventMAV/FRED/65.zip,396,11.88622499999994,11.916224999999939,propeller_1,470,283,480,289,10,6,60,33,68,3544.5,5,1,1,1,1,1,0,0.8696478100345018,1,127.94583299546503
/Users/eolande/EventMAV/FRED/65.zip,397,11.916224999999939,11.946224999999938,propeller_1,805,563,811,566,6,3,18,16,29,1326.0,4,1,1,1,1,0,0,0.8926954123824112,1,141.5048749986454
/Users/eolande/EventMAV/FRED/65.zip,397,11.916224999999939,11.946224999999938,propeller_2,472,283,478,289,6,6,36,16,27,1224.0,4,1,1,1,1,0,0,0.8827250970623741,1,141.5048749986454
/Users/eolande/EventMAV/FRED/65.zip,398,11.946224999999938,11.976224999999937,propeller_1,799,563,805,566,6,3,18,17,43,1632.0,4,1,1,1,1,0,0,0.9262773782621369,1,146.8369159993017
/Users/eolande/EventMAV/FRED/65.zip,399,11.976224999999937,12.006224999999937,propeller_1,795,562,803,567,8,5,40,25,63,2830.5,5,1,1,1,1,1,0,0.946162917002457,1,143.31112500076415
/Users/eolande/EventMAV/FRED/65.zip,399,11.976224999999937,12.006224999999937,propeller_2,464,284,470,288,6,4,24,16,24,1402.5,5,1,1,1,1,1,0,0.882776202529236,1,143.31112500076415
/Users/eolande/EventMAV/FRED/65.zip,400,12.006224999999937,12.036224999999936,propeller_1,789,564,797,567,8,3,24,23,42,2014.5,5,1,1,1,1,1,0,0.9294108314761508,1,139.07083300000522
/Users/eolande/EventMAV/FRED/65.zip,401,12.036224999999936,12.066224999999935,propeller_1,785,564,791,568,6,4,24,18,42,1887.0,4,1,1,1,1,0,0,0.9469564498736358,1,141.18374999816297
/Users/eolande/EventMAV/FRED/65.zip,402,12.066224999999935,12.096224999999935,propeller_1,782,564,787,568,5,4,20,16,31,1555.5,5,1,1,1,1,1,0,0.9527006153827255,1,145.72749999933876
/Users/eolande/EventMAV/FRED/65.zip,402,12.066224999999935,12.096224999999935,propeller_2,450,285,462,292,12,7,84,21,47,1428.0,4,1,1,0,1,1,0,0.8830843445899046,1,145.72749999933876
/Users/eolande/EventMAV/FRED/65.zip,403,12.096224999999935,12.126224999999934,propeller_1,775,565,781,568,6,3,18,18,42,1759.5,5,1,1,1,1,1,0,0.9252051350004442,1,140.72658299846807
/Users/eolande/EventMAV/FRED/65.zip,404,12.126224999999934,12.156224999999933,propeller_1,769,565,776,568,7,3,21,21,49,2320.5,5,1,1,1,1,1,0,0.9211632219981516,1,140.71020900155418
/Users/eolande/EventMAV/FRED/65.zip,404,12.126224999999934,12.156224999999933,propeller_2,444,288,454,293,10,5,50,13,42,1453.5,4,1,1,0,1,1,0,0.8956025772183425,1,140.71020900155418
/Users/eolande/EventMAV/FRED/65.zip,405,12.156224999999933,12.186224999999933,propeller_1,764,565,771,568,7,3,21,19,36,1428.0,5,1,1,1,1,1,0,0.8969336370745692,1,141.90570799837587
/Users/eolande/EventMAV/FRED/65.zip,405,12.156224999999933,12.186224999999933,propeller_3,441,291,444,294,3,3,9,9,17,459.0,4,1,1,1,1,0,0,0.8720173263267683,1,141.90570799837587
/Users/eolande/EventMAV/FRED/65.zip,406,12.186224999999933,12.216224999999932,propeller_1,759,566,766,569,7,3,21,19,46,2040.0,4,1,1,0,1,1,0,0.9241285091230587,1,145.12645899958443
/Users/eolande/EventMAV/FRED/65.zip,407,12.216224999999932,12.246224999999932,propeller_1,753,565,761,569,8,4,32,26,105,3799.5,5,1,1,1,1,1,0,0.9388515238958757,1,138.6584169958951
/Users/eolande/EventMAV/FRED/65.zip,408,12.246224999999932,12.27622499999993,propeller_1,748,565,756,569,8,4,32,27,91,3315.0,6,1,1,1,1,1,1,0.9550703868257656,1,153.5971250050352
/Users/eolande/EventMAV/FRED/65.zip,408,12.246224999999932,12.27622499999993,propeller_2,429,290,441,295,12,5,60,9,53,790.5,5,1,1,1,1,1,0,0.9669082397461266,1,153.5971250050352
/Users/eolande/EventMAV/FRED/65.zip,409,12.27622499999993,12.30622499999993,propeller_1,743,565,752,569,9,4,36,30,65,2958.0,5,1,1,1,1,1,0,0.9099632086468106,1,149.47108400519937
/Users/eolande/EventMAV/FRED/65.zip,409,12.27622499999993,12.30622499999993,propeller_2,424,292,430,295,6,3,18,18,51,1938.0,5,1,1,1,1,1,0,0.9221045193176898,1,149.47108400519937
/Users/eolande/EventMAV/FRED/65.zip,410,12.30622499999993,12.33622499999993,propeller_1,737,566,745,569,8,3,24,23,66,3111.0,4,1,0,1,1,1,0,0.9194085237529942,1,142.0821670035366
/Users/eolande/EventMAV/FRED/65.zip,410,12.30622499999993,12.33622499999993,propeller_2,423,291,432,295,9,4,36,12,53,1249.5,5,1,1,1,1,1,0,0.9200813872612419,1,142.0821670035366
/Users/eolande/EventMAV/FRED/65.zip,411,12.33622499999993,12.366224999999929,propeller_1,731,565,742,569,11,4,44,33,78,3060.0,4,1,1,1,0,1,0,0.9155664051516892,1,144.03629099979298
/Users/eolande/EventMAV/FRED/65.zip,411,12.33622499999993,12.366224999999929,propeller_2,419,291,428,295,9,4,36,15,51,1428.0,5,1,1,1,1,1,0,0.9283471896368778,1,144.03629099979298
/Users/eolande/EventMAV/FRED/65.zip,412,12.366224999999929,12.396224999999928,propeller_1,726,565,736,569,10,4,40,34,128,4768.5,4,1,1,0,1,1,0,0.9505928685974502,1,142.3709590017097
/Users/eolande/EventMAV/FRED/65.zip,412,12.366224999999929,12.396224999999928,propeller_2,418,291,420,293,2,2,4,3,5,637.5,4,1,1,1,0,1,0,0.9961721118595004,1,142.3709590017097
/Users/eolande/EventMAV/FRED/65.zip,413,12.396224999999928,12.426224999999928,propeller_1,721,564,731,569,10,5,50,37,90,3723.0,5,1,1,1,1,1,0,0.9321840591624045,1,139.92466700437944
/Users/eolande/EventMAV/FRED/65.zip,413,12.396224999999928,12.426224999999928,propeller_2,414,292,418,293,4,1,4,4,6,433.5,5,1,1,1,1,1,0,0.9796383794266448,1,139.92466700437944
/Users/eolande/EventMAV/FRED/65.zip,414,12.426224999999928,12.456224999999927,propeller_1,716,564,726,569,10,5,50,28,87,3340.5,6,1,1,1,1,1,1,0.9117602919162471,1,142.23341699835146
/Users/eolande/EventMAV/FRED/65.zip,414,12.426224999999928,12.456224999999927,propeller_2,408,291,412,293,4,2,8,6,10,714.0,6,1,1,1,1,1,1,0.9372993434279471,1,142.23341699835146
/Users/eolande/EventMAV/FRED/65.zip,415,12.456224999999927,12.486224999999926,propeller_1,709,564,719,568,10,4,40,32,73,3519.0,5,1,1,1,1,1,0,0.9490413468312593,1,148.47108299727552
/Users/eolande/EventMAV/FRED/65.zip,415,12.456224999999927,12.486224999999926,propeller_2,403,290,409,293,6,3,18,13,21,1122.0,4,1,1,1,0,1,0,0.8745682742578429,1,148.47108299727552
/Users/eolande/EventMAV/FRED/65.zip,416,12.486224999999926,12.516224999999926,propeller_1,703,564,712,568,9,4,36,27,66,2932.5,4,1,1,0,1,1,0,0.9404109920557554,1,143.65245899534784
/Users/eolande/EventMAV/FRED/65.zip,416,12.486224999999926,12.516224999999926,propeller_2,394,291,401,297,7,6,42,11,60,1147.5,5,1,1,1,1,1,0,0.8695053588174262,1,143.65245899534784
/Users/eolande/EventMAV/FRED/65.zip,417,12.516224999999926,12.546224999999925,propeller_1,697,564,706,568,9,4,36,31,83,3927.0,6,1,1,1,1,1,1,0.9508223372131692,1,149.3472500005737
/Users/eolande/EventMAV/FRED/65.zip,417,12.516224999999926,12.546224999999925,propeller_2,390,291,397,297,7,6,42,15,58,1479.0,4,1,0,1,1,1,0,0.8803216335510351,1,149.3472500005737
/Users/eolande/EventMAV/FRED/65.zip,418,12.546224999999925,12.576224999999924,propeller_1,692,563,702,567,10,4,40,29,100,4054.5,5,1,1,1,1,1,0,0.9367941223658203,1,141.32970899663633
/Users/eolande/EventMAV/FRED/65.zip,418,12.546224999999925,12.576224999999924,propeller_2,385,291,394,296,9,5,45,21,72,2295.0,6,1,1,1,1,1,1,0.8851703219867761,1,141.32970899663633
/Users/eolande/EventMAV/FRED/65.zip,419,12.576224999999924,12.606224999999924,propeller_1,687,563,697,567,10,4,40,35,103,4513.5,5,1,1,1,1,1,0,0.9618224077111358,1,138.0302500037942
/Users/eolande/EventMAV/FRED/65.zip,419,12.576224999999924,12.606224999999924,propeller_2,380,290,392,296,12,6,72,34,94,3060.0,6,1,1,1,1,1,1,0.8316864054759912,1,138.0302500037942
/Users/eolande/EventMAV/FRED/65.zip,420,12.606224999999924,12.636224999999923,propeller_1,372,291,384,298,12,7,84,42,125,3595.5,6,1,1,1,1,1,1,0.8716389354632128,1,144.621500003268
/Users/eolande/EventMAV/FRED/65.zip,420,12.606224999999924,12.636224999999923,propeller_2,682,562,692,566,10,4,40,32,61,3544.5,4,1,1,0,1,1,0,0.9467720278968971,1,144.621500003268
/Users/eolande/EventMAV/FRED/65.zip,421,12.636224999999923,12.666224999999923,propeller_1,676,562,686,566,10,4,40,26,78,3034.5,5,1,1,1,1,1,0,0.9332877032269733,1,147.44975000212435
/Users/eolande/EventMAV/FRED/65.zip,421,12.636224999999923,12.666224999999923,propeller_2,367,291,376,297,9,6,54,27,101,2167.5,4,1,1,0,1,1,0,0.8336909008353595,1,147.44975000212435
/Users/eolande/EventMAV/FRED/65.zip,422,12.666224999999923,12.696224999999922,propeller_1,670,561,680,565,10,4,40,32,93,3748.5,5,1,1,1,1,1,0,0.9136138276230161,1,138.9247080005589
/Users/eolande/EventMAV/FRED/65.zip,422,12.666224999999923,12.696224999999922,propeller_2,363,291,368,297,5,6,30,23,70,2040.0,5,1,0,1,1,1,1,0.8892263062020307,1,138.9247080005589
/Users/eolande/EventMAV/FRED/65.zip,423,12.696224999999922,12.726224999999921,propeller_1,664,560,674,565,10,5,50,36,115,5151.0,4,1,0,1,1,1,0,0.936588800341111,1,143.12370799598284
/Users/eolande/EventMAV/FRED/65.zip,423,12.696224999999922,12.726224999999921,propeller_2,357,291,366,297,9,6,54,19,92,1785.0,5,1,1,1,1,1,0,0.8571524251396985,1,143.12370799598284
/Users/eolande/EventMAV/FRED/65.zip,424,12.726224999999921,12.75622499999992,propeller_1,659,559,668,564,9,5,45,34,109,4896.0,4,1,0,1,1,1,0,0.9696953275350888,1,144.90008400025545
/Users/eolande/EventMAV/FRED/65.zip,424,12.726224999999921,12.75622499999992,propeller_2,351,291,365,296,14,5,70,22,100,2142.0,5,1,1,1,1,1,0,0.915105943881708,1,144.90008400025545
/Users/eolande/EventMAV/FRED/65.zip,425,12.75622499999992,12.78622499999992,propeller_1,652,559,664,564,12,5,60,45,126,5380.5,5,1,1,1,1,1,0,0.9333787881049915,1,147.20166599727236
/Users/eolande/EventMAV/FRED/65.zip,425,12.75622499999992,12.78622499999992,propeller_2,346,291,354,297,8,6,48,20,88,1836.0,4,1,1,1,0,1,0,0.8566862445470639,1,147.20166599727236
/Users/eolande/EventMAV/FRED/65.zip,426,12.78622499999992,12.81622499999992,propeller_1,646,558,657,563,11,5,55,40,102,4870.5,5,1,1,1,1,1,0,0.9631081799660157,1,139.39654199930374
/Users/eolande/EventMAV/FRED/65.zip,426,12.78622499999992,12.81622499999992,propeller_2,345,290,350,294,5,4,20,10,24,1173.0,5,1,1,1,1,1,0,0.8670678243783525,1,139.39654199930374
/Users/eolande/EventMAV/FRED/65.zip,427,12.81622499999992,12.846224999999919,propeller_1,640,557,652,562,12,5,60,50,173,6196.5,3,1,0,0,1,1,0,0.9624941900773465,1,144.59658300620504
/Users/eolande/EventMAV/FRED/65.zip,427,12.81622499999992,12.846224999999919,propeller_2,339,292,344,296,5,4,20,7,38,1096.5,3,1,0,1,0,1,0,0.9480134028022582,1,144.59658300620504
/Users/eolande/EventMAV/FRED/65.zip,428,12.846224999999919,12.876224999999918,propeller_1,635,556,646,562,11,6,66,48,164,6298.5,5,1,1,1,1,1,0,0.951739760387966,1,139.05945899750805
/Users/eolande/EventMAV/FRED/65.zip,428,12.846224999999919,12.876224999999918,propeller_2,333,291,340,297,7,6,42,15,73,1683.0,5,1,1,1,1,1,0,0.9273133884667945,1,139.05945899750805
/Users/eolande/EventMAV/FRED/65.zip,429,12.876224999999918,12.906224999999917,propeller_1,628,555,641,561,13,6,78,51,157,6120.0,5,1,1,1,1,1,0,0.9537663699907883,1,138.2222910033306
/Users/eolande/EventMAV/FRED/65.zip,429,12.876224999999918,12.906224999999917,propeller_2,328,291,335,297,7,6,42,12,62,1402.5,5,1,1,1,1,1,0,0.9373653643010245,1,138.2222910033306
/Users/eolande/EventMAV/FRED/65.zip,430,12.906224999999917,12.936224999999917,propeller_1,623,555,634,560,11,5,55,45,142,5788.5,5,1,1,1,1,1,0,0.9432561705316665,1,141.60604099743068
/Users/eolande/EventMAV/FRED/65.zip,430,12.906224999999917,12.936224999999917,propeller_2,324,291,328,294,4,3,12,8,15,994.5,5,1,1,1,1,1,0,0.9088138838936644,1,141.60604099743068
/Users/eolande/EventMAV/FRED/65.zip,431,12.936224999999917,12.966224999999916,propeller_1,617,554,629,559,12,5,60,48,180,6885.0,5,1,1,1,1,1,0,0.9483467668277757,1,143.0171249958221
/Users/eolande/EventMAV/FRED/65.zip,431,12.936224999999917,12.966224999999916,propeller_2,314,291,323,294,9,3,27,10,37,1734.0,5,1,1,1,1,1,0,0.9530011020070995,1,143.0171249958221
/Users/eolande/EventMAV/FRED/65.zip,432,12.966224999999916,12.996224999999916,propeller_1,611,553,622,558,11,5,55,46,168,6018.0,4,1,0,1,1,1,0,0.963772900322414,1,139.40933299454628
/Users/eolande/EventMAV/FRED/65.zip,432,12.966224999999916,12.996224999999916,propeller_2,309,291,314,294,5,3,15,12,36,1275.0,5,1,1,1,1,1,0,0.8949873737282684,1,139.40933299454628
/Users/eolande/EventMAV/FRED/65.zip,433,12.996224999999916,13.026224999999915,propeller_1,605,552,617,557,12,5,60,48,120,5916.0,6,1,1,1,1,1,1,0.9392461178130808,1,143.52974999928847
/Users/eolande/EventMAV/FRED/65.zip,433,12.996224999999916,13.026224999999915,propeller_2,309,292,319,297,10,5,50,15,62,1632.0,5,1,0,1,1,1,1,0.9208507550411527,1,143.52974999928847
/Users/eolande/EventMAV/FRED/65.zip,434,13.026224999999915,13.056224999999914,propeller_1,599,551,610,556,11,5,55,47,146,6043.5,4,1,0,1,1,1,0,0.966088599918717,1,144.642457998998
/Users/eolande/EventMAV/FRED/65.zip,434,13.026224999999915,13.056224999999914,propeller_2,299,291,313,297,14,6,84,18,98,1504.5,5,1,1,1,1,1,0,0.9629591996848357,1,144.642457998998
/Users/eolande/EventMAV/FRED/65.zip,435,13.056224999999914,13.086224999999914,propeller_1,593,550,605,555,12,5,60,47,157,6069.0,3,1,0,0,1,1,0,0.9583610427230639,1,142.17258300050162
/Users/eolande/EventMAV/FRED/65.zip,436,13.086224999999914,13.116224999999913,propeller_1,587,549,599,554,12,5,60,44,113,5227.5,5,1,1,1,1,1,0,0.9544652670484624,1,142.91258300363552
/Users/eolande/EventMAV/FRED/65.zip,436,13.086224999999914,13.116224999999913,propeller_2,297,296,301,297,4,1,4,4,3,739.5,5,1,1,1,1,1,0,0.9348843260738693,1,142.91258300363552
/Users/eolande/EventMAV/FRED/65.zip,437,13.116224999999913,13.146224999999912,propeller_1,584,548,593,553,9,5,45,39,111,4921.5,4,1,1,0,1,1,0,0.9484408178093852,1,141.98208400193835
/Users/eolande/EventMAV/FRED/65.zip,438,13.146224999999912,13.176224999999912,propeller_1,578,547,586,552,8,5,40,31,87,3213.0,3,1,0,0,1,1,0,0.9553443290024612,1,142.28483300394146
/Users/eolande/EventMAV/FRED/65.zip,439,13.176224999999912,13.206224999999911,propeller_1,570,547,579,551,9,4,36,31,70,2703.0,5,1,1,0,1,1,1,0.9060128484748486,1,143.13074999517994
/Users/eolande/EventMAV/FRED/65.zip,440,13.206224999999911,13.23622499999991,propeller_1,563,545,573,550,10,5,50,40,94,3621.0,4,1,1,0,1,1,0,0.9292062457980235,1,145.71358400280587
/Users/eolande/EventMAV/FRED/65.zip,441,13.23622499999991,13.26622499999991,propeller_1,559,543,568,549,9,6,54,39,69,3417.0,5,1,1,1,1,1,0,0.9157166959494205,1,141.35808299761266
/Users/eolande/EventMAV/FRED/65.zip,442,13.26622499999991,13.29622499999991,propeller_1,551,543,561,547,10,4,40,24,58,2116.5,4,1,0,1,1,1,0,0.9127276297563506,1,140.78220800001873
/Users/eolande/EventMAV/FRED/65.zip,443,13.29622499999991,13.326224999999909,propeller_1,545,541,556,546,11,5,55,36,69,2932.5,5,1,1,0,1,1,1,0.9103116415439485,1,142.2022080005263
/Users/eolande/EventMAV/FRED/65.zip,444,13.326224999999909,13.356224999999908,propeller_1,540,539,549,545,9,6,54,34,85,3952.5,4,1,1,0,1,1,0,0.9075864044644372,1,139.69587499741465
/Users/eolande/EventMAV/FRED/65.zip,445,13.356224999999908,13.386224999999907,propeller_1,533,538,543,543,10,5,50,37,75,3519.0,4,1,1,0,1,1,0,0.9419296220596034,1,146.21187499869848
/Users/eolande/EventMAV/FRED/65.zip,445,13.356224999999908,13.386224999999907,propeller_2,261,296,264,298,3,2,6,4,7,459.0,3,1,1,0,0,1,0,0.8643156295303135,1,146.21187499869848
/Users/eolande/EventMAV/FRED/65.zip,446,13.386224999999907,13.416224999999907,propeller_1,530,537,536,542,6,5,30,23,47,2269.5,4,1,0,1,1,1,0,0.9389633190638782,1,141.90575000247918
/Users/eolande/EventMAV/FRED/65.zip,447,13.416224999999907,13.446224999999906,propeller_1,523,536,530,540,7,4,28,18,44,1530.0,4,1,1,0,0,1,1,0.9077511554083015,1,141.34491699951468
/Users/eolande/EventMAV/FRED/65.zip,448,13.446224999999906,13.476224999999905,propeller_1,517,535,523,539,6,4,24,13,38,1581.0,4,1,1,1,0,1,0,0.9071210839586223,1,137.83112499368144
/Users/eolande/EventMAV/FRED/65.zip,448,13.446224999999906,13.476224999999905,propeller_2,249,296,252,298,3,2,6,5,7,586.5,3,1,1,0,1,0,0,0.9218460073029296,1,137.83112499368144
/Users/eolande/EventMAV/FRED/65.zip,449,13.476224999999905,13.506224999999905,propeller_1,508,533,517,538,9,5,45,34,70,3901.5,4,1,0,0,1,1,1,0.9458853905834511,1,139.45504200091818
/Users/eolande/EventMAV/FRED/65.zip,450,13.506224999999905,13.536224999999904,propeller_1,506,532,513,536,7,4,28,24,47,2116.5,4,1,0,1,1,1,0,0.9214110859958798,1,141.50037500075996
/Users/eolande/EventMAV/FRED/65.zip,454,13.626224999999902,13.656224999999901,propeller_1,481,526,487,530,6,4,24,12,29,1071.0,3,1,1,0,0,1,0,0.9695340577341505,1,140.5822920060018
/Users/eolande/EventMAV/FRED/65.zip,455,13.656224999999901,13.6862249999999,propeller_1,475,525,481,528,6,3,18,16,38,1453.5,3,1,1,0,0,1,0,0.9251627479517666,1,137.12862499960465
/Users/eolande/EventMAV/FRED/65.zip,456,13.6862249999999,13.7162249999999,propeller_1,470,522,472,525,2,3,6,4,4,765.0,3,1,1,0,1,0,0,0.9999829969889914,1,143.5324159974698
/Users/eolande/EventMAV/FRED/65.zip,476,14.286224999999888,14.316224999999887,propeller_1,354,488,361,495,7,7,49,31,68,3519.0,5,1,1,1,1,1,0,0.9498998953639082,1,140.8042499970179
/Users/eolande/EventMAV/FRED/65.zip,477,14.316224999999887,14.346224999999887,propeller_1,349,487,357,493,8,6,48,26,69,3009.0,5,1,1,1,1,1,0,0.9519794726065209,1,140.48429099784698
/Users/eolande/EventMAV/FRED/65.zip,478,14.346224999999887,14.376224999999886,propeller_1,344,486,351,490,7,4,28,26,55,3162.0,5,1,1,0,1,1,1,0.9142654442620235,1,139.05491700279526
/Users/eolande/EventMAV/FRED/65.zip,480,14.406224999999885,14.436224999999885,propeller_2,339,485,342,486,3,1,3,3,4,255.0,4,1,1,1,1,0,0,0.9753237499853302,1,151.0839999973541
/Users/eolande/EventMAV/FRED/65.zip,481,14.436224999999885,14.466224999999884,propeller_1,334,483,338,486,4,3,12,6,22,663.0,5,1,1,1,1,1,0,0.8918042990478052,1,113.0904579986236
/Users/eolande/EventMAV/FRED/65.zip,482,14.466224999999884,14.496224999999884,propeller_1,328,480,334,484,6,4,24,16,43,1759.5,5,1,1,1,1,1,0,0.9508181504823409,1,140.95041700056754
/Users/eolande/EventMAV/FRED/65.zip,483,14.496224999999884,14.526224999999883,propeller_1,325,478,330,482,5,4,20,17,58,2218.5,6,1,1,1,1,1,1,0.9555786964092938,1,141.9222910044482
/Users/eolande/EventMAV/FRED/65.zip,484,14.526224999999883,14.556224999999882,propeller_1,321,476,328,483,7,7,49,35,79,3748.5,5,1,1,1,1,1,0,0.929907955225397,1,146.6237499989802
/Users/eolande/EventMAV/FRED/65.zip,485,14.556224999999882,14.586224999999882,propeller_1,317,475,324,480,7,5,35,22,56,2142.0,4,1,0,1,1,1,0,0.9391784044395661,1,125.6052080061636
/Users/eolande/EventMAV/FRED/65.zip,486,14.586224999999882,14.616224999999881,propeller_1,314,474,320,478,6,4,24,20,57,2881.5,5,1,1,1,1,1,0,0.9463754206670918,1,142.20270900113974
/Users/eolande/EventMAV/FRED/65.zip,487,14.616224999999881,14.64622499999988,propeller_1,311,473,316,477,5,4,20,15,46,2269.5,4,1,0,1,1,1,0,0.9462311737725378,1,140.6480419973377
/Users/eolande/EventMAV/FRED/65.zip,488,14.64622499999988,14.67622499999988,propeller_1,308,470,314,477,6,7,42,29,87,3799.5,6,1,1,1,1,1,1,0.966190558446957,1,136.9483339949511
/Users/eolande/EventMAV/FRED/65.zip,489,14.67622499999988,14.706224999999879,propeller_1,305,469,315,475,10,6,60,45,133,5610.0,5,1,1,1,1,1,0,0.9235672824865935,1,142.20487499551382
/Users/eolande/EventMAV/FRED/65.zip,490,14.706224999999879,14.736224999999878,propeller_1,303,468,312,475,9,7,63,47,162,6528.0,6,1,1,1,1,1,1,0.9333896925013812,1,140.61112500348827
/Users/eolande/EventMAV/FRED/65.zip,491,14.736224999999878,14.766224999999878,propeller_1,301,467,309,473,8,6,48,42,181,7369.5,4,1,1,0,1,1,0,0.9236483096882164,1,137.74166599614546
/Users/eolande/EventMAV/FRED/65.zip,492,14.766224999999878,14.796224999999877,propeller_1,299,466,308,472,9,6,54,49,291,8950.5,5,1,1,1,1,1,0,0.9175023313627082,1,138.61212500341935
/Users/eolande/EventMAV/FRED/65.zip,493,14.796224999999877,14.826224999999877,propeller_1,298,465,307,472,9,7,63,49,373,9945.0,4,1,0,1,1,1,0,0.9059848483158373,1,142.36833399627358
/Users/eolande/EventMAV/FRED/65.zip,494,14.826224999999877,14.856224999999876,propeller_1,297,464,305,471,8,7,56,48,392,10098.0,5,1,1,1,1,1,0,0.9025245850628791,1,138.31433300219942
/Users/eolande/EventMAV/FRED/65.zip,495,14.856224999999876,14.886224999999875,propeller_1,296,463,304,470,8,7,56,47,436,10786.5,4,1,0,1,1,1,0,0.8937109663295483,1,143.69854099641088
/Users/eolande/EventMAV/FRED/65.zip,496,14.886224999999875,14.916224999999875,propeller_1,295,462,304,469,9,7,63,52,511,10965.0,4,1,0,1,1,1,0,0.9012652258858876,1,143.72695800557267
/Users/eolande/EventMAV/FRED/65.zip,497,14.916224999999875,14.946224999999874,propeller_1,295,461,303,468,8,7,56,46,402,9766.5,3,1,0,1,0,1,0,0.8905452013485546,1,150.50275000248803
/Users/eolande/EventMAV/FRED/65.zip,498,14.946224999999874,14.976224999999873,propeller_1,295,461,303,468,8,7,56,46,442,10684.5,5,1,1,1,1,1,0,0.8842428405632055,1,138.28816699970048
/Users/eolande/EventMAV/FRED/65.zip,499,14.976224999999873,15.006224999999873,propeller_1,295,460,303,467,8,7,56,43,413,9996.0,5,1,1,1,1,1,0,0.8887023140486254,1,144.9528330049361
/Users/eolande/EventMAV/FRED/65.zip,500,15.006224999999873,15.036224999999872,propeller_1,296,460,304,467,8,7,56,45,306,8899.5,5,1,1,1,1,1,0,0.8828288670618212,1,140.56470800278476
/Users/eolande/EventMAV/FRED/65.zip,501,15.036224999999872,15.066224999999871,propeller_1,296,459,305,466,9,7,63,40,295,8211.0,3,1,0,1,0,1,0,0.8929716905117101,1,138.23820800462272
/Users/eolande/EventMAV/FRED/65.zip,502,15.066224999999871,15.09622499999987,propeller_1,297,459,306,465,9,6,54,37,296,7930.5,4,1,0,1,1,1,0,0.8814171709138889,1,142.81362500332762
/Users/eolande/EventMAV/FRED/65.zip,503,15.09622499999987,15.12622499999987,propeller_1,298,458,308,465,10,7,70,44,233,7318.5,4,1,0,1,1,1,0,0.904665864850908,1,146.81470899813576
/Users/eolande/EventMAV/FRED/65.zip,504,15.12622499999987,15.15622499999987,propeller_1,301,458,310,465,9,7,63,41,244,7701.0,3,1,0,1,0,1,0,0.8987454348402169,1,144.58479199674912
/Users/eolande/EventMAV/FRED/65.zip,505,15.15622499999987,15.186224999999869,propeller_1,303,458,311,464,8,6,48,36,245,6604.5,5,1,1,1,1,1,0,0.9256418880542339,1,141.0276660026284
/Users/eolande/EventMAV/FRED/65.zip,505,15.15622499999987,15.186224999999869,propeller_2,185,328,190,331,5,3,15,9,25,688.5,3,1,1,0,0,1,0,0.9240800747852381,1,141.0276660026284
/Users/eolande/EventMAV/FRED/65.zip,506,15.186224999999869,15.216224999999868,propeller_1,305,457,314,464,9,7,63,35,173,4921.5,6,1,1,1,1,1,1,0.9488908945759119,1,145.65824999590404
/Users/eolande/EventMAV/FRED/65.zip,507,15.216224999999868,15.246224999999868,propeller_1,309,457,317,463,8,6,48,29,171,4615.5,5,1,1,1,1,1,0,0.9457462809259407,1,140.39058400521753
/Users/eolande/EventMAV/FRED/65.zip,507,15.216224999999868,15.246224999999868,propeller_2,182,333,185,335,3,2,6,5,14,510.0,3,1,1,1,0,0,0,0.9251965588766116,1,140.39058400521753
/Users/eolande/EventMAV/FRED/65.zip,508,15.246224999999868,15.276224999999867,propeller_1,311,458,321,464,10,6,60,30,157,4437.0,3,1,0,1,0,1,0,0.9507010119248706,1,141.0342910021427
/Users/eolande/EventMAV/FRED/65.zip,509,15.276224999999867,15.306224999999866,propeller_1,317,459,325,463,8,4,32,25,118,3366.0,4,1,0,1,1,1,0,0.9420800608009825,1,143.35295799537562
/Users/eolande/EventMAV/FRED/65.zip,510,15.306224999999866,15.336224999999866,propeller_1,320,458,328,464,8,6,48,27,76,3187.5,4,1,0,1,1,1,0,0.9461494522376017,1,143.2900840009097
/Users/eolande/EventMAV/FRED/65.zip,511,15.336224999999866,15.366224999999865,propeller_1,327,460,333,463,6,3,18,16,28,1377.0,4,1,1,1,1,0,0,0.8714329261058689,1,141.56270799867343
/Users/eolande/EventMAV/FRED/65.zip,512,15.366224999999865,15.396224999999864,propeller_1,332,460,335,463,3,3,9,9,16,994.5,3,1,0,1,1,0,0,0.8869316247852231,1,131.61424999998417
/Users/eolande/EventMAV/FRED/65.zip,523,15.696224999999858,15.726224999999857,propeller_1,416,467,425,469,9,2,18,13,46,1326.0,5,1,1,1,1,1,0,0.9169188483700065,1,144.67837499978486
/Users/eolande/EventMAV/FRED/65.zip,524,15.726224999999857,15.756224999999857,propeller_1,426,467,431,469,5,2,10,7,15,1071.0,3,1,0,1,0,1,0,0.9217513205534396,1,134.6748750002007
/Users/eolande/EventMAV/FRED/65.zip,525,15.756224999999857,15.786224999999856,propeller_1,442,468,445,471,3,3,9,7,17,816.0,4,1,0,1,1,1,0,0.8590637958154133,1,113.53100000269478
/Users/eolande/EventMAV/FRED/65.zip,529,15.876224999999854,15.906224999999854,propeller_1,484,472,489,474,5,2,10,7,20,969.0,5,1,1,1,1,1,0,0.9218312422486613,1,141.79224999679718
/Users/eolande/EventMAV/FRED/65.zip,531,15.936224999999853,15.966224999999852,propeller_1,510,473,516,477,6,4,24,10,47,1377.0,5,1,1,1,1,1,0,0.9167003657251511,1,138.68654199904995
/Users/eolande/EventMAV/FRED/65.zip,532,15.966224999999852,15.996224999999852,propeller_1,523,473,536,478,13,5,65,16,167,2422.5,4,1,1,1,0,1,0,0.885950008846046,1,134.56370800122386
/Users/eolande/EventMAV/FRED/65.zip,533,15.996224999999852,16.02622499999985,propeller_1,538,474,549,479,11,5,55,35,175,3111.0,4,1,1,1,0,1,0,0.8787801504442674,1,147.7547920003417
/Users/eolande/EventMAV/FRED/65.zip,534,16.02622499999985,16.056224999999852,propeller_1,554,475,565,480,11,5,55,39,174,3340.5,5,1,1,1,1,1,0,0.9048635882406112,1,139.6512499995879
/Users/eolande/EventMAV/FRED/65.zip,535,16.056224999999852,16.086224999999853,propeller_1,564,475,572,478,8,3,24,21,64,2244.0,4,1,0,1,1,1,0,0.8688068741280258,1,137.96916699357098
/Users/eolande/EventMAV/FRED/65.zip,536,16.086224999999853,16.116224999999854,propeller_1,583,477,585,479,2,2,4,3,15,637.5,5,1,0,1,1,1,1,0.9999977999153409,1,147.93691700469935
/Users/eolande/EventMAV/FRED/65.zip,537,16.116224999999854,16.146224999999855,propeller_1,594,476,596,479,2,3,6,4,15,994.5,4,1,0,1,1,1,0,0.8603283075777981,1,137.59112499974435
/Users/eolande/EventMAV/FRED/65.zip,538,16.146224999999855,16.176224999999857,propeller_1,605,477,616,480,11,3,33,15,82,1912.5,5,1,1,1,1,1,0,0.8947046481384087,1,138.81475000380306
/Users/eolande/EventMAV/FRED/65.zip,539,16.176224999999857,16.206224999999858,propeller_1,624,477,627,482,3,5,15,9,29,1198.5,4,1,1,1,0,1,0,0.9182182507652198,1,145.89787499426166
/Users/eolande/EventMAV/FRED/65.zip,540,16.206224999999858,16.23622499999986,propeller_1,634,477,647,481,13,4,52,12,90,1836.0,5,1,1,1,1,1,0,0.8624214023971755,1,146.88562499941327
/Users/eolande/EventMAV/FRED/65.zip,541,16.23622499999986,16.26622499999986,propeller_1,648,478,661,481,13,3,39,11,80,1275.0,4,1,0,1,1,1,0,0.9478862829967848,1,137.91591599874664
/Users/eolande/EventMAV/FRED/65.zip,542,16.26622499999986,16.29622499999986,propeller_1,669,478,671,482,2,4,8,4,19,918.0,4,1,1,1,0,1,0,0.9999694860138817,1,136.58016599947587
/Users/eolande/EventMAV/FRED/65.zip,544,16.326224999999862,16.356224999999863,propeller_1,692,478,704,484,12,6,72,30,149,3085.5,5,1,1,1,1,1,0,0.9314700104099455,1,138.43979199737078
/Users/eolande/EventMAV/FRED/65.zip,545,16.356224999999863,16.386224999999865,propeller_1,703,478,720,485,17,7,119,83,209,7726.5,4,1,1,0,1,1,0,0.9245370505291526,1,136.41050000296673
/Users/eolande/EventMAV/FRED/65.zip,546,16.386224999999865,16.416224999999866,propeller_1,719,479,734,484,15,5,75,49,146,4768.5,5,1,1,1,1,1,0,0.9133240190075743,1,142.85699999891222
/Users/eolande/EventMAV/FRED/65.zip,547,16.416224999999866,16.446224999999867,propeller_1,730,479,745,485,15,6,90,66,134,6273.0,5,1,1,1,1,1,0,0.9003938995333968,1,138.20687499537598
/Users/eolande/EventMAV/FRED/65.zip,548,16.446224999999867,16.476224999999868,propeller_1,744,479,755,485,11,6,66,37,97,3366.0,4,1,1,1,0,1,0,0.928022284432386,1,137.6747910035192
/Users/eolande/EventMAV/FRED/65.zip,549,16.476224999999868,16.50622499999987,propeller_1,761,481,772,486,11,5,55,34,117,2703.0,4,1,0,1,1,1,0,0.8816521148696636,1,141.20062500296626
/Users/eolande/EventMAV/FRED/65.zip,550,16.50622499999987,16.53622499999987,propeller_1,770,481,784,487,14,6,84,46,137,4972.5,4,1,1,0,1,1,0,0.928301294925497,1,141.9793329987442
/Users/eolande/EventMAV/FRED/65.zip,551,16.53622499999987,16.56622499999987,propeller_1,783,481,801,488,18,7,126,91,250,9613.5,4,1,0,1,1,1,0,0.9578333779191588,1,138.0178750041523
/Users/eolande/EventMAV/FRED/65.zip,552,16.56622499999987,16.596224999999873,propeller_1,794,481,812,489,18,8,144,115,385,11730.0,5,1,1,1,1,1,0,0.9488421708841985,1,142.7268749976065
/Users/eolande/EventMAV/FRED/65.zip,553,16.596224999999873,16.626224999999874,propeller_1,807,482,824,490,17,8,136,96,324,10531.5,4,1,0,1,1,1,0,0.9480015127226248,1,141.89133400213905
/Users/eolande/EventMAV/FRED/65.zip,554,16.626224999999874,16.656224999999875,propeller_1,818,482,835,490,17,8,136,96,278,9945.0,6,1,1,1,1,1,1,0.9481445078629136,1,139.11941599508282
/Users/eolande/EventMAV/FRED/65.zip,555,16.656224999999875,16.686224999999876,propeller_1,830,483,845,490,15,7,105,69,160,6783.0,4,1,1,1,0,1,0,0.9341270301406236,1,142.00108400109457
/Users/eolande/EventMAV/FRED/65.zip,556,16.686224999999876,16.716224999999877,propeller_1,840,484,853,491,13,7,91,49,111,4488.0,5,1,1,1,1,1,0,0.9098516858084998,1,152.83700000145473
/Users/eolande/EventMAV/FRED/65.zip,557,16.716224999999877,16.74622499999988,propeller_1,852,486,867,492,15,6,90,42,115,3544.5,4,1,0,1,1,1,0,0.8860482965656191,1,130.9707909967983
/Users/eolande/EventMAV/FRED/65.zip,558,16.74622499999988,16.77622499999988,propeller_1,861,486,877,493,16,7,112,75,223,7854.0,6,1,1,1,1,1,1,0.9084460036279345,1,148.95670900295954
/Users/eolande/EventMAV/FRED/65.zip,559,16.77622499999988,16.80622499999988,propeller_1,870,487,881,495,11,8,88,65,264,7879.5,5,1,1,0,1,1,1,0.9450822753360518,1,150.54758400219725
/Users/eolande/EventMAV/FRED/65.zip,590,17.706224999999915,17.736224999999916,propeller_1,910,493,920,499,10,6,60,37,83,3646.5,5,1,0,1,1,1,1,0.9187690937168841,1,145.15433400083566
/Users/eolande/EventMAV/FRED/65.zip,591,17.736224999999916,17.766224999999917,propeller_1,905,493,914,499,9,6,54,38,88,3927.0,5,1,1,1,1,1,0,0.884135775827991,1,135.08683400141308
/Users/eolande/EventMAV/FRED/65.zip,592,17.766224999999917,17.796224999999918,propeller_1,901,493,908,498,7,5,35,23,61,2346.0,5,1,1,1,1,1,0,0.924748161134491,1,137.77695899625542
/Users/eolande/EventMAV/FRED/65.zip,593,17.796224999999918,17.82622499999992,propeller_1,896,494,904,498,8,4,32,17,52,1453.5,4,1,1,0,1,1,0,0.9007838648334044,1,140.92429199808976
/Users/eolande/EventMAV/FRED/65.zip,594,17.82622499999992,17.85622499999992,propeller_1,888,495,895,498,7,3,21,21,44,1989.0,5,1,1,1,1,1,0,0.9023939290295138,1,138.48683400283335
/Users/eolande/EventMAV/FRED/65.zip,596,17.88622499999992,17.916224999999923,propeller_1,875,492,886,498,11,6,66,36,121,3978.0,3,1,0,1,0,1,0,0.9428821825254361,1,140.48558300419245
/Users/eolande/EventMAV/FRED/65.zip,597,17.916224999999923,17.946224999999924,propeller_1,869,491,881,497,12,6,72,56,263,7165.5,4,1,0,1,1,1,0,0.9335015570708891,1,142.8153749948251
/Users/eolande/EventMAV/FRED/65.zip,598,17.946224999999924,17.976224999999925,propeller_1,863,491,874,497,11,6,66,53,190,6706.5,5,1,1,1,1,1,0,0.9428419545201295,1,136.68362500175135
/Users/eolande/EventMAV/FRED/65.zip,599,17.976224999999925,18.006224999999926,propeller_1,857,490,868,496,11,6,66,51,140,4641.0,5,1,0,1,1,1,1,0.924998813861204,1,141.58720800332958
/Users/eolande/EventMAV/FRED/65.zip,600,18.006224999999926,18.036224999999927,propeller_1,849,490,861,496,12,6,72,57,133,6273.0,5,1,1,1,1,1,0,0.9219288148243246,1,138.64337500126567
/Users/eolande/EventMAV/FRED/65.zip,601,18.036224999999927,18.06622499999993,propeller_1,844,490,855,496,11,6,66,46,105,4386.0,5,1,1,1,1,1,0,0.9169847824115914,1,135.02675000199815
/Users/eolande/EventMAV/FRED/65.zip,602,18.06622499999993,18.09622499999993,propeller_1,840,492,844,496,4,4,16,9,24,1122.0,4,1,1,1,0,1,0,0.9504617875482813,1,144.54050000495045
/Users/eolande/EventMAV/FRED/65.zip,603,18.09622499999993,18.12622499999993,propeller_1,830,492,839,495,9,3,27,12,35,994.5,3,1,0,1,1,0,0,0.9127665331977985,1,142.37170800333843
/Users/eolande/EventMAV/FRED/65.zip,604,18.12622499999993,18.15622499999993,propeller_1,825,489,833,495,8,6,48,30,62,2499.0,5,1,1,1,1,1,0,0.9129191409343093,1,139.74570800201036
/Users/eolande/EventMAV/FRED/65.zip,605,18.15622499999993,18.186224999999933,propeller_1,817,489,827,493,10,4,40,25,46,2193.0,4,1,0,1,1,1,0,0.9618295609562586,1,140.83929199841805
/Users/eolande/EventMAV/FRED/65.zip,606,18.186224999999933,18.216224999999934,propeller_1,810,488,819,494,9,6,54,44,67,3570.0,5,1,1,1,1,1,0,0.8983691923714943,1,144.70891599921742
/Users/eolande/EventMAV/FRED/65.zip,607,18.216224999999934,18.246224999999935,propeller_1,803,488,812,494,9,6,54,45,88,3213.0,6,1,1,1,1,1,1,0.8752040229393159,1,139.39850000315346
/Users/eolande/EventMAV/FRED/65.zip,608,18.246224999999935,18.276224999999936,propeller_1,796,488,804,493,8,5,40,32,86,2626.5,4,1,0,1,1,1,0,0.8809437631556412,1,141.68337500450434
/Users/eolande/EventMAV/FRED/65.zip,609,18.276224999999936,18.306224999999937,propeller_1,789,488,797,494,8,6,48,36,182,3238.5,5,1,1,1,1,1,0,0.9165291183843511,1,145.81729199562687
/Users/eolande/EventMAV/FRED/65.zip,610,18.306224999999937,18.33622499999994,propeller_1,782,490,789,494,7,4,28,22,107,2091.0,5,1,1,1,1,1,0,0.8866373792549407,1,142.18154200352728
/Users/eolande/EventMAV/FRED/65.zip,611,18.33622499999994,18.36622499999994,propeller_1,775,489,781,493,6,4,24,16,72,1453.5,4,1,0,1,1,1,0,0.889305128454436,1,140.77329199790256
/Users/eolande/EventMAV/FRED/65.zip,612,18.36622499999994,18.39622499999994,propeller_1,770,489,774,492,4,3,12,9,17,994.5,3,1,0,1,0,1,0,0.8933766987540996,1,141.57808299933095
/Users/eolande/EventMAV/FRED/65.zip,613,18.39622499999994,18.426224999999942,propeller_1,760,489,767,492,7,3,21,15,28,1147.5,4,1,0,1,1,1,0,0.9138873118673903,1,118.17045800125925
/Users/eolande/EventMAV/FRED/65.zip,614,18.426224999999942,18.456224999999943,propeller_1,753,488,759,491,6,3,18,10,30,841.5,5,1,1,1,1,1,0,0.9326857354334028,1,109.65883400058374
/Users/eolande/EventMAV/FRED/65.zip,615,18.456224999999943,18.486224999999944,propeller_1,743,488,750,492,7,4,28,19,37,1606.5,5,1,1,1,1,1,0,0.8919316063885371,1,123.90204099938273
/Users/eolande/EventMAV/FRED/65.zip,616,18.486224999999944,18.516224999999945,propeller_1,737,486,744,491,7,5,35,13,59,1428.0,5,1,1,1,1,1,0,0.9069594226293871,1,128.54116699600127
/Users/eolande/EventMAV/FRED/65.zip,617,18.516224999999945,18.546224999999946,propeller_1,732,486,736,490,4,4,16,15,29,1453.5,5,1,1,1,1,1,0,0.9361893952389323,1,126.01308400189737
/Users/eolande/EventMAV/FRED/65.zip,618,18.546224999999946,18.576224999999948,propeller_1,726,487,728,489,2,2,4,4,10,612.0,3,1,1,1,0,0,0,1.0,1,100.14112499629846
/Users/eolande/EventMAV/FRED/65.zip,619,18.576224999999948,18.60622499999995,propeller_1,713,487,720,491,7,4,28,17,38,1479.0,5,1,1,1,1,1,0,0.8759565580651965,1,132.6010420016246
/Users/eolande/EventMAV/FRED/65.zip,620,18.60622499999995,18.63622499999995,propeller_1,704,485,713,491,9,6,54,34,95,3136.5,5,1,1,1,1,1,0,0.8820108463507826,1,142.5821660013753
/Users/eolande/EventMAV/FRED/65.zip,621,18.63622499999995,18.66622499999995,propeller_1,697,485,706,491,9,6,54,42,77,3417.0,6,1,1,1,1,1,1,0.9107780818430531,1,142.17016699694796
/Users/eolande/EventMAV/FRED/65.zip,622,18.66622499999995,18.696224999999952,propeller_1,689,487,696,490,7,3,21,16,25,1377.0,4,1,1,0,1,1,0,0.9150540372452706,1,111.46308299794327
/Users/eolande/EventMAV/FRED/65.zip,625,18.756224999999954,18.786224999999956,propeller_1,668,487,672,490,4,3,12,10,15,969.0,3,1,1,0,1,0,0,0.8707447685709542,1,123.73587499314453
/Users/eolande/EventMAV/FRED/65.zip,626,18.786224999999956,18.816224999999957,propeller_1,656,487,660,491,4,4,16,12,20,1300.5,3,1,1,0,1,0,0,0.9346382281993072,1,98.93741699488601
/Users/eolande/EventMAV/FRED/65.zip,627,18.816224999999957,18.846224999999958,propeller_1,648,487,656,490,8,3,24,19,22,1632.0,3,1,0,1,1,0,0,0.8882405555992463,1,115.37174999830313
/Users/eolande/EventMAV/FRED/65.zip,628,18.846224999999958,18.87622499999996,propeller_1,638,485,648,490,10,5,50,30,60,2550.0,5,1,1,0,1,1,1,0.8832903837614523,1,140.39004200458294
/Users/eolande/EventMAV/FRED/65.zip,629,18.87622499999996,18.90622499999996,propeller_1,631,486,637,490,6,4,24,18,31,1479.0,4,1,1,0,1,1,0,0.9064980177990327,1,125.91537500702543
/Users/eolande/EventMAV/FRED/65.zip,630,18.90622499999996,18.93622499999996,propeller_1,621,486,630,491,9,5,45,27,55,2142.0,5,1,1,0,1,1,1,0.9083066003060699,1,143.3027500024764
/Users/eolande/EventMAV/FRED/65.zip,632,18.966224999999962,18.996224999999964,propeller_1,605,486,611,489,6,3,18,10,21,1173.0,5,1,1,0,1,1,1,0.938711605502353,1,136.0242919981829
/Users/eolande/EventMAV/FRED/65.zip,633,18.996224999999964,19.026224999999965,propeller_1,594,486,600,490,6,4,24,12,26,1326.0,3,1,1,0,1,0,0,0.9686599811567651,1,136.59504200040828
/Users/eolande/EventMAV/FRED/65.zip,634,19.026224999999965,19.056224999999966,propeller_1,584,486,594,490,10,4,40,29,71,1963.5,5,1,1,1,1,1,0,0.8655494369342491,1,150.79087499907473
/Users/eolande/EventMAV/FRED/65.zip,635,19.056224999999966,19.086224999999967,propeller_1,577,486,585,490,8,4,32,27,63,1785.0,5,1,1,1,1,1,0,0.8778613173727781,1,143.79295900289435
/Users/eolande/EventMAV/FRED/65.zip,636,19.086224999999967,19.116224999999968,propeller_1,569,486,576,489,7,3,21,17,29,1632.0,3,1,0,1,1,0,0,0.9126811928278641,1,134.24612500239164
/Users/eolande/EventMAV/FRED/65.zip,637,19.116224999999968,19.14622499999997,propeller_1,559,486,567,490,8,4,32,23,66,1530.0,5,1,1,1,1,1,0,0.8743698596212698,1,141.29279200278688
/Users/eolande/EventMAV/FRED/65.zip,638,19.14622499999997,19.17622499999997,propeller_1,553,486,558,489,5,3,15,10,29,1249.5,4,1,0,1,1,1,0,0.9434499213570688,1,143.2134999995469
/Users/eolande/EventMAV/FRED/65.zip,640,19.20622499999997,19.236224999999973,propeller_1,531,486,536,490,5,4,20,11,32,1173.0,4,1,0,0,1,1,1,0.8840520459395285,1,142.41141600359697
/Users/eolande/EventMAV/FRED/65.zip,641,19.236224999999973,19.266224999999974,propeller_1,523,485,532,489,9,4,36,29,77,3468.0,5,1,1,1,1,1,0,0.9365221649879992,1,142.54854200407863
/Users/eolande/EventMAV/FRED/65.zip,642,19.266224999999974,19.296224999999975,propeller_1,513,485,522,489,9,4,36,20,59,2014.5,6,1,1,1,1,1,1,0.8640911441662218,1,137.512458000856
/Users/eolande/EventMAV/FRED/65.zip,645,19.356224999999977,19.38622499999998,propeller_1,489,485,492,487,3,2,6,5,10,663.0,3,1,1,1,0,0,0,0.9587685623904562,1,130.43058400216978
/Users/eolande/EventMAV/FRED/65.zip,652,19.566224999999985,19.596224999999986,propeller_1,426,484,436,488,10,4,40,26,45,2116.5,3,1,0,0,1,1,0,0.9132733433621498,1,125.36441699921852
/Users/eolande/EventMAV/FRED/65.zip,653,19.596224999999986,19.626224999999987,propeller_1,418,482,426,488,8,6,48,34,56,2754.0,3,1,0,0,1,1,0,0.9330931120900403,1,136.2077079975279
/Users/eolande/EventMAV/FRED/65.zip,654,19.626224999999987,19.65622499999999,propeller_1,410,483,422,488,12,5,60,39,72,3417.0,5,1,1,1,1,1,0,0.9060568457991546,1,139.5657500033849
/Users/eolande/EventMAV/FRED/65.zip,655,19.65622499999999,19.68622499999999,propeller_1,404,483,414,488,10,5,50,35,71,3366.0,6,1,1,1,1,1,1,0.9041881653165584,1,144.58379200368654
/Users/eolande/EventMAV/FRED/65.zip,656,19.68622499999999,19.71622499999999,propeller_1,396,483,407,488,11,5,55,44,100,4615.5,6,1,1,1,1,1,1,0.9562800205080179,1,137.99608399858698
/Users/eolande/EventMAV/FRED/65.zip,657,19.71622499999999,19.746224999999992,propeller_1,390,483,400,489,10,6,60,46,120,5023.5,6,1,1,1,1,1,1,0.9386386410295547,1,137.39808300306322
/Users/eolande/EventMAV/FRED/65.zip,658,19.746224999999992,19.776224999999993,propeller_1,382,483,394,489,12,6,72,59,190,7650.0,5,1,1,1,1,1,0,0.9487497763653758,1,151.01837499969406
/Users/eolande/EventMAV/FRED/65.zip,659,19.776224999999993,19.806224999999994,propeller_1,377,483,388,489,11,6,66,51,217,7777.5,5,1,1,1,1,1,0,0.9542582076649067,1,136.99195899971528
/Users/eolande/EventMAV/FRED/65.zip,660,19.806224999999994,19.836224999999995,propeller_1,370,484,382,489,12,5,60,56,198,6349.5,5,1,1,1,1,1,0,0.9637785862304062,1,138.60941599705257
/Users/eolande/EventMAV/FRED/65.zip,661,19.836224999999995,19.866224999999996,propeller_1,366,484,376,490,10,6,60,53,271,8670.0,5,1,1,1,1,1,0,0.9369452787007574,1,141.7765000005602
/Users/eolande/EventMAV/FRED/65.zip,662,19.866224999999996,19.896224999999998,propeller_1,360,484,371,490,11,6,66,56,251,8466.0,3,1,0,0,1,1,0,0.9363533249050413,1,136.0167089951574
/Users/eolande/EventMAV/FRED/65.zip,663,19.896224999999998,19.926225,propeller_1,356,484,366,490,10,6,60,43,168,5712.0,5,1,1,1,1,1,0,0.9555518375445564,1,134.7561250004219
/Users/eolande/EventMAV/FRED/65.zip,664,19.926225,19.956225,propeller_1,352,485,360,491,8,6,48,39,169,6120.0,5,1,1,1,1,1,0,0.9511839167863947,1,142.00445899768965
/Users/eolande/EventMAV/FRED/65.zip,665,19.956225,19.986225,propeller_1,347,485,357,491,10,6,60,39,145,5737.5,5,1,1,1,1,1,0,0.9307088793886259,1,136.0764169949107
/Users/eolande/EventMAV/FRED/65.zip,666,19.986225,20.016225000000002,propeller_1,345,486,352,492,7,6,42,34,135,4972.5,5,1,1,1,1,1,0,0.9598079033459578,1,140.6259580035112
/Users/eolande/EventMAV/FRED/65.zip,667,20.016225000000002,20.046225000000003,propeller_1,341,487,349,492,8,5,40,28,105,3799.5,5,1,1,1,1,1,0,0.9414228751173825,1,142.89762499538483
/Users/eolande/EventMAV/FRED/65.zip,668,20.046225000000003,20.076225000000004,propeller_1,339,487,345,492,6,5,30,23,109,3697.5,5,1,0,1,1,1,1,0.9526255401471679,1,141.67304100556066
/Users/eolande/EventMAV/FRED/65.zip,669,20.076225000000004,20.106225000000006,propeller_1,338,489,343,492,5,3,15,14,61,2397.0,5,1,1,1,1,1,0,0.9042455742429979,1,135.8188749945839
/Users/eolande/EventMAV/FRED/65.zip,670,20.106225000000006,20.136225000000007,propeller_1,336,489,340,493,4,4,16,14,68,2397.0,4,1,0,1,1,1,0,0.9356185058568668,1,134.991708000598
/Users/eolande/EventMAV/FRED/65.zip,671,20.136225000000007,20.166225000000008,propeller_1,334,489,340,493,6,4,24,20,71,3187.5,5,1,1,1,1,1,0,0.9269764870565107,1,145.65645800030325
/Users/eolande/EventMAV/FRED/65.zip,672,20.166225000000008,20.19622500000001,propeller_1,333,489,339,494,6,5,30,21,57,2065.5,4,1,1,1,0,1,0,0.9182804446976842,1,142.14704100595554
/Users/eolande/EventMAV/FRED/65.zip,703,21.096225000000043,21.126225000000044,propeller_1,492,534,500,539,8,5,40,21,69,1912.5,5,1,1,1,1,1,0,0.8822022131192473,1,147.13020799536025
/Users/eolande/EventMAV/FRED/65.zip,704,21.126225000000044,21.156225000000045,propeller_1,500,536,508,540,8,4,32,13,58,1147.5,4,1,1,1,0,1,0,0.8601999757055143,1,143.47983300103806
/Users/eolande/EventMAV/FRED/65.zip,705,21.156225000000045,21.186225000000046,propeller_1,509,537,514,541,5,4,20,16,25,1555.5,5,1,1,1,1,1,0,0.88225344242186,1,137.48970800224924
/Users/eolande/EventMAV/FRED/65.zip,706,21.186225000000046,21.216225000000048,propeller_1,519,539,521,542,2,3,6,3,15,816.0,4,1,1,1,0,1,0,0.999971998258524,1,146.17987500241725
/Users/eolande/EventMAV/FRED/65.zip,707,21.216225000000048,21.24622500000005,propeller_1,533,544,536,546,3,2,6,5,11,994.5,4,1,0,1,1,1,0,0.92184600730293,1,143.0811669997638
/Users/eolande/EventMAV/FRED/65.zip,708,21.24622500000005,21.27622500000005,propeller_1,537,542,540,545,3,3,9,8,19,969.0,6,1,1,1,1,1,1,0.8703611710066332,1,137.29133299784735
/Users/eolande/EventMAV/FRED/65.zip,709,21.27622500000005,21.30622500000005,propeller_1,544,543,551,547,7,4,28,8,56,1071.0,5,1,1,1,0,1,1,0.9601478861119571,1,138.34658300038427
/Users/eolande/EventMAV/FRED/65.zip,710,21.30622500000005,21.336225000000052,propeller_1,552,543,559,547,7,4,28,7,50,816.0,6,1,1,1,1,1,1,0.9519623236047787,1,127.5262080016546
/Users/eolande/EventMAV/FRED/65.zip,711,21.336225000000052,21.366225000000053,propeller_1,561,545,567,550,6,5,30,21,43,1606.5,4,1,1,0,1,1,0,0.9141840006479341,1,138.50537499820348
/Users/eolande/EventMAV/FRED/65.zip,712,21.366225000000053,21.396225000000054,propeller_1,568,546,572,550,4,4,16,9,22,892.5,4,1,1,0,1,1,0,0.9161509029167041,1,139.54208300128812
/Users/eolande/EventMAV/FRED/65.zip,713,21.396225000000054,21.426225000000056,propeller_1,576,547,584,552,8,5,40,17,51,1453.5,6,1,1,1,1,1,1,0.8818901013941246,1,142.5599579961272
/Users/eolande/EventMAV/FRED/65.zip,714,21.426225000000056,21.456225000000057,propeller_1,584,547,595,553,11,6,66,31,70,3187.5,5,1,1,1,1,1,0,0.9354778428277446,1,136.4361669984646
/Users/eolande/EventMAV/FRED/65.zip,715,21.456225000000057,21.486225000000058,propeller_1,591,547,600,555,9,8,72,26,66,2295.0,5,1,1,1,1,1,0,0.8909627745851464,1,137.62804200086975
/Users/eolande/EventMAV/FRED/65.zip,716,21.486225000000058,21.51622500000006,propeller_1,599,550,601,552,2,2,4,4,9,714.0,3,1,0,1,0,1,0,1.0,1,140.31312500446802
/Users/eolande/EventMAV/FRED/65.zip,717,21.51622500000006,21.54622500000006,propeller_1,607,551,614,556,7,5,35,15,40,1402.5,5,1,1,1,1,1,0,0.9421130035628602,1,112.86195799766574
/Users/eolande/EventMAV/FRED/65.zip,719,21.57622500000006,21.606225000000062,propeller_1,625,554,627,557,2,3,6,6,14,688.5,5,1,1,1,1,1,0,0.9753237499853303,1,95.54599999682978
/Users/eolande/EventMAV/FRED/65.zip,720,21.606225000000062,21.636225000000064,propeller_1,631,555,635,557,4,2,8,5,11,867.0,4,1,1,0,1,1,0,0.9579278008144214,1,148.05812499980675
/Users/eolande/EventMAV/FRED/65.zip,797,23.91622500000015,23.94622500000015,propeller_1,1220,319,1233,327,13,8,104,21,117,3187.5,5,1,1,1,1,1,0,0.8693528149663783,1,148.00575000117533
/Users/eolande/EventMAV/FRED/65.zip,798,23.94622500000015,23.976225000000152,propeller_1,1206,331,1215,341,9,10,90,15,107,3136.5,5,1,1,1,1,1,0,0.9804519986237845,1,135.19349999842234
/Users/eolande/EventMAV/FRED/65.zip,799,23.976225000000152,24.006225000000153,propeller_2,1198,346,1201,347,3,1,3,3,5,1096.5,3,1,0,0,1,1,0,0.9338186795769122,1,142.50437499867985
/Users/eolande/EventMAV/FRED/65.zip,800,24.006225000000153,24.036225000000154,propeller_1,1175,365,1186,382,11,17,187,17,155,3187.5,6,1,1,1,1,1,1,0.9468216504097772,1,137.48616600059904
/Users/eolande/EventMAV/FRED/65.zip,801,24.036225000000154,24.066225000000156,propeller_1,1167,387,1176,399,9,12,108,21,118,3391.5,4,1,0,1,1,1,0,0.909266301985613,1,134.118000001763
/Users/eolande/EventMAV/FRED/65.zip,863,25.896225000000225,25.926225000000226,propeller_1,783,504,785,507,2,3,6,6,9,510.0,4,1,0,1,1,1,0,0.9338186795769123,1,139.74283400602872
/Users/eolande/EventMAV/FRED/65.zip,866,25.98622500000023,26.01622500000023,propeller_1,756,501,758,504,2,3,6,6,9,535.5,3,1,0,1,1,0,0,0.9476238609463887,1,133.5811669996474
/Users/eolande/EventMAV/FRED/65.zip,868,26.04622500000023,26.076225000000232,propeller_1,734,499,736,502,2,3,6,6,11,382.5,4,1,1,1,0,1,0,0.9338186795769123,1,137.81266599835362
/Users/eolande/EventMAV/FRED/65.zip,871,26.136225000000234,26.166225000000235,propeller_1,696,496,704,500,8,4,32,24,55,2040.0,4,1,0,1,1,1,0,0.8547603692392836,1,142.3036670021247
/Users/eolande/EventMAV/FRED/65.zip,872,26.166225000000235,26.196225000000236,propeller_1,684,494,698,499,14,5,70,55,134,4845.0,4,1,0,1,1,1,0,0.9278158491059341,1,137.09970800118754
/Users/eolande/EventMAV/FRED/65.zip,873,26.196225000000236,26.226225000000237,propeller_1,674,493,686,498,12,5,60,51,121,4819.5,4,1,0,1,1,1,0,0.9162398733200781,1,139.59787500061793
/Users/eolande/EventMAV/FRED/65.zip,874,26.226225000000237,26.25622500000024,propeller_1,663,493,676,498,13,5,65,50,117,4692.0,3,1,0,0,1,1,0,0.9145262736111709,1,140.3140420006821
/Users/eolande/EventMAV/FRED/65.zip,875,26.25622500000024,26.28622500000024,propeller_1,651,491,667,497,16,6,96,61,155,5457.0,5,1,1,1,1,1,0,0.8995273271273043,1,156.33929100295063
/Users/eolande/EventMAV/FRED/65.zip,876,26.28622500000024,26.31622500000024,propeller_1,642,491,656,497,14,6,84,63,163,6069.0,5,1,1,1,1,1,0,0.942338906857784,1,143.20274999772664
/Users/eolande/EventMAV/FRED/65.zip,877,26.31622500000024,26.346225000000242,propeller_1,631,490,643,496,12,6,72,53,131,5686.5,5,1,1,1,1,1,0,0.9379286840298563,1,136.5505409994512
/Users/eolande/EventMAV/FRED/65.zip,878,26.346225000000242,26.376225000000243,propeller_1,619,490,633,495,14,5,70,57,123,5151.0,5,1,0,1,1,1,1,0.8994390965258874,1,136.96837500174297
/Users/eolande/EventMAV/FRED/65.zip,879,26.376225000000243,26.406225000000244,propeller_1,608,489,622,495,14,6,84,62,124,5253.0,4,1,1,0,1,1,0,0.9138233063392743,1,142.8028340014862
/Users/eolande/EventMAV/FRED/65.zip,880,26.406225000000244,26.436225000000245,propeller_1,600,489,608,494,8,5,40,30,58,2626.5,4,1,0,1,1,1,0,0.9055746695211204,1,122.70566699589835
/Users/eolande/EventMAV/FRED/65.zip,881,26.436225000000245,26.466225000000247,propeller_1,587,489,599,494,12,5,60,41,114,4029.0,5,1,1,1,1,1,0,0.923819776831708,1,141.38291699782712
/Users/eolande/EventMAV/FRED/65.zip,882,26.466225000000247,26.496225000000248,propeller_1,576,488,589,494,13,6,78,36,78,2626.5,5,1,0,1,1,1,1,0.9135982438379031,1,136.79379100358346
/Users/eolande/EventMAV/FRED/65.zip,883,26.496225000000248,26.52622500000025,propeller_1,566,489,575,493,9,4,36,29,57,2499.0,4,1,0,1,1,1,0,0.8880752811724586,1,138.90970800275682
/Users/eolande/EventMAV/FRED/65.zip,884,26.52622500000025,26.55622500000025,propeller_1,556,489,565,492,9,3,27,25,69,2269.5,6,1,1,1,1,1,1,0.8989820613707538,1,137.56704200204695
/Users/eolande/EventMAV/FRED/65.zip,885,26.55622500000025,26.58622500000025,propeller_1,541,489,554,492,13,3,39,15,52,1708.5,4,1,0,1,1,1,0,0.8904277651744006,1,122.82299999787938
/Users/eolande/EventMAV/FRED/65.zip,886,26.58622500000025,26.616225000000252,propeller_1,531,487,543,492,12,5,60,37,147,3391.5,5,1,1,1,1,1,0,0.881563225548558,1,136.96370799880242
/Users/eolande/EventMAV/FRED/65.zip,887,26.616225000000252,26.646225000000253,propeller_1,520,486,533,492,13,6,78,49,143,4998.0,5,1,1,1,1,1,0,0.9443623304688533,1,135.90004099387443
/Users/eolande/EventMAV/FRED/65.zip,888,26.646225000000253,26.676225000000255,propeller_1,511,488,522,491,11,3,33,28,51,2499.0,5,1,1,1,1,1,0,0.8601319082150947,1,136.22420799947577
/Users/eolande/EventMAV/FRED/65.zip,889,26.676225000000255,26.706225000000256,propeller_1,501,486,510,491,9,5,45,12,43,1657.5,5,1,1,1,1,1,0,0.9097445733170912,1,138.67374999972526
/Users/eolande/EventMAV/FRED/65.zip,890,26.706225000000256,26.736225000000257,propeller_1,492,487,498,489,6,2,12,9,18,969.0,4,1,1,1,0,1,0,0.9693510416723077,1,112.179957999615
/Users/eolande/EventMAV/FRED/65.zip,891,26.736225000000257,26.766225000000258,propeller_1,482,487,487,490,5,3,15,8,21,1249.5,4,1,0,1,1,1,0,0.9309160465794846,1,133.62825000513112
/Users/eolande/EventMAV/FRED/65.zip,892,26.766225000000258,26.79622500000026,propeller_1,475,486,478,487,3,1,3,3,1,484.5,5,1,1,1,1,1,0,0.9039324581912149,1,130.92058300389908
/Users/eolande/EventMAV/FRED/65.zip,893,26.79622500000026,26.82622500000026,propeller_1,458,485,461,489,3,4,12,6,30,1071.0,4,1,0,1,1,1,0,0.9545712147811212,1,135.35787499858998
/Users/eolande/EventMAV/FRED/65.zip,894,26.82622500000026,26.85622500000026,propeller_1,446,482,455,487,9,5,45,20,66,1785.0,5,1,1,1,1,1,0,0.8846383826282282,1,139.9453749982058
/Users/eolande/EventMAV/FRED/65.zip,895,26.85622500000026,26.886225000000262,propeller_1,437,481,450,487,13,6,78,50,163,4947.0,5,1,1,1,1,1,0,0.9255245314918406,1,141.5565829956904
/Users/eolande/EventMAV/FRED/65.zip,896,26.886225000000262,26.916225000000264,propeller_1,427,480,441,487,14,7,98,65,171,5125.5,5,1,1,1,1,1,0,0.8944757121476368,1,138.1988330031163
/Users/eolande/EventMAV/FRED/65.zip,897,26.916225000000264,26.946225000000265,propeller_1,417,479,430,486,13,7,91,68,198,6987.0,6,1,1,1,1,1,1,0.9439875520048555,1,135.9442500033765
/Users/eolande/EventMAV/FRED/65.zip,898,26.946225000000265,26.976225000000266,propeller_1,409,478,423,485,14,7,98,70,176,7063.5,6,1,1,1,1,1,1,0.9386731932109579,1,133.9499580062693
/Users/eolande/EventMAV/FRED/65.zip,899,26.976225000000266,27.006225000000267,propeller_1,401,477,414,484,13,7,91,59,206,6630.0,5,1,1,1,1,1,0,0.9523671187717472,1,138.08195800083922
/Users/eolande/EventMAV/FRED/65.zip,900,27.006225000000267,27.036225000000268,propeller_1,394,476,406,483,12,7,84,64,248,7981.5,6,1,1,1,1,1,1,0.9593973752510054,1,139.07674999791197
/Users/eolande/EventMAV/FRED/65.zip,901,27.036225000000268,27.06622500000027,propeller_1,386,474,399,482,13,8,104,65,231,7650.0,5,1,1,1,1,1,0,0.9594945027447246,1,137.2460830025375
/Users/eolande/EventMAV/FRED/65.zip,902,27.06622500000027,27.09622500000027,propeller_1,379,473,391,480,12,7,84,65,295,9078.0,5,1,1,1,1,1,0,0.9551187925607507,1,137.99387499602744
/Users/eolande/EventMAV/FRED/65.zip,903,27.09622500000027,27.12622500000027,propeller_1,372,471,385,478,13,7,91,69,323,9435.0,5,1,1,1,1,1,0,0.9546333389111814,1,137.9635830016923
/Users/eolande/EventMAV/FRED/65.zip,904,27.12622500000027,27.156225000000273,propeller_1,367,469,378,477,11,8,88,64,286,8593.5,5,1,1,1,1,1,0,0.9513966479190297,1,139.26337500015507
/Users/eolande/EventMAV/FRED/65.zip,905,27.156225000000273,27.186225000000274,propeller_1,361,467,373,475,12,8,96,52,231,7012.5,5,1,1,1,1,1,0,0.9636058912292008,1,136.41562500561122
/Users/eolande/EventMAV/FRED/65.zip,906,27.186225000000274,27.216225000000275,propeller_1,357,467,367,473,10,6,60,39,175,4819.5,5,1,1,1,1,1,0,0.9435801757890396,1,142.23704199685017
/Users/eolande/EventMAV/FRED/65.zip,907,27.216225000000275,27.246225000000276,propeller_1,352,464,360,470,8,6,48,34,122,4743.0,5,1,1,1,1,1,0,0.965314531041888,1,137.56974999705562
/Users/eolande/EventMAV/FRED/65.zip,908,27.246225000000276,27.276225000000277,propeller_1,349,463,356,468,7,5,35,26,122,4131.0,5,1,1,1,1,1,0,0.9587340565089203,1,135.72866600588895
/Users/eolande/EventMAV/FRED/65.zip,909,27.276225000000277,27.30622500000028,propeller_1,346,461,352,466,6,5,30,23,82,3264.0,5,1,1,1,1,1,0,0.9452957032495438,1,137.48695800313726
/Users/eolande/EventMAV/FRED/65.zip,910,27.30622500000028,27.33622500000028,propeller_1,343,459,349,464,6,5,30,17,61,1632.0,5,1,1,1,1,1,0,0.9372157854140717,1,151.48900000349386
/Users/eolande/EventMAV/FRED/65.zip,911,27.33622500000028,27.36622500000028,propeller_1,343,458,346,462,3,4,12,10,33,1479.0,5,1,1,1,1,1,0,0.9163941938407869,1,151.89829200244276
/Users/eolande/EventMAV/FRED/65.zip,912,27.36622500000028,27.396225000000282,propeller_1,341,456,344,459,3,3,9,7,19,714.0,4,1,1,1,1,0,0,0.918609630975074,1,150.85829199961154
/Users/eolande/EventMAV/FRED/65.zip,924,27.726225000000294,27.756225000000295,propeller_1,367,431,375,437,8,6,48,24,49,1912.5,3,1,1,0,0,1,0,0.911350949791809,1,142.26291699742433
/Users/eolande/EventMAV/FRED/65.zip,925,27.756225000000295,27.786225000000297,propeller_1,374,430,382,436,8,6,48,27,44,2703.0,6,1,1,1,1,1,1,0.8647431371817587,1,139.07145799748832
/Users/eolande/EventMAV/FRED/65.zip,926,27.786225000000297,27.816225000000298,propeller_1,380,429,391,435,11,6,66,40,88,3264.0,6,1,1,1,1,1,1,0.9016582084516498,1,142.9195829987293
/Users/eolande/EventMAV/FRED/65.zip,927,27.816225000000298,27.8462250000003,propeller_1,387,427,396,434,9,7,63,39,100,3519.0,6,1,1,1,1,1,1,0.8928762297387438,1,142.62004099873593
/Users/eolande/EventMAV/FRED/65.zip,928,27.8462250000003,27.8762250000003,propeller_1,395,427,403,431,8,4,32,19,60,2244.0,4,1,0,1,1,1,0,0.8261278336064037,1,137.11104200046975
/Users/eolande/EventMAV/FRED/65.zip,929,27.8762250000003,27.9062250000003,propeller_1,402,425,410,432,8,7,56,25,93,2320.5,6,1,1,1,1,1,1,0.8732005627044731,1,135.5623339986778
/Users/eolande/EventMAV/FRED/65.zip,930,27.9062250000003,27.936225000000302,propeller_1,410,424,419,428,9,4,36,17,94,1555.5,5,1,1,1,1,1,0,0.8536175662363746,1,137.76900000084424
/Users/eolande/EventMAV/FRED/65.zip,931,27.936225000000302,27.966225000000303,propeller_1,419,423,429,429,10,6,60,46,157,5125.5,3,1,0,0,1,1,0,0.9374657674032268,1,145.4854580006213
/Users/eolande/EventMAV/FRED/65.zip,932,27.966225000000303,27.996225000000305,propeller_2,427,420,438,427,11,7,77,38,120,3876.0,4,1,1,1,0,1,0,0.8794974753571619,1,141.3584580004681
/Users/eolande/EventMAV/FRED/65.zip,933,27.996225000000305,28.026225000000306,propeller_1,11,282,42,300,31,18,558,166,838,14331.0,5,1,1,1,1,1,0,0.8914737543306328,1,137.99262500106124
/Users/eolande/EventMAV/FRED/65.zip,933,27.996225000000305,28.026225000000306,propeller_2,435,419,451,427,16,8,128,75,186,7446.0,4,1,1,0,1,1,0,0.905710429789707,1,137.99262500106124
/Users/eolande/EventMAV/FRED/65.zip,934,28.026225000000306,28.056225000000307,propeller_1,26,286,57,304,31,18,558,175,893,14484.0,3,1,0,1,0,1,0,0.8794495870915594,1,141.84970800124574
/Users/eolande/EventMAV/FRED/65.zip,934,28.026225000000306,28.056225000000307,propeller_2,445,419,460,427,15,8,120,76,259,8109.0,5,1,1,1,1,1,0,0.9622376692711865,1,141.84970800124574
/Users/eolande/EventMAV/FRED/65.zip,935,28.056225000000307,28.086225000000308,propeller_1,42,290,73,307,31,17,527,191,1002,16957.5,4,1,0,1,1,1,0,0.8793009992328211,1,142.91262500046287
/Users/eolande/EventMAV/FRED/65.zip,935,28.056225000000307,28.086225000000308,propeller_2,455,419,467,426,12,7,84,61,212,6783.0,5,1,0,1,1,1,1,0.9336321100312377,1,142.91262500046287
/Users/eolande/EventMAV/FRED/65.zip,936,28.086225000000308,28.11622500000031,propeller_1,56,293,89,310,33,17,561,204,1069,16524.0,4,1,0,1,1,1,0,0.8764909880020098,1,142.1407090019784
/Users/eolande/EventMAV/FRED/65.zip,936,28.086225000000308,28.11622500000031,propeller_2,464,418,477,426,13,8,104,68,174,5712.0,4,1,0,1,1,1,0,0.9352949529016825,1,142.1407090019784
/Users/eolande/EventMAV/FRED/65.zip,937,28.11622500000031,28.14622500000031,propeller_1,74,295,104,313,30,18,540,196,1103,16524.0,5,1,1,1,1,1,0,0.8672992107191968,1,138.23799999954645
/Users/eolande/EventMAV/FRED/65.zip,937,28.11622500000031,28.14622500000031,propeller_2,474,416,487,423,13,7,91,52,177,4258.5,4,1,0,1,0,1,1,0.8849850219461242,1,138.23799999954645
/Users/eolande/EventMAV/FRED/65.zip,938,28.14622500000031,28.17622500000031,propeller_1,92,299,125,316,33,17,561,221,1180,18564.0,3,1,0,1,0,1,0,0.8791847610115433,1,139.0962080040481
/Users/eolande/EventMAV/FRED/65.zip,938,28.14622500000031,28.17622500000031,propeller_2,484,416,496,423,12,7,84,59,186,6145.5,5,1,1,1,1,1,0,0.9156173207204088,1,139.0962080040481
/Users/eolande/EventMAV/FRED/65.zip,939,28.17622500000031,28.206225000000313,propeller_1,111,301,143,318,32,17,544,217,1243,17748.0,5,1,1,1,1,1,0,0.8819051473911632,1,140.9507089992985
/Users/eolande/EventMAV/FRED/65.zip,939,28.17622500000031,28.206225000000313,propeller_2,492,417,508,424,16,7,112,83,258,8083.5,4,1,0,1,1,1,0,0.9173257959556239,1,140.9507089992985
/Users/eolande/EventMAV/FRED/65.zip,940,28.206225000000313,28.236225000000314,propeller_1,130,304,161,320,31,16,496,220,1254,17875.5,4,1,0,1,1,1,0,0.8806073470607773,1,137.53925000492018
/Users/eolande/EventMAV/FRED/65.zip,940,28.206225000000313,28.236225000000314,propeller_2,502,417,517,425,15,8,120,103,835,14152.5,4,1,0,1,1,1,0,0.9465596039168618,1,137.53925000492018
/Users/eolande/EventMAV/FRED/65.zip,941,28.236225000000314,28.266225000000315,propeller_1,148,306,182,322,34,16,544,249,1355,20196.0,4,1,0,1,1,1,0,0.864910682244812,1,137.99033400573535
/Users/eolande/EventMAV/FRED/65.zip,941,28.236225000000314,28.266225000000315,propeller_2,511,417,529,426,18,9,162,126,1415,16677.0,4,1,0,1,1,1,0,0.9500202787550359,1,137.99033400573535
/Users/eolande/EventMAV/FRED/65.zip,942,28.266225000000315,28.296225000000316,propeller_1,168,308,203,323,35,15,525,234,1280,19482.0,5,1,1,1,1,1,0,0.8782534805786911,1,138.9700419967994
/Users/eolande/EventMAV/FRED/65.zip,942,28.266225000000315,28.296225000000316,propeller_2,521,417,538,426,17,9,153,124,1838,17212.5,4,1,0,1,1,1,0,0.9459162078335837,1,138.9700419967994
/Users/eolande/EventMAV/FRED/65.zip,943,28.296225000000316,28.326225000000317,propeller_1,187,310,222,324,35,14,490,218,1222,18130.5,4,1,0,1,1,1,0,0.9378788715392967,1,155.4659579996951
/Users/eolande/EventMAV/FRED/65.zip,943,28.296225000000316,28.326225000000317,propeller_2,531,418,547,427,16,9,144,122,1586,17034.0,5,1,1,1,1,1,0,0.9448265285001805,1,155.4659579996951
/Users/eolande/EventMAV/FRED/65.zip,944,28.326225000000317,28.356225000000318,propeller_1,209,311,244,325,35,14,490,216,1163,17595.0,5,1,1,1,1,1,0,0.8765773750182846,1,141.64233300107298
/Users/eolande/EventMAV/FRED/65.zip,944,28.326225000000317,28.356225000000318,propeller_2,540,418,557,427,17,9,153,125,1745,16396.5,5,1,1,1,1,1,0,0.9524500523695991,1,141.64233300107298
/Users/eolande/EventMAV/FRED/65.zip,945,28.356225000000318,28.38622500000032,propeller_1,229,313,264,326,35,13,455,222,1185,18844.5,4,1,0,1,1,1,0,0.8856356348822523,1,138.06216699595097
/Users/eolande/EventMAV/FRED/65.zip,945,28.356225000000318,28.38622500000032,propeller_2,550,419,566,428,16,9,144,123,1729,17263.5,5,1,1,1,1,1,0,0.9485776534729853,1,138.06216699595097
/Users/eolande/EventMAV/FRED/65.zip,946,28.38622500000032,28.41622500000032,propeller_1,248,314,286,327,38,13,494,271,1442,24505.5,3,1,1,0,0,1,0,0.8926731940319192,1,144.6994169964455
/Users/eolande/EventMAV/FRED/65.zip,946,28.38622500000032,28.41622500000032,propeller_2,559,420,575,429,16,9,144,117,1495,16345.5,5,1,1,1,1,1,0,0.9381597688400742,1,144.6994169964455
/Users/eolande/EventMAV/FRED/65.zip,947,28.41622500000032,28.44622500000032,propeller_1,271,314,308,328,37,14,518,320,1712,31569.0,4,1,0,1,1,1,0,0.894094811373457,1,144.30783299758332
/Users/eolande/EventMAV/FRED/65.zip,947,28.41622500000032,28.44622500000032,propeller_2,568,421,584,430,16,9,144,114,1464,14943.0,4,1,0,1,1,1,0,0.9517849494537663,1,144.30783299758332
/Users/eolande/EventMAV/FRED/65.zip,948,28.44622500000032,28.476225000000323,propeller_1,291,314,329,329,38,15,570,382,2049,39168.0,4,1,0,1,1,1,0,0.8950459560222612,1,133.1924169935519
/Users/eolande/EventMAV/FRED/65.zip,948,28.44622500000032,28.476225000000323,propeller_2,577,422,593,431,16,9,144,107,1322,14509.5,5,1,1,1,1,1,0,0.9537720118098445,1,133.1924169935519
/Users/eolande/EventMAV/FRED/65.zip,949,28.476225000000323,28.506225000000324,propeller_1,585,423,602,432,17,9,153,116,1338,15249.0,5,1,1,1,1,1,0,0.9539830458677211,1,131.87033299618633
/Users/eolande/EventMAV/FRED/65.zip,950,28.506225000000324,28.536225000000325,propeller_1,333,313,374,331,41,18,738,474,2613,51637.5,4,1,0,1,1,1,0,0.8979151149142734,1,144.9961250036722
/Users/eolande/EventMAV/FRED/65.zip,950,28.506225000000324,28.536225000000325,propeller_2,594,424,610,434,16,10,160,110,1347,14382.0,4,1,0,1,1,1,0,0.9523465496813686,1,144.9961250036722
/Users/eolande/EventMAV/FRED/65.zip,951,28.536225000000325,28.566225000000326,propeller_1,603,426,617,435,14,9,126,98,1279,13999.5,5,1,1,1,1,1,0,0.9529520515227812,1,145.96366600017063
/Users/eolande/EventMAV/FRED/65.zip,952,28.566225000000326,28.596225000000327,propeller_1,374,313,418,332,44,19,836,533,2900,57987.0,4,1,1,1,0,1,0,0.8858631339655272,1,146.00758400047198
/Users/eolande/EventMAV/FRED/65.zip,952,28.566225000000326,28.596225000000327,propeller_2,611,427,626,437,15,10,150,102,1112,13591.5,3,1,0,1,0,1,0,0.9562330350843644,1,146.00758400047198
/Users/eolande/EventMAV/FRED/65.zip,953,28.596225000000327,28.62622500000033,propeller_1,395,313,439,333,44,20,880,556,3021,62220.0,5,1,1,1,1,1,0,0.8890360361746902,1,141.46662499842932
/Users/eolande/EventMAV/FRED/65.zip,953,28.596225000000327,28.62622500000033,propeller_2,619,429,632,438,13,9,117,84,730,9715.5,5,1,0,1,1,1,1,0.9442001999538974,1,141.46662499842932
/Users/eolande/EventMAV/FRED/65.zip,954,28.62622500000033,28.65622500000033,propeller_1,416,313,461,334,45,21,945,576,3127,63495.0,4,1,0,1,1,1,0,0.8958649048388816,1,141.3885840011062
/Users/eolande/EventMAV/FRED/65.zip,954,28.62622500000033,28.65622500000033,propeller_2,628,431,641,439,13,8,104,65,153,5916.0,6,1,1,1,1,1,1,0.8854723138730254,1,141.3885840011062
/Users/eolande/EventMAV/FRED/65.zip,955,28.65622500000033,28.68622500000033,propeller_1,438,314,482,334,44,20,880,568,3155,63979.5,4,1,1,0,1,1,0,0.892225027252738,1,140.57204099663068
/Users/eolande/EventMAV/FRED/65.zip,955,28.65622500000033,28.68622500000033,propeller_2,638,433,650,441,12,8,96,72,172,8491.5,4,1,0,1,1,1,0,0.9405527088909831,1,140.57204099663068
/Users/eolande/EventMAV/FRED/65.zip,956,28.68622500000033,28.716225000000332,propeller_1,459,314,503,334,44,20,880,561,3062,63342.0,4,1,0,1,1,1,0,0.8877733362315161,1,138.93862500117393
/Users/eolande/EventMAV/FRED/65.zip,956,28.68622500000033,28.716225000000332,propeller_2,644,436,655,443,11,7,77,58,152,6808.5,5,1,1,1,1,1,0,0.9349740804389142,1,138.93862500117393
/Users/eolande/EventMAV/FRED/65.zip,957,28.716225000000332,28.746225000000333,propeller_1,477,314,522,335,45,21,945,582,3174,64209.0,4,1,0,1,1,1,0,0.8875929573459128,1,140.69425000343472
/Users/eolande/EventMAV/FRED/65.zip,957,28.716225000000332,28.746225000000333,propeller_2,652,438,660,443,8,5,40,32,72,3085.5,5,1,1,1,1,1,0,0.9132205334008543,1,140.69425000343472
/Users/eolande/EventMAV/FRED/65.zip,959,28.776225000000334,28.806225000000335,propeller_1,518,315,561,335,43,20,860,539,2950,60996.0,5,1,1,1,1,1,0,0.894951663258662,1,137.63783300237264
/Users/eolande/EventMAV/FRED/65.zip,959,28.776225000000334,28.806225000000335,propeller_2,675,445,677,448,2,3,6,4,13,459.0,5,1,1,1,1,1,0,0.8645975765475629,1,137.63783300237264
/Users/eolande/EventMAV/FRED/65.zip,960,28.806225000000335,28.836225000000336,propeller_1,536,316,579,336,43,20,860,547,2869,59874.0,5,1,1,1,1,1,0,0.8984004299755843,1,139.3298330003745
/Users/eolande/EventMAV/FRED/65.zip,960,28.806225000000335,28.836225000000336,propeller_2,677,447,685,451,8,4,32,23,74,1810.5,5,1,1,1,0,1,1,0.9195212492020888,1,139.3298330003745
/Users/eolande/EventMAV/FRED/65.zip,961,28.836225000000336,28.866225000000338,propeller_1,555,316,598,337,43,21,903,523,2684,58089.0,4,1,0,1,1,1,0,0.9044185572760107,1,135.6169589998899
/Users/eolande/EventMAV/FRED/65.zip,961,28.836225000000336,28.866225000000338,propeller_2,685,449,691,453,6,4,24,15,52,1479.0,5,1,1,1,1,1,0,0.8894919806139594,1,135.6169589998899
/Users/eolande/EventMAV/FRED/65.zip,962,28.866225000000338,28.89622500000034,propeller_1,694,452,697,456,3,4,12,7,34,1122.0,5,1,1,1,1,1,0,0.8825625706575613,1,145.24312499997905
/Users/eolande/EventMAV/FRED/65.zip,963,28.89622500000034,28.92622500000034,propeller_1,593,318,632,337,39,19,741,447,2262,48679.5,5,1,1,1,1,1,0,0.90693919687276,1,140.24924999830546
/Users/eolande/EventMAV/FRED/65.zip,963,28.89622500000034,28.92622500000034,propeller_2,704,456,708,459,4,3,12,7,33,994.5,6,1,1,1,1,1,1,0.8495761487630062,1,140.24924999830546
/Users/eolande/EventMAV/FRED/65.zip,964,28.92622500000034,28.95622500000034,propeller_1,610,318,648,338,38,20,760,449,2119,46971.0,5,1,1,1,1,1,0,0.9018732230901662,1,136.45604200428352
/Users/eolande/EventMAV/FRED/65.zip,964,28.92622500000034,28.95622500000034,propeller_2,709,457,711,460,2,3,6,6,14,765.0,5,1,1,1,1,1,0,0.933809787608147,1,136.45604200428352
/Users/eolande/EventMAV/FRED/65.zip,965,28.95622500000034,28.986225000000342,propeller_1,628,319,663,338,35,19,665,388,1819,40417.5,3,1,1,0,0,1,0,0.8990025516016802,1,137.1069999950123
/Users/eolande/EventMAV/FRED/65.zip,966,28.986225000000342,29.016225000000343,propeller_1,644,320,680,338,36,18,648,385,1741,38556.0,4,1,0,1,1,1,0,0.917013857243342,1,145.0540829973761
/Users/eolande/EventMAV/FRED/65.zip,967,29.016225000000343,29.046225000000344,propeller_1,661,321,694,339,33,18,594,338,1528,33430.5,5,1,1,1,1,1,0,0.9069644085392939,1,144.3188330013072
/Users/eolande/EventMAV/FRED/65.zip,968,29.046225000000344,29.076225000000345,propeller_1,676,321,708,339,32,18,576,324,1430,32359.5,5,1,1,1,1,1,0,0.9158381265751627,1,139.3135420003091
/Users/eolande/EventMAV/FRED/65.zip,968,29.046225000000344,29.076225000000345,propeller_2,744,469,746,472,2,3,6,6,14,637.5,4,1,1,1,0,1,0,0.9909096745193724,1,139.3135420003091
/Users/eolande/EventMAV/FRED/65.zip,969,29.076225000000345,29.106225000000347,propeller_1,690,322,720,340,30,18,540,279,1292,29478.0,5,1,1,1,1,1,0,0.9167352769614046,1,137.26758300617803
/Users/eolande/EventMAV/FRED/65.zip,970,29.106225000000347,29.136225000000348,propeller_1,705,323,735,340,30,17,510,273,1188,27336.0,5,1,1,1,1,1,0,0.9082969047963712,1,139.95450000220444
/Users/eolande/EventMAV/FRED/65.zip,971,29.136225000000348,29.16622500000035,propeller_1,718,324,745,340,27,16,432,235,1031,22899.0,5,1,1,1,1,1,0,0.9077158551140547,1,137.86708300176542
/Users/eolande/EventMAV/FRED/65.zip,972,29.16622500000035,29.19622500000035,propeller_1,730,325,759,341,29,16,464,228,962,22083.0,4,1,0,1,1,1,0,0.9049971242947334,1,137.8978329958045
/Users/eolande/EventMAV/FRED/65.zip,973,29.19622500000035,29.22622500000035,propeller_1,742,326,769,341,27,15,405,182,775,16473.0,5,1,1,1,1,1,0,0.8995674172076447,1,138.14562499464955
/Users/eolande/EventMAV/FRED/65.zip,974,29.22622500000035,29.256225000000352,propeller_1,753,327,780,342,27,15,405,171,688,15274.5,3,1,0,1,0,1,0,0.9029026292623943,1,166.40191699843854
/Users/eolande/EventMAV/FRED/65.zip,975,29.256225000000352,29.286225000000353,propeller_1,765,327,790,343,25,16,400,145,594,13081.5,4,1,0,1,1,1,0,0.8849420105559638,1,144.42516699637054
/Users/eolande/EventMAV/FRED/65.zip,976,29.286225000000353,29.316225000000355,propeller_1,775,328,798,343,23,15,345,116,511,9868.5,5,1,1,1,1,1,0,0.8802460790027172,1,178.88570800278103
/Users/eolande/EventMAV/FRED/65.zip,977,29.316225000000355,29.346225000000356,propeller_1,784,330,807,344,23,14,322,105,456,8415.0,5,1,1,1,1,1,0,0.8883948411555571,1,136.00858399877325
/Users/eolande/EventMAV/FRED/65.zip,978,29.346225000000356,29.376225000000357,propeller_1,793,330,815,344,22,14,308,93,410,7981.5,5,1,1,1,1,1,0,0.8464916519058783,1,137.5607919981121
/Users/eolande/EventMAV/FRED/65.zip,979,29.376225000000357,29.406225000000358,propeller_1,801,333,822,345,21,12,252,76,358,6808.5,5,1,1,1,1,1,0,0.8656344269331191,1,133.52504100475926
/Users/eolande/EventMAV/FRED/65.zip,980,29.406225000000358,29.43622500000036,propeller_1,808,334,831,345,23,11,253,72,332,6630.0,5,1,1,1,1,1,0,0.88430446181406,1,131.0226249988773
/Users/eolande/EventMAV/FRED/65.zip,981,29.43622500000036,29.46622500000036,propeller_1,817,334,835,345,18,11,198,60,278,5125.5,5,1,1,1,1,1,0,0.8871723571093559,1,143.74170800147112
/Users/eolande/EventMAV/FRED/65.zip,982,29.46622500000036,29.49622500000036,propeller_1,823,335,841,347,18,12,216,49,262,4845.0,4,1,1,1,0,1,0,0.9163792963766589,1,143.68683400243754
/Users/eolande/EventMAV/FRED/65.zip,983,29.49622500000036,29.526225000000363,propeller_1,829,337,846,348,17,11,187,58,262,5457.0,5,1,1,1,1,1,0,0.8917555187267358,1,144.85766700090608
/Users/eolande/EventMAV/FRED/65.zip,984,29.526225000000363,29.556225000000364,propeller_1,833,339,853,349,20,10,200,56,225,4896.0,5,1,1,1,1,1,0,0.9058390989375542,1,138.49712500086753
/Users/eolande/EventMAV/FRED/65.zip,985,29.556225000000364,29.586225000000365,propeller_1,839,340,855,350,16,10,160,56,219,5202.0,5,1,1,1,1,1,0,0.8774405259176983,1,139.91674999851966
/Users/eolande/EventMAV/FRED/65.zip,986,29.586225000000365,29.616225000000366,propeller_1,842,340,859,350,17,10,170,55,196,5355.0,5,1,1,1,1,1,0,0.8731420184550569,1,137.6747499962221
/Users/eolande/EventMAV/FRED/65.zip,986,29.586225000000365,29.616225000000366,propeller_2,894,508,900,512,6,4,24,14,54,1173.0,5,1,1,1,1,1,0,0.8938733018529441,1,137.6747499962221
/Users/eolande/EventMAV/FRED/65.zip,987,29.616225000000366,29.646225000000367,propeller_1,846,340,864,351,18,11,198,61,198,5482.5,5,1,1,1,1,1,0,0.8332315302326124,1,140.1307500054827
/Users/eolande/EventMAV/FRED/65.zip,987,29.616225000000366,29.646225000000367,propeller_2,903,509,911,513,8,4,32,24,61,1759.5,5,1,1,1,1,1,0,0.8853822104275451,1,140.1307500054827
/Users/eolande/EventMAV/FRED/65.zip,988,29.646225000000367,29.67622500000037,propeller_1,850,341,865,352,15,11,165,55,164,5457.0,3,1,0,0,1,1,0,0.8335456663838355,1,146.67950000148267
/Users/eolande/EventMAV/FRED/65.zip,988,29.646225000000367,29.67622500000037,propeller_2,912,511,921,515,9,4,36,25,69,2040.0,5,1,1,1,1,1,0,0.9035281325487312,1,146.67950000148267
/Users/eolande/EventMAV/FRED/65.zip,989,29.67622500000037,29.70622500000037,propeller_1,853,341,869,352,16,11,176,49,167,5814.0,5,1,1,1,1,1,0,0.8985301751738854,1,147.89283299614908
/Users/eolande/EventMAV/FRED/65.zip,989,29.67622500000037,29.70622500000037,propeller_2,921,512,931,516,10,4,40,32,85,3799.5,5,1,1,1,1,1,0,0.917786628089047,1,147.89283299614908
/Users/eolande/EventMAV/FRED/65.zip,990,29.70622500000037,29.73622500000037,propeller_1,855,342,872,353,17,11,187,57,191,6655.5,5,1,1,1,1,1,0,0.8212113828813568,1,141.8707920020097
/Users/eolande/EventMAV/FRED/65.zip,990,29.70622500000037,29.73622500000037,propeller_2,929,512,939,517,10,5,50,33,99,4080.0,6,1,1,1,1,1,1,0.9426898676354437,1,141.8707920020097
/Users/eolande/EventMAV/FRED/65.zip,991,29.73622500000037,29.76622500000037,propeller_1,858,342,874,354,16,12,192,52,201,6247.5,5,1,1,1,1,1,0,0.9563391579402317,1,139.76595800340874
/Users/eolande/EventMAV/FRED/65.zip,991,29.73622500000037,29.76622500000037,propeller_2,935,512,944,517,9,5,45,30,85,3213.0,4,1,0,1,1,1,0,0.928898385653523,1,139.76595800340874
/Users/eolande/EventMAV/FRED/65.zip,992,29.76622500000037,29.796225000000373,propeller_1,860,343,875,355,15,12,180,54,167,6502.5,5,1,1,1,1,1,0,0.795403106842306,1,143.03795800515218
/Users/eolande/EventMAV/FRED/65.zip,993,29.796225000000373,29.826225000000374,propeller_1,861,344,876,356,15,12,180,46,147,5431.5,5,1,1,1,1,1,0,0.9440056335041198,1,134.40149999951245
/Users/eolande/EventMAV/FRED/65.zip,994,29.826225000000374,29.856225000000375,propeller_1,862,345,875,356,13,11,143,38,120,4641.0,5,1,1,1,1,1,0,0.9027309869838868,1,133.3422919997247
/Users/eolande/EventMAV/FRED/65.zip,995,29.856225000000375,29.886225000000376,propeller_1,863,345,876,357,13,12,156,36,93,3799.5,5,1,1,1,1,1,0,0.9530466706534028,1,138.51404200249817
/Users/eolande/EventMAV/FRED/65.zip,996,29.886225000000376,29.916225000000377,propeller_1,863,347,874,357,11,10,110,32,73,2856.0,5,1,1,1,1,1,0,0.8815910910249687,1,139.92175000021234
/Users/eolande/EventMAV/FRED/65.zip,997,29.916225000000377,29.94622500000038,propeller_1,864,347,873,358,9,11,99,28,66,3060.0,4,1,1,0,1,1,0,0.8768034192659109,1,135.84045799507294
/Users/eolande/EventMAV/FRED/65.zip,998,29.94622500000038,29.97622500000038,propeller_1,862,350,873,359,11,9,99,44,95,5355.0,5,1,1,0,1,1,1,0.9314880114112002,1,140.2791669970611
/Users/eolande/EventMAV/FRED/65.zip,999,29.97622500000038,30.00622500000038,propeller_1,861,351,871,359,10,8,80,49,90,5584.5,6,1,1,1,1,1,1,0.8159581484226628,1,134.93941700289724
/Users/eolande/EventMAV/FRED/65.zip,1000,30.00622500000038,30.036225000000382,propeller_1,860,349,870,360,10,11,110,52,128,6553.5,5,1,1,1,1,1,0,0.9128480358675147,1,140.62099999864586
/Users/eolande/EventMAV/FRED/65.zip,1001,30.036225000000382,30.066225000000383,propeller_1,858,350,869,361,11,11,121,59,154,7344.0,4,1,0,1,1,1,0,0.9109933894671615,1,136.16983400424942
/Users/eolande/EventMAV/FRED/65.zip,1002,30.066225000000383,30.096225000000384,propeller_1,855,353,869,361,14,8,112,53,200,8440.5,4,1,0,1,1,1,0,0.942418650554539,1,139.48070799960988
/Users/eolande/EventMAV/FRED/65.zip,1003,30.096225000000384,30.126225000000385,propeller_1,853,354,866,361,13,7,91,57,211,8466.0,4,1,0,1,1,1,0,0.9420088216906504,1,141.19612500508083
/Users/eolande/EventMAV/FRED/65.zip,1004,30.126225000000385,30.156225000000386,propeller_1,850,353,864,359,14,6,84,53,158,7522.5,4,1,1,0,1,1,0,0.9229560982838035,1,140.67320799949812
/Users/eolande/EventMAV/FRED/65.zip,1005,30.156225000000386,30.186225000000388,propeller_1,848,350,862,361,14,11,154,60,215,7879.5,5,1,1,1,1,1,0,0.9337594795642605,1,136.86991699796636
/Users/eolande/EventMAV/FRED/65.zip,1006,30.186225000000388,30.21622500000039,propeller_1,845,354,858,361,13,7,91,57,203,7140.0,5,1,0,1,1,1,1,0.9419885487789224,1,140.44291699974565
/Users/eolande/EventMAV/FRED/65.zip,1007,30.21622500000039,30.24622500000039,propeller_1,841,350,857,362,16,12,192,84,277,10047.0,4,1,0,1,1,1,0,0.9239572771713132,1,144.1894589952426
/Users/eolande/EventMAV/FRED/65.zip,1008,30.24622500000039,30.27622500000039,propeller_1,838,354,854,363,16,9,144,67,235,9409.5,5,1,1,1,1,1,0,0.9446737284065178,1,142.6425419995212
/Users/eolande/EventMAV/FRED/65.zip,1009,30.27622500000039,30.306225000000392,propeller_1,835,351,850,363,15,12,180,76,255,9741.0,5,1,1,1,1,1,0,0.935593031084389,1,141.86875000450527
/Users/eolande/EventMAV/FRED/65.zip,1010,30.306225000000392,30.336225000000393,propeller_1,831,351,847,363,16,12,192,84,307,11092.5,5,1,1,1,1,1,0,0.918884590664242,1,141.1525410003378
/Users/eolande/EventMAV/FRED/65.zip,1011,30.336225000000393,30.366225000000394,propeller_1,828,354,845,363,17,9,153,73,264,9996.0,4,1,0,1,1,1,0,0.9337163537374331,1,138.55004200013354
/Users/eolande/EventMAV/FRED/65.zip,1012,30.366225000000394,30.396225000000396,propeller_1,824,356,840,363,16,7,112,64,211,8338.5,5,1,1,1,1,1,0,0.9269449547587969,1,141.26304099772824
/Users/eolande/EventMAV/FRED/65.zip,1013,30.396225000000396,30.426225000000397,propeller_1,821,352,836,363,15,11,165,75,266,9307.5,5,1,1,1,1,1,0,0.8898257874377152,1,139.09529199736426
/Users/eolande/EventMAV/FRED/65.zip,1014,30.426225000000397,30.456225000000398,propeller_1,817,352,834,363,17,11,187,79,284,9537.0,5,1,1,1,1,1,0,0.9044944525478247,1,135.1256249981816
/Users/eolande/EventMAV/FRED/65.zip,1015,30.456225000000398,30.4862250000004,propeller_1,813,356,827,364,14,8,112,60,238,8491.5,5,1,1,1,1,1,0,0.9142378273003592,1,136.54787500126986
/Users/eolande/EventMAV/FRED/65.zip,1016,30.4862250000004,30.5162250000004,propeller_1,810,353,820,363,10,10,100,56,241,8236.5,6,1,1,1,1,1,1,0.8985784653737914,1,142.99879199825227
/Users/eolande/EventMAV/FRED/65.zip,1017,30.5162250000004,30.5462250000004,propeller_1,807,356,821,363,14,7,98,59,234,8415.0,5,1,1,1,1,1,0,0.9205130553117635,1,137.19562500045868
/Users/eolande/EventMAV/FRED/65.zip,1018,30.5462250000004,30.576225000000402,propeller_1,802,353,812,363,10,10,100,54,227,8160.0,4,1,0,1,1,1,0,0.915375022909316,1,138.10891699540662
/Users/eolande/EventMAV/FRED/65.zip,1019,30.576225000000402,30.606225000000403,propeller_1,798,356,811,363,13,7,91,60,235,8313.0,6,1,1,1,1,1,1,0.9477475497525578,1,136.46091600094223
/Users/eolande/EventMAV/FRED/65.zip,1020,30.606225000000403,30.636225000000405,propeller_1,793,356,807,364,14,8,112,66,240,9205.5,6,1,1,1,1,1,1,0.9485105315978073,1,139.5425000009709
/Users/eolande/EventMAV/FRED/65.zip,1021,30.636225000000405,30.666225000000406,propeller_1,789,356,801,364,12,8,96,61,213,8338.5,5,1,1,1,1,1,0,0.9417720197944475,1,137.26379099534824
/Users/eolande/EventMAV/FRED/65.zip,1022,30.666225000000406,30.696225000000407,propeller_1,784,355,797,363,13,8,104,59,213,7854.0,5,1,1,1,1,1,0,0.9525745240281848,1,136.60074999643257
/Users/eolande/EventMAV/FRED/65.zip,1023,30.696225000000407,30.726225000000408,propeller_1,779,356,789,363,10,7,70,47,176,6502.5,3,1,0,0,1,1,0,0.9472033543845665,1,135.61362500331597
/Users/eolande/EventMAV/FRED/65.zip,1024,30.726225000000408,30.75622500000041,propeller_1,774,355,788,363,14,8,112,71,227,8491.5,5,1,1,1,1,1,0,0.9484515344532238,1,143.67045899416553
/Users/eolande/EventMAV/FRED/65.zip,1025,30.75622500000041,30.78622500000041,propeller_1,769,355,782,363,13,8,104,67,232,8211.0,5,1,1,1,1,1,0,0.9408973458030243,1,137.62554199638544
/Users/eolande/EventMAV/FRED/65.zip,1026,30.78622500000041,30.81622500000041,propeller_1,764,355,776,362,12,7,84,65,237,7293.0,5,1,1,1,1,1,0,0.9519229103443878,1,139.6830419980688
/Users/eolande/EventMAV/FRED/65.zip,1027,30.81622500000041,30.846225000000413,propeller_1,759,355,773,362,14,7,98,59,219,7777.5,5,1,1,1,1,1,0,0.9721588519382498,1,140.46883399714716
/Users/eolande/EventMAV/FRED/65.zip,1028,30.846225000000413,30.876225000000414,propeller_1,753,354,766,362,13,8,104,66,225,8134.5,5,1,1,1,1,1,0,0.9454091862171324,1,135.33904200448887
/Users/eolande/EventMAV/FRED/65.zip,1029,30.876225000000414,30.906225000000415,propeller_1,744,354,760,363,16,9,144,95,322,10888.5,4,1,0,1,1,1,0,0.9256623319751385,1,135.15599999664119
/Users/eolande/EventMAV/FRED/65.zip,1030,30.906225000000415,30.936225000000416,propeller_1,741,351,756,363,15,12,180,100,432,14178.0,5,1,0,1,1,1,1,0.9262089120642247,1,145.56466700014425
/Users/eolande/EventMAV/FRED/65.zip,1031,30.936225000000416,30.966225000000417,propeller_1,735,351,751,362,16,11,176,88,318,10990.5,5,1,1,1,1,1,0,0.9319221619726918,1,139.85195799614303
/Users/eolande/EventMAV/FRED/65.zip,1032,30.966225000000417,30.99622500000042,propeller_1,729,353,742,361,13,8,104,78,270,10302.0,5,1,1,1,1,1,0,0.9469479499696274,1,138.7866250006482
/Users/eolande/EventMAV/FRED/65.zip,1033,30.99622500000042,31.02622500000042,propeller_1,723,353,738,361,15,8,120,73,292,9766.5,5,1,1,1,1,1,0,0.9581807960423425,1,137.18675000563962
/Users/eolande/EventMAV/FRED/65.zip,1034,31.02622500000042,31.05622500000042,propeller_1,716,350,732,361,16,11,176,102,306,11067.0,5,1,1,1,1,1,0,0.9376255720029907,1,137.9312920034863
/Users/eolande/EventMAV/FRED/65.zip,1035,31.05622500000042,31.08622500000042,propeller_1,709,350,723,361,14,11,154,88,304,10404.0,5,1,1,1,1,1,0,0.938544179663202,1,136.47325000056298
/Users/eolande/EventMAV/FRED/65.zip,1036,31.08622500000042,31.116225000000423,propeller_1,703,349,717,360,14,11,154,96,256,10276.5,5,1,1,1,1,1,0,0.8823971988467898,1,138.1553749961313
/Users/eolande/EventMAV/FRED/65.zip,1037,31.116225000000423,31.146225000000424,propeller_1,695,349,711,360,16,11,176,85,261,8593.5,4,1,0,1,1,1,0,0.841387039279793,1,136.55849999486236
/Users/eolande/EventMAV/FRED/65.zip,1038,31.146225000000424,31.176225000000425,propeller_1,688,348,704,359,16,11,176,91,296,9435.0,4,1,1,1,0,1,0,0.8339746197446803,1,142.87158400111366
/Users/eolande/EventMAV/FRED/65.zip,1039,31.176225000000425,31.206225000000426,propeller_1,679,348,698,359,19,11,209,100,304,9409.5,4,1,1,1,0,1,0,0.8832904165856479,1,139.5354159976705
/Users/eolande/EventMAV/FRED/65.zip,1040,31.206225000000426,31.236225000000427,propeller_1,671,348,688,359,17,11,187,94,306,8491.5,5,1,1,1,1,1,0,0.8948843895591654,1,138.55341599992244
/Users/eolande/EventMAV/FRED/65.zip,1041,31.236225000000427,31.26622500000043,propeller_1,662,348,681,358,19,10,190,100,331,9052.5,5,1,1,1,1,1,0,0.8886442711548479,1,136.77774999814574
/Users/eolande/EventMAV/FRED/65.zip,1042,31.26622500000043,31.29622500000043,propeller_1,653,348,673,358,20,10,200,92,346,9078.0,4,1,1,1,0,1,0,0.9048041758313621,1,142.3877499983064
/Users/eolande/EventMAV/FRED/65.zip,1043,31.29622500000043,31.32622500000043,propeller_1,644,347,663,358,19,11,209,97,349,8823.0,4,1,1,1,0,1,0,0.8980895436148185,1,139.0430409956025
/Users/eolande/EventMAV/FRED/65.zip,1044,31.32622500000043,31.356225000000432,propeller_1,634,347,654,357,20,10,200,103,375,9460.5,5,1,1,1,1,1,0,0.902448878591754,1,140.96187499671942
/Users/eolande/EventMAV/FRED/65.zip,1045,31.356225000000432,31.386225000000433,propeller_1,624,347,645,357,21,10,210,106,373,8823.0,5,1,1,1,1,1,0,0.8869344265617938,1,137.07966600486543
/Users/eolande/EventMAV/FRED/65.zip,1046,31.386225000000433,31.416225000000434,propeller_1,613,346,634,356,21,10,210,106,371,9154.5,4,1,0,1,1,1,0,0.8738649808614722,1,138.32895799714606
/Users/eolande/EventMAV/FRED/65.zip,1047,31.416225000000434,31.446225000000435,propeller_1,603,346,624,356,21,10,210,107,372,8593.5,5,1,1,1,1,1,0,0.8964832020034388,1,138.0183750006836
/Users/eolande/EventMAV/FRED/65.zip,1048,31.446225000000435,31.476225000000436,propeller_1,591,346,614,356,23,10,230,115,370,9103.5,5,1,1,1,1,1,0,0.8719408873875736,1,138.26254200102994
/Users/eolande/EventMAV/FRED/65.zip,1049,31.476225000000436,31.506225000000438,propeller_1,582,345,601,355,19,10,190,96,349,8415.0,5,1,1,1,1,1,0,0.8763954505344527,1,144.68974999908824
/Users/eolande/EventMAV/FRED/65.zip,1050,31.506225000000438,31.53622500000044,propeller_1,569,345,591,355,22,10,220,96,362,8262.0,4,1,1,1,0,1,0,0.8996287581171224,1,142.25120900664479
/Users/eolande/EventMAV/FRED/65.zip,1051,31.53622500000044,31.56622500000044,propeller_1,558,345,578,355,20,10,200,98,364,7905.0,5,1,1,1,1,1,0,0.885496166098642,1,138.90149999497226
/Users/eolande/EventMAV/FRED/65.zip,1052,31.56622500000044,31.59622500000044,propeller_1,546,346,565,354,19,8,152,86,351,7191.0,5,1,1,1,1,1,0,0.8839471229696163,1,140.90824999584584
/Users/eolande/EventMAV/FRED/65.zip,1053,31.59622500000044,31.626225000000442,propeller_1,532,344,553,354,21,10,210,90,378,7063.5,4,1,0,1,1,1,0,0.886527784963771,1,142.69787499506492
/Users/eolande/EventMAV/FRED/65.zip,1054,31.626225000000442,31.656225000000443,propeller_1,521,344,542,353,21,9,189,100,388,8440.5,5,1,1,1,1,1,0,0.8852130506623286,1,138.14254199678544
/Users/eolande/EventMAV/FRED/65.zip,1055,31.656225000000443,31.686225000000444,propeller_1,506,343,530,353,24,10,240,96,400,6910.5,3,1,0,1,0,1,0,0.9067258500259674,1,140.94620799733093
/Users/eolande/EventMAV/FRED/65.zip,1056,31.686225000000444,31.716225000000446,propeller_1,495,343,518,353,23,10,230,104,411,8058.0,4,1,0,1,1,1,0,0.8744952325099059,1,138.42016700073145
/Users/eolande/EventMAV/FRED/65.zip,1057,31.716225000000446,31.746225000000447,propeller_1,482,343,504,353,22,10,220,100,413,7675.5,5,1,1,1,1,1,0,0.8814364490266624,1,137.71300000371411
/Users/eolande/EventMAV/FRED/65.zip,1058,31.746225000000447,31.776225000000448,propeller_1,467,343,490,352,23,9,207,100,450,7752.0,4,1,1,1,0,1,0,0.8582680290018427,1,140.7831670003361
/Users/eolande/EventMAV/FRED/65.zip,1058,31.746225000000447,31.776225000000448,propeller_2,560,76,563,79,3,3,9,5,14,1096.5,5,1,1,1,1,1,0,0.8434360690726347,1,140.7831670003361
/Users/eolande/EventMAV/FRED/65.zip,1059,31.776225000000448,31.80622500000045,propeller_1,455,342,477,352,22,10,220,102,439,7599.0,4,1,1,1,0,1,0,0.8775497159740102,1,138.84716699976707
/Users/eolande/EventMAV/FRED/65.zip,1059,31.776225000000448,31.80622500000045,propeller_2,558,82,562,90,4,8,32,17,52,1402.5,5,1,1,1,0,1,1,0.9033300462950329,1,138.84716699976707
/Users/eolande/EventMAV/FRED/65.zip,1060,31.80622500000045,31.83622500000045,propeller_1,444,343,462,351,18,8,144,74,393,6196.5,5,1,1,1,1,1,0,0.8862346585294055,1,137.59041700541275
/Users/eolande/EventMAV/FRED/65.zip,1060,31.80622500000045,31.83622500000045,propeller_2,558,91,561,100,3,9,27,26,41,1555.5,6,1,1,1,1,1,1,0.8696854759279631,1,137.59041700541275
/Users/eolande/EventMAV/FRED/65.zip,1061,31.83622500000045,31.86622500000045,propeller_1,427,341,448,352,21,11,231,94,421,7165.5,5,1,1,1,1,1,0,0.8849411839253795,1,136.69083300192142
/Users/eolande/EventMAV/FRED/65.zip,1061,31.83622500000045,31.86622500000045,propeller_2,558,101,561,105,3,4,12,9,17,790.5,4,1,1,1,0,1,0,0.8596427580052219,1,136.69083300192142
/Users/eolande/EventMAV/FRED/65.zip,1062,31.86622500000045,31.896225000000452,propeller_1,408,341,434,351,26,10,260,95,491,7497.0,5,1,1,1,1,1,0,0.8703877211589219,1,137.1234580001328
/Users/eolande/EventMAV/FRED/65.zip,1063,31.896225000000452,31.926225000000453,propeller_1,396,341,420,351,24,10,240,118,425,9231.0,4,1,0,1,1,1,0,0.8829404173990513,1,135.51312499475898
/Users/eolande/EventMAV/FRED/65.zip,1064,31.926225000000453,31.956225000000455,propeller_1,381,341,403,351,22,10,220,108,504,7573.5,5,1,1,1,1,1,0,0.8808058954103732,1,137.9296669983887
/Users/eolande/EventMAV/FRED/65.zip,1065,31.956225000000455,31.986225000000456,propeller_1,364,341,388,351,24,10,240,89,522,7038.0,5,1,1,1,1,1,0,0.8702600962063658,1,137.79224999598227
/Users/eolande/EventMAV/FRED/65.zip,1066,31.986225000000456,32.01622500000045,propeller_1,349,341,373,351,24,10,240,127,597,10378.5,4,1,0,1,1,1,0,0.8618678637767372,1,138.49354199919617
/Users/eolande/EventMAV/FRED/65.zip,1067,32.01622500000045,32.046225000000454,propeller_1,333,341,359,351,26,10,260,146,674,12189.0,5,1,1,1,1,1,0,0.8917334473524268,1,139.15095900301822
/Users/eolande/EventMAV/FRED/65.zip,1068,32.046225000000454,32.076225000000456,propeller_1,316,340,343,351,27,11,297,179,802,16549.5,5,1,1,1,1,1,0,0.8876299096711704,1,135.2637079980923
/Users/eolande/EventMAV/FRED/65.zip,1069,32.076225000000456,32.10622500000046,propeller_1,299,339,327,351,28,12,336,195,875,18385.5,4,1,0,1,1,1,0,0.8742539430977769,1,134.7240420000162
/Users/eolande/EventMAV/FRED/65.zip,1070,32.10622500000046,32.13622500000046,propeller_1,280,338,311,351,31,13,403,227,968,20961.0,3,1,0,1,0,1,0,0.8816513432793466,1,136.02708299731603
/Users/eolande/EventMAV/FRED/65.zip,1071,32.13622500000046,32.16622500000046,propeller_1,263,338,294,351,31,13,403,238,1026,21751.5,4,1,0,1,1,1,0,0.8578685257340626,1,134.24858300277265
/Users/eolande/EventMAV/FRED/65.zip,1071,32.13622500000046,32.16622500000046,propeller_2,899,575,908,579,9,4,36,29,72,2856.0,6,1,1,1,1,1,1,0.868031022563043,1,134.24858300277265
/Users/eolande/EventMAV/FRED/65.zip,1072,32.16622500000046,32.19622500000046,propeller_1,247,337,278,351,31,14,434,241,1021,21624.0,5,1,1,1,1,1,0,0.8898802947267594,1,134.78629200108116
/Users/eolande/EventMAV/FRED/65.zip,1072,32.16622500000046,32.19622500000046,propeller_2,890,572,901,576,11,4,44,19,60,1708.5,6,1,1,1,1,1,1,0.9045199159672405,1,134.78629200108116
/Users/eolande/EventMAV/FRED/65.zip,1073,32.19622500000046,32.22622500000046,propeller_1,229,336,261,351,32,15,480,242,1077,22567.5,5,1,1,1,1,1,0,0.8889255626200439,1,138.34650000353577
/Users/eolande/EventMAV/FRED/65.zip,1073,32.19622500000046,32.22622500000046,propeller_2,878,569,891,574,13,5,65,41,92,3366.0,6,1,1,1,1,1,1,0.9077885450720604,1,138.34650000353577
/Users/eolande/EventMAV/FRED/65.zip,1074,32.22622500000046,32.25622500000046,propeller_1,213,337,245,350,32,13,416,246,1081,22491.0,5,1,1,1,1,1,0,0.863944097589888,1,132.5029590007034
/Users/eolande/EventMAV/FRED/65.zip,1074,32.22622500000046,32.25622500000046,propeller_2,873,565,883,571,10,6,60,39,79,3085.5,4,1,1,0,1,1,0,0.9078716307217137,1,132.5029590007034
/Users/eolande/EventMAV/FRED/65.zip,1075,32.25622500000046,32.286225000000464,propeller_1,193,335,229,350,36,15,540,294,1120,26086.5,4,1,0,1,1,1,0,0.8836107369641673,1,137.8042500000447
/Users/eolande/EventMAV/FRED/65.zip,1075,32.25622500000046,32.286225000000464,propeller_2,862,562,873,568,11,6,66,37,102,3009.0,5,1,1,1,1,1,0,0.8616622939718019,1,137.8042500000447
/Users/eolande/EventMAV/FRED/65.zip,1076,32.286225000000464,32.316225000000465,propeller_1,176,335,212,350,36,15,540,297,1170,26647.5,3,1,1,0,0,1,0,0.8800931594813943,1,141.66695799940499
/Users/eolande/EventMAV/FRED/65.zip,1076,32.286225000000464,32.316225000000465,propeller_2,854,560,862,565,8,5,40,22,63,1938.0,6,1,1,1,1,1,1,0.834011700261303,1,141.66695799940499
/Users/eolande/EventMAV/FRED/65.zip,1077,32.316225000000465,32.346225000000466,propeller_1,160,334,194,349,34,15,510,303,1141,27667.5,5,1,1,1,1,1,0,0.8631718208666308,1,140.4733750023297
/Users/eolande/EventMAV/FRED/65.zip,1077,32.316225000000465,32.346225000000466,propeller_2,846,556,854,560,8,4,32,24,58,2142.0,4,1,0,1,1,1,0,0.8986963804722263,1,140.4733750023297
/Users/eolande/EventMAV/FRED/65.zip,1078,32.346225000000466,32.37622500000047,propeller_1,144,333,178,349,34,16,544,276,1108,25576.5,4,1,0,1,1,1,0,0.8624074163591815,1,140.81908400112297
/Users/eolande/EventMAV/FRED/65.zip,1078,32.346225000000466,32.37622500000047,propeller_2,833,550,844,557,11,7,77,33,98,3340.5,3,1,0,0,1,1,0,0.9358609138134397,1,140.81908400112297
/Users/eolande/EventMAV/FRED/65.zip,1079,32.37622500000047,32.40622500000047,propeller_1,126,333,159,348,33,15,495,254,1039,23791.5,5,1,1,1,1,1,0,0.8675113499470317,1,141.35658300074283
/Users/eolande/EventMAV/FRED/65.zip,1079,32.37622500000047,32.40622500000047,propeller_2,822,547,836,553,14,6,84,48,103,3799.5,6,1,1,1,1,1,1,0.9064405362136585,1,141.35658300074283
/Users/eolande/EventMAV/FRED/65.zip,1080,32.40622500000047,32.43622500000047,propeller_1,110,332,144,348,34,16,544,274,1010,22491.0,5,1,1,1,1,1,0,0.8795246834881905,1,137.0618330038269
/Users/eolande/EventMAV/FRED/65.zip,1080,32.40622500000047,32.43622500000047,propeller_2,812,544,825,549,13,5,65,33,86,3136.5,5,1,1,1,1,1,0,0.905111701196964,1,137.0618330038269
/Users/eolande/EventMAV/FRED/65.zip,1081,32.43622500000047,32.46622500000047,propeller_1,96,333,127,347,31,14,434,216,855,19201.5,4,1,1,1,0,1,0,0.8667094700596226,1,139.9850840025465
/Users/eolande/EventMAV/FRED/65.zip,1081,32.43622500000047,32.46622500000047,propeller_2,802,539,812,544,10,5,50,31,83,3034.5,5,1,1,1,1,1,0,0.9264874847166698,1,139.9850840025465
/Users/eolande/EventMAV/FRED/65.zip,1082,32.46622500000047,32.49622500000047,propeller_1,78,332,111,346,33,14,462,213,861,18283.5,5,1,1,1,1,1,0,0.8898310853332116,1,266.48554200073704
/Users/eolande/EventMAV/FRED/65.zip,1082,32.46622500000047,32.49622500000047,propeller_2,792,534,805,542,13,8,104,38,118,3468.0,5,1,0,1,1,1,1,0.8966452817468917,1,266.48554200073704
/Users/eolande/EventMAV/FRED/65.zip,1083,32.49622500000047,32.52622500000047,propeller_1,64,330,91,344,27,14,378,168,785,14764.5,5,1,1,1,1,1,0,0.8768936536289738,1,156.02058399963425
/Users/eolande/EventMAV/FRED/65.zip,1083,32.49622500000047,32.52622500000047,propeller_2,783,532,796,538,13,6,78,54,128,4692.0,5,1,1,1,1,1,0,0.9222671574233527,1,156.02058399963425
/Users/eolande/EventMAV/FRED/65.zip,1084,32.52622500000047,32.556225000000474,propeller_1,49,329,79,343,30,14,420,157,701,14254.5,5,1,1,1,1,1,0,0.8947981180357523,1,143.93700000073295
/Users/eolande/EventMAV/FRED/65.zip,1084,32.52622500000047,32.556225000000474,propeller_2,773,527,784,534,11,7,77,53,137,5049.0,5,1,0,1,1,1,1,0.9350087757461201,1,143.93700000073295
/Users/eolande/EventMAV/FRED/65.zip,1085,32.556225000000474,32.586225000000475,propeller_1,35,329,63,342,28,13,364,127,635,11959.5,5,1,1,1,1,1,0,0.855501634055925,1,147.63362500525545
/Users/eolande/EventMAV/FRED/65.zip,1085,32.556225000000474,32.586225000000475,propeller_2,761,523,775,531,14,8,112,43,122,4182.0,4,1,1,1,0,1,0,0.9620646487651346,1,147.63362500525545
/Users/eolande/EventMAV/FRED/65.zip,1086,32.586225000000475,32.616225000000476,propeller_1,21,328,47,340,26,12,312,118,548,10480.5,4,1,1,1,0,1,0,0.8908536015792127,1,164.45925000152783
/Users/eolande/EventMAV/FRED/65.zip,1086,32.586225000000475,32.616225000000476,propeller_2,751,521,766,527,15,6,90,54,111,4182.0,4,1,1,0,1,1,0,0.9065793630980429,1,164.45925000152783
/Users/eolande/EventMAV/FRED/65.zip,1087,32.616225000000476,32.64622500000048,propeller_1,11,327,34,339,23,12,276,102,493,9741.0,4,1,0,1,1,1,0,0.904471612507326,1,150.1425000024028
/Users/eolande/EventMAV/FRED/65.zip,1087,32.616225000000476,32.64622500000048,propeller_2,743,516,754,524,11,8,88,46,95,4258.5,5,1,1,1,1,1,0,0.9358221253757776,1,150.1425000024028
/Users/eolande/EventMAV/FRED/65.zip,1088,32.64622500000048,32.67622500000048,propeller_1,0,325,18,337,18,12,216,70,377,6451.5,4,1,1,1,0,1,0,0.879020767067527,1,145.61837499786634
/Users/eolande/EventMAV/FRED/65.zip,1088,32.64622500000048,32.67622500000048,propeller_2,730,514,744,520,14,6,84,41,108,3417.0,5,1,1,0,1,1,1,0.90559276941473,1,145.61837499786634
/Users/eolande/EventMAV/FRED/65.zip,1089,32.67622500000048,32.70622500000048,propeller_1,722,510,733,516,11,6,66,48,84,4309.5,5,1,1,1,1,1,0,0.8986753444485125,1,136.82404199789744
/Users/eolande/EventMAV/FRED/65.zip,1089,32.67622500000048,32.70622500000048,propeller_2,0,332,6,336,6,4,24,16,49,1402.5,3,1,0,0,1,1,0,0.9171147788293313,1,136.82404199789744
/Users/eolande/EventMAV/FRED/65.zip,1090,32.70622500000048,32.73622500000048,propeller_1,714,508,724,513,10,5,50,35,89,3315.0,5,1,1,1,1,1,0,0.8990034499489412,1,135.40470899897628
/Users/eolande/EventMAV/FRED/65.zip,1091,32.73622500000048,32.76622500000048,propeller_1,700,505,712,510,12,5,60,37,86,3519.0,5,1,1,0,1,1,1,0.8855190639978443,1,140.86229100212222
/Users/eolande/EventMAV/FRED/65.zip,1092,32.76622500000048,32.79622500000048,propeller_1,689,501,702,507,13,6,78,46,117,4309.5,4,1,0,1,1,1,0,0.9359068662808232,1,141.83429100376088
/Users/eolande/EventMAV/FRED/65.zip,1093,32.79622500000048,32.826225000000484,propeller_1,678,498,692,504,14,6,84,52,110,4233.0,6,1,1,1,1,1,1,0.9081214627977681,1,214.6500420058146
/Users/eolande/EventMAV/FRED/65.zip,1094,32.826225000000484,32.856225000000485,propeller_1,668,495,680,501,12,6,72,46,95,4233.0,4,1,1,0,1,1,0,0.9010184574636911,1,144.19950000592507
/Users/eolande/EventMAV/FRED/65.zip,1095,32.856225000000485,32.886225000000486,propeller_1,658,492,669,498,11,6,66,36,96,2728.5,5,1,1,1,1,1,0,0.8773029782909689,1,140.35812499787426
/Users/eolande/EventMAV/FRED/65.zip,1096,32.886225000000486,32.91622500000049,propeller_1,645,489,657,494,12,5,60,38,96,3672.0,4,1,0,1,1,1,0,0.9113457256277092,1,143.48854199488414
/Users/eolande/EventMAV/FRED/65.zip,1097,32.91622500000049,32.94622500000049,propeller_1,636,486,648,491,12,5,60,40,92,3391.5,4,1,0,1,1,1,0,0.9249650064684247,1,142.661166995822
/Users/eolande/EventMAV/FRED/65.zip,1098,32.94622500000049,32.97622500000049,propeller_1,624,481,636,488,12,7,84,50,115,4182.0,4,1,0,1,1,1,0,0.9174866021814022,1,140.5791670040344
/Users/eolande/EventMAV/FRED/65.zip,1099,32.97622500000049,33.00622500000049,propeller_1,613,479,627,484,14,5,70,50,95,3927.0,6,1,1,1,1,1,1,0.8859287200361663,1,145.69370900426293
/Users/eolande/EventMAV/FRED/65.zip,1100,33.00622500000049,33.03622500000049,propeller_1,601,474,615,480,14,6,84,45,98,3672.0,6,1,1,1,1,1,1,0.910707893275114,1,142.53387499775272
/Users/eolande/EventMAV/FRED/65.zip,1101,33.03622500000049,33.06622500000049,propeller_1,590,471,602,477,12,6,72,47,122,4590.0,5,1,1,1,1,1,0,0.9095646596605882,1,133.06066699442454
/Users/eolande/EventMAV/FRED/65.zip,1102,33.06622500000049,33.096225000000494,propeller_1,579,467,593,474,14,7,98,46,116,3952.5,6,1,1,1,1,1,1,0.9257926270382935,1,135.43725000636186
/Users/eolande/EventMAV/FRED/65.zip,1103,33.096225000000494,33.126225000000495,propeller_1,567,465,580,470,13,5,65,48,113,4233.0,5,1,1,1,1,1,0,0.907935808294728,1,130.77699999848846
/Users/eolande/EventMAV/FRED/65.zip,1104,33.126225000000495,33.1562250000005,propeller_1,555,460,571,467,16,7,112,67,150,5355.0,5,1,1,1,1,1,0,0.9044370999996485,1,141.44108400068944
/Users/eolande/EventMAV/FRED/65.zip,1105,33.1562250000005,33.1862250000005,propeller_1,543,457,560,464,17,7,119,83,212,7446.0,5,1,1,1,1,1,0,0.9455304760829203,1,153.350667002087
/Users/eolande/EventMAV/FRED/65.zip,1106,33.1862250000005,33.2162250000005,propeller_1,532,454,548,461,16,7,112,78,208,7114.5,5,1,1,1,1,1,0,0.9354671865783731,1,147.3402920018998
/Users/eolande/EventMAV/FRED/65.zip,1107,33.2162250000005,33.2462250000005,propeller_1,521,451,537,458,16,7,112,78,227,7267.5,4,1,0,1,1,1,0,0.9328809501071684,1,153.10300000419375
/Users/eolande/EventMAV/FRED/65.zip,1108,33.2462250000005,33.2762250000005,propeller_1,509,449,525,456,16,7,112,77,201,7293.0,5,1,1,1,1,1,0,0.936548740817648,1,150.13716699468205
/Users/eolande/EventMAV/FRED/65.zip,1109,33.2762250000005,33.3062250000005,propeller_1,497,446,514,453,17,7,119,84,298,8109.0,4,1,0,1,1,1,0,0.9379575916607585,1,143.83291600097436
/Users/eolande/EventMAV/FRED/65.zip,1110,33.3062250000005,33.3362250000005,propeller_1,486,444,503,451,17,7,119,83,311,8083.5,4,1,0,1,1,1,0,0.9463490021745761,1,134.9312500024098
/Users/eolande/EventMAV/FRED/65.zip,1111,33.3362250000005,33.366225000000505,propeller_1,475,442,492,449,17,7,119,80,211,7599.0,4,1,0,1,1,1,0,0.9480102256188161,1,147.6348340002005
/Users/eolande/EventMAV/FRED/65.zip,1111,33.3362250000005,33.366225000000505,propeller_2,1021,261,1027,270,6,9,54,14,66,1581.0,5,1,1,1,1,1,0,0.8860130772415197,1,147.6348340002005
/Users/eolande/EventMAV/FRED/65.zip,1112,33.366225000000505,33.396225000000506,propeller_1,463,440,479,446,16,6,96,63,141,5584.5,4,1,0,1,1,1,0,0.9368811112081622,1,136.51150000077905
/Users/eolande/EventMAV/FRED/65.zip,1112,33.366225000000505,33.396225000000506,propeller_2,1015,253,1022,260,7,7,49,13,72,1351.5,6,1,1,1,1,1,1,0.897396882035211,1,136.51150000077905
/Users/eolande/EventMAV/FRED/65.zip,1113,33.396225000000506,33.42622500000051,propeller_1,456,439,468,444,12,5,60,39,103,3060.0,5,1,1,1,1,1,0,0.8983688069452115,1,143.10795799974585
/Users/eolande/EventMAV/FRED/65.zip,1113,33.396225000000506,33.42622500000051,propeller_2,1002,240,1013,251,11,11,121,22,129,2907.0,5,1,1,1,1,1,0,0.8779149433863753,1,143.10795799974585
/Users/eolande/EventMAV/FRED/65.zip,1114,33.42622500000051,33.45622500000051,propeller_1,986,223,999,239,13,16,208,15,177,2779.5,6,1,1,1,1,1,1,0.9348538769267494,1,140.00591699732468
/Users/eolande/EventMAV/FRED/65.zip,1114,33.42622500000051,33.45622500000051,propeller_2,445,436,457,442,12,6,72,32,78,2320.5,5,1,1,1,1,1,0,0.8726702702568558,1,140.00591699732468
/Users/eolande/EventMAV/FRED/65.zip,1115,33.45622500000051,33.48622500000051,propeller_1,434,435,444,440,10,5,50,23,66,1938.0,5,1,1,1,1,1,0,0.9350909116943322,1,139.54945799923735
/Users/eolande/EventMAV/FRED/65.zip,1115,33.45622500000051,33.48622500000051,propeller_2,979,215,986,221,7,6,42,7,65,1708.5,4,1,0,1,1,1,0,0.9669054342976275,1,139.54945799923735
/Users/eolande/EventMAV/FRED/65.zip,1116,33.48622500000051,33.51622500000051,propeller_1,422,434,432,438,10,4,40,27,68,2040.0,5,1,0,1,1,1,1,0.888364734932821,1,138.6069590007537
/Users/eolande/EventMAV/FRED/65.zip,1116,33.48622500000051,33.51622500000051,propeller_2,959,186,961,189,2,3,6,4,12,1606.5,3,1,0,0,1,1,0,0.8645975765475629,1,138.6069590007537
/Users/eolande/EventMAV/FRED/65.zip,1117,33.51622500000051,33.54622500000051,propeller_1,410,432,424,437,14,5,70,44,142,4666.5,5,1,1,1,1,1,0,0.9402604149646066,1,141.1467080033617
/Users/eolande/EventMAV/FRED/65.zip,1118,33.54622500000051,33.57622500000051,propeller_1,400,430,413,435,13,5,65,52,161,5788.5,3,1,0,0,1,1,0,0.9435246483677008,1,138.5572500003036
/Users/eolande/EventMAV/FRED/65.zip,1119,33.57622500000051,33.606225000000514,propeller_1,389,429,403,434,14,5,70,51,134,5278.5,6,1,1,1,1,1,1,0.9418603762597884,1,148.38754099764628
/Users/eolande/EventMAV/FRED/65.zip,1120,33.606225000000514,33.636225000000515,propeller_1,380,426,393,432,13,6,78,47,100,4998.0,4,1,1,0,1,1,0,0.9227047332204704,1,136.01479199860478
/Users/eolande/EventMAV/FRED/65.zip,1121,33.636225000000515,33.666225000000516,propeller_1,369,424,382,430,13,6,78,50,127,5355.0,5,1,1,1,1,1,0,0.9297977820763674,1,138.3002500006114
/Users/eolande/EventMAV/FRED/65.zip,1122,33.666225000000516,33.69622500000052,propeller_1,359,423,373,429,14,6,84,63,168,7114.5,5,1,1,1,1,1,0,0.9506442431626193,1,137.69791700178757
/Users/eolande/EventMAV/FRED/65.zip,1123,33.69622500000052,33.72622500000052,propeller_1,350,421,363,427,13,6,78,54,158,6247.5,4,1,0,1,1,1,0,0.9351752524252017,1,136.77012499829289
/Users/eolande/EventMAV/FRED/65.zip,1124,33.72622500000052,33.75622500000052,propeller_1,340,419,355,426,15,7,105,67,206,7573.5,5,1,1,1,1,1,0,0.9494218202565043,1,138.33375000103842
/Users/eolande/EventMAV/FRED/65.zip,1125,33.75622500000052,33.78622500000052,propeller_1,332,418,346,424,14,6,84,57,195,5916.0,5,1,1,1,1,1,0,0.9259825850597636,1,142.07012499537086
/Users/eolande/EventMAV/FRED/65.zip,1126,33.78622500000052,33.81622500000052,propeller_1,323,416,336,422,13,6,78,58,239,7038.0,4,1,0,1,1,1,0,0.9450565315821036,1,133.80175000202144
/Users/eolande/EventMAV/FRED/65.zip,1127,33.81622500000052,33.84622500000052,propeller_1,316,414,329,421,13,7,91,59,217,6757.5,5,1,1,1,1,1,0,0.9456566860393689,1,143.13866600423353
/Users/eolande/EventMAV/FRED/65.zip,1128,33.84622500000052,33.876225000000524,propeller_1,309,413,320,419,11,6,66,50,186,6171.0,4,1,0,1,1,1,0,0.9421292382333959,1,140.02487499965355
/Users/eolande/EventMAV/FRED/65.zip,1129,33.876225000000524,33.906225000000525,propeller_1,302,411,313,418,11,7,77,45,137,4819.5,5,1,1,1,1,1,0,0.9551537892195681,1,142.66574999783188
/Users/eolande/EventMAV/FRED/65.zip,1130,33.906225000000525,33.936225000000526,propeller_1,295,410,305,415,10,5,50,37,129,4666.5,5,1,1,1,1,1,0,0.9461530242510978,1,139.81254200189142
/Users/eolande/EventMAV/FRED/65.zip,1131,33.936225000000526,33.96622500000053,propeller_1,289,409,298,414,9,5,45,33,110,3901.5,5,1,1,1,1,1,0,0.9551149107299358,1,145.51354099967284
/Users/eolande/EventMAV/FRED/65.zip,1132,33.96622500000053,33.99622500000053,propeller_1,284,407,292,413,8,6,48,31,96,3187.5,5,1,1,1,1,1,0,0.9573162524781229,1,143.60816599946702
/Users/eolande/EventMAV/FRED/65.zip,1133,33.99622500000053,34.02622500000053,propeller_1,279,407,286,412,7,5,35,22,80,2856.0,6,1,1,1,1,1,1,0.9561764417407038,1,137.41395800025202
/Users/eolande/EventMAV/FRED/65.zip,1134,34.02622500000053,34.05622500000053,propeller_1,275,406,282,410,7,4,28,19,43,1555.5,4,1,0,1,1,1,0,0.9357575432121852,1,124.53241700131912
/Users/eolande/EventMAV/FRED/65.zip,1155,34.65622500000055,34.686225000000555,propeller_1,4,326,24,334,20,8,160,54,198,4564.5,5,1,1,1,1,1,0,0.8750689856100652,1,145.86512499954551
/Users/eolande/EventMAV/FRED/65.zip,1156,34.686225000000555,34.716225000000556,propeller_1,12,326,32,334,20,8,160,54,218,4947.0,5,1,1,1,1,1,0,0.8938610044268216,1,139.159042002575
/Users/eolande/EventMAV/FRED/65.zip,1157,34.716225000000556,34.74622500000056,propeller_1,20,326,40,334,20,8,160,72,215,5763.0,4,1,1,0,1,1,0,0.8688413068414687,1,138.39083300263155
/Users/eolande/EventMAV/FRED/65.zip,1158,34.74622500000056,34.77622500000056,propeller_1,29,326,50,333,21,7,147,58,220,5661.0,4,1,1,1,0,1,0,0.9213542765603019,1,135.71741699706763
/Users/eolande/EventMAV/FRED/65.zip,1159,34.77622500000056,34.80622500000056,propeller_1,37,326,58,335,21,9,189,74,252,6604.5,5,1,1,1,1,1,0,0.9134999934124116,1,143.1332909996854
/Users/eolande/EventMAV/FRED/65.zip,1159,34.77622500000056,34.80622500000056,propeller_2,325,398,328,399,3,1,3,3,0,357.0,3,1,1,0,0,1,0,0.9338186795769122,1,143.1332909996854
/Users/eolande/EventMAV/FRED/65.zip,1160,34.80622500000056,34.83622500000056,propeller_1,47,326,65,334,18,8,144,61,215,5737.5,5,1,1,1,1,1,0,0.846922932062804,1,140.7614579948131
/Users/eolande/EventMAV/FRED/65.zip,1161,34.83622500000056,34.86622500000056,propeller_1,56,326,77,334,21,8,168,69,237,5686.5,5,1,1,1,1,1,0,0.8864283677630269,1,138.81141699675936
/Users/eolande/EventMAV/FRED/65.zip,1162,34.86622500000056,34.89622500000056,propeller_1,65,326,85,334,20,8,160,67,258,5482.5,5,1,1,1,1,1,0,0.9052865177669096,1,136.56849999824772
/Users/eolande/EventMAV/FRED/65.zip,1163,34.89622500000056,34.926225000000564,propeller_1,73,326,93,334,20,8,160,71,249,6502.5,5,1,1,1,1,1,0,0.8944761916410212,1,135.51787499454804
/Users/eolande/EventMAV/FRED/65.zip,1164,34.926225000000564,34.956225000000565,propeller_1,83,326,102,334,19,8,152,62,229,6018.0,5,1,1,1,1,1,0,0.9147687494060726,1,143.88599999801954
/Users/eolande/EventMAV/FRED/65.zip,1165,34.956225000000565,34.986225000000566,propeller_1,93,325,114,333,21,8,168,70,275,6706.5,3,1,0,1,0,1,0,0.8897981550283892,1,139.13762499578297
/Users/eolande/EventMAV/FRED/65.zip,1166,34.986225000000566,35.01622500000057,propeller_1,103,325,124,333,21,8,168,43,273,4717.5,4,1,0,1,1,1,0,0.9561419807809376,1,140.98545799788553
/Users/eolande/EventMAV/FRED/65.zip,1167,35.01622500000057,35.04622500000057,propeller_1,113,325,130,332,17,7,119,37,194,3927.0,5,1,1,1,1,1,0,0.913292881909442,1,138.6320000019623
/Users/eolande/EventMAV/FRED/65.zip,1167,35.01622500000057,35.04622500000057,propeller_2,393,405,396,406,3,1,3,3,3,280.5,4,1,0,1,1,1,0,0.9338186795769122,1,138.6320000019623
/Users/eolande/EventMAV/FRED/65.zip,1168,35.04622500000057,35.07622500000057,propeller_1,124,325,146,334,22,9,198,54,258,5329.5,5,1,1,1,1,1,0,0.8770926055394183,1,138.1731250003213
/Users/eolande/EventMAV/FRED/65.zip,1169,35.07622500000057,35.10622500000057,propeller_1,135,325,157,333,22,8,176,66,286,5686.5,3,1,0,1,0,1,0,0.873954904905801,1,140.9131249965867
/Users/eolande/EventMAV/FRED/65.zip,1170,35.10622500000057,35.13622500000057,propeller_1,145,325,167,333,22,8,176,80,309,7038.0,5,1,1,1,1,1,0,0.8866178273397313,1,137.40404100099113
/Users/eolande/EventMAV/FRED/65.zip,1171,35.13622500000057,35.16622500000057,propeller_1,156,324,176,333,20,9,180,71,315,6655.5,5,1,1,1,1,1,0,0.9010739022158912,1,141.96841700322693
/Users/eolande/EventMAV/FRED/65.zip,1172,35.16622500000057,35.196225000000574,propeller_1,167,322,192,333,25,11,275,85,351,7012.5,5,1,1,1,1,1,0,0.8760175615824406,1,138.79204200202366
/Users/eolande/EventMAV/FRED/65.zip,1173,35.196225000000574,35.226225000000575,propeller_1,179,323,199,333,20,10,200,96,333,8236.5,5,1,1,1,1,1,0,0.8747333185892588,1,139.76458400429692
/Users/eolande/EventMAV/FRED/65.zip,1174,35.226225000000575,35.256225000000576,propeller_1,191,323,212,331,21,8,168,82,345,8415.0,4,1,0,1,1,1,0,0.883487565088555,1,139.36808300059056
/Users/eolande/EventMAV/FRED/65.zip,1174,35.226225000000575,35.256225000000576,propeller_2,462,414,465,419,3,5,15,12,36,1122.0,4,1,0,1,1,1,0,0.8717551929601612,1,139.36808300059056
/Users/eolande/EventMAV/FRED/65.zip,1175,35.256225000000576,35.28622500000058,propeller_1,203,322,228,330,25,8,200,102,364,8619.0,5,1,1,1,1,1,0,0.8863133176369382,1,139.81212500220863
/Users/eolande/EventMAV/FRED/65.zip,1175,35.256225000000576,35.28622500000058,propeller_2,469,416,472,419,3,3,9,9,31,714.0,4,1,1,1,0,1,0,0.8441090145348329,1,139.81212500220863
/Users/eolande/EventMAV/FRED/65.zip,1176,35.28622500000058,35.31622500000058,propeller_1,216,320,241,328,25,8,200,72,345,8058.0,5,1,1,1,1,1,0,0.9030142590553604,1,137.96316699881572
/Users/eolande/EventMAV/FRED/65.zip,1177,35.31622500000058,35.34622500000058,propeller_1,228,319,253,327,25,8,200,89,362,7981.5,5,1,1,1,1,1,0,0.8749875132058996,1,140.74120800069068
/Users/eolande/EventMAV/FRED/65.zip,1178,35.34622500000058,35.37622500000058,propeller_1,242,317,266,325,24,8,192,79,338,7726.5,4,1,0,1,1,1,0,0.91082218583187,1,137.62591699924087
/Users/eolande/EventMAV/FRED/65.zip,1179,35.37622500000058,35.40622500000058,propeller_1,254,314,278,322,24,8,192,89,353,7420.5,5,1,1,1,1,1,0,0.8732950922330525,1,139.4932080002036
/Users/eolande/EventMAV/FRED/65.zip,1179,35.37622500000058,35.40622500000058,propeller_2,515,423,517,425,2,2,4,4,12,612.0,4,1,0,1,0,1,1,1.0,1,139.4932080002036
/Users/eolande/EventMAV/FRED/65.zip,1180,35.40622500000058,35.43622500000058,propeller_1,268,311,293,320,25,9,225,101,389,7726.5,5,1,1,1,1,1,0,0.8650972600959383,1,136.6327080031624
/Users/eolande/EventMAV/FRED/65.zip,1181,35.43622500000058,35.466225000000584,propeller_1,283,308,304,316,21,8,168,73,360,6477.0,4,1,1,1,0,1,0,0.8967108121134522,1,136.14820800285088
/Users/eolande/EventMAV/FRED/65.zip,1182,35.466225000000584,35.496225000000585,propeller_1,295,305,316,313,21,8,168,85,372,7191.0,5,1,1,1,1,1,0,0.8738206580814726,1,135.75112500257092
/Users/eolande/EventMAV/FRED/65.zip,1182,35.466225000000584,35.496225000000585,propeller_2,537,424,545,428,8,4,32,15,74,1479.0,4,1,0,1,1,1,0,0.8559242819746853,1,135.75112500257092
/Users/eolande/EventMAV/FRED/65.zip,1183,35.496225000000585,35.526225000000586,propeller_1,310,302,332,310,22,8,176,88,394,6961.5,5,1,1,1,1,1,0,0.8839190206786958,1,141.07837499614106
/Users/eolande/EventMAV/FRED/65.zip,1184,35.526225000000586,35.55622500000059,propeller_1,323,298,348,307,25,9,225,108,428,7675.5,5,1,1,1,1,1,0,0.8793629992975347,1,137.58779199997662
/Users/eolande/EventMAV/FRED/65.zip,1185,35.55622500000059,35.58622500000059,propeller_1,338,294,360,303,22,9,198,89,427,6783.0,4,1,1,1,0,1,0,0.875266972847073,1,140.45404200442135
/Users/eolande/EventMAV/FRED/65.zip,1185,35.55622500000059,35.58622500000059,propeller_2,570,427,573,429,3,2,6,4,16,918.0,5,1,1,1,1,1,0,0.9175947838474887,1,140.45404200442135
/Users/eolande/EventMAV/FRED/65.zip,1186,35.58622500000059,35.61622500000059,propeller_1,353,290,376,299,23,9,207,104,451,7777.5,4,1,0,1,1,1,0,0.8652879504588581,1,145.17083400278352
/Users/eolande/EventMAV/FRED/65.zip,1187,35.61622500000059,35.64622500000059,propeller_1,368,286,391,295,23,9,207,83,450,6732.0,5,1,1,1,1,1,0,0.8751642347021421,1,142.25329200417036
/Users/eolande/EventMAV/FRED/65.zip,1188,35.64622500000059,35.67622500000059,propeller_1,383,282,406,291,23,9,207,100,495,7548.0,5,1,1,1,1,1,0,0.8636789661704771,1,142.1144580017426
/Users/eolande/EventMAV/FRED/65.zip,1189,35.67622500000059,35.70622500000059,propeller_1,399,278,423,286,24,8,192,88,490,7165.5,4,1,0,1,1,1,0,0.8708329709004275,1,143.25475000077859
/Users/eolande/EventMAV/FRED/65.zip,1190,35.70622500000059,35.736225000000594,propeller_1,413,272,439,282,26,10,260,107,559,8313.0,4,1,0,1,1,1,0,0.8658951806763894,1,183.19291700026952
/Users/eolande/EventMAV/FRED/65.zip,1191,35.736225000000594,35.766225000000595,propeller_1,429,266,456,276,27,10,270,120,590,8925.0,5,1,1,1,1,1,0,0.8657353118649034,1,144.9761249969015
/Users/eolande/EventMAV/FRED/65.zip,1192,35.766225000000595,35.7962250000006,propeller_1,447,260,470,270,23,10,230,110,577,8491.5,5,1,1,1,1,1,0,0.8568147392291585,1,135.9571249995497
/Users/eolande/EventMAV/FRED/65.zip,1193,35.7962250000006,35.8262250000006,propeller_1,463,254,489,265,26,11,286,131,663,9537.0,4,1,0,1,1,1,0,0.8572838109758856,1,133.0976669996744
/Users/eolande/EventMAV/FRED/65.zip,1194,35.8262250000006,35.8562250000006,propeller_1,478,248,505,259,27,11,297,132,650,9511.5,5,1,1,1,1,1,0,0.8565620684477022,1,135.46379200124647
/Users/eolande/EventMAV/FRED/65.zip,1195,35.8562250000006,35.8862250000006,propeller_1,496,242,522,253,26,11,286,116,657,9027.0,4,1,0,1,1,1,0,0.8630935807810626,1,138.50566699693445
/Users/eolande/EventMAV/FRED/65.zip,1196,35.8862250000006,35.9162250000006,propeller_1,513,236,540,247,27,11,297,117,676,9154.5,4,1,1,1,0,1,0,0.8649963655158752,1,136.23712499975227
/Users/eolande/EventMAV/FRED/65.zip,1197,35.9162250000006,35.9462250000006,propeller_1,529,230,559,242,30,12,360,126,727,10251.0,4,1,0,1,1,1,0,0.8718808720762349,1,136.55554199795006
/Users/eolande/EventMAV/FRED/65.zip,1198,35.9462250000006,35.9762250000006,propeller_1,547,223,573,235,26,12,312,96,711,9001.5,4,1,1,1,0,1,0,0.887461189084546,1,138.61049999832176
/Users/eolande/EventMAV/FRED/65.zip,1199,35.9762250000006,36.006225000000605,propeller_1,562,216,594,228,32,12,384,137,780,11526.0,5,1,1,1,1,1,0,0.9169096322036796,1,142.37512499676086
/Users/eolande/EventMAV/FRED/65.zip,1200,36.006225000000605,36.036225000000606,propeller_1,581,210,610,223,29,13,377,161,822,13999.5,5,1,1,1,1,1,0,0.8451799161239288,1,142.6184169977205
/Users/eolande/EventMAV/FRED/65.zip,1201,36.036225000000606,36.06622500000061,propeller_1,598,204,631,218,33,14,462,218,949,19278.0,4,1,1,1,0,1,0,0.9151881646206734,1,136.12662499508588
/Users/eolande/EventMAV/FRED/65.zip,1202,36.06622500000061,36.09622500000061,propeller_1,616,199,650,212,34,13,442,244,1095,23536.5,5,1,1,1,1,1,0,0.8616314274905432,1,142.47104200330796
/Users/eolande/EventMAV/FRED/65.zip,1203,36.09622500000061,36.12622500000061,propeller_1,634,191,669,208,35,17,595,305,1244,28381.5,4,1,0,1,1,1,0,0.8709613088615289,1,144.47487500001444
/Users/eolande/EventMAV/FRED/65.zip,1203,36.09622500000061,36.12622500000061,propeller_2,745,440,758,446,13,6,78,51,165,4717.5,5,1,1,1,1,1,0,0.9384278043547656,1,144.47487500001444
/Users/eolande/EventMAV/FRED/65.zip,1204,36.12622500000061,36.15622500000061,propeller_1,651,185,687,203,36,18,648,341,1477,35802.0,5,1,1,1,1,1,0,0.898143494712379,1,137.4276669957908
/Users/eolande/EventMAV/FRED/65.zip,1204,36.12622500000061,36.15622500000061,propeller_2,755,441,767,446,12,5,60,42,149,4794.0,5,1,1,1,1,1,0,0.9389445253854737,1,137.4276669957908
/Users/eolande/EventMAV/FRED/65.zip,1205,36.15622500000061,36.18622500000061,propeller_1,765,443,775,447,10,4,40,34,117,3748.5,5,1,1,1,1,1,0,0.9323915086481374,1,136.3710000005085
/Users/eolande/EventMAV/FRED/65.zip,1206,36.18622500000061,36.21622500000061,propeller_1,689,174,725,192,36,18,648,377,1608,40213.5,4,1,0,1,1,1,0,0.9044727101503554,1,140.06570800120244
/Users/eolande/EventMAV/FRED/65.zip,1206,36.18622500000061,36.21622500000061,propeller_2,774,443,787,448,13,5,65,43,170,4768.5,5,1,1,1,1,1,0,0.9081812711894245,1,140.06570800120244
/Users/eolande/EventMAV/FRED/65.zip,1207,36.21622500000061,36.246225000000614,propeller_1,707,168,744,188,37,20,740,377,1637,39397.5,4,1,0,1,1,1,0,0.9024176880706938,1,145.8872080038418
/Users/eolande/EventMAV/FRED/65.zip,1207,36.21622500000061,36.246225000000614,propeller_2,782,444,796,449,14,5,70,54,230,6757.5,4,1,0,1,1,1,0,0.9519172922930013,1,145.8872080038418
/Users/eolande/EventMAV/FRED/65.zip,1208,36.246225000000614,36.276225000000615,propeller_1,725,162,761,181,36,19,684,360,1461,36337.5,4,1,0,1,1,1,0,0.8970614013696578,1,138.18287500180304
/Users/eolande/EventMAV/FRED/65.zip,1208,36.246225000000614,36.276225000000615,propeller_2,791,444,805,450,14,6,84,52,208,6732.0,4,1,0,1,1,1,0,0.9498245413640287,1,138.18287500180304
/Users/eolande/EventMAV/FRED/65.zip,1209,36.276225000000615,36.306225000000616,propeller_1,743,158,779,177,36,19,684,357,1352,35802.0,4,1,0,1,1,1,0,0.8979303017853577,1,143.96687500266125
/Users/eolande/EventMAV/FRED/65.zip,1209,36.276225000000615,36.306225000000616,propeller_2,800,445,813,450,13,5,65,47,209,6324.0,5,1,1,1,1,1,0,0.9456199460915898,1,143.96687500266125
/Users/eolande/EventMAV/FRED/65.zip,1210,36.306225000000616,36.33622500000062,propeller_1,761,152,797,172,36,20,720,356,1362,33583.5,5,1,1,1,1,1,0,0.9003957024989737,1,139.8836250009481
/Users/eolande/EventMAV/FRED/65.zip,1210,36.306225000000616,36.33622500000062,propeller_2,809,446,823,451,14,5,70,62,206,7038.0,5,1,1,1,1,1,0,0.9439108277989027,1,139.8836250009481
/Users/eolande/EventMAV/FRED/65.zip,1211,36.33622500000062,36.36622500000062,propeller_1,779,148,813,167,34,19,646,330,1256,32155.5,5,1,1,1,1,1,0,0.9114724376309883,1,141.31387499946868
/Users/eolande/EventMAV/FRED/65.zip,1211,36.33622500000062,36.36622500000062,propeller_2,818,446,831,452,13,6,78,61,217,7624.5,5,1,1,1,1,1,0,0.9504225119398184,1,141.31387499946868
/Users/eolande/EventMAV/FRED/65.zip,1212,36.36622500000062,36.39622500000062,propeller_1,798,142,831,162,33,20,660,312,1216,30753.0,5,1,1,1,1,1,0,0.9203155741132212,1,139.47683399601374
/Users/eolande/EventMAV/FRED/65.zip,1212,36.36622500000062,36.39622500000062,propeller_2,826,447,840,453,14,6,84,65,245,8466.0,4,1,0,1,1,1,0,0.9533432083607676,1,139.47683399601374
/Users/eolande/EventMAV/FRED/65.zip,1213,36.39622500000062,36.42622500000062,propeller_1,815,139,848,157,33,18,594,297,1150,28891.5,5,1,1,1,1,1,0,0.95360959609616,1,166.75004099670332
/Users/eolande/EventMAV/FRED/65.zip,1213,36.39622500000062,36.42622500000062,propeller_2,834,448,848,454,14,6,84,66,232,8211.0,4,1,0,1,1,1,0,0.9578590424579746,1,166.75004099670332
/Users/eolande/EventMAV/FRED/65.zip,1214,36.42622500000062,36.45622500000062,propeller_1,833,135,864,153,31,18,558,288,1041,26902.5,5,1,1,1,1,1,0,0.9184380647665913,1,157.97966600075597
/Users/eolande/EventMAV/FRED/65.zip,1214,36.42622500000062,36.45622500000062,propeller_2,843,449,856,455,13,6,78,64,209,7777.5,4,1,0,1,1,1,0,0.9504008420736251,1,157.97966600075597
/Users/eolande/EventMAV/FRED/65.zip,1215,36.45622500000062,36.48622500000062,propeller_1,849,133,881,150,32,17,544,270,964,24658.5,5,1,1,1,1,1,0,0.9053344963850889,1,143.1265840001288
/Users/eolande/EventMAV/FRED/65.zip,1215,36.45622500000062,36.48622500000062,propeller_2,851,450,864,456,13,6,78,62,248,8185.5,5,1,1,1,1,1,0,0.9518763667010524,1,143.1265840001288
/Users/eolande/EventMAV/FRED/65.zip,1216,36.48622500000062,36.516225000000624,propeller_1,868,130,897,145,29,15,435,206,818,20221.5,3,1,1,0,0,1,0,0.905676869313838,1,145.96766699833097
/Users/eolande/EventMAV/FRED/65.zip,1216,36.48622500000062,36.516225000000624,propeller_2,859,450,871,456,12,6,72,55,212,7573.5,4,1,0,1,1,1,0,0.9564617882892852,1,145.96766699833097
/Users/eolande/EventMAV/FRED/65.zip,1217,36.516225000000624,36.546225000000625,propeller_1,883,127,912,142,29,15,435,205,756,19048.5,4,1,0,1,1,1,0,0.883727360062583,1,156.4612500005751
/Users/eolande/EventMAV/FRED/65.zip,1217,36.516225000000624,36.546225000000625,propeller_2,866,452,879,457,13,5,65,45,123,3952.5,4,1,0,1,1,1,0,0.8520677442797268,1,156.4612500005751
/Users/eolande/EventMAV/FRED/65.zip,1218,36.546225000000625,36.576225000000626,propeller_1,901,124,927,139,26,15,390,190,752,18156.0,4,1,0,1,1,1,0,0.9046541484186378,1,151.9595829959144
/Users/eolande/EventMAV/FRED/65.zip,1218,36.546225000000625,36.576225000000626,propeller_2,877,454,879,456,2,2,4,4,9,841.5,5,1,1,1,1,1,0,1.0,1,151.9595829959144
/Users/eolande/EventMAV/FRED/65.zip,1219,36.576225000000626,36.60622500000063,propeller_1,914,122,942,136,28,14,392,193,715,19252.5,5,1,1,1,1,1,0,0.9128847345062787,1,153.2698749942938
/Users/eolande/EventMAV/FRED/65.zip,1220,36.60622500000063,36.63622500000063,propeller_1,930,119,958,133,28,14,392,179,677,17569.5,5,1,1,1,1,1,0,0.9548880386783432,1,152.1957079967251
/Users/eolande/EventMAV/FRED/65.zip,1220,36.60622500000063,36.63622500000063,propeller_3,894,454,895,457,1,3,3,3,5,612.0,5,1,1,1,1,1,0,0.9338186795769122,1,152.1957079967251
/Users/eolande/EventMAV/FRED/65.zip,1221,36.63622500000063,36.66622500000063,propeller_1,946,117,973,131,27,14,378,174,703,16626.0,4,1,0,1,1,1,0,0.9223669860127641,1,149.6296670011361
/Users/eolande/EventMAV/FRED/65.zip,1221,36.63622500000063,36.66622500000063,propeller_2,868,36,875,55,7,19,133,76,294,5278.5,4,1,0,1,1,1,0,0.8666273633233228,1,149.6296670011361
/Users/eolande/EventMAV/FRED/65.zip,1221,36.63622500000063,36.66622500000063,propeller_3,898,455,907,459,9,4,36,23,65,2575.5,5,1,1,1,1,1,0,0.940523283413151,1,149.6296670011361
/Users/eolande/EventMAV/FRED/65.zip,1222,36.66622500000063,36.69622500000063,propeller_1,962,114,988,128,26,14,364,153,637,14866.5,5,1,1,1,1,1,0,0.952813413580365,1,146.70495800237404
/Users/eolande/EventMAV/FRED/65.zip,1222,36.66622500000063,36.69622500000063,propeller_2,866,55,874,72,8,17,136,67,247,4845.0,5,1,1,1,1,1,0,0.863811162582147,1,146.70495800237404
/Users/eolande/EventMAV/FRED/65.zip,1222,36.66622500000063,36.69622500000063,propeller_3,909,457,913,460,4,3,12,10,25,1045.5,4,1,1,0,1,1,0,0.881508874057689,1,146.70495800237404
/Users/eolande/EventMAV/FRED/65.zip,1223,36.69622500000063,36.72622500000063,propeller_1,976,113,999,127,23,14,322,113,508,10531.5,4,1,0,1,1,1,0,0.9006251844011482,1,146.68762500514276
/Users/eolande/EventMAV/FRED/65.zip,1223,36.69622500000063,36.72622500000063,propeller_2,864,72,871,88,7,16,112,59,206,4513.5,5,1,1,1,1,1,0,0.8789693154465616,1,146.68762500514276
/Users/eolande/EventMAV/FRED/65.zip,1223,36.69622500000063,36.72622500000063,propeller_4,912,457,919,460,7,3,21,18,41,1428.0,5,1,1,1,1,1,0,0.82561364963705,1,146.68762500514276
/Users/eolande/EventMAV/FRED/65.zip,1224,36.72622500000063,36.75622500000063,propeller_1,990,112,1013,125,23,13,299,115,494,10531.5,5,1,1,1,1,1,0,0.8973638844017644,1,149.5026249976945
/Users/eolande/EventMAV/FRED/65.zip,1224,36.72622500000063,36.75622500000063,propeller_2,860,88,868,104,8,16,128,44,163,3289.5,4,1,0,1,1,1,0,0.8762178789473534,1,149.5026249976945
/Users/eolande/EventMAV/FRED/65.zip,1225,36.75622500000063,36.786225000000634,propeller_1,1006,111,1032,123,26,12,312,123,535,10276.5,5,1,1,1,1,1,0,0.8977409490564296,1,170.43983400071738
/Users/eolande/EventMAV/FRED/65.zip,1225,36.75622500000063,36.786225000000634,propeller_2,857,105,864,119,7,14,98,38,127,3162.0,5,1,1,1,1,1,0,0.917235491755783,1,170.43983400071738
/Users/eolande/EventMAV/FRED/65.zip,1225,36.75622500000063,36.786225000000634,propeller_3,850,70,853,85,3,15,45,22,70,2167.5,5,1,1,1,1,1,0,0.9361887991658833,1,170.43983400071738
/Users/eolande/EventMAV/FRED/65.zip,1225,36.75622500000063,36.786225000000634,propeller_4,924,458,932,462,8,4,32,21,59,2116.5,5,1,1,1,1,1,0,0.9487270331255436,1,170.43983400071738
/Users/eolande/EventMAV/FRED/65.zip,1226,36.786225000000634,36.816225000000635,propeller_1,1020,111,1041,122,21,11,231,106,444,9409.5,4,1,1,1,0,1,0,0.9269167659479423,1,148.56504099589074
/Users/eolande/EventMAV/FRED/65.zip,1226,36.786225000000634,36.816225000000635,propeller_2,852,120,859,134,7,14,98,32,99,2754.0,5,1,1,1,1,1,0,0.9199454535083528,1,148.56504099589074
/Users/eolande/EventMAV/FRED/65.zip,1226,36.786225000000634,36.816225000000635,propeller_3,929,458,935,462,6,4,24,22,51,2218.5,3,1,1,0,0,1,0,0.9139968859379446,1,148.56504099589074
/Users/eolande/EventMAV/FRED/65.zip,1226,36.786225000000634,36.816225000000635,propeller_4,848,95,850,99,2,4,8,6,17,943.5,4,1,0,1,1,1,0,0.871471842228539,1,148.56504099589074
/Users/eolande/EventMAV/FRED/65.zip,1227,36.816225000000635,36.846225000000636,propeller_1,1033,109,1058,121,25,12,300,101,504,8823.0,4,1,0,1,1,1,0,0.8525803446548321,1,148.33758299937472
/Users/eolande/EventMAV/FRED/65.zip,1227,36.816225000000635,36.846225000000636,propeller_2,934,460,940,463,6,3,18,18,56,2397.0,5,1,0,1,1,1,1,0.9073741739363289,1,148.33758299937472
/Users/eolande/EventMAV/FRED/65.zip,1227,36.816225000000635,36.846225000000636,propeller_3,843,113,846,121,3,8,24,14,45,1377.0,5,1,1,1,1,1,0,0.8792926946220702,1,148.33758299937472
/Users/eolande/EventMAV/FRED/65.zip,1227,36.816225000000635,36.846225000000636,propeller_4,850,137,853,139,3,2,6,6,9,765.0,3,1,0,1,0,1,0,0.9338186795769123,1,148.33758299937472
/Users/eolande/EventMAV/FRED/65.zip,1228,36.846225000000636,36.87622500000064,propeller_1,1046,109,1071,121,25,12,300,80,471,6961.5,5,1,1,1,1,1,0,0.9064630434499952,1,145.50333299848717
/Users/eolande/EventMAV/FRED/65.zip,1228,36.846225000000636,36.87622500000064,propeller_2,938,460,948,464,10,4,40,32,69,2703.0,5,1,1,1,1,1,0,0.9427469061777862,1,145.50333299848717
/Users/eolande/EventMAV/FRED/65.zip,1228,36.846225000000636,36.87622500000064,propeller_3,843,151,848,159,5,8,40,17,38,1351.5,5,1,1,1,1,1,0,0.8737270119308158,1,145.50333299848717
/Users/eolande/EventMAV/FRED/65.zip,1228,36.846225000000636,36.87622500000064,propeller_4,841,126,843,129,2,3,6,6,13,1020.0,4,1,1,1,0,1,0,0.9753237499853303,1,145.50333299848717
/Users/eolande/EventMAV/FRED/65.zip,1229,36.87622500000064,36.90622500000064,propeller_1,1061,111,1080,120,19,9,171,67,383,5941.5,5,1,1,1,1,1,0,0.866742528607926,1,149.76754199597053
/Users/eolande/EventMAV/FRED/65.zip,1229,36.87622500000064,36.90622500000064,propeller_2,944,461,950,464,6,3,18,16,41,1785.0,4,1,1,0,1,1,0,0.9144148901346763,1,149.76754199597053
/Users/eolande/EventMAV/FRED/65.zip,1229,36.87622500000064,36.90622500000064,propeller_3,838,169,840,171,2,2,4,4,9,714.0,4,1,0,1,1,1,0,1.0,1,149.76754199597053
/Users/eolande/EventMAV/FRED/65.zip,1230,36.90622500000064,36.93622500000064,propeller_1,1072,111,1090,120,18,9,162,56,344,5151.0,5,1,1,1,1,1,0,0.8741351461252399,1,156.81958299683174
/Users/eolande/EventMAV/FRED/65.zip,1230,36.90622500000064,36.93622500000064,propeller_2,949,461,956,465,7,4,28,22,56,2269.5,3,1,1,0,0,1,0,0.9526756617593184,1,156.81958299683174
/Users/eolande/EventMAV/FRED/65.zip,1230,36.90622500000064,36.93622500000064,propeller_3,829,181,834,187,5,6,30,8,28,1300.5,5,1,1,1,1,1,0,0.9278323434399209,1,156.81958299683174
/Users/eolande/EventMAV/FRED/65.zip,1231,36.93622500000064,36.96622500000064,propeller_1,1083,109,1102,120,19,11,209,58,357,5559.0,4,1,1,1,0,1,0,0.9017842715820872,1,150.34166700206697
/Users/eolande/EventMAV/FRED/65.zip,1231,36.93622500000064,36.96622500000064,propeller_2,955,463,959,466,4,3,12,12,28,1326.0,5,1,1,1,1,1,0,0.9524715029272712,1,150.34166700206697
/Users/eolande/EventMAV/FRED/65.zip,1231,36.93622500000064,36.96622500000064,propeller_3,824,195,827,197,3,2,6,5,8,790.5,4,1,1,1,1,0,0,0.9218460073029296,1,150.34166700206697
/Users/eolande/EventMAV/FRED/65.zip,1232,36.96622500000064,36.99622500000064,propeller_1,1096,112,1115,120,19,8,152,59,353,5457.0,5,1,1,1,1,1,0,0.8568359673606591,1,146.40983299614163
/Users/eolande/EventMAV/FRED/65.zip,1232,36.96622500000064,36.99622500000064,propeller_2,958,464,963,467,5,3,15,13,39,943.5,5,1,1,1,1,1,0,0.9141497532514136,1,146.40983299614163
/Users/eolande/EventMAV/FRED/65.zip,1232,36.96622500000064,36.99622500000064,propeller_4,816,208,818,211,2,3,6,3,9,867.0,3,1,1,1,0,0,0,0.999971998258524,1,146.40983299614163
/Users/eolande/EventMAV/FRED/65.zip,1233,36.99622500000064,37.02622500000064,propeller_1,1108,110,1126,120,18,10,180,52,387,5074.5,4,1,1,1,0,1,0,0.8927588274215078,1,143.14095800364157
/Users/eolande/EventMAV/FRED/65.zip,1233,36.99622500000064,37.02622500000064,propeller_2,806,218,813,225,7,7,49,13,38,1224.0,5,1,1,1,1,1,0,0.9446890975317539,1,143.14095800364157
/Users/eolande/EventMAV/FRED/65.zip,1233,36.99622500000064,37.02622500000064,propeller_3,962,465,965,467,3,2,6,5,18,612.0,4,1,1,0,1,1,0,0.9218460073029298,1,143.14095800364157
/Users/eolande/EventMAV/FRED/65.zip,1234,37.02622500000064,37.056225000000644,propeller_1,1124,110,1137,120,13,10,130,58,342,5151.0,5,1,1,1,1,1,0,0.8722990365350214,1,144.51212499989197
/Users/eolande/EventMAV/FRED/65.zip,1234,37.02622500000064,37.056225000000644,propeller_2,965,465,969,468,4,3,12,12,36,1785.0,5,1,1,1,1,1,0,0.9144343501994759,1,144.51212499989197
/Users/eolande/EventMAV/FRED/65.zip,1234,37.02622500000064,37.056225000000644,propeller_3,797,226,806,237,9,11,99,18,66,1683.0,5,1,1,1,1,1,0,0.9404000395389327,1,144.51212499989197
/Users/eolande/EventMAV/FRED/65.zip,1235,37.056225000000644,37.086225000000645,propeller_1,1133,111,1149,121,16,10,160,58,370,4564.5,3,1,0,1,0,1,0,0.9447976956069382,1,144.6957080042921
/Users/eolande/EventMAV/FRED/65.zip,1235,37.056225000000644,37.086225000000645,propeller_2,965,465,973,470,8,5,40,30,104,3697.5,3,1,0,1,0,1,0,0.9132586260333089,1,144.6957080042921
/Users/eolande/EventMAV/FRED/65.zip,1235,37.056225000000644,37.086225000000645,propeller_3,789,220,796,229,7,9,63,16,39,1173.0,5,1,1,1,1,1,0,0.9314739588330356,1,144.6957080042921
/Users/eolande/EventMAV/FRED/65.zip,1236,37.086225000000645,37.11622500000065,propeller_1,1144,112,1158,122,14,10,140,54,369,4998.0,5,1,1,1,1,1,0,0.8710500363202514,1,145.18908299942268
/Users/eolande/EventMAV/FRED/65.zip,1236,37.086225000000645,37.11622500000065,propeller_2,967,466,977,470,10,4,40,34,118,4386.0,4,1,0,1,1,1,0,0.9202796044032857,1,145.18908299942268
/Users/eolande/EventMAV/FRED/65.zip,1236,37.086225000000645,37.11622500000065,propeller_3,779,231,788,241,9,10,90,19,69,1708.5,5,1,1,1,1,1,0,0.9335528169283309,1,145.18908299942268
/Users/eolande/EventMAV/FRED/65.zip,1237,37.11622500000065,37.14622500000065,propeller_1,1150,112,1167,123,17,11,187,70,405,5890.5,4,1,1,1,0,1,0,0.8907412019849379,1,148.0892909967224
/Users/eolande/EventMAV/FRED/65.zip,1237,37.11622500000065,37.14622500000065,propeller_2,972,467,980,471,8,4,32,24,72,3264.0,4,1,0,1,1,1,0,0.8783758615229897,1,148.0892909967224
/Users/eolande/EventMAV/FRED/65.zip,1237,37.11622500000065,37.14622500000065,propeller_3,771,247,780,267,9,20,180,18,57,2167.5,4,1,1,1,0,1,0,0.9034455285831706,1,148.0892909967224
/Users/eolande/EventMAV/FRED/65.zip,1238,37.14622500000065,37.17622500000065,propeller_1,1158,115,1175,125,17,10,170,68,409,6324.0,5,1,1,1,1,1,0,0.899534450647903,1,144.69195799756562
/Users/eolande/EventMAV/FRED/65.zip,1238,37.14622500000065,37.17622500000065,propeller_2,975,468,981,472,6,4,24,19,59,2422.5,4,1,0,1,1,1,0,0.9373534296924375,1,144.69195799756562
/Users/eolande/EventMAV/FRED/65.zip,1238,37.14622500000065,37.17622500000065,propeller_3,766,269,770,273,4,4,16,4,14,714.0,4,1,1,1,1,0,0,0.9348418931196187,1,144.69195799756562
/Users/eolande/EventMAV/FRED/65.zip,1238,37.14622500000065,37.17622500000065,propeller_4,767,252,771,255,4,3,12,5,8,586.5,3,1,0,1,0,1,0,0.8439112907239381,1,144.69195799756562
/Users/eolande/EventMAV/FRED/65.zip,1239,37.17622500000065,37.20622500000065,propeller_1,1166,117,1182,126,16,9,144,78,365,6757.5,4,1,1,1,0,1,0,0.8833053045516648,1,144.30316699872492
/Users/eolande/EventMAV/FRED/65.zip,1239,37.17622500000065,37.20622500000065,propeller_2,975,469,983,473,8,4,32,23,71,3238.5,5,1,1,1,1,1,0,0.9074178492612663,1,144.30316699872492
/Users/eolande/EventMAV/FRED/65.zip,1239,37.17622500000065,37.20622500000065,propeller_3,755,281,757,283,2,2,4,3,7,433.5,3,1,0,1,1,0,0,0.9999977999153409,1,144.30316699872492
/Users/eolande/EventMAV/FRED/65.zip,1240,37.20622500000065,37.23622500000065,propeller_1,1177,118,1191,128,14,10,140,67,357,5329.5,5,1,1,1,1,1,0,0.8545110732531641,1,143.28504200238967
/Users/eolande/EventMAV/FRED/65.zip,1240,37.20622500000065,37.23622500000065,propeller_2,978,470,986,475,8,5,40,27,84,3442.5,4,1,0,0,1,1,1,0.9351835200093807,1,143.28504200238967
/Users/eolande/EventMAV/FRED/65.zip,1241,37.23622500000065,37.26622500000065,propeller_1,1183,119,1198,130,15,11,165,86,405,7803.0,5,1,1,1,1,1,0,0.9026960576047098,1,151.91212499485118
/Users/eolande/EventMAV/FRED/65.zip,1241,37.23622500000065,37.26622500000065,propeller_2,979,471,987,476,8,5,40,31,84,3672.0,4,1,0,1,1,1,0,0.963556040638218,1,151.91212499485118
/Users/eolande/EventMAV/FRED/65.zip,1242,37.26622500000065,37.29622500000065,propeller_1,1191,120,1206,132,15,12,180,85,429,7191.0,4,1,1,1,0,1,0,0.8749909067902948,1,157.22870800527744
/Users/eolande/EventMAV/FRED/65.zip,1242,37.26622500000065,37.29622500000065,propeller_2,980,472,988,477,8,5,40,28,57,2601.0,5,1,1,1,1,1,0,0.8800393981083517,1,157.22870800527744
/Users/eolande/EventMAV/FRED/65.zip,1243,37.29622500000065,37.326225000000655,propeller_1,1197,121,1213,134,16,13,208,92,429,7548.0,4,1,1,1,0,1,0,0.8986449300095196,1,208.6524170008488
/Users/eolande/EventMAV/FRED/65.zip,1243,37.29622500000065,37.326225000000655,propeller_2,984,474,989,478,5,4,20,18,47,2652.0,5,1,1,1,1,1,0,0.9424029085090811,1,208.6524170008488
/Users/eolande/EventMAV/FRED/65.zip,1244,37.326225000000655,37.356225000000656,propeller_1,1205,126,1219,137,14,11,154,84,411,7599.0,5,1,1,1,1,1,0,0.9193609431843561,1,158.8956670020707
/Users/eolande/EventMAV/FRED/65.zip,1244,37.326225000000655,37.356225000000656,propeller_2,987,475,990,478,3,3,9,9,20,1581.0,3,1,0,0,1,1,0,0.8603073244339166,1,158.8956670020707
/Users/eolande/EventMAV/FRED/65.zip,1245,37.356225000000656,37.38622500000066,propeller_1,1211,129,1225,140,14,11,154,84,442,8440.5,4,1,1,1,0,1,0,0.9210016341453051,1,166.80791700491682
/Users/eolande/EventMAV/FRED/65.zip,1245,37.356225000000656,37.38622500000066,propeller_2,983,477,990,481,7,4,28,22,100,4080.0,3,1,0,0,1,1,0,0.9025336209288298,1,166.80791700491682
/Users/eolande/EventMAV/FRED/65.zip,1246,37.38622500000066,37.41622500000066,propeller_1,1217,131,1232,142,15,11,165,95,478,8772.0,4,1,1,1,0,1,0,0.9439610107936399,1,156.73962500295602
/Users/eolande/EventMAV/FRED/65.zip,1246,37.38622500000066,37.41622500000066,propeller_2,983,478,991,482,8,4,32,23,69,3366.0,5,1,1,0,1,1,1,0.9314261834712163,1,156.73962500295602
/Users/eolande/EventMAV/FRED/65.zip,1247,37.41622500000066,37.44622500000066,propeller_1,1222,133,1238,146,16,13,208,94,537,9843.0,4,1,1,1,0,1,0,0.9544619307113937,1,159.79491699545179
/Users/eolande/EventMAV/FRED/65.zip,1247,37.41622500000066,37.44622500000066,propeller_2,984,478,992,483,8,5,40,32,90,4105.5,3,1,1,0,0,1,0,0.9422986874670136,1,159.79491699545179
/Users/eolande/EventMAV/FRED/65.zip,1248,37.44622500000066,37.47622500000066,propeller_1,1226,139,1242,149,16,10,160,89,487,9307.5,4,1,1,0,1,1,0,0.9480800305376678,1,165.5017079974641
/Users/eolande/EventMAV/FRED/65.zip,1248,37.44622500000066,37.47622500000066,propeller_2,984,480,992,485,8,5,40,29,97,4258.5,4,1,1,1,0,1,0,0.9341030576198357,1,165.5017079974641
/Users/eolande/EventMAV/FRED/65.zip,1249,37.47622500000066,37.50622500000066,propeller_1,1233,138,1250,152,17,14,238,89,539,10276.5,4,1,1,0,1,1,0,0.9104526626304963,1,152.6287910019164
/Users/eolande/EventMAV/FRED/65.zip,1249,37.47622500000066,37.50622500000066,propeller_2,983,482,991,486,8,4,32,26,89,4003.5,5,1,1,1,0,1,1,0.9408243103483692,1,152.6287910019164
/Users/eolande/EventMAV/FRED/65.zip,1250,37.50622500000066,37.53622500000066,propeller_1,1237,147,1253,156,16,9,144,85,493,9919.5,5,1,1,1,1,1,0,0.9581066773745357,1,158.07712500100024
/Users/eolande/EventMAV/FRED/65.zip,1250,37.50622500000066,37.53622500000066,propeller_2,983,482,991,487,8,5,40,32,94,4003.5,5,1,1,1,1,1,0,0.9664624770787634,1,158.07712500100024
/Users/eolande/EventMAV/FRED/65.zip,1251,37.53622500000066,37.566225000000664,propeller_1,1240,150,1256,161,16,11,176,98,540,10710.0,4,1,1,0,1,1,0,0.9669745990865193,1,154.8962910019327
/Users/eolande/EventMAV/FRED/65.zip,1251,37.53622500000066,37.566225000000664,propeller_2,985,483,990,488,5,5,25,22,67,2881.5,3,1,0,0,1,1,0,0.9420805282654213,1,154.8962910019327
/Users/eolande/EventMAV/FRED/65.zip,1252,37.566225000000664,37.596225000000665,propeller_1,1246,155,1260,166,14,11,154,91,507,11220.0,5,1,1,1,1,1,0,0.9626146545486511,1,151.9233750004787
/Users/eolande/EventMAV/FRED/65.zip,1253,37.596225000000665,37.626225000000666,propeller_1,1249,156,1268,170,19,14,266,107,548,12928.5,5,1,1,1,1,1,0,0.942909420015182,1,149.37374999863096
/Users/eolande/EventMAV/FRED/65.zip,1254,37.626225000000666,37.65622500000067,propeller_1,1251,162,1268,174,17,12,204,114,536,14076.0,5,1,1,1,1,1,0,0.9531809200144274,1,150.0129579944769
/Users/eolande/EventMAV/FRED/65.zip,1255,37.65622500000067,37.68622500000067,propeller_1,1253,167,1268,178,15,11,165,104,531,13846.5,5,1,1,1,1,1,0,0.9381944809762987,1,157.12720800365787
/Users/eolande/EventMAV/FRED/65.zip,1256,37.68622500000067,37.71622500000067,propeller_1,1255,171,1271,182,16,11,176,110,553,15121.5,5,1,1,1,1,1,0,0.9345983199892242,1,146.0317919991212
/Users/eolande/EventMAV/FRED/65.zip,1257,37.71622500000067,37.74622500000067,propeller_1,1256,175,1273,185,17,10,170,106,561,15070.5,5,1,1,1,1,1,0,0.9287173069379784,1,149.24749999772757
/Users/eolande/EventMAV/FRED/65.zip,1258,37.74622500000067,37.77622500000067,propeller_1,1259,178,1278,187,19,9,171,99,459,13821.0,4,1,1,1,0,1,0,0.9491230459718769,1,143.87250000436325
/Users/eolande/EventMAV/FRED/65.zip,1259,37.77622500000067,37.80622500000067,propeller_1,1259,182,1278,190,19,8,152,105,432,12826.5,5,1,1,1,1,1,0,0.9031060778754976,1,143.79749999352498
/Users/eolande/EventMAV/FRED/65.zip,1260,37.80622500000067,37.836225000000674,propeller_1,1259,184,1278,193,19,9,171,101,430,13005.0,5,1,1,1,1,1,0,0.8850054467696302,1,142.0401249997667
/Users/eolande/EventMAV/FRED/65.zip,1260,37.80622500000067,37.836225000000674,propeller_2,969,495,977,500,8,5,40,29,107,4539.0,3,1,0,0,1,1,0,0.9453399800928065,1,142.0401249997667
/Users/eolande/EventMAV/FRED/65.zip,1261,37.836225000000674,37.866225000000675,propeller_1,1260,188,1278,196,18,8,144,93,392,12571.5,5,1,1,1,1,1,0,0.9023998856050679,1,144.0855830005603
/Users/eolande/EventMAV/FRED/65.zip,1261,37.836225000000674,37.866225000000675,propeller_2,967,496,975,501,8,5,40,31,107,4947.0,3,1,0,0,1,1,0,0.9233898351900921,1,144.0855830005603
/Users/eolande/EventMAV/FRED/65.zip,1262,37.866225000000675,37.896225000000676,propeller_1,1258,191,1273,199,15,8,120,72,358,10455.0,5,1,1,1,1,1,0,0.9064148800190959,1,153.58354199997848
/Users/eolande/EventMAV/FRED/65.zip,1262,37.866225000000675,37.896225000000676,propeller_2,964,497,973,503,9,6,54,36,147,5610.0,4,1,1,0,0,1,1,0.9403959630891146,1,153.58354199997848
/Users/eolande/EventMAV/FRED/65.zip,1263,37.896225000000676,37.92622500000068,propeller_1,1258,194,1273,202,15,8,120,70,350,10353.0,5,1,1,1,1,1,0,0.9281513392588145,1,143.19179199810605
/Users/eolande/EventMAV/FRED/65.zip,1263,37.896225000000676,37.92622500000068,propeller_2,961,498,971,503,10,5,50,34,68,3162.0,4,1,1,0,1,1,0,0.9063538786433819,1,143.19179199810605
/Users/eolande/EventMAV/FRED/65.zip,1264,37.92622500000068,37.95622500000068,propeller_1,1257,196,1272,203,15,7,105,64,330,10965.0,5,1,1,1,1,1,0,0.8983676244909947,1,150.19329200003995
/Users/eolande/EventMAV/FRED/65.zip,1264,37.92622500000068,37.95622500000068,propeller_2,960,499,967,504,7,5,35,26,94,3901.5,5,1,1,1,1,1,0,0.9077121904940089,1,150.19329200003995
/Users/eolande/EventMAV/FRED/65.zip,1265,37.95622500000068,37.98622500000068,propeller_1,1255,197,1270,205,15,8,120,67,318,10863.0,5,1,1,1,1,1,0,0.9066950223817638,1,154.2540000009467
/Users/eolande/EventMAV/FRED/65.zip,1265,37.95622500000068,37.98622500000068,propeller_2,955,500,964,505,9,5,45,32,83,3927.0,4,1,1,1,0,1,0,0.9149766999627236,1,154.2540000009467
/Users/eolande/EventMAV/FRED/65.zip,1266,37.98622500000068,38.01622500000068,propeller_1,1255,198,1269,205,14,7,98,58,351,10378.5,5,1,1,1,1,1,0,0.9181118934247454,1,194.9523750008666
/Users/eolande/EventMAV/FRED/65.zip,1266,37.98622500000068,38.01622500000068,propeller_2,952,501,959,506,7,5,35,27,117,4284.0,5,1,0,1,1,1,1,0.9503718596412865,1,194.9523750008666
/Users/eolande/EventMAV/FRED/65.zip,1267,38.01622500000068,38.04622500000068,propeller_1,1255,199,1267,205,12,6,72,54,304,10072.5,5,1,1,1,1,1,0,0.9279047248493391,1,149.67633300693706
/Users/eolande/EventMAV/FRED/65.zip,1267,38.01622500000068,38.04622500000068,propeller_2,952,501,959,506,7,5,35,28,78,3289.5,4,1,0,1,0,1,1,0.9569262655399584,1,149.67633300693706
/Users/eolande/EventMAV/FRED/65.zip,1268,38.04622500000068,38.07622500000068,propeller_1,1252,195,1269,206,17,11,187,57,308,9205.5,5,1,1,1,1,1,0,0.8992205027337494,1,165.36995799833676
/Users/eolande/EventMAV/FRED/65.zip,1268,38.04622500000068,38.07622500000068,propeller_2,944,501,954,506,10,5,50,31,95,4284.0,3,1,0,0,1,1,0,0.9010198304261324,1,165.36995799833676
/Users/eolande/EventMAV/FRED/65.zip,1269,38.07622500000068,38.106225000000684,propeller_1,1248,200,1261,206,13,6,78,55,306,9460.5,5,1,1,1,1,1,0,0.9474498307532393,1,165.66474999854108
/Users/eolande/EventMAV/FRED/65.zip,1269,38.07622500000068,38.106225000000684,propeller_2,941,502,949,506,8,4,32,28,88,3493.5,5,1,1,0,1,1,1,0.9037532907150115,1,165.66474999854108
/Users/eolande/EventMAV/FRED/65.zip,1270,38.106225000000684,38.136225000000685,propeller_1,1242,201,1257,208,15,7,105,59,309,9435.0,5,1,1,1,1,1,0,0.9465887280581757,1,179.80337500193855
/Users/eolande/EventMAV/FRED/65.zip,1271,38.136225000000685,38.166225000000686,propeller_1,1238,196,1257,208,19,12,228,72,389,10531.5,5,1,1,1,1,1,0,0.9434342608728449,1,168.20225000265054
/Users/eolande/EventMAV/FRED/65.zip,1271,38.136225000000685,38.166225000000686,propeller_2,933,502,943,507,10,5,50,35,78,3468.0,5,1,1,1,1,1,0,0.968620578912677,1,168.20225000265054
/Users/eolande/EventMAV/FRED/65.zip,1272,38.166225000000686,38.19622500000069,propeller_1,1235,199,1249,207,14,8,112,70,381,10914.0,5,1,1,1,1,1,0,0.9578740527176361,1,157.22174999973504
/Users/eolande/EventMAV/FRED/65.zip,1272,38.166225000000686,38.19622500000069,propeller_2,929,502,938,507,9,5,45,31,77,3672.0,5,1,1,0,1,1,1,0.9547707200948351,1,157.22174999973504
/Users/eolande/EventMAV/FRED/65.zip,1273,38.19622500000069,38.22622500000069,propeller_1,1228,201,1244,208,16,7,112,69,379,10225.5,5,1,1,1,1,1,0,0.9462079287780063,1,159.96112499851733
/Users/eolande/EventMAV/FRED/65.zip,1273,38.19622500000069,38.22622500000069,propeller_2,923,502,934,506,11,4,44,35,90,3493.5,5,1,1,1,1,1,0,0.9239250809408788,1,159.96112499851733
/Users/eolande/EventMAV/FRED/65.zip,1274,38.22622500000069,38.25622500000069,propeller_1,1227,200,1240,207,13,7,91,55,322,7981.5,5,1,1,1,1,1,0,0.9580476381371639,1,148.15845800330862
/Users/eolande/EventMAV/FRED/65.zip,1274,38.22622500000069,38.25622500000069,propeller_2,922,503,927,506,5,3,15,15,36,1836.0,5,1,1,1,1,1,0,0.9236055856806379,1,148.15845800330862
/Users/eolande/EventMAV/FRED/65.zip,1275,38.25622500000069,38.28622500000069,propeller_1,1218,197,1236,207,18,10,180,59,342,7905.0,5,1,1,1,1,1,0,0.9417008119126535,1,151.09237499564188
/Users/eolande/EventMAV/FRED/65.zip,1275,38.25622500000069,38.28622500000069,propeller_2,915,503,923,506,8,3,24,9,45,994.5,3,1,1,0,0,1,0,0.9738108304308648,1,151.09237499564188
/Users/eolande/EventMAV/FRED/65.zip,1276,38.28622500000069,38.31622500000069,propeller_1,1214,197,1231,207,17,10,170,69,339,8389.5,4,1,0,1,1,1,0,0.9342906041495301,1,146.01916600076947
/Users/eolande/EventMAV/FRED/65.zip,1276,38.28622500000069,38.31622500000069,propeller_2,911,501,918,506,7,5,35,25,58,2371.5,5,1,1,1,1,1,0,0.9485138311229677,1,146.01916600076947
/Users/eolande/EventMAV/FRED/65.zip,1277,38.31622500000069,38.34622500000069,propeller_1,1208,197,1227,206,19,9,171,84,372,9664.5,5,1,1,1,1,1,0,0.9230313479444481,1,165.67883399693528
/Users/eolande/EventMAV/FRED/65.zip,1277,38.31622500000069,38.34622500000069,propeller_2,905,501,913,505,8,4,32,26,61,2550.0,4,1,0,1,1,1,0,0.9085767005156176,1,165.67883399693528
/Users/eolande/EventMAV/FRED/65.zip,1278,38.34622500000069,38.376225000000694,propeller_1,1199,197,1219,206,20,9,180,86,377,10761.0,5,1,1,1,1,1,0,0.9216832531536331,1,139.088208998146
/Users/eolande/EventMAV/FRED/65.zip,1278,38.34622500000069,38.376225000000694,propeller_2,898,501,907,504,9,3,27,25,56,2014.5,3,1,1,0,0,1,0,0.9027066139514809,1,139.088208998146
/Users/eolande/EventMAV/FRED/65.zip,1279,38.376225000000694,38.406225000000696,propeller_1,1193,197,1213,206,20,9,180,94,412,11169.0,5,1,1,1,1,1,0,0.9224833801725064,1,142.5082910063793
/Users/eolande/EventMAV/FRED/65.zip,1279,38.376225000000694,38.406225000000696,propeller_2,893,499,902,504,9,5,45,34,76,3213.0,4,1,0,1,1,1,0,0.9436855954411885,1,142.5082910063793
/Users/eolande/EventMAV/FRED/65.zip,1280,38.406225000000696,38.4362250000007,propeller_1,1185,197,1205,204,20,7,140,80,367,11041.5,5,1,1,1,1,1,0,0.9173419750326315,1,139.58770799945341
/Users/eolande/EventMAV/FRED/65.zip,1280,38.406225000000696,38.4362250000007,propeller_2,888,498,897,503,9,5,45,30,95,4335.0,5,1,1,1,1,1,0,0.9351051567127643,1,139.58770799945341
/Users/eolande/EventMAV/FRED/65.zip,1281,38.4362250000007,38.4662250000007,propeller_1,1178,196,1199,204,21,8,168,98,429,12316.5,5,1,1,1,1,1,0,0.9018478398688847,1,138.40708299539983
/Users/eolande/EventMAV/FRED/65.zip,1281,38.4362250000007,38.4662250000007,propeller_2,883,498,891,502,8,4,32,24,68,2805.0,5,1,1,1,1,1,0,0.9282397952907833,1,138.40708299539983
/Users/eolande/EventMAV/FRED/65.zip,1282,38.4662250000007,38.4962250000007,propeller_1,1168,196,1192,204,24,8,192,106,429,12393.0,5,1,1,1,1,1,0,0.928223717033789,1,140.4410420000204
/Users/eolande/EventMAV/FRED/65.zip,1282,38.4662250000007,38.4962250000007,propeller_2,876,497,885,502,9,5,45,34,86,2932.5,4,1,1,0,1,1,0,0.9305033125274851,1,140.4410420000204
/Users/eolande/EventMAV/FRED/65.zip,1283,38.4962250000007,38.5262250000007,propeller_1,1164,196,1186,204,22,8,176,112,454,12571.5,4,1,1,0,1,1,0,0.9119721910304099,1,142.5617909990251
/Users/eolande/EventMAV/FRED/65.zip,1283,38.4962250000007,38.5262250000007,propeller_2,869,496,880,501,11,5,55,46,146,5431.5,6,1,1,1,1,1,1,0.953126455923619,1,142.5617909990251
/Users/eolande/EventMAV/FRED/65.zip,1284,38.5262250000007,38.5562250000007,propeller_1,1155,195,1176,204,21,9,189,108,485,12316.5,5,1,1,1,1,1,0,0.909545989527208,1,140.6749169982504
/Users/eolande/EventMAV/FRED/65.zip,1284,38.5262250000007,38.5562250000007,propeller_2,863,495,876,501,13,6,78,55,250,7063.5,3,1,0,1,0,1,0,0.9564708702669517,1,140.6749169982504
/Users/eolande/EventMAV/FRED/65.zip,1285,38.5562250000007,38.5862250000007,propeller_1,1147,195,1168,204,21,9,189,103,461,11577.0,4,1,0,1,1,1,0,0.9406967736836847,1,146.2519999986398
/Users/eolande/EventMAV/FRED/65.zip,1285,38.5562250000007,38.5862250000007,propeller_2,857,495,869,500,12,5,60,52,230,6859.5,5,1,1,1,1,1,0,0.9622156117888166,1,146.2519999986398
/Users/eolande/EventMAV/FRED/65.zip,1286,38.5862250000007,38.6162250000007,propeller_1,1139,194,1161,203,22,9,198,92,463,11169.0,4,1,0,1,1,1,0,0.9368684395230353,1,141.88724999985425
/Users/eolande/EventMAV/FRED/65.zip,1286,38.5862250000007,38.6162250000007,propeller_2,851,494,863,500,12,6,72,51,255,6936.0,4,1,0,1,1,1,0,0.9609418119718105,1,141.88724999985425
/Users/eolande/EventMAV/FRED/65.zip,1287,38.6162250000007,38.646225000000705,propeller_1,1129,193,1151,203,22,10,220,102,475,11041.5,5,1,1,1,1,1,0,0.8976349294091464,1,139.47654199728277
/Users/eolande/EventMAV/FRED/65.zip,1287,38.6162250000007,38.646225000000705,propeller_2,845,494,856,499,11,5,55,48,191,6834.0,5,1,1,1,1,1,0,0.9589096937184411,1,139.47654199728277
/Users/eolande/EventMAV/FRED/65.zip,1288,38.646225000000705,38.676225000000706,propeller_1,1120,196,1136,203,16,7,112,75,434,9613.5,4,1,0,1,1,1,0,0.9597332917652246,1,146.29224999953294
/Users/eolande/EventMAV/FRED/65.zip,1288,38.646225000000705,38.676225000000706,propeller_2,838,494,850,499,12,5,60,45,168,5584.5,5,1,1,1,1,1,0,0.938106611698722,1,146.29224999953294
/Users/eolande/EventMAV/FRED/65.zip,1289,38.676225000000706,38.70622500000071,propeller_1,1110,192,1135,202,25,10,250,94,513,10659.0,4,1,1,0,1,1,0,0.915547897527885,1,151.63200000097277
/Users/eolande/EventMAV/FRED/65.zip,1289,38.676225000000706,38.70622500000071,propeller_2,831,494,842,499,11,5,55,44,175,4972.5,4,1,0,1,1,1,0,0.961332869251019,1,151.63200000097277
/Users/eolande/EventMAV/FRED/65.zip,1290,38.70622500000071,38.73622500000071,propeller_1,1101,195,1119,202,18,7,126,81,479,9562.5,5,1,1,1,1,1,0,0.9563072845189777,1,139.49404100276297
/Users/eolande/EventMAV/FRED/65.zip,1290,38.70622500000071,38.73622500000071,propeller_2,824,493,836,499,12,6,72,51,219,6069.0,5,1,1,1,1,1,0,0.9724048447266208,1,139.49404100276297
/Users/eolande/EventMAV/FRED/65.zip,1291,38.73622500000071,38.76622500000071,propeller_1,1092,191,1115,201,23,10,230,88,492,9129.0,5,1,1,1,1,1,0,0.9417713356822451,1,142.15504199819406
/Users/eolande/EventMAV/FRED/65.zip,1291,38.73622500000071,38.76622500000071,propeller_2,818,493,830,498,12,5,60,43,148,4896.0,3,1,0,1,0,1,0,0.933772894193678,1,142.15504199819406
/Users/eolande/EventMAV/FRED/65.zip,1292,38.76622500000071,38.79622500000071,propeller_1,1082,193,1099,200,17,7,119,75,469,8797.5,5,1,1,1,1,1,0,0.947023630465677,1,143.73100000375416
/Users/eolande/EventMAV/FRED/65.zip,1292,38.76622500000071,38.79622500000071,propeller_2,811,493,823,498,12,5,60,43,160,5202.0,5,1,1,1,1,1,0,0.9383085952237018,1,143.73100000375416
/Users/eolande/EventMAV/FRED/65.zip,1293,38.79622500000071,38.82622500000071,propeller_1,1071,192,1091,200,20,8,160,92,502,9333.0,3,1,0,1,0,1,0,0.9350235962583255,1,137.17608399747405
/Users/eolande/EventMAV/FRED/65.zip,1293,38.79622500000071,38.82622500000071,propeller_2,805,494,815,498,10,4,40,31,144,4411.5,3,1,0,0,1,1,0,0.9463265467681455,1,137.17608399747405
/Users/eolande/EventMAV/FRED/65.zip,1294,38.82622500000071,38.85622500000071,propeller_1,1061,190,1082,200,21,10,210,110,518,10914.0,3,1,0,1,0,1,0,0.8971242750997961,1,140.4100829968229
/Users/eolande/EventMAV/FRED/65.zip,1294,38.82622500000071,38.85622500000071,propeller_2,799,494,810,498,11,4,44,34,121,3850.5,4,1,1,1,0,1,0,0.9110441210244732,1,140.4100829968229
/Users/eolande/EventMAV/FRED/65.zip,1295,38.85622500000071,38.886225000000714,propeller_1,1048,191,1071,201,23,10,230,107,540,9741.0,5,1,1,1,1,1,0,0.9256035168781338,1,153.70829199673608
/Users/eolande/EventMAV/FRED/65.zip,1295,38.85622500000071,38.886225000000714,propeller_2,791,493,801,499,10,6,60,38,185,5329.5,4,1,0,1,1,1,0,0.9682063692672552,1,153.70829199673608
/Users/eolande/EventMAV/FRED/65.zip,1296,38.886225000000714,38.916225000000715,propeller_1,1036,190,1058,200,22,10,220,124,536,10557.0,5,1,1,1,1,1,0,0.9277075645343664,1,142.85766599641647
/Users/eolande/EventMAV/FRED/65.zip,1296,38.886225000000714,38.916225000000715,propeller_2,784,493,795,499,11,6,66,43,201,5865.0,4,1,0,1,1,1,0,0.9569198419171021,1,142.85766599641647
/Users/eolande/EventMAV/FRED/65.zip,1297,38.916225000000715,38.946225000000716,propeller_1,1025,190,1046,200,21,10,210,107,512,9358.5,5,1,1,1,1,1,0,0.9301289608472217,1,135.20262499514502
/Users/eolande/EventMAV/FRED/65.zip,1297,38.916225000000715,38.946225000000716,propeller_2,778,494,788,499,10,5,50,41,154,5074.5,5,1,1,1,1,1,0,0.9551195488641064,1,135.20262499514502
/Users/eolande/EventMAV/FRED/65.zip,1298,38.946225000000716,38.97622500000072,propeller_1,1013,189,1035,199,22,10,220,101,488,9052.5,5,1,1,1,1,1,0,0.8961758795786168,1,139.76462500431808
/Users/eolande/EventMAV/FRED/65.zip,1298,38.946225000000716,38.97622500000072,propeller_2,768,494,780,499,12,5,60,42,85,3799.5,6,1,1,1,1,1,1,0.9390953058598679,1,139.76462500431808
/Users/eolande/EventMAV/FRED/65.zip,1299,38.97622500000072,39.00622500000072,propeller_1,1001,190,1022,199,21,9,189,98,470,8160.0,4,1,0,1,1,1,0,0.8868946289638655,1,142.09525000478607
/Users/eolande/EventMAV/FRED/65.zip,1299,38.97622500000072,39.00622500000072,propeller_2,761,495,770,499,9,4,36,21,58,2244.0,6,1,1,1,1,1,1,0.8673224044693686,1,142.09525000478607
/Users/eolande/EventMAV/FRED/65.zip,1300,39.00622500000072,39.03622500000072,propeller_1,989,188,1011,199,22,11,242,91,479,8287.5,5,1,1,1,1,1,0,0.90778230764443,1,139.94795799953863
/Users/eolande/EventMAV/FRED/65.zip,1300,39.00622500000072,39.03622500000072,propeller_2,759,496,763,499,4,3,12,12,22,1173.0,5,1,1,1,1,1,0,0.8932015474131481,1,139.94795799953863
/Users/eolande/EventMAV/FRED/65.zip,1301,39.03622500000072,39.06622500000072,propeller_1,974,188,999,199,25,11,275,117,530,9588.0,5,1,1,1,1,1,0,0.9098480791823349,1,146.11983399663586
/Users/eolande/EventMAV/FRED/65.zip,1301,39.03622500000072,39.06622500000072,propeller_2,752,496,755,499,3,3,9,8,21,586.5,4,1,1,1,0,1,0,0.8703611710066331,1,146.11983399663586
/Users/eolande/EventMAV/FRED/65.zip,1302,39.06622500000072,39.09622500000072,propeller_1,962,188,984,199,22,11,242,103,481,9231.0,5,1,1,1,1,1,0,0.8772977050892226,1,150.72220800357172
/Users/eolande/EventMAV/FRED/65.zip,1302,39.06622500000072,39.09622500000072,propeller_2,738,496,748,499,10,3,30,28,70,2805.0,5,1,1,1,1,1,0,0.9009178653945284,1,150.72220800357172
/Users/eolande/EventMAV/FRED/65.zip,1303,39.09622500000072,39.12622500000072,propeller_1,949,189,973,200,24,11,264,115,511,8925.0,5,1,1,1,1,1,0,0.8764454266164599,1,149.30962499784073
/Users/eolande/EventMAV/FRED/65.zip,1303,39.09622500000072,39.12622500000072,propeller_2,732,496,739,499,7,3,21,18,49,1530.0,5,1,1,1,1,1,0,0.8938259622839946,1,149.30962499784073
/Users/eolande/EventMAV/FRED/65.zip,1304,39.12622500000072,39.156225000000724,propeller_1,937,190,960,200,23,10,230,96,475,8313.0,5,1,1,1,1,1,0,0.917634118065861,1,141.44845800183248
/Users/eolande/EventMAV/FRED/65.zip,1304,39.12622500000072,39.156225000000724,propeller_2,728,496,731,499,3,3,9,9,27,1249.5,3,1,0,0,1,1,0,0.8889862005398793,1,141.44845800183248
/Users/eolande/EventMAV/FRED/65.zip,1305,39.156225000000724,39.186225000000725,propeller_1,924,190,947,202,23,12,276,103,514,8746.5,5,1,1,1,1,1,0,0.8854640044888603,1,139.44412500131875
/Users/eolande/EventMAV/FRED/65.zip,1306,39.186225000000725,39.216225000000726,propeller_1,908,191,933,204,25,13,325,113,529,9027.0,5,1,1,1,1,1,0,0.9033029474423057,1,134.02058299834607
/Users/eolande/EventMAV/FRED/65.zip,1306,39.186225000000725,39.216225000000726,propeller_2,714,496,716,499,2,3,6,6,9,459.0,3,1,1,1,0,0,0,0.9338186795769123,1,134.02058299834607
/Users/eolande/EventMAV/FRED/65.zip,1307,39.216225000000726,39.24622500000073,propeller_1,895,193,919,205,24,12,288,124,568,10047.0,4,1,1,1,0,1,0,0.8722290410214498,1,134.75254199875053
/Users/eolande/EventMAV/FRED/65.zip,1307,39.216225000000726,39.24622500000073,propeller_2,701,496,704,499,3,3,9,8,12,867.0,5,1,1,1,1,1,0,0.8703611710066332,1,134.75254199875053
/Users/eolande/EventMAV/FRED/65.zip,1308,39.24622500000073,39.27622500000073,propeller_1,882,194,905,207,23,13,299,106,551,9333.0,4,1,0,1,1,1,0,0.8982453203079558,1,147.0445840022876
/Users/eolande/EventMAV/FRED/65.zip,1308,39.24622500000073,39.27622500000073,propeller_2,693,495,699,499,6,4,24,21,41,1759.5,3,1,0,1,0,1,0,0.9276299525498346,1,147.0445840022876
/Users/eolande/EventMAV/FRED/65.zip,1309,39.27622500000073,39.30622500000073,propeller_1,868,197,890,209,22,12,264,103,514,9384.0,5,1,1,1,1,1,0,0.939384682313746,1,139.0586660054396
/Users/eolande/EventMAV/FRED/65.zip,1310,39.30622500000073,39.33622500000073,propeller_1,852,198,877,212,25,14,350,105,556,9231.0,4,1,1,1,0,1,0,0.8724879628121769,1,136.82395800424274
/Users/eolande/EventMAV/FRED/65.zip,1311,39.33622500000073,39.36622500000073,propeller_1,837,202,861,215,24,13,312,115,581,9588.0,5,1,1,1,1,1,0,0.9004671023455711,1,141.89466700190678
/Users/eolande/EventMAV/FRED/65.zip,1312,39.36622500000073,39.39622500000073,propeller_1,822,204,846,218,24,14,336,115,569,9996.0,5,1,1,1,1,1,0,0.8894183421192989,1,141.56904199626297
/Users/eolande/EventMAV/FRED/65.zip,1313,39.39622500000073,39.426225000000734,propeller_1,808,206,833,221,25,15,375,112,564,9792.0,5,1,1,1,1,1,0,0.9443682743588617,1,135.11620899953414
/Users/eolande/EventMAV/FRED/65.zip,1314,39.426225000000734,39.456225000000735,propeller_1,792,209,816,224,24,15,360,110,583,9333.0,5,1,1,1,1,1,0,0.8756342174089906,1,142.26870800484903
/Users/eolande/EventMAV/FRED/65.zip,1315,39.456225000000735,39.486225000000736,propeller_1,777,213,801,227,24,14,336,109,542,8874.0,5,1,1,1,1,1,0,0.8762872621109897,1,142.05116700031795
/Users/eolande/EventMAV/FRED/65.zip,1316,39.486225000000736,39.51622500000074,propeller_1,763,216,787,231,24,15,360,111,548,9231.0,4,1,1,1,0,1,0,0.8732474819512448,1,138.15858300222317
/Users/eolande/EventMAV/FRED/65.zip,1317,39.51622500000074,39.54622500000074,propeller_1,744,221,770,236,26,15,390,101,589,8950.5,5,1,1,1,1,1,0,0.8728365030060704,1,143.0709999985993
/Users/eolande/EventMAV/FRED/65.zip,1318,39.54622500000074,39.57622500000074,propeller_1,730,225,752,240,22,15,330,98,538,8211.0,4,1,0,1,1,1,0,0.8833136890134556,1,139.21658400067827
/Users/eolande/EventMAV/FRED/65.zip,1319,39.57622500000074,39.60622500000074,propeller_1,712,229,737,245,25,16,400,106,555,8287.5,4,1,0,1,1,1,0,0.8825456764671851,1,136.92379200074356
/Users/eolande/EventMAV/FRED/65.zip,1320,39.60622500000074,39.63622500000074,propeller_1,695,235,720,250,25,15,375,108,566,9205.5,4,1,0,1,1,1,0,0.8676279358475765,1,139.1987919996609
/Users/eolande/EventMAV/FRED/65.zip,1321,39.63622500000074,39.66622500000074,propeller_1,676,239,702,256,26,17,442,118,574,9843.0,5,1,1,1,1,1,0,0.8854431140394206,1,139.81170899933204
/Users/eolande/EventMAV/FRED/65.zip,1322,39.66622500000074,39.696225000000744,propeller_1,661,245,684,261,23,16,368,98,537,8848.5,4,1,0,1,1,1,0,0.8808226494975467,1,135.69700000516605
/Users/eolande/EventMAV/FRED/65.zip,1323,39.696225000000744,39.726225000000746,propeller_1,641,250,668,267,27,17,459,127,645,10608.0,5,1,1,1,1,1,0,0.8693612610929072,1,137.9289169999538
/Users/eolande/EventMAV/FRED/65.zip,1324,39.726225000000746,39.75622500000075,propeller_1,624,256,650,273,26,17,442,129,644,10659.0,5,1,1,1,1,1,0,0.9354229052117982,1,147.69304199580802
/Users/eolande/EventMAV/FRED/65.zip,1325,39.75622500000075,39.78622500000075,propeller_1,607,262,632,279,25,17,425,119,651,10123.5,5,1,1,1,1,1,0,0.8680328330901896,1,137.9050420000567
/Users/eolande/EventMAV/FRED/65.zip,1326,39.78622500000075,39.81622500000075,propeller_1,586,269,616,286,30,17,510,142,719,11730.0,5,1,1,1,1,1,0,0.8937123919420153,1,139.98412500222912
/Users/eolande/EventMAV/FRED/65.zip,1327,39.81622500000075,39.84622500000075,propeller_1,569,276,597,292,28,16,448,148,741,13744.5,5,1,1,1,1,1,0,0.8849679006604905,1,139.7267499996815
/Users/eolande/EventMAV/FRED/65.zip,1328,39.84622500000075,39.87622500000075,propeller_1,549,281,578,299,29,18,522,171,837,15682.5,3,1,1,0,0,1,0,0.8732185953297364,1,144.9721250028233
/Users/eolande/EventMAV/FRED/65.zip,1329,39.87622500000075,39.90622500000075,propeller_1,531,289,559,306,28,17,476,188,897,17544.0,4,1,1,1,0,1,0,0.8883859218155348,1,136.94233400019584
/Users/eolande/EventMAV/FRED/65.zip,1330,39.90622500000075,39.93622500000075,propeller_1,510,295,541,313,31,18,558,218,1092,21522.0,5,1,1,1,1,1,0,0.892858069536803,1,138.37558399973204
/Users/eolande/EventMAV/FRED/65.zip,1331,39.93622500000075,39.966225000000755,propeller_1,488,301,522,320,34,19,646,283,1244,25143.0,3,1,1,0,0,1,0,0.9230590539043861,1,145.58962500450434
/Users/eolande/EventMAV/FRED/65.zip,1332,39.966225000000755,39.996225000000756,propeller_1,469,308,503,326,34,18,612,320,1486,32002.5,5,1,1,1,1,1,0,0.8974750894510307,1,142.38016700255685
/Users/eolande/EventMAV/FRED/65.zip,1333,39.996225000000756,40.02622500000076,propeller_1,458,485,469,490,11,5,55,34,124,2881.5,5,1,1,1,1,1,0,0.9063713591387528,1,141.839957999764
/Users/eolande/EventMAV/FRED/65.zip,1334,40.02622500000076,40.05622500000076,propeller_1,427,319,463,339,36,20,720,462,2077,46690.5,4,1,0,1,1,1,0,0.9146502176234879,1,143.67958300135797
/Users/eolande/EventMAV/FRED/65.zip,1334,40.02622500000076,40.05622500000076,propeller_2,448,485,458,489,10,4,40,18,108,2065.5,5,1,1,1,1,1,0,0.8827136700322997,1,143.67958300135797
/Users/eolande/EventMAV/FRED/65.zip,1335,40.05622500000076,40.08622500000076,propeller_1,406,324,443,345,37,21,777,457,2119,46461.0,5,1,1,1,1,1,0,0.9028701088352038,1,146.22595899709268
/Users/eolande/EventMAV/FRED/65.zip,1335,40.05622500000076,40.08622500000076,propeller_2,436,483,449,488,13,5,65,37,123,3009.0,5,1,1,1,1,1,0,0.8411975875724541,1,146.22595899709268
/Users/eolande/EventMAV/FRED/65.zip,1336,40.08622500000076,40.11622500000076,propeller_1,386,329,421,350,35,21,735,473,1895,46078.5,5,1,1,1,1,1,0,0.8893653277552283,1,138.18920899939258
/Users/eolande/EventMAV/FRED/65.zip,1336,40.08622500000076,40.11622500000076,propeller_2,436,483,439,486,3,3,9,8,11,790.5,4,1,1,1,0,1,0,0.8992062921886289,1,138.18920899939258
/Users/eolande/EventMAV/FRED/65.zip,1337,40.11622500000076,40.14622500000076,propeller_1,366,333,402,354,36,21,756,500,2213,51510.0,5,1,1,1,1,1,0,0.9157056861353802,1,141.83079199574422
/Users/eolande/EventMAV/FRED/65.zip,1338,40.14622500000076,40.17622500000076,propeller_1,347,338,383,358,36,20,720,486,2108,48526.5,5,1,1,1,1,1,0,0.9046043206432361,1,139.28124999802094
/Users/eolande/EventMAV/FRED/65.zip,1338,40.14622500000076,40.17622500000076,propeller_2,411,482,413,485,2,3,6,6,11,382.5,5,1,0,1,1,1,1,0.9338186795769123,1,139.28124999802094
/Users/eolande/EventMAV/FRED/65.zip,1339,40.17622500000076,40.206225000000764,propeller_1,399,484,400,487,1,3,3,3,2,408.0,5,1,0,1,1,1,1,0.9039324581912149,1,140.6127500013099
/Users/eolande/EventMAV/FRED/65.zip,1340,40.206225000000764,40.236225000000765,propeller_1,310,347,344,366,34,19,646,408,1829,40621.5,4,1,0,1,1,1,0,0.9010623912525713,1,138.32837500376627
/Users/eolande/EventMAV/FRED/65.zip,1341,40.236225000000765,40.266225000000766,propeller_1,292,351,325,368,33,17,561,338,1545,33711.0,4,1,0,1,1,1,0,0.885841221279858,1,140.648250002414
/Users/eolande/EventMAV/FRED/65.zip,1342,40.266225000000766,40.29622500000077,propeller_1,274,356,307,370,33,14,462,279,1316,26214.0,5,1,1,1,1,1,0,0.8808556725878081,1,138.9915409963578
/Users/eolande/EventMAV/FRED/65.zip,1342,40.266225000000766,40.29622500000077,propeller_2,369,483,374,485,5,2,10,8,21,841.5,6,1,1,1,1,1,1,0.9050348388534613,1,138.9915409963578
/Users/eolande/EventMAV/FRED/65.zip,1343,40.29622500000077,40.32622500000077,propeller_1,259,358,288,373,29,15,435,228,884,21955.5,4,1,0,1,1,1,0,0.8715830158640608,1,140.98058299714467
/Users/eolande/EventMAV/FRED/65.zip,1344,40.32622500000077,40.35622500000077,propeller_1,243,362,271,375,28,13,364,155,843,14178.0,3,1,0,1,0,1,0,0.8885846523582333,1,144.97954199759988
/Users/eolande/EventMAV/FRED/65.zip,1345,40.35622500000077,40.38622500000077,propeller_1,227,367,252,376,25,9,225,77,546,7318.5,3,1,0,1,0,1,0,0.8658410479770029,1,137.02220800041687
/Users/eolande/EventMAV/FRED/65.zip,1346,40.38622500000077,40.41622500000077,propeller_1,207,368,230,378,23,10,230,95,644,8032.5,3,1,0,1,0,1,0,0.866658761632358,1,137.49020899558673
/Users/eolande/EventMAV/FRED/65.zip,1346,40.38622500000077,40.41622500000077,propeller_2,329,484,334,489,5,5,25,16,41,1708.5,5,1,1,1,1,1,0,0.930158125723364,1,137.49020899558673
/Users/eolande/EventMAV/FRED/65.zip,1347,40.41622500000077,40.44622500000077,propeller_1,191,370,216,379,25,9,225,86,645,7650.0,5,1,1,1,1,1,0,0.8632026039411563,1,148.4877919938299
/Users/eolande/EventMAV/FRED/65.zip,1347,40.41622500000077,40.44622500000077,propeller_2,320,484,329,490,9,6,54,27,82,2116.5,6,1,1,1,1,1,1,0.8947219460267808,1,148.4877919938299
/Users/eolande/EventMAV/FRED/65.zip,1348,40.44622500000077,40.476225000000774,propeller_1,174,369,201,381,27,12,324,122,679,9613.5,5,1,1,1,1,1,0,0.8681680355714968,1,143.25179200386629
/Users/eolande/EventMAV/FRED/65.zip,1348,40.44622500000077,40.476225000000774,propeller_2,312,487,319,490,7,3,21,10,51,1071.0,6,1,1,1,1,1,1,0.8896519109716354,1,143.25179200386629
/Users/eolande/EventMAV/FRED/65.zip,1349,40.476225000000774,40.506225000000775,propeller_1,159,370,188,381,29,11,319,115,683,9562.5,5,1,1,1,1,1,0,0.8417627849603172,1,138.72370900207898
/Users/eolande/EventMAV/FRED/65.zip,1349,40.476225000000774,40.506225000000775,propeller_2,301,488,309,492,8,4,32,15,58,1453.5,5,1,1,1,1,1,0,0.8912346027118043,1,138.72370900207898
/Users/eolande/EventMAV/FRED/65.zip,1350,40.506225000000775,40.536225000000776,propeller_1,146,370,174,382,28,12,336,105,704,9562.5,4,1,0,1,1,1,0,0.851085880215535,1,143.46620800642995
/Users/eolande/EventMAV/FRED/65.zip,1350,40.506225000000775,40.536225000000776,propeller_2,295,489,302,494,7,5,35,17,53,1479.0,4,1,0,1,1,1,0,0.9106736851352055,1,143.46620800642995
/Users/eolande/EventMAV/FRED/65.zip,1351,40.536225000000776,40.56622500000078,propeller_1,133,370,160,382,27,12,324,123,679,9843.0,4,1,0,1,1,1,0,0.8367932573603065,1,144.71662500000093
/Users/eolande/EventMAV/FRED/65.zip,1351,40.536225000000776,40.56622500000078,propeller_2,289,489,294,492,5,3,15,12,16,1300.5,3,1,1,0,1,0,0,0.8861746459838183,1,144.71662500000093
/Users/eolande/EventMAV/FRED/65.zip,1352,40.56622500000078,40.59622500000078,propeller_1,121,369,146,382,25,13,325,110,651,9715.5,5,1,1,1,1,1,0,0.8285389123529779,1,147.42958299757447
/Users/eolande/EventMAV/FRED/65.zip,1353,40.59622500000078,40.62622500000078,propeller_1,108,369,136,382,28,13,364,109,647,10353.0,4,1,1,1,0,1,0,0.9259641410831945,1,144.7314170000027
/Users/eolande/EventMAV/FRED/65.zip,1353,40.59622500000078,40.62622500000078,propeller_2,275,494,277,496,2,2,4,4,10,612.0,5,1,1,1,1,1,0,1.0,1,144.7314170000027
/Users/eolande/EventMAV/FRED/65.zip,1354,40.62622500000078,40.65622500000078,propeller_1,97,368,124,382,27,14,378,113,602,9715.5,4,1,1,1,0,1,0,0.8933113601259896,1,146.66962500632508
/Users/eolande/EventMAV/FRED/65.zip,1355,40.65622500000078,40.68622500000078,propeller_1,87,367,112,381,25,14,350,90,513,8032.5,5,1,1,1,1,1,0,0.9310480077132679,1,139.49562500056345
/Users/eolande/EventMAV/FRED/65.zip,1355,40.65622500000078,40.68622500000078,propeller_2,260,496,263,498,3,2,6,5,7,765.0,5,1,1,1,1,1,0,0.9587685623904562,1,139.49562500056345
/Users/eolande/EventMAV/FRED/65.zip,1356,40.68622500000078,40.71622500000078,propeller_1,77,365,99,379,22,14,308,85,426,7344.0,5,1,1,1,1,1,0,0.8709214238938067,1,149.3022079957882
/Users/eolande/EventMAV/FRED/65.zip,1356,40.68622500000078,40.71622500000078,propeller_2,252,498,256,501,4,3,12,6,14,867.0,3,1,1,0,0,1,0,0.8803886986804124,1,149.3022079957882
/Users/eolande/EventMAV/FRED/65.zip,1357,40.71622500000078,40.746225000000784,propeller_1,68,364,86,377,18,13,234,66,322,6324.0,5,1,1,1,1,1,0,0.8896775150747536,1,144.15466699574608
/Users/eolande/EventMAV/FRED/65.zip,1357,40.71622500000078,40.746225000000784,propeller_2,245,499,252,503,7,4,28,13,34,1479.0,4,1,1,0,0,1,1,0.8964185068385304,1,144.15466699574608
/Users/eolande/EventMAV/FRED/65.zip,1358,40.746225000000784,40.776225000000785,propeller_1,60,362,82,376,22,14,308,88,352,7981.5,5,1,1,1,1,1,0,0.9023800874953137,1,135.97079099417897
/Users/eolande/EventMAV/FRED/65.zip,1359,40.776225000000785,40.80622500000079,propeller_1,52,361,75,375,23,14,322,87,355,8440.5,5,1,1,1,1,1,0,0.8998787967707046,1,137.3785410032724
/Users/eolande/EventMAV/FRED/65.zip,1359,40.776225000000785,40.80622500000079,propeller_2,240,505,241,508,1,3,3,3,5,765.0,3,1,1,0,0,1,0,0.9753237499853302,1,137.3785410032724
/Users/eolande/EventMAV/FRED/65.zip,1360,40.80622500000079,40.83622500000079,propeller_1,44,359,64,372,20,13,260,73,284,7650.0,5,1,1,1,1,1,0,0.8896553961903505,1,146.58554200286744
/Users/eolande/EventMAV/FRED/65.zip,1361,40.83622500000079,40.86622500000079,propeller_1,37,357,56,370,19,13,247,83,280,8695.5,5,1,1,1,1,1,0,0.9240439061410162,1,136.40754100197228
/Users/eolande/EventMAV/FRED/65.zip,1361,40.83622500000079,40.86622500000079,propeller_2,229,510,233,514,4,4,16,11,22,1173.0,3,1,1,0,0,1,0,0.910793147441387,1,136.40754100197228
/Users/eolande/EventMAV/FRED/65.zip,1362,40.86622500000079,40.89622500000079,propeller_1,31,354,52,368,21,14,294,85,287,9307.5,4,1,0,1,1,1,0,0.912544302969224,1,132.94783299352275
/Users/eolande/EventMAV/FRED/65.zip,1363,40.89622500000079,40.92622500000079,propeller_1,25,351,47,366,22,15,330,81,296,8797.5,4,1,1,1,0,1,0,0.933494880238686,1,144.10283300094306
/Users/eolande/EventMAV/FRED/65.zip,1364,40.92622500000079,40.95622500000079,propeller_1,20,349,44,362,24,13,312,82,275,8721.0,5,1,1,1,1,1,0,0.9244319127029111,1,142.0849999994971
/Users/eolande/EventMAV/FRED/65.zip,1365,40.95622500000079,40.98622500000079,propeller_1,16,346,40,360,24,14,336,100,289,9282.0,5,1,1,1,1,1,0,0.8376483959431904,1,135.77754199650371
/Users/eolande/EventMAV/FRED/65.zip,1366,40.98622500000079,41.016225000000794,propeller_1,12,343,35,357,23,14,322,92,266,8797.5,5,1,1,1,1,1,0,0.8459688114213222,1,151.16029100317974
/Users/eolande/EventMAV/FRED/65.zip,1367,41.016225000000794,41.046225000000796,propeller_1,9,342,31,353,22,11,242,82,263,7395.0,5,1,1,1,1,1,0,0.8819243895266613,1,144.4036250031786
/Users/eolande/EventMAV/FRED/65.zip,1368,41.046225000000796,41.0762250000008,propeller_1,7,338,27,348,20,10,200,72,251,6936.0,5,1,1,1,1,1,0,0.8468755392020949,1,135.30504200025462
/Users/eolande/EventMAV/FRED/65.zip,1369,41.0762250000008,41.1062250000008,propeller_1,5,336,23,343,18,7,126,57,212,5049.0,5,1,1,1,1,1,0,0.8399279338985217,1,144.63304100354435
/Users/eolande/EventMAV/FRED/65.zip,1370,41.1062250000008,41.1362250000008,propeller_1,4,334,21,339,17,5,85,58,182,4411.5,5,1,1,1,1,1,0,0.8627219349988287,1,144.66908299800707
/Users/eolande/EventMAV/FRED/65.zip,1371,41.1362250000008,41.1662250000008,propeller_1,0,328,18,334,18,6,108,62,254,4972.5,5,1,1,1,1,1,0,0.8651765358485924,1,138.60770800238242
/Users/eolande/EventMAV/FRED/65.zip,1372,41.1662250000008,41.1962250000008,propeller_1,0,322,16,330,16,8,128,57,285,4870.5,4,1,1,1,0,1,0,0.9007753026262579,1,137.531874999695
/Users/eolande/EventMAV/FRED/65.zip,1373,41.1962250000008,41.2262250000008,propeller_1,0,318,14,326,14,8,112,50,286,4845.0,5,1,1,1,1,1,0,0.8827154181868677,1,146.12283300084528
/Users/eolande/EventMAV/FRED/65.zip,1374,41.2262250000008,41.2562250000008,propeller_1,4,311,10,321,6,10,60,40,113,4131.0,4,1,1,1,0,1,0,0.9092293832704695,1,141.81987500342075
/Users/eolande/EventMAV/FRED/65.zip,1375,41.2562250000008,41.286225000000805,propeller_1,1,306,11,316,10,10,100,53,171,4641.0,4,1,1,1,0,1,0,0.9146002467258153,1,145.48929099692032
/Users/eolande/EventMAV/FRED/65.zip,1376,41.286225000000805,41.316225000000806,propeller_1,0,300,8,311,8,11,88,52,146,4488.0,5,1,0,1,1,1,1,0.8731524674653626,1,147.71024999936344
/Users/eolande/EventMAV/FRED/65.zip,1377,41.316225000000806,41.34622500000081,propeller_1,0,296,7,307,7,11,77,37,121,3519.0,4,1,1,0,1,1,0,0.9138024847149051,1,146.73675000085495
/Users/eolande/EventMAV/FRED/65.zip,1378,41.34622500000081,41.37622500000081,propeller_1,0,296,6,302,6,6,36,24,58,1734.0,5,1,1,0,1,1,1,0.8992957590519475,1,137.53887500206474
/Users/eolande/EventMAV/FRED/65.zip,1379,41.37622500000081,41.40622500000081,propeller_1,0,292,3,297,3,5,15,8,28,816.0,3,1,1,0,0,1,0,0.8143607403197857,1,143.09470800071722
/Users/eolande/EventMAV/FRED/65.zip,1385,41.556225000000815,41.586225000000816,propeller_1,218,556,223,561,5,5,25,20,79,3187.5,5,1,1,1,1,1,0,0.9551563473895308,1,134.77345900173532
/Users/eolande/EventMAV/FRED/65.zip,1386,41.586225000000816,41.61622500000082,propeller_1,219,557,226,562,7,5,35,24,100,3672.0,6,1,1,1,1,1,1,0.9445174573373709,1,140.26620799995726
/Users/eolande/EventMAV/FRED/65.zip,1387,41.61622500000082,41.64622500000082,propeller_1,223,558,229,563,6,5,30,23,100,3340.5,4,1,1,1,0,1,0,0.9300710875220741,1,149.2266249988461
/Users/eolande/EventMAV/FRED/65.zip,1388,41.64622500000082,41.67622500000082,propeller_1,226,559,233,563,7,4,28,23,88,2983.5,5,1,0,1,1,1,1,0.9378808495449519,1,136.2997499963967
/Users/eolande/EventMAV/FRED/65.zip,1389,41.67622500000082,41.70622500000082,propeller_1,229,559,237,564,8,5,40,33,132,4845.0,5,1,1,1,1,1,0,0.9504322292303017,1,144.07562500127824
/Users/eolande/EventMAV/FRED/65.zip,1390,41.70622500000082,41.73622500000082,propeller_1,231,560,240,564,9,4,36,28,116,3570.0,4,1,1,0,1,1,0,0.9534918398690679,1,142.58841700211633
/Users/eolande/EventMAV/FRED/65.zip,1391,41.73622500000082,41.76622500000082,propeller_1,236,560,244,565,8,5,40,31,97,3952.5,6,1,1,1,1,1,1,0.9449584648212258,1,139.6022089975304
/Users/eolande/EventMAV/FRED/65.zip,1391,41.73622500000082,41.76622500000082,propeller_2,0,252,8,257,8,5,40,13,81,1377.0,6,1,1,1,1,1,1,0.9317655084021021,1,139.6022089975304
/Users/eolande/EventMAV/FRED/65.zip,1392,41.76622500000082,41.796225000000824,propeller_1,241,562,248,565,7,3,21,21,76,2856.0,4,1,1,1,0,1,0,0.918903987526011,1,138.3358750026673
/Users/eolande/EventMAV/FRED/65.zip,1392,41.76622500000082,41.796225000000824,propeller_2,0,246,12,256,12,10,120,30,158,2575.5,5,1,1,1,1,1,0,0.8955972374518442,1,138.3358750026673
/Users/eolande/EventMAV/FRED/65.zip,1393,41.796225000000824,41.826225000000825,propeller_1,1,244,10,251,9,7,63,26,104,2677.5,5,1,1,1,1,1,0,0.8593386901752152,1,142.56662499974482
/Users/eolande/EventMAV/FRED/65.zip,1393,41.796225000000824,41.826225000000825,propeller_2,244,561,251,566,7,5,35,24,69,2244.0,4,1,1,1,0,1,0,0.9528518674959066,1,142.56662499974482
/Users/eolande/EventMAV/FRED/65.zip,1394,41.826225000000825,41.856225000000826,propeller_1,3,243,20,253,17,10,170,39,184,3238.5,4,1,1,0,1,1,0,0.8730152267530612,1,139.76616699801525
/Users/eolande/EventMAV/FRED/65.zip,1394,41.826225000000825,41.856225000000826,propeller_2,250,562,256,566,6,4,24,21,70,2907.0,5,1,1,1,0,1,1,0.9579953268903105,1,139.76616699801525
/Users/eolande/EventMAV/FRED/65.zip,1395,41.856225000000826,41.88622500000083,propeller_1,253,561,260,566,7,5,35,27,64,3034.5,6,1,1,1,1,1,1,0.9493283285946309,1,151.71716699842364
/Users/eolande/EventMAV/FRED/65.zip,1395,41.856225000000826,41.88622500000083,propeller_2,6,242,20,251,14,9,126,32,145,2805.0,4,1,1,0,1,1,0,0.9223128506739083,1,151.71716699842364
/Users/eolande/EventMAV/FRED/65.zip,1396,41.88622500000083,41.91622500000083,propeller_1,7,241,23,250,16,9,144,36,150,2830.5,5,1,1,1,1,1,0,0.8854538665233714,1,144.6806249950896
/Users/eolande/EventMAV/FRED/65.zip,1396,41.88622500000083,41.91622500000083,propeller_2,257,561,264,566,7,5,35,21,57,2320.5,5,1,1,1,1,1,0,0.9280933112245608,1,144.6806249950896
/Users/eolande/EventMAV/FRED/65.zip,1397,41.91622500000083,41.94622500000083,propeller_1,12,240,25,249,13,9,117,33,119,2932.5,4,1,1,0,1,1,0,0.8026956679130739,1,137.65029199566925
/Users/eolande/EventMAV/FRED/65.zip,1397,41.91622500000083,41.94622500000083,propeller_2,262,561,269,565,7,4,28,22,54,2601.0,5,1,1,1,1,1,0,0.9493176485884065,1,137.65029199566925
/Users/eolande/EventMAV/FRED/65.zip,1398,41.94622500000083,41.97622500000083,propeller_1,15,240,28,249,13,9,117,35,118,3519.0,4,1,1,0,1,1,0,0.900602187229001,1,136.91545899928315
/Users/eolande/EventMAV/FRED/65.zip,1399,41.97622500000083,42.00622500000083,propeller_1,17,239,32,249,15,10,150,34,119,3289.5,6,1,1,1,1,1,1,0.9125532545884031,1,148.25254199968185
/Users/eolande/EventMAV/FRED/65.zip,1400,42.00622500000083,42.03622500000083,propeller_1,22,239,36,249,14,10,140,39,118,3187.5,4,1,1,1,0,1,0,0.8497893173575547,1,138.56912500341423
/Users/eolande/EventMAV/FRED/65.zip,1400,42.00622500000083,42.03622500000083,propeller_2,278,562,284,565,6,3,18,18,42,2116.5,4,1,1,1,1,0,0,0.923065614831879,1,138.56912500341423
/Users/eolande/EventMAV/FRED/65.zip,1401,42.03622500000083,42.066225000000834,propeller_1,25,239,40,249,15,10,150,44,136,4003.5,5,1,1,1,1,1,0,0.9375806929307133,1,131.87733300583204
/Users/eolande/EventMAV/FRED/65.zip,1401,42.03622500000083,42.066225000000834,propeller_2,283,561,290,565,7,4,28,25,41,2269.5,4,1,1,1,1,0,0,0.9499003120667383,1,131.87733300583204
/Users/eolande/EventMAV/FRED/65.zip,1402,42.066225000000834,42.096225000000835,propeller_1,28,239,44,249,16,10,160,54,175,5508.0,5,1,1,1,1,1,0,0.9541780273094447,1,141.01058300002478
/Users/eolande/EventMAV/FRED/65.zip,1402,42.066225000000834,42.096225000000835,propeller_2,288,561,295,564,7,3,21,20,39,1708.5,4,1,1,0,1,1,0,0.9097441681771496,1,141.01058300002478
/Users/eolande/EventMAV/FRED/65.zip,1403,42.096225000000835,42.12622500000084,propeller_1,32,240,49,250,17,10,170,61,206,7395.0,5,1,1,1,1,1,0,0.8223848802836475,1,140.79624999430962
/Users/eolande/EventMAV/FRED/65.zip,1403,42.096225000000835,42.12622500000084,propeller_2,297,560,301,563,4,3,12,11,20,994.5,4,1,1,1,1,0,0,0.9065734725324537,1,140.79624999430962
/Users/eolande/EventMAV/FRED/65.zip,1404,42.12622500000084,42.15622500000084,propeller_1,36,240,53,251,17,11,187,64,241,7752.0,4,1,1,0,1,1,0,0.9476195142329353,1,137.2316669949214
/Users/eolande/EventMAV/FRED/65.zip,1404,42.12622500000084,42.15622500000084,propeller_2,299,560,305,563,6,3,18,17,32,1785.0,5,1,1,1,1,1,0,0.9254600560394277,1,137.2316669949214
/Users/eolande/EventMAV/FRED/65.zip,1405,42.15622500000084,42.18622500000084,propeller_1,41,240,58,251,17,11,187,78,273,9817.5,3,1,0,0,1,1,0,0.8329592502873385,1,139.3685410002945
/Users/eolande/EventMAV/FRED/65.zip,1405,42.15622500000084,42.18622500000084,propeller_2,307,559,312,562,5,3,15,14,31,1096.5,3,1,0,0,1,1,0,0.8908727437873569,1,139.3685410002945
/Users/eolande/EventMAV/FRED/65.zip,1406,42.18622500000084,42.21622500000084,propeller_1,46,241,63,251,17,10,170,73,252,9103.5,5,1,1,1,1,1,0,0.8097241426218483,1,146.8654999989667
/Users/eolande/EventMAV/FRED/65.zip,1406,42.18622500000084,42.21622500000084,propeller_2,316,558,318,560,2,2,4,4,7,561.0,3,1,1,1,0,0,0,1.0,1,146.8654999989667
/Users/eolande/EventMAV/FRED/65.zip,1407,42.21622500000084,42.24622500000084,propeller_1,53,241,70,252,17,11,187,83,313,9970.5,5,1,1,1,1,1,0,0.8318778133243407,1,140.72733300417894
/Users/eolande/EventMAV/FRED/65.zip,1408,42.24622500000084,42.27622500000084,propeller_1,58,241,75,252,17,11,187,85,304,10455.0,4,1,1,0,1,1,0,0.8622218700729571,1,139.87620799889555
/Users/eolande/EventMAV/FRED/65.zip,1409,42.27622500000084,42.30622500000084,propeller_1,64,241,81,252,17,11,187,85,309,10200.0,5,1,1,1,1,1,0,0.8110499253691599,1,146.07254099973943
/Users/eolande/EventMAV/FRED/65.zip,1410,42.30622500000084,42.336225000000844,propeller_1,70,242,88,252,18,10,180,79,283,9460.5,5,1,1,1,1,1,0,0.8228602665003013,1,141.5355420031119
/Users/eolande/EventMAV/FRED/65.zip,1411,42.336225000000844,42.366225000000846,propeller_1,76,242,94,253,18,11,198,84,307,9180.0,5,1,1,1,1,1,0,0.8418009725494959,1,136.96195800002897
/Users/eolande/EventMAV/FRED/65.zip,1412,42.366225000000846,42.39622500000085,propeller_1,83,242,102,253,19,11,209,86,313,9078.0,5,1,1,1,1,1,0,0.8448939892275213,1,142.50916599849006
/Users/eolande/EventMAV/FRED/65.zip,1413,42.39622500000085,42.42622500000085,propeller_1,90,242,110,253,20,11,220,91,338,10047.0,5,1,1,1,1,1,0,0.858152503799938,1,138.9001669958816
/Users/eolande/EventMAV/FRED/65.zip,1414,42.42622500000085,42.45622500000085,propeller_1,98,243,116,253,18,10,180,92,322,10455.0,5,1,1,1,1,1,0,0.8507898328370899,1,136.94245900114765
/Users/eolande/EventMAV/FRED/65.zip,1415,42.45622500000085,42.48622500000085,propeller_1,106,243,124,252,18,9,162,85,298,8899.5,5,1,1,1,1,1,0,0.847910461081558,1,144.47291700344067
/Users/eolande/EventMAV/FRED/65.zip,1416,42.48622500000085,42.51622500000085,propeller_1,113,243,133,253,20,10,200,95,317,9358.5,5,1,1,1,1,1,0,0.8699771508039578,1,142.54508299927693
/Users/eolande/EventMAV/FRED/65.zip,1417,42.51622500000085,42.54622500000085,propeller_1,120,243,140,253,20,10,200,92,308,9511.5,5,1,1,1,1,1,0,0.8806254073979578,1,138.23179199971491
/Users/eolande/EventMAV/FRED/65.zip,1418,42.54622500000085,42.57622500000085,propeller_1,129,243,148,253,19,10,190,87,309,9333.0,5,1,1,1,1,1,0,0.883909789294845,1,144.46837499417597
/Users/eolande/EventMAV/FRED/65.zip,1419,42.57622500000085,42.606225000000855,propeller_1,136,243,157,253,21,10,210,101,322,9435.0,5,1,1,1,1,1,0,0.8797069980037628,1,145.3936670004623
/Users/eolande/EventMAV/FRED/65.zip,1420,42.606225000000855,42.636225000000856,propeller_1,146,243,164,253,18,10,180,89,309,9766.5,5,1,1,1,1,1,0,0.8917118446878469,1,138.6911669978872
/Users/eolande/EventMAV/FRED/65.zip,1421,42.636225000000856,42.66622500000086,propeller_1,154,244,173,253,19,9,171,85,323,8007.0,5,1,1,1,1,1,0,0.8457932254461293,1,137.19995899737114
/Users/eolande/EventMAV/FRED/65.zip,1422,42.66622500000086,42.69622500000086,propeller_1,163,244,183,253,20,9,180,85,309,8109.0,5,1,1,1,1,1,0,0.8589411859126801,1,144.12595800240524
/Users/eolande/EventMAV/FRED/65.zip,1423,42.69622500000086,42.72622500000086,propeller_1,171,244,191,254,20,10,200,98,320,9588.0,5,1,1,1,1,1,0,0.8763319148308525,1,138.75529100187123
/Users/eolande/EventMAV/FRED/65.zip,1424,42.72622500000086,42.75622500000086,propeller_1,180,244,199,254,19,10,190,91,303,8950.5,4,1,1,1,0,1,0,0.8943236907148964,1,137.61779200285673
/Users/eolande/EventMAV/FRED/65.zip,1425,42.75622500000086,42.78622500000086,propeller_1,190,245,209,255,19,10,190,90,316,8338.5,3,1,1,0,0,1,0,0.8757241003170259,1,141.96399999491405
/Users/eolande/EventMAV/FRED/65.zip,1426,42.78622500000086,42.81622500000086,propeller_1,199,245,218,255,19,10,190,98,350,9486.0,5,1,1,1,1,1,0,0.9217151101196561,1,140.70845799869858
/Users/eolande/EventMAV/FRED/65.zip,1427,42.81622500000086,42.846225000000864,propeller_1,207,246,227,256,20,10,200,97,332,9256.5,5,1,1,1,1,1,0,0.8632845208898913,1,142.17700000153854
/Users/eolande/EventMAV/FRED/65.zip,1428,42.846225000000864,42.876225000000865,propeller_1,216,246,237,256,21,10,210,102,364,9639.0,4,1,1,1,0,1,0,0.9124365850033832,1,140.42862500355113
/Users/eolande/EventMAV/FRED/65.zip,1429,42.876225000000865,42.906225000000866,propeller_1,226,247,246,257,20,10,200,91,346,9996.0,5,1,1,1,1,1,0,0.8853605405182935,1,140.6379160034703
/Users/eolande/EventMAV/FRED/65.zip,1430,42.906225000000866,42.93622500000087,propeller_1,236,247,257,258,21,11,231,102,364,9715.5,5,1,1,1,1,1,0,0.8728701953640685,1,142.3603329967591
/Users/eolande/EventMAV/FRED/65.zip,1431,42.93622500000087,42.96622500000087,propeller_1,247,248,266,258,19,10,190,98,360,9868.5,5,1,1,1,1,1,0,0.893844467017159,1,139.1607080004178
/Users/eolande/EventMAV/FRED/65.zip,1432,42.96622500000087,42.99622500000087,propeller_1,256,249,277,259,21,10,210,108,391,10608.0,5,1,1,1,1,1,0,0.8703706010803618,1,146.12641699932283
/Users/eolande/EventMAV/FRED/65.zip,1433,42.99622500000087,43.02622500000087,propeller_1,266,249,287,260,21,11,231,115,419,11398.5,5,1,1,1,1,1,0,0.903919025656128,1,147.91287499974715
/Users/eolande/EventMAV/FRED/65.zip,1434,43.02622500000087,43.05622500000087,propeller_1,276,250,298,260,22,10,220,120,434,11577.0,5,1,1,1,1,1,0,0.9099889444539822,1,137.4744999993709
/Users/eolande/EventMAV/FRED/65.zip,1435,43.05622500000087,43.08622500000087,propeller_1,288,250,309,261,21,11,231,117,419,10786.5,4,1,0,1,1,1,0,0.8899450874661998,1,148.7563750051777
/Users/eolande/EventMAV/FRED/65.zip,1436,43.08622500000087,43.116225000000874,propeller_1,300,251,321,261,21,10,210,122,446,11169.0,4,1,0,1,1,1,0,0.8736180514746404,1,141.7726669969852
/Users/eolande/EventMAV/FRED/65.zip,1437,43.116225000000874,43.146225000000875,propeller_1,310,251,332,261,22,10,220,122,444,11883.0,5,1,1,1,1,1,0,0.8997496074076511,1,141.95845899666892
/Users/eolande/EventMAV/FRED/65.zip,1438,43.146225000000875,43.176225000000876,propeller_1,322,251,344,261,22,10,220,128,467,11730.0,5,1,1,1,1,1,0,0.9030299167227149,1,142.9564999998547
/Users/eolande/EventMAV/FRED/65.zip,1439,43.176225000000876,43.20622500000088,propeller_1,333,251,356,261,23,10,230,131,476,11730.0,5,1,1,1,1,1,0,0.9111228352924574,1,140.6343749986263
/Users/eolande/EventMAV/FRED/65.zip,1440,43.20622500000088,43.23622500000088,propeller_1,346,251,368,261,22,10,220,134,487,12138.0,4,1,0,1,1,1,0,0.9074153509610869,1,132.69687499996508
/Users/eolande/EventMAV/FRED/65.zip,1441,43.23622500000088,43.26622500000088,propeller_1,358,251,381,261,23,10,230,135,505,11730.0,5,1,1,1,1,1,0,0.9127797321089546,1,139.9690840044059
/Users/eolande/EventMAV/FRED/65.zip,1442,43.26622500000088,43.29622500000088,propeller_1,371,250,393,261,22,11,242,130,494,11500.5,5,1,1,1,1,1,0,0.8742136378836329,1,141.10783299838658
/Users/eolande/EventMAV/FRED/65.zip,1443,43.29622500000088,43.32622500000088,propeller_1,383,250,406,261,23,11,253,143,505,11857.5,3,1,0,1,0,1,0,0.8733427796178614,1,135.29995800490724
/Users/eolande/EventMAV/FRED/65.zip,1444,43.32622500000088,43.35622500000088,propeller_1,397,250,419,261,22,11,242,121,479,10480.5,4,1,1,1,0,1,0,0.8896015778680539,1,138.93033299973467
/Users/eolande/EventMAV/FRED/65.zip,1445,43.35622500000088,43.386225000000884,propeller_1,410,250,434,261,24,11,264,140,509,11143.5,5,1,1,1,1,1,0,0.8842134015398825,1,140.28187499934575
/Users/eolande/EventMAV/FRED/65.zip,1446,43.386225000000884,43.416225000000885,propeller_1,424,250,447,261,23,11,253,144,531,11551.5,4,1,1,1,0,1,0,0.8806032507330797,1,134.02045800467022
/Users/eolande/EventMAV/FRED/65.zip,1447,43.416225000000885,43.44622500000089,propeller_1,438,250,462,261,24,11,264,132,523,10225.5,5,1,1,1,1,1,0,0.8671887157130187,1,135.1953749981476
/Users/eolande/EventMAV/FRED/65.zip,1448,43.44622500000089,43.47622500000089,propeller_1,453,251,476,261,23,10,230,114,468,9282.0,5,1,1,1,1,1,0,0.8957516413886925,1,139.4641250008135
/Users/eolande/EventMAV/FRED/65.zip,1449,43.47622500000089,43.50622500000089,propeller_1,467,250,491,261,24,11,264,128,487,10276.5,5,1,1,1,1,1,0,0.8847071657703772,1,140.47454099636525
/Users/eolande/EventMAV/FRED/65.zip,1450,43.50622500000089,43.53622500000089,propeller_1,483,250,506,260,23,10,230,131,489,11220.0,4,1,0,1,1,1,0,0.9092834600537953,1,139.01737500418676
/Users/eolande/EventMAV/FRED/65.zip,1451,43.53622500000089,43.56622500000089,propeller_1,497,250,521,260,24,10,240,144,515,11577.0,4,1,0,1,1,1,0,0.8857648921564296,1,138.4563750034431
/Users/eolande/EventMAV/FRED/65.zip,1452,43.56622500000089,43.59622500000089,propeller_1,512,249,537,259,25,10,250,138,511,11449.5,4,1,0,1,1,1,0,0.8951407965837797,1,144.58495799772209
/Users/eolande/EventMAV/FRED/65.zip,1453,43.59622500000089,43.62622500000089,propeller_1,528,250,554,258,26,8,208,111,490,9537.0,5,1,1,1,1,1,0,0.9002322064251116,1,141.12699999532197
/Users/eolande/EventMAV/FRED/65.zip,1454,43.62622500000089,43.656225000000894,propeller_1,547,249,571,256,24,7,168,106,495,8670.0,5,1,1,1,1,1,0,0.9137039719321438,1,141.67866700154264
/Users/eolande/EventMAV/FRED/65.zip,1455,43.656225000000894,43.686225000000896,propeller_1,563,248,588,255,25,7,175,108,520,9358.5,4,1,0,1,1,1,0,0.9072142063351734,1,139.6933750002063
/Users/eolande/EventMAV/FRED/65.zip,1456,43.686225000000896,43.7162250000009,propeller_1,579,247,606,256,27,9,243,114,591,9384.0,4,1,1,1,0,1,0,0.9113148967002621,1,140.1817499936442
/Users/eolande/EventMAV/FRED/65.zip,1457,43.7162250000009,43.7462250000009,propeller_1,596,245,625,255,29,10,290,163,726,12852.0,5,1,1,1,1,1,0,0.9048768604743243,1,134.83133400586667
/Users/eolande/EventMAV/FRED/65.zip,1458,43.7462250000009,43.7762250000009,propeller_1,612,244,641,255,29,11,319,195,869,17926.5,3,1,1,0,0,1,0,0.910934483549177,1,144.1452910003136
/Users/eolande/EventMAV/FRED/65.zip,1459,43.7762250000009,43.8062250000009,propeller_1,629,242,659,254,30,12,360,245,1059,22746.0,4,1,1,1,0,1,0,0.9066330826565936,1,136.56204199651256
/Users/eolande/EventMAV/FRED/65.zip,1460,43.8062250000009,43.8362250000009,propeller_1,645,240,677,254,32,14,448,285,1199,27387.0,5,1,1,1,1,1,0,0.9040173197954771,1,139.28224999835948
/Users/eolande/EventMAV/FRED/65.zip,1461,43.8362250000009,43.8662250000009,propeller_1,663,239,696,253,33,14,462,323,1339,31875.0,3,1,1,0,0,1,0,0.8980925123345636,1,148.2087499971385
/Users/eolande/EventMAV/FRED/65.zip,1462,43.8662250000009,43.8962250000009,propeller_1,680,236,713,253,33,17,561,361,1471,34833.0,4,1,1,0,1,1,0,0.9091707549258847,1,145.87329200003296
/Users/eolande/EventMAV/FRED/65.zip,1462,43.8662250000009,43.8962250000009,propeller_2,739,548,744,551,5,3,15,12,39,1045.5,4,1,0,1,1,1,0,0.9023862946081839,1,145.87329200003296
/Users/eolande/EventMAV/FRED/65.zip,1463,43.8962250000009,43.926225000000905,propeller_1,697,235,732,252,35,17,595,373,1595,38658.0,5,1,1,1,1,1,0,0.9010864268377761,1,136.91799999651266
/Users/eolande/EventMAV/FRED/65.zip,1463,43.8962250000009,43.926225000000905,propeller_2,746,548,754,551,8,3,24,24,54,1785.0,5,1,1,1,1,1,0,0.8292497144852886,1,136.91799999651266
/Users/eolande/EventMAV/FRED/65.zip,1464,43.926225000000905,43.956225000000906,propeller_1,715,234,748,251,33,17,561,356,1593,36592.5,4,1,1,0,1,1,0,0.8903848460557784,1,141.33241699892096
/Users/eolande/EventMAV/FRED/65.zip,1464,43.926225000000905,43.956225000000906,propeller_2,754,548,760,551,6,3,18,17,33,1224.0,4,1,0,1,1,1,0,0.8722015794207989,1,141.33241699892096
/Users/eolande/EventMAV/FRED/65.zip,1465,43.956225000000906,43.98622500000091,propeller_1,732,234,769,250,37,16,592,369,1579,37281.0,4,1,0,1,1,1,0,0.8897443954897902,1,140.7093750021886
/Users/eolande/EventMAV/FRED/65.zip,1465,43.956225000000906,43.98622500000091,propeller_2,763,548,771,552,8,4,32,21,43,1708.5,5,1,1,1,1,1,0,0.9329549987498719,1,140.7093750021886
/Users/eolande/EventMAV/FRED/65.zip,1466,43.98622500000091,44.01622500000091,propeller_1,750,232,785,250,35,18,630,360,1485,34603.5,4,1,0,1,1,1,0,0.8926859382736749,1,140.06099999824073
/Users/eolande/EventMAV/FRED/65.zip,1466,43.98622500000091,44.01622500000091,propeller_2,771,549,779,552,8,3,24,21,41,1708.5,5,1,1,1,1,1,0,0.9097700773060298,1,140.06099999824073
/Users/eolande/EventMAV/FRED/65.zip,1467,44.01622500000091,44.04622500000091,propeller_1,767,231,803,249,36,18,648,338,1411,32971.5,5,1,1,1,1,1,0,0.8968092535544019,1,144.47129100153688
/Users/eolande/EventMAV/FRED/65.zip,1467,44.01622500000091,44.04622500000091,propeller_2,782,550,788,553,6,3,18,16,38,1428.0,4,1,0,0,1,1,1,0.8653282494783963,1,144.47129100153688
/Users/eolande/EventMAV/FRED/65.zip,1468,44.04622500000091,44.07622500000091,propeller_1,785,231,817,248,32,17,544,308,1302,30702.0,5,1,1,1,1,1,0,0.8794626849092364,1,144.57891699566972
/Users/eolande/EventMAV/FRED/65.zip,1468,44.04622500000091,44.07622500000091,propeller_2,788,550,796,553,8,3,24,20,56,1300.5,5,1,1,1,1,1,0,0.8916565985005092,1,144.57891699566972
/Users/eolande/EventMAV/FRED/65.zip,1469,44.07622500000091,44.10622500000091,propeller_1,802,230,835,247,33,17,561,299,1216,28228.5,4,1,0,1,1,1,0,0.8813149851672504,1,147.60158300487092
/Users/eolande/EventMAV/FRED/65.zip,1469,44.07622500000091,44.10622500000091,propeller_2,797,550,804,554,7,4,28,19,47,1428.0,5,1,1,1,1,1,0,0.9139305576369694,1,147.60158300487092
/Users/eolande/EventMAV/FRED/65.zip,1470,44.10622500000091,44.13622500000091,propeller_1,817,229,851,247,34,18,612,309,1143,27183.0,4,1,0,1,1,1,0,0.8817448341645171,1,144.6375830055331
/Users/eolande/EventMAV/FRED/65.zip,1470,44.10622500000091,44.13622500000091,propeller_2,805,550,813,554,8,4,32,24,57,1759.5,5,1,1,1,1,1,0,0.8624548521594761,1,144.6375830055331
/Users/eolande/EventMAV/FRED/65.zip,1471,44.13622500000091,44.166225000000914,propeller_1,836,229,868,246,32,17,544,277,1103,25576.5,5,1,1,1,1,1,0,0.8856300260503223,1,151.151750003919
/Users/eolande/EventMAV/FRED/65.zip,1471,44.13622500000091,44.166225000000914,propeller_2,814,551,821,554,7,3,21,18,46,1453.5,5,1,1,1,1,1,0,0.8537178492065868,1,151.151750003919
/Users/eolande/EventMAV/FRED/65.zip,1472,44.166225000000914,44.196225000000915,propeller_1,851,229,883,245,32,16,512,255,1052,24709.5,5,1,1,1,1,1,0,0.8713131874983476,1,140.87950000248384
/Users/eolande/EventMAV/FRED/65.zip,1472,44.166225000000914,44.196225000000915,propeller_2,822,551,828,555,6,4,24,19,51,1657.5,3,1,0,1,0,1,0,0.9212663394753732,1,140.87950000248384
/Users/eolande/EventMAV/FRED/65.zip,1473,44.196225000000915,44.226225000000916,propeller_1,868,229,899,246,31,17,527,249,969,23026.5,3,1,1,0,0,1,0,0.8607801596737492,1,140.98699999885866
/Users/eolande/EventMAV/FRED/65.zip,1473,44.196225000000915,44.226225000000916,propeller_2,830,552,841,556,11,4,44,35,78,3034.5,5,1,1,1,1,1,0,0.9331122949079951,1,140.98699999885866
/Users/eolande/EventMAV/FRED/65.zip,1474,44.226225000000916,44.25622500000092,propeller_1,885,229,913,245,28,16,448,238,919,22134.0,3,1,1,0,0,1,0,0.8850192371872363,1,147.71650000329828
/Users/eolande/EventMAV/FRED/65.zip,1474,44.226225000000916,44.25622500000092,propeller_2,838,552,846,556,8,4,32,28,74,2703.0,5,1,1,1,1,1,0,0.9190553388988452,1,147.71650000329828
/Users/eolande/EventMAV/FRED/65.zip,1475,44.25622500000092,44.28622500000092,propeller_1,898,228,928,245,30,17,510,236,924,23052.0,5,1,1,1,1,1,0,0.8684623025977077,1,139.04579100199044
/Users/eolande/EventMAV/FRED/65.zip,1475,44.25622500000092,44.28622500000092,propeller_2,847,553,854,557,7,4,28,23,69,2167.5,5,1,1,1,1,1,0,0.9277989149293441,1,139.04579100199044
/Users/eolande/EventMAV/FRED/65.zip,1476,44.28622500000092,44.31622500000092,propeller_1,913,227,942,244,29,17,493,226,899,21624.0,5,1,1,1,1,1,0,0.8773763471413764,1,143.0551250014105
/Users/eolande/EventMAV/FRED/65.zip,1476,44.28622500000092,44.31622500000092,propeller_2,854,553,865,557,11,4,44,36,106,3442.5,5,1,1,1,1,1,0,0.9488436370849346,1,143.0551250014105
/Users/eolande/EventMAV/FRED/65.zip,1477,44.31622500000092,44.34622500000092,propeller_1,927,228,955,244,28,16,448,210,865,21216.0,5,1,1,1,1,1,0,0.8750873687721165,1,143.76841700141085
/Users/eolande/EventMAV/FRED/65.zip,1477,44.31622500000092,44.34622500000092,propeller_2,863,554,872,557,9,3,27,23,81,2142.0,5,1,1,1,1,1,0,0.938221354694979,1,143.76841700141085
/Users/eolande/EventMAV/FRED/65.zip,1478,44.34622500000092,44.37622500000092,propeller_1,940,227,968,243,28,16,448,193,805,19558.5,4,1,1,1,0,1,0,0.8897274306151693,1,141.01412500167498
/Users/eolande/EventMAV/FRED/65.zip,1478,44.34622500000092,44.37622500000092,propeller_2,870,554,881,558,11,4,44,31,83,3315.0,5,1,1,1,1,1,0,0.9007724417015222,1,141.01412500167498
/Users/eolande/EventMAV/FRED/65.zip,1479,44.37622500000092,44.40622500000092,propeller_1,954,226,980,242,26,16,416,190,786,20145.0,4,1,1,1,0,1,0,0.8836207332355214,1,142.82291699782945
/Users/eolande/EventMAV/FRED/65.zip,1479,44.37622500000092,44.40622500000092,propeller_2,876,554,887,558,11,4,44,36,82,3493.5,5,1,1,1,1,1,0,0.9462082423070952,1,142.82291699782945
/Users/eolande/EventMAV/FRED/65.zip,1480,44.40622500000092,44.436225000000924,propeller_1,967,225,991,241,24,16,384,180,738,19788.0,5,1,1,1,1,1,0,0.9014848648452837,1,147.31149999715853
/Users/eolande/EventMAV/FRED/65.zip,1480,44.40622500000092,44.436225000000924,propeller_2,884,554,891,558,7,4,28,22,46,2116.5,5,1,1,1,1,1,0,0.894216719105837,1,147.31149999715853
/Users/eolande/EventMAV/FRED/65.zip,1481,44.436225000000924,44.466225000000925,propeller_1,978,223,1002,240,24,17,408,169,665,18156.0,5,1,1,1,1,1,0,0.8969539434029334,1,140.4564999975264
/Users/eolande/EventMAV/FRED/65.zip,1481,44.436225000000924,44.466225000000925,propeller_2,896,555,902,559,6,4,24,20,44,1963.5,5,1,1,1,1,1,0,0.9170040252339999,1,140.4564999975264
/Users/eolande/EventMAV/FRED/65.zip,1482,44.466225000000925,44.496225000000926,propeller_1,988,222,1012,237,24,15,360,156,582,15172.5,4,1,1,0,1,1,0,0.893508412709931,1,139.43095900322078
/Users/eolande/EventMAV/FRED/65.zip,1482,44.466225000000925,44.496225000000926,propeller_2,903,556,909,559,6,3,18,18,29,1683.0,4,1,0,1,1,1,0,0.8947219838225227,1,139.43095900322078
/Users/eolande/EventMAV/FRED/65.zip,1483,44.496225000000926,44.52622500000093,propeller_1,998,223,1022,236,24,13,312,139,489,13132.5,5,1,1,1,1,1,0,0.9016525615002634,1,198.69991700397804
/Users/eolande/EventMAV/FRED/65.zip,1484,44.52622500000093,44.55622500000093,propeller_1,1008,221,1031,234,23,13,299,118,394,11220.0,5,1,1,1,1,1,0,0.8935160920711948,1,144.93695800047135
/Users/eolande/EventMAV/FRED/65.zip,1485,44.55622500000093,44.58622500000093,propeller_1,1019,222,1040,230,21,8,168,90,321,8823.0,5,1,1,1,1,1,0,0.9048428838666971,1,140.59433399961563
/Users/eolande/EventMAV/FRED/65.zip,1486,44.58622500000093,44.61622500000093,propeller_1,1030,220,1048,230,18,10,180,82,311,9001.5,3,1,0,0,1,1,0,0.9034678207838531,1,140.48583300609607
/Users/eolande/EventMAV/FRED/65.zip,1487,44.61622500000093,44.64622500000093,propeller_1,1034,220,1061,230,27,10,270,155,513,13821.0,4,1,1,0,1,1,0,0.8616373709667755,1,138.19820799835725
/Users/eolande/EventMAV/FRED/65.zip,1488,44.64622500000093,44.67622500000093,propeller_1,1043,219,1068,231,25,12,300,174,614,18411.0,5,1,1,1,1,1,0,0.8751632915120398,1,138.5074159989017
/Users/eolande/EventMAV/FRED/65.zip,1489,44.67622500000093,44.706225000000934,propeller_1,1050,218,1077,232,27,14,378,234,837,24352.5,5,1,1,1,1,1,0,0.8585675990469931,1,138.83979199454188
/Users/eolande/EventMAV/FRED/65.zip,1490,44.706225000000934,44.736225000000935,propeller_1,1056,218,1085,233,29,15,435,277,981,31747.5,3,1,0,0,1,1,0,0.8573243635292327,1,143.42799999576528
/Users/eolande/EventMAV/FRED/65.zip,1491,44.736225000000935,44.76622500000094,propeller_1,1065,218,1094,234,29,16,464,283,1070,34272.0,6,1,1,1,1,1,1,0.8458033600445043,1,140.25829100137344
/Users/eolande/EventMAV/FRED/65.zip,1492,44.76622500000094,44.79622500000094,propeller_1,1073,219,1101,234,28,15,420,269,1042,33915.0,5,1,1,1,1,1,0,0.8253179414109899,1,137.08087499981048
/Users/eolande/EventMAV/FRED/65.zip,1493,44.79622500000094,44.82622500000094,propeller_1,1081,219,1108,235,27,16,432,254,962,32130.0,5,1,1,1,1,1,0,0.783379760305221,1,144.5282499989844
/Users/eolande/EventMAV/FRED/65.zip,1494,44.82622500000094,44.85622500000094,propeller_1,1087,220,1114,235,27,15,405,241,848,29274.0,5,1,1,1,1,1,0,0.7847664834678094,1,141.191249997064
/Users/eolande/EventMAV/FRED/65.zip,1495,44.85622500000094,44.88622500000094,propeller_1,1094,221,1120,235,26,14,364,190,655,23434.5,5,1,1,1,1,1,0,0.7789414570751736,1,133.16375000431435
/Users/eolande/EventMAV/FRED/65.zip,1496,44.88622500000094,44.91622500000094,propeller_1,1102,221,1124,235,22,14,308,153,564,19405.5,5,1,1,1,1,1,0,0.7638455400123678,1,139.72737500444055
/Users/eolande/EventMAV/FRED/65.zip,1497,44.91622500000094,44.94622500000094,propeller_1,1105,221,1127,235,22,14,308,121,470,15886.5,5,1,1,1,1,1,0,0.8944965068702625,1,137.8428750031162
/Users/eolande/EventMAV/FRED/65.zip,1498,44.94622500000094,44.976225000000944,propeller_1,1111,221,1131,234,20,13,260,90,324,11628.0,5,1,1,1,1,1,0,0.9009295923468634,1,136.27599999745144
/Users/eolande/EventMAV/FRED/65.zip,1499,44.976225000000944,45.006225000000946,propeller_1,1115,223,1131,233,16,10,160,44,211,7242.0,5,1,1,1,1,1,0,0.9168830752372349,1,140.83016700169537
/Users/eolande/EventMAV/FRED/65.zip,1500,45.006225000000946,45.03622500000095,propeller_1,1120,221,1136,232,16,11,176,34,144,4870.5,5,1,1,1,1,1,0,0.9122154911449445,1,139.37745799921686
/Users/eolande/EventMAV/FRED/65.zip,1501,45.03622500000095,45.06622500000095,propeller_1,1119,220,1137,231,18,11,198,48,144,5635.5,4,1,1,0,1,1,0,0.9112862078493565,1,137.6656249994994
/Users/eolande/EventMAV/FRED/65.zip,1502,45.06622500000095,45.09622500000095,propeller_1,1123,222,1130,229,7,7,49,20,74,1836.0,5,1,1,1,1,1,0,0.9571525746469982,1,136.9172089980566
/Users/eolande/EventMAV/FRED/65.zip,1503,45.09622500000095,45.12622500000095,propeller_1,1124,222,1132,227,8,5,40,23,51,2116.5,5,1,1,1,1,1,0,0.9167885846246627,1,146.7764159970102
/Users/eolande/EventMAV/FRED/65.zip,1504,45.12622500000095,45.15622500000095,propeller_1,1125,219,1133,222,8,3,24,9,51,892.5,6,1,1,1,1,1,1,0.8953452501831755,1,141.13012500456534
/Users/eolande/EventMAV/FRED/65.zip,1505,45.15622500000095,45.18622500000095,propeller_1,1124,217,1135,220,11,3,33,19,62,1479.0,5,1,1,1,1,1,0,0.8499666441449321,1,139.46370800113073
/Users/eolande/EventMAV/FRED/65.zip,1506,45.18622500000095,45.216225000000954,propeller_1,1126,214,1141,218,15,4,60,23,101,1734.0,5,1,1,1,1,1,0,0.899913144785069,1,141.6869999957271
/Users/eolande/EventMAV/FRED/65.zip,1507,45.216225000000954,45.246225000000955,propeller_1,1126,211,1135,216,9,5,45,17,96,1683.0,4,1,1,1,0,1,0,0.912828869713309,1,143.99741700617597
/Users/eolande/EventMAV/FRED/65.zip,1508,45.246225000000955,45.276225000000956,propeller_1,1127,208,1138,213,11,5,55,15,107,1683.0,5,1,1,1,1,1,0,0.8940793493388558,1,138.62870800221572
/Users/eolande/EventMAV/FRED/65.zip,1509,45.276225000000956,45.30622500000096,propeller_1,1128,204,1140,211,12,7,84,19,138,1759.5,5,1,1,1,0,1,1,0.8496058391798565,1,142.94429200526793
/Users/eolande/EventMAV/FRED/65.zip,1510,45.30622500000096,45.33622500000096,propeller_1,1133,203,1138,208,5,5,25,13,64,1581.0,5,1,1,1,1,1,0,0.9132242065037164,1,145.51341699552722
/Users/eolande/EventMAV/FRED/65.zip,1511,45.33622500000096,45.36622500000096,propeller_1,1135,201,1143,206,8,5,40,9,59,1351.5,5,1,1,1,1,1,0,0.9066992041887818,1,137.5202910057851
/Users/eolande/EventMAV/FRED/65.zip,1512,45.36622500000096,45.39622500000096,propeller_1,1133,197,1145,205,12,8,96,18,127,1632.0,5,1,1,1,1,1,0,0.9063467971672073,1,142.61979200091446
/Users/eolande/EventMAV/FRED/65.zip,1513,45.39622500000096,45.42622500000096,propeller_1,1138,195,1147,202,9,7,63,22,104,1938.0,5,1,1,1,1,1,0,0.8872451076157037,1,143.5517499994603
/Users/eolande/EventMAV/FRED/65.zip,1514,45.42622500000096,45.45622500000096,propeller_1,1136,192,1150,198,14,6,84,19,128,1963.5,6,1,1,1,1,1,1,0.9305940292429714,1,142.64837500377325
/Users/eolande/EventMAV/FRED/65.zip,1515,45.45622500000096,45.486225000000964,propeller_1,1143,193,1152,196,9,3,27,14,54,2142.0,4,1,1,0,1,1,0,0.9569531217549455,1,141.66154199483572
/Users/eolande/EventMAV/FRED/65.zip,1516,45.486225000000964,45.516225000000965,propeller_1,1140,189,1154,195,14,6,84,28,127,2754.0,5,1,1,1,1,1,0,0.8898264952365738,1,144.98754200030817
/Users/eolande/EventMAV/FRED/65.zip,1517,45.516225000000965,45.546225000000966,propeller_1,1143,186,1158,193,15,7,105,41,164,4054.5,4,1,1,0,1,1,0,0.9200089266337619,1,145.68212499580113
/Users/eolande/EventMAV/FRED/65.zip,1518,45.546225000000966,45.57622500000097,propeller_1,1143,185,1161,191,18,6,108,53,225,6528.0,6,1,1,1,1,1,1,0.9156370052511462,1,139.3574579997221
/Users/eolande/EventMAV/FRED/65.zip,1519,45.57622500000097,45.60622500000097,propeller_1,1145,180,1163,190,18,10,180,77,250,8644.5,5,1,1,1,1,1,0,0.9234631674611131,1,142.71429200016428
/Users/eolande/EventMAV/FRED/65.zip,1520,45.60622500000097,45.63622500000097,propeller_1,1150,179,1164,188,14,9,126,53,214,7624.5,3,1,0,0,1,1,0,0.9255287594502746,1,140.35470900125802
/Users/eolande/EventMAV/FRED/65.zip,1521,45.63622500000097,45.66622500000097,propeller_1,1153,178,1166,186,13,8,104,56,179,6808.5,6,1,1,1,1,1,1,0.9392037238896447,1,139.41474999592174
/Users/eolande/EventMAV/FRED/65.zip,1522,45.66622500000097,45.69622500000097,propeller_1,1156,175,1166,185,10,10,100,46,160,6426.0,5,1,1,1,1,1,0,0.9076435507471692,1,150.20416700281203
/Users/eolande/EventMAV/FRED/65.zip,1523,45.69622500000097,45.72622500000097,propeller_1,1158,175,1167,184,9,9,81,43,144,5686.5,5,1,1,0,1,1,1,0.9430230115613221,1,143.1330839986913
/Users/eolande/EventMAV/FRED/65.zip,1524,45.72622500000097,45.756225000000974,propeller_1,1159,176,1169,184,10,8,80,45,149,6222.0,6,1,1,1,1,1,1,0.9613081484451164,1,137.83733399759512
/Users/eolande/EventMAV/FRED/65.zip,1525,45.756225000000974,45.786225000000975,propeller_1,1161,176,1170,182,9,6,54,35,152,5992.5,5,1,1,1,1,1,0,0.9352363213421239,1,139.64566600043327
/Users/eolande/EventMAV/FRED/65.zip,1526,45.786225000000975,45.816225000000976,propeller_1,1163,175,1170,180,7,5,35,31,136,5584.5,5,1,1,1,1,1,0,0.9413392670607641,1,142.36191700183554
/Users/eolande/EventMAV/FRED/65.zip,1527,45.816225000000976,45.84622500000098,propeller_1,1163,174,1176,179,13,5,65,48,165,6757.5,5,1,1,1,1,1,0,0.9328288966444954,1,136.1033330031205
/Users/eolande/EventMAV/FRED/65.zip,1528,45.84622500000098,45.87622500000098,propeller_1,1162,173,1170,180,8,7,56,38,136,5304.0,6,1,1,1,1,1,1,0.9119988725162822,1,134.11962499958463
/Users/eolande/EventMAV/FRED/65.zip,1529,45.87622500000098,45.90622500000098,propeller_1,1164,168,1177,178,13,10,130,51,155,6247.5,5,1,1,1,1,1,0,0.9142803591081621,1,147.16679100092733
/Users/eolande/EventMAV/FRED/65.zip,1530,45.90622500000098,45.93622500000098,propeller_1,1165,168,1178,177,13,9,117,58,184,7165.5,6,1,1,1,1,1,1,0.9121037707561519,1,139.29395800369093
/Users/eolande/EventMAV/FRED/65.zip,1531,45.93622500000098,45.96622500000098,propeller_1,1165,168,1178,176,13,8,104,37,116,5559.0,6,1,1,1,1,1,1,0.9135903124184456,1,135.7166249945294
/Users/eolande/EventMAV/FRED/65.zip,1532,45.96622500000098,45.99622500000098,propeller_1,1165,168,1178,178,13,10,130,37,73,3264.0,5,1,1,1,1,1,0,0.9170341664363642,1,141.212959002587
/Users/eolande/EventMAV/FRED/65.zip,1533,45.99622500000098,46.026225000000984,propeller_1,1166,169,1178,179,12,10,120,21,50,2091.0,4,1,1,1,1,0,0,0.8941013651829718,1,138.4900419943733
/Users/eolande/EventMAV/FRED/65.zip,1534,46.026225000000984,46.056225000000985,propeller_1,1167,170,1178,180,11,10,110,25,58,2320.5,4,1,1,0,1,1,0,0.9060512074033423,1,127.86908399721142
/Users/eolande/EventMAV/FRED/65.zip,1535,46.056225000000985,46.08622500000099,propeller_1,1167,174,1175,180,8,6,48,20,50,2091.0,5,1,1,1,1,1,0,0.9049143074553452,1,144.7325000044657
/Users/eolande/EventMAV/FRED/65.zip,1536,46.08622500000099,46.11622500000099,propeller_1,1167,171,1180,182,13,11,143,31,102,3570.0,5,1,1,1,1,1,0,0.9131172901868418,1,140.7830840034876
/Users/eolande/EventMAV/FRED/65.zip,1537,46.11622500000099,46.14622500000099,propeller_1,1167,177,1176,182,9,5,45,15,72,2014.5,5,1,1,0,1,1,1,0.9371159656587356,1,138.9879580019624
/Users/eolande/EventMAV/FRED/65.zip,1538,46.14622500000099,46.17622500000099,propeller_1,1167,174,1179,184,12,10,120,29,98,3111.0,5,1,1,1,1,1,0,0.9281426325839868,1,137.71941600134596
/Users/eolande/EventMAV/FRED/65.zip,1539,46.17622500000099,46.20622500000099,propeller_1,1167,176,1178,186,11,10,110,23,86,2244.0,4,1,1,0,0,1,1,0.9481610205776699,1,145.72283300367417
/Users/eolande/EventMAV/FRED/65.zip,1540,46.20622500000099,46.23622500000099,propeller_1,1165,179,1178,187,13,8,104,30,94,2371.5,5,1,1,0,1,1,1,0.9122984398293333,1,138.9119160012342
/Users/eolande/EventMAV/FRED/65.zip,1541,46.23622500000099,46.26622500000099,propeller_1,1164,181,1177,190,13,9,117,34,115,3519.0,6,1,1,1,1,1,1,0.8797343796306436,1,141.95575000485405
/Users/eolande/EventMAV/FRED/65.zip,1542,46.26622500000099,46.296225000000994,propeller_1,1163,184,1175,192,12,8,96,24,97,2167.5,5,1,1,1,1,1,0,0.9085409135463476,1,143.8665410023532
/Users/eolande/EventMAV/FRED/65.zip,1543,46.296225000000994,46.326225000000996,propeller_1,1162,190,1171,195,9,5,45,21,87,2218.5,5,1,0,1,1,1,1,0.8407603848869027,1,140.36833299905993
/Users/eolande/EventMAV/FRED/65.zip,1544,46.326225000000996,46.356225000001,propeller_1,1160,192,1170,198,10,6,60,29,94,2167.5,5,1,1,1,1,1,0,0.9022825976367592,1,136.95616599579807
/Users/eolande/EventMAV/FRED/65.zip,1545,46.356225000001,46.386225000001,propeller_1,1162,193,1170,200,8,7,56,18,69,1657.5,4,1,1,1,0,1,0,0.9259300632295165,1,142.34587499959162
/Users/eolande/EventMAV/FRED/65.zip,1546,46.386225000001,46.416225000001,propeller_1,1158,198,1166,203,8,5,40,22,69,1887.0,3,1,1,0,0,1,0,0.9243661964320402,1,141.2379579996923
/Users/eolande/EventMAV/FRED/65.zip,1547,46.416225000001,46.446225000001,propeller_1,1157,202,1164,207,7,5,35,19,70,1708.5,5,1,1,1,1,1,0,0.9290827783924207,1,137.98829200095497
/Users/eolande/EventMAV/FRED/65.zip,1548,46.446225000001,46.476225000001,propeller_1,1153,205,1162,210,9,5,45,20,72,1785.0,5,1,1,1,1,1,0,0.909317956453225,1,138.13808300619712
/Users/eolande/EventMAV/FRED/65.zip,1549,46.476225000001,46.506225000001,propeller_1,1151,209,1160,214,9,5,45,17,79,1759.5,5,1,1,1,1,1,0,0.9358530795274884,1,146.6302499975427
/Users/eolande/EventMAV/FRED/65.zip,1550,46.506225000001,46.536225000001004,propeller_1,1146,213,1157,218,11,5,55,23,88,2040.0,5,1,1,1,1,1,0,0.8982534003289204,1,142.60354199359426
/Users/eolande/EventMAV/FRED/65.zip,1551,46.536225000001004,46.566225000001005,propeller_1,1143,216,1153,222,10,6,60,22,95,2040.0,5,1,1,1,1,1,0,0.9019975683359487,1,138.19087500451133
/Users/eolande/EventMAV/FRED/65.zip,1552,46.566225000001005,46.596225000001006,propeller_1,1139,220,1150,226,11,6,66,28,93,2346.0,4,1,1,1,0,1,0,0.9157164149252421,1,143.54712500062305
/Users/eolande/EventMAV/FRED/65.zip,1553,46.596225000001006,46.62622500000101,propeller_1,1134,224,1145,230,11,6,66,28,105,2499.0,5,1,1,1,1,1,0,0.8394533263165441,1,139.13200000388315
/Users/eolande/EventMAV/FRED/65.zip,1554,46.62622500000101,46.65622500000101,propeller_1,1129,228,1140,234,11,6,66,21,87,2244.0,5,1,1,1,1,1,0,0.9752855410929183,1,142.07483299833257
/Users/eolande/EventMAV/FRED/65.zip,1555,46.65622500000101,46.68622500000101,propeller_1,1127,231,1134,235,7,4,28,14,46,1428.0,5,1,1,1,0,1,1,0.8910530237113868,1,142.26700000290293
/Users/eolande/EventMAV/FRED/65.zip,1556,46.68622500000101,46.71622500000101,propeller_1,1119,230,1133,240,14,10,140,30,101,2856.0,5,1,1,1,1,1,0,0.8820681569873199,1,141.97425000020303
/Users/eolande/EventMAV/FRED/65.zip,1557,46.71622500000101,46.74622500000101,propeller_1,1113,234,1126,243,13,9,117,30,124,3238.5,5,1,1,1,1,1,0,0.9495316038146546,1,137.67508399905637
/Users/eolande/EventMAV/FRED/65.zip,1558,46.74622500000101,46.77622500000101,propeller_1,1106,237,1119,246,13,9,117,42,145,4003.5,5,1,1,1,1,1,0,0.9078100116968029,1,140.0412500006496
/Users/eolande/EventMAV/FRED/65.zip,1559,46.77622500000101,46.806225000001014,propeller_1,1099,240,1113,248,14,8,112,47,191,5763.0,5,1,1,1,1,1,0,0.9425332420011054,1,139.52195800084155
/Users/eolande/EventMAV/FRED/65.zip,1560,46.806225000001014,46.836225000001015,propeller_1,1091,242,1106,251,15,9,135,54,238,6145.5,5,1,1,1,1,1,0,0.9451528687170548,1,139.96062500518747
/Users/eolande/EventMAV/FRED/65.zip,1561,46.836225000001015,46.866225000001016,propeller_1,1083,242,1098,253,15,11,165,63,259,6502.5,5,1,1,1,1,1,0,0.9100985140221625,1,149.25579199916683
/Users/eolande/EventMAV/FRED/65.zip,1562,46.866225000001016,46.89622500000102,propeller_1,1074,247,1089,254,15,7,105,57,272,6349.5,5,1,1,1,1,1,0,0.9469061810240276,1,140.89262500056066
/Users/eolande/EventMAV/FRED/65.zip,1563,46.89622500000102,46.92622500000102,propeller_1,1064,248,1080,256,16,8,128,64,272,6145.5,5,1,1,1,1,1,0,0.9475205734296743,1,136.47079200018197
/Users/eolande/EventMAV/FRED/65.zip,1564,46.92622500000102,46.95622500000102,propeller_1,1055,251,1070,256,15,5,75,52,213,5508.0,5,1,1,1,1,1,0,0.9469116453736071,1,140.30304200423416
/Users/eolande/EventMAV/FRED/65.zip,1565,46.95622500000102,46.98622500000102,propeller_1,1045,251,1061,257,16,6,96,60,241,5635.5,5,1,1,1,1,1,0,0.9415537138566927,1,150.23966699664015
/Users/eolande/EventMAV/FRED/65.zip,1566,46.98622500000102,47.01622500000102,propeller_1,1035,253,1051,257,16,4,64,47,195,4768.5,4,1,1,1,0,1,0,0.9025783260676069,1,137.1433749955031
/Users/eolande/EventMAV/FRED/65.zip,1567,47.01622500000102,47.04622500000102,propeller_1,1025,251,1044,258,19,7,133,51,198,4411.5,5,1,1,1,1,1,0,0.9157274464077192,1,150.92891699896427
/Users/eolande/EventMAV/FRED/65.zip,1568,47.04622500000102,47.076225000001024,propeller_1,1015,253,1031,258,16,5,80,54,200,4845.0,5,1,1,1,1,1,0,0.9134565985543996,1,149.41591700335266
/Users/eolande/EventMAV/FRED/65.zip,1569,47.076225000001024,47.106225000001025,propeller_1,1003,254,1021,258,18,4,72,53,201,4207.5,5,1,1,1,1,1,0,0.9130646603594601,1,142.08004099782556
/Users/eolande/EventMAV/FRED/65.zip,1570,47.106225000001025,47.136225000001026,propeller_1,993,255,1011,258,18,3,54,40,177,3570.0,5,1,1,1,1,1,0,0.8762669234947408,1,140.59650000126567
/Users/eolande/EventMAV/FRED/65.zip,1571,47.136225000001026,47.16622500000103,propeller_1,983,255,1000,258,17,3,51,37,173,3493.5,5,1,1,1,1,1,0,0.8733984931134429,1,140.86600000155158
/Users/eolande/EventMAV/FRED/65.zip,1572,47.16622500000103,47.19622500000103,propeller_1,971,254,989,258,18,4,72,50,187,4131.0,5,1,1,1,1,1,0,0.8948413607861742,1,142.32654099760111
/Users/eolande/EventMAV/FRED/65.zip,1573,47.19622500000103,47.22622500000103,propeller_1,961,253,978,258,17,5,85,57,218,5712.0,3,1,0,0,1,1,0,0.9185253362603729,1,136.7943750010454
/Users/eolande/EventMAV/FRED/65.zip,1574,47.22622500000103,47.25622500000103,propeller_1,949,252,967,257,18,5,90,51,215,4845.0,4,1,1,1,0,1,0,0.930760779968826,1,143.25216600263957
/Users/eolande/EventMAV/FRED/65.zip,1575,47.25622500000103,47.28622500000103,propeller_1,938,253,956,257,18,4,72,57,226,5916.0,5,1,1,1,1,1,0,0.9321158925784574,1,142.79433300544042
/Users/eolande/EventMAV/FRED/65.zip,1576,47.28622500000103,47.31622500000103,propeller_1,928,251,946,256,18,5,90,59,234,5763.0,5,1,1,1,1,1,0,0.9139948621972247,1,141.98304100136738
/Users/eolande/EventMAV/FRED/65.zip,1577,47.31622500000103,47.346225000001034,propeller_1,915,250,935,255,20,5,100,67,245,5865.0,5,1,1,1,1,1,0,0.9116099834540314,1,140.4030000048806
/Users/eolande/EventMAV/FRED/65.zip,1578,47.346225000001034,47.376225000001035,propeller_1,904,248,923,254,19,6,114,71,248,6324.0,5,1,1,1,1,1,0,0.9111190118189443,1,155.03908399841748
/Users/eolande/EventMAV/FRED/65.zip,1579,47.376225000001035,47.40622500000104,propeller_1,893,246,912,253,19,7,133,67,255,6247.5,5,1,1,1,1,1,0,0.9227626946860692,1,142.8712920023827
/Users/eolande/EventMAV/FRED/65.zip,1580,47.40622500000104,47.43622500000104,propeller_1,880,246,899,251,19,5,95,70,289,6222.0,5,1,1,1,1,1,0,0.9268324484702529,1,138.25124999857508
/Users/eolande/EventMAV/FRED/65.zip,1580,47.40622500000104,47.43622500000104,propeller_2,498,527,509,532,11,5,55,35,79,3238.5,4,1,1,0,1,1,0,0.8928599848717997,1,138.25124999857508
/Users/eolande/EventMAV/FRED/65.zip,1581,47.43622500000104,47.46622500000104,propeller_1,868,244,887,250,19,6,114,72,285,6757.5,4,1,0,1,1,1,0,0.9379478235284948,1,144.08949999778997
/Users/eolande/EventMAV/FRED/65.zip,1581,47.43622500000104,47.46622500000104,propeller_2,487,525,499,530,12,5,60,40,88,3646.5,5,1,1,1,1,1,0,0.9393005354740585,1,144.08949999778997
/Users/eolande/EventMAV/FRED/65.zip,1582,47.46622500000104,47.49622500000104,propeller_1,855,241,875,248,20,7,140,78,292,6961.5,4,1,0,1,1,1,0,0.9348705513011748,1,135.44095800170908
/Users/eolande/EventMAV/FRED/65.zip,1582,47.46622500000104,47.49622500000104,propeller_2,476,523,488,528,12,5,60,43,103,4233.0,4,1,1,0,1,1,0,0.9287096066075353,1,135.44095800170908
/Users/eolande/EventMAV/FRED/65.zip,1583,47.49622500000104,47.52622500000104,propeller_1,844,240,865,246,21,6,126,72,291,6757.5,5,1,1,1,1,1,0,0.9154340813993294,1,137.4525419960264
/Users/eolande/EventMAV/FRED/65.zip,1583,47.49622500000104,47.52622500000104,propeller_2,467,522,480,527,13,5,65,49,113,4335.0,4,1,1,1,0,1,0,0.928928438664628,1,137.4525419960264
/Users/eolande/EventMAV/FRED/65.zip,1584,47.52622500000104,47.55622500000104,propeller_1,832,237,852,243,20,6,120,74,270,6579.0,5,1,1,1,1,1,0,0.9303677650541062,1,148.50220900552813
/Users/eolande/EventMAV/FRED/65.zip,1584,47.52622500000104,47.55622500000104,propeller_2,454,520,470,525,16,5,80,55,112,4182.0,3,1,1,0,0,1,0,0.9203608298704162,1,148.50220900552813
/Users/eolande/EventMAV/FRED/65.zip,1585,47.55622500000104,47.58622500000104,propeller_1,820,234,839,240,19,6,114,70,252,6222.0,4,1,0,1,1,1,0,0.8882371827653587,1,142.07791700027883
/Users/eolande/EventMAV/FRED/65.zip,1585,47.55622500000104,47.58622500000104,propeller_2,447,518,458,524,11,6,66,47,118,5049.0,4,1,0,1,1,1,0,0.9544642005810657,1,142.07791700027883
/Users/eolande/EventMAV/FRED/65.zip,1586,47.58622500000104,47.616225000001045,propeller_1,807,232,827,238,20,6,120,77,271,6502.5,4,1,0,1,1,1,0,0.8926363019964257,1,141.41441699757706
/Users/eolande/EventMAV/FRED/65.zip,1586,47.58622500000104,47.616225000001045,propeller_2,434,518,448,522,14,4,56,48,108,4335.0,6,1,1,1,1,1,1,0.9307882397767697,1,141.41441699757706
/Users/eolande/EventMAV/FRED/65.zip,1587,47.616225000001045,47.646225000001046,propeller_1,794,229,814,235,20,6,120,73,290,5788.5,4,1,1,1,0,1,0,0.8971784743734539,1,143.2883750021574
/Users/eolande/EventMAV/FRED/65.zip,1587,47.616225000001045,47.646225000001046,propeller_2,424,515,438,521,14,6,84,61,116,5380.5,5,1,1,1,1,1,0,0.9141920245566555,1,143.2883750021574
/Users/eolande/EventMAV/FRED/65.zip,1588,47.646225000001046,47.67622500000105,propeller_1,784,226,801,232,17,6,102,56,268,4921.5,3,1,0,1,0,1,0,0.8892550158188983,1,146.6413339949213
/Users/eolande/EventMAV/FRED/65.zip,1588,47.646225000001046,47.67622500000105,propeller_2,416,515,429,519,13,4,52,40,114,3442.5,5,1,1,1,1,1,0,0.8807827233279957,1,146.6413339949213
/Users/eolande/EventMAV/FRED/65.zip,1589,47.67622500000105,47.70622500000105,propeller_1,770,223,789,229,19,6,114,60,245,5100.0,5,1,1,1,1,1,0,0.8790035671675709,1,139.18379200185882
/Users/eolande/EventMAV/FRED/65.zip,1589,47.67622500000105,47.70622500000105,propeller_2,406,513,416,518,10,5,50,35,96,3697.5,5,1,1,1,1,1,0,0.9244439254599347,1,139.18379200185882
/Users/eolande/EventMAV/FRED/65.zip,1590,47.70622500000105,47.73622500000105,propeller_1,396,512,406,517,10,5,50,35,101,3468.0,6,1,1,1,1,1,1,0.9013169697176433,1,137.1192090009572
/Users/eolande/EventMAV/FRED/65.zip,1590,47.70622500000105,47.73622500000105,propeller_2,757,221,776,225,19,4,76,36,184,2983.5,4,1,1,1,0,1,0,0.9434466509689001,1,137.1192090009572
/Users/eolande/EventMAV/FRED/65.zip,1591,47.73622500000105,47.76622500000105,propeller_1,751,219,763,222,12,3,36,19,92,1963.5,5,1,1,1,1,1,0,0.8471690165589721,1,146.69608300027903
/Users/eolande/EventMAV/FRED/65.zip,1591,47.73622500000105,47.76622500000105,propeller_2,385,512,395,515,10,3,30,25,60,1606.5,5,1,1,1,1,1,0,0.863889049862861,1,146.69608300027903
/Users/eolande/EventMAV/FRED/65.zip,1592,47.76622500000105,47.79622500000105,propeller_1,375,510,385,514,10,4,40,23,64,1989.0,5,1,1,1,1,1,0,0.9111702598743617,1,142.90683299623197
/Users/eolande/EventMAV/FRED/65.zip,1592,47.76622500000105,47.79622500000105,propeller_2,741,216,746,219,5,3,15,11,41,1402.5,5,1,0,1,1,1,1,0.8816840125723491,1,142.90683299623197
/Users/eolande/EventMAV/FRED/65.zip,1593,47.79622500000105,47.82622500000105,propeller_1,727,214,730,216,3,2,6,5,30,816.0,4,1,0,1,1,1,0,0.9218460073029298,1,138.89987500442658
/Users/eolande/EventMAV/FRED/65.zip,1594,47.82622500000105,47.856225000001054,propeller_1,714,211,725,216,11,5,55,26,113,2779.5,3,1,0,1,0,1,0,0.8620889855552489,1,141.35145899490453
/Users/eolande/EventMAV/FRED/65.zip,1594,47.82622500000105,47.856225000001054,propeller_2,355,508,365,512,10,4,40,15,54,1530.0,4,1,1,0,1,1,0,0.93376042732752,1,141.35145899490453
/Users/eolande/EventMAV/FRED/65.zip,1595,47.856225000001054,47.886225000001055,propeller_1,698,208,712,213,14,5,70,31,163,3315.0,5,1,1,1,1,1,0,0.888141541932048,1,135.9577920011361
/Users/eolande/EventMAV/FRED/65.zip,1595,47.856225000001054,47.886225000001055,propeller_2,344,507,351,510,7,3,21,13,45,1300.5,5,1,1,1,1,1,0,0.9360039020845153,1,135.9577920011361
/Users/eolande/EventMAV/FRED/65.zip,1596,47.886225000001055,47.916225000001056,propeller_1,685,203,700,211,15,8,120,39,209,3111.0,5,1,1,1,1,1,0,0.8671451296842041,1,140.56145900394768
/Users/eolande/EventMAV/FRED/65.zip,1596,47.886225000001055,47.916225000001056,propeller_2,335,506,340,509,5,3,15,13,40,1351.5,5,1,0,1,1,1,1,0.8770074679563591,1,140.56145900394768
/Users/eolande/EventMAV/FRED/65.zip,1597,47.916225000001056,47.94622500000106,propeller_1,323,503,332,508,9,5,45,33,103,2907.0,4,1,0,1,1,1,0,0.9387846119023087,1,146.99587500217604
/Users/eolande/EventMAV/FRED/65.zip,1597,47.916225000001056,47.94622500000106,propeller_2,673,201,686,208,13,7,91,32,227,2805.0,5,1,1,1,1,1,0,0.8899400638905232,1,146.99587500217604
/Users/eolande/EventMAV/FRED/65.zip,1598,47.94622500000106,47.97622500000106,propeller_1,662,198,674,205,12,7,84,37,219,3238.5,5,1,1,1,1,1,0,0.859848694557552,1,139.5541659949231
/Users/eolande/EventMAV/FRED/65.zip,1598,47.94622500000106,47.97622500000106,propeller_2,316,503,325,508,9,5,45,31,90,2677.5,5,1,1,1,1,1,0,0.8905681146574169,1,139.5541659949231
/Users/eolande/EventMAV/FRED/65.zip,1599,47.97622500000106,48.00622500000106,propeller_1,651,195,663,204,12,9,108,46,233,3493.5,4,1,0,1,1,1,0,0.8816921268752591,1,142.9219159981585
/Users/eolande/EventMAV/FRED/65.zip,1599,47.97622500000106,48.00622500000106,propeller_2,307,501,314,506,7,5,35,20,37,1785.0,5,1,1,1,1,1,0,0.8946976225651846,1,142.9219159981585
/Users/eolande/EventMAV/FRED/65.zip,1600,48.00622500000106,48.03622500000106,propeller_1,641,194,652,201,11,7,77,33,211,2932.5,5,1,1,1,1,1,0,0.8911635137528028,1,141.87274999858346
/Users/eolande/EventMAV/FRED/65.zip,1600,48.00622500000106,48.03622500000106,propeller_2,294,501,304,504,10,3,30,11,33,1122.0,3,1,0,0,1,1,0,0.9358373203452686,1,141.87274999858346
/Users/eolande/EventMAV/FRED/65.zip,1601,48.03622500000106,48.06622500000106,propeller_1,630,191,641,198,11,7,77,42,215,3289.5,5,1,1,1,1,1,0,0.8803136954428281,1,141.83841700287303
/Users/eolande/EventMAV/FRED/65.zip,1601,48.03622500000106,48.06622500000106,propeller_2,286,499,295,504,9,5,45,16,34,1300.5,4,1,1,1,1,0,0,0.9010414942102977,1,141.83841700287303
/Users/eolande/EventMAV/FRED/65.zip,1602,48.06622500000106,48.09622500000106,propeller_1,620,189,631,197,11,8,88,45,207,3136.5,5,1,1,1,1,1,0,0.8818701982185335,1,143.6623330009752
/Users/eolande/EventMAV/FRED/65.zip,1602,48.06622500000106,48.09622500000106,propeller_2,278,498,284,502,6,4,24,17,37,1861.5,5,1,1,1,1,1,0,0.9265341628074035,1,143.6623330009752
/Users/eolande/EventMAV/FRED/65.zip,1603,48.09622500000106,48.126225000001064,propeller_1,610,189,621,195,11,6,66,39,190,3009.0,5,1,1,1,1,1,0,0.8981633963545977,1,139.4047919966397
/Users/eolande/EventMAV/FRED/65.zip,1603,48.09622500000106,48.126225000001064,propeller_2,270,498,276,502,6,4,24,14,26,1249.5,5,1,1,1,1,1,0,0.8867996862461869,1,139.4047919966397
/Users/eolande/EventMAV/FRED/65.zip,1604,48.126225000001064,48.156225000001065,propeller_1,255,495,267,500,12,5,60,39,98,3876.0,5,1,1,1,1,1,0,0.9075443307406659,1,148.5281670029508
/Users/eolande/EventMAV/FRED/65.zip,1604,48.126225000001064,48.156225000001065,propeller_2,601,186,611,194,10,8,80,46,202,3264.0,5,1,1,1,1,1,0,0.8956285646280421,1,148.5281670029508
/Users/eolande/EventMAV/FRED/65.zip,1605,48.156225000001065,48.186225000001066,propeller_1,245,494,258,499,13,5,65,44,99,4437.0,4,1,0,1,1,1,0,0.9260083634669753,1,141.1320830011391
/Users/eolande/EventMAV/FRED/65.zip,1605,48.156225000001065,48.186225000001066,propeller_2,591,185,601,192,10,7,70,31,195,2856.0,5,1,1,1,1,1,0,0.8854892036750049,1,141.1320830011391
/Users/eolande/EventMAV/FRED/65.zip,1606,48.186225000001066,48.21622500000107,propeller_1,237,491,250,498,13,7,91,53,123,5304.0,5,1,1,1,1,1,0,0.9535502176503832,1,147.30175000295276
/Users/eolande/EventMAV/FRED/65.zip,1606,48.186225000001066,48.21622500000107,propeller_2,582,184,592,190,10,6,60,41,194,3238.5,5,1,1,1,1,1,0,0.9161081707841119,1,147.30175000295276
/Users/eolande/EventMAV/FRED/65.zip,1607,48.21622500000107,48.24622500000107,propeller_1,228,490,241,496,13,6,78,44,91,4131.0,5,1,1,1,1,1,0,0.910849288855206,1,146.6746250007418
/Users/eolande/EventMAV/FRED/65.zip,1607,48.21622500000107,48.24622500000107,propeller_2,573,182,583,189,10,7,70,33,187,2881.5,5,1,1,1,1,1,0,0.8972043206037479,1,146.6746250007418
/Users/eolande/EventMAV/FRED/65.zip,1608,48.24622500000107,48.27622500000107,propeller_1,564,182,574,188,10,6,60,39,182,2958.0,5,1,1,1,1,1,0,0.8952832051454376,1,142.71108400134835
/Users/eolande/EventMAV/FRED/65.zip,1608,48.24622500000107,48.27622500000107,propeller_2,222,489,232,494,10,5,50,29,73,2703.0,3,1,0,0,1,1,0,0.9349408583035754,1,142.71108400134835
/Users/eolande/EventMAV/FRED/65.zip,1609,48.27622500000107,48.30622500000107,propeller_1,556,180,565,186,9,6,54,35,166,2805.0,5,1,1,1,1,1,0,0.8789268737343071,1,144.88341599644627
/Users/eolande/EventMAV/FRED/65.zip,1609,48.27622500000107,48.30622500000107,propeller_2,212,488,222,493,10,5,50,20,64,1912.5,4,1,0,1,1,1,0,0.9156778156301295,1,144.88341599644627
/Users/eolande/EventMAV/FRED/65.zip,1610,48.30622500000107,48.33622500000107,propeller_1,547,180,558,187,11,7,77,48,201,3774.0,4,1,1,1,0,1,0,0.9000903925902219,1,148.6692500038771
/Users/eolande/EventMAV/FRED/65.zip,1610,48.30622500000107,48.33622500000107,propeller_2,204,486,213,492,9,6,54,32,83,3723.0,5,1,1,1,1,1,0,0.9493220520988592,1,148.6692500038771
/Users/eolande/EventMAV/FRED/65.zip,1611,48.33622500000107,48.36622500000107,propeller_1,196,485,208,491,12,6,72,56,151,6324.0,5,1,1,1,1,1,0,0.947819773246084,1,139.1724169952795
/Users/eolande/EventMAV/FRED/65.zip,1611,48.33622500000107,48.36622500000107,propeller_2,539,179,549,186,10,7,70,40,192,2805.0,5,1,1,1,1,1,0,0.8900299815952362,1,139.1724169952795
/Users/eolande/EventMAV/FRED/65.zip,1612,48.36622500000107,48.396225000001074,propeller_1,189,483,199,490,10,7,70,49,174,6706.5,6,1,1,1,1,1,1,0.9578030570535719,1,137.16958399891155
/Users/eolande/EventMAV/FRED/65.zip,1612,48.36622500000107,48.396225000001074,propeller_2,531,179,540,186,9,7,63,40,185,3187.5,4,1,0,1,1,1,0,0.869464362671584,1,137.16958399891155
/Users/eolande/EventMAV/FRED/65.zip,1613,48.396225000001074,48.426225000001075,propeller_1,182,482,195,489,13,7,91,59,214,7165.5,4,1,0,1,1,1,0,0.9598162053742494,1,148.350791001576
/Users/eolande/EventMAV/FRED/65.zip,1613,48.396225000001074,48.426225000001075,propeller_2,524,180,534,186,10,6,60,40,173,3468.0,4,1,1,1,0,1,0,0.8621651781689772,1,148.350791001576
/Users/eolande/EventMAV/FRED/65.zip,1614,48.426225000001075,48.456225000001076,propeller_1,175,481,187,487,12,6,72,51,214,5610.0,4,1,0,1,1,1,0,0.9409204037734376,1,136.67549999809125
/Users/eolande/EventMAV/FRED/65.zip,1614,48.426225000001075,48.456225000001076,propeller_2,517,179,526,186,9,7,63,38,175,3111.0,5,1,1,1,1,1,0,0.865138798990762,1,136.67549999809125
/Users/eolande/EventMAV/FRED/65.zip,1615,48.456225000001076,48.48622500000108,propeller_1,169,480,180,486,11,6,66,44,203,5610.0,6,1,1,1,1,1,1,0.9555996004587846,1,139.3492079951102
/Users/eolande/EventMAV/FRED/65.zip,1615,48.456225000001076,48.48622500000108,propeller_2,510,179,520,186,10,7,70,42,176,3544.5,4,1,0,1,1,1,0,0.8757361979979139,1,139.3492079951102
/Users/eolande/EventMAV/FRED/65.zip,1616,48.48622500000108,48.51622500000108,propeller_1,163,479,175,485,12,6,72,44,163,5329.5,5,1,1,1,1,1,0,0.9335903476531004,1,236.84770800173283
/Users/eolande/EventMAV/FRED/65.zip,1616,48.48622500000108,48.51622500000108,propeller_2,503,179,514,186,11,7,77,41,169,3264.0,5,1,1,1,1,1,0,0.8906728132346319,1,236.84770800173283
/Users/eolande/EventMAV/FRED/65.zip,1617,48.51622500000108,48.54622500000108,propeller_1,158,478,169,484,11,6,66,33,121,3748.5,5,1,1,1,1,1,0,0.9745823180864932,1,153.205667003931
/Users/eolande/EventMAV/FRED/65.zip,1617,48.51622500000108,48.54622500000108,propeller_2,497,178,508,186,11,8,88,37,167,2779.5,5,1,1,1,1,1,0,0.8882617073357486,1,153.205667003931
/Users/eolande/EventMAV/FRED/65.zip,1618,48.54622500000108,48.57622500000108,propeller_1,154,477,161,482,7,5,35,24,85,2805.0,6,1,1,1,1,1,1,0.9482386246442902,1,138.93862499389797
/Users/eolande/EventMAV/FRED/65.zip,1618,48.54622500000108,48.57622500000108,propeller_2,491,178,499,185,8,7,56,33,126,2499.0,4,1,0,1,1,1,0,0.8870102527543278,1,138.93862499389797
/Users/eolande/EventMAV/FRED/65.zip,1619,48.57622500000108,48.60622500000108,propeller_1,150,476,156,481,6,5,30,24,79,2779.5,5,1,0,1,1,1,1,0.9659221562811741,1,142.40245800465345
/Users/eolande/EventMAV/FRED/65.zip,1619,48.57622500000108,48.60622500000108,propeller_2,485,178,495,187,10,9,90,35,151,2422.5,4,1,1,1,0,1,0,0.8697056327194754,1,142.40245800465345
/Users/eolande/EventMAV/FRED/65.zip,1620,48.60622500000108,48.63622500000108,propeller_1,146,476,152,480,6,4,24,21,83,2779.5,4,1,1,1,0,1,0,0.9416529916231314,1,152.077292004833
/Users/eolande/EventMAV/FRED/65.zip,1620,48.60622500000108,48.63622500000108,propeller_2,480,179,488,185,8,6,48,17,102,1555.5,4,1,0,1,1,1,0,0.9095754810735341,1,152.077292004833
/Users/eolande/EventMAV/FRED/65.zip,1621,48.63622500000108,48.666225000001084,propeller_1,142,475,147,479,5,4,20,17,74,2371.5,3,1,0,1,0,1,0,0.901472259176011,1,143.79216699308017
/Users/eolande/EventMAV/FRED/65.zip,1621,48.63622500000108,48.666225000001084,propeller_2,473,177,481,183,8,6,48,26,85,2346.0,5,1,1,1,1,1,0,0.9104812393227997,1,143.79216699308017
/Users/eolande/EventMAV/FRED/65.zip,1622,48.666225000001084,48.696225000001085,propeller_1,470,177,475,183,5,6,30,15,47,2193.0,4,1,1,1,0,1,0,0.9059669758789104,1,143.72937499865657
/Users/eolande/EventMAV/FRED/65.zip,1622,48.666225000001084,48.696225000001085,propeller_2,139,475,145,478,6,3,18,18,78,1708.5,4,1,1,1,0,1,0,0.8755283027294858,1,143.72937499865657
/Users/eolande/EventMAV/FRED/65.zip,1623,48.696225000001085,48.72622500000109,propeller_1,463,177,480,188,17,11,187,54,173,4921.5,6,1,1,1,1,1,1,0.9103115244719848,1,142.8896249999525
/Users/eolande/EventMAV/FRED/65.zip,1623,48.696225000001085,48.72622500000109,propeller_2,137,474,141,477,4,3,12,12,38,892.5,6,1,1,1,1,1,1,0.9022401579062251,1,142.8896249999525
/Users/eolande/EventMAV/FRED/65.zip,1624,48.72622500000109,48.75622500000109,propeller_1,459,178,469,188,10,10,100,57,155,5074.5,5,1,1,1,1,1,0,0.8747176002653927,1,133.86929200351005
/Users/eolande/EventMAV/FRED/65.zip,1625,48.75622500000109,48.78622500000109,propeller_1,454,179,469,189,15,10,150,70,199,7038.0,4,1,0,0,1,1,1,0.8893158249589114,1,137.1082919940818
/Users/eolande/EventMAV/FRED/65.zip,1626,48.78622500000109,48.81622500000109,propeller_1,450,178,467,189,17,11,187,93,228,9511.5,5,1,0,1,1,1,1,0.8834987524928506,1,140.23216599889565
/Users/eolande/EventMAV/FRED/65.zip,1627,48.81622500000109,48.84622500000109,propeller_1,447,179,464,190,17,11,187,93,240,9537.0,5,1,1,1,1,1,0,0.8202824755481037,1,137.34333399770549
/Users/eolande/EventMAV/FRED/65.zip,1628,48.84622500000109,48.87622500000109,propeller_1,443,180,460,192,17,12,204,95,249,10149.0,5,1,1,1,1,1,0,0.8704818187598384,1,143.9640419994248
/Users/eolande/EventMAV/FRED/65.zip,1629,48.87622500000109,48.90622500000109,propeller_1,440,180,451,190,11,10,110,59,171,6528.0,4,1,0,0,1,1,1,0.8157589877910304,1,137.97116699424805
/Users/eolande/EventMAV/FRED/65.zip,1630,48.90622500000109,48.936225000001095,propeller_1,437,182,454,192,17,10,170,78,197,8083.5,6,1,1,1,1,1,1,0.8251437049794027,1,138.2133749939385
/Users/eolande/EventMAV/FRED/65.zip,1631,48.936225000001095,48.966225000001096,propeller_1,434,183,450,191,16,8,128,57,163,6222.0,5,1,1,1,1,1,0,0.8747105698539701,1,140.79854200099362
/Users/eolande/EventMAV/FRED/65.zip,1632,48.966225000001096,48.9962250000011,propeller_1,431,183,445,192,14,9,126,53,150,6145.5,4,1,1,0,1,1,0,0.8349582982773514,1,140.99562499905005
/Users/eolande/EventMAV/FRED/65.zip,1633,48.9962250000011,49.0262250000011,propeller_1,430,183,444,193,14,10,140,52,130,5278.5,5,1,1,1,1,1,0,0.9318478258368486,1,139.30862500274088
/Users/eolande/EventMAV/FRED/65.zip,1634,49.0262250000011,49.0562250000011,propeller_1,427,185,441,193,14,8,112,38,121,4411.5,3,1,0,0,1,1,0,0.9480537175275837,1,142.44833400152856
/Users/eolande/EventMAV/FRED/65.zip,1635,49.0562250000011,49.0862250000011,propeller_1,425,186,438,193,13,7,91,34,100,3876.0,5,1,1,1,1,1,0,0.9296056130757021,1,151.7852080069133
/Users/eolande/EventMAV/FRED/65.zip,1636,49.0862250000011,49.1162250000011,propeller_1,424,186,438,194,14,8,112,31,108,4131.0,4,1,0,1,1,1,0,0.9208154090695855,1,145.2653750020545
/Users/eolande/EventMAV/FRED/65.zip,1637,49.1162250000011,49.1462250000011,propeller_1,423,187,433,195,10,8,80,27,82,3187.5,5,1,1,1,1,1,0,0.9275839164168749,1,142.37512499676086
/Users/eolande/EventMAV/FRED/65.zip,1638,49.1462250000011,49.176225000001104,propeller_1,421,187,433,195,12,8,96,34,98,3774.0,5,1,1,1,1,1,0,0.792416345088182,1,139.11579200066626
/Users/eolande/EventMAV/FRED/65.zip,1639,49.176225000001104,49.206225000001105,propeller_1,421,188,432,196,11,8,88,27,72,3264.0,5,1,1,1,1,1,0,0.9338743195652499,1,126.09675000567222
/Users/eolande/EventMAV/FRED/65.zip,1640,49.206225000001105,49.236225000001106,propeller_1,420,189,431,197,11,8,88,27,63,2346.0,5,1,1,1,1,1,0,0.9359815315615249,1,140.63750000059372
/Users/eolande/EventMAV/FRED/65.zip,1640,49.206225000001105,49.236225000001106,propeller_2,1134,4,1137,8,3,4,12,10,17,765.0,5,1,1,1,1,1,0,0.8722800559347066,1,140.63750000059372
/Users/eolande/EventMAV/FRED/65.zip,1641,49.236225000001106,49.26622500000111,propeller_1,420,190,431,198,11,8,88,29,72,2932.5,4,1,1,0,1,1,0,0.9225574996244326,1,143.6308749980526
/Users/eolande/EventMAV/FRED/65.zip,1641,49.236225000001106,49.26622500000111,propeller_2,1125,8,1127,11,2,3,6,6,15,790.5,6,1,1,1,1,1,1,0.9568184754181596,1,143.6308749980526
/Users/eolande/EventMAV/FRED/65.zip,1642,49.26622500000111,49.29622500000111,propeller_3,1114,7,1119,11,5,4,20,10,40,1071.0,5,1,1,1,1,1,0,0.9088276228236534,1,140.71354199404595
/Users/eolande/EventMAV/FRED/65.zip,1642,49.26622500000111,49.29622500000111,propeller_4,419,192,425,195,6,3,18,8,15,714.0,5,1,1,1,1,1,0,0.878456566114081,1,140.71354199404595
/Users/eolande/EventMAV/FRED/65.zip,1643,49.29622500000111,49.32622500000111,propeller_3,427,196,430,199,3,3,9,9,12,714.0,3,1,1,0,1,0,0,0.8441090145348329,1,139.25987500260817
/Users/eolande/EventMAV/FRED/65.zip,1647,49.41622500000111,49.446225000001114,propeller_1,1072,204,1081,207,9,3,27,7,92,2601.0,3,1,0,0,1,1,0,0.9343515028253908,1,150.8297499967739
/Users/eolande/EventMAV/FRED/65.zip,1647,49.41622500000111,49.446225000001114,propeller_2,1080,11,1082,14,2,3,6,4,14,1096.5,6,1,1,1,1,1,1,0.8643156295303136,1,150.8297499967739
/Users/eolande/EventMAV/FRED/65.zip,1648,49.446225000001114,49.476225000001115,propeller_1,1123,225,1127,227,4,2,8,4,31,1938.0,3,1,0,0,1,1,0,0.8654354482242391,1,140.02320900181076
/Users/eolande/EventMAV/FRED/65.zip,1648,49.446225000001114,49.476225000001115,propeller_2,1074,13,1077,18,3,5,15,8,27,1045.5,5,1,1,1,1,1,0,0.8840632704680562,1,140.02320900181076
/Users/eolande/EventMAV/FRED/65.zip,1649,49.476225000001115,49.506225000001116,propeller_1,1166,236,1180,243,14,7,98,18,203,3519.0,3,1,0,0,1,1,0,0.8779482598775674,1,136.17345900274813
/Users/eolande/EventMAV/FRED/65.zip,1649,49.476225000001115,49.506225000001116,propeller_2,1069,13,1070,16,1,3,3,3,1,459.0,4,1,1,1,0,1,0,0.9338186795769122,1,136.17345900274813
/Users/eolande/EventMAV/FRED/65.zip,1650,49.506225000001116,49.53622500000112,propeller_1,1226,247,1252,252,26,5,130,22,378,4743.0,4,1,0,1,1,1,0,0.9346900497203412,1,139.3387919961242
/Users/eolande/EventMAV/FRED/65.zip,1650,49.506225000001116,49.53622500000112,propeller_2,1056,12,1061,17,5,5,25,15,54,1428.0,6,1,1,1,1,1,1,0.8927485986081973,1,139.3387919961242
/Users/eolande/EventMAV/FRED/65.zip,1651,49.53622500000112,49.56622500000112,propeller_1,1272,248,1274,250,2,2,4,3,5,1096.5,3,1,0,0,1,1,0,0.9999977999153409,1,143.75999999901978
/Users/eolande/EventMAV/FRED/65.zip,1651,49.53622500000112,49.56622500000112,propeller_2,1050,14,1056,18,6,4,24,12,41,1045.5,5,1,1,1,1,1,0,0.8610084071176272,1,143.75999999901978
/Users/eolande/EventMAV/FRED/65.zip,1662,49.86622500000113,49.89622500000113,propeller_2,467,208,469,210,2,2,4,4,6,561.0,5,1,1,1,1,1,0,1.0,1,154.6464580023894
/Users/eolande/EventMAV/FRED/65.zip,1663,49.89622500000113,49.92622500000113,propeller_2,470,208,474,210,4,2,8,7,9,561.0,4,1,1,1,0,1,0,0.9245535799792999,1,136.8265830024029
/Users/eolande/EventMAV/FRED/65.zip,1664,49.92622500000113,49.95622500000113,propeller_2,474,208,478,210,4,2,8,7,9,561.0,4,1,1,1,0,1,0,0.9419279466622542,1,140.98833299794933
/Users/eolande/EventMAV/FRED/65.zip,1665,49.95622500000113,49.986225000001134,propeller_1,478,208,483,210,5,2,10,10,12,1020.0,3,1,0,1,0,1,0,0.9357824779816436,1,138.38833400222939
/Users/eolande/EventMAV/FRED/65.zip,1666,49.986225000001134,50.016225000001135,propeller_1,1144,269,1145,272,1,3,3,3,6,841.5,3,1,0,0,1,1,0,0.9338186795769122,1,138.01641699683387
/Users/eolande/EventMAV/FRED/65.zip,1666,49.986225000001134,50.016225000001135,propeller_2,484,207,489,209,5,2,10,7,9,433.5,4,1,1,1,0,1,0,0.8801629240449156,1,138.01641699683387
/Users/eolande/EventMAV/FRED/65.zip,1667,50.016225000001135,50.04622500000114,propeller_1,489,207,495,209,6,2,12,9,19,816.0,3,1,1,0,0,1,0,0.9793795201163593,1,138.82066599762766
/Users/eolande/EventMAV/FRED/65.zip,1668,50.04622500000114,50.07622500000114,propeller_1,497,205,502,208,5,3,15,8,32,867.0,5,1,1,1,1,1,0,0.8750988119637299,1,138.50708300014958
/Users/eolande/EventMAV/FRED/65.zip,1669,50.07622500000114,50.10622500000114,propeller_1,500,204,508,209,8,5,40,16,63,1300.5,5,1,1,1,1,1,0,0.9108239245901909,1,137.6059169997461
/Users/eolande/EventMAV/FRED/65.zip,1670,50.10622500000114,50.13622500000114,propeller_1,506,203,514,209,8,6,48,22,82,1708.5,4,1,0,1,1,1,0,0.8354039254724157,1,136.92633299797308
/Users/eolande/EventMAV/FRED/65.zip,1671,50.13622500000114,50.16622500000114,propeller_1,510,202,520,209,10,7,70,28,115,2295.0,5,1,1,1,1,1,0,0.9036669927805001,1,140.58037499489728
/Users/eolande/EventMAV/FRED/65.zip,1672,50.16622500000114,50.19622500000114,propeller_1,516,201,525,209,9,8,72,34,123,2779.5,5,1,1,1,1,1,0,0.8898368535932728,1,141.9446660001995
/Users/eolande/EventMAV/FRED/65.zip,1673,50.19622500000114,50.22622500000114,propeller_1,523,202,530,209,7,7,49,28,109,2677.5,5,1,1,1,1,1,0,0.9104005619775581,1,161.1719170032302
/Users/eolande/EventMAV/FRED/65.zip,1674,50.22622500000114,50.256225000001145,propeller_1,528,203,536,209,8,6,48,33,112,2932.5,5,1,1,1,1,1,0,0.9161605083959099,1,141.7591249992256
/Users/eolande/EventMAV/FRED/65.zip,1675,50.256225000001145,50.286225000001146,propeller_1,533,203,541,209,8,6,48,26,105,2116.5,5,1,1,1,1,1,0,0.8803369111108756,1,135.84908300254028
/Users/eolande/EventMAV/FRED/65.zip,1676,50.286225000001146,50.31622500000115,propeller_1,538,203,546,210,8,7,56,25,98,2040.0,5,1,1,1,1,1,0,0.8870126487604305,1,142.6532080004108
/Users/eolande/EventMAV/FRED/65.zip,1677,50.31622500000115,50.34622500000115,propeller_1,546,204,553,211,7,7,49,30,114,2703.0,5,1,1,1,1,1,0,0.9073886966041341,1,137.77179200405953
/Users/eolande/EventMAV/FRED/65.zip,1678,50.34622500000115,50.37622500000115,propeller_1,552,205,558,212,6,7,42,22,97,2014.5,5,1,1,1,1,1,0,0.8905192095949019,1,142.61145800264785
/Users/eolande/EventMAV/FRED/65.zip,1679,50.37622500000115,50.40622500000115,propeller_1,555,205,565,213,10,8,80,39,135,3315.0,4,1,0,1,1,1,0,0.9112150052777419,1,147.41716700518737
/Users/eolande/EventMAV/FRED/65.zip,1680,50.40622500000115,50.43622500000115,propeller_1,564,207,570,213,6,6,36,20,88,1836.0,5,1,1,1,1,1,0,0.893863228625297,1,138.89312500396045
/Users/eolande/EventMAV/FRED/65.zip,1681,50.43622500000115,50.46622500000115,propeller_1,570,207,578,215,8,8,64,36,144,3238.5,6,1,1,1,1,1,1,0.8950654257181905,1,139.20666699414141
/Users/eolande/EventMAV/FRED/65.zip,1682,50.46622500000115,50.496225000001154,propeller_1,576,209,583,216,7,7,49,30,112,2983.5,6,1,1,1,1,1,1,0.9193312092154571,1,142.6424580058665
/Users/eolande/EventMAV/FRED/65.zip,1683,50.496225000001154,50.526225000001155,propeller_1,583,211,590,217,7,6,42,26,107,2193.0,6,1,1,1,1,1,1,0.9331256602707675,1,137.29524999507703
/Users/eolande/EventMAV/FRED/65.zip,1684,50.526225000001155,50.556225000001156,propeller_1,589,212,599,219,10,7,70,37,144,3213.0,5,1,1,1,1,1,0,0.8995722253192325,1,138.40883300144924
/Users/eolande/EventMAV/FRED/65.zip,1685,50.556225000001156,50.58622500000116,propeller_1,596,211,604,220,8,9,72,36,125,2805.0,6,1,1,1,1,1,1,0.8908829485055947,1,137.35604199609952
/Users/eolande/EventMAV/FRED/65.zip,1686,50.58622500000116,50.61622500000116,propeller_1,604,215,611,221,7,6,42,30,111,3009.0,6,1,1,1,1,1,1,0.8919286138044498,1,140.65800000389572
/Users/eolande/EventMAV/FRED/65.zip,1687,50.61622500000116,50.64622500000116,propeller_1,611,217,617,222,6,5,30,17,79,1836.0,4,1,0,1,0,1,1,0.8985097270294805,1,137.57975000044098
/Users/eolande/EventMAV/FRED/65.zip,1688,50.64622500000116,50.67622500000116,propeller_1,615,217,625,223,10,6,60,27,118,2397.0,6,1,1,1,1,1,1,0.9492620482786036,1,135.6732079948415
/Users/eolande/EventMAV/FRED/65.zip,1689,50.67622500000116,50.70622500000116,propeller_1,624,219,633,224,9,5,45,34,119,3315.0,5,1,1,1,1,1,0,0.9300869092956852,1,138.9577090012608
/Users/eolande/EventMAV/FRED/65.zip,1690,50.70622500000116,50.73622500000116,propeller_1,632,221,638,225,6,4,24,19,58,1810.5,4,1,1,1,0,1,0,0.9119965412795121,1,141.7426250045537
/Users/eolande/EventMAV/FRED/65.zip,1691,50.73622500000116,50.766225000001164,propeller_1,638,219,645,226,7,7,49,31,79,2575.5,6,1,1,1,1,1,1,0.9115563893012966,1,132.99579200247535
/Users/eolande/EventMAV/FRED/65.zip,1692,50.766225000001164,50.796225000001165,propeller_2,646,221,656,227,10,6,60,22,103,1963.5,5,1,1,1,1,1,0,0.890427037576095,1,137.13991599797737
/Users/eolande/EventMAV/FRED/65.zip,1693,50.796225000001165,50.826225000001166,propeller_1,696,497,709,502,13,5,65,32,116,2907.0,5,1,1,1,0,1,1,0.9057054840991446,1,142.75812499545282
/Users/eolande/EventMAV/FRED/65.zip,1693,50.796225000001165,50.826225000001166,propeller_2,656,224,663,228,7,4,28,17,62,1504.5,5,1,1,1,1,1,0,0.8936082656084781,1,142.75812499545282
/Users/eolande/EventMAV/FRED/65.zip,1694,50.826225000001166,50.85622500000117,propeller_1,712,498,719,503,7,5,35,20,76,2014.5,4,1,0,1,1,1,0,0.9155114224266903,1,138.59433300240198
/Users/eolande/EventMAV/FRED/65.zip,1694,50.826225000001166,50.85622500000117,propeller_2,664,223,671,229,7,6,42,24,83,1938.0,5,1,1,1,1,1,0,0.9133179692373379,1,138.59433300240198
/Users/eolande/EventMAV/FRED/65.zip,1695,50.85622500000117,50.88622500000117,propeller_1,673,225,679,229,6,4,24,17,68,1785.0,5,1,1,1,1,1,0,0.8890821438966575,1,136.56208299653372
/Users/eolande/EventMAV/FRED/65.zip,1695,50.85622500000117,50.88622500000117,propeller_2,725,500,733,504,8,4,32,12,71,1249.5,6,1,1,1,1,1,1,0.8974022018944446,1,136.56208299653372
/Users/eolande/EventMAV/FRED/65.zip,1696,50.88622500000117,50.91622500000117,propeller_1,736,501,744,506,8,5,40,25,66,2193.0,5,1,0,1,1,1,1,0.8857915312368847,1,135.95695800177054
/Users/eolande/EventMAV/FRED/65.zip,1696,50.88622500000117,50.91622500000117,propeller_2,678,226,688,230,10,4,40,20,96,1836.0,5,1,1,1,1,1,0,0.88664088798257,1,135.95695800177054
/Users/eolande/EventMAV/FRED/65.zip,1697,50.91622500000117,50.94622500000117,propeller_1,686,227,695,232,9,5,45,31,92,2703.0,6,1,1,1,1,1,1,0.8985359523394241,1,146.7149160016561
/Users/eolande/EventMAV/FRED/65.zip,1697,50.91622500000117,50.94622500000117,propeller_2,748,504,750,506,2,2,4,3,13,637.5,4,1,0,1,1,1,0,0.9999977999153409,1,146.7149160016561
/Users/eolande/EventMAV/FRED/65.zip,1698,50.94622500000117,50.97622500000117,propeller_1,692,229,702,232,10,3,30,19,64,2116.5,5,1,1,1,1,1,0,0.9112527711295868,1,139.04674999503186
/Users/eolande/EventMAV/FRED/65.zip,1698,50.94622500000117,50.97622500000117,propeller_2,763,505,769,509,6,4,24,15,43,1096.5,4,1,0,1,1,1,0,0.8868793761547624,1,139.04674999503186
/Users/eolande/EventMAV/FRED/65.zip,1699,50.97622500000117,51.00622500000117,propeller_1,701,229,710,233,9,4,36,25,83,2550.0,5,1,1,1,1,1,0,0.9007117306934329,1,147.69891699688742
/Users/eolande/EventMAV/FRED/65.zip,1699,50.97622500000117,51.00622500000117,propeller_2,776,509,779,510,3,1,3,3,4,612.0,4,1,0,1,1,1,0,0.9550708478300836,1,147.69891699688742
/Users/eolande/EventMAV/FRED/65.zip,1700,51.00622500000117,51.036225000001174,propeller_1,780,506,792,512,12,6,72,33,105,2728.5,5,1,1,1,1,1,0,0.946882751851478,1,142.18575000268174
/Users/eolande/EventMAV/FRED/65.zip,1700,51.00622500000117,51.036225000001174,propeller_2,707,230,718,234,11,4,44,28,83,2524.5,4,1,1,0,0,1,1,0.8949967521605784,1,142.18575000268174
/Users/eolande/EventMAV/FRED/65.zip,1701,51.036225000001174,51.066225000001175,propeller_1,793,507,804,513,11,6,66,35,87,3060.0,6,1,1,1,1,1,1,0.8825386640624945,1,139.02345799579052
/Users/eolande/EventMAV/FRED/65.zip,1701,51.036225000001174,51.066225000001175,propeller_2,715,232,725,234,10,2,20,9,36,1224.0,5,1,1,1,1,1,0,0.9292090833470393,1,139.02345799579052
/Users/eolande/EventMAV/FRED/65.zip,1702,51.066225000001175,51.096225000001176,propeller_1,804,508,814,515,10,7,70,38,79,2983.5,5,1,1,1,1,1,0,0.8776006775667697,1,142.05799999763258
/Users/eolande/EventMAV/FRED/65.zip,1702,51.066225000001175,51.096225000001176,propeller_2,728,231,731,234,3,3,9,7,20,816.0,5,1,1,1,1,1,0,0.8582367688940076,1,142.05799999763258
/Users/eolande/EventMAV/FRED/65.zip,1703,51.096225000001176,51.12622500000118,propeller_1,732,232,743,234,11,2,22,17,41,1530.0,5,1,1,1,1,1,0,0.9629547829721886,1,137.4963749985909
/Users/eolande/EventMAV/FRED/65.zip,1703,51.096225000001176,51.12622500000118,propeller_2,821,512,824,515,3,3,9,5,19,1020.0,4,1,0,1,1,1,0,0.9615398180963444,1,137.4963749985909
/Users/eolande/EventMAV/FRED/65.zip,1704,51.12622500000118,51.15622500000118,propeller_1,826,512,836,516,10,4,40,15,58,1377.0,5,1,1,1,1,1,0,0.919191162413123,1,138.82029199885437
/Users/eolande/EventMAV/FRED/65.zip,1704,51.12622500000118,51.15622500000118,propeller_2,741,233,748,234,7,1,7,7,8,714.0,3,1,1,1,0,0,0,0.926668643637073,1,138.82029199885437
/Users/eolande/EventMAV/FRED/65.zip,1705,51.15622500000118,51.18622500000118,propeller_1,746,233,755,236,9,3,27,18,36,1912.5,5,1,1,1,1,1,0,0.93259205887858,1,134.84600000083447
/Users/eolande/EventMAV/FRED/65.zip,1705,51.15622500000118,51.18622500000118,propeller_2,837,514,840,518,3,4,12,8,17,943.5,4,1,0,1,1,1,0,0.8590882443807977,1,134.84600000083447
/Users/eolande/EventMAV/FRED/65.zip,1706,51.18622500000118,51.21622500000118,propeller_1,847,513,858,521,11,8,88,47,169,5482.5,5,1,0,1,1,1,1,0.9387716767609938,1,138.10649999504676
/Users/eolande/EventMAV/FRED/65.zip,1706,51.18622500000118,51.21622500000118,propeller_2,752,232,763,237,11,5,55,35,76,3009.0,6,1,1,1,1,1,1,0.9367373102581129,1,138.10649999504676
/Users/eolande/EventMAV/FRED/65.zip,1707,51.21622500000118,51.24622500000118,propeller_1,758,232,769,238,11,6,66,39,78,4003.5,5,1,1,1,1,1,0,0.9254438001335332,1,141.39970899850596
/Users/eolande/EventMAV/FRED/65.zip,1707,51.21622500000118,51.24622500000118,propeller_2,856,516,863,521,7,5,35,17,52,1810.5,5,1,1,1,1,1,0,0.9027758125744566,1,141.39970899850596
/Users/eolande/EventMAV/FRED/65.zip,1708,51.24622500000118,51.27622500000118,propeller_1,763,232,775,239,12,7,84,34,66,3060.0,5,1,1,1,1,1,0,0.9152197354834416,1,137.43025000439957
/Users/eolande/EventMAV/FRED/65.zip,1709,51.27622500000118,51.306225000001184,propeller_1,772,232,781,237,9,5,45,24,56,2830.5,6,1,1,1,1,1,1,0.9376525545243874,1,140.73699999426026
/Users/eolande/EventMAV/FRED/65.zip,1710,51.306225000001184,51.336225000001185,propeller_1,778,233,785,237,7,4,28,18,43,1785.0,4,1,1,0,1,1,0,0.9031121721053177,1,141.74591600021813
/Users/eolande/EventMAV/FRED/65.zip,1711,51.336225000001185,51.36622500000119,propeller_1,784,234,790,238,6,4,24,15,34,1479.0,4,1,1,1,0,1,0,0.9352614447075323,1,130.32262500200886
/Users/eolande/EventMAV/FRED/65.zip,1712,51.36622500000119,51.39622500000119,propeller_1,787,234,795,238,8,4,32,23,42,1989.0,5,1,1,1,1,1,0,0.9279191962587083,1,143.34649999364046
/Users/eolande/EventMAV/FRED/65.zip,1713,51.39622500000119,51.42622500000119,propeller_1,792,235,799,239,7,4,28,15,36,1453.5,5,1,1,1,1,1,0,0.9055486186779852,1,137.127292000514
/Users/eolande/EventMAV/FRED/65.zip,1714,51.42622500000119,51.45622500000119,propeller_1,796,236,803,240,7,4,28,16,41,1275.0,5,1,1,1,1,1,0,0.8908502676531326,1,138.64358399587218
/Users/eolande/EventMAV/FRED/65.zip,1715,51.45622500000119,51.48622500000119,propeller_1,802,237,808,241,6,4,24,16,39,1351.5,5,1,1,1,1,1,0,0.9318902773662973,1,137.08433300053002
/Users/eolande/EventMAV/FRED/65.zip,1716,51.48622500000119,51.51622500000119,propeller_1,807,238,811,242,4,4,16,10,31,943.5,5,1,1,1,1,1,0,0.9368087225744781,1,135.75933300307952
/Users/eolande/EventMAV/FRED/65.zip,1717,51.51622500000119,51.54622500000119,propeller_1,810,239,815,242,5,3,15,13,34,1224.0,5,1,1,1,1,1,0,0.9071908970925017,1,135.88054200226907
/Users/eolande/EventMAV/FRED/65.zip,1718,51.54622500000119,51.576225000001195,propeller_2,815,240,819,243,4,3,12,7,32,739.5,5,1,1,1,1,1,0,0.8359124399219661,1,125.32458300120197
/Users/eolande/EventMAV/FRED/65.zip,1719,51.576225000001195,51.606225000001196,propeller_2,817,241,822,244,5,3,15,8,32,969.0,4,1,1,1,0,1,0,0.9224186322665624,1,136.76425000448944
/Users/eolande/EventMAV/FRED/65.zip,1720,51.606225000001196,51.6362250000012,propeller_1,555,239,560,242,5,3,15,11,24,1147.5,5,1,1,1,1,1,0,0.8674863982872407,1,133.14795800397405
/Users/eolande/EventMAV/FRED/65.zip,1721,51.6362250000012,51.6662250000012,propeller_1,824,242,828,246,4,4,16,9,31,867.0,4,1,1,1,0,1,0,0.9269456295135929,1,139.7812499999418
/Users/eolande/EventMAV/FRED/65.zip,1740,52.20622500000122,52.23622500000122,propeller_1,869,536,876,541,7,5,35,19,51,1963.5,4,1,1,0,1,1,0,0.8926194936955911,1,143.46800000203075
/Users/eolande/EventMAV/FRED/65.zip,1741,52.23622500000122,52.26622500000122,propeller_1,865,538,868,541,3,3,9,8,21,816.0,4,1,1,1,0,1,0,0.8896616945110796,1,130.5380839985446
/Users/eolande/EventMAV/FRED/65.zip,1742,52.26622500000122,52.29622500000122,propeller_2,854,539,857,543,3,4,12,12,16,892.5,3,0,0,1,1,1,0,0.8988443935430723,1,139.87387499946635
/Users/eolande/EventMAV/FRED/65.zip,1743,52.29622500000122,52.32622500000122,propeller_2,524,91,527,96,3,5,15,8,29,790.5,4,1,1,1,1,0,0,0.8789406517901182,1,135.711832997913
/Users/eolande/EventMAV/FRED/65.zip,1744,52.32622500000122,52.356225000001224,propeller_2,526,85,529,91,3,6,18,10,28,994.5,5,1,1,1,1,1,0,0.9029685694429608,1,138.0667089979397
/Users/eolande/EventMAV/FRED/65.zip,1744,52.32622500000122,52.356225000001224,propeller_3,545,76,548,79,3,3,9,7,16,714.0,4,1,1,1,1,0,0,0.8865891726409635,1,138.0667089979397
/Users/eolande/EventMAV/FRED/65.zip,1745,52.356225000001224,52.386225000001225,propeller_1,834,539,842,543,8,4,32,22,40,1810.5,5,1,1,1,1,1,0,0.8839090048331348,1,139.18912500230363
/Users/eolande/EventMAV/FRED/65.zip,1745,52.356225000001224,52.386225000001225,propeller_2,529,78,533,84,4,6,24,14,39,1096.5,5,1,0,1,1,1,1,0.8659724907437196,1,139.18912500230363
/Users/eolande/EventMAV/FRED/65.zip,1745,52.356225000001224,52.386225000001225,propeller_4,547,72,550,76,3,4,12,6,12,510.0,3,1,1,1,0,0,0,0.8626996994790226,1,139.18912500230363
/Users/eolande/EventMAV/FRED/65.zip,1746,52.386225000001225,52.416225000001226,propeller_1,531,72,537,79,6,7,42,15,44,1122.0,3,1,1,1,0,0,0,0.8775735904440939,1,138.61708300100872
/Users/eolande/EventMAV/FRED/65.zip,1746,52.386225000001225,52.416225000001226,propeller_2,542,104,547,110,5,6,30,7,25,688.5,4,1,1,1,1,0,0,0.9999988999576704,1,138.61708300100872
/Users/eolande/EventMAV/FRED/65.zip,1747,52.416225000001226,52.44622500000123,propeller_1,536,66,539,71,3,5,15,8,30,892.5,4,1,1,1,1,0,0,0.9234004143654653,1,135.65645799826598
/Users/eolande/EventMAV/FRED/65.zip,1747,52.416225000001226,52.44622500000123,propeller_2,546,98,552,104,6,6,36,8,27,765.0,4,1,1,1,1,0,0,0.9321539092743282,1,135.65645799826598
/Users/eolande/EventMAV/FRED/65.zip,1748,52.44622500000123,52.47622500000123,propeller_1,538,60,543,66,5,6,30,14,36,1071.0,5,1,1,1,1,1,0,0.8733510885560911,1,139.1277920047287
/Users/eolande/EventMAV/FRED/65.zip,1749,52.47622500000123,52.50622500000123,propeller_1,542,54,546,60,4,6,24,11,32,969.0,4,1,1,1,1,0,0,0.8690927171299572,1,138.96204099728493
/Users/eolande/EventMAV/FRED/65.zip,1750,52.50622500000123,52.53622500000123,propeller_1,546,49,550,55,4,6,24,13,27,1020.0,4,1,1,1,1,0,0,0.8881319084686585,1,143.71291600400582
/Users/eolande/EventMAV/FRED/65.zip,1750,52.50622500000123,52.53622500000123,propeller_2,561,84,562,87,1,3,3,3,6,688.5,4,1,1,1,1,0,0,0.9338186795769122,1,143.71291600400582
/Users/eolande/EventMAV/FRED/65.zip,1763,52.896225000001245,52.926225000001246,propeller_1,740,262,746,264,6,2,12,9,13,816.0,4,1,1,1,1,0,0,0.9372986302500588,1,112.06329199922038
/Users/eolande/EventMAV/FRED/65.zip,1765,52.95622500000125,52.98622500000125,propeller_2,730,262,734,264,4,2,8,6,13,714.0,5,1,1,1,1,1,0,0.9123868470543235,1,140.70312499825377
/Users/eolande/EventMAV/FRED/65.zip,1766,52.98622500000125,53.01622500000125,propeller_1,659,544,666,549,7,5,35,18,37,1504.5,5,1,1,1,1,1,0,0.892666630504406,1,138.7264159930055
/Users/eolande/EventMAV/FRED/65.zip,1767,53.01622500000125,53.04622500000125,propeller_1,647,545,656,549,9,4,36,20,39,1504.5,5,1,1,1,1,1,0,0.8709082057894254,1,138.4814999983064
/Users/eolande/EventMAV/FRED/65.zip,1768,53.04622500000125,53.07622500000125,propeller_1,636,544,647,549,11,5,55,36,77,3111.0,6,1,1,1,1,1,1,0.9595461641734427,1,138.6480000001029
/Users/eolande/EventMAV/FRED/65.zip,1769,53.07622500000125,53.10622500000125,propeller_1,628,544,638,549,10,5,50,33,80,3187.5,4,1,0,1,1,1,0,0.9210986024333763,1,139.40474999981234
/Users/eolande/EventMAV/FRED/65.zip,1770,53.10622500000125,53.136225000001254,propeller_1,620,544,628,548,8,4,32,18,39,1989.0,4,1,1,1,0,1,0,0.9032912231190011,1,138.87537499977043
/Users/eolande/EventMAV/FRED/65.zip,1771,53.136225000001254,53.166225000001255,propeller_1,611,544,619,548,8,4,32,26,58,2244.0,4,1,0,1,1,1,0,0.9106025780684528,1,144.92062499630265
/Users/eolande/EventMAV/FRED/65.zip,1772,53.166225000001255,53.196225000001256,propeller_1,600,542,607,547,7,5,35,24,42,1989.0,5,1,1,1,1,1,0,0.8644187118626009,1,142.13679100066656
/Users/eolande/EventMAV/FRED/65.zip,1773,53.196225000001256,53.22622500000126,propeller_1,589,543,599,547,10,4,40,26,70,2805.0,4,1,0,1,1,1,0,0.8794125435500544,1,139.1782080027042
/Users/eolande/EventMAV/FRED/65.zip,1774,53.22622500000126,53.25622500000126,propeller_2,586,543,590,546,4,3,12,10,16,714.0,4,1,1,0,1,1,0,0.898873679731119,1,126.94887499674223
/Users/eolande/EventMAV/FRED/65.zip,1775,53.25622500000126,53.28622500000126,propeller_1,568,541,579,546,11,5,55,24,40,2091.0,4,1,1,1,1,0,0,0.8830121763879399,1,139.28283299901523
/Users/eolande/EventMAV/FRED/65.zip,1776,53.28622500000126,53.31622500000126,propeller_1,667,263,673,267,6,4,24,24,47,2116.5,5,1,1,1,1,1,0,0.9233413773471226,1,136.88900000124704
/Users/eolande/EventMAV/FRED/65.zip,1777,53.31622500000126,53.34622500000126,propeller_1,660,263,668,267,8,4,32,24,50,1963.5,4,1,1,1,1,0,0,0.895305190753438,1,140.62333399488125
/Users/eolande/EventMAV/FRED/65.zip,1777,53.31622500000126,53.34622500000126,propeller_2,551,542,555,545,4,3,12,10,11,1020.0,4,1,1,1,1,0,0,0.8817591531240003,1,140.62333399488125
/Users/eolande/EventMAV/FRED/65.zip,1778,53.34622500000126,53.37622500000126,propeller_1,541,540,550,544,9,4,36,20,37,1708.5,3,1,1,0,0,1,0,0.8987088684449251,1,138.197542000853
/Users/eolande/EventMAV/FRED/65.zip,1778,53.34622500000126,53.37622500000126,propeller_2,655,263,661,267,6,4,24,20,50,1581.0,5,1,1,1,1,1,0,0.8828464749062579,1,138.197542000853
/Users/eolande/EventMAV/FRED/65.zip,1779,53.37622500000126,53.406225000001264,propeller_1,530,540,540,544,10,4,40,25,43,1734.0,4,1,1,1,0,1,0,0.8768848585161289,1,138.79095800075447
/Users/eolande/EventMAV/FRED/65.zip,1779,53.37622500000126,53.406225000001264,propeller_2,649,263,656,266,7,3,21,21,47,1683.0,5,1,1,1,1,1,0,0.8775741358316771,1,138.79095800075447
/Users/eolande/EventMAV/FRED/65.zip,1780,53.406225000001264,53.436225000001265,propeller_1,643,263,651,267,8,4,32,22,46,1989.0,5,1,1,1,1,1,0,0.8665071618064152,1,142.60474999900907
/Users/eolande/EventMAV/FRED/65.zip,1780,53.406225000001264,53.436225000001265,propeller_2,523,540,529,544,6,4,24,14,23,1275.0,3,1,0,0,1,1,0,0.9027155099340336,1,142.60474999900907
/Users/eolande/EventMAV/FRED/65.zip,1781,53.436225000001265,53.466225000001266,propeller_1,638,263,643,266,5,3,15,14,29,1249.5,5,1,1,1,1,1,0,0.9002508117407351,1,148.29895800357917
/Users/eolande/EventMAV/FRED/65.zip,1782,53.466225000001266,53.49622500000127,propeller_1,635,264,637,266,2,2,4,4,6,663.0,4,1,1,1,1,0,0,1.0,1,141.34970800660085
/Users/eolande/EventMAV/FRED/65.zip,1783,53.49622500000127,53.52622500000127,propeller_1,627,263,631,266,4,3,12,9,22,1147.5,4,1,1,1,1,0,0,0.888039651465621,1,144.4609579993994
/Users/eolande/EventMAV/FRED/65.zip,1784,53.52622500000127,53.55622500000127,propeller_1,621,263,626,266,5,3,15,12,27,892.5,4,1,1,1,1,0,0,0.8574993135873117,1,145.61141599551775
/Users/eolande/EventMAV/FRED/65.zip,1785,53.55622500000127,53.58622500000127,propeller_1,614,263,618,267,4,4,16,12,27,1020.0,5,1,1,1,1,1,0,0.88269949508035,1,117.006542001036
/Users/eolande/EventMAV/FRED/65.zip,1786,53.58622500000127,53.61622500000127,propeller_1,609,263,611,265,2,2,4,4,10,535.5,3,1,1,1,0,0,0,1.0,1,110.92554099741392
/Users/eolande/EventMAV/FRED/65.zip,1787,53.61622500000127,53.64622500000127,propeller_1,602,263,609,266,7,3,21,19,37,1453.5,5,1,1,1,1,1,0,0.876617324707714,1,144.1611669943086
/Users/eolande/EventMAV/FRED/65.zip,1788,53.64622500000127,53.676225000001274,propeller_1,598,263,601,266,3,3,9,7,14,994.5,5,1,1,1,1,1,0,0.9121415024834613,1,115.14958299812861
/Users/eolande/EventMAV/FRED/65.zip,1789,53.676225000001274,53.706225000001275,propeller_1,587,262,597,266,10,4,40,25,50,1938.0,4,1,1,1,1,0,0,0.9019373172805092,1,127.32749999850057
/Users/eolande/EventMAV/FRED/65.zip,1790,53.706225000001275,53.736225000001276,propeller_1,583,262,590,266,7,4,28,17,40,1351.5,5,1,1,1,1,1,0,0.8815839564683003,1,140.30029099376407
/Users/eolande/EventMAV/FRED/65.zip,1791,53.736225000001276,53.76622500000128,propeller_1,578,262,587,265,9,3,27,13,37,1198.5,5,1,1,1,1,1,0,0.8924462316427271,1,140.73904199904064
/Users/eolande/EventMAV/FRED/65.zip,1793,53.79622500000128,53.82622500000128,propeller_2,564,261,567,262,3,1,3,3,2,535.5,3,1,0,1,1,0,0,0.9338186795769122,1,113.60574999707751
/Users/eolande/EventMAV/FRED/65.zip,1794,53.82622500000128,53.85622500000128,propeller_1,559,261,570,265,11,4,44,15,46,1453.5,5,1,1,1,1,1,0,0.8988770893361693,1,133.27137499436503
/Users/eolande/EventMAV/FRED/65.zip,1795,53.85622500000128,53.88622500000128,propeller_2,557,261,562,264,5,3,15,9,30,841.5,5,1,1,1,1,1,0,0.8675561272794504,1,141.0850410029525
/Users/eolande/EventMAV/FRED/65.zip,1796,53.88622500000128,53.91622500000128,propeller_1,362,532,372,537,10,5,50,33,62,2983.5,5,1,1,1,1,1,0,0.9131409434940019,1,146.20237499912037
/Users/eolande/EventMAV/FRED/65.zip,1796,53.88622500000128,53.91622500000128,propeller_2,554,261,556,264,2,3,6,5,10,586.5,4,1,1,1,1,0,0,0.9134944084408451,1,146.20237499912037
/Users/eolande/EventMAV/FRED/65.zip,1797,53.91622500000128,53.946225000001284,propeller_1,359,531,364,536,5,5,25,12,27,1275.0,4,1,1,1,0,1,0,0.8693785259026676,1,135.64999999653082
/Users/eolande/EventMAV/FRED/65.zip,1797,53.91622500000128,53.946225000001284,propeller_2,546,258,549,264,3,6,18,11,25,969.0,4,1,1,1,1,0,0,0.8545909208567366,1,135.64999999653082
/Users/eolande/EventMAV/FRED/65.zip,1798,53.946225000001284,53.976225000001286,propeller_1,349,531,356,535,7,4,28,15,40,1377.0,5,1,1,1,1,1,0,0.8767544219712583,1,130.85783299902687
/Users/eolande/EventMAV/FRED/65.zip,1799,53.976225000001286,54.00622500000129,propeller_1,337,530,341,533,4,3,12,9,23,841.5,3,1,0,0,1,1,0,0.9113876372818238,1,111.21674999594688
/Users/eolande/EventMAV/FRED/65.zip,1800,54.00622500000129,54.03622500000129,propeller_1,329,529,337,533,8,4,32,22,58,1989.0,4,1,1,0,1,1,0,0.9234028478739863,1,139.02337499894202
/Users/eolande/EventMAV/FRED/65.zip,1801,54.03622500000129,54.06622500000129,propeller_1,321,528,333,533,12,5,60,45,125,5125.5,4,1,0,1,1,1,0,0.9552631352271442,1,142.84116699855076
/Users/eolande/EventMAV/FRED/65.zip,1802,54.06622500000129,54.09622500000129,propeller_1,314,527,326,533,12,6,72,50,148,6145.5,4,1,0,1,1,1,0,0.9616415336328945,1,144.29145800386323
/Users/eolande/EventMAV/FRED/65.zip,1802,54.06622500000129,54.09622500000129,propeller_2,526,259,527,262,1,3,3,3,5,459.0,3,1,0,1,1,0,0,0.9338186795769122,1,144.29145800386323
/Users/eolande/EventMAV/FRED/65.zip,1803,54.09622500000129,54.12622500000129,propeller_1,307,526,319,531,12,5,60,46,131,5227.5,6,1,1,1,1,1,1,0.9560105704892916,1,144.02100000006612
/Users/eolande/EventMAV/FRED/65.zip,1804,54.12622500000129,54.15622500000129,propeller_1,300,525,311,530,11,5,55,43,137,5227.5,5,1,1,1,1,1,0,0.9662337041983395,1,142.96529199782526
/Users/eolande/EventMAV/FRED/65.zip,1805,54.15622500000129,54.18622500000129,propeller_1,294,524,303,529,9,5,45,36,118,4360.5,5,1,1,1,1,1,0,0.9569454576633192,1,144.45566699578194
/Users/eolande/EventMAV/FRED/65.zip,1805,54.15622500000129,54.18622500000129,propeller_3,510,257,515,260,5,3,15,6,24,637.5,4,1,1,1,1,0,0,0.8442922836652615,1,144.45566699578194
/Users/eolande/EventMAV/FRED/65.zip,1806,54.18622500000129,54.216225000001295,propeller_1,288,523,298,528,10,5,50,36,133,4845.0,5,1,1,1,1,1,0,0.9489056227532099,1,141.02054199611302
/Users/eolande/EventMAV/FRED/65.zip,1806,54.18622500000129,54.216225000001295,propeller_3,510,257,511,260,1,3,3,3,3,382.5,4,1,1,1,1,0,0,0.9338186795769122,1,141.02054199611302
/Users/eolande/EventMAV/FRED/65.zip,1807,54.216225000001295,54.246225000001296,propeller_1,283,522,293,528,10,6,60,38,113,4335.0,5,1,1,1,1,1,0,0.9308119868035163,1,138.26683300430886
/Users/eolande/EventMAV/FRED/65.zip,1808,54.246225000001296,54.2762250000013,propeller_1,276,521,285,526,9,5,45,37,111,4029.0,5,1,1,1,1,1,0,0.9599726956703805,1,139.69250000081956
/Users/eolande/EventMAV/FRED/65.zip,1809,54.2762250000013,54.3062250000013,propeller_1,272,520,279,526,7,6,42,24,84,2881.5,5,1,1,1,1,1,0,0.9399432725733536,1,136.97074999799952
/Users/eolande/EventMAV/FRED/65.zip,1810,54.3062250000013,54.3362250000013,propeller_1,267,519,275,525,8,6,48,31,117,3850.5,4,1,1,1,0,1,0,0.9634115366861492,1,138.30404200416524
/Users/eolande/EventMAV/FRED/65.zip,1811,54.3362250000013,54.3662250000013,propeller_1,263,518,271,523,8,5,40,26,84,2881.5,5,1,0,1,1,1,1,0.9516609709071929,1,143.39545799884945
/Users/eolande/EventMAV/FRED/65.zip,1812,54.3662250000013,54.3962250000013,propeller_1,258,518,265,522,7,4,28,24,99,3442.5,6,1,1,1,1,1,1,0.9477037697841386,1,140.38283300033072
/Users/eolande/EventMAV/FRED/65.zip,1813,54.3962250000013,54.4262250000013,propeller_1,256,518,262,521,6,3,18,18,56,2601.0,5,1,1,1,0,1,1,0.9273493551482831,1,147.8035420004744
/Users/eolande/EventMAV/FRED/65.zip,1815,54.456225000001304,54.486225000001305,propeller_1,479,257,481,259,2,2,4,3,5,331.5,3,1,1,0,1,0,0,0.9961721118595004,1,152.48925000196323
/Users/eolande/EventMAV/FRED/65.zip,1821,54.63622500000131,54.66622500000131,propeller_1,457,261,460,263,3,2,6,4,10,765.0,5,1,1,1,1,1,0,0.8898324956197122,1,143.43175000249175
/Users/eolande/EventMAV/FRED/65.zip,1823,54.69622500000131,54.726225000001314,propeller_1,450,263,457,266,7,3,21,13,28,1147.5,5,1,1,1,1,1,0,0.8516943676049733,1,142.43200000055367
/Users/eolande/EventMAV/FRED/65.zip,1824,54.726225000001314,54.756225000001315,propeller_1,448,265,454,268,6,3,18,11,28,1096.5,3,1,1,0,0,1,0,0.9000917303856556,1,138.7877080051112
/Users/eolande/EventMAV/FRED/65.zip,1825,54.756225000001315,54.786225000001316,propeller_1,445,265,450,270,5,5,25,14,36,1428.0,4,1,1,0,1,1,0,0.9307934231383646,1,140.31362499372335
/Users/eolande/EventMAV/FRED/65.zip,1826,54.786225000001316,54.81622500000132,propeller_1,441,268,448,271,7,3,21,16,37,1530.0,5,1,1,1,1,1,0,0.9181529597889837,1,129.42441700579366
/Users/eolande/EventMAV/FRED/65.zip,1827,54.81622500000132,54.84622500000132,propeller_1,438,270,445,273,7,3,21,13,32,1173.0,5,1,1,1,1,1,0,0.9209503822146559,1,140.45479099877411
/Users/eolande/EventMAV/FRED/65.zip,1828,54.84622500000132,54.87622500000132,propeller_1,434,270,443,275,9,5,45,21,51,1759.5,5,1,1,1,1,1,0,0.8967359118665941,1,138.3491669985233
/Users/eolande/EventMAV/FRED/65.zip,1829,54.87622500000132,54.90622500000132,propeller_1,432,274,439,277,7,3,21,16,42,1657.5,5,1,1,1,1,1,0,0.9356115084209071,1,136.6315410050447
/Users/eolande/EventMAV/FRED/65.zip,1830,54.90622500000132,54.93622500000132,propeller_1,429,276,437,279,8,3,24,18,39,1581.0,5,1,1,1,1,1,0,0.8450992135268067,1,139.92087499354966
/Users/eolande/EventMAV/FRED/65.zip,1831,54.93622500000132,54.96622500000132,propeller_1,425,278,433,281,8,3,24,18,41,1683.0,5,1,1,1,1,1,0,0.8981476748983246,1,135.12333299877355
/Users/eolande/EventMAV/FRED/65.zip,1832,54.96622500000132,54.996225000001324,propeller_1,422,280,430,284,8,4,32,22,61,2397.0,6,1,1,1,1,1,1,0.9161539011049227,1,137.639249995118
/Users/eolande/EventMAV/FRED/65.zip,1833,54.996225000001324,55.026225000001325,propeller_1,420,282,426,286,6,4,24,17,44,1989.0,6,1,1,1,1,1,1,0.9449850685626666,1,140.37279200420016
/Users/eolande/EventMAV/FRED/65.zip,1834,55.026225000001325,55.05622500000133,propeller_1,417,285,424,289,7,4,28,23,54,1810.5,6,1,1,1,1,1,1,0.921036961588501,1,139.33437500236323
/Users/eolande/EventMAV/FRED/65.zip,1835,55.05622500000133,55.08622500000133,propeller_1,414,288,422,292,8,4,32,21,66,2167.5,5,1,1,1,1,1,0,0.9301804945754206,1,135.28204199974425
/Users/eolande/EventMAV/FRED/65.zip,1836,55.08622500000133,55.11622500000133,propeller_1,411,290,418,295,7,5,35,22,58,2116.5,6,1,1,1,1,1,1,0.9182546458914889,1,138.0177500032005
/Users/eolande/EventMAV/FRED/65.zip,1837,55.11622500000133,55.14622500000133,propeller_1,408,293,415,298,7,5,35,20,63,1887.0,5,1,1,1,1,1,0,0.9152912320443523,1,138.47841700044228
/Users/eolande/EventMAV/FRED/65.zip,1838,55.14622500000133,55.17622500000133,propeller_1,402,296,414,300,12,4,48,23,65,2142.0,5,1,1,1,1,1,0,0.9455588837143988,1,139.2439579940401
/Users/eolande/EventMAV/FRED/65.zip,1839,55.17622500000133,55.20622500000133,propeller_1,402,300,412,304,10,4,40,27,71,2524.5,5,1,1,1,1,1,0,0.895416973074922,1,145.89062499726424
/Users/eolande/EventMAV/FRED/65.zip,1840,55.20622500000133,55.23622500000133,propeller_1,398,301,408,307,10,6,60,41,91,3544.5,6,1,1,1,1,1,1,0.9079174303882556,1,140.05037499737227
/Users/eolande/EventMAV/FRED/65.zip,1841,55.23622500000133,55.266225000001334,propeller_1,397,306,406,310,9,4,36,26,72,2754.0,5,1,1,1,1,1,0,0.9436473881716094,1,139.8522080053226
/Users/eolande/EventMAV/FRED/65.zip,1842,55.266225000001334,55.296225000001336,propeller_1,394,309,400,313,6,4,24,15,52,1836.0,5,1,1,1,0,1,1,0.9270784580005358,1,137.91695800318848
/Users/eolande/EventMAV/FRED/65.zip,1843,55.296225000001336,55.32622500000134,propeller_1,392,312,400,316,8,4,32,25,67,2524.5,5,1,1,0,1,1,1,0.9249947607312039,1,137.9452080000192
/Users/eolande/EventMAV/FRED/65.zip,1844,55.32622500000134,55.35622500000134,propeller_1,389,314,397,318,8,4,32,22,64,2575.5,6,1,1,1,1,1,1,0.9281275964478353,1,138.96645899512805
/Users/eolande/EventMAV/FRED/65.zip,1845,55.35622500000134,55.38622500000134,propeller_1,384,315,394,322,10,7,70,31,86,2830.5,6,1,1,1,1,1,1,0.9523732055990286,1,143.7711250036955
/Users/eolande/EventMAV/FRED/65.zip,1846,55.38622500000134,55.41622500000134,propeller_1,385,320,393,324,8,4,32,24,60,2703.0,6,1,1,1,1,1,1,0.9494831686969598,1,138.35812500474276
/Users/eolande/EventMAV/FRED/65.zip,1847,55.41622500000134,55.44622500000134,propeller_1,380,320,390,326,10,6,60,24,74,2626.5,5,1,1,1,1,1,0,0.9561001900086445,1,139.8170420070528
/Users/eolande/EventMAV/FRED/65.zip,1848,55.44622500000134,55.47622500000134,propeller_1,380,324,388,328,8,4,32,20,53,2269.5,6,1,1,1,1,1,1,0.9254760996530436,1,162.27412500302307
/Users/eolande/EventMAV/FRED/65.zip,1849,55.47622500000134,55.50622500000134,propeller_1,378,326,387,330,9,4,36,23,54,1963.5,5,1,1,1,1,1,0,0.9394304605928769,1,169.22891700232867
/Users/eolande/EventMAV/FRED/65.zip,1850,55.50622500000134,55.536225000001345,propeller_1,376,328,384,331,8,3,24,20,45,1785.0,5,1,1,1,1,1,0,0.9294169719302292,1,142.7152499963995
/Users/eolande/EventMAV/FRED/65.zip,1851,55.536225000001345,55.566225000001346,propeller_1,374,330,382,333,8,3,24,21,55,2193.0,5,1,1,1,1,1,0,0.8739862259867461,1,152.55933399748756
/Users/eolande/EventMAV/FRED/65.zip,1852,55.566225000001346,55.59622500000135,propeller_1,372,331,380,335,8,4,32,21,54,2116.5,5,1,1,1,1,1,0,0.8966755911647363,1,157.25541600113502
/Users/eolande/EventMAV/FRED/65.zip,1853,55.59622500000135,55.62622500000135,propeller_1,370,332,378,336,8,4,32,22,57,2371.5,6,1,1,1,1,1,1,0.906287133946524,1,143.51525000529364
/Users/eolande/EventMAV/FRED/65.zip,1854,55.62622500000135,55.65622500000135,propeller_1,369,334,376,337,7,3,21,15,33,1173.0,5,1,1,1,1,1,0,0.885366677411966,1,135.9996669998509
/Users/eolande/EventMAV/FRED/65.zip,1855,55.65622500000135,55.68622500000135,propeller_1,366,334,375,338,9,4,36,22,50,2167.5,4,1,0,1,1,1,0,0.9327101246725142,1,139.48362500377698
/Users/eolande/EventMAV/FRED/65.zip,1856,55.68622500000135,55.71622500000135,propeller_1,366,336,373,339,7,3,21,15,30,1759.5,5,1,1,1,1,1,0,0.9012954025446047,1,143.55679199798033
/Users/eolande/EventMAV/FRED/65.zip,1857,55.71622500000135,55.74622500000135,propeller_1,367,335,371,340,4,5,20,17,26,1836.0,5,1,1,1,1,1,0,0.9631643019495342,1,140.92550000350457
/Users/eolande/EventMAV/FRED/65.zip,1858,55.74622500000135,55.776225000001354,propeller_1,365,337,369,340,4,3,12,12,30,2014.5,3,1,1,0,1,0,0,0.9331741815427932,1,140.12650000222493
/Users/eolande/EventMAV/FRED/65.zip,1859,55.776225000001354,55.806225000001355,propeller_1,356,338,366,341,10,3,30,16,36,1122.0,3,1,1,0,1,0,0,0.8829724680498934,1,142.88083300198196
/Users/eolande/EventMAV/FRED/65.zip,1860,55.806225000001355,55.836225000001356,propeller_1,355,338,366,341,11,3,33,23,56,2626.5,4,1,1,0,1,1,0,0.9062465842374944,1,218.7212080025347
/Users/eolande/EventMAV/FRED/65.zip,1861,55.836225000001356,55.86622500000136,propeller_1,359,338,364,341,5,3,15,15,29,1759.5,5,1,1,1,1,1,0,0.9263841538088223,1,139.076457999181
/Users/eolande/EventMAV/FRED/65.zip,1862,55.86622500000136,55.89622500000136,propeller_1,357,338,362,341,5,3,15,14,31,1989.0,5,1,1,1,1,1,0,0.921170556734743,1,137.3679579992313
/Users/eolande/EventMAV/FRED/65.zip,1863,55.89622500000136,55.92622500000136,propeller_1,356,337,360,341,4,4,16,15,33,1963.5,4,1,1,1,1,0,0,0.940861760651521,1,137.62008299818262
/Users/eolande/EventMAV/FRED/65.zip,1865,55.95622500000136,55.98622500000136,propeller_1,352,337,357,341,5,4,20,18,36,2091.0,3,1,1,1,0,0,0,0.9386660468523336,1,140.06541699927766
/Users/eolande/EventMAV/FRED/65.zip,1866,55.98622500000136,56.01622500000136,propeller_1,350,338,355,341,5,3,15,14,25,1785.0,4,1,1,1,1,0,0,0.9363498550167205,1,143.94312500371598
/Users/eolande/EventMAV/FRED/65.zip,1869,56.076225000001365,56.106225000001366,propeller_1,345,335,350,340,5,5,25,21,46,2550.0,5,1,1,1,1,1,0,0.9389994735758858,1,140.26879199809628
/Users/eolande/EventMAV/FRED/65.zip,1870,56.106225000001366,56.13622500000137,propeller_1,335,335,347,340,12,5,60,18,53,1632.0,4,1,1,0,1,1,0,0.945989644315961,1,139.40233400353463
/Users/eolande/EventMAV/FRED/65.zip,1871,56.13622500000137,56.16622500000137,propeller_1,334,335,346,340,12,5,60,25,65,3034.5,4,1,1,0,1,1,0,0.9291127526942669,1,133.8897090026876
/Users/eolande/EventMAV/FRED/65.zip,1872,56.16622500000137,56.19622500000137,propeller_1,340,336,344,339,4,3,12,12,26,1530.0,4,1,1,1,1,0,0,0.9160063939504482,1,134.6618750030757
/Users/eolande/EventMAV/FRED/65.zip,1873,56.19622500000137,56.22622500000137,propeller_1,337,334,342,339,5,5,25,21,43,2677.5,4,1,1,0,1,1,0,0.9386254602406775,1,135.386166999524
/Users/eolande/EventMAV/FRED/65.zip,1874,56.22622500000137,56.25622500000137,propeller_1,335,334,341,338,6,4,24,19,30,1989.0,5,1,1,1,1,1,0,0.9448518742445607,1,143.6248340032762
/Users/eolande/EventMAV/FRED/65.zip,1875,56.25622500000137,56.28622500000137,propeller_1,335,333,340,338,5,5,25,21,38,2422.5,5,1,1,0,1,1,1,0.9268113174643924,1,131.42133400106104
/Users/eolande/EventMAV/FRED/65.zip,1876,56.28622500000137,56.316225000001374,propeller_1,330,333,338,337,8,4,32,20,40,2575.5,5,1,1,1,1,1,0,0.9200912512157814,1,140.77916699898196
/Users/eolande/EventMAV/FRED/65.zip,1877,56.316225000001374,56.346225000001375,propeller_1,331,332,336,337,5,5,25,23,52,3468.0,4,1,1,0,1,1,0,0.905197376825792,1,136.72020800004248
/Users/eolande/EventMAV/FRED/65.zip,1878,56.346225000001375,56.37622500000138,propeller_1,329,331,334,336,5,5,25,19,48,3060.0,5,1,1,1,1,1,0,0.9080166604689026,1,132.85783299943432
/Users/eolande/EventMAV/FRED/65.zip,1879,56.37622500000138,56.40622500000138,propeller_1,325,332,333,335,8,3,24,19,33,1989.0,5,1,1,1,1,1,0,0.8957191284129657,1,133.64445800107205
/Users/eolande/EventMAV/FRED/65.zip,1880,56.40622500000138,56.43622500000138,propeller_1,323,331,328,334,5,3,15,7,16,994.5,3,1,1,0,0,1,0,0.8692985453089751,1,139.3423339977744
/Users/eolande/EventMAV/FRED/65.zip,1881,56.43622500000138,56.46622500000138,propeller_1,313,328,329,335,16,7,112,36,88,3391.5,5,1,1,1,1,1,0,0.9393586648273876,1,145.9798329960904
/Users/eolande/EventMAV/FRED/65.zip,1882,56.46622500000138,56.49622500000138,propeller_1,311,326,326,334,15,8,120,33,70,2907.0,4,1,0,1,1,1,0,0.8908921288167578,1,124.5755419950001
/Users/eolande/EventMAV/FRED/65.zip,1883,56.49622500000138,56.52622500000138,propeller_1,309,326,326,333,17,7,119,26,77,3136.5,5,1,1,1,1,1,0,0.9173417209230674,1,138.8650839944603
/Users/eolande/EventMAV/FRED/65.zip,1884,56.52622500000138,56.55622500000138,propeller_1,308,324,324,332,16,8,128,42,111,5431.5,5,1,1,1,1,1,0,0.8851039735406517,1,139.00279100198532
/Users/eolande/EventMAV/FRED/65.zip,1885,56.55622500000138,56.586225000001384,propeller_1,307,323,316,331,9,8,72,29,74,3646.5,5,1,1,1,1,1,0,0.9238280795408018,1,138.77037500060396
/Users/eolande/EventMAV/FRED/65.zip,1886,56.586225000001384,56.616225000001386,propeller_1,305,322,318,330,13,8,104,34,89,4233.0,4,1,1,0,1,1,0,0.9551350762242413,1,136.3912920060102
/Users/eolande/EventMAV/FRED/65.zip,1887,56.616225000001386,56.64622500000139,propeller_1,304,321,314,329,10,8,80,25,62,3340.5,5,1,1,0,1,1,1,0.924286657732425,1,137.06866699794773
/Users/eolande/EventMAV/FRED/65.zip,1888,56.64622500000139,56.67622500000139,propeller_1,304,320,317,327,13,7,91,29,83,3340.5,5,1,1,1,1,1,0,0.9056557510227163,1,140.3048749998561
/Users/eolande/EventMAV/FRED/65.zip,1889,56.67622500000139,56.70622500000139,propeller_1,309,323,315,326,6,3,18,15,39,1785.0,4,1,1,0,0,1,1,0.9445492835621827,1,137.1360420016572
/Users/eolande/EventMAV/FRED/65.zip,1889,56.67622500000139,56.70622500000139,propeller_2,729,533,739,536,10,3,30,19,58,1530.0,4,1,0,1,1,1,0,0.8864007421225742,1,137.1360420016572
/Users/eolande/EventMAV/FRED/65.zip,1890,56.70622500000139,56.73622500000139,propeller_1,739,531,747,536,8,5,40,29,75,2703.0,4,1,1,0,1,1,0,0.952031689739461,1,139.2024169981596
/Users/eolande/EventMAV/FRED/65.zip,1890,56.70622500000139,56.73622500000139,propeller_2,309,321,317,325,8,4,32,13,55,1147.5,3,1,1,0,0,1,0,0.9172624196176329,1,139.2024169981596
/Users/eolande/EventMAV/FRED/65.zip,1891,56.73622500000139,56.76622500000139,propeller_1,309,318,316,324,7,6,42,22,76,1938.0,5,1,1,1,1,1,0,0.874048649116816,1,136.6723750033998
/Users/eolande/EventMAV/FRED/65.zip,1891,56.73622500000139,56.76622500000139,propeller_2,747,532,756,535,9,3,27,23,63,1836.0,6,1,1,1,1,1,1,0.8698501890259964,1,136.6723750033998
/Users/eolande/EventMAV/FRED/65.zip,1892,56.76622500000139,56.79622500000139,propeller_1,755,531,766,535,11,4,44,37,119,4284.0,5,1,1,1,1,1,0,0.9424624536077939,1,144.64616700570332
/Users/eolande/EventMAV/FRED/65.zip,1892,56.76622500000139,56.79622500000139,propeller_2,310,317,318,323,8,6,48,23,100,2626.5,5,1,1,1,1,1,0,0.9023342675328683,1,144.64616700570332
/Users/eolande/EventMAV/FRED/65.zip,1893,56.79622500000139,56.82622500000139,propeller_1,762,530,774,534,12,4,48,44,142,5100.0,5,1,1,1,1,1,0,0.9617436046372513,1,138.9060840010643
/Users/eolande/EventMAV/FRED/65.zip,1893,56.79622500000139,56.82622500000139,propeller_2,314,318,319,322,5,4,20,12,37,1275.0,3,1,1,0,0,1,0,0.9120695194209945,1,138.9060840010643
/Users/eolande/EventMAV/FRED/65.zip,1894,56.82622500000139,56.856225000001395,propeller_1,769,528,780,533,11,5,55,40,92,4233.0,5,1,1,1,1,1,0,0.9531219424562113,1,140.08991699665785
/Users/eolande/EventMAV/FRED/65.zip,1894,56.82622500000139,56.856225000001395,propeller_2,311,314,322,321,11,7,77,24,121,1989.0,5,1,1,1,1,1,0,0.9060216315919344,1,140.08991699665785
/Users/eolande/EventMAV/FRED/65.zip,1895,56.856225000001395,56.886225000001396,propeller_1,777,528,789,532,12,4,48,45,113,4411.5,5,1,1,1,1,1,0,0.9329007630256112,1,139.01049999549286
/Users/eolande/EventMAV/FRED/65.zip,1895,56.856225000001395,56.886225000001396,propeller_2,311,310,322,318,11,8,88,32,144,2779.5,5,1,1,1,1,1,0,0.8600333885825692,1,139.01049999549286
/Users/eolande/EventMAV/FRED/65.zip,1896,56.886225000001396,56.9162250000014,propeller_1,786,526,797,531,11,5,55,41,107,4233.0,5,1,1,1,1,1,0,0.9471961131938041,1,139.3627910001669
/Users/eolande/EventMAV/FRED/65.zip,1896,56.886225000001396,56.9162250000014,propeller_2,312,308,329,317,17,9,153,46,193,3315.0,5,1,1,1,1,1,0,0.8713642051901123,1,139.3627910001669
/Users/eolande/EventMAV/FRED/65.zip,1897,56.9162250000014,56.9462250000014,propeller_1,793,525,804,530,11,5,55,38,138,4921.5,6,1,1,1,1,1,1,0.9613460818684845,1,140.477542001463
/Users/eolande/EventMAV/FRED/65.zip,1897,56.9162250000014,56.9462250000014,propeller_2,314,306,330,315,16,9,144,43,199,3850.5,5,1,1,1,1,1,0,0.8651658700897163,1,140.477542001463
/Users/eolande/EventMAV/FRED/65.zip,1898,56.9462250000014,56.9762250000014,propeller_1,800,524,813,530,13,6,78,60,254,7675.5,4,1,0,1,1,1,0,0.9621831218284004,1,140.5084590005572
/Users/eolande/EventMAV/FRED/65.zip,1898,56.9462250000014,56.9762250000014,propeller_2,316,304,331,314,15,10,150,51,206,4411.5,5,1,1,1,1,1,0,0.8522881226030408,1,140.5084590005572
/Users/eolande/EventMAV/FRED/65.zip,1899,56.9762250000014,57.0062250000014,propeller_1,807,523,821,528,14,5,70,61,272,7777.5,5,1,1,1,1,1,0,0.9628055502072397,1,137.88041699444875
/Users/eolande/EventMAV/FRED/65.zip,1899,56.9762250000014,57.0062250000014,propeller_2,320,302,337,313,17,11,187,57,237,5023.5,5,1,1,1,1,1,0,0.8900905251893491,1,137.88041699444875
/Users/eolande/EventMAV/FRED/65.zip,1900,57.0062250000014,57.0362250000014,propeller_1,815,522,827,528,12,6,72,57,269,7318.5,4,1,0,1,1,1,0,0.9692175423874628,1,139.81600000261096
/Users/eolande/EventMAV/FRED/65.zip,1900,57.0062250000014,57.0362250000014,propeller_2,323,300,340,311,17,11,187,64,240,5253.0,5,1,1,1,1,1,0,0.8540288502243497,1,139.81600000261096
/Users/eolande/EventMAV/FRED/65.zip,1901,57.0362250000014,57.0662250000014,propeller_1,822,521,834,526,12,5,60,49,162,5890.5,4,1,0,1,1,1,0,0.9613890374345695,1,142.3709590017097
/Users/eolande/EventMAV/FRED/65.zip,1901,57.0362250000014,57.0662250000014,propeller_2,327,299,344,310,17,11,187,45,235,4794.0,5,1,1,1,1,1,0,0.910266979997787,1,142.3709590017097
/Users/eolande/EventMAV/FRED/65.zip,1902,57.0662250000014,57.096225000001404,propeller_1,330,296,348,308,18,12,216,71,282,6196.5,5,1,1,1,1,1,0,0.8754603254629774,1,136.80079199548345
/Users/eolande/EventMAV/FRED/65.zip,1902,57.0662250000014,57.096225000001404,propeller_2,829,519,839,524,10,5,50,40,141,4870.5,5,1,1,1,1,1,0,0.9495013287396101,1,136.80079199548345
/Users/eolande/EventMAV/FRED/65.zip,1903,57.096225000001404,57.126225000001405,propeller_1,333,295,354,306,21,11,231,68,299,6528.0,4,1,1,1,0,1,0,0.8629232861782417,1,140.57912499993108
/Users/eolande/EventMAV/FRED/65.zip,1903,57.096225000001404,57.126225000001405,propeller_2,836,518,846,523,10,5,50,38,126,3927.0,3,1,0,1,0,1,0,0.9522569335656386,1,140.57912499993108
/Users/eolande/EventMAV/FRED/65.zip,1904,57.126225000001405,57.156225000001406,propeller_1,338,294,358,306,20,12,240,76,322,7548.0,5,1,1,1,1,1,0,0.931615088558208,1,138.62254099512938
/Users/eolande/EventMAV/FRED/65.zip,1904,57.126225000001405,57.156225000001406,propeller_2,843,517,855,521,12,4,48,45,140,5151.0,5,1,1,1,1,1,0,0.9331030324064351,1,138.62254099512938
/Users/eolande/EventMAV/FRED/65.zip,1905,57.156225000001406,57.18622500000141,propeller_1,342,293,364,305,22,12,264,91,367,8466.0,5,1,1,1,1,1,0,0.9137381382290866,1,138.34183300059522
/Users/eolande/EventMAV/FRED/65.zip,1905,57.156225000001406,57.18622500000141,propeller_2,849,515,861,520,12,5,60,51,220,6732.0,5,1,1,1,1,1,0,0.9653326902984237,1,138.34183300059522
/Users/eolande/EventMAV/FRED/65.zip,1906,57.18622500000141,57.21622500000141,propeller_1,348,291,369,304,21,13,273,93,388,8568.0,5,1,1,1,1,1,0,0.9069744152113816,1,141.44379199569812
/Users/eolande/EventMAV/FRED/65.zip,1906,57.18622500000141,57.21622500000141,propeller_2,856,513,864,518,8,5,40,32,153,4590.0,5,1,1,1,1,1,0,0.9501910228003458,1,141.44379199569812
/Users/eolande/EventMAV/FRED/65.zip,1907,57.21622500000141,57.24622500000141,propeller_1,353,290,374,302,21,12,252,96,395,8950.5,5,1,1,1,1,1,0,0.9267868302704565,1,136.71033399441512
/Users/eolande/EventMAV/FRED/65.zip,1907,57.21622500000141,57.24622500000141,propeller_2,864,512,871,517,7,5,35,24,61,2244.0,5,1,1,1,1,1,0,0.9271222170859487,1,136.71033399441512
/Users/eolande/EventMAV/FRED/65.zip,1908,57.24622500000141,57.27622500000141,propeller_1,361,288,381,300,20,12,240,90,420,8976.0,4,1,0,1,1,1,0,0.9239014308428589,1,154.50787499867147
/Users/eolande/EventMAV/FRED/65.zip,1908,57.24622500000141,57.27622500000141,propeller_2,870,511,876,514,6,3,18,14,44,1275.0,5,1,1,1,1,1,0,0.8893017372704116,1,154.50787499867147
/Users/eolande/EventMAV/FRED/65.zip,1909,57.27622500000141,57.30622500000141,propeller_1,367,287,388,299,21,12,252,103,425,9384.0,5,1,1,1,1,1,0,0.8777010629505783,1,139.63587499893038
/Users/eolande/EventMAV/FRED/65.zip,1909,57.27622500000141,57.30622500000141,propeller_2,875,509,885,513,10,4,40,29,62,1938.0,4,1,1,0,1,1,0,0.8760997603312402,1,139.63587499893038
/Users/eolande/EventMAV/FRED/65.zip,1910,57.30622500000141,57.33622500000141,propeller_1,375,287,395,296,20,9,180,88,388,7905.0,5,1,1,1,1,1,0,0.8748492810607555,1,146.1518329961109
/Users/eolande/EventMAV/FRED/65.zip,1910,57.30622500000141,57.33622500000141,propeller_2,883,507,887,510,4,3,12,11,21,1122.0,5,1,1,1,1,1,0,0.8697896079061344,1,146.1518329961109
/Users/eolande/EventMAV/FRED/65.zip,1911,57.33622500000141,57.366225000001414,propeller_1,381,286,401,295,20,9,180,78,377,7089.0,5,1,1,1,1,1,0,0.8838754178982802,1,141.63687499967637
/Users/eolande/EventMAV/FRED/65.zip,1911,57.33622500000141,57.366225000001414,propeller_2,888,505,894,510,6,5,30,18,46,1759.5,5,1,1,1,1,1,0,0.9388523045087981,1,141.63687499967637
/Users/eolande/EventMAV/FRED/65.zip,1912,57.366225000001414,57.396225000001415,propeller_1,388,284,409,293,21,9,189,81,408,7981.5,4,1,1,1,0,1,0,0.8963415128023648,1,147.74716700048884
/Users/eolande/EventMAV/FRED/65.zip,1912,57.366225000001414,57.396225000001415,propeller_2,895,504,898,507,3,3,9,5,21,484.5,5,1,1,1,1,1,0,0.8434360690726348,1,147.74716700048884
/Users/eolande/EventMAV/FRED/65.zip,1913,57.396225000001415,57.426225000001416,propeller_1,395,282,419,292,24,10,240,97,438,9894.0,5,1,1,1,1,1,0,0.9158639087778794,1,141.0277920003864
/Users/eolande/EventMAV/FRED/65.zip,1913,57.396225000001415,57.426225000001416,propeller_2,898,502,903,505,5,3,15,12,27,1096.5,4,1,1,1,1,0,0,0.920630201659989,1,141.0277920003864
/Users/eolande/EventMAV/FRED/65.zip,1914,57.426225000001416,57.45622500000142,propeller_1,402,281,428,291,26,10,260,121,518,12954.0,4,1,1,1,0,1,0,0.9192440578350014,1,141.12562499940395
/Users/eolande/EventMAV/FRED/65.zip,1914,57.426225000001416,57.45622500000142,propeller_2,905,500,908,502,3,2,6,4,11,1020.0,4,1,1,1,0,1,0,0.9175947838474887,1,141.12562499940395
/Users/eolande/EventMAV/FRED/65.zip,1915,57.45622500000142,57.48622500000142,propeller_1,411,280,437,290,26,10,260,139,608,14790.0,5,1,1,1,1,1,0,0.9006351589729054,1,142.3485829946003
/Users/eolande/EventMAV/FRED/65.zip,1915,57.45622500000142,57.48622500000142,propeller_2,908,498,913,502,5,4,20,15,32,1453.5,4,1,1,1,1,0,0,0.9096554394408174,1,142.3485829946003
/Users/eolande/EventMAV/FRED/65.zip,1916,57.48622500000142,57.51622500000142,propeller_1,419,279,447,290,28,11,308,184,756,20272.5,4,1,1,0,1,1,0,0.9115942794462893,1,138.61687499593245
/Users/eolande/EventMAV/FRED/65.zip,1917,57.51622500000142,57.54622500000142,propeller_1,428,278,456,290,28,12,336,225,922,26239.5,5,1,1,1,1,1,0,0.9020492397305591,1,137.3979580021114
/Users/eolande/EventMAV/FRED/65.zip,1917,57.51622500000142,57.54622500000142,propeller_2,918,494,922,497,4,3,12,8,18,637.5,3,1,1,0,1,0,0,0.8361430312527166,1,137.3979580021114
/Users/eolande/EventMAV/FRED/65.zip,1918,57.54622500000142,57.57622500000142,propeller_1,438,277,466,289,28,12,336,265,1069,31339.5,5,1,1,1,1,1,0,0.9101087338432367,1,141.23100000142585
/Users/eolande/EventMAV/FRED/65.zip,1918,57.54622500000142,57.57622500000142,propeller_3,923,494,926,497,3,3,9,5,13,816.0,3,1,1,1,0,0,0,0.8640361150757822,1,141.23100000142585
/Users/eolande/EventMAV/FRED/65.zip,1919,57.57622500000142,57.60622500000142,propeller_1,448,276,476,288,28,12,336,278,1136,34399.5,3,1,0,0,1,1,0,0.8974190146229912,1,141.33549999678507
/Users/eolande/EventMAV/FRED/65.zip,1919,57.57622500000142,57.60622500000142,propeller_2,927,489,932,494,5,5,25,13,27,1020.0,3,1,1,0,1,0,0,0.8936770140622174,1,141.33549999678507
/Users/eolande/EventMAV/FRED/65.zip,1920,57.60622500000142,57.636225000001424,propeller_1,458,275,487,288,29,13,377,316,1225,36847.5,5,1,1,1,1,1,0,0.9056503503067128,1,137.9294159996789
/Users/eolande/EventMAV/FRED/65.zip,1920,57.60622500000142,57.636225000001424,propeller_2,930,488,934,492,4,4,16,11,17,1071.0,4,1,1,1,1,0,0,0.8955328685747515,1,137.9294159996789
/Users/eolande/EventMAV/FRED/65.zip,1921,57.636225000001424,57.666225000001425,propeller_1,467,274,497,288,30,14,420,329,1324,38479.5,5,1,1,1,1,1,0,0.9206463471185387,1,138.90237500163494
/Users/eolande/EventMAV/FRED/65.zip,1922,57.666225000001425,57.69622500000143,propeller_1,477,272,507,287,30,15,450,304,1390,39601.5,4,1,0,1,1,1,0,0.9050742991024503,1,137.60104199900525
/Users/eolande/EventMAV/FRED/65.zip,1923,57.69622500000143,57.72622500000143,propeller_1,487,270,518,285,31,15,465,309,1403,40902.0,5,1,1,1,1,1,0,0.914134817597946,1,138.97599999472732
/Users/eolande/EventMAV/FRED/65.zip,1924,57.72622500000143,57.75622500000143,propeller_1,495,269,528,284,33,15,495,305,1350,39499.5,4,1,0,1,1,1,0,0.91761263125861,1,141.0320419963682
/Users/eolande/EventMAV/FRED/65.zip,1925,57.75622500000143,57.78622500000143,propeller_1,505,267,537,282,32,15,480,296,1337,40009.5,5,1,1,1,1,1,0,0.9096889880604516,1,139.50366599601693
/Users/eolande/EventMAV/FRED/65.zip,1926,57.78622500000143,57.81622500000143,propeller_1,515,264,547,279,32,15,480,297,1297,38173.5,4,1,0,1,1,1,0,0.9044126902789398,1,142.33854199846974
/Users/eolande/EventMAV/FRED/65.zip,1927,57.81622500000143,57.84622500000143,propeller_1,525,263,554,277,29,14,406,256,1219,33124.5,4,1,0,1,1,1,0,0.912384909661969,1,137.56787500460632
/Users/eolande/EventMAV/FRED/65.zip,1928,57.84622500000143,57.87622500000143,propeller_1,536,260,562,275,26,15,390,228,1171,30702.0,5,1,1,1,1,1,0,0.910665702759438,1,141.53979199909372
/Users/eolande/EventMAV/FRED/65.zip,1929,57.87622500000143,57.906225000001434,propeller_1,544,254,573,273,29,19,551,218,1029,26851.5,5,1,1,1,1,1,0,0.9205466295013697,1,137.56204200035427
/Users/eolande/EventMAV/FRED/65.zip,1930,57.906225000001434,57.936225000001436,propeller_1,552,250,584,270,32,20,640,199,992,24021.0,5,1,1,1,1,1,0,0.9188429566398656,1,137.8312079978059
/Users/eolande/EventMAV/FRED/65.zip,1931,57.936225000001436,57.96622500000144,propeller_1,560,247,592,268,32,21,672,167,891,18768.0,5,1,1,1,1,1,0,0.9171663191892965,1,138.72604200150818
/Users/eolande/EventMAV/FRED/65.zip,1932,57.96622500000144,57.99622500000144,propeller_1,569,243,599,264,30,21,630,145,862,16702.5,5,1,1,1,1,1,0,0.9370950926510617,1,138.99149999633664
/Users/eolande/EventMAV/FRED/65.zip,1933,57.99622500000144,58.02622500000144,propeller_1,576,240,606,259,30,19,570,135,838,16600.5,5,1,1,1,1,1,0,0.9362483968485498,1,145.239749996108
/Users/eolande/EventMAV/FRED/65.zip,1934,58.02622500000144,58.05622500000144,propeller_1,582,239,609,255,27,16,432,113,717,13770.0,5,1,1,1,1,1,0,0.938726758603351,1,141.21262499975273
/Users/eolande/EventMAV/FRED/65.zip,1935,58.05622500000144,58.08622500000144,propeller_1,587,233,618,252,31,19,589,146,714,14305.5,4,1,1,1,0,1,0,0.8615117353260646,1,140.30333400296513
/Users/eolande/EventMAV/FRED/65.zip,1936,58.08622500000144,58.11622500000144,propeller_1,591,231,615,247,24,16,384,127,632,12087.0,5,1,1,1,1,1,0,0.8742609758083683,1,140.61354099976597
/Users/eolande/EventMAV/FRED/65.zip,1937,58.11622500000144,58.146225000001444,propeller_1,596,226,627,242,31,16,496,156,844,14968.5,4,1,1,1,0,1,0,0.9037505261311451,1,136.31729099870427
/Users/eolande/EventMAV/FRED/65.zip,1938,58.146225000001444,58.176225000001445,propeller_1,599,219,634,237,35,18,630,187,989,18589.5,5,1,1,1,1,1,0,0.8949250579869314,1,136.0782920019119
/Users/eolande/EventMAV/FRED/65.zip,1939,58.176225000001445,58.206225000001446,propeller_1,604,213,639,232,35,19,665,260,1242,25933.5,3,1,0,1,0,1,0,0.8834190196316136,1,145.63612500205636
/Users/eolande/EventMAV/FRED/65.zip,1940,58.206225000001446,58.23622500000145,propeller_1,608,205,645,227,37,22,814,370,1819,40902.0,3,1,0,1,0,1,0,0.8049579313617998,1,142.44820800377056
/Users/eolande/EventMAV/FRED/65.zip,1941,58.23622500000145,58.26622500000145,propeller_1,611,198,651,224,40,26,1040,504,2639,58522.5,4,1,0,1,1,1,0,0.7908142916144139,1,142.73708400287433
/Users/eolande/EventMAV/FRED/65.zip,1942,58.26622500000145,58.29622500000145,propeller_1,615,191,657,219,42,28,1176,584,3422,69079.5,4,1,0,1,1,1,0,0.8091469479622695,1,137.59904199832818
/Users/eolande/EventMAV/FRED/65.zip,1943,58.29622500000145,58.32622500000145,propeller_1,619,183,662,215,43,32,1376,670,4200,78948.0,4,1,0,1,1,1,0,0.8219621967554087,1,142.58941700245487
/Users/eolande/EventMAV/FRED/65.zip,1943,58.29622500000145,58.32622500000145,propeller_2,957,453,962,457,5,4,20,17,47,2218.5,4,1,0,1,1,1,0,0.9158772860817472,1,142.58941700245487
/Users/eolande/EventMAV/FRED/65.zip,1944,58.32622500000145,58.35622500000145,propeller_1,622,177,668,210,46,33,1518,770,5001,91902.0,4,1,0,1,1,1,0,0.8304227831028448,1,141.26504200248746
/Users/eolande/EventMAV/FRED/65.zip,1944,58.32622500000145,58.35622500000145,propeller_2,953,453,960,458,7,5,35,22,47,2779.5,4,1,1,0,1,1,0,0.8639953752165579,1,141.26504200248746
/Users/eolande/EventMAV/FRED/65.zip,1945,58.35622500000145,58.38622500000145,propeller_1,625,171,674,206,49,35,1715,862,5912,103734.0,4,1,0,1,1,1,0,0.8235786439934196,1,143.8873750012135
/Users/eolande/EventMAV/FRED/65.zip,1945,58.35622500000145,58.38622500000145,propeller_2,953,452,958,456,5,4,20,19,71,3366.0,4,1,1,0,1,1,0,0.9368672885282805,1,143.8873750012135
/Users/eolande/EventMAV/FRED/65.zip,1946,58.38622500000145,58.416225000001454,propeller_1,629,163,677,199,48,36,1728,930,6868,122323.5,3,1,0,0,1,1,0,0.8296521226955829,1,140.66287499736063
/Users/eolande/EventMAV/FRED/65.zip,1946,58.38622500000145,58.416225000001454,propeller_2,949,452,957,457,8,5,40,28,76,3748.5,6,1,1,1,1,1,1,0.959184600654261,1,140.66287499736063
/Users/eolande/EventMAV/FRED/65.zip,1947,58.416225000001454,58.446225000001455,propeller_1,632,158,682,194,50,36,1800,998,7721,133594.5,3,1,0,0,1,1,0,0.82342684354594,1,140.1846669978113
/Users/eolande/EventMAV/FRED/65.zip,1947,58.416225000001454,58.446225000001455,propeller_2,946,451,954,457,8,6,48,31,98,4921.5,5,1,1,0,1,1,1,0.9294167701062168,1,140.1846669978113
/Users/eolande/EventMAV/FRED/65.zip,1948,58.446225000001455,58.476225000001456,propeller_1,635,150,687,189,52,39,2028,1069,8943,149353.5,4,1,0,1,1,1,0,0.8247235147086525,1,144.5769170022686
/Users/eolande/EventMAV/FRED/65.zip,1948,58.446225000001455,58.476225000001456,propeller_2,944,451,951,456,7,5,35,28,57,2907.0,4,1,0,1,1,1,0,0.9216451113854521,1,144.5769170022686
/Users/eolande/EventMAV/FRED/65.zip,1949,58.476225000001456,58.50622500000146,propeller_1,638,143,691,183,53,40,2120,1159,10513,172711.5,4,1,0,1,1,1,0,0.8300964282084675,1,146.83016700291773
/Users/eolande/EventMAV/FRED/65.zip,1949,58.476225000001456,58.50622500000146,propeller_2,942,451,947,456,5,5,25,20,38,1938.0,5,1,1,1,1,1,0,0.9561678905914262,1,146.83016700291773
/Users/eolande/EventMAV/FRED/65.zip,1950,58.50622500000146,58.53622500000146,propeller_1,642,135,696,178,54,43,2322,1244,11571,188292.0,4,1,0,1,1,1,0,0.820503966354128,1,141.89662499848055
/Users/eolande/EventMAV/FRED/65.zip,1950,58.50622500000146,58.53622500000146,propeller_3,940,453,942,456,2,3,6,6,8,535.5,3,1,1,1,0,0,0,0.9338186795769123,1,141.89662499848055
/Users/eolande/EventMAV/FRED/65.zip,1951,58.53622500000146,58.56622500000146,propeller_1,645,128,699,171,54,43,2322,1288,12907,201450.0,3,1,0,0,1,1,0,0.8296422384058624,1,140.82670900097582
/Users/eolande/EventMAV/FRED/65.zip,1952,58.56622500000146,58.59622500000146,propeller_1,648,119,702,164,54,45,2430,1371,13931,214174.5,3,1,0,0,1,1,0,0.8300639195953173,1,147.9604579944862
/Users/eolande/EventMAV/FRED/65.zip,1952,58.56622500000146,58.59622500000146,propeller_2,929,453,935,456,6,3,18,18,45,2142.0,6,1,1,1,1,1,1,0.9257690251855271,1,147.9604579944862
/Users/eolande/EventMAV/FRED/65.zip,1953,58.59622500000146,58.62622500000146,propeller_1,650,110,705,156,55,46,2530,1422,14740,223966.5,4,1,0,1,1,1,0,0.8295610997545928,1,142.82312500290573
/Users/eolande/EventMAV/FRED/65.zip,1953,58.59622500000146,58.62622500000146,propeller_2,924,453,931,457,7,4,28,21,33,1606.5,4,1,1,1,1,0,0,0.9155904053714706,1,142.82312500290573
/Users/eolande/EventMAV/FRED/65.zip,1954,58.62622500000146,58.65622500000146,propeller_1,652,100,708,148,56,48,2688,1471,15402,231055.5,3,1,0,0,1,1,0,0.830791888745666,1,143.36037499742815
/Users/eolande/EventMAV/FRED/65.zip,1954,58.62622500000146,58.65622500000146,propeller_2,921,454,926,457,5,3,15,14,37,1530.0,3,1,1,0,1,0,0,0.9340903009590242,1,143.36037499742815
/Users/eolande/EventMAV/FRED/65.zip,1955,58.65622500000146,58.686225000001464,propeller_1,654,91,710,140,56,49,2744,1526,15840,235390.5,4,1,0,1,1,1,0,0.8194075024626228,1,145.35825000348268
/Users/eolande/EventMAV/FRED/65.zip,1955,58.65622500000146,58.686225000001464,propeller_2,917,455,919,458,2,3,6,6,12,382.5,3,1,1,0,1,0,0,0.9338186795769123,1,145.35825000348268
/Users/eolande/EventMAV/FRED/65.zip,1956,58.686225000001464,58.716225000001465,propeller_1,656,80,713,129,57,49,2793,1569,16993,245157.0,4,1,0,1,1,1,0,0.8297300192788832,1,146.21995900233742
/Users/eolande/EventMAV/FRED/65.zip,1956,58.686225000001464,58.716225000001465,propeller_2,913,455,916,458,3,3,9,8,20,561.0,4,1,1,1,1,0,0,0.9187400856688872,1,146.21995900233742
/Users/eolande/EventMAV/FRED/65.zip,1957,58.716225000001465,58.746225000001466,propeller_1,657,70,714,120,57,50,2850,1673,18275,264945.0,3,1,0,0,1,1,0,0.8215247558114142,1,145.57404100196436
/Users/eolande/EventMAV/FRED/65.zip,1957,58.716225000001465,58.746225000001466,propeller_3,905,456,909,459,4,3,12,11,21,918.0,4,1,1,1,1,0,0,0.8922526961284037,1,145.57404100196436
/Users/eolande/EventMAV/FRED/65.zip,1958,58.746225000001466,58.77622500000147,propeller_1,657,59,716,110,59,51,3009,1763,19887,286339.5,4,1,0,1,1,1,0,0.8320793316816142,1,142.39041600376368
/Users/eolande/EventMAV/FRED/65.zip,1961,58.83622500000147,58.86622500000147,propeller_1,658,23,719,79,61,56,3416,2083,26084,350599.5,4,1,0,1,1,1,0,0.8381835228074956,1,146.59512499929406
/Users/eolande/EventMAV/FRED/65.zip,1962,58.86622500000147,58.89622500000147,propeller_1,658,10,720,68,62,58,3596,2153,26805,358377.0,4,1,0,1,1,1,0,0.8421695210542063,1,144.9786250013858
/Users/eolande/EventMAV/FRED/65.zip,1964,58.92622500000147,58.956225000001474,propeller_1,659,0,722,44,63,44,2772,1860,22204,292153.5,4,1,0,1,1,1,0,0.8406720032454373,1,150.3853749964037
/Users/eolande/EventMAV/FRED/65.zip,1965,58.956225000001474,58.986225000001475,propeller_1,659,0,722,32,63,32,2016,1292,15816,202827.0,4,1,0,1,1,1,0,0.82307925443836,1,143.47816599911312
/Users/eolande/EventMAV/FRED/65.zip,1966,58.986225000001475,59.01622500000148,propeller_1,660,0,716,19,56,19,1064,609,6017,80172.0,4,1,0,1,1,1,0,0.8973542720284712,1,140.68708299600985
/Users/eolande/EventMAV/FRED/65.zip,1967,59.01622500000148,59.04622500000148,propeller_1,682,0,705,8,23,8,184,121,733,10608.0,3,1,0,0,1,1,0,0.9028021934609798,1,140.0697909994051
/Users/eolande/EventMAV/FRED/65.zip,2008,60.24622500000152,60.276225000001524,propeller_1,385,500,399,505,14,5,70,49,174,4233.0,4,1,1,1,0,1,0,0.88097142764969,1,138.95666600001277
/Users/eolande/EventMAV/FRED/65.zip,2008,60.24622500000152,60.276225000001524,propeller_2,1258,249,1268,259,10,10,100,9,57,2167.5,3,1,0,0,1,1,0,0.9338186795769122,1,138.95666600001277
/Users/eolande/EventMAV/FRED/65.zip,2009,60.276225000001524,60.306225000001525,propeller_1,371,499,386,504,15,5,75,53,175,3901.5,4,1,1,1,0,1,0,0.8952933226437032,1,142.31595899764216
/Users/eolande/EventMAV/FRED/65.zip,2010,60.306225000001525,60.33622500000153,propeller_1,369,500,373,503,4,3,12,6,22,765.0,5,1,1,1,1,1,0,0.8369912890486992,1,141.88345799630042
/Users/eolande/EventMAV/FRED/65.zip,2013,60.39622500000153,60.42622500000153,propeller_1,325,497,335,500,10,3,30,19,32,2091.0,5,1,1,1,1,1,0,0.9006609753916666,1,143.42820800084155
/Users/eolande/EventMAV/FRED/65.zip,2014,60.42622500000153,60.45622500000153,propeller_1,313,496,322,501,9,5,45,32,59,3060.0,3,1,0,0,1,1,0,0.9193982586902465,1,136.23966700106394
/Users/eolande/EventMAV/FRED/65.zip,2015,60.45622500000153,60.48622500000153,propeller_1,301,497,305,500,4,3,12,10,16,816.0,4,1,0,1,1,1,0,0.9225057595393347,1,137.94208299805177
/Users/eolande/EventMAV/FRED/65.zip,2018,60.546225000001535,60.576225000001536,propeller_1,264,495,267,499,3,4,12,8,22,790.5,4,1,0,1,1,1,0,0.9028982867613498,1,139.69620800344273
/Users/eolande/EventMAV/FRED/65.zip,2019,60.576225000001536,60.60622500000154,propeller_1,251,494,265,499,14,5,70,42,80,3723.0,5,1,1,1,1,1,0,0.9180762123757067,1,143.4992089998559
/Users/eolande/EventMAV/FRED/65.zip,2020,60.60622500000154,60.63622500000154,propeller_1,241,494,254,499,13,5,65,37,81,3315.0,5,1,1,1,1,1,0,0.9097458862603389,1,138.1179579984746
/Users/eolande/EventMAV/FRED/65.zip,2021,60.63622500000154,60.66622500000154,propeller_1,236,495,243,498,7,3,21,21,37,2091.0,5,1,1,1,1,1,0,0.8887792905773146,1,140.61124999716412
/Users/eolande/EventMAV/FRED/65.zip,2022,60.66622500000154,60.69622500000154,propeller_1,229,495,230,498,1,3,3,3,4,357.0,3,1,1,0,0,1,0,0.9550708478300836,1,144.41783299844246
/Users/eolande/EventMAV/FRED/65.zip,2028,60.846225000001546,60.87622500000155,propeller_1,172,494,180,498,8,4,32,17,54,1938.0,5,1,1,1,1,1,0,0.9160276633857909,1,139.65345800534124
/Users/eolande/EventMAV/FRED/65.zip,2029,60.87622500000155,60.90622500000155,propeller_1,171,496,173,499,2,3,6,4,20,688.5,3,1,0,1,0,1,0,0.9226275872338026,1,143.49095900251996
/Users/eolande/EventMAV/FRED/65.zip,2038,61.14622500000156,61.17622500000156,propeller_1,118,501,122,505,4,4,16,12,62,1275.0,5,1,0,1,1,1,1,0.9302948108854394,1,146.35429099871544
/Users/eolande/EventMAV/FRED/65.zip,2039,61.17622500000156,61.20622500000156,propeller_1,112,502,118,505,6,3,18,14,64,1657.5,4,1,1,1,0,1,0,0.9015552918810492,1,139.66512500337558
/Users/eolande/EventMAV/FRED/65.zip,2040,61.20622500000156,61.23622500000156,propeller_1,109,503,119,507,10,4,40,19,103,2065.5,4,1,1,1,0,1,0,0.9393309494999342,1,147.9819160012994
/Users/eolande/EventMAV/FRED/65.zip,2041,61.23622500000156,61.26622500000156,propeller_1,106,504,112,508,6,4,24,19,99,3060.0,5,1,1,1,1,1,0,0.9370760307797124,1,134.27637499989942
/Users/eolande/EventMAV/FRED/65.zip,2042,61.26622500000156,61.29622500000156,propeller_1,102,504,112,508,10,4,40,28,113,2958.0,4,1,1,1,0,1,0,0.9265173587779854,1,139.71366600162582
/Users/eolande/EventMAV/FRED/65.zip,2043,61.29622500000156,61.326225000001564,propeller_1,99,506,106,510,7,4,28,22,93,3034.5,6,1,1,1,1,1,1,0.9583416289174327,1,138.673249995918
/Users/eolande/EventMAV/FRED/65.zip,2044,61.326225000001564,61.356225000001565,propeller_1,95,507,102,511,7,4,28,25,116,3391.5,5,1,1,1,0,1,1,0.9254366485856738,1,137.96000000002095
/Users/eolande/EventMAV/FRED/65.zip,2045,61.356225000001565,61.386225000001566,propeller_1,93,507,101,512,8,5,40,24,133,3621.0,5,1,1,1,1,1,0,0.9597076670767298,1,136.99600000109058
/Users/eolande/EventMAV/FRED/65.zip,2046,61.386225000001566,61.41622500000157,propeller_1,90,509,99,513,9,4,36,29,143,4284.0,5,1,1,1,1,1,0,0.9550528350474656,1,141.3322500011418
/Users/eolande/EventMAV/FRED/65.zip,2047,61.41622500000157,61.44622500000157,propeller_1,89,510,98,515,9,5,45,32,154,4309.5,5,1,1,1,1,1,0,0.9621290949796456,1,145.54758399754064
/Users/eolande/EventMAV/FRED/65.zip,2048,61.44622500000157,61.47622500000157,propeller_1,86,512,96,516,10,4,40,31,153,4564.5,4,1,1,1,0,1,0,0.9599051963651949,1,140.92512499337317
/Users/eolande/EventMAV/FRED/65.zip,2049,61.47622500000157,61.50622500000157,propeller_1,85,513,91,518,6,5,30,22,106,3289.5,4,1,0,1,1,1,0,0.9533320795177631,1,141.33129199763061
/Users/eolande/EventMAV/FRED/65.zip,2050,61.50622500000157,61.53622500000157,propeller_1,83,515,92,520,9,5,45,32,169,4411.5,5,1,1,1,1,1,0,0.9618393682639097,1,145.6646250007907
/Users/eolande/EventMAV/FRED/65.zip,2051,61.53622500000157,61.56622500000157,propeller_1,82,516,91,522,9,6,54,34,137,4284.0,5,1,1,1,1,1,0,0.9487219674817706,1,139.533792003931
/Users/eolande/EventMAV/FRED/65.zip,2052,61.56622500000157,61.596225000001574,propeller_1,80,518,89,523,9,5,45,34,128,3621.0,6,1,1,1,1,1,1,0.9332438789155841,1,138.05020899599185
/Users/eolande/EventMAV/FRED/65.zip,2053,61.596225000001574,61.626225000001575,propeller_2,79,521,89,525,10,4,40,27,104,2932.5,5,1,1,1,1,1,0,0.9395744279211843,1,139.0688749961555
/Users/eolande/EventMAV/FRED/65.zip,2054,61.626225000001575,61.65622500000158,propeller_2,78,522,85,527,7,5,35,25,133,3723.0,4,1,0,1,1,1,0,0.9648238263504909,1,171.3796670010197
/Users/eolande/EventMAV/FRED/65.zip,2055,61.65622500000158,61.68622500000158,propeller_1,424,0,468,33,44,33,1452,754,4898,94044.0,5,1,1,1,1,1,0,0.849618742956365,1,142.11120900290553
/Users/eolande/EventMAV/FRED/65.zip,2055,61.65622500000158,61.68622500000158,propeller_2,78,524,85,529,7,5,35,28,171,4819.5,4,1,0,1,1,1,0,0.952478423508505,1,142.11120900290553
/Users/eolande/EventMAV/FRED/65.zip,2056,61.68622500000158,61.71622500000158,propeller_1,429,8,472,44,43,36,1548,760,5028,97206.0,5,1,1,1,1,1,0,0.8634877490793156,1,142.1151659960742
/Users/eolande/EventMAV/FRED/65.zip,2056,61.68622500000158,61.71622500000158,propeller_2,76,525,86,531,10,6,60,40,156,4870.5,5,1,1,1,1,1,0,0.9568989566978483,1,142.1151659960742
/Users/eolande/EventMAV/FRED/65.zip,2057,61.71622500000158,61.74622500000158,propeller_1,434,19,478,55,44,36,1584,772,5116,98251.5,3,1,0,0,1,1,0,0.8628456043258373,1,145.0663329960662
/Users/eolande/EventMAV/FRED/65.zip,2057,61.71622500000158,61.74622500000158,propeller_2,76,528,86,533,10,5,50,37,134,4309.5,5,1,1,1,1,1,0,0.9352437630093001,1,145.0663329960662
/Users/eolande/EventMAV/FRED/65.zip,2058,61.74622500000158,61.77622500000158,propeller_1,439,31,482,66,43,35,1505,770,5064,96415.5,5,1,1,1,1,1,0,0.8676116306731432,1,148.11691700015217
/Users/eolande/EventMAV/FRED/65.zip,2058,61.74622500000158,61.77622500000158,propeller_2,76,530,85,535,9,5,45,29,131,3672.0,5,1,1,1,1,1,0,0.9609967005897022,1,148.11691700015217
/Users/eolande/EventMAV/FRED/65.zip,2059,61.77622500000158,61.80622500000158,propeller_1,444,42,488,77,44,35,1540,767,5017,97639.5,5,1,1,1,1,1,0,0.8581798426959091,1,143.56112500536256
/Users/eolande/EventMAV/FRED/65.zip,2059,61.77622500000158,61.80622500000158,propeller_2,76,532,85,538,9,6,54,34,144,4131.0,6,1,1,1,1,1,1,0.9587745917242048,1,143.56112500536256
/Users/eolande/EventMAV/FRED/65.zip,2060,61.80622500000158,61.83622500000158,propeller_1,450,54,493,88,43,34,1462,761,5015,95727.0,4,1,1,0,1,1,0,0.8593452453541479,1,144.08991600066656
/Users/eolande/EventMAV/FRED/65.zip,2060,61.80622500000158,61.83622500000158,propeller_2,76,534,85,540,9,6,54,34,168,5074.5,5,1,1,1,1,1,0,0.9405606564489981,1,144.08991600066656
/Users/eolande/EventMAV/FRED/65.zip,2061,61.83622500000158,61.866225000001585,propeller_1,455,66,499,99,44,33,1452,765,5007,94758.0,5,1,1,1,1,1,0,0.8652110984414332,1,143.00041700334987
/Users/eolande/EventMAV/FRED/65.zip,2061,61.83622500000158,61.866225000001585,propeller_2,76,536,85,542,9,6,54,34,160,4513.5,6,1,1,1,1,1,1,0.9696753899072161,1,143.00041700334987
/Users/eolande/EventMAV/FRED/65.zip,2062,61.866225000001585,61.896225000001586,propeller_1,462,79,505,112,43,33,1419,771,5301,98022.0,4,1,1,0,1,1,0,0.8602688064450426,1,145.90587499696994
/Users/eolande/EventMAV/FRED/65.zip,2062,61.866225000001585,61.896225000001586,propeller_2,76,538,83,544,7,6,42,29,150,4233.0,5,1,0,1,1,1,1,0.9664046565784412,1,145.90587499696994
/Users/eolande/EventMAV/FRED/65.zip,2063,61.896225000001586,61.92622500000159,propeller_1,467,90,511,124,44,34,1496,803,5671,105136.5,3,1,0,0,1,1,0,0.858929863863166,1,141.03108300332678
/Users/eolande/EventMAV/FRED/65.zip,2063,61.896225000001586,61.92622500000159,propeller_2,77,540,83,546,6,6,36,29,126,3927.0,6,1,1,1,1,1,1,0.9600203286565739,1,141.03108300332678
/Users/eolande/EventMAV/FRED/65.zip,2064,61.92622500000159,61.95622500000159,propeller_1,474,102,519,136,45,34,1530,813,6124,115362.0,3,1,0,0,1,1,0,0.8673451019726125,1,143.3048340040841
/Users/eolande/EventMAV/FRED/65.zip,2064,61.92622500000159,61.95622500000159,propeller_2,77,543,83,548,6,5,30,22,91,2448.0,6,1,1,1,1,1,1,0.9481140564857838,1,143.3048340040841
/Users/eolande/EventMAV/FRED/65.zip,2065,61.95622500000159,61.98622500000159,propeller_1,480,115,524,149,44,34,1496,796,6365,119926.5,4,1,0,1,1,1,0,0.86645956559306,1,142.71720900433138
/Users/eolande/EventMAV/FRED/65.zip,2065,61.95622500000159,61.98622500000159,propeller_2,78,545,84,550,6,5,30,23,109,3162.0,4,1,1,1,0,1,0,0.9574904637623513,1,142.71720900433138
/Users/eolande/EventMAV/FRED/65.zip,2066,61.98622500000159,62.01622500000159,propeller_1,488,127,534,161,46,34,1564,813,6647,125485.5,4,1,0,1,1,1,0,0.8633194137153675,1,139.35425000090618
/Users/eolande/EventMAV/FRED/65.zip,2066,61.98622500000159,62.01622500000159,propeller_2,81,548,86,552,5,4,20,13,41,1377.0,5,1,1,1,1,1,0,0.9319127319676501,1,139.35425000090618
/Users/eolande/EventMAV/FRED/65.zip,2067,62.01622500000159,62.04622500000159,propeller_1,495,139,541,172,46,33,1518,836,7047,131758.5,4,1,0,1,1,1,0,0.8643292588830875,1,182.75683400133858
/Users/eolande/EventMAV/FRED/65.zip,2067,62.01622500000159,62.04622500000159,propeller_2,80,549,88,554,8,5,40,28,77,2550.0,5,1,1,1,1,1,0,0.9253034189828313,1,182.75683400133858
/Users/eolande/EventMAV/FRED/65.zip,2068,62.04622500000159,62.07622500000159,propeller_1,503,150,549,184,46,34,1564,854,7573,137521.5,4,1,0,1,1,1,0,0.8594992822737688,1,154.655083999387
/Users/eolande/EventMAV/FRED/65.zip,2068,62.04622500000159,62.07622500000159,propeller_2,81,551,88,556,7,5,35,23,70,2575.5,5,1,1,1,1,1,0,0.950905110160472,1,154.655083999387
/Users/eolande/EventMAV/FRED/65.zip,2069,62.07622500000159,62.106225000001594,propeller_1,512,160,559,194,47,34,1598,923,8459,149940.0,3,1,0,0,1,1,0,0.8697523227153602,1,181.99337499390822
/Users/eolande/EventMAV/FRED/65.zip,2069,62.07622500000159,62.106225000001594,propeller_2,83,553,91,558,8,5,40,27,109,3519.0,5,1,1,1,1,1,0,0.9637918796938485,1,181.99337499390822
/Users/eolande/EventMAV/FRED/65.zip,2070,62.106225000001594,62.136225000001595,propeller_1,520,170,568,204,48,34,1632,986,9202,161517.0,3,1,0,0,1,1,0,0.8575809542186317,1,138.52933300222503
/Users/eolande/EventMAV/FRED/65.zip,2070,62.106225000001594,62.136225000001595,propeller_2,85,554,91,559,6,5,30,24,123,3952.5,6,1,1,1,1,1,1,0.9592723103312821,1,138.52933300222503
/Users/eolande/EventMAV/FRED/65.zip,2071,62.136225000001595,62.166225000001596,propeller_1,530,179,577,212,47,33,1551,1038,10095,169702.5,3,1,0,0,1,1,0,0.8553643761530947,1,145.2984169955016
/Users/eolande/EventMAV/FRED/65.zip,2071,62.136225000001595,62.166225000001596,propeller_2,86,556,94,561,8,5,40,28,118,3799.5,4,1,0,1,1,1,0,0.9618875614185576,1,145.2984169955016
/Users/eolande/EventMAV/FRED/65.zip,2072,62.166225000001596,62.1962250000016,propeller_1,538,189,585,221,47,32,1504,1059,10466,175873.5,4,1,0,1,1,1,0,0.8610538468891299,1,145.25537499866914
/Users/eolande/EventMAV/FRED/65.zip,2072,62.166225000001596,62.1962250000016,propeller_2,88,557,94,563,6,6,36,27,149,4360.5,4,1,1,1,0,1,0,0.9567413280429932,1,145.25537499866914
/Users/eolande/EventMAV/FRED/65.zip,2073,62.1962250000016,62.2262250000016,propeller_1,546,198,594,229,48,31,1488,1026,10336,173043.0,3,1,0,0,1,1,0,0.8673404587996758,1,140.22087500052294
/Users/eolande/EventMAV/FRED/65.zip,2073,62.1962250000016,62.2262250000016,propeller_2,89,559,97,565,8,6,48,34,174,5304.0,4,1,1,1,0,1,0,0.9598587224903308,1,140.22087500052294
/Users/eolande/EventMAV/FRED/65.zip,2074,62.2262250000016,62.2562250000016,propeller_1,555,207,602,235,47,28,1316,980,9462,164169.0,4,1,0,1,1,1,0,0.8976312043971093,1,139.84208399779163
/Users/eolande/EventMAV/FRED/65.zip,2074,62.2262250000016,62.2562250000016,propeller_2,91,560,98,566,7,6,42,26,145,4437.0,5,1,1,1,1,1,0,0.9454562263258951,1,139.84208399779163
/Users/eolande/EventMAV/FRED/65.zip,2075,62.2562250000016,62.2862250000016,propeller_1,564,215,609,243,45,28,1260,909,8102,148333.5,4,1,0,1,1,1,0,0.8534859767845469,1,174.55933400196955
/Users/eolande/EventMAV/FRED/65.zip,2075,62.2562250000016,62.2862250000016,propeller_2,95,563,102,568,7,5,35,27,124,3621.0,5,1,1,1,1,1,0,0.9536557769887577,1,174.55933400196955
/Users/eolande/EventMAV/FRED/65.zip,2076,62.2862250000016,62.3162250000016,propeller_1,572,222,616,249,44,27,1188,789,6602,127959.0,3,1,0,0,1,1,0,0.8553102776276762,1,146.87874999799533
/Users/eolande/EventMAV/FRED/65.zip,2076,62.2862250000016,62.3162250000016,propeller_2,97,564,105,568,8,4,32,29,148,4539.0,5,1,1,1,1,1,0,0.9438595742040807,1,146.87874999799533
/Users/eolande/EventMAV/FRED/65.zip,2077,62.3162250000016,62.3462250000016,propeller_1,580,228,621,254,41,26,1066,674,5047,102280.5,4,1,0,1,1,1,0,0.8427215652770403,1,140.76324999768985
/Users/eolande/EventMAV/FRED/65.zip,2077,62.3162250000016,62.3462250000016,propeller_2,100,565,108,570,8,5,40,32,184,4488.0,5,1,1,1,1,1,0,0.9478575358078571,1,140.76324999768985
/Users/eolande/EventMAV/FRED/65.zip,2078,62.3462250000016,62.376225000001604,propeller_1,588,234,625,258,37,24,888,512,3425,75582.0,4,1,0,1,1,1,0,0.8334095493123007,1,141.342374998203
/Users/eolande/EventMAV/FRED/65.zip,2078,62.3462250000016,62.376225000001604,propeller_2,101,565,110,571,9,6,54,35,181,5253.0,5,1,1,1,1,1,0,0.9438423849369987,1,141.342374998203
/Users/eolande/EventMAV/FRED/65.zip,2079,62.376225000001604,62.406225000001605,propeller_1,596,240,631,260,35,20,700,355,2098,51459.0,3,1,0,0,1,1,0,0.8366416092828945,1,142.81425000081072
/Users/eolande/EventMAV/FRED/65.zip,2079,62.376225000001604,62.406225000001605,propeller_2,105,566,112,571,7,5,35,33,212,5916.0,5,1,1,1,1,1,0,0.9350946058105645,1,142.81425000081072
/Users/eolande/EventMAV/FRED/65.zip,2080,62.406225000001605,62.436225000001606,propeller_1,108,566,116,572,8,6,48,37,198,5763.0,4,1,0,1,0,1,1,0.9488248769438422,1,146.99287500116043
/Users/eolande/EventMAV/FRED/65.zip,2081,62.436225000001606,62.46622500000161,propeller_1,607,249,638,265,31,16,496,168,761,20451.0,5,1,1,1,1,1,0,0.8526895922752573,1,145.0475829988136
/Users/eolande/EventMAV/FRED/65.zip,2081,62.436225000001606,62.46622500000161,propeller_2,111,567,119,573,8,6,48,35,177,4947.0,4,1,0,1,1,1,0,0.9568559789127477,1,145.0475829988136
/Users/eolande/EventMAV/FRED/65.zip,2082,62.46622500000161,62.49622500000161,propeller_1,609,253,638,267,29,14,406,146,603,18640.5,4,1,0,1,1,1,0,0.8403785371308297,1,138.77741699980106
/Users/eolande/EventMAV/FRED/65.zip,2082,62.46622500000161,62.49622500000161,propeller_2,115,569,123,573,8,4,32,30,143,4054.5,6,1,1,1,1,1,1,0.9521746817630021,1,138.77741699980106
/Users/eolande/EventMAV/FRED/65.zip,2083,62.49622500000161,62.52622500000161,propeller_1,610,255,639,268,29,13,377,132,575,18972.0,5,1,1,1,1,1,0,0.8576214623779348,1,142.41908300027717
/Users/eolande/EventMAV/FRED/65.zip,2083,62.49622500000161,62.52622500000161,propeller_2,119,568,127,573,8,5,40,28,126,4029.0,5,1,1,1,1,1,0,0.9355512511585866,1,142.41908300027717
/Users/eolande/EventMAV/FRED/65.zip,2084,62.52622500000161,62.55622500000161,propeller_1,612,256,641,268,29,12,348,122,523,18232.5,4,1,1,0,1,1,0,0.9096318828968143,1,142.05533399945125
/Users/eolande/EventMAV/FRED/65.zip,2084,62.52622500000161,62.55622500000161,propeller_2,123,569,131,574,8,5,40,33,153,4794.0,3,1,0,1,0,1,0,0.9522340834795955,1,142.05533399945125
/Users/eolande/EventMAV/FRED/65.zip,2085,62.55622500000161,62.58622500000161,propeller_1,613,258,642,268,29,10,290,123,437,16651.5,5,1,1,1,1,1,0,0.8954910867075618,1,138.97295800416032
/Users/eolande/EventMAV/FRED/65.zip,2085,62.55622500000161,62.58622500000161,propeller_2,127,570,135,574,8,4,32,30,123,3952.5,6,1,1,1,1,1,1,0.9583598270354887,1,138.97295800416032
/Users/eolande/EventMAV/FRED/65.zip,2086,62.58622500000161,62.61622500000161,propeller_1,614,256,642,268,28,12,336,112,439,16447.5,4,1,1,0,1,1,0,0.903581671098291,1,135.95083299878752
/Users/eolande/EventMAV/FRED/65.zip,2086,62.58622500000161,62.61622500000161,propeller_2,131,570,138,574,7,4,28,23,66,2677.5,3,1,0,0,1,1,0,0.9464513201672763,1,135.95083299878752
/Users/eolande/EventMAV/FRED/65.zip,2087,62.61622500000161,62.646225000001614,propeller_1,612,256,643,267,31,11,341,122,517,17595.0,5,1,1,1,1,1,0,0.9025202232240122,1,142.14195900422055
/Users/eolande/EventMAV/FRED/65.zip,2088,62.646225000001614,62.676225000001615,propeller_1,613,255,642,266,29,11,319,134,570,20706.0,5,1,1,1,1,1,0,0.8650348634513109,1,142.54637499834644
/Users/eolande/EventMAV/FRED/65.zip,2089,62.676225000001615,62.706225000001616,propeller_1,613,255,642,266,29,11,319,137,592,20425.5,4,1,1,0,1,1,0,0.9033898198659176,1,142.17408299737144
/Users/eolande/EventMAV/FRED/65.zip,2090,62.706225000001616,62.73622500000162,propeller_1,612,254,642,265,30,11,330,138,544,19150.5,4,1,1,0,1,1,0,0.907405388632157,1,141.37245900201378
/Users/eolande/EventMAV/FRED/65.zip,2091,62.73622500000162,62.76622500000162,propeller_1,612,253,640,264,28,11,308,124,480,16651.5,4,1,1,0,1,1,0,0.8314558994587993,1,140.1454580045538
/Users/eolande/EventMAV/FRED/65.zip,2092,62.76622500000162,62.79622500000162,propeller_1,612,253,639,264,27,11,297,123,466,15988.5,4,1,1,0,1,1,0,0.8288920692836301,1,138.94499999878462
/Users/eolande/EventMAV/FRED/65.zip,2093,62.79622500000162,62.82622500000162,propeller_1,611,251,637,263,26,12,312,108,390,12852.0,4,1,1,0,1,1,0,0.9173510229505095,1,139.44433299911907
/Users/eolande/EventMAV/FRED/65.zip,2094,62.82622500000162,62.85622500000162,propeller_1,610,250,635,262,25,12,300,77,267,8338.5,4,1,1,0,1,1,0,0.9072660560637635,1,136.80670800385997
/Users/eolande/EventMAV/FRED/65.zip,2095,62.85622500000162,62.88622500000162,propeller_1,609,250,633,262,24,12,288,71,242,7293.0,4,1,1,0,1,1,0,0.9098807105168213,1,144.18549999390962
/Users/eolande/EventMAV/FRED/65.zip,2096,62.88622500000162,62.916225000001624,propeller_1,607,249,632,261,25,12,300,68,223,6936.0,4,1,1,0,1,1,0,0.8865546749246923,1,137.86475000233622
/Users/eolande/EventMAV/FRED/65.zip,2097,62.916225000001624,62.946225000001625,propeller_1,606,248,632,260,26,12,312,47,198,4615.5,5,1,1,1,1,1,0,0.9312190423072483,1,139.74045799841406
/Users/eolande/EventMAV/FRED/65.zip,2098,62.946225000001625,62.97622500000163,propeller_1,604,248,630,262,26,14,364,78,259,7522.5,5,1,1,1,1,1,0,0.9120335216375063,1,136.99604100111173
/Users/eolande/EventMAV/FRED/65.zip,2099,62.97622500000163,63.00622500000163,propeller_1,602,249,626,263,24,14,336,97,393,12520.5,5,1,1,1,1,1,0,0.9489655225843587,1,146.3953330021468
/Users/eolande/EventMAV/FRED/65.zip,2100,63.00622500000163,63.03622500000163,propeller_1,598,249,623,265,25,16,400,124,475,15810.0,5,1,1,1,1,1,0,0.9400206142213164,1,137.13075000123354
/Users/eolande/EventMAV/FRED/65.zip,2101,63.03622500000163,63.06622500000163,propeller_1,595,250,619,267,24,17,408,130,524,16575.0,4,1,1,0,1,1,0,0.9383001807009326,1,141.1734590001288
/Users/eolande/EventMAV/FRED/65.zip,2102,63.06622500000163,63.09622500000163,propeller_1,591,252,616,268,25,16,400,144,585,17110.5,5,1,1,1,1,1,0,0.9532601278319045,1,140.56737499777228
/Users/eolande/EventMAV/FRED/65.zip,2103,63.09622500000163,63.12622500000163,propeller_1,586,254,612,271,26,17,442,171,605,18283.5,5,1,1,1,1,1,0,0.8638877835294514,1,142.77104200300528
/Users/eolande/EventMAV/FRED/65.zip,2104,63.12622500000163,63.15622500000163,propeller_1,583,256,608,272,25,16,400,153,595,17238.0,4,1,0,1,1,1,0,0.9096407207809523,1,136.62012499844423
/Users/eolande/EventMAV/FRED/65.zip,2105,63.15622500000163,63.186225000001635,propeller_1,578,259,605,275,27,16,432,171,639,18793.5,5,1,1,1,1,1,0,0.8821110079111807,1,143.03416600159835
/Users/eolande/EventMAV/FRED/65.zip,2106,63.186225000001635,63.216225000001636,propeller_1,574,262,600,277,26,15,390,184,649,19431.0,5,1,1,1,1,1,0,0.7770142522357453,1,140.34808399446774
/Users/eolande/EventMAV/FRED/65.zip,2107,63.216225000001636,63.24622500000164,propeller_1,569,264,595,281,26,17,442,191,707,21420.0,5,1,1,1,1,1,0,0.876118914957385,1,137.29650000459515
/Users/eolande/EventMAV/FRED/65.zip,2108,63.24622500000164,63.27622500000164,propeller_1,564,268,591,285,27,17,459,197,738,20757.0,5,1,1,1,1,1,0,0.8813143605165659,1,139.13524999952642
/Users/eolande/EventMAV/FRED/65.zip,2109,63.27622500000164,63.30622500000164,propeller_1,559,271,586,289,27,18,486,215,789,22567.5,5,1,1,1,1,1,0,0.8165063964713442,1,146.0384169986355
/Users/eolande/EventMAV/FRED/65.zip,2110,63.30622500000164,63.33622500000164,propeller_1,555,276,581,293,26,17,442,201,733,21165.0,4,1,1,0,1,1,0,0.8283515928420186,1,139.07550000294577
/Users/eolande/EventMAV/FRED/65.zip,2111,63.33622500000164,63.36622500000164,propeller_1,549,280,576,297,27,17,459,218,812,23332.5,5,1,1,1,1,1,0,0.8025974097841064,1,137.7672079979675
/Users/eolande/EventMAV/FRED/65.zip,2112,63.36622500000164,63.39622500000164,propeller_1,544,284,571,301,27,17,459,223,876,25729.5,5,1,1,1,1,1,0,0.8168400221250061,1,137.6567499974044
/Users/eolande/EventMAV/FRED/65.zip,2113,63.39622500000164,63.426225000001644,propeller_1,538,288,564,306,26,18,468,225,884,26571.0,5,1,1,1,1,1,0,0.8087729087233073,1,153.5865420009941
/Users/eolande/EventMAV/FRED/65.zip,2114,63.426225000001644,63.456225000001645,propeller_1,532,292,559,310,27,18,486,241,982,29095.5,5,1,1,1,1,1,0,0.8086483666203244,1,143.00008399732178
/Users/eolande/EventMAV/FRED/65.zip,2115,63.456225000001645,63.486225000001646,propeller_1,526,297,553,315,27,18,486,259,1137,33685.5,5,1,1,1,1,1,0,0.8185929158988108,1,137.88016599573893
/Users/eolande/EventMAV/FRED/65.zip,2116,63.486225000001646,63.51622500000165,propeller_1,518,302,547,319,29,17,493,277,1251,37765.5,4,1,0,1,1,1,0,0.8487088347825478,1,140.08654200006276
/Users/eolande/EventMAV/FRED/65.zip,2117,63.51622500000165,63.54622500000165,propeller_1,510,305,541,324,31,19,589,308,1491,43299.0,4,1,0,1,1,1,0,0.8368121726679315,1,136.34025000646943
/Users/eolande/EventMAV/FRED/65.zip,2118,63.54622500000165,63.57622500000165,propeller_1,504,309,534,327,30,18,540,315,1634,46435.5,4,1,0,1,1,1,0,0.8500744711446593,1,143.237374999444
/Users/eolande/EventMAV/FRED/65.zip,2119,63.57622500000165,63.60622500000165,propeller_1,497,312,527,330,30,18,540,308,1623,46002.0,4,1,0,1,1,1,0,0.845384905932747,1,155.33249999862164
/Users/eolande/EventMAV/FRED/65.zip,2120,63.60622500000165,63.63622500000165,propeller_1,490,316,519,333,29,17,493,295,1471,43554.0,3,1,1,0,0,1,0,0.8273610422009553,1,149.86462499655318
/Users/eolande/EventMAV/FRED/65.zip,2121,63.63622500000165,63.66622500000165,propeller_1,482,319,512,336,30,17,510,290,1470,41641.5,5,1,1,1,1,1,0,0.8200838592639657,1,139.80254199850606
/Users/eolande/EventMAV/FRED/65.zip,2122,63.66622500000165,63.696225000001654,propeller_1,476,321,505,337,29,16,464,252,1231,36771.0,4,1,0,1,1,1,0,0.8454532914328954,1,142.35754199762596
/Users/eolande/EventMAV/FRED/65.zip,2123,63.696225000001654,63.726225000001655,propeller_1,471,324,497,339,26,15,390,201,926,28815.0,5,1,1,1,1,1,0,0.8184959912859758,1,138.79862500471063
/Users/eolande/EventMAV/FRED/65.zip,2124,63.726225000001655,63.756225000001656,propeller_1,464,326,490,340,26,14,364,173,751,23613.0,4,1,0,1,1,1,0,0.8338633953163874,1,142.23758399748476
/Users/eolande/EventMAV/FRED/65.zip,2125,63.756225000001656,63.78622500000166,propeller_1,459,327,482,341,23,14,322,158,618,19558.5,5,1,1,1,1,1,0,0.805687896626928,1,139.75037499767495
/Users/eolande/EventMAV/FRED/65.zip,2126,63.78622500000166,63.81622500000166,propeller_1,454,328,476,342,22,14,308,131,536,17493.0,5,1,1,1,1,1,0,0.9476000427985047,1,140.1432500060764
/Users/eolande/EventMAV/FRED/65.zip,2127,63.81622500000166,63.84622500000166,propeller_1,450,328,469,341,19,13,247,95,390,13209.0,4,1,0,1,1,1,0,0.8140287016543342,1,139.91866700234823
/Users/eolande/EventMAV/FRED/65.zip,2128,63.84622500000166,63.87622500000166,propeller_1,447,330,464,342,17,12,204,67,251,8058.0,5,1,1,1,1,1,0,0.948750258940638,1,143.2931249946705
/Users/eolande/EventMAV/FRED/65.zip,2129,63.87622500000166,63.90622500000166,propeller_1,444,329,460,341,16,12,192,53,190,5992.5,4,1,0,1,1,1,0,0.8504608179223732,1,137.9677079967223
/Users/eolande/EventMAV/FRED/65.zip,2130,63.90622500000166,63.93622500000166,propeller_1,444,334,455,341,11,7,77,11,70,1351.5,4,1,1,0,1,1,0,0.9571020025497615,1,143.49820799543522
/Users/eolande/EventMAV/FRED/65.zip,2132,63.966225000001664,63.996225000001665,propeller_1,444,334,447,337,3,3,9,9,14,1122.0,4,1,1,1,0,1,0,0.8742253439367368,1,141.03379199514166
/Users/eolande/EventMAV/FRED/65.zip,2133,63.996225000001665,64.02622500000166,propeller_1,442,332,446,336,4,4,16,14,28,1836.0,4,1,1,0,1,1,0,0.951804440168757,1,165.31870800099568
/Users/eolande/EventMAV/FRED/65.zip,2135,64.05622500000166,64.08622500000166,propeller_1,437,325,451,333,14,8,112,32,116,3544.5,4,1,1,0,1,1,0,0.9392050181344631,1,141.47079199756263
/Users/eolande/EventMAV/FRED/65.zip,2136,64.08622500000166,64.11622500000166,propeller_1,438,324,449,331,11,7,77,33,115,3111.0,3,1,1,0,0,1,0,0.8449662059956081,1,141.280125004414
/Users/eolande/EventMAV/FRED/65.zip,2137,64.11622500000166,64.14622500000166,propeller_1,438,322,450,330,12,8,96,35,127,2881.5,3,1,1,0,0,1,0,0.9018414380759241,1,143.80008399893995
/Users/eolande/EventMAV/FRED/65.zip,2138,64.14622500000166,64.17622500000166,propeller_1,440,319,450,327,10,8,80,36,134,3493.5,5,1,1,1,1,1,0,0.9158280355114861,1,138.5313330029021
/Users/eolande/EventMAV/FRED/65.zip,2139,64.17622500000166,64.20622500000167,propeller_1,438,316,452,323,14,7,98,41,171,4182.0,4,1,0,1,1,1,0,0.9073493236997666,1,138.47895799699472
/Users/eolande/EventMAV/FRED/65.zip,2140,64.20622500000167,64.23622500000167,propeller_1,440,312,455,322,15,10,150,55,212,4411.5,4,1,1,1,0,1,0,0.8899154659432569,1,134.97941700188676
/Users/eolande/EventMAV/FRED/65.zip,2141,64.23622500000167,64.26622500000167,propeller_1,443,309,457,319,14,10,140,53,215,4386.0,5,1,1,1,1,1,0,0.9338364820314702,1,137.0753339942894
/Users/eolande/EventMAV/FRED/65.zip,2142,64.26622500000167,64.29622500000167,propeller_1,445,306,460,315,15,9,135,58,243,5406.0,5,1,1,1,1,1,0,0.961399047226497,1,143.78787500027101
/Users/eolande/EventMAV/FRED/65.zip,2143,64.29622500000167,64.32622500000167,propeller_1,451,304,463,312,12,8,96,55,218,4921.5,4,1,1,1,0,1,0,0.8979293183373852,1,153.6699589996715
/Users/eolande/EventMAV/FRED/65.zip,2144,64.32622500000167,64.35622500000167,propeller_1,454,300,467,308,13,8,104,56,217,5074.5,5,1,1,1,1,1,0,0.9118786829860901,1,148.96854200196685
/Users/eolande/EventMAV/FRED/65.zip,2145,64.35622500000167,64.38622500000167,propeller_1,457,297,470,303,13,6,78,43,194,3825.0,4,1,1,1,0,1,0,0.9033765635406905,1,143.5535830023582
/Users/eolande/EventMAV/FRED/65.zip,2146,64.38622500000167,64.41622500000167,propeller_1,460,292,473,301,13,9,117,57,222,5176.5,4,1,1,1,0,1,0,0.9033765305097873,1,137.3570829964592
/Users/eolande/EventMAV/FRED/65.zip,2147,64.41622500000167,64.44622500000168,propeller_1,464,290,477,297,13,7,91,51,205,4870.5,5,1,1,1,1,1,0,0.8898441587209788,1,150.60887499566888
/Users/eolande/EventMAV/FRED/65.zip,2148,64.44622500000168,64.47622500000168,propeller_1,468,287,479,293,11,6,66,35,154,3493.5,5,1,1,1,1,1,0,0.893582715099076,1,147.25608300068416
/Users/eolande/EventMAV/FRED/65.zip,2149,64.47622500000168,64.50622500000168,propeller_1,472,284,485,290,13,6,78,40,167,3519.0,5,1,1,1,1,1,0,0.8690241974432834,1,142.96658300008858
/Users/eolande/EventMAV/FRED/65.zip,2150,64.50622500000168,64.53622500000168,propeller_1,476,282,487,288,11,6,66,35,141,2779.5,6,1,1,1,1,1,1,0.8706763241292073,1,138.2785829991917
/Users/eolande/EventMAV/FRED/65.zip,2151,64.53622500000168,64.56622500000168,propeller_1,480,278,493,285,13,7,91,40,177,3493.5,4,1,1,1,0,1,0,0.8873418939670166,1,138.17862499854527
/Users/eolande/EventMAV/FRED/65.zip,2152,64.56622500000168,64.59622500000168,propeller_1,483,276,493,283,10,7,70,37,136,3238.5,5,1,1,1,1,1,0,0.8566130284673461,1,152.94362499844283
/Users/eolande/EventMAV/FRED/65.zip,2153,64.59622500000168,64.62622500000168,propeller_1,485,273,499,282,14,9,126,34,169,3060.0,5,1,1,1,1,1,0,0.8969710699652373,1,137.92187499348074
/Users/eolande/EventMAV/FRED/65.zip,2154,64.62622500000168,64.65622500000168,propeller_1,491,274,502,279,11,5,55,23,120,2193.0,4,1,1,1,0,1,0,0.8906009479712643,1,136.75229199725436
/Users/eolande/EventMAV/FRED/65.zip,2155,64.65622500000168,64.68622500000168,propeller_1,495,272,507,279,12,7,84,35,138,2703.0,5,1,1,1,1,1,0,0.8857833079595249,1,140.67266699566972
/Users/eolande/EventMAV/FRED/65.zip,2156,64.68622500000168,64.71622500000169,propeller_1,500,271,509,277,9,6,54,28,102,2371.5,5,1,1,1,1,1,0,0.8994647889264851,1,141.17645799706224
/Users/eolande/EventMAV/FRED/65.zip,2157,64.71622500000169,64.74622500000169,propeller_1,505,270,514,275,9,5,45,19,99,1912.5,5,1,1,1,1,1,0,0.9044387842358693,1,144.34500000061234
/Users/eolande/EventMAV/FRED/65.zip,2158,64.74622500000169,64.77622500000169,propeller_1,509,269,519,274,10,5,50,20,102,1810.5,5,1,1,1,1,1,0,0.9402233870650814,1,146.66362500429386
/Users/eolande/EventMAV/FRED/65.zip,2159,64.77622500000169,64.80622500000169,propeller_1,513,268,523,275,10,7,70,20,101,2091.0,5,1,1,1,1,1,0,0.9145976904039104,1,148.62116699805483
/Users/eolande/EventMAV/FRED/65.zip,2160,64.80622500000169,64.83622500000169,propeller_1,518,268,526,273,8,5,40,19,74,2091.0,5,1,1,1,1,1,0,0.8283133457580363,1,141.20425000146497
/Users/eolande/EventMAV/FRED/65.zip,2161,64.83622500000169,64.86622500000169,propeller_1,524,268,531,274,7,6,42,11,72,1377.0,5,1,1,1,1,1,0,0.9477741523597096,1,141.59087499865564
/Users/eolande/EventMAV/FRED/65.zip,2162,64.86622500000169,64.89622500000169,propeller_1,526,268,530,270,4,2,8,5,6,790.5,5,1,1,1,1,1,0,0.858636415630496,1,140.20424999762326
/Users/eolande/EventMAV/FRED/65.zip,2163,64.89622500000169,64.9262250000017,propeller_1,531,267,543,275,12,8,96,10,107,1249.5,5,1,1,1,1,1,0,0.9196570077505579,1,160.1927079973393
/Users/eolande/EventMAV/FRED/65.zip,2164,64.9262250000017,64.9562250000017,propeller_1,537,267,540,270,3,3,9,7,13,739.5,5,1,1,1,1,1,0,0.8629764331851661,1,144.7191249972093
/Users/eolande/EventMAV/FRED/65.zip,2165,64.9562250000017,64.9862250000017,propeller_1,540,267,546,271,6,4,24,7,25,1020.0,4,1,1,0,1,1,0,0.9800728430136489,1,138.7901249981951
/Users/eolande/EventMAV/FRED/65.zip,2166,64.9862250000017,65.0162250000017,propeller_1,545,268,551,271,6,3,18,9,19,1122.0,6,1,1,1,1,1,1,0.8572159342310759,1,137.65762499679113
/Users/eolande/EventMAV/FRED/65.zip,2167,65.0162250000017,65.0462250000017,propeller_1,552,269,556,272,4,3,12,7,12,790.5,5,1,1,1,1,1,0,0.8871567268710674,1,137.33108299493324
/Users/eolande/EventMAV/FRED/65.zip,2170,65.1062250000017,65.1362250000017,propeller_1,568,273,573,276,5,3,15,8,14,892.5,5,1,1,1,1,1,0,0.8759090568264758,1,137.85729100345634
/Users/eolande/EventMAV/FRED/65.zip,2172,65.1662250000017,65.1962250000017,propeller_2,579,276,581,278,2,2,4,4,7,484.5,4,1,1,1,1,0,0,1.0,1,140.02770800289
/Users/eolande/EventMAV/FRED/65.zip,2173,65.1962250000017,65.2262250000017,propeller_1,819,514,829,519,10,5,50,38,97,4054.5,6,1,1,1,1,1,1,0.9347092979637651,1,139.69654199900106
/Users/eolande/EventMAV/FRED/65.zip,2173,65.1962250000017,65.2262250000017,propeller_2,585,277,586,280,1,3,3,3,2,535.5,4,1,0,1,1,1,0,0.9338186795769122,1,139.69654199900106
/Users/eolande/EventMAV/FRED/65.zip,2174,65.2262250000017,65.2562250000017,propeller_1,825,515,837,521,12,6,72,49,173,6273.0,5,1,1,1,1,1,0,0.9533560594258753,1,139.11666700005298
/Users/eolande/EventMAV/FRED/65.zip,2175,65.2562250000017,65.2862250000017,propeller_1,832,516,844,522,12,6,72,48,180,5992.5,5,1,1,1,1,1,0,0.9434907166887941,1,142.2826249981881
/Users/eolande/EventMAV/FRED/65.zip,2176,65.2862250000017,65.31622500000171,propeller_1,840,518,852,523,12,5,60,39,152,5482.5,5,1,1,1,1,1,0,0.9407354554871477,1,140.93454100657254
/Users/eolande/EventMAV/FRED/65.zip,2177,65.31622500000171,65.34622500000171,propeller_1,846,520,859,525,13,5,65,49,265,7114.5,4,1,0,1,1,1,0,0.943962016348024,1,140.78699999663513
/Users/eolande/EventMAV/FRED/65.zip,2178,65.34622500000171,65.37622500000171,propeller_1,853,521,865,526,12,5,60,47,260,7165.5,4,1,0,1,1,1,0,0.946582170656028,1,136.77745799941476
/Users/eolande/EventMAV/FRED/65.zip,2178,65.34622500000171,65.37622500000171,propeller_2,618,294,621,296,3,2,6,6,10,1351.5,5,1,1,1,1,1,0,0.9039324581912147,1,136.77745799941476
/Users/eolande/EventMAV/FRED/65.zip,2179,65.37622500000171,65.40622500000171,propeller_1,860,522,871,527,11,5,55,38,127,3646.5,5,1,1,1,1,1,0,0.9372492179605778,1,136.6092909956933
/Users/eolande/EventMAV/FRED/65.zip,2179,65.37622500000171,65.40622500000171,propeller_2,623,295,629,299,6,4,24,9,38,1275.0,5,1,1,1,1,1,0,0.8612495683906451,1,136.6092909956933
/Users/eolande/EventMAV/FRED/65.zip,2180,65.40622500000171,65.43622500000171,propeller_1,870,525,876,528,6,3,18,17,69,2397.0,5,1,0,1,1,1,1,0.9125797810736704,1,138.52287500048988
/Users/eolande/EventMAV/FRED/65.zip,2180,65.40622500000171,65.43622500000171,propeller_2,627,294,636,302,9,8,72,25,101,2142.0,5,1,1,1,1,1,0,0.9465864512264399,1,138.52287500048988
/Users/eolande/EventMAV/FRED/65.zip,2181,65.43622500000171,65.46622500000171,propeller_1,634,296,641,304,7,8,56,24,82,2550.0,5,1,1,1,1,1,0,0.8858899865894545,1,140.91466699755983
/Users/eolande/EventMAV/FRED/65.zip,2181,65.43622500000171,65.46622500000171,propeller_2,877,526,883,530,6,4,24,18,53,1606.5,5,1,1,1,1,1,0,0.8679102102645173,1,140.91466699755983
/Users/eolande/EventMAV/FRED/65.zip,2182,65.46622500000171,65.49622500000171,propeller_1,880,527,889,530,9,3,27,27,67,2779.5,4,1,0,1,1,1,0,0.8881489949236934,1,139.86245900014183
/Users/eolande/EventMAV/FRED/65.zip,2182,65.46622500000171,65.49622500000171,propeller_2,639,299,649,306,10,7,70,30,104,2703.0,4,1,1,1,0,1,0,0.9586109747649956,1,139.86245900014183
/Users/eolande/EventMAV/FRED/65.zip,2183,65.49622500000171,65.52622500000172,propeller_1,644,299,656,308,12,9,108,38,123,3162.0,5,1,1,1,1,1,0,0.9129015984970092,1,141.16433300659992
/Users/eolande/EventMAV/FRED/65.zip,2183,65.49622500000171,65.52622500000172,propeller_2,886,527,893,532,7,5,35,20,36,1734.0,5,1,1,1,1,1,0,0.9114574517533773,1,141.16433300659992
/Users/eolande/EventMAV/FRED/65.zip,2184,65.52622500000172,65.55622500000172,propeller_1,650,300,666,310,16,10,160,71,214,5788.5,5,1,1,1,1,1,0,0.8931385903765643,1,139.34508400416235
/Users/eolande/EventMAV/FRED/65.zip,2184,65.52622500000172,65.55622500000172,propeller_2,897,529,904,533,7,4,28,16,45,1453.5,4,1,1,1,0,1,0,0.9006041996078266,1,139.34508400416235
/Users/eolande/EventMAV/FRED/65.zip,2185,65.55622500000172,65.58622500000172,propeller_1,661,303,672,311,11,8,88,68,191,6069.0,5,1,1,1,1,1,0,0.9157296585655108,1,137.20345899491804
/Users/eolande/EventMAV/FRED/65.zip,2185,65.55622500000172,65.58622500000172,propeller_2,901,530,908,533,7,3,21,17,39,1504.5,6,1,1,1,1,1,1,0.8836265756899142,1,137.20345899491804
/Users/eolande/EventMAV/FRED/65.zip,2186,65.58622500000172,65.61622500000172,propeller_1,666,305,681,313,15,8,120,75,218,6961.5,4,1,0,1,1,1,0,0.8931429192457492,1,143.32216599723324
/Users/eolande/EventMAV/FRED/65.zip,2186,65.58622500000172,65.61622500000172,propeller_2,905,529,912,534,7,5,35,24,57,2703.0,6,1,1,1,1,1,1,0.9086303301255585,1,143.32216599723324
/Users/eolande/EventMAV/FRED/65.zip,2187,65.61622500000172,65.64622500000172,propeller_1,671,306,690,314,19,8,152,72,243,7089.0,4,1,0,1,1,1,0,0.916143310506861,1,138.71087499865098
/Users/eolande/EventMAV/FRED/65.zip,2187,65.61622500000172,65.64622500000172,propeller_2,910,531,918,535,8,4,32,23,51,2142.0,5,1,1,1,1,1,0,0.8770650120908572,1,138.71087499865098
/Users/eolande/EventMAV/FRED/65.zip,2188,65.64622500000172,65.67622500000172,propeller_1,680,308,698,315,18,7,126,70,221,6936.0,5,1,1,1,1,1,0,0.9102120622714616,1,138.06808299705153
/Users/eolande/EventMAV/FRED/65.zip,2188,65.64622500000172,65.67622500000172,propeller_2,915,531,920,535,5,4,20,12,32,1275.0,4,1,1,0,1,1,0,0.8875774568708191,1,138.06808299705153
/Users/eolande/EventMAV/FRED/65.zip,2189,65.67622500000172,65.70622500000172,propeller_1,689,310,700,316,11,6,66,46,131,4182.0,5,1,1,1,1,1,0,0.9164457829078578,1,141.69204200152308
/Users/eolande/EventMAV/FRED/65.zip,2189,65.67622500000172,65.70622500000172,propeller_2,920,531,925,536,5,5,25,18,42,2422.5,4,1,0,1,0,1,1,0.9535364931906846,1,141.69204200152308
/Users/eolande/EventMAV/FRED/65.zip,2190,65.70622500000172,65.73622500000172,propeller_1,694,309,711,316,17,7,119,59,194,5304.0,5,1,1,1,1,1,0,0.9168949761280978,1,137.94150000467198
/Users/eolande/EventMAV/FRED/65.zip,2191,65.73622500000172,65.76622500000173,propeller_1,705,309,717,317,12,8,96,36,127,3340.5,5,1,1,1,1,1,0,0.883944753326153,1,143.760957995255
/Users/eolande/EventMAV/FRED/65.zip,2191,65.73622500000172,65.76622500000173,propeller_2,928,534,932,537,4,3,12,10,22,1326.0,3,1,1,0,1,0,0,0.9134436277104259,1,143.760957995255
/Users/eolande/EventMAV/FRED/65.zip,2192,65.76622500000173,65.79622500000173,propeller_1,711,312,723,317,12,5,60,33,112,3340.5,5,1,1,1,1,1,0,0.8788522585676416,1,138.04154199897312
/Users/eolande/EventMAV/FRED/65.zip,2193,65.79622500000173,65.82622500000173,propeller_1,716,311,729,317,13,6,78,27,102,2269.5,5,1,1,1,1,1,0,0.9057674324858824,1,145.21299999614712
/Users/eolande/EventMAV/FRED/65.zip,2194,65.82622500000173,65.85622500000173,propeller_1,722,315,729,317,7,2,14,10,20,1071.0,5,1,1,1,1,1,0,0.9229244087140847,1,140.99829200131353
/Users/eolande/EventMAV/FRED/65.zip,2195,65.85622500000173,65.88622500000173,propeller_1,730,312,742,317,12,5,60,27,90,2448.0,5,1,1,1,1,1,0,0.9184801118179191,1,139.25824999751057
/Users/eolande/EventMAV/FRED/65.zip,2196,65.88622500000173,65.91622500000173,propeller_1,735,311,748,318,13,7,91,31,107,2907.0,5,1,1,1,1,1,0,0.898763975909268,1,139.386791997822
/Users/eolande/EventMAV/FRED/65.zip,2197,65.91622500000173,65.94622500000173,propeller_1,741,313,751,317,10,4,40,20,64,1759.5,5,1,1,1,1,1,0,0.8936256918628618,1,217.8911250011879
/Users/eolande/EventMAV/FRED/65.zip,2198,65.94622500000173,65.97622500000173,propeller_1,747,314,756,318,9,4,36,19,60,1632.0,4,1,1,1,0,1,0,0.9140133574024648,1,203.12820899562212
/Users/eolande/EventMAV/FRED/65.zip,2199,65.97622500000173,66.00622500000173,propeller_1,751,314,761,318,10,4,40,18,65,1708.5,5,1,1,1,1,1,0,0.9297138161154812,1,146.47066699399147
/Users/eolande/EventMAV/FRED/65.zip,2200,66.00622500000173,66.03622500000174,propeller_1,757,315,766,318,9,3,27,14,52,1402.5,5,1,1,1,1,1,0,0.8913837376626768,1,150.85037500102771
/Users/eolande/EventMAV/FRED/65.zip,2201,66.03622500000174,66.06622500000174,propeller_2,762,314,770,319,8,5,40,19,63,1479.0,4,1,1,1,0,1,0,0.8963441355038095,1,146.64233299845364
/Users/eolande/EventMAV/FRED/65.zip,2202,66.06622500000174,66.09622500000174,propeller_2,767,314,774,319,7,5,35,15,56,1300.5,5,1,1,1,0,1,1,0.9120488346298815,1,159.64720899501117
/Users/eolande/EventMAV/FRED/65.zip,2203,66.09622500000174,66.12622500000174,propeller_1,769,316,776,320,7,4,28,16,47,1377.0,3,1,1,0,0,1,0,0.9347909394514968,1,298.48683300224366
/Users/eolande/EventMAV/FRED/65.zip,2204,66.12622500000174,66.15622500000174,propeller_1,776,317,780,319,4,2,8,5,18,739.5,3,1,1,0,0,1,0,0.939631147103813,1,135.9956659944146
/Users/eolande/EventMAV/FRED/65.zip,2205,66.15622500000174,66.18622500000174,propeller_1,777,317,783,321,6,4,24,11,38,918.0,3,1,1,0,0,1,0,0.8838892594844884,1,150.36437500384636
/Users/eolande/EventMAV/FRED/65.zip,2206,66.18622500000174,66.21622500000174,propeller_1,781,319,783,321,2,2,4,3,7,586.5,3,1,1,0,0,1,0,0.9999977999153409,1,146.53991600062
/Users/eolande/EventMAV/FRED/65.zip,2222,66.66622500000176,66.69622500000176,propeller_1,906,567,913,573,7,6,42,31,74,3391.5,5,1,1,1,0,1,1,0.9252598128235159,1,131.47958299668971
/Users/eolande/EventMAV/FRED/65.zip,2223,66.69622500000176,66.72622500000176,propeller_1,902,570,910,574,8,4,32,18,43,1402.5,5,1,1,1,1,1,0,0.9000263277036039,1,134.33229100337485
/Users/eolande/EventMAV/FRED/65.zip,2224,66.72622500000176,66.75622500000176,propeller_1,898,571,907,578,9,7,63,32,91,3417.0,6,1,1,1,1,1,1,0.9328234536693722,1,142.39420800004154
/Users/eolande/EventMAV/FRED/65.zip,2227,66.81622500000177,66.84622500000177,propeller_1,890,581,893,584,3,3,9,9,18,943.5,3,1,0,0,1,1,0,0.9016815985768334,1,142.79337500192923
/Users/eolande/EventMAV/FRED/65.zip,2230,66.90622500000177,66.93622500000177,propeller_1,872,587,879,592,7,5,35,31,73,3034.5,6,1,1,1,1,1,1,0.9171122706493132,1,138.0839589983225
/Users/eolande/EventMAV/FRED/65.zip,2231,66.93622500000177,66.96622500000177,propeller_1,865,589,874,594,9,5,45,26,74,2269.5,6,1,1,1,1,1,1,0.8997911595848529,1,150.62324999598786
/Users/eolande/EventMAV/FRED/65.zip,2232,66.96622500000177,66.99622500000177,propeller_1,758,326,764,330,6,4,24,18,47,2244.0,3,1,1,0,0,1,0,0.9313075447659014,1,146.152291999897
/Users/eolande/EventMAV/FRED/65.zip,2232,66.96622500000177,66.99622500000177,propeller_2,861,591,867,596,6,5,30,20,50,1836.0,5,1,1,1,0,1,1,0.895614143792673,1,146.152291999897
/Users/eolande/EventMAV/FRED/65.zip,2233,66.99622500000177,67.02622500000177,propeller_1,856,593,862,600,6,7,42,26,65,2371.5,6,1,1,1,1,1,1,0.9259922293490874,1,137.69633299671113
/Users/eolande/EventMAV/FRED/65.zip,2233,66.99622500000177,67.02622500000177,propeller_2,756,326,761,330,5,4,20,17,30,1734.0,5,1,1,1,1,1,0,0.9508015194260526,1,137.69633299671113
/Users/eolande/EventMAV/FRED/65.zip,2234,67.02622500000177,67.05622500000177,propeller_1,848,595,858,602,10,7,70,35,95,3111.0,6,1,1,1,1,1,1,0.9008231015533266,1,135.29862500581658
/Users/eolande/EventMAV/FRED/65.zip,2234,67.02622500000177,67.05622500000177,propeller_2,750,325,758,330,8,5,40,21,54,2677.5,5,1,1,1,1,1,0,0.9285920513627334,1,135.29862500581658
/Users/eolande/EventMAV/FRED/65.zip,2235,67.05622500000177,67.08622500000178,propeller_1,841,599,850,604,9,5,45,34,77,3621.0,4,1,0,1,1,1,0,0.9315940331052434,1,138.22687499487074
/Users/eolande/EventMAV/FRED/65.zip,2235,67.05622500000177,67.08622500000178,propeller_2,746,325,755,331,9,6,54,24,63,2499.0,5,1,1,1,1,1,0,0.9381089472048215,1,138.22687499487074
/Users/eolande/EventMAV/FRED/65.zip,2236,67.08622500000178,67.11622500000178,propeller_1,835,600,846,606,11,6,66,49,107,4411.5,5,1,1,1,1,1,0,0.9210564491837361,1,145.58654099528212
/Users/eolande/EventMAV/FRED/65.zip,2236,67.08622500000178,67.11622500000178,propeller_2,747,328,751,331,4,3,12,12,20,1071.0,4,1,1,1,0,1,0,0.9269838740824374,1,145.58654099528212
/Users/eolande/EventMAV/FRED/65.zip,2237,67.11622500000178,67.14622500000178,propeller_1,828,602,839,609,11,7,77,46,103,3978.0,5,1,1,1,1,1,0,0.8955938552697152,1,148.64095799566712
/Users/eolande/EventMAV/FRED/65.zip,2237,67.11622500000178,67.14622500000178,propeller_2,744,328,749,331,5,3,15,13,29,1275.0,5,1,1,1,1,1,0,0.8931034299921405,1,148.64095799566712
/Users/eolande/EventMAV/FRED/65.zip,2238,67.14622500000178,67.17622500000178,propeller_1,825,605,833,611,8,6,48,35,88,3213.0,6,1,1,1,1,1,1,0.8980589238468208,1,137.8440420012339
/Users/eolande/EventMAV/FRED/65.zip,2238,67.14622500000178,67.17622500000178,propeller_2,736,326,746,331,10,5,50,19,44,1530.0,4,1,1,0,1,1,0,0.9021314450195155,1,137.8440420012339
/Users/eolande/EventMAV/FRED/65.zip,2239,67.17622500000178,67.20622500000178,propeller_1,816,606,825,613,9,7,63,41,91,3519.0,5,1,1,1,1,1,0,0.8834756418651553,1,141.36883400351508
/Users/eolande/EventMAV/FRED/65.zip,2240,67.20622500000178,67.23622500000178,propeller_1,808,608,818,615,10,7,70,53,112,5304.0,5,1,1,1,1,1,0,0.8890778055410875,1,141.80841699999291
/Users/eolande/EventMAV/FRED/65.zip,2240,67.20622500000178,67.23622500000178,propeller_2,736,329,739,331,3,2,6,4,7,433.5,4,1,1,1,1,0,0,0.9178399284823346,1,141.80841699999291
/Users/eolande/EventMAV/FRED/65.zip,2241,67.23622500000178,67.26622500000178,propeller_1,800,610,812,618,12,8,96,60,148,5941.5,6,1,1,1,1,1,1,0.9333531797945129,1,136.53733400133206
/Users/eolande/EventMAV/FRED/65.zip,2241,67.23622500000178,67.26622500000178,propeller_3,734,329,737,332,3,3,9,9,18,994.5,3,1,1,0,0,1,0,0.8720173263267683,1,136.53733400133206
/Users/eolande/EventMAV/FRED/65.zip,2242,67.26622500000178,67.29622500000178,propeller_1,794,612,805,619,11,7,77,59,151,5737.5,6,1,1,1,1,1,1,0.9382547539023389,1,139.97516599920345
/Users/eolande/EventMAV/FRED/65.zip,2243,67.29622500000178,67.32622500000178,propeller_1,785,614,796,620,11,6,66,44,118,4182.0,6,1,1,1,1,1,1,0.880035854893739,1,141.82383400475373
/Users/eolande/EventMAV/FRED/65.zip,2244,67.32622500000178,67.35622500000179,propeller_1,777,616,789,623,12,7,84,54,160,6400.5,6,1,1,1,1,1,1,0.9377134373143547,1,140.19529199867975
/Users/eolande/EventMAV/FRED/65.zip,2244,67.32622500000178,67.35622500000179,propeller_2,724,329,727,331,3,2,6,5,10,510.0,5,1,1,1,1,1,0,0.92184600730293,1,140.19529199867975
/Users/eolande/EventMAV/FRED/65.zip,2245,67.35622500000179,67.38622500000179,propeller_1,768,617,781,624,13,7,91,58,162,5967.0,6,1,1,1,1,1,1,0.9218500881238495,1,143.49587499600602
/Users/eolande/EventMAV/FRED/65.zip,2246,67.38622500000179,67.41622500000179,propeller_1,761,618,774,626,13,8,104,74,248,8721.0,6,1,1,1,1,1,1,0.9314815252459157,1,136.35420899663586
/Users/eolande/EventMAV/FRED/65.zip,2247,67.41622500000179,67.44622500000179,propeller_1,754,620,766,628,12,8,96,72,239,8338.5,6,1,1,1,1,1,1,0.9447010177402166,1,140.0501250027446
/Users/eolande/EventMAV/FRED/65.zip,2248,67.44622500000179,67.47622500000179,propeller_1,745,620,758,629,13,9,117,81,236,8797.5,5,1,0,1,1,1,1,0.9286354526346084,1,139.31033400149317
/Users/eolande/EventMAV/FRED/65.zip,2249,67.47622500000179,67.50622500000179,propeller_1,736,622,750,630,14,8,112,86,249,8517.0,5,1,1,1,1,1,0,0.9226987583530981,1,144.13875000172993
/Users/eolande/EventMAV/FRED/65.zip,2250,67.50622500000179,67.53622500000179,propeller_1,727,623,743,631,16,8,128,82,246,8568.0,6,1,1,1,1,1,1,0.9253339158035465,1,141.30612499866402
/Users/eolande/EventMAV/FRED/65.zip,2251,67.53622500000179,67.5662250000018,propeller_1,719,625,732,633,13,8,104,72,241,7828.5,6,1,1,1,1,1,1,0.9200832172325344,1,138.5746250016382
/Users/eolande/EventMAV/FRED/65.zip,2252,67.5662250000018,67.5962250000018,propeller_1,712,626,724,634,12,8,96,65,217,6145.5,5,1,1,1,1,1,0,0.8932591087075537,1,138.87487500323914
/Users/eolande/EventMAV/FRED/65.zip,2253,67.5962250000018,67.6262250000018,propeller_1,704,627,715,635,11,8,88,69,214,6247.5,5,1,1,1,1,1,0,0.8899626212773197,1,138.74487500288524
/Users/eolande/EventMAV/FRED/65.zip,2254,67.6262250000018,67.6562250000018,propeller_1,694,628,707,636,13,8,104,72,252,6936.0,5,1,0,1,1,1,1,0.8983329661292517,1,138.64658400416374
/Users/eolande/EventMAV/FRED/65.zip,2255,67.6562250000018,67.6862250000018,propeller_1,686,629,699,637,13,8,104,74,247,7522.5,6,1,1,1,1,1,1,0.9176093429159122,1,135.0119580019964
/Users/eolande/EventMAV/FRED/65.zip,2256,67.6862250000018,67.7162250000018,propeller_1,674,630,688,638,14,8,112,76,268,6808.5,6,1,1,1,1,1,1,0.9059803637153148,1,140.59391699993284
/Users/eolande/EventMAV/FRED/65.zip,2257,67.7162250000018,67.7462250000018,propeller_1,665,630,680,638,15,8,120,79,318,9103.5,5,1,1,1,1,1,0,0.908110373813441,1,141.96062499831896
/Users/eolande/EventMAV/FRED/65.zip,2258,67.7462250000018,67.7762250000018,propeller_1,656,631,671,638,15,7,105,83,331,10200.0,5,1,1,1,1,1,0,0.933250925072597,1,137.9703749989858
/Users/eolande/EventMAV/FRED/65.zip,2259,67.7762250000018,67.8062250000018,propeller_1,648,631,663,638,15,7,105,91,379,10480.5,4,1,0,1,1,1,0,0.9165521083546201,1,142.92274999752408
/Users/eolande/EventMAV/FRED/65.zip,2260,67.8062250000018,67.8362250000018,propeller_1,638,631,653,638,15,7,105,92,368,10710.0,3,1,0,1,0,1,0,0.919518670154255,1,141.05429100163747
/Users/eolande/EventMAV/FRED/65.zip,2261,67.8362250000018,67.8662250000018,propeller_1,629,631,645,638,16,7,112,99,426,11551.5,4,1,0,1,1,1,0,0.9244105622227287,1,137.3422920005396
/Users/eolande/EventMAV/FRED/65.zip,2262,67.8662250000018,67.8962250000018,propeller_1,621,630,636,638,15,8,120,95,453,12316.5,4,1,0,1,1,1,0,0.9392507695873473,1,137.2800829994958
/Users/eolande/EventMAV/FRED/65.zip,2263,67.8962250000018,67.9262250000018,propeller_1,611,630,628,638,17,8,136,106,498,12546.0,4,1,0,1,1,1,0,0.953859681296946,1,142.37270800367696
/Users/eolande/EventMAV/FRED/65.zip,2264,67.9262250000018,67.95622500000181,propeller_1,603,630,619,638,16,8,128,112,730,15784.5,4,1,0,1,1,1,0,0.9412465551479046,1,135.8761669980595
/Users/eolande/EventMAV/FRED/65.zip,2265,67.95622500000181,67.98622500000181,propeller_1,595,629,611,638,16,9,144,116,802,15886.5,4,1,0,1,1,1,0,0.942268038760684,1,136.7995830005384
/Users/eolande/EventMAV/FRED/65.zip,2266,67.98622500000181,68.01622500000181,propeller_1,586,629,602,638,16,9,144,122,788,16524.0,4,1,0,1,1,1,0,0.9466373417295713,1,142.22170900029596
/Users/eolande/EventMAV/FRED/65.zip,2267,68.01622500000181,68.04622500000181,propeller_1,578,629,594,638,16,9,144,116,949,17034.0,5,1,1,1,1,1,0,0.9443691810823254,1,140.53616599994712
/Users/eolande/EventMAV/FRED/65.zip,2268,68.04622500000181,68.07622500000181,propeller_1,569,628,586,637,17,9,153,119,842,16243.5,5,1,1,1,1,1,0,0.9339663183534324,1,142.86945800267858
/Users/eolande/EventMAV/FRED/65.zip,2269,68.07622500000181,68.10622500000181,propeller_1,562,628,578,637,16,9,144,114,792,15988.5,5,1,1,1,1,1,0,0.9382764260676674,1,145.50874999986263
/Users/eolande/EventMAV/FRED/65.zip,2270,68.10622500000181,68.13622500000182,propeller_1,554,627,570,636,16,9,144,110,792,15759.0,3,1,0,1,0,1,0,0.9370969131137327,1,140.25741599471075
/Users/eolande/EventMAV/FRED/65.zip,2271,68.13622500000182,68.16622500000182,propeller_1,547,627,562,636,15,9,135,110,749,15325.5,4,1,0,1,1,1,0,0.9307648230383181,1,140.72833299724152
/Users/eolande/EventMAV/FRED/65.zip,2272,68.16622500000182,68.19622500000182,propeller_1,539,626,555,635,16,9,144,108,627,12291.0,5,1,1,1,1,1,0,0.8892966708255121,1,140.81945799989626
/Users/eolande/EventMAV/FRED/65.zip,2273,68.19622500000182,68.22622500000182,propeller_1,536,626,548,634,12,8,96,71,295,7191.0,5,1,1,1,1,1,0,0.9195117072096584,1,144.65395799925318
/Users/eolande/EventMAV/FRED/65.zip,2274,68.22622500000182,68.25622500000182,propeller_1,535,629,540,634,5,5,25,20,63,1606.5,3,1,0,1,0,1,0,0.9141242472107707,1,141.6962910006987
/Users/eolande/EventMAV/FRED/65.zip,2275,68.25622500000182,68.28622500000182,propeller_1,688,337,691,338,3,1,3,3,2,663.0,4,1,1,1,1,0,0,0.9338186795769122,1,123.63808400550624
/Users/eolande/EventMAV/FRED/65.zip,2278,68.34622500000182,68.37622500000182,propeller_1,690,344,695,347,5,3,15,10,26,1249.5,4,1,1,1,0,1,0,0.9547857831182912,1,125.25087500398513
/Users/eolande/EventMAV/FRED/65.zip,2279,68.37622500000182,68.40622500000183,propeller_1,691,346,694,349,3,3,9,6,20,688.5,3,1,1,1,0,0,0,0.9087727272464656,1,124.91970799601404
/Users/eolande/EventMAV/FRED/65.zip,2280,68.40622500000183,68.43622500000183,propeller_1,690,348,693,351,3,3,9,8,21,994.5,3,1,1,0,1,0,0,0.9531643187344657,1,147.22233299835352
/Users/eolande/EventMAV/FRED/65.zip,2281,68.43622500000183,68.46622500000183,propeller_2,690,350,694,352,4,2,8,8,13,1020.0,4,1,1,1,1,0,0,0.9638671972862677,1,124.4098329989356
/Users/eolande/EventMAV/FRED/65.zip,2282,68.46622500000183,68.49622500000183,propeller_1,686,352,693,354,7,2,14,11,22,1096.5,3,1,1,0,1,0,0,0.9245806084395941,1,141.4492080002674
/Users/eolande/EventMAV/FRED/65.zip,2283,68.49622500000183,68.52622500000183,propeller_2,690,354,693,356,3,2,6,6,13,561.0,3,1,1,0,0,1,0,0.9388474625807717,1,142.37395799864316
/Users/eolande/EventMAV/FRED/65.zip,2284,68.52622500000183,68.55622500000183,propeller_2,690,355,694,357,4,2,8,5,8,892.5,3,1,1,1,0,0,0,0.8309405319382006,1,143.64349999959813
/Users/eolande/EventMAV/FRED/65.zip,2285,68.55622500000183,68.58622500000183,propeller_1,494,598,504,609,10,11,110,42,116,4131.0,5,1,1,1,1,1,0,0.9189165017222571,1,137.50416699622292
/Users/eolande/EventMAV/FRED/65.zip,2286,68.58622500000183,68.61622500000183,propeller_1,494,593,506,604,12,11,132,62,203,7114.5,4,1,0,1,1,1,0,0.9266327248315839,1,141.3607909998973
/Users/eolande/EventMAV/FRED/65.zip,2287,68.61622500000183,68.64622500000183,propeller_1,495,591,506,600,11,9,99,15,112,2142.0,5,1,1,1,1,1,0,0.8876955266835732,1,147.10004199878313
/Users/eolande/EventMAV/FRED/65.zip,2288,68.64622500000183,68.67622500000184,propeller_1,499,586,509,595,10,9,90,51,165,4921.5,5,1,1,1,1,1,0,0.911537445799212,1,138.8464580013533
/Users/eolande/EventMAV/FRED/65.zip,2289,68.67622500000184,68.70622500000184,propeller_1,500,582,512,590,12,8,96,45,177,4411.5,5,1,1,1,1,1,0,0.88022492990411,1,142.6694170004339
/Users/eolande/EventMAV/FRED/65.zip,2290,68.70622500000184,68.73622500000184,propeller_1,511,575,518,585,7,10,70,38,204,4411.5,5,1,1,1,1,1,0,0.9784005551351583,1,149.2771669945796
/Users/eolande/EventMAV/FRED/65.zip,2291,68.73622500000184,68.76622500000184,propeller_1,515,569,524,578,9,9,81,46,401,5814.0,5,1,1,1,1,1,0,0.959154789310111,1,141.5536249987781
/Users/eolande/EventMAV/FRED/65.zip,2292,68.76622500000184,68.79622500000184,propeller_1,519,561,532,572,13,11,143,75,410,6936.0,3,1,0,1,0,1,0,0.8947306318431727,1,137.77670800482156
/Users/eolande/EventMAV/FRED/65.zip,2293,68.79622500000184,68.82622500000184,propeller_1,527,556,540,565,13,9,117,74,346,6120.0,5,1,1,1,1,1,0,0.8525072076925676,1,146.3287919978029
/Users/eolande/EventMAV/FRED/65.zip,2294,68.82622500000184,68.85622500000184,propeller_1,535,547,548,557,13,10,130,62,392,6400.5,5,1,1,1,1,1,0,0.9446359563198338,1,144.2696669982979
/Users/eolande/EventMAV/FRED/65.zip,2295,68.85622500000184,68.88622500000184,propeller_1,543,540,559,553,16,13,208,103,548,9307.5,5,1,1,1,1,1,0,0.9580517245270874,1,140.48941600049147
/Users/eolande/EventMAV/FRED/65.zip,2296,68.88622500000184,68.91622500000184,propeller_1,554,532,571,544,17,12,204,118,621,11500.5,4,1,0,1,1,1,0,0.9217988542095088,1,145.09045900194906
/Users/eolande/EventMAV/FRED/65.zip,2297,68.91622500000184,68.94622500000185,propeller_1,562,522,582,538,20,16,320,152,777,13158.0,5,1,1,1,1,1,0,0.919195028913634,1,146.00400000199443
/Users/eolande/EventMAV/FRED/65.zip,2298,68.94622500000185,68.97622500000185,propeller_1,577,514,597,531,20,17,340,197,888,17391.0,5,1,1,1,1,1,0,0.9120933339186312,1,140.64624999446096
/Users/eolande/EventMAV/FRED/65.zip,2299,68.97622500000185,69.00622500000185,propeller_1,587,506,612,523,25,17,425,234,967,20119.5,5,1,1,1,1,1,0,0.9057526590265155,1,144.27550000254996
/Users/eolande/EventMAV/FRED/65.zip,2300,69.00622500000185,69.03622500000185,propeller_1,602,495,627,515,25,20,500,285,1159,23715.0,4,1,0,1,1,1,0,0.9167314489723887,1,141.25225000316277
/Users/eolande/EventMAV/FRED/65.zip,2301,69.03622500000185,69.06622500000185,propeller_1,615,487,642,508,27,21,567,320,1320,27387.0,5,1,1,1,1,1,0,0.925013361622308,1,142.06850000482518
/Users/eolande/EventMAV/FRED/65.zip,2302,69.06622500000185,69.09622500000185,propeller_1,631,478,658,498,27,20,540,324,1400,28330.5,5,1,1,1,1,1,0,0.9259258148241858,1,147.0657919999212
/Users/eolande/EventMAV/FRED/65.zip,2303,69.09622500000185,69.12622500000185,propeller_1,647,470,673,490,26,20,520,312,1451,26163.0,3,1,0,0,1,1,0,0.8990045431899559,1,141.5161250042729
/Users/eolande/EventMAV/FRED/65.zip,2304,69.12622500000185,69.15622500000185,propeller_1,665,462,692,481,27,19,513,319,1585,28203.0,3,1,0,0,1,1,0,0.8994105336398339,1,137.4065830023028
/Users/eolande/EventMAV/FRED/65.zip,2305,69.15622500000185,69.18622500000185,propeller_1,682,453,710,473,28,20,560,333,1717,29019.0,4,1,0,1,1,1,0,0.9068583503163119,1,144.2822500030161
/Users/eolande/EventMAV/FRED/65.zip,2306,69.18622500000185,69.21622500000186,propeller_1,700,445,728,464,28,19,532,340,1755,30268.5,3,1,0,0,1,1,0,0.9123489149785895,1,141.2796660006279
/Users/eolande/EventMAV/FRED/65.zip,2307,69.21622500000186,69.24622500000186,propeller_1,718,436,746,456,28,20,560,371,2095,33736.5,4,1,0,1,1,1,0,0.9099751025080267,1,137.17658299719915
/Users/eolande/EventMAV/FRED/65.zip,2308,69.24622500000186,69.27622500000186,propeller_1,734,428,766,448,32,20,640,394,2481,42177.0,3,1,0,0,1,1,0,0.9504295936654136,1,137.3668330052169
/Users/eolande/EventMAV/FRED/65.zip,2309,69.27622500000186,69.30622500000186,propeller_1,754,420,786,441,32,21,672,446,2823,47175.0,4,1,0,1,1,1,0,0.9552814871798558,1,143.13295899773948
/Users/eolande/EventMAV/FRED/65.zip,2310,69.30622500000186,69.33622500000186,propeller_1,773,413,805,435,32,22,704,449,2884,48730.5,5,1,1,1,1,1,0,0.9562424406561729,1,140.18033400498098
/Users/eolande/EventMAV/FRED/65.zip,2311,69.33622500000186,69.36622500000186,propeller_1,792,405,824,427,32,22,704,429,2587,45619.5,4,1,0,1,1,1,0,0.9462247930471515,1,135.65004099655198
/Users/eolande/EventMAV/FRED/65.zip,2312,69.36622500000186,69.39622500000186,propeller_1,810,398,843,420,33,22,726,429,2333,44803.5,4,1,0,1,1,1,0,0.9487028275984466,1,140.28591600072104
/Users/eolande/EventMAV/FRED/65.zip,2313,69.39622500000186,69.42622500000186,propeller_1,830,392,861,412,31,20,620,402,2889,41539.5,5,1,1,1,1,1,0,0.9265102836179555,1,142.22054200217826
/Users/eolande/EventMAV/FRED/65.zip,2314,69.42622500000186,69.45622500000187,propeller_1,850,386,881,406,31,20,620,365,3238,33634.5,3,1,0,1,0,1,0,0.9122177744246409,1,143.13195800059475
/Users/eolande/EventMAV/FRED/65.zip,2315,69.45622500000187,69.48622500000187,propeller_1,869,380,900,400,31,20,620,367,3279,34552.5,4,1,0,1,1,1,0,0.9264058880372013,1,139.9357920017792
/Users/eolande/EventMAV/FRED/65.zip,2316,69.48622500000187,69.51622500000187,propeller_1,886,375,918,394,32,19,608,346,2942,31900.5,5,1,1,1,1,1,0,0.9216559181630457,1,144.82649999990826
/Users/eolande/EventMAV/FRED/65.zip,2317,69.51622500000187,69.54622500000187,propeller_1,905,370,935,389,30,19,570,333,3181,31339.5,4,1,0,1,1,1,0,0.9139759953779355,1,142.29670799977612
/Users/eolande/EventMAV/FRED/65.zip,2318,69.54622500000187,69.57622500000187,propeller_1,922,365,953,385,31,20,620,321,2872,29860.5,4,1,1,1,0,1,0,0.9226256564692916,1,141.06312499643536
/Users/eolande/EventMAV/FRED/65.zip,2319,69.57622500000187,69.60622500000187,propeller_1,940,361,970,380,30,19,570,316,2713,30600.0,5,1,1,1,0,1,1,0.9155885884336226,1,142.68362499569776
/Users/eolande/EventMAV/FRED/65.zip,2320,69.60622500000187,69.63622500000187,propeller_1,957,358,986,375,29,17,493,304,2645,31696.5,5,1,1,1,1,1,0,0.918843728289495,1,137.04649999999674
/Users/eolande/EventMAV/FRED/65.zip,2321,69.63622500000187,69.66622500000187,propeller_1,975,355,1003,372,28,17,476,287,2278,27999.0,4,1,0,1,1,1,0,0.9100191248748448,1,138.70374999532942
/Users/eolande/EventMAV/FRED/65.zip,2322,69.66622500000187,69.69622500000187,propeller_1,989,351,1017,369,28,18,504,260,1860,25168.5,4,1,0,1,1,1,0,0.8935799497441603,1,149.5609580015298
/Users/eolande/EventMAV/FRED/65.zip,2322,69.66622500000187,69.69622500000187,propeller_2,727,352,730,355,3,3,9,9,14,1122.0,3,1,1,0,1,0,0,0.8720173263267683,1,149.5609580015298
/Users/eolande/EventMAV/FRED/65.zip,2323,69.69622500000187,69.72622500000188,propeller_1,1005,349,1032,365,27,16,432,249,1746,23281.5,6,1,1,1,1,1,1,0.8868181057675402,1,139.91383300162852
/Users/eolande/EventMAV/FRED/65.zip,2324,69.72622500000188,69.75622500000188,propeller_1,1019,346,1047,363,28,17,476,255,1934,24250.5,4,1,0,1,1,1,0,0.8681352575257966,1,139.55412499490194
/Users/eolande/EventMAV/FRED/65.zip,2325,69.75622500000188,69.78622500000188,propeller_1,1035,343,1061,360,26,17,442,257,2735,28560.0,5,1,0,1,1,1,1,0.8831198455260675,1,142.00899999559624
/Users/eolande/EventMAV/FRED/65.zip,2326,69.78622500000188,69.81622500000188,propeller_1,1047,341,1074,358,27,17,459,264,3284,32206.5,4,1,0,1,1,1,0,0.8911084649557144,1,141.19400000345195
/Users/eolande/EventMAV/FRED/65.zip,2327,69.81622500000188,69.84622500000188,propeller_1,1060,340,1086,355,26,15,390,254,3569,31900.5,5,1,0,1,1,1,1,0.8852106834118432,1,140.91329200164182
/Users/eolande/EventMAV/FRED/65.zip,2328,69.84622500000188,69.87622500000188,propeller_1,1072,340,1097,354,25,14,350,235,3007,30880.5,5,1,1,1,1,1,0,0.8930833067347999,1,146.33433400013018
/Users/eolande/EventMAV/FRED/65.zip,2329,69.87622500000188,69.90622500000188,propeller_1,1082,340,1107,353,25,13,325,213,3305,29554.5,4,1,0,1,1,1,0,0.9057678553161439,1,144.4974159967387
/Users/eolande/EventMAV/FRED/65.zip,2330,69.90622500000188,69.93622500000188,propeller_1,1092,339,1114,352,22,13,286,181,2446,23307.0,4,1,0,1,1,1,0,0.9035026696484679,1,141.9152500020573
/Users/eolande/EventMAV/FRED/65.zip,2330,69.90622500000188,69.93622500000188,propeller_3,1087,225,1089,227,2,2,4,3,7,918.0,3,1,0,0,1,1,0,0.9999977999153409,1,141.9152500020573
/Users/eolande/EventMAV/FRED/65.zip,2331,69.93622500000188,69.96622500000188,propeller_1,1103,339,1121,350,18,11,198,137,1489,16677.0,3,1,0,1,0,1,0,0.8941978569398401,1,140.47791699704248
/Users/eolande/EventMAV/FRED/65.zip,2332,69.96622500000188,69.99622500000189,propeller_1,1112,337,1129,348,17,11,187,98,563,10990.5,5,1,0,1,1,1,1,0.8736008182863969,1,145.2430839999579
/Users/eolande/EventMAV/FRED/65.zip,2333,69.99622500000189,70.02622500000189,propeller_1,1122,338,1135,348,13,10,130,70,329,7471.5,6,1,1,1,1,1,1,0.8469487062078055,1,140.4201670011389
/Users/eolande/EventMAV/FRED/65.zip,2334,70.02622500000189,70.05622500000189,propeller_1,1130,338,1143,350,13,12,156,63,340,5737.5,6,1,1,1,1,1,1,0.9006707253119501,1,144.8782920051599
/Users/eolande/EventMAV/FRED/65.zip,2335,70.05622500000189,70.08622500000189,propeller_1,1140,339,1149,348,9,9,81,29,202,2779.5,6,1,1,1,1,1,1,0.9015463177618184,1,150.1120409957366
/Users/eolande/EventMAV/FRED/65.zip,2336,70.08622500000189,70.11622500000189,propeller_1,1145,341,1151,349,6,8,48,16,104,2397.0,6,1,1,1,1,1,1,0.8698628326110895,1,145.7922499976121
/Users/eolande/EventMAV/FRED/65.zip,2337,70.11622500000189,70.14622500000189,propeller_1,1150,338,1158,350,8,12,96,34,167,3136.5,6,1,1,1,1,1,1,0.8448377796409638,1,142.4497909974889
/Users/eolande/EventMAV/FRED/65.zip,2339,70.17622500000189,70.2062250000019,propeller_2,1153,343,1163,347,10,4,40,7,42,1504.5,6,1,1,1,1,1,1,0.9979116349251346,1,142.16683400445618
/Users/eolande/EventMAV/FRED/65.zip,2341,70.2362250000019,70.2662250000019,propeller_1,1158,346,1166,358,8,12,96,13,120,1759.5,4,1,1,0,0,1,1,0.9673430582492613,1,143.21124999696622
/Users/eolande/EventMAV/FRED/65.zip,2342,70.2662250000019,70.2962250000019,propeller_1,1159,350,1167,359,8,9,72,11,99,1377.0,3,1,1,0,0,1,0,0.927832343439921,1,143.09004099777667
/Users/eolande/EventMAV/FRED/65.zip,2343,70.2962250000019,70.3262250000019,propeller_1,1159,358,1168,363,9,5,45,21,82,2142.0,5,1,0,1,1,1,1,0.8979439674540041,1,147.09420799772488
/Users/eolande/EventMAV/FRED/65.zip,2344,70.3262250000019,70.3562250000019,propeller_1,1159,359,1168,365,9,6,54,22,97,2091.0,5,1,1,1,1,1,0,0.9069239537983667,1,144.06304200383602
/Users/eolande/EventMAV/FRED/65.zip,2345,70.3562250000019,70.3862250000019,propeller_2,1158,362,1165,367,7,5,35,15,67,1530.0,5,1,1,1,1,1,0,0.8664192503238803,1,144.06233400222845
/Users/eolande/EventMAV/FRED/65.zip,2346,70.3862250000019,70.4162250000019,propeller_2,1159,367,1165,372,6,5,30,19,47,1887.0,6,1,1,1,1,1,1,0.8924286722078174,1,135.56412500474835
/Users/eolande/EventMAV/FRED/65.zip,2347,70.4162250000019,70.4462250000019,propeller_1,703,347,715,351,12,4,48,26,59,3111.0,3,1,0,0,1,1,0,0.9375865030171124,1,135.5401660039206
/Users/eolande/EventMAV/FRED/65.zip,2347,70.4162250000019,70.4462250000019,propeller_2,1154,373,1158,377,4,4,16,7,43,1428.0,5,1,1,1,1,1,0,0.8727337568192166,1,135.5401660039206
/Users/eolande/EventMAV/FRED/65.zip,2348,70.4462250000019,70.4762250000019,propeller_2,1151,373,1155,378,4,5,20,10,55,1632.0,5,1,1,1,1,1,0,0.8685379935712636,1,149.46570900065126
/Users/eolande/EventMAV/FRED/65.zip,2349,70.4762250000019,70.5062250000019,propeller_1,701,343,714,351,13,8,104,33,69,3748.5,4,1,0,1,1,1,0,0.9092698302381598,1,139.35104200209025
/Users/eolande/EventMAV/FRED/65.zip,2349,70.4762250000019,70.5062250000019,propeller_2,1148,377,1153,383,5,6,30,14,78,1759.5,5,1,1,1,1,1,0,0.9093510375143677,1,139.35104200209025
/Users/eolande/EventMAV/FRED/65.zip,2350,70.5062250000019,70.5362250000019,propeller_1,700,344,714,351,14,7,98,25,64,4054.5,5,1,1,1,1,1,0,0.922785686223207,1,139.70308299758472
/Users/eolande/EventMAV/FRED/65.zip,2350,70.5062250000019,70.5362250000019,propeller_2,1142,380,1149,387,7,7,49,23,138,2014.5,5,1,1,1,1,1,0,0.8605237442616507,1,139.70308299758472
/Users/eolande/EventMAV/FRED/65.zip,2351,70.5362250000019,70.56622500000191,propeller_1,701,348,714,352,13,4,52,23,51,3876.0,4,1,1,1,0,1,0,0.902179207476144,1,147.2214170062216
/Users/eolande/EventMAV/FRED/65.zip,2351,70.5362250000019,70.56622500000191,propeller_2,1140,384,1144,390,4,6,24,16,61,1861.5,6,1,1,1,1,1,1,0.9359214248948668,1,147.2214170062216
/Users/eolande/EventMAV/FRED/65.zip,2352,70.56622500000191,70.59622500000191,propeller_1,1133,388,1141,395,8,7,56,26,147,2295.0,6,1,1,1,1,1,1,0.8772095173684687,1,139.73870900372276
/Users/eolande/EventMAV/FRED/65.zip,2353,70.59622500000191,70.62622500000191,propeller_1,1128,392,1134,399,6,7,42,19,120,1810.5,4,1,0,1,1,1,0,0.8795640699924137,1,142.5317500033998
/Users/eolande/EventMAV/FRED/65.zip,2353,70.59622500000191,70.62622500000191,propeller_2,699,344,702,347,3,3,9,9,20,1377.0,3,1,1,0,0,1,0,0.8720173263267683,1,142.5317500033998
/Users/eolande/EventMAV/FRED/65.zip,2354,70.62622500000191,70.65622500000191,propeller_1,1123,396,1127,403,4,7,28,21,86,1810.5,5,1,1,1,1,1,0,0.8640218359365233,1,142.19916699948953
/Users/eolande/EventMAV/FRED/65.zip,2355,70.65622500000191,70.68622500000191,propeller_2,1117,401,1122,406,5,5,25,11,84,1351.5,5,1,1,1,1,1,0,0.9370284572293539,1,141.44725000369363
/Users/eolande/EventMAV/FRED/65.zip,2357,70.71622500000191,70.74622500000191,propeller_1,701,343,708,350,7,7,49,28,60,3927.0,5,1,1,1,1,1,0,0.8740640081749231,1,143.15925000119023
/Users/eolande/EventMAV/FRED/65.zip,2357,70.71622500000191,70.74622500000191,propeller_2,1103,408,1110,417,7,9,63,37,124,3391.5,5,1,1,1,1,1,0,0.9300938105432281,1,143.15925000119023
/Users/eolande/EventMAV/FRED/65.zip,2358,70.74622500000191,70.77622500000192,propeller_1,702,343,712,350,10,7,70,37,101,5482.5,5,1,1,1,1,1,0,0.8501371115008487,1,141.92404100322165
/Users/eolande/EventMAV/FRED/65.zip,2359,70.77622500000192,70.80622500000192,propeller_1,704,342,718,350,14,8,112,41,113,5788.5,4,1,0,1,1,1,0,0.8971048950238096,1,137.5787090000813
/Users/eolande/EventMAV/FRED/65.zip,2359,70.77622500000192,70.80622500000192,propeller_2,1086,419,1095,427,9,8,72,37,88,2703.0,4,1,0,1,1,1,0,0.8863275009957057,1,137.5787090000813
/Users/eolande/EventMAV/FRED/65.zip,2360,70.80622500000192,70.83622500000192,propeller_1,1081,422,1093,433,12,11,132,56,204,5992.5,5,1,1,1,1,1,0,0.9013238996018466,1,141.41691599797923
/Users/eolande/EventMAV/FRED/65.zip,2360,70.80622500000192,70.83622500000192,propeller_2,705,342,720,349,15,7,105,36,124,5380.5,6,1,1,1,1,1,1,0.93859663653758,1,141.41691599797923
/Users/eolande/EventMAV/FRED/65.zip,2361,70.83622500000192,70.86622500000192,propeller_1,706,341,717,348,11,7,77,38,111,5176.5,3,1,0,0,1,1,0,0.9211137500903486,1,145.40329200099222
/Users/eolande/EventMAV/FRED/65.zip,2361,70.83622500000192,70.86622500000192,propeller_2,1079,426,1088,435,9,9,81,48,154,4513.5,6,1,1,1,1,1,1,0.8785110987460566,1,145.40329200099222
/Users/eolande/EventMAV/FRED/65.zip,2362,70.86622500000192,70.89622500000192,propeller_1,707,340,724,347,17,7,119,52,154,5533.5,3,1,0,0,1,1,0,0.9075095177592509,1,140.28624999627937
/Users/eolande/EventMAV/FRED/65.zip,2362,70.86622500000192,70.89622500000192,propeller_2,1069,434,1074,441,5,7,35,22,57,2193.0,4,1,0,1,1,1,0,0.8883281276089827,1,140.28624999627937
/Users/eolande/EventMAV/FRED/65.zip,2363,70.89622500000192,70.92622500000192,propeller_1,1060,436,1073,447,13,11,143,77,240,8568.0,4,1,0,1,1,1,0,0.9013825102301491,1,136.7684169963468
/Users/eolande/EventMAV/FRED/65.zip,2363,70.89622500000192,70.92622500000192,propeller_2,710,339,724,346,14,7,98,40,159,6171.0,5,1,1,1,1,1,0,0.9586356994608018,1,136.7684169963468
/Users/eolande/EventMAV/FRED/65.zip,2364,70.92622500000192,70.95622500000192,propeller_1,1055,440,1067,449,12,9,108,80,222,9333.0,5,1,1,1,1,1,0,0.8879229589213655,1,139.91570800135378
/Users/eolande/EventMAV/FRED/65.zip,2364,70.92622500000192,70.95622500000192,propeller_2,712,337,728,345,16,8,128,52,177,6349.5,5,1,1,1,1,1,0,0.9216217825197782,1,139.91570800135378
/Users/eolande/EventMAV/FRED/65.zip,2365,70.95622500000192,70.98622500000192,propeller_1,714,337,729,345,15,8,120,47,174,7191.0,4,1,1,0,1,1,0,0.8586321125911489,1,141.76883299660403
/Users/eolande/EventMAV/FRED/65.zip,2365,70.95622500000192,70.98622500000192,propeller_2,1049,444,1060,452,11,8,88,54,130,4819.5,4,1,0,1,1,1,0,0.8600580306197445,1,141.76883299660403
/Users/eolande/EventMAV/FRED/65.zip,2366,70.98622500000192,71.01622500000192,propeller_1,716,336,732,344,16,8,128,58,172,6732.0,5,1,1,1,1,1,0,0.8962215984192964,1,139.90362500044284
/Users/eolande/EventMAV/FRED/65.zip,2366,70.98622500000192,71.01622500000192,propeller_2,1044,449,1052,457,8,8,64,35,83,3264.0,4,1,0,1,1,1,0,0.8948209684961287,1,139.90362500044284
/Users/eolande/EventMAV/FRED/65.zip,2367,71.01622500000192,71.04622500000193,propeller_1,718,335,735,344,17,9,153,69,221,9282.0,5,1,1,1,1,1,0,0.9151314545402637,1,148.58300000196323
/Users/eolande/EventMAV/FRED/65.zip,2367,71.01622500000192,71.04622500000193,propeller_2,1035,453,1044,462,9,9,81,34,99,2958.0,6,1,1,1,1,1,1,0.8322349520227452,1,148.58300000196323
/Users/eolande/EventMAV/FRED/65.zip,2368,71.04622500000193,71.07622500000193,propeller_1,721,333,737,343,16,10,160,73,225,9460.5,5,1,1,1,1,1,0,0.7623879848290492,1,147.57570900110295
/Users/eolande/EventMAV/FRED/65.zip,2368,71.04622500000193,71.07622500000193,propeller_2,1027,458,1037,466,10,8,80,25,126,2244.0,6,1,1,1,1,1,1,0.8594419927619392,1,147.57570900110295
/Users/eolande/EventMAV/FRED/65.zip,2369,71.07622500000193,71.10622500000193,propeller_1,723,332,740,342,17,10,170,83,263,10939.5,4,1,0,1,1,1,0,0.8969608759164173,1,135.6302499989397
/Users/eolande/EventMAV/FRED/65.zip,2369,71.07622500000193,71.10622500000193,propeller_2,1021,463,1030,469,9,6,54,13,113,1530.0,6,1,1,1,1,1,1,0.838232180203976,1,135.6302499989397
/Users/eolande/EventMAV/FRED/65.zip,2370,71.10622500000193,71.13622500000193,propeller_1,725,331,744,342,19,11,209,101,300,13107.0,4,1,0,1,1,1,0,0.7417362517096889,1,144.56408400292275
/Users/eolande/EventMAV/FRED/65.zip,2370,71.10622500000193,71.13622500000193,propeller_2,1011,465,1021,472,10,7,70,40,123,3213.0,6,1,1,1,1,1,1,0.8420426009964358,1,144.56408400292275
/Users/eolande/EventMAV/FRED/65.zip,2371,71.13622500000193,71.16622500000193,propeller_1,727,330,746,341,19,11,209,104,318,14178.0,5,1,1,1,1,1,0,0.8839591376806114,1,141.42387500032783
/Users/eolande/EventMAV/FRED/65.zip,2371,71.13622500000193,71.16622500000193,propeller_3,1002,474,1005,477,3,3,9,9,11,612.0,4,1,1,1,1,0,0,0.8720173263267683,1,141.42387500032783
/Users/eolande/EventMAV/FRED/65.zip,2372,71.16622500000193,71.19622500000193,propeller_1,729,329,750,341,21,12,252,116,400,18283.5,5,1,1,1,1,1,0,0.9201618208097502,1,136.52366700262064
/Users/eolande/EventMAV/FRED/65.zip,2373,71.19622500000193,71.22622500000193,propeller_1,732,328,752,340,20,12,240,131,438,20731.5,5,1,1,1,1,1,0,0.761093481436041,1,139.31241699901875
/Users/eolande/EventMAV/FRED/65.zip,2373,71.19622500000193,71.22622500000193,propeller_2,986,479,987,482,1,3,3,3,6,510.0,3,0,0,1,1,1,0,0.9338186795769122,1,139.31241699901875
/Users/eolande/EventMAV/FRED/65.zip,2374,71.22622500000193,71.25622500000193,propeller_1,734,327,755,339,21,12,252,134,430,19635.0,4,1,1,0,1,1,0,0.775578531078318,1,145.16433400422102
/Users/eolande/EventMAV/FRED/65.zip,2375,71.25622500000193,71.28622500000193,propeller_1,736,326,759,339,23,13,299,130,421,18436.5,5,1,1,1,1,1,0,0.8526115210304024,1,144.26545800233725
/Users/eolande/EventMAV/FRED/65.zip,2376,71.28622500000193,71.31622500000194,propeller_1,739,326,761,338,22,12,264,129,471,20272.5,4,1,0,1,1,1,0,0.8187835673988555,1,145.92787500441773
/Users/eolande/EventMAV/FRED/65.zip,2377,71.31622500000194,71.34622500000194,propeller_1,741,325,763,337,22,12,264,109,480,18589.5,5,1,1,1,1,1,0,0.8801380826334189,1,140.34620800521225
/Users/eolande/EventMAV/FRED/65.zip,2378,71.34622500000194,71.37622500000194,propeller_1,743,325,766,336,23,11,253,114,451,17773.5,5,1,1,1,1,1,0,0.9394219247343341,1,142.92095899872947
/Users/eolande/EventMAV/FRED/65.zip,2379,71.37622500000194,71.40622500000194,propeller_1,745,324,767,335,22,11,242,97,369,15861.0,5,1,1,1,1,1,0,0.816747866245302,1,134.24858399957884
/Users/eolande/EventMAV/FRED/65.zip,2380,71.40622500000194,71.43622500000194,propeller_1,747,322,768,333,21,11,231,93,404,16141.5,5,1,1,1,1,1,0,0.9000323346552841,1,142.26754200353753
/Users/eolande/EventMAV/FRED/65.zip,2381,71.43622500000194,71.46622500000194,propeller_1,748,321,769,332,21,11,231,105,481,16651.5,5,1,1,1,1,1,0,0.9246165342774031,1,140.97529200080317
/Users/eolande/EventMAV/FRED/65.zip,2382,71.46622500000194,71.49622500000194,propeller_1,750,319,771,330,21,11,231,113,576,16932.0,5,1,1,1,1,1,0,0.8961190651132029,1,141.0077500040643
/Users/eolande/EventMAV/FRED/65.zip,2383,71.49622500000194,71.52622500000194,propeller_1,751,317,768,327,17,10,170,100,597,16932.0,4,1,0,1,1,1,0,0.9309587386794864,1,141.0740419960348
/Users/eolande/EventMAV/FRED/65.zip,2384,71.52622500000194,71.55622500000194,propeller_1,751,313,773,325,22,12,264,92,568,13923.0,5,1,1,1,1,1,0,0.9450587862210821,1,153.34016700217035
/Users/eolande/EventMAV/FRED/65.zip,2384,71.52622500000194,71.55622500000194,propeller_2,872,505,879,509,7,4,28,10,106,1351.5,5,1,1,1,1,1,0,0.8980670127487576,1,153.34016700217035
/Users/eolande/EventMAV/FRED/65.zip,2385,71.55622500000194,71.58622500000195,propeller_1,751,311,772,322,21,11,231,83,531,10582.5,5,1,1,1,1,1,0,0.9847069960234273,1,152.82716699584853
/Users/eolande/EventMAV/FRED/65.zip,2385,71.55622500000194,71.58622500000195,propeller_2,856,505,869,512,13,7,91,39,105,3034.5,4,1,1,0,0,1,1,0.8931641915948554,1,152.82716699584853
/Users/eolande/EventMAV/FRED/65.zip,2386,71.58622500000195,71.61622500000195,propeller_1,747,310,767,319,20,9,180,79,451,8976.0,5,1,1,1,1,1,0,0.9343480620329073,1,182.70283300080337
/Users/eolande/EventMAV/FRED/65.zip,2386,71.58622500000195,71.61622500000195,propeller_2,845,506,856,513,11,7,77,42,138,3621.0,5,1,1,1,1,1,0,0.889590916737637,1,182.70283300080337
/Users/eolande/EventMAV/FRED/65.zip,2387,71.61622500000195,71.64622500000195,propeller_1,745,305,766,317,21,12,252,87,455,8491.5,5,1,1,1,1,1,0,0.899621774805644,1,167.8687089952291
/Users/eolande/EventMAV/FRED/65.zip,2387,71.61622500000195,71.64622500000195,propeller_2,831,508,844,514,13,6,78,52,142,4233.0,5,1,1,1,1,1,0,0.891690110801836,1,167.8687089952291
/Users/eolande/EventMAV/FRED/65.zip,2388,71.64622500000195,71.67622500000195,propeller_1,742,301,764,316,22,15,330,125,668,15453.0,4,1,0,1,1,1,0,0.9168128586880837,1,145.66241599823115
/Users/eolande/EventMAV/FRED/65.zip,2388,71.64622500000195,71.67622500000195,propeller_2,822,510,833,515,11,5,55,30,85,2397.0,4,1,0,1,1,1,0,0.8468979892559256,1,145.66241599823115
/Users/eolande/EventMAV/FRED/65.zip,2389,71.67622500000195,71.70622500000195,propeller_1,739,294,763,313,24,19,456,190,923,22924.5,4,1,0,1,1,1,0,0.912825195759202,1,144.35241700266488
/Users/eolande/EventMAV/FRED/65.zip,2390,71.70622500000195,71.73622500000195,propeller_1,736,290,759,311,23,21,483,225,1111,26826.0,3,1,0,0,1,1,0,0.8907390783002529,1,140.94370800012257
/Users/eolande/EventMAV/FRED/65.zip,2391,71.73622500000195,71.76622500000195,propeller_1,733,286,757,308,24,22,528,249,1273,30498.0,5,1,1,1,1,1,0,0.8787078841992806,1,141.19879200006835
/Users/eolande/EventMAV/FRED/65.zip,2392,71.76622500000195,71.79622500000195,propeller_1,728,281,753,304,25,23,575,297,1487,34986.0,5,1,1,1,1,1,0,0.9027030070037523,1,143.06383400253253
/Users/eolande/EventMAV/FRED/65.zip,2393,71.79622500000195,71.82622500000195,propeller_1,723,278,749,300,26,22,572,303,1613,36261.0,4,1,0,1,1,1,0,0.8814343863893599,1,146.54399999562884
/Users/eolande/EventMAV/FRED/65.zip,2394,71.82622500000195,71.85622500000196,propeller_1,717,274,744,296,27,22,594,321,1723,37816.5,5,1,1,1,1,1,0,0.8825336033148738,1,143.86058400123147
/Users/eolande/EventMAV/FRED/65.zip,2394,71.82622500000195,71.85622500000196,propeller_2,733,515,747,520,14,5,70,39,124,3417.0,6,1,1,1,1,1,1,0.8560307701921238,1,143.86058400123147
/Users/eolande/EventMAV/FRED/65.zip,2395,71.85622500000196,71.88622500000196,propeller_1,711,270,739,292,28,22,616,336,1884,39091.5,5,1,1,1,1,1,0,0.8949982926460737,1,137.90100000187522
/Users/eolande/EventMAV/FRED/65.zip,2395,71.85622500000196,71.88622500000196,propeller_2,718,514,735,520,17,6,102,79,197,6604.5,5,1,1,1,1,1,0,0.9066444399140909,1,137.90100000187522
/Users/eolande/EventMAV/FRED/65.zip,2396,71.88622500000196,71.91622500000196,propeller_1,705,265,733,289,28,24,672,364,2029,43069.5,5,1,1,1,1,1,0,0.8804204319930935,1,142.5170420043287
/Users/eolande/EventMAV/FRED/65.zip,2396,71.88622500000196,71.91622500000196,propeller_2,703,514,720,520,17,6,102,79,174,5992.5,5,1,1,1,1,1,0,0.889857870206558,1,142.5170420043287
/Users/eolande/EventMAV/FRED/65.zip,2397,71.91622500000196,71.94622500000196,propeller_1,698,262,728,286,30,24,720,400,2194,46614.0,4,1,1,0,1,1,0,0.8933712063831841,1,142.95379199757008
/Users/eolande/EventMAV/FRED/65.zip,2397,71.91622500000196,71.94622500000196,propeller_2,688,514,704,521,16,7,112,94,222,7803.0,5,1,0,1,1,1,1,0.9188768612404932,1,142.95379199757008
/Users/eolande/EventMAV/FRED/65.zip,2398,71.94622500000196,71.97622500000196,propeller_1,690,258,721,282,31,24,744,434,2477,51637.5,5,1,1,1,1,1,0,0.8365108238228143,1,168.59466599998996
/Users/eolande/EventMAV/FRED/65.zip,2398,71.94622500000196,71.97622500000196,propeller_2,671,514,690,521,19,7,133,104,224,7752.0,5,1,1,1,1,1,0,0.9170544631994371,1,168.59466599998996
/Users/eolande/EventMAV/FRED/65.zip,2399,71.97622500000196,72.00622500000196,propeller_1,683,255,714,279,31,24,744,451,2694,54901.5,4,1,0,1,1,1,0,0.8416230186058131,1,144.83820800523972
/Users/eolande/EventMAV/FRED/65.zip,2399,71.97622500000196,72.00622500000196,propeller_2,656,514,674,520,18,6,108,81,171,6171.0,4,1,0,1,1,1,0,0.8892350710363894,1,144.83820800523972
/Users/eolande/EventMAV/FRED/65.zip,2400,72.00622500000196,72.03622500000196,propeller_1,675,251,707,276,32,25,800,496,2953,59134.5,4,1,0,1,1,1,0,0.8241610988091601,1,142.99999999639113
/Users/eolande/EventMAV/FRED/65.zip,2400,72.00622500000196,72.03622500000196,propeller_2,641,514,659,520,18,6,108,92,191,6987.0,6,1,1,1,1,1,1,0.9202712739371011,1,142.99999999639113
/Users/eolande/EventMAV/FRED/65.zip,2401,72.03622500000196,72.06622500000196,propeller_1,664,248,698,274,34,26,884,551,3278,65458.5,3,1,0,0,1,1,0,0.833801984918946,1,140.1239999977406
/Users/eolande/EventMAV/FRED/65.zip,2401,72.03622500000196,72.06622500000196,propeller_2,625,513,643,520,18,7,126,84,177,6706.5,5,1,0,1,1,1,1,0.9136961979553058,1,140.1239999977406
/Users/eolande/EventMAV/FRED/65.zip,2402,72.06622500000196,72.09622500000197,propeller_1,654,244,690,271,36,27,972,587,3628,71553.0,4,1,0,1,1,1,0,0.8401106306911452,1,145.46345800044946
/Users/eolande/EventMAV/FRED/65.zip,2402,72.06622500000196,72.09622500000197,propeller_2,612,513,626,520,14,7,98,65,121,5457.0,5,1,1,1,1,1,0,0.9240607888321772,1,145.46345800044946
/Users/eolande/EventMAV/FRED/65.zip,2403,72.09622500000197,72.12622500000197,propeller_1,643,242,681,269,38,27,1026,659,4277,84634.5,4,1,0,1,1,1,0,0.8332324128006428,1,140.24950000020908
/Users/eolande/EventMAV/FRED/65.zip,2403,72.09622500000197,72.12622500000197,propeller_2,594,512,612,519,18,7,126,81,145,6324.0,4,1,0,1,1,1,0,0.9091939296215212,1,140.24950000020908
/Users/eolande/EventMAV/FRED/65.zip,2404,72.12622500000197,72.15622500000197,propeller_1,632,238,672,267,40,29,1160,730,4975,97002.0,4,1,0,1,1,1,0,0.8410953099486095,1,144.8104169976432
/Users/eolande/EventMAV/FRED/65.zip,2404,72.12622500000197,72.15622500000197,propeller_2,578,512,596,518,18,6,108,82,138,6018.0,5,1,1,1,1,1,0,0.8902880959050314,1,144.8104169976432
/Users/eolande/EventMAV/FRED/65.zip,2405,72.15622500000197,72.18622500000197,propeller_1,619,235,663,265,44,30,1320,791,5567,105085.5,3,1,0,0,1,1,0,0.8371706659935346,1,149.61875000153668
/Users/eolande/EventMAV/FRED/65.zip,2405,72.15622500000197,72.18622500000197,propeller_2,565,512,577,516,12,4,48,22,65,2371.5,5,1,0,1,1,1,1,0.8723448320775541,1,149.61875000153668
/Users/eolande/EventMAV/FRED/65.zip,2406,72.18622500000197,72.21622500000197,propeller_1,609,232,652,263,43,31,1333,814,5871,111894.0,4,1,0,1,1,1,0,0.8412990844023988,1,144.30987499508774
/Users/eolande/EventMAV/FRED/65.zip,2406,72.18622500000197,72.21622500000197,propeller_2,550,510,563,516,13,6,78,39,82,3646.5,6,1,1,1,1,1,1,0.886770131180322,1,144.30987499508774
/Users/eolande/EventMAV/FRED/65.zip,2407,72.21622500000197,72.24622500000197,propeller_1,595,229,642,260,47,31,1457,867,6337,115770.0,4,1,0,1,1,1,0,0.8467339729837893,1,140.6473340030061
/Users/eolande/EventMAV/FRED/65.zip,2407,72.21622500000197,72.24622500000197,propeller_2,533,509,548,515,15,6,90,40,94,3468.0,4,1,0,0,1,1,1,0.8824372884202145,1,140.6473340030061
/Users/eolande/EventMAV/FRED/65.zip,2408,72.24622500000197,72.27622500000197,propeller_1,582,227,631,258,49,31,1519,896,6884,123063.0,4,1,0,1,1,1,0,0.8396938018669139,1,150.6891659955727
/Users/eolande/EventMAV/FRED/65.zip,2408,72.24622500000197,72.27622500000197,propeller_2,517,509,533,514,16,5,80,47,73,3519.0,5,1,1,1,1,1,0,0.9048620766909599,1,150.6891659955727
/Users/eolande/EventMAV/FRED/65.zip,2409,72.27622500000197,72.30622500000197,propeller_1,570,224,619,255,49,31,1519,921,7118,126684.0,3,1,0,0,1,1,0,0.84724414780859,1,146.27904200460762
/Users/eolande/EventMAV/FRED/65.zip,2409,72.27622500000197,72.30622500000197,propeller_2,504,509,516,513,12,4,48,19,55,1759.5,6,1,1,1,1,1,1,0.9129539382298706,1,146.27904200460762
/Users/eolande/EventMAV/FRED/65.zip,2410,72.30622500000197,72.33622500000197,propeller_1,557,221,607,253,50,32,1600,947,7455,128953.5,3,1,0,0,1,1,0,0.8449371707163478,1,142.88179199502338
/Users/eolande/EventMAV/FRED/65.zip,2410,72.30622500000197,72.33622500000197,propeller_2,486,508,499,512,13,4,52,24,48,2193.0,5,1,1,1,1,1,0,0.9105319560561602,1,142.88179199502338
/Users/eolande/EventMAV/FRED/65.zip,2411,72.33622500000197,72.36622500000198,propeller_1,543,218,595,250,52,32,1664,971,7706,132217.5,4,1,0,1,1,1,0,0.8395307135501946,1,143.79408300010255
/Users/eolande/EventMAV/FRED/65.zip,2411,72.33622500000197,72.36622500000198,propeller_2,471,507,483,511,12,4,48,24,40,1912.5,5,1,1,1,1,1,0,0.9083060515743915,1,143.79408300010255
/Users/eolande/EventMAV/FRED/65.zip,2412,72.36622500000198,72.39622500000198,propeller_1,529,215,583,247,54,32,1728,973,7695,132217.5,4,1,0,1,1,1,0,0.8470275098949467,1,144.93754200520925
/Users/eolande/EventMAV/FRED/65.zip,2412,72.36622500000198,72.39622500000198,propeller_2,468,507,470,509,2,2,4,4,6,739.5,3,1,0,1,1,0,0,0.999999665539165,1,144.93754200520925
/Users/eolande/EventMAV/FRED/65.zip,2413,72.39622500000198,72.42622500000198,propeller_1,515,213,569,244,54,31,1674,973,7592,131376.0,3,1,0,0,1,1,0,0.8467741649740665,1,143.1020419986453
/Users/eolande/EventMAV/FRED/65.zip,2413,72.39622500000198,72.42622500000198,propeller_2,438,505,449,509,11,4,44,27,43,2448.0,4,1,0,1,1,1,0,0.8562620698061254,1,143.1020419986453
/Users/eolande/EventMAV/FRED/65.zip,2414,72.42622500000198,72.45622500000198,propeller_1,502,209,555,241,53,32,1696,994,7550,132141.0,3,1,0,0,1,1,0,0.8478584441412785,1,145.39879099902464
/Users/eolande/EventMAV/FRED/65.zip,2414,72.42622500000198,72.45622500000198,propeller_2,425,503,439,507,14,4,56,15,61,1861.5,6,1,1,1,1,1,1,0.9124196841994741,1,145.39879099902464
/Users/eolande/EventMAV/FRED/65.zip,2415,72.45622500000198,72.48622500000198,propeller_1,488,207,543,238,55,31,1705,983,7627,132396.0,3,1,0,0,1,1,0,0.8511377860671483,1,144.56612499634502
/Users/eolande/EventMAV/FRED/65.zip,2415,72.45622500000198,72.48622500000198,propeller_2,409,502,422,506,13,4,52,15,44,1581.0,4,1,1,1,1,0,0,0.9266213254139798,1,144.56612499634502
/Users/eolande/EventMAV/FRED/65.zip,2416,72.48622500000198,72.51622500000198,propeller_1,474,204,527,236,53,32,1696,1007,7842,135634.5,3,1,0,0,1,1,0,0.8511073776895465,1,145.8422080031596
/Users/eolande/EventMAV/FRED/65.zip,2416,72.48622500000198,72.51622500000198,propeller_2,395,500,409,505,14,5,70,35,96,2932.5,4,1,0,0,1,1,1,0.9044963615883709,1,145.8422080031596
/Users/eolande/EventMAV/FRED/65.zip,2417,72.51622500000198,72.54622500000198,propeller_1,461,202,514,233,53,31,1643,1028,7872,135966.0,3,1,0,0,1,1,0,0.8423932740742388,1,141.9171669986099
/Users/eolande/EventMAV/FRED/65.zip,2417,72.51622500000198,72.54622500000198,propeller_2,381,498,393,502,12,4,48,29,73,2652.0,5,1,0,1,1,1,1,0.9083619143320952,1,141.9171669986099
/Users/eolande/EventMAV/FRED/65.zip,2418,72.54622500000198,72.57622500000198,propeller_1,446,199,500,231,54,32,1728,1059,8317,142009.5,4,1,0,1,1,1,0,0.8477679186757823,1,145.55958300479688
/Users/eolande/EventMAV/FRED/65.zip,2418,72.54622500000198,72.57622500000198,propeller_2,372,498,382,501,10,3,30,23,51,1938.0,4,1,0,1,1,1,0,0.871624665900023,1,145.55958300479688
/Users/eolande/EventMAV/FRED/65.zip,2419,72.57622500000198,72.60622500000198,propeller_1,430,196,483,228,53,32,1696,1089,8574,144381.0,3,1,0,0,1,1,0,0.8388301707948125,1,140.94320900039747
/Users/eolande/EventMAV/FRED/65.zip,2419,72.57622500000198,72.60622500000198,propeller_2,354,496,363,499,9,3,27,17,27,1657.5,3,1,0,1,1,0,0,0.919553825078049,1,140.94320900039747
/Users/eolande/EventMAV/FRED/65.zip,2420,72.60622500000198,72.63622500000199,propeller_1,416,193,473,226,57,33,1881,1121,8944,147747.0,3,1,0,0,1,1,0,0.8413431068050454,1,143.01679100026377
/Users/eolande/EventMAV/FRED/65.zip,2420,72.60622500000198,72.63622500000199,propeller_2,339,492,351,498,12,6,72,33,51,3060.0,6,1,1,1,1,1,1,0.9397445252587845,1,143.01679100026377
/Users/eolande/EventMAV/FRED/65.zip,2421,72.63622500000199,72.66622500000199,propeller_1,402,191,457,224,55,33,1815,1132,9218,153000.0,4,1,0,1,1,1,0,0.8479448291950964,1,146.87766599672614
/Users/eolande/EventMAV/FRED/65.zip,2421,72.63622500000199,72.66622500000199,propeller_2,329,493,341,497,12,4,48,31,52,2626.5,6,1,1,1,1,1,1,0.9225190956537419,1,146.87766599672614
/Users/eolande/EventMAV/FRED/65.zip,2422,72.66622500000199,72.69622500000199,propeller_1,388,189,442,222,54,33,1782,1165,9706,159604.5,4,1,0,1,1,1,0,0.848662021071582,1,147.68804199411534
/Users/eolande/EventMAV/FRED/65.zip,2422,72.66622500000199,72.69622500000199,propeller_2,316,491,326,495,10,4,40,20,47,2218.5,5,1,1,0,1,1,1,0.9093620746463422,1,147.68804199411534
/Users/eolande/EventMAV/FRED/65.zip,2423,72.69622500000199,72.72622500000199,propeller_1,374,186,430,219,56,33,1848,1184,10084,164730.0,4,1,0,1,1,1,0,0.8479103284601248,1,144.4369170058053
/Users/eolande/EventMAV/FRED/65.zip,2423,72.69622500000199,72.72622500000199,propeller_2,302,486,313,493,11,7,77,44,93,4029.0,5,1,0,1,1,1,1,0.8903502713187076,1,144.4369170058053
/Users/eolande/EventMAV/FRED/65.zip,2424,72.72622500000199,72.75622500000199,propeller_1,359,184,416,218,57,34,1938,1220,10603,171462.0,4,1,0,1,1,1,0,0.8496127328126504,1,149.11616700555896
/Users/eolande/EventMAV/FRED/65.zip,2424,72.72622500000199,72.75622500000199,propeller_2,288,484,302,491,14,7,98,75,180,7599.0,5,1,1,0,1,1,1,0.9425117807843493,1,149.11616700555896
/Users/eolande/EventMAV/FRED/65.zip,2425,72.75622500000199,72.78622500000199,propeller_1,346,182,403,217,57,35,1995,1255,11005,177225.0,4,1,0,1,1,1,0,0.8467259764933788,1,143.0401250036084
/Users/eolande/EventMAV/FRED/65.zip,2425,72.75622500000199,72.78622500000199,propeller_2,277,482,292,489,15,7,105,70,150,6528.0,4,1,0,1,1,1,0,0.9346555511003114,1,143.0401250036084
/Users/eolande/EventMAV/FRED/65.zip,2426,72.78622500000199,72.81622500000199,propeller_1,333,181,389,215,56,34,1904,1260,11352,181891.5,4,1,0,1,1,1,0,0.840821758105833,1,145.44016600120813
/Users/eolande/EventMAV/FRED/65.zip,2426,72.78622500000199,72.81622500000199,propeller_2,264,481,276,487,12,6,72,31,97,2703.0,4,1,0,1,1,1,0,0.8813841630411505,1,145.44016600120813
/Users/eolande/EventMAV/FRED/65.zip,2427,72.81622500000199,72.846225000002,propeller_1,320,179,376,214,56,35,1960,1254,11494,183268.5,3,1,0,0,1,1,0,0.845636610816946,1,148.13820799463429
/Users/eolande/EventMAV/FRED/65.zip,2427,72.81622500000199,72.846225000002,propeller_2,253,478,266,484,13,6,78,55,183,6196.5,5,1,1,1,1,1,0,0.9333282087346374,1,148.13820799463429
/Users/eolande/EventMAV/FRED/65.zip,2428,72.846225000002,72.876225000002,propeller_1,308,179,363,212,55,33,1815,1225,11011,180591.0,4,1,0,1,1,1,0,0.8377339234519704,1,149.47966700128745
/Users/eolande/EventMAV/FRED/65.zip,2428,72.846225000002,72.876225000002,propeller_2,242,476,257,483,15,7,105,69,212,7599.0,5,1,1,0,1,1,1,0.9510944322912059,1,149.47966700128745
/Users/eolande/EventMAV/FRED/65.zip,2429,72.876225000002,72.906225000002,propeller_1,296,178,351,211,55,33,1815,1186,10329,174012.0,3,1,0,0,1,1,0,0.8343515626297913,1,146.3842079974711
/Users/eolande/EventMAV/FRED/65.zip,2429,72.876225000002,72.906225000002,propeller_2,232,474,245,480,13,6,78,42,141,4207.5,5,1,1,1,1,1,0,0.9119091209374741,1,146.3842079974711
/Users/eolande/EventMAV/FRED/65.zip,2430,72.906225000002,72.936225000002,propeller_1,283,177,337,210,54,33,1782,1153,10062,169881.0,5,1,1,1,1,1,0,0.8377177268313131,1,153.5749590038904
/Users/eolande/EventMAV/FRED/65.zip,2430,72.906225000002,72.936225000002,propeller_2,221,471,233,477,12,6,72,44,157,4080.0,4,1,1,1,0,1,0,0.9059232913650982,1,153.5749590038904
/Users/eolande/EventMAV/FRED/65.zip,2431,72.936225000002,72.966225000002,propeller_1,270,177,326,208,56,31,1736,1126,9855,165597.0,3,1,0,0,1,1,0,0.8303618051378272,1,150.51075000519631
/Users/eolande/EventMAV/FRED/65.zip,2431,72.936225000002,72.966225000002,propeller_2,212,470,224,475,12,5,60,47,159,4590.0,4,1,1,0,1,1,0,0.9416920405276565,1,150.51075000519631
/Users/eolande/EventMAV/FRED/65.zip,2432,72.966225000002,72.996225000002,propeller_1,260,177,315,207,55,30,1650,1054,8972,157539.0,3,1,0,0,1,1,0,0.8381903054293935,1,142.1050839999225
/Users/eolande/EventMAV/FRED/65.zip,2432,72.966225000002,72.996225000002,propeller_2,203,467,214,473,11,6,66,43,142,3876.0,5,1,1,1,1,1,0,0.9063906681791489,1,142.1050839999225
/Users/eolande/EventMAV/FRED/65.zip,2433,72.996225000002,73.026225000002,propeller_1,249,177,303,205,54,28,1512,921,7377,139714.5,4,1,0,1,1,1,0,0.8380059851299289,1,154.28899999824353
/Users/eolande/EventMAV/FRED/65.zip,2433,72.996225000002,73.026225000002,propeller_2,195,465,205,471,10,6,60,38,129,3519.0,6,1,1,1,1,1,1,0.9301318356436703,1,154.28899999824353
/Users/eolande/EventMAV/FRED/65.zip,2434,73.026225000002,73.056225000002,propeller_1,239,177,292,203,53,26,1378,776,5664,115107.0,4,1,0,1,1,1,0,0.8374874373222037,1,143.6125420004828
/Users/eolande/EventMAV/FRED/65.zip,2434,73.026225000002,73.056225000002,propeller_2,186,463,197,468,11,5,55,36,112,3621.0,4,1,1,0,1,1,0,0.9062769452599464,1,143.6125420004828
/Users/eolande/EventMAV/FRED/65.zip,2435,73.056225000002,73.086225000002,propeller_1,229,178,282,202,53,24,1272,648,4140,92641.5,4,1,0,1,1,1,0,0.8085130415280888,1,140.77416699728929
/Users/eolande/EventMAV/FRED/65.zip,2435,73.056225000002,73.086225000002,propeller_2,179,462,188,466,9,4,36,24,91,2422.5,4,1,1,1,0,1,0,0.8943439537915434,1,140.77416699728929
/Users/eolande/EventMAV/FRED/65.zip,2436,73.086225000002,73.116225000002,propeller_1,222,177,271,202,49,25,1225,526,3081,74485.5,3,1,0,0,1,1,0,0.8272848150367891,1,142.44124999822816
/Users/eolande/EventMAV/FRED/65.zip,2436,73.086225000002,73.116225000002,propeller_2,173,460,179,464,6,4,24,20,61,1606.5,4,1,0,1,1,1,0,0.8855063977845707,1,142.44124999822816
/Users/eolande/EventMAV/FRED/65.zip,2437,73.116225000002,73.146225000002,propeller_1,213,176,261,202,48,26,1248,448,2488,61837.5,4,1,0,1,1,1,0,0.8710102083808129,1,146.04904199950397
/Users/eolande/EventMAV/FRED/65.zip,2437,73.116225000002,73.146225000002,propeller_2,164,457,173,462,9,5,45,33,107,2652.0,4,1,0,1,1,1,0,0.9232241556647782,1,146.04904199950397
/Users/eolande/EventMAV/FRED/65.zip,2438,73.146225000002,73.176225000002,propeller_1,206,176,255,200,49,24,1176,412,2171,54595.5,5,1,1,1,1,1,0,0.8263178701281726,1,141.5957499993965
/Users/eolande/EventMAV/FRED/65.zip,2438,73.146225000002,73.176225000002,propeller_2,158,455,169,462,11,7,77,45,194,5074.5,4,1,1,1,0,1,0,0.9391377975643425,1,141.5957499993965
/Users/eolande/EventMAV/FRED/65.zip,2439,73.176225000002,73.20622500000201,propeller_1,200,175,246,200,46,25,1150,348,1844,47251.5,5,1,1,1,1,1,0,0.8856424946589345,1,145.82749999681255
/Users/eolande/EventMAV/FRED/65.zip,2439,73.176225000002,73.20622500000201,propeller_2,153,453,163,460,10,7,70,44,204,6247.5,5,1,1,1,1,1,0,0.9546854542385654,1,145.82749999681255
/Users/eolande/EventMAV/FRED/65.zip,2440,73.20622500000201,73.23622500000201,propeller_1,194,174,240,199,46,25,1150,322,1659,43732.5,5,1,1,1,1,1,0,0.8123728546076111,1,144.5645420026267
/Users/eolande/EventMAV/FRED/65.zip,2440,73.20622500000201,73.23622500000201,propeller_2,146,451,157,459,11,8,88,51,194,6222.0,3,1,0,1,0,1,0,0.9597940108977343,1,144.5645420026267
/Users/eolande/EventMAV/FRED/65.zip,2441,73.23622500000201,73.26622500000201,propeller_1,188,173,233,199,45,26,1170,301,1534,42049.5,5,1,1,1,1,1,0,0.8279839742005595,1,143.50041699799476
/Users/eolande/EventMAV/FRED/65.zip,2441,73.23622500000201,73.26622500000201,propeller_2,142,452,152,457,10,5,50,30,104,2754.0,5,1,1,1,1,1,0,0.8961308748354131,1,143.50041699799476
/Users/eolande/EventMAV/FRED/65.zip,2442,73.26622500000201,73.29622500000201,propeller_1,183,172,229,198,46,26,1196,298,1425,39244.5,5,1,1,1,1,1,0,0.8691087427930215,1,141.952375000983
/Users/eolande/EventMAV/FRED/65.zip,2442,73.26622500000201,73.29622500000201,propeller_2,138,450,142,454,4,4,16,11,33,892.5,6,1,1,1,1,1,1,0.8339645272076167,1,141.952375000983
/Users/eolande/EventMAV/FRED/65.zip,2443,73.29622500000201,73.32622500000201,propeller_1,179,172,222,198,43,26,1118,250,1272,35037.0,5,1,1,1,1,1,0,0.9223672363302797,1,146.34137499524513
/Users/eolande/EventMAV/FRED/65.zip,2443,73.29622500000201,73.32622500000201,propeller_3,134,449,135,452,1,3,3,3,2,510.0,4,1,1,1,1,0,0,0.9753237499853302,1,146.34137499524513
/Users/eolande/EventMAV/FRED/65.zip,2444,73.32622500000201,73.35622500000201,propeller_1,175,171,219,198,44,27,1188,256,1311,37434.0,5,1,1,1,1,1,0,0.9073286846712272,1,139.9949580008979
/Users/eolande/EventMAV/FRED/65.zip,2445,73.35622500000201,73.38622500000201,propeller_1,173,171,216,197,43,26,1118,224,1157,33532.5,5,1,1,1,1,1,0,0.9330211504825604,1,143.06012500310317
/Users/eolande/EventMAV/FRED/65.zip,2446,73.38622500000201,73.41622500000202,propeller_1,169,170,213,196,44,26,1144,194,1066,29376.0,5,1,1,1,1,1,0,0.9166536088494341,1,148.24133399815764
/Users/eolande/EventMAV/FRED/65.zip,2447,73.41622500000202,73.44622500000202,propeller_1,169,170,210,196,41,26,1066,180,1006,31926.0,4,1,1,0,1,1,0,0.9017852097583254,1,141.53799999621697
/Users/eolande/EventMAV/FRED/65.zip,2448,73.44622500000202,73.47622500000202,propeller_1,168,169,209,195,41,26,1066,182,911,30166.5,3,1,0,0,1,1,0,0.9140087504680467,1,150.90149999741698
/Users/eolande/EventMAV/FRED/65.zip,2448,73.44622500000202,73.47622500000202,propeller_3,1184,367,1189,370,5,3,15,6,18,918.0,4,1,1,0,0,1,1,0.8079145823467511,1,150.90149999741698
/Users/eolande/EventMAV/FRED/65.zip,2449,73.47622500000202,73.50622500000202,propeller_2,191,181,208,194,17,13,221,61,200,9766.5,5,1,1,1,1,1,0,0.9253104637317995,1,143.88983300159452
/Users/eolande/EventMAV/FRED/65.zip,2452,73.56622500000202,73.59622500000202,propeller_1,170,168,213,195,43,27,1161,253,1462,41106.0,5,1,1,1,1,1,0,0.9271333880879113,1,144.91595800063806
/Users/eolande/EventMAV/FRED/65.zip,2453,73.59622500000202,73.62622500000202,propeller_1,172,169,216,197,44,28,1232,302,1770,46537.5,4,1,1,0,1,1,0,0.8089043293354005,1,141.06958400225267
/Users/eolande/EventMAV/FRED/65.zip,2454,73.62622500000202,73.65622500000202,propeller_1,175,169,219,196,44,27,1188,339,2089,56125.5,3,1,0,0,1,1,0,0.8666813209024417,1,139.93508400017163
/Users/eolande/EventMAV/FRED/65.zip,2455,73.65622500000202,73.68622500000203,propeller_1,178,169,224,196,46,27,1242,411,2500,63750.0,5,1,1,1,1,1,0,0.7883073554098183,1,142.0267919966136
/Users/eolande/EventMAV/FRED/65.zip,2456,73.68622500000203,73.71622500000203,propeller_1,182,168,229,195,47,27,1269,445,2865,68952.0,4,1,0,1,1,1,0,0.8018604024596329,1,145.06779200019082
/Users/eolande/EventMAV/FRED/65.zip,2457,73.71622500000203,73.74622500000203,propeller_1,187,169,235,196,48,27,1296,481,3087,74332.5,3,1,0,0,1,1,0,0.811667677781073,1,138.66233300359454
/Users/eolande/EventMAV/FRED/65.zip,2458,73.74622500000203,73.77622500000203,propeller_1,193,169,241,196,48,27,1296,525,3375,77647.5,4,1,0,1,1,1,0,0.7958525938955265,1,140.2291249978589
/Users/eolande/EventMAV/FRED/65.zip,2459,73.77622500000203,73.80622500000203,propeller_1,199,169,248,197,49,28,1372,543,3509,82441.5,4,1,0,1,1,1,0,0.8143785939206056,1,145.7466249994468
/Users/eolande/EventMAV/FRED/65.zip,2460,73.80622500000203,73.83622500000203,propeller_1,207,169,255,197,48,28,1344,547,3683,83334.0,4,1,0,1,1,1,0,0.8625545144842196,1,139.6777919944725
/Users/eolande/EventMAV/FRED/65.zip,2461,73.83622500000203,73.86622500000203,propeller_1,213,169,262,197,49,28,1372,614,4152,91188.0,3,1,0,0,1,1,0,0.8097611054743754,1,141.4527500019176
/Users/eolande/EventMAV/FRED/65.zip,2462,73.86622500000203,73.89622500000203,propeller_1,221,170,271,198,50,28,1400,654,4519,97920.0,4,1,0,1,1,1,0,0.8129082991094347,1,149.55133300099988
/Users/eolande/EventMAV/FRED/65.zip,2463,73.89622500000203,73.92622500000203,propeller_1,230,170,280,199,50,29,1450,716,5045,106870.5,4,1,0,1,1,1,0,0.816735134455973,1,146.94383299502078
/Users/eolande/EventMAV/FRED/65.zip,2464,73.92622500000203,73.95622500000204,propeller_1,239,171,290,200,51,29,1479,782,5629,117325.5,3,1,0,0,1,1,0,0.8245725127986523,1,149.71979099937016
/Users/eolande/EventMAV/FRED/65.zip,2465,73.95622500000204,73.98622500000204,propeller_1,248,171,299,201,51,30,1530,826,6226,125562.0,4,1,0,1,1,1,0,0.8214134108217238,1,150.67933299724245
/Users/eolande/EventMAV/FRED/65.zip,2466,73.98622500000204,74.01622500000204,propeller_1,257,173,311,202,54,29,1566,892,7052,136195.5,4,1,0,1,1,1,0,0.846190064212253,1,146.58145899738884
/Users/eolande/EventMAV/FRED/65.zip,2467,74.01622500000204,74.04622500000204,propeller_1,267,174,322,203,55,29,1595,922,7802,144355.5,4,1,0,1,1,1,0,0.8444547657346262,1,142.77641700027743
/Users/eolande/EventMAV/FRED/65.zip,2468,74.04622500000204,74.07622500000204,propeller_1,278,175,332,204,54,29,1566,971,8269,151776.0,4,1,0,1,1,1,0,0.8445425473726843,1,152.77075000631157
/Users/eolande/EventMAV/FRED/65.zip,2468,74.04622500000204,74.07622500000204,propeller_2,1177,368,1181,370,4,2,8,4,8,382.5,3,0,1,0,0,1,1,0.8654354482242391,1,152.77075000631157
/Users/eolande/EventMAV/FRED/65.zip,2470,74.10622500000204,74.13622500000204,propeller_1,302,177,356,207,54,30,1620,1033,8957,160854.0,4,1,0,1,1,1,0,0.8471884045927303,1,145.12454200303182
/Users/eolande/EventMAV/FRED/65.zip,2472,74.16622500000204,74.19622500000204,propeller_1,326,180,381,210,55,30,1650,1066,9415,163353.0,3,1,0,0,1,1,0,0.8388181370667753,1,145.17554100166308
/Users/eolande/EventMAV/FRED/65.zip,2473,74.19622500000204,74.22622500000205,propeller_1,338,182,393,211,55,29,1595,1056,9383,163684.5,4,1,0,1,1,1,0,0.8463400580820718,1,139.03424999443814
/Users/eolande/EventMAV/FRED/65.zip,2474,74.22622500000205,74.25622500000205,propeller_1,351,183,406,213,55,30,1650,1069,9560,165979.5,3,1,0,0,1,1,0,0.8484004909646781,1,147.05224999488564
/Users/eolande/EventMAV/FRED/65.zip,2475,74.25622500000205,74.28622500000205,propeller_1,364,185,420,215,56,30,1680,1094,9694,168504.0,3,1,0,0,1,1,0,0.8446598083119106,1,141.25158399838256
/Users/eolande/EventMAV/FRED/65.zip,2476,74.28622500000205,74.31622500000205,propeller_1,378,187,433,217,55,30,1650,1099,9948,169804.5,4,1,0,1,1,1,0,0.848397906405426,1,145.20387499942444
/Users/eolande/EventMAV/FRED/65.zip,2477,74.31622500000205,74.34622500000205,propeller_1,391,189,447,219,56,30,1680,1131,10364,175618.5,4,1,0,1,1,1,0,0.8534062288701846,1,139.43958299933
/Users/eolande/EventMAV/FRED/65.zip,2478,74.34622500000205,74.37622500000205,propeller_1,405,190,460,221,55,31,1705,1140,10620,177964.5,4,1,0,1,1,1,0,0.8498353489428606,1,143.4832919985638
/Users/eolande/EventMAV/FRED/65.zip,2479,74.37622500000205,74.40622500000205,propeller_1,419,192,474,223,55,31,1705,1163,10962,181305.0,3,1,0,0,1,1,0,0.849987632786892,1,142.5533750007162
/Users/eolande/EventMAV/FRED/65.zip,2480,74.40622500000205,74.43622500000205,propeller_1,433,194,488,225,55,31,1705,1188,11438,188317.5,4,1,0,1,1,1,0,0.8498260622740516,1,150.37450000090757
/Users/eolande/EventMAV/FRED/65.zip,2481,74.43622500000205,74.46622500000205,propeller_1,447,196,501,227,54,31,1674,1199,11730,190867.5,4,1,0,1,1,1,0,0.8461886227959382,1,146.52258300338872
/Users/eolande/EventMAV/FRED/65.zip,2482,74.46622500000205,74.49622500000206,propeller_1,460,198,514,229,54,31,1674,1213,12126,193825.5,3,1,0,0,1,1,0,0.8486043434534789,1,142.91812499868684
/Users/eolande/EventMAV/FRED/65.zip,2483,74.49622500000206,74.52622500000206,propeller_1,473,201,526,231,53,30,1590,1209,12235,195049.5,4,1,0,1,1,1,0,0.8491592281372851,1,145.69729199865833
/Users/eolande/EventMAV/FRED/65.zip,2484,74.52622500000206,74.55622500000206,propeller_1,485,203,540,232,55,29,1595,1194,12039,191964.0,3,1,0,0,1,1,0,0.8466934980937747,1,148.57887499965727
/Users/eolande/EventMAV/FRED/65.zip,2485,74.55622500000206,74.58622500000206,propeller_1,498,206,551,234,53,28,1484,1157,11489,184084.5,3,1,0,0,1,1,0,0.8421730980238127,1,141.36591700662393
/Users/eolande/EventMAV/FRED/65.zip,2486,74.58622500000206,74.61622500000206,propeller_1,511,209,563,235,52,26,1352,1091,10309,171972.0,3,1,0,0,1,1,0,0.8478385757602995,1,146.96133299730718
/Users/eolande/EventMAV/FRED/65.zip,2487,74.61622500000206,74.64622500000206,propeller_1,523,211,573,236,50,25,1250,994,8863,153153.0,4,1,0,1,1,1,0,0.8428560106172689,1,147.87170899944613
/Users/eolande/EventMAV/FRED/65.zip,2488,74.64622500000206,74.67622500000206,propeller_1,535,214,584,237,49,23,1127,874,6947,129514.5,4,1,0,1,1,1,0,0.8441318849955199,1,142.21670799452113
/Users/eolande/EventMAV/FRED/65.zip,2489,74.67622500000206,74.70622500000206,propeller_1,547,216,594,238,47,22,1034,742,5204,102816.0,4,1,0,1,1,1,0,0.8452986685453932,1,141.2099169974681
/Users/eolande/EventMAV/FRED/65.zip,2490,74.70622500000206,74.73622500000207,propeller_1,558,218,603,239,45,21,945,593,3604,77902.5,4,1,0,1,1,1,0,0.8396683390471034,1,142.80858299753163
/Users/eolande/EventMAV/FRED/65.zip,2490,74.70622500000206,74.73622500000207,propeller_2,311,500,313,503,2,3,6,4,4,408.0,4,1,1,1,0,1,0,0.8645975765475629,1,142.80858299753163
/Users/eolande/EventMAV/FRED/65.zip,2491,74.73622500000207,74.76622500000207,propeller_1,570,220,611,241,41,21,861,471,2322,58114.5,4,1,0,1,1,1,0,0.8330471285757497,1,143.12458399945172
/Users/eolande/EventMAV/FRED/65.zip,2492,74.76622500000207,74.79622500000207,propeller_1,580,223,618,242,38,19,722,369,1647,43987.5,5,1,1,1,1,1,0,0.8394919050860035,1,140.01112500409363
/Users/eolande/EventMAV/FRED/65.zip,2493,74.79622500000207,74.82622500000207,propeller_1,588,224,625,243,37,19,703,308,1239,34374.0,4,1,1,0,1,1,0,0.8207139062019492,1,142.35533400642453
/Users/eolande/EventMAV/FRED/65.zip,2494,74.82622500000207,74.85622500000207,propeller_1,595,227,630,245,35,18,630,254,931,26010.0,3,1,1,0,0,1,0,0.8188345569484916,1,151.9127919964376
/Users/eolande/EventMAV/FRED/65.zip,2495,74.85622500000207,74.88622500000207,propeller_1,602,228,635,246,33,18,594,181,713,17901.0,5,1,1,1,1,1,0,0.9188781973762736,1,144.33845799794653
/Users/eolande/EventMAV/FRED/65.zip,2496,74.88622500000207,74.91622500000207,propeller_1,608,230,640,247,32,17,544,146,634,15070.5,4,1,1,1,0,1,0,0.9189249012388516,1,136.72124999720836
/Users/eolande/EventMAV/FRED/65.zip,2496,74.88622500000207,74.91622500000207,propeller_2,1157,365,1169,372,12,7,84,7,33,994.5,3,1,0,0,0,1,1,0.9961444667496537,1,136.72124999720836
/Users/eolande/EventMAV/FRED/65.zip,2497,74.91622500000207,74.94622500000207,propeller_1,613,232,644,250,31,18,558,126,584,13311.0,5,1,1,1,1,1,0,0.9034165130807055,1,143.87920800072607
/Users/eolande/EventMAV/FRED/65.zip,2498,74.94622500000207,74.97622500000207,propeller_1,617,234,647,252,30,18,540,125,553,13515.0,5,1,1,1,1,1,0,0.9075054573897606,1,140.49579099810217
/Users/eolande/EventMAV/FRED/65.zip,2499,74.97622500000207,75.00622500000208,propeller_1,619,237,649,254,30,17,510,112,503,12775.5,5,1,1,1,1,1,0,0.9218234204135685,1,140.2807499980554
/Users/eolande/EventMAV/FRED/65.zip,2500,75.00622500000208,75.03622500000208,propeller_1,624,238,650,256,26,18,468,106,478,14382.0,5,1,1,1,1,1,0,0.9306497890530466,1,146.8883330016979
/Users/eolande/EventMAV/FRED/65.zip,2501,75.03622500000208,75.06622500000208,propeller_1,626,239,653,258,27,19,513,109,485,14229.0,5,1,1,1,1,1,0,0.9179441615560894,1,140.80716599710286
/Users/eolande/EventMAV/FRED/65.zip,2502,75.06622500000208,75.09622500000208,propeller_1,628,242,652,259,24,17,408,88,426,12903.0,4,1,0,1,1,1,0,0.9409221778425625,1,141.15291600319324
/Users/eolande/EventMAV/FRED/65.zip,2503,75.09622500000208,75.12622500000208,propeller_1,629,245,651,261,22,16,352,76,346,10990.5,5,1,1,1,1,1,0,0.9317763035619813,1,146.07579199946485
/Users/eolande/EventMAV/FRED/65.zip,2504,75.12622500000208,75.15622500000208,propeller_1,629,245,652,263,23,18,414,65,313,9715.5,5,1,1,1,1,1,0,0.9029779329714175,1,145.23062499938533
/Users/eolande/EventMAV/FRED/65.zip,2505,75.15622500000208,75.18622500000208,propeller_1,628,248,649,265,21,17,357,72,324,10455.0,5,1,1,1,1,1,0,0.9294920344000434,1,145.73870800086297
/Users/eolande/EventMAV/FRED/65.zip,2506,75.18622500000208,75.21622500000208,propeller_1,626,251,648,267,22,16,352,89,424,13336.5,4,1,1,0,1,1,0,0.9473213801146314,1,145.1959159967373
/Users/eolande/EventMAV/FRED/65.zip,2506,75.18622500000208,75.21622500000208,propeller_3,1169,367,1175,372,6,5,30,8,37,1428.0,3,1,0,0,0,1,1,0.9556654750722215,1,145.1959159967373
/Users/eolande/EventMAV/FRED/65.zip,2507,75.21622500000208,75.24622500000208,propeller_1,623,252,646,268,23,16,368,96,473,15172.5,5,1,1,1,1,1,0,0.9510769360642299,1,145.0074169988511
/Users/eolande/EventMAV/FRED/65.zip,2507,75.21622500000208,75.24622500000208,propeller_2,488,517,498,522,10,5,50,27,74,2269.5,5,1,1,1,1,1,0,0.8915423436573966,1,145.0074169988511
/Users/eolande/EventMAV/FRED/65.zip,2508,75.24622500000208,75.27622500000209,propeller_1,620,254,644,270,24,16,384,120,627,18895.5,5,1,1,1,1,1,0,0.9405383899201021,1,152.5973750030971
/Users/eolande/EventMAV/FRED/65.zip,2508,75.24622500000208,75.27622500000209,propeller_2,499,519,510,523,11,4,44,32,79,2397.0,6,1,1,1,1,1,1,0.8841227683384838,1,152.5973750030971
/Users/eolande/EventMAV/FRED/65.zip,2509,75.27622500000209,75.30622500000209,propeller_1,616,256,641,272,25,16,400,163,756,23409.0,4,1,0,1,1,1,0,0.8308688659226401,1,143.98262499889825
/Users/eolande/EventMAV/FRED/65.zip,2509,75.27622500000209,75.30622500000209,propeller_2,508,520,519,524,11,4,44,33,94,3315.0,6,1,1,1,1,1,1,0.880210882432616,1,143.98262499889825
/Users/eolande/EventMAV/FRED/65.zip,2510,75.30622500000209,75.33622500000209,propeller_1,611,257,637,273,26,16,416,182,914,29044.5,5,1,1,1,1,1,0,0.8782542702440264,1,141.730290997657
/Users/eolande/EventMAV/FRED/65.zip,2510,75.30622500000209,75.33622500000209,propeller_2,520,522,530,526,10,4,40,26,88,2422.5,5,1,1,1,1,1,0,0.9067195176792662,1,141.730290997657
/Users/eolande/EventMAV/FRED/65.zip,2511,75.33622500000209,75.36622500000209,propeller_1,607,259,634,274,27,15,405,185,895,29146.5,5,1,1,1,1,1,0,0.898886556111873,1,141.53804200032027
/Users/eolande/EventMAV/FRED/65.zip,2511,75.33622500000209,75.36622500000209,propeller_2,529,522,540,527,11,5,55,37,115,3111.0,5,1,1,1,1,1,0,0.9159578089161311,1,141.53804200032027
/Users/eolande/EventMAV/FRED/65.zip,2512,75.36622500000209,75.39622500000209,propeller_1,602,261,629,275,27,14,378,183,855,29070.0,4,1,0,1,1,1,0,0.892753541246122,1,148.21249999658903
/Users/eolande/EventMAV/FRED/65.zip,2512,75.36622500000209,75.39622500000209,propeller_2,541,525,550,529,9,4,36,27,97,2728.5,3,1,0,0,1,1,0,0.8947311971421354,1,148.21249999658903
/Users/eolande/EventMAV/FRED/65.zip,2513,75.39622500000209,75.42622500000209,propeller_1,597,262,625,275,28,13,364,165,701,24607.5,4,1,0,1,1,1,0,0.8634347545841466,1,149.20345800055657
/Users/eolande/EventMAV/FRED/65.zip,2513,75.39622500000209,75.42622500000209,propeller_2,550,525,563,531,13,6,78,47,121,4513.5,5,1,1,1,1,1,0,0.9303968007290434,1,149.20345800055657
/Users/eolande/EventMAV/FRED/65.zip,2514,75.42622500000209,75.45622500000209,propeller_1,592,263,620,275,28,12,336,132,469,16626.0,5,1,1,1,1,1,0,0.9301798140796551,1,146.12129099987214
/Users/eolande/EventMAV/FRED/65.zip,2514,75.42622500000209,75.45622500000209,propeller_2,559,526,571,532,12,6,72,49,127,5737.5,5,1,1,1,1,1,0,0.9545366005971028,1,146.12129099987214
/Users/eolande/EventMAV/FRED/65.zip,2515,75.45622500000209,75.4862250000021,propeller_1,588,264,614,275,26,11,286,86,334,9486.0,5,1,1,1,1,1,0,0.9342760926396352,1,142.94133400107967
/Users/eolande/EventMAV/FRED/65.zip,2515,75.45622500000209,75.4862250000021,propeller_2,570,528,581,534,11,6,66,41,117,4590.0,5,1,1,1,1,1,0,0.9374596130418508,1,142.94133400107967
/Users/eolande/EventMAV/FRED/65.zip,2516,75.4862250000021,75.5162250000021,propeller_1,582,265,610,276,28,11,308,80,334,9052.5,5,1,1,1,1,1,0,0.9164769386555502,1,146.49462499801302
/Users/eolande/EventMAV/FRED/65.zip,2516,75.4862250000021,75.5162250000021,propeller_2,579,529,592,535,13,6,78,51,142,5737.5,5,1,1,1,1,1,0,0.9410369043790934,1,146.49462499801302
/Users/eolande/EventMAV/FRED/65.zip,2517,75.5162250000021,75.5462250000021,propeller_1,579,266,605,278,26,12,312,117,401,11628.0,5,1,1,1,1,1,0,0.8841213864119535,1,146.730166998168
/Users/eolande/EventMAV/FRED/65.zip,2517,75.5162250000021,75.5462250000021,propeller_2,588,530,601,537,13,7,91,54,190,6757.5,5,1,1,1,1,1,0,0.9530992656699574,1,146.730166998168
/Users/eolande/EventMAV/FRED/65.zip,2518,75.5462250000021,75.5762250000021,propeller_1,573,267,601,280,28,13,364,165,642,18717.0,5,1,1,1,1,1,0,0.8914914028605156,1,139.7165419984958
/Users/eolande/EventMAV/FRED/65.zip,2518,75.5462250000021,75.5762250000021,propeller_2,598,532,612,538,14,6,84,55,183,6120.0,5,1,1,1,1,1,0,0.9568411774499326,1,139.7165419984958
/Users/eolande/EventMAV/FRED/65.zip,2519,75.5762250000021,75.6062250000021,propeller_1,566,268,595,283,29,15,435,212,886,26545.5,4,1,0,1,1,1,0,0.8727290923166326,1,148.7682499937364
/Users/eolande/EventMAV/FRED/65.zip,2519,75.5762250000021,75.6062250000021,propeller_2,607,533,621,539,14,6,84,57,198,7267.5,5,1,1,1,1,1,0,0.9507399848814754,1,148.7682499937364
/Users/eolande/EventMAV/FRED/65.zip,2520,75.6062250000021,75.6362250000021,propeller_1,557,269,589,285,32,16,512,262,1167,32767.5,4,1,0,1,1,1,0,0.7980066702626315,1,141.13658299902454
/Users/eolande/EventMAV/FRED/65.zip,2520,75.6062250000021,75.6362250000021,propeller_2,617,534,630,540,13,6,78,56,209,7191.0,5,1,1,1,1,1,0,0.9532405546706253,1,141.13658299902454
/Users/eolande/EventMAV/FRED/65.zip,2521,75.6362250000021,75.6662250000021,propeller_1,550,269,583,287,33,18,594,320,1598,43681.5,5,1,1,1,1,1,0,0.8207204377629103,1,146.84837499953574
/Users/eolande/EventMAV/FRED/65.zip,2521,75.6362250000021,75.6662250000021,propeller_2,626,535,640,542,14,7,98,63,243,7701.0,5,1,0,1,1,1,1,0.9572648558534157,1,146.84837499953574
/Users/eolande/EventMAV/FRED/65.zip,2522,75.6662250000021,75.6962250000021,propeller_1,543,270,576,289,33,19,627,358,2019,54187.5,3,1,0,0,1,1,0,0.8329548760983234,1,145.5848750047153
/Users/eolande/EventMAV/FRED/65.zip,2522,75.6662250000021,75.6962250000021,propeller_2,635,537,649,543,14,6,84,62,269,7726.5,5,1,1,1,1,1,0,0.9523121047291101,1,145.5848750047153
/Users/eolande/EventMAV/FRED/65.zip,2523,75.6962250000021,75.7262250000021,propeller_1,536,271,569,291,33,20,660,386,2319,60180.0,4,1,0,1,1,1,0,0.8319497391652991,1,144.86700000270503
/Users/eolande/EventMAV/FRED/65.zip,2523,75.6962250000021,75.7262250000021,propeller_2,644,537,657,543,13,6,78,56,265,7216.5,5,1,1,1,1,1,0,0.9403078773241823,1,144.86700000270503
/Users/eolande/EventMAV/FRED/65.zip,2524,75.7262250000021,75.7562250000021,propeller_1,527,271,562,292,35,21,735,411,2480,63928.5,4,1,1,0,1,1,0,0.8419069705602952,1,139.76570900558727
/Users/eolande/EventMAV/FRED/65.zip,2524,75.7262250000021,75.7562250000021,propeller_2,654,538,667,544,13,6,78,54,228,6783.0,4,1,0,1,1,1,0,0.9457417756463588,1,139.76570900558727
/Users/eolande/EventMAV/FRED/65.zip,2525,75.7562250000021,75.7862250000021,propeller_1,522,273,555,294,33,21,693,415,2658,66147.0,3,1,0,0,1,1,0,0.8281376912342848,1,146.1828749961569
/Users/eolande/EventMAV/FRED/65.zip,2525,75.7562250000021,75.7862250000021,propeller_2,663,539,676,545,13,6,78,69,307,9231.0,5,1,1,1,1,1,0,0.9507974252949227,1,146.1828749961569
/Users/eolande/EventMAV/FRED/65.zip,2526,75.7862250000021,75.8162250000021,propeller_1,514,274,548,295,34,21,714,426,2713,69487.5,4,1,0,1,1,1,0,0.8367339892347783,1,145.1142920050188
/Users/eolande/EventMAV/FRED/65.zip,2526,75.7862250000021,75.8162250000021,propeller_2,671,539,685,546,14,7,98,70,263,8211.0,4,1,0,1,1,1,0,0.9620902648195752,1,145.1142920050188
/Users/eolande/EventMAV/FRED/65.zip,2527,75.8162250000021,75.84622500000211,propeller_1,507,276,542,296,35,20,700,417,2622,68697.0,4,1,0,1,1,1,0,0.8322970379963239,1,139.5927080011461
/Users/eolande/EventMAV/FRED/65.zip,2527,75.8162250000021,75.84622500000211,propeller_2,680,541,690,546,10,5,50,41,164,4845.0,5,1,1,1,1,1,0,0.9513361553200005,1,139.5927080011461
/Users/eolande/EventMAV/FRED/65.zip,2527,75.8162250000021,75.84622500000211,propeller_3,1168,364,1175,370,7,6,42,12,40,918.0,4,1,1,0,0,1,1,0.8839435123245284,1,139.5927080011461
/Users/eolande/EventMAV/FRED/65.zip,2528,75.84622500000211,75.87622500000211,propeller_1,500,277,534,298,34,21,714,411,2517,67014.0,4,1,0,1,1,1,0,0.830125782591673,1,143.93258299969602
/Users/eolande/EventMAV/FRED/65.zip,2528,75.84622500000211,75.87622500000211,propeller_2,689,542,701,547,12,5,60,46,145,4207.5,4,1,1,1,0,1,0,0.9439347694890357,1,143.93258299969602
/Users/eolande/EventMAV/FRED/65.zip,2529,75.87622500000211,75.90622500000211,propeller_1,493,278,527,299,34,21,714,401,2416,64770.0,4,1,0,1,1,1,0,0.8320770569364265,1,148.29749999626074
/Users/eolande/EventMAV/FRED/65.zip,2529,75.87622500000211,75.90622500000211,propeller_2,696,542,707,547,11,5,55,42,145,4743.0,6,1,1,1,1,1,1,0.9531685185978065,1,148.29749999626074
/Users/eolande/EventMAV/FRED/65.zip,2530,75.90622500000211,75.93622500000211,propeller_1,487,280,520,300,33,20,660,398,2340,63316.5,4,1,0,1,1,1,0,0.8395353770403915,1,138.17641599598574
/Users/eolande/EventMAV/FRED/65.zip,2530,75.90622500000211,75.93622500000211,propeller_2,705,542,715,547,10,5,50,37,100,3544.5,4,1,0,1,1,1,0,0.9336438073827127,1,138.17641599598574
/Users/eolande/EventMAV/FRED/65.zip,2531,75.93622500000211,75.96622500000211,propeller_1,481,281,513,301,32,20,640,382,2223,61531.5,4,1,0,1,1,1,0,0.8495186820413763,1,142.74995900632348
/Users/eolande/EventMAV/FRED/65.zip,2531,75.93622500000211,75.96622500000211,propeller_2,713,543,724,548,11,5,55,35,115,3289.5,5,1,1,1,1,1,0,0.9313472353971335,1,142.74995900632348
/Users/eolande/EventMAV/FRED/65.zip,2532,75.96622500000211,75.99622500000211,propeller_1,475,282,506,303,31,21,651,351,2054,58981.5,4,1,0,1,1,1,0,0.825626010635086,1,153.21845799917355
/Users/eolande/EventMAV/FRED/65.zip,2532,75.96622500000211,75.99622500000211,propeller_2,720,543,730,548,10,5,50,40,121,4003.5,6,1,1,1,1,1,1,0.9394395331747765,1,153.21845799917355
/Users/eolande/EventMAV/FRED/65.zip,2533,75.99622500000211,76.02622500000211,propeller_1,468,284,501,303,33,19,627,349,2011,57451.5,5,1,1,1,1,1,0,0.8342187508124047,1,143.01162499759812
/Users/eolande/EventMAV/FRED/65.zip,2533,75.99622500000211,76.02622500000211,propeller_2,727,543,736,548,9,5,45,38,115,4437.0,5,1,1,1,1,1,0,0.9324234655926533,1,143.01162499759812
/Users/eolande/EventMAV/FRED/65.zip,2534,76.02622500000211,76.05622500000212,propeller_1,464,285,495,305,31,20,620,348,1935,55488.0,4,1,0,1,1,1,0,0.8242195797253509,1,147.24291600578
/Users/eolande/EventMAV/FRED/65.zip,2534,76.02622500000211,76.05622500000212,propeller_2,735,542,744,548,9,6,54,38,92,3621.0,6,1,1,1,1,1,1,0.8763249247817836,1,147.24291600578
/Users/eolande/EventMAV/FRED/65.zip,2535,76.05622500000212,76.08622500000212,propeller_1,459,286,489,306,30,20,600,319,1837,53958.0,4,1,0,1,1,1,0,0.8224818176411124,1,147.9030420014169
/Users/eolande/EventMAV/FRED/65.zip,2535,76.05622500000212,76.08622500000212,propeller_2,741,542,752,548,11,6,66,47,133,5253.0,6,1,1,1,1,1,1,0.9094569170132162,1,147.9030420014169
/Users/eolande/EventMAV/FRED/65.zip,2536,76.08622500000212,76.11622500000212,propeller_1,454,288,483,307,29,19,551,305,1704,51178.5,3,1,0,0,1,1,0,0.8402664470453419,1,145.71316699584713
/Users/eolande/EventMAV/FRED/65.zip,2536,76.08622500000212,76.11622500000212,propeller_2,747,542,757,548,10,6,60,46,130,5304.0,6,1,1,1,1,1,1,0.9213643180338437,1,145.71316699584713
/Users/eolande/EventMAV/FRED/65.zip,2537,76.11622500000212,76.14622500000212,propeller_1,449,289,478,308,29,19,551,299,1529,46282.5,4,1,0,1,1,1,0,0.8167714554413614,1,146.46849999553524
/Users/eolande/EventMAV/FRED/65.zip,2537,76.11622500000212,76.14622500000212,propeller_2,753,543,764,548,11,5,55,40,115,4947.0,5,1,1,1,1,1,0,0.9529827146425927,1,146.46849999553524
/Users/eolande/EventMAV/FRED/65.zip,2538,76.14622500000212,76.17622500000212,propeller_1,445,291,474,309,29,18,522,277,1288,40851.0,4,1,0,1,1,1,0,0.8287462401507331,1,145.7565419987077
/Users/eolande/EventMAV/FRED/65.zip,2538,76.14622500000212,76.17622500000212,propeller_2,760,542,769,548,9,6,54,36,84,3111.0,5,1,1,1,1,1,0,0.9213515161484027,1,145.7565419987077
/Users/eolande/EventMAV/FRED/65.zip,2539,76.17622500000212,76.20622500000212,propeller_1,440,293,469,309,29,16,464,231,1058,34552.5,5,1,1,1,1,1,0,0.8112975503506892,1,142.79320900095627
/Users/eolande/EventMAV/FRED/65.zip,2539,76.17622500000212,76.20622500000212,propeller_2,765,543,776,548,11,5,55,44,97,4080.0,6,1,1,1,1,1,1,0.9206567216192483,1,142.79320900095627
/Users/eolande/EventMAV/FRED/65.zip,2540,76.20622500000212,76.23622500000212,propeller_1,435,295,464,310,29,15,435,230,881,29197.5,4,1,1,0,1,1,0,0.8109983474464465,1,141.85008400090737
/Users/eolande/EventMAV/FRED/65.zip,2540,76.20622500000212,76.23622500000212,propeller_2,771,543,780,548,9,5,45,38,93,4513.5,6,1,1,1,1,1,1,0.9501532362483518,1,141.85008400090737
/Users/eolande/EventMAV/FRED/65.zip,2541,76.23622500000212,76.26622500000212,propeller_1,431,297,458,311,27,14,378,191,724,23766.0,5,1,1,1,1,1,0,0.80844484547237,1,145.3455419978127
/Users/eolande/EventMAV/FRED/65.zip,2541,76.23622500000212,76.26622500000212,propeller_2,775,543,784,548,9,5,45,30,76,3366.0,5,1,1,1,1,1,0,0.9305388835309315,1,145.3455419978127
/Users/eolande/EventMAV/FRED/65.zip,2542,76.26622500000212,76.29622500000212,propeller_1,427,300,454,312,27,12,324,176,623,20859.0,5,1,1,1,1,1,0,0.8489410278202851,1,144.09349999914411
/Users/eolande/EventMAV/FRED/65.zip,2542,76.26622500000212,76.29622500000212,propeller_2,779,541,788,548,9,7,63,44,86,4335.0,5,1,1,1,0,1,1,0.9144445678370995,1,144.09349999914411
/Users/eolande/EventMAV/FRED/65.zip,2543,76.29622500000212,76.32622500000213,propeller_1,423,302,449,314,26,12,312,151,489,16345.5,5,1,1,1,1,1,0,0.8250001914888727,1,142.88645800115773
/Users/eolande/EventMAV/FRED/65.zip,2543,76.29622500000212,76.32622500000213,propeller_2,785,541,793,547,8,6,48,31,83,4029.0,5,1,1,1,1,1,0,0.9163575871029901,1,142.88645800115773
/Users/eolande/EventMAV/FRED/65.zip,2543,76.29622500000212,76.32622500000213,propeller_3,902,72,916,82,14,10,140,26,88,2040.0,5,1,1,1,1,1,0,0.8759913726330397,1,142.88645800115773
/Users/eolande/EventMAV/FRED/65.zip,2544,76.32622500000213,76.35622500000213,propeller_1,419,304,444,315,25,11,275,122,416,13438.5,3,1,0,0,1,1,0,0.9146648245541877,1,145.3508329941542
/Users/eolande/EventMAV/FRED/65.zip,2544,76.32622500000213,76.35622500000213,propeller_2,787,541,796,547,9,6,54,37,54,2983.5,5,1,1,1,1,1,0,0.8967990074203082,1,145.3508329941542
/Users/eolande/EventMAV/FRED/65.zip,2544,76.32622500000213,76.35622500000213,propeller_3,895,68,909,78,14,10,140,32,103,2550.0,5,1,1,1,1,1,0,0.8659002257385755,1,145.3508329941542
/Users/eolande/EventMAV/FRED/65.zip,2545,76.35622500000213,76.38622500000213,propeller_1,415,306,439,317,24,11,264,89,315,9001.5,5,1,1,1,1,1,0,0.8616356206839726,1,149.69066699995892
/Users/eolande/EventMAV/FRED/65.zip,2545,76.35622500000213,76.38622500000213,propeller_2,792,542,800,547,8,5,40,28,62,2754.0,4,1,0,1,1,1,0,0.8834079000422963,1,149.69066699995892
/Users/eolande/EventMAV/FRED/65.zip,2545,76.35622500000213,76.38622500000213,propeller_3,888,66,902,76,14,10,140,35,113,2677.5,5,1,1,1,1,1,0,0.8803116011224223,1,149.69066699995892
/Users/eolande/EventMAV/FRED/65.zip,2546,76.38622500000213,76.41622500000213,propeller_1,409,308,432,320,23,12,276,81,292,7395.0,5,1,1,1,1,1,0,0.9320421061905376,1,142.13016699795844
/Users/eolande/EventMAV/FRED/65.zip,2546,76.38622500000213,76.41622500000213,propeller_2,881,63,895,73,14,10,140,38,126,2830.5,5,1,1,1,1,1,0,0.9007359933321857,1,142.13016699795844
/Users/eolande/EventMAV/FRED/65.zip,2547,76.41622500000213,76.44622500000213,propeller_1,405,311,427,323,22,12,264,73,262,6222.0,5,1,1,1,1,1,0,0.9065834367384835,1,144.64512500126148
/Users/eolande/EventMAV/FRED/65.zip,2547,76.41622500000213,76.44622500000213,propeller_2,874,60,887,70,13,10,130,38,134,3085.5,5,1,1,1,1,1,0,0.8648746349520269,1,144.64512500126148
/Users/eolande/EventMAV/FRED/65.zip,2547,76.41622500000213,76.44622500000213,propeller_3,800,543,806,547,6,4,24,21,54,2677.5,4,1,1,0,1,1,0,0.9353907869256697,1,144.64512500126148
/Users/eolande/EventMAV/FRED/65.zip,2548,76.44622500000213,76.47622500000213,propeller_1,404,313,422,324,18,11,198,66,202,5737.5,5,1,1,1,1,1,0,0.9006179890124677,1,142.338750003546
/Users/eolande/EventMAV/FRED/65.zip,2548,76.44622500000213,76.47622500000213,propeller_2,866,57,879,67,13,10,130,50,143,3493.5,5,1,1,1,1,1,0,0.9119317089438038,1,142.338750003546
/Users/eolande/EventMAV/FRED/65.zip,2548,76.44622500000213,76.47622500000213,propeller_3,803,543,808,547,5,4,20,19,46,2422.5,5,1,1,1,1,1,0,0.9559080233418817,1,142.338750003546
/Users/eolande/EventMAV/FRED/65.zip,2549,76.47622500000213,76.50622500000213,propeller_1,396,316,416,328,20,12,240,34,211,4156.5,5,1,1,1,1,1,0,0.9317291916302887,1,138.461084003211
/Users/eolande/EventMAV/FRED/65.zip,2549,76.47622500000213,76.50622500000213,propeller_2,858,55,871,64,13,9,117,50,163,3799.5,5,1,1,1,1,1,0,0.8983454436178001,1,138.461084003211
/Users/eolande/EventMAV/FRED/65.zip,2549,76.47622500000213,76.50622500000213,propeller_3,805,542,809,546,4,4,16,12,24,1300.5,4,1,1,1,1,0,0,0.9249795473908135,1,138.461084003211
/Users/eolande/EventMAV/FRED/65.zip,2550,76.50622500000213,76.53622500000213,propeller_1,391,318,410,330,19,12,228,51,179,4615.5,5,1,1,1,1,1,0,0.9192847441850001,1,143.63095800217707
/Users/eolande/EventMAV/FRED/65.zip,2550,76.50622500000213,76.53622500000213,propeller_2,850,54,863,61,13,7,91,51,172,4590.0,5,1,1,1,1,1,0,0.9290540142870931,1,143.63095800217707
/Users/eolande/EventMAV/FRED/65.zip,2551,76.53622500000213,76.56622500000213,propeller_1,844,52,855,59,11,7,77,50,148,5049.0,4,1,0,1,1,1,0,0.9463447966238516,1,146.02683300472563
/Users/eolande/EventMAV/FRED/65.zip,2551,76.53622500000213,76.56622500000213,propeller_2,392,324,401,331,9,7,63,23,80,2193.0,4,1,1,1,0,1,0,0.9084489039311014,1,146.02683300472563
/Users/eolande/EventMAV/FRED/65.zip,2552,76.56622500000213,76.59622500000214,propeller_1,837,51,847,57,10,6,60,42,126,4437.0,4,1,0,1,1,1,0,0.948591656890066,1,142.85370799916564
/Users/eolande/EventMAV/FRED/65.zip,2552,76.56622500000213,76.59622500000214,propeller_3,396,325,398,328,2,3,6,6,7,790.5,4,1,1,0,1,1,0,0.9550708478300833,1,142.85370799916564
/Users/eolande/EventMAV/FRED/65.zip,2553,76.59622500000214,76.62622500000214,propeller_1,833,51,839,56,6,5,30,19,49,1785.0,5,1,1,1,1,1,0,0.9343779548520338,1,150.09145899966825
/Users/eolande/EventMAV/FRED/65.zip,2553,76.59622500000214,76.62622500000214,propeller_2,384,329,390,333,6,4,24,13,27,1198.5,6,1,1,1,1,1,1,0.8977845015016397,1,150.09145899966825
/Users/eolande/EventMAV/FRED/65.zip,2554,76.62622500000214,76.65622500000214,propeller_1,373,332,381,338,8,6,48,16,62,1530.0,5,1,1,1,1,1,0,0.8591401074441147,1,143.86975000525126
/Users/eolande/EventMAV/FRED/65.zip,2554,76.62622500000214,76.65622500000214,propeller_3,827,52,831,56,4,4,16,12,31,994.5,3,1,0,1,1,0,0,0.8542383074449387,1,143.86975000525126
/Users/eolande/EventMAV/FRED/65.zip,2555,76.65622500000214,76.68622500000214,propeller_1,368,337,373,340,5,3,15,8,27,994.5,4,1,0,1,1,1,0,0.9004445291962009,1,137.93945900397375
/Users/eolande/EventMAV/FRED/65.zip,2556,76.68622500000214,76.71622500000214,propeller_1,360,336,370,342,10,6,60,14,54,1555.5,5,1,1,1,1,1,0,0.9332164822262298,1,143.21708399802446
/Users/eolande/EventMAV/FRED/65.zip,2557,76.71622500000214,76.74622500000214,propeller_2,354,340,360,344,6,4,24,13,41,1045.5,6,1,1,1,1,1,1,0.9241797942297225,1,145.53745799639728
/Users/eolande/EventMAV/FRED/65.zip,2558,76.74622500000214,76.77622500000214,propeller_1,342,343,352,347,10,4,40,15,59,1530.0,4,1,0,1,1,1,0,0.8841203420066585,1,139.86941699840827
/Users/eolande/EventMAV/FRED/65.zip,2558,76.74622500000214,76.77622500000214,propeller_2,56,621,68,625,12,4,48,11,91,1275.0,3,1,1,0,0,1,0,0.9234088560464898,1,139.86941699840827
/Users/eolande/EventMAV/FRED/65.zip,2559,76.77622500000214,76.80622500000214,propeller_1,334,343,344,348,10,5,50,20,59,1708.5,4,1,1,1,0,1,0,0.8992008807707045,1,137.24312499834923
/Users/eolande/EventMAV/FRED/65.zip,2560,76.80622500000214,76.83622500000214,propeller_1,326,347,331,349,5,2,10,7,13,1198.5,4,1,1,1,0,1,0,0.95122604397793,1,144.76279100199463
/Users/eolande/EventMAV/FRED/65.zip,2561,76.83622500000214,76.86622500000215,propeller_2,319,345,329,350,10,5,50,16,44,1275.0,5,1,1,1,1,1,0,0.8724848010337967,1,141.21758300461806
/Users/eolande/EventMAV/FRED/65.zip,2562,76.86622500000215,76.89622500000215,propeller_1,315,348,318,350,3,2,6,5,6,612.0,3,1,0,1,0,1,0,0.9252485204276468,1,139.43162500072503
/Users/eolande/EventMAV/FRED/65.zip,2563,76.89622500000215,76.92622500000215,propeller_1,302,349,309,352,7,3,21,9,30,1249.5,6,1,1,1,1,1,1,0.8687662217554271,1,141.44041699910304
/Users/eolande/EventMAV/FRED/65.zip,2564,76.92622500000215,76.95622500000215,propeller_1,790,530,797,535,7,5,35,17,52,1683.0,4,1,1,1,0,1,0,0.9321056425368279,1,143.95633300591726
/Users/eolande/EventMAV/FRED/65.zip,2564,76.92622500000215,76.95622500000215,propeller_2,287,351,294,357,7,6,42,7,78,1224.0,4,1,1,1,0,1,0,0.9322976882314519,1,143.95633300591726
/Users/eolande/EventMAV/FRED/65.zip,2565,76.95622500000215,76.98622500000215,propeller_1,785,528,792,534,7,6,42,23,47,2091.0,5,1,1,1,1,1,0,0.8819575929644585,1,142.71249999728752
/Users/eolande/EventMAV/FRED/65.zip,2565,76.95622500000215,76.98622500000215,propeller_2,281,351,292,357,11,6,66,24,81,2014.5,6,1,1,1,1,1,1,0.9314278434320403,1,142.71249999728752
/Users/eolande/EventMAV/FRED/65.zip,2566,76.98622500000215,77.01622500000215,propeller_1,781,527,788,532,7,5,35,19,40,1657.5,3,1,1,1,0,0,0,0.9185212906846452,1,145.50445799977751
/Users/eolande/EventMAV/FRED/65.zip,2566,76.98622500000215,77.01622500000215,propeller_2,278,352,281,355,3,3,9,8,13,1020.0,3,1,0,1,0,1,0,0.9187400856688872,1,145.50445799977751
/Users/eolande/EventMAV/FRED/65.zip,2567,77.01622500000215,77.04622500000215,propeller_1,775,526,784,532,9,6,54,33,77,2907.0,3,1,0,0,1,1,0,0.905802029771668,1,143.8103750042501
/Users/eolande/EventMAV/FRED/65.zip,2567,77.01622500000215,77.04622500000215,propeller_2,251,353,267,359,16,6,96,13,195,2244.0,5,1,1,1,1,1,0,0.9328046853466053,1,143.8103750042501
/Users/eolande/EventMAV/FRED/65.zip,2568,77.04622500000215,77.07622500000215,propeller_1,774,524,780,531,6,7,42,34,86,3799.5,6,1,1,1,1,1,1,0.9401284881482965,1,139.07441600167658
/Users/eolande/EventMAV/FRED/65.zip,2568,77.04622500000215,77.07622500000215,propeller_2,257,354,261,357,4,3,12,9,26,969.0,3,1,0,0,1,1,0,0.9300064448169494,1,139.07441600167658
/Users/eolande/EventMAV/FRED/65.zip,2569,77.07622500000215,77.10622500000215,propeller_1,769,524,776,531,7,7,49,38,87,3646.5,6,1,1,1,1,1,1,0.893146711568944,1,140.2800420037238
/Users/eolande/EventMAV/FRED/65.zip,2569,77.07622500000215,77.10622500000215,propeller_3,237,355,245,360,8,5,40,10,104,1249.5,5,1,1,1,1,1,0,0.9282231388061446,1,140.2800420037238
/Users/eolande/EventMAV/FRED/65.zip,2570,77.10622500000215,77.13622500000216,propeller_1,765,523,771,530,6,7,42,30,79,2958.0,6,1,1,1,1,1,1,0.9451107695360447,1,144.63879200047813
/Users/eolande/EventMAV/FRED/65.zip,2570,77.10622500000215,77.13622500000216,propeller_3,223,356,234,361,11,5,55,11,128,1275.0,3,1,0,1,0,1,0,0.9518874955983941,1,144.63879200047813
/Users/eolande/EventMAV/FRED/65.zip,2571,77.13622500000216,77.16622500000216,propeller_1,756,522,767,529,11,7,77,54,182,6910.5,6,1,1,1,1,1,1,0.8667903593072241,1,146.07916699605994
/Users/eolande/EventMAV/FRED/65.zip,2571,77.13622500000216,77.16622500000216,propeller_2,815,89,820,93,5,4,20,15,35,969.0,4,1,1,1,1,0,0,0.9054754708830219,1,146.07916699605994
/Users/eolande/EventMAV/FRED/65.zip,2571,77.13622500000216,77.16622500000216,propeller_3,221,360,225,362,4,2,8,6,14,867.0,4,1,0,1,1,1,0,0.9036416071014847,1,146.07916699605994
/Users/eolande/EventMAV/FRED/65.zip,2572,77.16622500000216,77.19622500000216,propeller_1,751,522,761,529,10,7,70,52,144,6273.0,6,1,1,1,1,1,1,0.9239940027837006,1,146.18662499560742
/Users/eolande/EventMAV/FRED/65.zip,2572,77.16622500000216,77.19622500000216,propeller_2,819,91,822,95,3,4,12,9,17,790.5,5,1,1,1,1,1,0,0.8972810713912094,1,146.18662499560742
/Users/eolande/EventMAV/FRED/65.zip,2572,77.16622500000216,77.19622500000216,propeller_3,224,357,227,359,3,2,6,6,8,637.5,3,1,0,0,1,1,0,0.9338186795769123,1,146.18662499560742
/Users/eolande/EventMAV/FRED/65.zip,2573,77.19622500000216,77.22622500000216,propeller_1,746,521,757,528,11,7,77,54,148,5686.5,5,1,1,1,1,1,0,0.9012941234944356,1,141.15408399811713
/Users/eolande/EventMAV/FRED/65.zip,2573,77.19622500000216,77.22622500000216,propeller_3,823,93,828,98,5,5,25,16,46,1351.5,5,1,1,1,1,1,0,0.9212416204726395,1,141.15408399811713
/Users/eolande/EventMAV/FRED/65.zip,2574,77.22622500000216,77.25622500000216,propeller_1,739,521,751,528,12,7,84,56,156,5737.5,4,1,1,0,1,1,0,0.9251097191734472,1,140.1286250038538
/Users/eolande/EventMAV/FRED/65.zip,2574,77.22622500000216,77.25622500000216,propeller_2,827,96,832,101,5,5,25,15,42,1122.0,5,1,1,1,1,1,0,0.8806506794145892,1,140.1286250038538
/Users/eolande/EventMAV/FRED/65.zip,2574,77.22622500000216,77.25622500000216,propeller_3,58,618,61,619,3,1,3,3,1,739.5,5,1,1,1,1,1,0,0.9039324581912148,1,140.1286250038538
/Users/eolande/EventMAV/FRED/65.zip,2575,77.25622500000216,77.28622500000216,propeller_1,733,520,746,527,13,7,91,71,206,7752.0,5,1,1,1,1,1,0,0.9020610548734085,1,143.35504100017715
/Users/eolande/EventMAV/FRED/65.zip,2575,77.25622500000216,77.28622500000216,propeller_2,832,97,837,102,5,5,25,18,43,1300.5,6,1,1,1,1,1,1,0.8932613183446505,1,143.35504100017715
/Users/eolande/EventMAV/FRED/65.zip,2575,77.25622500000216,77.28622500000216,propeller_3,34,646,38,649,4,3,12,7,19,816.0,3,1,0,0,0,1,1,0.9523489135126657,1,143.35504100017715
/Users/eolande/EventMAV/FRED/65.zip,2576,77.28622500000216,77.31622500000216,propeller_1,727,520,741,527,14,7,98,78,270,9715.5,6,1,1,1,1,1,1,0.9261874161096127,1,144.3802499998128
/Users/eolande/EventMAV/FRED/65.zip,2576,77.28622500000216,77.31622500000216,propeller_2,838,101,840,103,2,2,4,4,10,535.5,3,1,0,1,1,0,0,1.0,1,144.3802499998128
/Users/eolande/EventMAV/FRED/65.zip,2577,77.31622500000216,77.34622500000216,propeller_1,722,519,734,527,12,8,96,72,272,9333.0,5,1,1,1,1,1,0,0.8948974046169746,1,139.98420899588382
/Users/eolande/EventMAV/FRED/65.zip,2577,77.31622500000216,77.34622500000216,propeller_2,841,102,845,105,4,3,12,9,23,739.5,4,1,1,1,1,0,0,0.8655378944630572,1,139.98420899588382
/Users/eolande/EventMAV/FRED/65.zip,2578,77.34622500000216,77.37622500000217,propeller_1,715,519,729,526,14,7,98,80,308,9741.0,5,1,1,1,1,1,0,0.909939000992334,1,144.0059590022429
/Users/eolande/EventMAV/FRED/65.zip,2579,77.37622500000217,77.40622500000217,propeller_1,710,519,722,526,12,7,84,75,282,9588.0,5,1,1,1,1,1,0,0.908798172713938,1,147.42141700116917
/Users/eolande/EventMAV/FRED/65.zip,2580,77.40622500000217,77.43622500000217,propeller_1,703,518,716,526,13,8,104,74,325,9919.5,4,1,0,1,1,1,0,0.9358342795554152,1,143.15754100243794
/Users/eolande/EventMAV/FRED/65.zip,2581,77.43622500000217,77.46622500000217,propeller_1,696,518,710,525,14,7,98,81,334,10557.0,5,1,1,1,1,1,0,0.9033238688855094,1,139.54233300319174
/Users/eolande/EventMAV/FRED/65.zip,2582,77.46622500000217,77.49622500000217,propeller_1,690,517,703,525,13,8,104,84,386,10659.0,5,1,1,1,1,1,0,0.922502891070859,1,149.2262079991633
/Users/eolande/EventMAV/FRED/65.zip,2583,77.49622500000217,77.52622500000217,propeller_1,684,517,698,525,14,8,112,93,443,12316.5,5,1,1,1,1,1,0,0.9298572092458144,1,142.68966699455632
/Users/eolande/EventMAV/FRED/65.zip,2584,77.52622500000217,77.55622500000217,propeller_1,677,516,691,524,14,8,112,94,568,13795.5,5,1,1,1,1,1,0,0.9202721924924624,1,137.32808399799978
/Users/eolande/EventMAV/FRED/65.zip,2585,77.55622500000217,77.58622500000217,propeller_1,671,515,685,524,14,9,126,99,570,13744.5,5,1,1,1,1,1,0,0.9300086413571652,1,141.88220800133422
/Users/eolande/EventMAV/FRED/65.zip,2586,77.58622500000217,77.61622500000217,propeller_1,665,514,679,523,14,9,126,97,509,12852.0,5,1,1,1,1,1,0,0.9240581007819497,1,144.1513340032543
/Users/eolande/EventMAV/FRED/65.zip,2586,77.58622500000217,77.61622500000217,propeller_2,95,367,99,370,4,3,12,7,20,1249.5,6,1,1,1,1,1,1,0.8423187181358367,1,144.1513340032543
/Users/eolande/EventMAV/FRED/65.zip,2587,77.61622500000217,77.64622500000218,propeller_1,658,513,672,522,14,9,126,96,442,12418.5,5,1,1,1,1,1,0,0.9280263153326944,1,139.86212499730755
/Users/eolande/EventMAV/FRED/65.zip,2587,77.61622500000217,77.64622500000218,propeller_2,77,362,84,365,7,3,21,11,29,1377.0,3,1,0,1,0,1,0,0.9047928083021298,1,139.86212499730755
/Users/eolande/EventMAV/FRED/65.zip,2588,77.64622500000218,77.67622500000218,propeller_1,651,512,666,521,15,9,135,96,460,12444.0,5,1,1,1,1,1,0,0.9282494318122514,1,139.2812080011936
/Users/eolande/EventMAV/FRED/65.zip,2588,77.64622500000218,77.67622500000218,propeller_4,80,367,82,369,2,2,4,3,8,688.5,5,1,1,1,1,1,0,0.9999977999153409,1,139.2812080011936
/Users/eolande/EventMAV/FRED/65.zip,2589,77.67622500000218,77.70622500000218,propeller_1,645,511,659,520,14,9,126,100,585,13795.5,5,1,1,1,1,1,0,0.9190903996568076,1,143.110874996637
/Users/eolande/EventMAV/FRED/65.zip,2589,77.67622500000218,77.70622500000218,propeller_2,66,362,76,370,10,8,80,11,122,1606.5,5,1,1,1,1,1,0,0.8694161597532117,1,143.110874996637
/Users/eolande/EventMAV/FRED/65.zip,2590,77.70622500000218,77.73622500000218,propeller_1,638,510,653,519,15,9,135,106,535,13617.0,5,1,1,1,1,1,0,0.9222298178432822,1,143.11004099727143
/Users/eolande/EventMAV/FRED/65.zip,2590,77.70622500000218,77.73622500000218,propeller_2,65,367,68,369,3,2,6,4,17,892.5,5,1,1,1,1,1,0,0.8772709087910967,1,143.11004099727143
/Users/eolande/EventMAV/FRED/65.zip,2591,77.73622500000218,77.76622500000218,propeller_1,631,509,646,518,15,9,135,109,583,14713.5,5,1,1,1,1,1,0,0.9251956440146969,1,136.8110830007936
/Users/eolande/EventMAV/FRED/65.zip,2591,77.73622500000218,77.76622500000218,propeller_2,52,363,56,366,4,3,12,9,21,1096.5,4,1,0,1,1,1,0,0.9035692074518271,1,136.8110830007936
/Users/eolande/EventMAV/FRED/65.zip,2592,77.76622500000218,77.79622500000218,propeller_1,624,508,639,517,15,9,135,108,634,14484.0,5,1,1,1,1,1,0,0.924402572003778,1,143.662915994355
/Users/eolande/EventMAV/FRED/65.zip,2592,77.76622500000218,77.79622500000218,propeller_2,48,364,60,370,12,6,72,12,101,1351.5,6,1,1,1,1,1,1,0.9312918034570464,1,143.662915994355
/Users/eolande/EventMAV/FRED/65.zip,2593,77.79622500000218,77.82622500000218,propeller_1,618,507,632,516,14,9,126,107,682,15249.0,5,1,1,1,1,1,0,0.9131237069457956,1,141.02641699719243
/Users/eolande/EventMAV/FRED/65.zip,2593,77.79622500000218,77.82622500000218,propeller_2,44,365,51,371,7,6,42,8,66,867.0,5,1,1,1,1,1,0,0.9999965242277463,1,141.02641699719243
/Users/eolande/EventMAV/FRED/65.zip,2594,77.82622500000218,77.85622500000218,propeller_1,610,505,625,515,15,10,150,113,623,14535.0,5,1,1,1,1,1,0,0.9055908565066001,1,143.64320800086716
/Users/eolande/EventMAV/FRED/65.zip,2594,77.82622500000218,77.85622500000218,propeller_3,41,368,45,371,4,3,12,8,26,892.5,4,1,1,1,0,1,0,0.8624619683367518,1,143.64320800086716
/Users/eolande/EventMAV/FRED/65.zip,2595,77.85622500000218,77.88622500000218,propeller_1,603,504,618,514,15,10,150,112,602,13872.0,4,1,1,0,1,1,0,0.9089241793536506,1,150.3636670022388
/Users/eolande/EventMAV/FRED/65.zip,2595,77.85622500000218,77.88622500000218,propeller_3,36,369,41,371,5,2,10,9,19,739.5,4,1,1,1,0,1,0,0.93683530059042,1,150.3636670022388
/Users/eolande/EventMAV/FRED/65.zip,2596,77.88622500000218,77.91622500000219,propeller_1,596,503,611,513,15,10,150,112,661,14943.0,4,1,0,1,1,1,0,0.9128042540746713,1,139.07750000362284
/Users/eolande/EventMAV/FRED/65.zip,2597,77.91622500000219,77.94622500000219,propeller_1,589,502,604,511,15,9,135,114,693,15427.5,5,1,1,1,1,1,0,0.9125716911560224,1,146.1074170001666
/Users/eolande/EventMAV/FRED/65.zip,2598,77.94622500000219,77.97622500000219,propeller_1,582,501,597,510,15,9,135,113,758,16167.0,4,1,0,1,1,1,0,0.9179450642164771,1,142.72362500196323
/Users/eolande/EventMAV/FRED/65.zip,2599,77.97622500000219,78.00622500000219,propeller_1,574,500,590,509,16,9,144,121,803,16804.5,5,1,1,1,1,1,0,0.9103508009363053,1,142.0278329969733
/Users/eolande/EventMAV/FRED/65.zip,2599,77.97622500000219,78.00622500000219,propeller_2,46,553,49,554,3,1,3,3,2,484.5,3,1,1,0,0,1,0,0.9753237499853302,1,142.0278329969733
/Users/eolande/EventMAV/FRED/65.zip,2600,78.00622500000219,78.03622500000219,propeller_1,567,499,583,509,16,10,160,117,718,16116.0,4,1,0,1,1,1,0,0.910448585502996,1,135.6919160025427
/Users/eolande/EventMAV/FRED/65.zip,2601,78.03622500000219,78.06622500000219,propeller_1,560,498,576,508,16,10,160,114,709,15784.5,4,1,0,1,1,1,0,0.9173891888630903,1,144.0615829997114
/Users/eolande/EventMAV/FRED/65.zip,2602,78.06622500000219,78.09622500000219,propeller_1,553,497,569,507,16,10,160,119,700,15453.0,4,1,0,1,1,1,0,0.9009083407962978,1,159.38345899485284
/Users/eolande/EventMAV/FRED/65.zip,2603,78.09622500000219,78.1262250000022,propeller_1,546,497,562,506,16,9,144,118,815,17008.5,5,1,1,1,1,1,0,0.9194658541800034,1,213.12145899719326
/Users/eolande/EventMAV/FRED/65.zip,2603,78.09622500000219,78.1262250000022,propeller_2,43,560,50,563,7,3,21,9,40,1224.0,3,1,1,0,0,1,0,0.8437191437682976,1,213.12145899719326
/Users/eolande/EventMAV/FRED/65.zip,2604,78.1262250000022,78.1562250000022,propeller_1,539,496,555,505,16,9,144,115,869,16932.0,5,1,1,1,1,1,0,0.9141524950006941,1,144.84470800380222
/Users/eolande/EventMAV/FRED/65.zip,2605,78.1562250000022,78.1862250000022,propeller_1,533,495,549,505,16,10,160,118,897,17569.5,5,1,1,1,1,1,0,0.9143850124734328,1,144.4268750055926
/Users/eolande/EventMAV/FRED/65.zip,2606,78.1862250000022,78.2162250000022,propeller_1,526,494,542,504,16,10,160,118,874,17595.0,5,1,1,1,1,1,0,0.9146636962152744,1,146.00975000212202
/Users/eolande/EventMAV/FRED/65.zip,2607,78.2162250000022,78.2462250000022,propeller_1,520,494,536,503,16,9,144,109,840,16473.0,4,1,0,1,1,1,0,0.9005181681470094,1,137.21641700249165
/Users/eolande/EventMAV/FRED/65.zip,2608,78.2462250000022,78.2762250000022,propeller_1,514,492,530,502,16,10,160,106,835,15861.0,4,1,0,1,1,1,0,0.9013556933669729,1,144.05033300135983
/Users/eolande/EventMAV/FRED/65.zip,2609,78.2762250000022,78.3062250000022,propeller_1,508,491,525,501,17,10,170,94,818,13999.5,4,1,0,1,1,1,0,0.925993325794003,1,139.29162499698577
/Users/eolande/EventMAV/FRED/65.zip,2610,78.3062250000022,78.3362250000022,propeller_1,504,490,520,500,16,10,160,99,791,14535.0,4,1,1,1,0,1,0,0.9220084108439187,1,139.92291699833004
/Users/eolande/EventMAV/FRED/65.zip,2611,78.3362250000022,78.3662250000022,propeller_1,499,489,515,499,16,10,160,82,703,12826.5,5,1,1,1,1,1,0,0.907202030127602,1,140.68041700375034
/Users/eolande/EventMAV/FRED/65.zip,2612,78.3662250000022,78.3962250000022,propeller_1,495,486,511,497,16,11,176,83,628,12724.5,4,1,0,1,1,1,0,0.9113770036406685,1,145.20541700039757
/Users/eolande/EventMAV/FRED/65.zip,2613,78.3962250000022,78.4262250000022,propeller_1,493,484,507,495,14,11,154,82,629,12954.0,5,1,1,1,1,1,0,0.8991310692528072,1,139.8297920022742
/Users/eolande/EventMAV/FRED/65.zip,2614,78.4262250000022,78.4562250000022,propeller_1,490,482,505,493,15,11,165,67,601,10863.0,5,1,1,1,1,1,0,0.9422555266907331,1,139.29587500024354
/Users/eolande/EventMAV/FRED/65.zip,2615,78.4562250000022,78.48622500000221,propeller_1,489,479,502,490,13,11,143,62,464,8848.5,4,1,1,1,0,1,0,0.9339070114030792,1,145.366249998915
/Users/eolande/EventMAV/FRED/65.zip,2616,78.48622500000221,78.51622500000221,propeller_1,488,476,501,488,13,12,156,69,475,10863.0,4,1,1,1,0,1,0,0.9160758239353085,1,139.07608300360152
/Users/eolande/EventMAV/FRED/65.zip,2617,78.51622500000221,78.54622500000221,propeller_1,489,475,499,485,10,10,100,56,355,8797.5,5,1,1,0,1,1,1,0.944386596929549,1,137.43404100387124
/Users/eolande/EventMAV/FRED/65.zip,2618,78.54622500000221,78.57622500000221,propeller_1,491,473,500,483,9,10,90,51,259,6630.0,5,1,1,1,1,1,0,0.9579318009688209,1,141.04083299753256
/Users/eolande/EventMAV/FRED/65.zip,2619,78.57622500000221,78.60622500000221,propeller_1,491,468,502,478,11,10,110,50,233,3978.0,6,1,1,1,1,1,1,0.9189213801681223,1,144.47783299692674
/Users/eolande/EventMAV/FRED/65.zip,2620,78.60622500000221,78.63622500000221,propeller_1,495,466,505,475,10,9,90,41,233,3697.5,4,1,0,1,1,1,0,0.8949046018499802,1,141.6677500019432
/Users/eolande/EventMAV/FRED/65.zip,2621,78.63622500000221,78.66622500000221,propeller_1,499,461,511,473,12,12,144,52,351,3927.0,4,1,1,1,0,1,0,0.8589662878664223,1,144.61641699745087
/Users/eolande/EventMAV/FRED/65.zip,2622,78.66622500000221,78.69622500000222,propeller_1,504,458,517,469,13,11,143,68,434,5431.5,4,1,0,1,1,1,0,0.8606416914376027,1,145.4427909993683
/Users/eolande/EventMAV/FRED/65.zip,2623,78.69622500000222,78.72622500000222,propeller_1,510,450,526,464,16,14,224,117,498,10684.5,4,1,0,1,1,1,0,0.8971509924882344,1,147.09783400030574
/Users/eolande/EventMAV/FRED/65.zip,2624,78.72622500000222,78.75622500000222,propeller_1,518,446,537,462,19,16,304,173,710,17212.5,4,1,0,1,1,1,0,0.9048347139663347,1,144.56545799475862
/Users/eolande/EventMAV/FRED/65.zip,2625,78.75622500000222,78.78622500000222,propeller_1,526,442,548,458,22,16,352,218,889,20323.5,5,1,1,1,1,1,0,0.9026746062741726,1,142.9781249971711
/Users/eolande/EventMAV/FRED/65.zip,2626,78.78622500000222,78.81622500000222,propeller_1,537,436,560,456,23,20,460,250,1092,23358.0,5,1,1,1,1,1,0,0.9055913570444813,1,139.1421669977717
/Users/eolande/EventMAV/FRED/65.zip,2627,78.81622500000222,78.84622500000222,propeller_1,549,433,572,451,23,18,414,259,1180,23205.0,5,1,1,1,1,1,0,0.9025484029528773,1,139.67583300109254
/Users/eolande/EventMAV/FRED/65.zip,2629,78.87622500000222,78.90622500000222,propeller_1,578,423,602,443,24,20,480,298,1625,27616.5,4,1,0,1,1,1,0,0.8874850980430742,1,141.10391700523905
/Users/eolande/EventMAV/FRED/65.zip,2630,78.90622500000222,78.93622500000222,propeller_1,593,418,620,438,27,20,540,339,1950,32334.0,5,1,1,1,1,1,0,0.8941542844670148,1,146.4428749968647
/Users/eolande/EventMAV/FRED/65.zip,2631,78.93622500000222,78.96622500000223,propeller_1,609,413,637,434,28,21,588,380,2236,38887.5,4,1,0,1,1,1,0,0.912778396212187,1,146.71191700472264
/Users/eolande/EventMAV/FRED/65.zip,2631,78.93622500000222,78.96622500000223,propeller_2,60,618,67,622,7,4,28,11,39,867.0,3,1,0,1,0,1,0,0.883502401563079,1,146.71191700472264
/Users/eolande/EventMAV/FRED/65.zip,2632,78.96622500000223,78.99622500000223,propeller_1,625,408,656,429,31,21,651,412,2440,40494.0,4,1,0,1,1,1,0,0.9104052748211324,1,138.42783300060546
/Users/eolande/EventMAV/FRED/65.zip,2633,78.99622500000223,79.02622500000223,propeller_1,643,404,677,425,34,21,714,446,2679,45619.5,3,1,0,0,1,1,0,0.9186098806661211,1,141.60829100001138
/Users/eolande/EventMAV/FRED/65.zip,2634,79.02622500000223,79.05622500000223,propeller_1,663,400,697,421,34,21,714,458,2723,46894.5,4,1,0,1,1,1,0,0.9232211762659056,1,143.9756249965285
/Users/eolande/EventMAV/FRED/65.zip,2635,79.05622500000223,79.08622500000223,propeller_1,685,396,718,417,33,21,693,470,2839,49138.5,4,1,0,1,1,1,0,0.9269462514677286,1,145.5969169983291
/Users/eolande/EventMAV/FRED/65.zip,2636,79.08622500000223,79.11622500000223,propeller_1,704,392,741,413,37,21,777,498,3354,53346.0,4,1,0,1,1,1,0,0.9361521898727575,1,144.40891700360226
/Users/eolande/EventMAV/FRED/65.zip,2637,79.11622500000223,79.14622500000223,propeller_1,726,388,763,409,37,21,777,529,4631,59644.5,3,1,0,0,1,1,0,0.9338255871897939,1,149.10675000282936
/Users/eolande/EventMAV/FRED/65.zip,2638,79.14622500000223,79.17622500000223,propeller_1,749,385,785,406,36,21,756,512,6826,60460.5,4,1,1,1,0,1,0,0.934383339818902,1,145.14716600388056
/Users/eolande/EventMAV/FRED/65.zip,2639,79.17622500000223,79.20622500000223,propeller_1,770,382,808,402,38,20,760,504,6236,51127.5,4,1,0,1,1,1,0,0.8999333803441689,1,147.96999999816762
/Users/eolande/EventMAV/FRED/65.zip,2640,79.20622500000223,79.23622500000224,propeller_1,793,379,832,399,39,20,780,476,5479,47557.5,4,1,1,1,0,1,0,0.9090518461097699,1,139.86574999580625
/Users/eolande/EventMAV/FRED/65.zip,2641,79.23622500000224,79.26622500000224,propeller_1,816,377,854,396,38,19,722,465,4206,52479.0,3,1,0,0,1,1,0,0.9090762401203318,1,139.00979200116126
/Users/eolande/EventMAV/FRED/65.zip,2642,79.26622500000224,79.29622500000224,propeller_1,839,375,878,393,39,18,702,439,3092,41947.5,3,1,0,1,0,1,0,0.8844085079570547,1,145.56775000528432
/Users/eolande/EventMAV/FRED/65.zip,2644,79.32622500000224,79.35622500000224,propeller_1,886,372,923,390,37,18,666,413,2664,39601.5,4,1,0,1,1,1,0,0.896831197031881,1,157.29666599509073
/Users/eolande/EventMAV/FRED/65.zip,2645,79.35622500000224,79.38622500000224,propeller_1,909,372,946,389,37,17,629,417,2547,38428.5,3,1,0,1,0,1,0,0.8960405072770713,1,140.0981250044424
/Users/eolande/EventMAV/FRED/65.zip,2647,79.41622500000224,79.44622500000224,propeller_1,954,372,987,389,33,17,561,362,2281,32869.5,4,1,0,1,1,1,0,0.8846234117448197,1,142.08129199687392
/Users/eolande/EventMAV/FRED/65.zip,2648,79.44622500000224,79.47622500000224,propeller_1,975,372,1009,389,34,17,578,354,2249,32563.5,3,1,0,1,0,1,0,0.8788187267140593,1,146.02079100586707
/Users/eolande/EventMAV/FRED/65.zip,2649,79.47622500000224,79.50622500000225,propeller_1,996,373,1027,390,31,17,527,319,2039,28560.0,4,1,0,1,1,1,0,0.877368272635597,1,139.93733299867017
/Users/eolande/EventMAV/FRED/65.zip,2650,79.50622500000225,79.53622500000225,propeller_1,1017,374,1046,391,29,17,493,299,1866,26520.0,3,1,0,1,0,1,0,0.8689272598418342,1,138.14650000131223
/Users/eolande/EventMAV/FRED/65.zip,2651,79.53622500000225,79.56622500000225,propeller_1,1035,376,1064,393,29,17,493,276,1758,24072.0,5,1,1,1,1,1,0,0.8739070106303444,1,143.95195800170768
/Users/eolande/EventMAV/FRED/65.zip,2652,79.56622500000225,79.59622500000225,propeller_1,1056,380,1081,393,25,13,325,243,1457,23026.5,4,1,0,1,1,1,0,0.8790622847700549,1,137.64174999960233
/Users/eolande/EventMAV/FRED/65.zip,2653,79.59622500000225,79.62622500000225,propeller_1,1071,381,1095,395,24,14,336,169,994,15376.5,4,1,0,1,1,1,0,0.8842047239248766,1,139.30966600310057
/Users/eolande/EventMAV/FRED/65.zip,2654,79.62622500000225,79.65622500000225,propeller_1,1091,384,1103,392,12,8,96,60,250,6069.0,5,1,1,1,1,1,0,0.9313442808240395,1,141.961542001809
/Users/eolande/EventMAV/FRED/65.zip,2656,79.68622500000225,79.71622500000225,propeller_1,1120,392,1142,407,22,15,330,194,1093,18666.0,5,1,1,1,1,1,0,0.8566259739299629,1,145.69004099757876
/Users/eolande/EventMAV/FRED/65.zip,2657,79.71622500000225,79.74622500000226,propeller_1,1134,396,1153,410,19,14,266,127,717,11143.5,4,1,0,1,0,1,1,0.8537540488861078,1,140.6453750023502
/Users/eolande/EventMAV/FRED/65.zip,2658,79.74622500000226,79.77622500000226,propeller_1,1150,408,1158,415,8,7,56,28,100,2907.0,4,1,0,1,1,1,0,0.8998764006270379,1,139.63924999552546
/Users/eolande/EventMAV/FRED/65.zip,2714,81.42622500000232,81.45622500000232,propeller_1,914,539,927,544,13,5,65,40,114,3493.5,5,1,1,1,1,1,0,0.8738256341898416,1,146.00708399666473
/Users/eolande/EventMAV/FRED/65.zip,2715,81.45622500000232,81.48622500000232,propeller_1,904,538,916,544,12,6,72,40,121,3213.0,6,1,1,1,1,1,1,0.9284756049629329,1,143.92066699656425
/Users/eolande/EventMAV/FRED/65.zip,2716,81.48622500000232,81.51622500000232,propeller_1,893,538,900,543,7,5,35,18,79,1861.5,6,1,1,1,1,1,1,0.8932531515897075,1,146.1512500027311
/Users/eolande/EventMAV/FRED/65.zip,2717,81.51622500000232,81.54622500000232,propeller_1,880,538,890,542,10,4,40,16,85,1861.5,6,1,1,1,1,1,1,0.8886969216710798,1,143.80870899913134
/Users/eolande/EventMAV/FRED/65.zip,2718,81.54622500000232,81.57622500000232,propeller_1,866,537,879,541,13,4,52,17,116,1963.5,4,1,0,1,1,1,0,0.9528640483963492,1,140.05329200153938
/Users/eolande/EventMAV/FRED/65.zip,2719,81.57622500000232,81.60622500000233,propeller_1,858,537,865,539,7,2,14,10,40,1632.0,3,1,0,1,0,1,0,0.9096471777535555,1,138.99775000027148
/Users/eolande/EventMAV/FRED/65.zip,2720,81.60622500000233,81.63622500000233,propeller_1,844,536,853,540,9,4,36,17,82,1453.5,4,1,0,1,1,1,0,0.9159234917964854,1,147.4351659999229
/Users/eolande/EventMAV/FRED/65.zip,2721,81.63622500000233,81.66622500000233,propeller_1,838,536,842,537,4,1,4,4,3,586.5,4,1,1,0,1,1,0,0.9522465678440252,1,149.14220799983013
/Users/eolande/EventMAV/FRED/65.zip,2723,81.69622500000233,81.72622500000233,propeller_2,811,534,813,537,2,3,6,5,17,433.5,3,1,0,1,0,1,0,0.9218460073029298,1,144.19524999539135
/Users/eolande/EventMAV/FRED/65.zip,2725,81.75622500000233,81.78622500000233,propeller_1,421,388,427,391,6,3,18,9,17,969.0,3,1,1,0,1,0,0,0.8590949514494874,1,135.2417919988511
/Users/eolande/EventMAV/FRED/65.zip,2726,81.78622500000233,81.81622500000233,propeller_1,428,388,435,391,7,3,21,11,21,1045.5,4,1,1,1,1,0,0,0.9462936209836843,1,135.95687499764608
/Users/eolande/EventMAV/FRED/65.zip,2728,81.84622500000233,81.87622500000234,propeller_2,444,388,448,391,4,3,12,10,16,816.0,3,1,1,0,1,0,0,0.9373235777564909,1,142.01079200574895
/Users/eolande/EventMAV/FRED/65.zip,2730,81.90622500000234,81.93622500000234,propeller_1,711,524,725,530,14,6,84,52,130,4462.5,5,1,1,1,1,1,0,0.8857132574983744,1,135.31549999606796
/Users/eolande/EventMAV/FRED/65.zip,2731,81.93622500000234,81.96622500000234,propeller_1,698,522,714,529,16,7,112,68,148,5482.5,5,1,1,1,1,1,0,0.9026950513938699,1,139.29620900307782
/Users/eolande/EventMAV/FRED/65.zip,2731,81.93622500000234,81.96622500000234,propeller_2,466,388,471,391,5,3,15,11,18,1147.5,4,1,0,1,1,1,0,0.8876225930277353,1,139.29620900307782
/Users/eolande/EventMAV/FRED/65.zip,2732,81.96622500000234,81.99622500000234,propeller_1,684,521,701,527,17,6,102,68,171,6171.0,5,1,1,1,1,1,0,0.9431196750366793,1,148.77708399581024
/Users/eolande/EventMAV/FRED/65.zip,2732,81.96622500000234,81.99622500000234,propeller_2,471,387,480,391,9,4,36,16,54,1504.5,5,1,1,1,1,1,0,0.8805663315128652,1,148.77708399581024
/Users/eolande/EventMAV/FRED/65.zip,2733,81.99622500000234,82.02622500000234,propeller_1,672,519,688,526,16,7,112,82,174,7216.5,5,1,1,1,1,1,0,0.9206383157870106,1,142.6385829981882
/Users/eolande/EventMAV/FRED/65.zip,2733,81.99622500000234,82.02622500000234,propeller_2,479,387,483,390,4,3,12,10,29,1071.0,4,1,0,1,1,1,0,0.9131753368710784,1,142.6385829981882
/Users/eolande/EventMAV/FRED/65.zip,2734,82.02622500000234,82.05622500000234,propeller_1,658,518,675,524,17,6,102,71,125,5329.5,6,1,1,1,1,1,1,0.9109109412742942,1,142.55783399858046
/Users/eolande/EventMAV/FRED/65.zip,2734,82.02622500000234,82.05622500000234,propeller_2,484,385,494,390,10,5,50,24,55,2014.5,5,1,1,1,1,1,0,0.8795498266075326,1,142.55783399858046
/Users/eolande/EventMAV/FRED/65.zip,2735,82.05622500000234,82.08622500000234,propeller_1,645,516,660,523,15,7,105,68,127,5686.5,4,1,0,1,1,1,0,0.9128104712680798,1,142.28754200303229
/Users/eolande/EventMAV/FRED/65.zip,2735,82.05622500000234,82.08622500000234,propeller_2,492,385,501,391,9,6,54,27,71,2346.0,3,1,1,0,0,1,0,0.899704214875622,1,142.28754200303229
/Users/eolande/EventMAV/FRED/65.zip,2736,82.08622500000234,82.11622500000234,propeller_1,633,515,648,521,15,6,90,72,131,6094.5,5,1,1,1,1,1,0,0.9092729110512693,1,139.66400000208523
/Users/eolande/EventMAV/FRED/65.zip,2736,82.08622500000234,82.11622500000234,propeller_2,497,385,507,391,10,6,60,25,63,2295.0,5,1,1,1,1,1,0,0.8459676792773729,1,139.66400000208523
/Users/eolande/EventMAV/FRED/65.zip,2737,82.11622500000234,82.14622500000235,propeller_1,620,513,636,519,16,6,96,60,99,4590.0,5,1,1,1,1,1,0,0.8979456489884332,1,136.68904199585086
/Users/eolande/EventMAV/FRED/65.zip,2737,82.11622500000234,82.14622500000235,propeller_2,505,385,515,393,10,8,80,34,75,2754.0,4,1,1,0,1,1,0,0.8845229179030873,1,136.68904199585086
/Users/eolande/EventMAV/FRED/65.zip,2738,82.14622500000235,82.17622500000235,propeller_1,607,512,622,518,15,6,90,51,103,4105.5,6,1,1,1,1,1,1,0.9183628563413637,1,138.81145799678052
/Users/eolande/EventMAV/FRED/65.zip,2738,82.14622500000235,82.17622500000235,propeller_2,511,385,521,393,10,8,80,37,87,3213.0,5,1,0,1,1,1,1,0.9117979289489144,1,138.81145799678052
/Users/eolande/EventMAV/FRED/65.zip,2739,82.17622500000235,82.20622500000235,propeller_1,595,510,608,516,13,6,78,45,86,3672.0,4,1,0,1,1,1,0,0.8925653500583806,1,137.32104199880268
/Users/eolande/EventMAV/FRED/65.zip,2739,82.17622500000235,82.20622500000235,propeller_2,517,386,527,392,10,6,60,35,76,2754.0,6,1,1,1,1,1,1,0.9064651776162762,1,137.32104199880268
/Users/eolande/EventMAV/FRED/65.zip,2740,82.20622500000235,82.23622500000235,propeller_1,585,509,594,514,9,5,45,21,47,2371.5,6,1,1,1,1,1,1,0.8756558804841026,1,139.02554100059206
/Users/eolande/EventMAV/FRED/65.zip,2740,82.20622500000235,82.23622500000235,propeller_2,523,386,532,391,9,5,45,19,43,1887.0,5,1,1,1,1,1,0,0.9513994754551276,1,139.02554100059206
/Users/eolande/EventMAV/FRED/65.zip,2741,82.23622500000235,82.26622500000235,propeller_1,569,507,582,513,13,6,78,34,74,2397.0,5,1,1,1,1,1,0,0.89047990250173,1,136.9152910046978
/Users/eolande/EventMAV/FRED/65.zip,2741,82.23622500000235,82.26622500000235,propeller_2,530,386,538,391,8,5,40,24,64,2040.0,6,1,1,1,1,1,1,0.9070705015372315,1,136.9152910046978
/Users/eolande/EventMAV/FRED/65.zip,2742,82.26622500000235,82.29622500000235,propeller_1,534,386,545,391,11,5,55,24,66,1938.0,5,1,1,1,1,1,0,0.8936060933862431,1,139.35858300101245
/Users/eolande/EventMAV/FRED/65.zip,2742,82.26622500000235,82.29622500000235,propeller_2,558,507,563,511,5,4,20,16,30,1198.5,4,1,0,1,1,1,0,0.8802480508254932,1,139.35858300101245
/Users/eolande/EventMAV/FRED/65.zip,2743,82.29622500000235,82.32622500000235,propeller_1,540,386,551,392,11,6,66,32,75,2754.0,6,1,1,1,1,1,1,0.8955802370054451,1,144.32045799912885
/Users/eolande/EventMAV/FRED/65.zip,2743,82.29622500000235,82.32622500000235,propeller_2,549,505,556,509,7,4,28,10,16,994.5,4,1,1,1,1,0,0,0.9218460073029298,1,144.32045799912885
/Users/eolande/EventMAV/FRED/65.zip,2744,82.32622500000235,82.35622500000235,propeller_1,548,386,554,393,6,7,42,25,55,2397.0,6,1,1,1,1,1,1,0.9417100176675878,1,140.24445800168905
/Users/eolande/EventMAV/FRED/65.zip,2745,82.35622500000235,82.38622500000236,propeller_1,551,388,559,392,8,4,32,14,53,1249.5,5,1,1,1,1,1,0,0.9754495543213766,1,140.12150000053225
/Users/eolande/EventMAV/FRED/65.zip,2746,82.38622500000236,82.41622500000236,propeller_1,557,386,566,393,9,7,63,33,68,2881.5,3,1,0,0,1,1,0,0.8447522826586942,1,145.21887499722652
/Users/eolande/EventMAV/FRED/65.zip,2747,82.41622500000236,82.44622500000236,propeller_1,562,388,570,393,8,5,40,27,64,3009.0,6,1,1,1,1,1,1,0.8844062376327242,1,139.92995899752714
/Users/eolande/EventMAV/FRED/65.zip,2748,82.44622500000236,82.47622500000236,propeller_1,567,387,574,393,7,6,42,28,71,2728.5,6,1,1,1,1,1,1,0.944687301239278,1,142.00629100378137
/Users/eolande/EventMAV/FRED/65.zip,2749,82.47622500000236,82.50622500000236,propeller_1,573,387,580,393,7,6,42,24,58,2116.5,5,1,1,1,1,1,0,0.9276599935478457,1,140.4369579977356
/Users/eolande/EventMAV/FRED/65.zip,2750,82.50622500000236,82.53622500000236,propeller_1,581,388,585,392,4,4,16,10,19,1020.0,5,1,1,1,1,1,0,0.8969362991203176,1,143.09837499604328
/Users/eolande/EventMAV/FRED/65.zip,2751,82.53622500000236,82.56622500000236,propeller_1,582,387,590,393,8,6,48,20,41,1810.5,4,1,1,1,1,0,0,0.8925945582034598,1,142.6997919988935
/Users/eolande/EventMAV/FRED/65.zip,2752,82.56622500000236,82.59622500000236,propeller_1,590,387,595,392,5,5,25,13,17,1045.5,3,1,1,0,1,0,0,0.8683455675874593,1,140.00458400550997
/Users/eolande/EventMAV/FRED/65.zip,2753,82.59622500000236,82.62622500000236,propeller_1,590,390,596,393,6,3,18,14,25,1377.0,4,1,1,1,1,0,0,0.9272154560392643,1,140.5034169947612
/Users/eolande/EventMAV/FRED/65.zip,2754,82.62622500000236,82.65622500000237,propeller_1,595,390,599,393,4,3,12,12,12,1122.0,3,1,1,0,1,0,0,0.9286577940999189,1,138.188375000027
/Users/eolande/EventMAV/FRED/65.zip,2755,82.65622500000237,82.68622500000237,propeller_2,604,388,607,391,3,3,9,9,14,969.0,4,1,1,1,1,0,0,0.8918629980230908,1,141.45787499728613
/Users/eolande/EventMAV/FRED/65.zip,2756,82.68622500000237,82.71622500000237,propeller_1,384,484,388,487,4,3,12,9,15,969.0,3,1,0,1,1,0,0,0.9109098610242969,1,145.01266700244742
/Users/eolande/EventMAV/FRED/65.zip,2756,82.68622500000237,82.71622500000237,propeller_2,606,388,609,391,3,3,9,9,14,892.5,4,1,1,1,1,0,0,0.8522704753609986,1,145.01266700244742
/Users/eolande/EventMAV/FRED/65.zip,2757,82.71622500000237,82.74622500000237,propeller_2,610,389,612,391,2,2,4,4,8,331.5,3,1,1,0,1,0,0,1.0,1,139.84625000011874
/Users/eolande/EventMAV/FRED/65.zip,2758,82.74622500000237,82.77622500000237,propeller_1,364,481,375,486,11,5,55,32,68,2652.0,4,1,1,0,1,1,0,0.8970929834908804,1,144.17812500323635
/Users/eolande/EventMAV/FRED/65.zip,2759,82.77622500000237,82.80622500000237,propeller_1,355,481,359,484,4,3,12,9,18,918.0,3,1,1,0,1,0,0,0.8810591780190327,1,147.10166700388072
/Users/eolande/EventMAV/FRED/65.zip,2763,82.89622500000237,82.92622500000238,propeller_1,311,475,321,479,10,4,40,16,50,1632.0,6,1,1,1,1,1,1,0.9432477619047496,1,152.64666699658846
/Users/eolande/EventMAV/FRED/65.zip,2764,82.92622500000238,82.95622500000238,propeller_1,299,473,305,477,6,4,24,16,26,1581.0,4,1,0,1,1,1,0,0.9308231334677195,1,139.48941700073192
/Users/eolande/EventMAV/FRED/65.zip,2765,82.95622500000238,82.98622500000238,propeller_1,289,472,303,477,14,5,70,26,59,1989.0,5,1,1,1,1,1,0,0.9017308617092672,1,151.66970899736043
/Users/eolande/EventMAV/FRED/65.zip,2766,82.98622500000238,83.01622500000238,propeller_1,281,471,286,474,5,3,15,13,38,1581.0,4,1,0,1,1,1,0,0.8962790308483316,1,135.74612500087824
/Users/eolande/EventMAV/FRED/65.zip,2767,83.01622500000238,83.04622500000238,propeller_1,271,469,278,473,7,4,28,20,67,2116.5,5,1,1,1,1,1,0,0.9206041455634355,1,138.51491699460894
/Users/eolande/EventMAV/FRED/65.zip,2768,83.04622500000238,83.07622500000238,propeller_1,262,468,273,472,11,4,44,39,116,4360.5,5,1,1,1,1,1,0,0.9351512397629169,1,137.52445800491842
/Users/eolande/EventMAV/FRED/65.zip,2769,83.07622500000238,83.10622500000238,propeller_1,253,467,266,473,13,6,78,55,186,6528.0,4,1,1,0,1,1,0,0.9446004673052303,1,136.13083299424034
/Users/eolande/EventMAV/FRED/65.zip,2770,83.10622500000238,83.13622500000238,propeller_1,245,466,255,471,10,5,50,34,107,3187.5,4,1,1,0,1,1,0,0.9085085412932044,1,135.83050000306685
/Users/eolande/EventMAV/FRED/65.zip,2771,83.13622500000238,83.16622500000238,propeller_1,237,466,247,470,10,4,40,34,105,3468.0,4,1,1,1,0,1,0,0.8896420898322244,1,139.20900000084657
/Users/eolande/EventMAV/FRED/65.zip,2772,83.16622500000238,83.19622500000239,propeller_1,231,465,239,470,8,5,40,27,106,2958.0,5,1,1,1,1,1,0,0.9430404367610674,1,144.57841699913843
/Users/eolande/EventMAV/FRED/65.zip,2773,83.19622500000239,83.22622500000239,propeller_1,223,464,231,469,8,5,40,29,91,3340.5,5,1,1,1,1,1,0,0.9397279090569607,1,139.5952090024366
/Users/eolande/EventMAV/FRED/65.zip,2774,83.22622500000239,83.25622500000239,propeller_1,216,463,225,468,9,5,45,30,84,2575.5,4,1,0,1,1,1,0,0.91158652995424,1,138.15395799610997
/Users/eolande/EventMAV/FRED/65.zip,2775,83.25622500000239,83.28622500000239,propeller_1,211,463,217,467,6,4,24,21,57,1836.0,4,1,1,1,0,1,0,0.9137598392056956,1,149.24691700434778
/Users/eolande/EventMAV/FRED/65.zip,2775,83.25622500000239,83.28622500000239,propeller_2,612,339,620,347,8,8,64,16,90,1632.0,4,1,0,1,1,1,0,0.8764444811512491,1,149.24691700434778
/Users/eolande/EventMAV/FRED/65.zip,2776,83.28622500000239,83.31622500000239,propeller_2,206,463,208,466,2,3,6,5,17,484.5,5,1,1,1,1,1,0,0.9587685623904562,1,141.3364170002751
/Users/eolande/EventMAV/FRED/65.zip,2777,83.31622500000239,83.34622500000239,propeller_2,198,463,203,466,5,3,15,13,30,892.5,5,1,1,1,1,1,0,0.8567933856233149,1,139.67912500083912
/Users/eolande/EventMAV/FRED/65.zip,2778,83.34622500000239,83.37622500000239,propeller_1,642,381,647,385,5,4,20,7,58,1683.0,3,1,0,0,1,1,0,0.9343515028253908,1,139.50904100056505
/Users/eolande/EventMAV/FRED/65.zip,2778,83.34622500000239,83.37622500000239,propeller_2,191,462,198,467,7,5,35,20,64,1581.0,4,1,1,0,1,1,0,0.8834926248262284,1,139.50904100056505
/Users/eolande/EventMAV/FRED/65.zip,2779,83.37622500000239,83.4062250000024,propeller_1,187,463,191,466,4,3,12,10,24,739.5,5,1,1,1,1,1,0,0.898873679731119,1,149.78079200227512
/Users/eolande/EventMAV/FRED/65.zip,2780,83.4062250000024,83.4362250000024,propeller_2,182,462,183,465,1,3,3,3,4,510.0,5,1,1,1,1,1,0,0.9550708478300836,1,166.98229200119385
/Users/eolande/EventMAV/FRED/65.zip,2781,83.4362250000024,83.4662250000024,propeller_3,178,462,183,465,5,3,15,11,40,1147.5,5,1,1,1,1,1,0,0.8667386007401345,1,246.5941250047763
/Users/eolande/EventMAV/FRED/65.zip,2782,83.4662250000024,83.4962250000024,propeller_2,173,462,178,465,5,3,15,12,39,892.5,4,1,1,1,0,1,0,0.895022527900418,1,160.35191700211726
/Users/eolande/EventMAV/FRED/65.zip,2783,83.4962250000024,83.5262250000024,propeller_2,170,462,173,465,3,3,9,8,27,1020.0,5,1,1,1,1,1,0,0.8927727520161425,1,146.470291998412
/Users/eolande/EventMAV/FRED/65.zip,2784,83.5262250000024,83.5562250000024,propeller_2,166,462,170,465,4,3,12,10,32,918.0,3,1,0,1,0,1,0,0.8774509984021127,1,159.61041600530734
/Users/eolande/EventMAV/FRED/65.zip,2785,83.5562250000024,83.5862250000024,propeller_3,164,462,167,465,3,3,9,9,29,1147.5,5,1,1,1,1,1,0,0.9176693372235368,1,161.05725000670645
/Users/eolande/EventMAV/FRED/65.zip,2786,83.5862250000024,83.6162250000024,propeller_3,159,460,164,465,5,5,25,17,81,1453.5,4,1,0,1,0,1,1,0.9144711331856696,1,154.8888750039623
/Users/eolande/EventMAV/FRED/65.zip,2787,83.6162250000024,83.6462250000024,propeller_3,158,460,162,465,4,5,20,14,43,1300.5,3,1,0,1,0,1,0,0.943107014599966,1,159.44524999940768
/Users/eolande/EventMAV/FRED/65.zip,2834,85.02622500000246,85.05622500000246,propeller_1,388,503,399,506,11,3,33,8,64,1428.0,5,1,1,1,1,1,0,0.932004056667153,1,146.6102080012206
/Users/eolande/EventMAV/FRED/65.zip,2835,85.05622500000246,85.08622500000246,propeller_1,399,502,410,505,11,3,33,15,62,1428.0,6,1,1,1,1,1,1,0.8656259231374059,1,147.78649999789195
/Users/eolande/EventMAV/FRED/65.zip,2836,85.08622500000246,85.11622500000246,propeller_1,412,502,417,505,5,3,15,8,28,1020.0,5,1,1,1,1,1,0,0.8759090568264758,1,145.8714170003077
/Users/eolande/EventMAV/FRED/65.zip,2837,85.11622500000246,85.14622500000246,propeller_1,427,501,433,505,6,4,24,12,57,1249.5,4,1,0,1,1,1,0,0.8876808127101254,1,150.51183399918955
/Users/eolande/EventMAV/FRED/65.zip,2838,85.14622500000246,85.17622500000246,propeller_1,441,502,445,504,4,2,8,6,21,765.0,4,1,0,1,1,1,0,0.9036416071014847,1,153.97291599947494
/Users/eolande/EventMAV/FRED/65.zip,2839,85.17622500000246,85.20622500000246,propeller_1,449,503,453,504,4,1,4,4,7,790.5,5,1,1,1,1,1,0,0.9348843260738693,1,146.53325000108453
/Users/eolande/EventMAV/FRED/65.zip,2840,85.20622500000246,85.23622500000246,propeller_1,461,504,466,507,5,3,15,6,39,1147.5,6,1,1,1,1,1,1,0.9039875680783849,1,146.04604199848836
/Users/eolande/EventMAV/FRED/65.zip,2841,85.23622500000246,85.26622500000246,propeller_2,476,506,478,508,2,2,4,3,11,510.0,5,1,1,1,1,1,0,0.9961721118595004,1,147.32654199906392
/Users/eolande/EventMAV/FRED/65.zip,2842,85.26622500000246,85.29622500000247,propeller_1,483,507,491,511,8,4,32,17,59,1326.0,4,1,0,1,1,1,0,0.9040430640971447,1,150.91279199987184
/Users/eolande/EventMAV/FRED/65.zip,2843,85.29622500000247,85.32622500000247,propeller_1,492,508,501,513,9,5,45,30,90,2677.5,4,1,0,1,1,1,0,0.8688843064638434,1,180.3595419987687
/Users/eolande/EventMAV/FRED/65.zip,2844,85.32622500000247,85.35622500000247,propeller_1,500,510,513,516,13,6,78,46,111,4921.5,4,1,0,1,1,1,0,0.9348836981950177,1,153.49983300257009
/Users/eolande/EventMAV/FRED/65.zip,2845,85.35622500000247,85.38622500000247,propeller_1,510,512,524,519,14,7,98,50,114,4309.5,5,1,1,1,1,1,0,0.9068106353548357,1,151.70066699647577
/Users/eolande/EventMAV/FRED/65.zip,2846,85.38622500000247,85.41622500000247,propeller_1,522,515,534,522,12,7,84,52,129,5584.5,4,1,0,1,1,1,0,0.9539180093241894,1,143.43433299654862
/Users/eolande/EventMAV/FRED/65.zip,2847,85.41622500000247,85.44622500000247,propeller_1,530,517,544,524,14,7,98,51,129,5125.5,5,1,1,1,1,1,0,0.9455720707521308,1,149.17387499735923
/Users/eolande/EventMAV/FRED/65.zip,2848,85.44622500000247,85.47622500000247,propeller_1,540,520,552,526,12,6,72,46,146,4360.5,5,1,1,1,1,1,0,0.9280826817385371,1,144.52541699574795
/Users/eolande/EventMAV/FRED/65.zip,2849,85.47622500000247,85.50622500000247,propeller_1,549,523,562,529,13,6,78,55,169,6324.0,5,1,1,1,1,1,0,0.948920462489277,1,146.85708400065778
/Users/eolande/EventMAV/FRED/65.zip,2850,85.50622500000247,85.53622500000247,propeller_1,559,525,572,532,13,7,91,54,176,5890.5,5,1,1,1,1,1,0,0.9443720518196158,1,146.12012499856064
/Users/eolande/EventMAV/FRED/65.zip,2851,85.53622500000247,85.56622500000248,propeller_1,568,528,580,534,12,6,72,50,120,5635.5,6,1,1,1,1,1,1,0.950605128057523,1,153.8044170010835
/Users/eolande/EventMAV/FRED/65.zip,2852,85.56622500000248,85.59622500000248,propeller_1,577,530,590,537,13,7,91,58,130,5584.5,5,1,1,1,1,1,0,0.9324451183466647,1,143.38845900056185
/Users/eolande/EventMAV/FRED/65.zip,2853,85.59622500000248,85.62622500000248,propeller_1,585,532,598,539,13,7,91,63,183,7344.0,4,1,1,0,1,1,0,0.9558882776757711,1,153.42675000283634
/Users/eolande/EventMAV/FRED/65.zip,2854,85.62622500000248,85.65622500000248,propeller_1,594,534,606,541,12,7,84,56,157,6859.5,5,1,1,1,1,1,0,0.9478510444258366,1,150.31529199768556
/Users/eolande/EventMAV/FRED/65.zip,2855,85.65622500000248,85.68622500000248,propeller_1,601,536,614,543,13,7,91,49,113,4360.5,6,1,1,1,1,1,1,0.9217027015879076,1,148.21108400064986
/Users/eolande/EventMAV/FRED/65.zip,2856,85.68622500000248,85.71622500000248,propeller_1,609,538,622,545,13,7,91,65,170,7038.0,6,1,1,1,1,1,1,0.9602365157989209,1,150.0868749935762
/Users/eolande/EventMAV/FRED/65.zip,2857,85.71622500000248,85.74622500000248,propeller_1,617,540,629,546,12,6,72,50,152,6094.5,5,1,1,1,1,1,0,0.9539085811201875,1,154.12958300294122
/Users/eolande/EventMAV/FRED/65.zip,2858,85.74622500000248,85.77622500000248,propeller_1,624,541,636,548,12,7,84,58,190,7293.0,5,1,1,1,1,1,0,0.9485316095192691,1,147.5734999985434
/Users/eolande/EventMAV/FRED/65.zip,2859,85.77622500000248,85.80622500000248,propeller_1,632,543,643,549,11,6,66,56,183,7369.5,5,1,1,1,1,1,0,0.9403963146676491,1,146.21008299582172
/Users/eolande/EventMAV/FRED/65.zip,2860,85.80622500000248,85.83622500000249,propeller_1,639,544,650,550,11,6,66,49,167,6451.5,5,1,1,1,1,1,0,0.9550797154318924,1,149.16779199847952
/Users/eolande/EventMAV/FRED/65.zip,2860,85.80622500000248,85.83622500000249,propeller_2,436,391,440,394,4,3,12,11,17,918.0,4,1,1,1,1,0,0,0.8863396739702646,1,149.16779199847952
/Users/eolande/EventMAV/FRED/65.zip,2861,85.83622500000249,85.86622500000249,propeller_1,645,545,654,550,9,5,45,37,115,5049.0,5,1,1,1,1,1,0,0.9491632212244109,1,143.12958299706224
/Users/eolande/EventMAV/FRED/65.zip,2862,85.86622500000249,85.89622500000249,propeller_1,653,546,660,551,7,5,35,29,102,3876.0,5,1,1,1,1,1,0,0.9650762462534023,1,151.06370800640434
/Users/eolande/EventMAV/FRED/65.zip,2863,85.89622500000249,85.92622500000249,propeller_1,658,546,669,552,11,6,66,53,150,6579.0,5,1,1,1,1,1,0,0.951609430969559,1,149.97579200280597
/Users/eolande/EventMAV/FRED/65.zip,2863,85.89622500000249,85.92622500000249,propeller_2,430,391,435,394,5,3,15,15,35,1989.0,4,1,1,1,1,0,0,0.9159041788651255,1,149.97579200280597
/Users/eolande/EventMAV/FRED/65.zip,2864,85.92622500000249,85.95622500000249,propeller_1,664,546,675,552,11,6,66,48,177,6783.0,5,1,1,1,1,1,0,0.9492589391971089,1,147.8572920022998
/Users/eolande/EventMAV/FRED/65.zip,2864,85.92622500000249,85.95622500000249,propeller_2,428,391,432,394,4,3,12,12,19,1530.0,4,1,1,1,1,0,0,0.9196402535698018,1,147.8572920022998
/Users/eolande/EventMAV/FRED/65.zip,2865,85.95622500000249,85.98622500000249,propeller_1,670,547,681,553,11,6,66,57,190,7318.5,6,1,1,1,1,1,1,0.9508711129323361,1,151.84583399968687
/Users/eolande/EventMAV/FRED/65.zip,2866,85.98622500000249,86.01622500000249,propeller_1,676,547,686,553,10,6,60,44,167,5431.5,5,1,1,1,1,1,0,0.9477274922791925,1,152.83083399845054
/Users/eolande/EventMAV/FRED/65.zip,2866,85.98622500000249,86.01622500000249,propeller_2,424,389,433,394,9,5,45,25,42,2626.5,4,1,1,1,1,0,0,0.7965968409893505,1,152.83083399845054
/Users/eolande/EventMAV/FRED/65.zip,2867,86.01622500000249,86.0462250000025,propeller_1,682,547,690,552,8,5,40,31,85,3468.0,6,1,1,1,1,1,1,0.929165106084422,1,146.53429100144422
/Users/eolande/EventMAV/FRED/65.zip,2868,86.0462250000025,86.0762250000025,propeller_1,689,548,698,553,9,5,45,36,81,3162.0,6,1,1,1,1,1,1,0.9145519129661508,1,149.50116699765204
/Users/eolande/EventMAV/FRED/65.zip,2869,86.0762250000025,86.1062250000025,propeller_1,693,548,703,553,10,5,50,28,73,2677.5,4,1,1,1,0,1,0,0.9616523887685497,1,157.7340829971945
/Users/eolande/EventMAV/FRED/65.zip,2870,86.1062250000025,86.1362250000025,propeller_1,700,549,707,553,7,4,28,22,66,2397.0,5,1,1,1,1,1,0,0.8801501719370881,1,162.5537079962669
/Users/eolande/EventMAV/FRED/65.zip,2871,86.1362250000025,86.1662250000025,propeller_1,704,547,714,553,10,6,60,38,90,3136.5,5,1,1,1,1,1,0,0.9149085285783394,1,192.2477499974775
/Users/eolande/EventMAV/FRED/65.zip,2872,86.1662250000025,86.1962250000025,propeller_1,709,547,716,552,7,5,35,30,76,3060.0,5,1,1,1,1,1,0,0.9533740658013008,1,168.18333399714902
/Users/eolande/EventMAV/FRED/65.zip,2873,86.1962250000025,86.2262250000025,propeller_1,713,547,721,553,8,6,48,30,79,3162.0,5,1,1,1,1,1,0,0.9484188461556462,1,161.5217090002261
/Users/eolande/EventMAV/FRED/65.zip,2874,86.2262250000025,86.2562250000025,propeller_1,719,547,729,552,10,5,50,38,100,3544.5,4,1,1,0,1,1,0,0.9067551032112975,1,177.48333400231786
/Users/eolande/EventMAV/FRED/65.zip,2875,86.2562250000025,86.2862250000025,propeller_1,724,546,734,552,10,6,60,51,128,6400.5,5,1,1,1,1,1,0,0.953501271613056,1,165.91345900087617
/Users/eolande/EventMAV/FRED/65.zip,2876,86.2862250000025,86.3162250000025,propeller_1,729,546,739,552,10,6,60,46,112,5329.5,4,1,1,0,1,1,0,0.9633397448903976,1,165.1543340049102
/Users/eolande/EventMAV/FRED/65.zip,2877,86.3162250000025,86.3462250000025,propeller_1,733,547,743,552,10,5,50,38,111,3621.0,5,1,1,1,1,1,0,0.9031168785632693,1,164.10924999945564
/Users/eolande/EventMAV/FRED/65.zip,2878,86.3462250000025,86.3762250000025,propeller_1,740,547,747,552,7,5,35,22,106,2652.0,5,1,1,1,1,1,0,0.9172371265436028,1,165.8341250004014
/Users/eolande/EventMAV/FRED/65.zip,2879,86.3762250000025,86.40622500000251,propeller_1,743,547,753,551,10,4,40,33,88,3162.0,5,1,1,1,1,1,0,0.8982945777798049,1,163.11970799870323
/Users/eolande/EventMAV/FRED/65.zip,2880,86.40622500000251,86.43622500000251,propeller_1,748,546,756,551,8,5,40,33,96,3901.5,6,1,1,1,1,1,1,0.9706881640204222,1,162.7563750007539
/Users/eolande/EventMAV/FRED/65.zip,2881,86.43622500000251,86.46622500000251,propeller_1,752,546,759,550,7,4,28,17,38,1581.0,3,1,1,0,0,1,0,0.8670585719522472,1,174.10716700396733
/Users/eolande/EventMAV/FRED/65.zip,2882,86.46622500000251,86.49622500000251,propeller_1,757,545,764,550,7,5,35,23,54,2295.0,3,1,1,0,0,1,0,0.9390130165539542,1,158.77150000596885
/Users/eolande/EventMAV/FRED/65.zip,2883,86.49622500000251,86.52622500000251,propeller_1,762,545,769,549,7,4,28,19,61,2116.5,3,1,0,1,0,1,0,0.9449210427969836,1,173.71024999738438
/Users/eolande/EventMAV/FRED/65.zip,2884,86.52622500000251,86.55622500000251,propeller_1,765,544,772,549,7,5,35,26,56,2397.0,6,1,1,1,1,1,1,0.9330582065086156,1,148.75050000409828
/Users/eolande/EventMAV/FRED/65.zip,2885,86.55622500000251,86.58622500000251,propeller_1,769,543,778,548,9,5,45,33,97,4258.5,5,1,1,1,1,1,0,0.9048445110920711,1,153.94170799845597
/Users/eolande/EventMAV/FRED/65.zip,2886,86.58622500000251,86.61622500000252,propeller_1,773,542,779,547,6,5,30,27,66,3009.0,5,1,1,0,1,1,1,0.9552701363578268,1,149.02833299856866
/Users/eolande/EventMAV/FRED/65.zip,2887,86.61622500000252,86.64622500000252,propeller_1,776,542,785,547,9,5,45,27,70,2830.5,4,1,1,0,1,1,0,0.9301857324541205,1,141.88750000175787
/Users/eolande/EventMAV/FRED/65.zip,2888,86.64622500000252,86.67622500000252,propeller_1,780,541,787,545,7,4,28,22,49,2397.0,4,1,1,0,1,1,0,0.9483372482132935,1,201.5180419984972
/Users/eolande/EventMAV/FRED/65.zip,2889,86.67622500000252,86.70622500000252,propeller_1,782,540,791,546,9,6,54,33,69,3034.5,4,1,0,1,1,1,0,0.9025984340974109,1,144.76187500258675
/Users/eolande/EventMAV/FRED/65.zip,2890,86.70622500000252,86.73622500000252,propeller_1,786,540,793,545,7,5,35,25,53,2575.5,4,1,1,0,1,1,0,0.9429882635468247,1,149.92008300032467
/Users/eolande/EventMAV/FRED/65.zip,2891,86.73622500000252,86.76622500000252,propeller_1,788,539,795,544,7,5,35,28,58,3111.0,5,1,1,1,1,1,0,0.8849739491367732,1,147.3907079998753
/Users/eolande/EventMAV/FRED/65.zip,2892,86.76622500000252,86.79622500000252,propeller_1,790,540,799,544,9,4,36,24,47,2065.5,3,1,1,0,0,1,0,0.8356355178182467,1,144.61670799937565
/Users/eolande/EventMAV/FRED/65.zip,2893,86.79622500000252,86.82622500000252,propeller_1,798,540,801,543,3,3,9,9,16,1147.5,4,1,1,1,1,0,0,0.9016815985768334,1,141.2297499991837
/Users/eolande/EventMAV/FRED/65.zip,2895,86.85622500000252,86.88622500000253,propeller_1,799,537,805,542,6,5,30,19,36,1555.5,3,1,1,1,0,0,0,0.9056512527233822,1,140.74479100236204
/Users/eolande/EventMAV/FRED/65.zip,2897,86.91622500000253,86.94622500000253,propeller_1,802,534,808,540,6,6,36,24,66,3060.0,4,1,0,1,1,1,0,0.9237055169498068,1,150.8391669995035
/Users/eolande/EventMAV/FRED/65.zip,2898,86.94622500000253,86.97622500000253,propeller_1,802,533,809,538,7,5,35,24,112,3595.5,6,1,1,1,1,1,1,0.9212898303076769,1,153.1487920001382
/Users/eolande/EventMAV/FRED/65.zip,2899,86.97622500000253,87.00622500000253,propeller_1,806,532,810,537,4,5,20,16,57,2422.5,3,1,1,0,0,1,0,0.9381920082711346,1,138.80404100200394
/Users/eolande/EventMAV/FRED/65.zip,2900,87.00622500000253,87.03622500000253,propeller_1,806,531,810,535,4,4,16,14,40,1555.5,3,1,1,0,0,1,0,0.9628846081858327,1,149.07962500001304
/Users/eolande/EventMAV/FRED/65.zip,2901,87.03622500000253,87.06622500000253,propeller_1,807,530,811,537,4,7,28,25,94,3825.0,4,1,1,0,1,1,0,0.9222707590613881,1,139.73358300427208
/Users/eolande/EventMAV/FRED/65.zip,2902,87.06622500000253,87.09622500000253,propeller_1,807,529,811,536,4,7,28,22,77,3264.0,5,1,0,1,1,1,1,0.9218001412643277,1,137.46600000013132
/Users/eolande/EventMAV/FRED/65.zip,2903,87.09622500000253,87.12622500000253,propeller_1,805,528,811,535,6,7,42,27,78,3213.0,5,1,1,0,1,1,1,0.9071828494094943,1,142.77633400342893
/Users/eolande/EventMAV/FRED/65.zip,2904,87.12622500000253,87.15622500000254,propeller_1,806,527,811,534,5,7,35,25,110,4539.0,4,1,1,0,1,1,0,0.9270445569440623,1,139.6781250005006
/Users/eolande/EventMAV/FRED/65.zip,2905,87.15622500000254,87.18622500000254,propeller_1,804,526,810,532,6,6,36,29,99,4003.5,5,1,1,1,1,1,0,0.9370660159578926,1,147.74329100328032
/Users/eolande/EventMAV/FRED/65.zip,2906,87.18622500000254,87.21622500000254,propeller_1,799,524,808,531,9,7,63,42,160,6528.0,5,1,1,1,1,1,0,0.8326495661347343,1,150.19470800325507
/Users/eolande/EventMAV/FRED/65.zip,2907,87.21622500000254,87.24622500000254,propeller_1,797,523,807,530,10,7,70,46,176,6298.5,4,1,0,1,1,1,0,0.8721406479596504,1,155.55208300065715
/Users/eolande/EventMAV/FRED/65.zip,2908,87.24622500000254,87.27622500000254,propeller_1,799,521,805,528,6,7,42,29,111,4258.5,5,1,0,1,1,1,1,0.9454039089596269,1,147.13020799536025
/Users/eolande/EventMAV/FRED/65.zip,2909,87.27622500000254,87.30622500000254,propeller_1,796,521,802,527,6,6,36,26,99,3519.0,5,1,1,1,0,1,1,0.9486442990067552,1,148.45412500289967
/Users/eolande/EventMAV/FRED/65.zip,2910,87.30622500000254,87.33622500000254,propeller_1,793,520,800,525,7,5,35,21,61,2626.5,5,1,1,1,1,1,0,0.9440441220127863,1,144.93679199949838
/Users/eolande/EventMAV/FRED/65.zip,2911,87.33622500000254,87.36622500000254,propeller_1,788,517,797,523,9,6,54,29,73,3264.0,5,1,1,1,1,1,0,0.93204039569672,1,142.42224999907194
/Users/eolande/EventMAV/FRED/65.zip,2912,87.36622500000254,87.39622500000254,propeller_1,785,514,794,521,9,7,63,38,90,3621.0,5,1,1,1,0,1,1,0.9219955461162096,1,141.0874579960364
/Users/eolande/EventMAV/FRED/65.zip,2913,87.39622500000254,87.42622500000255,propeller_1,781,513,790,519,9,6,54,41,86,3952.5,5,1,1,1,1,1,0,0.941768037374074,1,150.74279100372223
/Users/eolande/EventMAV/FRED/65.zip,2914,87.42622500000255,87.45622500000255,propeller_1,778,510,786,517,8,7,56,42,110,4972.5,5,1,1,1,1,1,0,0.9283139157051048,1,147.58724999410333
/Users/eolande/EventMAV/FRED/65.zip,2915,87.45622500000255,87.48622500000255,propeller_1,773,507,783,515,10,8,80,49,149,5865.0,6,1,1,1,1,1,1,0.9401249355093462,1,141.44579200365115
/Users/eolande/EventMAV/FRED/65.zip,2916,87.48622500000255,87.51622500000255,propeller_1,768,505,779,513,11,8,88,58,153,6426.0,5,1,1,1,0,1,1,0.9216380551348768,1,152.40620799886528
/Users/eolande/EventMAV/FRED/65.zip,2917,87.51622500000255,87.54622500000255,propeller_1,764,504,775,511,11,7,77,49,163,6834.0,5,1,1,1,1,1,0,0.9471204033853026,1,148.33591599744977
/Users/eolande/EventMAV/FRED/65.zip,2918,87.54622500000255,87.57622500000255,propeller_1,759,500,771,509,12,9,108,70,202,7471.5,6,1,1,1,1,1,1,0.9270697399857015,1,146.0389159983606
/Users/eolande/EventMAV/FRED/65.zip,2919,87.57622500000255,87.60622500000255,propeller_1,755,497,766,506,11,9,99,61,190,7216.5,5,1,1,1,1,1,0,0.9190495135566463,1,154.90287500142585
/Users/eolande/EventMAV/FRED/65.zip,2920,87.60622500000255,87.63622500000255,propeller_1,751,495,762,504,11,9,99,61,202,6706.5,6,1,1,1,1,1,1,0.9561066741780242,1,141.3362080056686
/Users/eolande/EventMAV/FRED/65.zip,2921,87.63622500000255,87.66622500000256,propeller_1,745,492,757,501,12,9,108,69,242,8262.0,4,1,0,1,1,1,0,0.8950215938587984,1,142.85187499626772
/Users/eolande/EventMAV/FRED/65.zip,2922,87.66622500000256,87.69622500000256,propeller_1,741,489,753,498,12,9,108,74,292,9358.5,6,1,1,1,1,1,1,0.933410391337125,1,152.3424580009305
/Users/eolande/EventMAV/FRED/65.zip,2923,87.69622500000256,87.72622500000256,propeller_1,735,486,748,495,13,9,117,85,449,11704.5,4,1,0,1,1,1,0,0.9395429921346686,1,150.90054200118175
/Users/eolande/EventMAV/FRED/65.zip,2924,87.72622500000256,87.75622500000256,propeller_1,730,483,743,493,13,10,130,89,497,12316.5,5,1,1,1,1,1,0,0.9398121892755944,1,142.33304200024577
/Users/eolande/EventMAV/FRED/65.zip,2925,87.75622500000256,87.78622500000256,propeller_1,725,480,738,490,13,10,130,90,514,12724.5,5,1,1,1,1,1,0,0.9443678221264247,1,145.75224999862257
/Users/eolande/EventMAV/FRED/65.zip,2926,87.78622500000256,87.81622500000256,propeller_1,720,477,733,487,13,10,130,91,442,11883.0,5,1,1,1,1,1,0,0.9457021667876024,1,148.23299999989104
/Users/eolande/EventMAV/FRED/65.zip,2927,87.81622500000256,87.84622500000256,propeller_1,715,474,728,484,13,10,130,91,468,12546.0,4,1,1,1,0,1,0,0.9436278835299252,1,192.1678750004503
/Users/eolande/EventMAV/FRED/65.zip,2928,87.84622500000256,87.87622500000256,propeller_1,710,471,723,480,13,9,117,91,475,12367.5,5,1,1,1,1,1,0,0.9411998288660195,1,154.9620000005234
/Users/eolande/EventMAV/FRED/65.zip,2929,87.87622500000256,87.90622500000256,propeller_1,705,467,718,477,13,10,130,92,476,12444.0,5,1,1,1,1,1,0,0.9289333412928256,1,149.23358400119469
/Users/eolande/EventMAV/FRED/65.zip,2930,87.90622500000256,87.93622500000257,propeller_1,700,464,713,474,13,10,130,91,421,12112.5,4,1,0,1,1,1,0,0.9283779832971893,1,137.45787500374718
/Users/eolande/EventMAV/FRED/65.zip,2931,87.93622500000257,87.96622500000257,propeller_1,695,461,708,470,13,9,117,85,384,11424.0,5,1,1,1,1,1,0,0.933890816247013,1,150.69041599781485
/Users/eolande/EventMAV/FRED/65.zip,2932,87.96622500000257,87.99622500000257,propeller_1,689,457,703,467,14,10,140,86,380,10965.0,5,1,1,1,1,1,0,0.9315492120172739,1,149.7880000024452
/Users/eolande/EventMAV/FRED/65.zip,2933,87.99622500000257,88.02622500000257,propeller_1,684,453,697,463,13,10,130,90,392,10990.5,5,1,1,1,1,1,0,0.9341982891120374,1,143.58275000267895
/Users/eolande/EventMAV/FRED/65.zip,2934,88.02622500000257,88.05622500000257,propeller_1,678,449,692,459,14,10,140,95,498,12393.0,5,1,1,1,1,1,0,0.9340917493065028,1,147.851959001855
/Users/eolande/EventMAV/FRED/65.zip,2935,88.05622500000257,88.08622500000257,propeller_1,673,445,686,456,13,11,143,97,568,13234.5,5,1,1,1,1,1,0,0.9321815644203908,1,144.49645899730967
/Users/eolande/EventMAV/FRED/65.zip,2936,88.08622500000257,88.11622500000257,propeller_1,668,442,682,452,14,10,140,100,605,13668.0,4,1,1,1,0,1,0,0.9368842032294653,1,140.57420800236287
/Users/eolande/EventMAV/FRED/65.zip,2937,88.11622500000257,88.14622500000257,propeller_1,662,439,676,449,14,10,140,100,624,13489.5,5,1,1,1,1,1,0,0.9385972276817482,1,150.70641700003762
/Users/eolande/EventMAV/FRED/65.zip,2938,88.14622500000257,88.17622500000257,propeller_1,657,435,671,446,14,11,154,105,708,14662.5,5,1,1,1,1,1,0,0.9415411827166956,1,144.3287500005681
/Users/eolande/EventMAV/FRED/65.zip,2939,88.17622500000257,88.20622500000258,propeller_1,652,432,666,442,14,10,140,101,715,14331.0,5,1,1,1,1,1,0,0.9326016171802396,1,147.3234160002903
/Users/eolande/EventMAV/FRED/65.zip,2940,88.20622500000258,88.23622500000258,propeller_1,647,428,661,440,14,12,168,98,695,14713.5,5,1,1,1,1,1,0,0.9318655479726372,1,142.4620830002823
/Users/eolande/EventMAV/FRED/65.zip,2941,88.23622500000258,88.26622500000258,propeller_1,643,426,656,436,13,10,130,87,581,13107.0,5,1,1,1,1,1,0,0.9227672055084348,1,147.02145800401922
/Users/eolande/EventMAV/FRED/65.zip,2942,88.26622500000258,88.29622500000258,propeller_1,638,423,651,434,13,11,143,95,498,12138.0,5,1,1,1,1,1,0,0.8928945989105229,1,141.98108299751766
/Users/eolande/EventMAV/FRED/65.zip,2943,88.29622500000258,88.32622500000258,propeller_1,634,420,646,431,12,11,132,85,444,11245.5,4,1,0,1,1,1,0,0.9060830697829577,1,142.2784579990548
/Users/eolande/EventMAV/FRED/65.zip,2944,88.32622500000258,88.35622500000258,propeller_1,630,418,642,429,12,11,132,80,427,10965.0,5,1,1,1,1,1,0,0.8744828927257284,1,146.04374999908032
/Users/eolande/EventMAV/FRED/65.zip,2945,88.35622500000258,88.38622500000258,propeller_1,625,416,637,427,12,11,132,80,446,10633.5,5,1,1,1,1,1,0,0.8735461059154475,1,143.11366699985228
/Users/eolande/EventMAV/FRED/65.zip,2946,88.38622500000258,88.41622500000258,propeller_1,622,414,634,425,12,11,132,79,437,11041.5,4,1,1,1,0,1,0,0.8430292362162543,1,143.17674999620067
/Users/eolande/EventMAV/FRED/65.zip,2947,88.41622500000258,88.44622500000258,propeller_1,619,413,630,423,11,10,110,69,330,9027.0,4,1,1,1,0,1,0,0.857356473965789,1,152.97124999779044
/Users/eolande/EventMAV/FRED/65.zip,2948,88.44622500000258,88.47622500000259,propeller_1,616,411,627,422,11,11,121,56,265,7905.0,5,1,1,1,1,1,0,0.8342104547111837,1,148.14416699664434
/Users/eolande/EventMAV/FRED/65.zip,2949,88.47622500000259,88.50622500000259,propeller_1,614,409,624,420,10,11,110,50,253,6349.5,4,1,0,1,1,1,0,0.916503576943857,1,142.13541700155474
/Users/eolande/EventMAV/FRED/65.zip,2950,88.50622500000259,88.53622500000259,propeller_1,613,408,623,419,10,11,110,40,236,7191.0,5,1,1,1,1,1,0,0.9208148021999134,1,144.7461249990738
/Users/eolande/EventMAV/FRED/65.zip,2951,88.53622500000259,88.56622500000259,propeller_1,612,407,622,417,10,10,100,34,132,4870.5,4,1,1,1,0,1,0,0.8883457907324919,1,147.28166600252734
/Users/eolande/EventMAV/FRED/65.zip,2952,88.56622500000259,88.59622500000259,propeller_1,612,406,622,417,10,11,110,41,163,5278.5,5,1,1,1,1,1,0,0.9036815413583588,1,142.91304200014565
/Users/eolande/EventMAV/FRED/65.zip,2953,88.59622500000259,88.62622500000259,propeller_1,613,404,624,415,11,11,121,59,184,6451.5,6,1,1,1,1,1,1,0.8791659518538169,1,142.6758749948931
/Users/eolande/EventMAV/FRED/65.zip,2954,88.62622500000259,88.65622500000259,propeller_1,615,402,624,413,9,11,99,47,166,4590.0,4,1,1,1,0,1,0,0.930896241339171,1,152.15120799985016
/Users/eolande/EventMAV/FRED/65.zip,2955,88.65622500000259,88.6862250000026,propeller_1,616,400,627,411,11,11,121,51,214,5431.5,6,1,1,1,1,1,1,0.9421867612332495,1,144.50591700006044
/Users/eolande/EventMAV/FRED/65.zip,2956,88.6862250000026,88.7162250000026,propeller_1,620,399,631,410,11,11,121,61,274,6426.0,5,1,1,1,1,1,0,0.958961479542114,1,143.99929199862527
/Users/eolande/EventMAV/FRED/65.zip,2957,88.7162250000026,88.7462250000026,propeller_1,623,398,634,408,11,10,110,62,248,6247.5,5,1,1,1,1,1,0,0.9216250082019346,1,143.99191700067604
/Users/eolande/EventMAV/FRED/65.zip,2958,88.7462250000026,88.7762250000026,propeller_1,629,396,640,407,11,11,121,68,309,6706.5,4,1,1,1,0,1,0,0.9479644632732735,1,148.60562499961816
/Users/eolande/EventMAV/FRED/65.zip,2959,88.7762250000026,88.8062250000026,propeller_1,634,395,647,406,13,11,143,68,345,7497.0,3,1,0,1,0,1,0,0.9506716335320543,1,145.93395900010364
/Users/eolande/EventMAV/FRED/65.zip,2960,88.8062250000026,88.8362250000026,propeller_1,642,392,654,403,12,11,132,75,317,7114.5,4,1,0,1,1,1,0,0.9245185784399319,1,145.82362499641022
/Users/eolande/EventMAV/FRED/65.zip,2961,88.8362250000026,88.8662250000026,propeller_1,650,393,663,404,13,11,143,77,318,6859.5,5,1,1,1,1,1,0,0.9255100785337276,1,144.1384999998263
/Users/eolande/EventMAV/FRED/65.zip,2962,88.8662250000026,88.8962250000026,propeller_1,657,389,674,401,17,12,204,86,397,6885.0,5,1,1,1,1,1,0,0.9016456026821897,1,205.60445899900515
/Users/eolande/EventMAV/FRED/65.zip,2963,88.8962250000026,88.9262250000026,propeller_1,668,387,682,399,14,12,168,65,392,6273.0,5,1,1,1,1,1,0,0.9286666522506335,1,153.5962079942692
/Users/eolande/EventMAV/FRED/65.zip,2964,88.9262250000026,88.9562250000026,propeller_1,679,386,697,400,18,14,252,121,692,10200.0,4,1,0,1,1,1,0,0.8948692340642355,1,148.93395800027065
/Users/eolande/EventMAV/FRED/65.zip,2965,88.9562250000026,88.9862250000026,propeller_1,691,384,711,397,20,13,260,118,930,10786.5,4,1,0,1,1,1,0,0.9293012587083814,1,147.26333299768157
/Users/eolande/EventMAV/FRED/65.zip,2966,88.9862250000026,89.0162250000026,propeller_1,705,382,728,398,23,16,368,173,1179,13617.0,3,1,0,1,0,1,0,0.8922614234543913,1,147.71091700094985
/Users/eolande/EventMAV/FRED/65.zip,2967,89.0162250000026,89.04622500000261,propeller_1,719,381,744,398,25,17,425,207,885,15759.0,5,1,1,1,1,1,0,0.8945094657076118,1,143.07025000016438
/Users/eolande/EventMAV/FRED/65.zip,2968,89.04622500000261,89.07622500000261,propeller_1,736,380,761,397,25,17,425,252,879,19533.0,5,1,1,1,1,1,0,0.8978569749182322,1,147.71820900205057
/Users/eolande/EventMAV/FRED/65.zip,2969,89.07622500000261,89.10622500000261,propeller_1,753,379,777,396,24,17,408,214,1322,18130.5,4,1,1,1,0,1,0,0.8714677656994378,1,155.32858399819816
/Users/eolande/EventMAV/FRED/65.zip,2970,89.10622500000261,89.13622500000261,propeller_1,773,376,799,393,26,17,442,209,1900,17289.0,4,1,0,1,1,1,0,0.8995826464571368,1,146.15233299991814
/Users/eolande/EventMAV/FRED/65.zip,2971,89.13622500000261,89.16622500000261,propeller_1,792,375,821,393,29,18,522,275,2153,21088.5,5,1,1,1,1,1,0,0.8787373232105896,1,142.42525000008754
/Users/eolande/EventMAV/FRED/65.zip,2972,89.16622500000261,89.19622500000261,propeller_1,814,375,842,391,28,16,448,347,2535,29044.5,4,1,0,1,1,1,0,0.918437802614114,1,166.43979199579917
/Users/eolande/EventMAV/FRED/65.zip,2973,89.19622500000261,89.22622500000261,propeller_1,836,373,867,391,31,18,558,394,3739,32002.5,4,1,0,1,1,1,0,0.9113039956448642,1,147.137042004033
/Users/eolande/EventMAV/FRED/65.zip,2974,89.22622500000261,89.25622500000262,propeller_1,861,373,892,390,31,17,527,346,2517,26800.5,4,1,0,1,1,1,0,0.8795911231328749,1,153.31575000163866
/Users/eolande/EventMAV/FRED/65.zip,2975,89.25622500000262,89.28622500000262,propeller_1,886,372,918,390,32,18,576,374,2649,30141.0,3,1,0,1,0,1,0,0.9047225252680424,1,151.87325000442797
/Users/eolande/EventMAV/FRED/65.zip,2975,89.25622500000262,89.28622500000262,propeller_2,312,365,316,368,4,3,12,7,20,739.5,4,1,1,1,0,1,0,0.8864558677454393,1,151.87325000442797
/Users/eolande/EventMAV/FRED/65.zip,2976,89.28622500000262,89.31622500000262,propeller_1,911,371,946,390,35,19,665,421,2894,35241.0,4,1,0,1,1,1,0,0.9096292674299054,1,147.77387500362238
/Users/eolande/EventMAV/FRED/65.zip,2976,89.28622500000262,89.31622500000262,propeller_2,314,363,318,367,4,4,16,10,26,1122.0,3,1,1,0,0,1,0,0.8795840621670268,1,147.77387500362238
/Users/eolande/EventMAV/FRED/65.zip,2977,89.31622500000262,89.34622500000262,propeller_1,938,371,974,391,36,20,720,451,3043,37893.0,4,1,0,1,1,1,0,0.9184050483448452,1,151.35695900244173
/Users/eolande/EventMAV/FRED/65.zip,2978,89.34622500000262,89.37622500000262,propeller_1,965,372,1004,391,39,19,741,434,3103,36975.0,3,1,0,1,0,1,0,0.9197931557896724,1,157.27754100225866
/Users/eolande/EventMAV/FRED/65.zip,2978,89.34622500000262,89.37622500000262,propeller_2,321,363,325,367,4,4,16,10,26,943.5,4,1,1,1,0,1,0,0.8982331989293697,1,157.27754100225866
/Users/eolande/EventMAV/FRED/65.zip,2979,89.37622500000262,89.40622500000262,propeller_1,995,373,1029,392,34,19,646,383,2933,33277.5,4,1,0,1,1,1,0,0.9128016589795352,1,143.97620799718425
/Users/eolande/EventMAV/FRED/65.zip,2979,89.37622500000262,89.40622500000262,propeller_2,323,363,329,365,6,2,12,8,22,918.0,5,1,1,1,1,1,0,0.9483178290770126,1,143.97620799718425
/Users/eolande/EventMAV/FRED/65.zip,2980,89.40622500000262,89.43622500000262,propeller_1,1023,374,1063,393,40,19,760,377,3057,32410.5,4,1,0,1,1,1,0,0.9028506349315334,1,142.9697089988622
/Users/eolande/EventMAV/FRED/65.zip,2980,89.40622500000262,89.43622500000262,propeller_2,329,362,332,365,3,3,9,6,21,561.0,3,1,1,0,0,1,0,0.9014933532960626,1,142.9697089988622
/Users/eolande/EventMAV/FRED/65.zip,2981,89.43622500000262,89.46622500000262,propeller_1,1053,376,1090,394,37,18,666,340,2898,30115.5,3,1,0,1,0,1,0,0.9129460463979524,1,152.095500001451
/Users/eolande/EventMAV/FRED/65.zip,2982,89.46622500000262,89.49622500000262,propeller_1,1083,378,1124,396,41,18,738,260,1873,23409.0,4,1,0,1,1,1,0,0.9053369219176456,1,151.251458999468
/Users/eolande/EventMAV/FRED/65.zip,2982,89.46622500000262,89.49622500000262,propeller_2,336,361,340,363,4,2,8,8,24,586.5,3,1,1,0,0,1,0,0.9317804935322006,1,151.251458999468
/Users/eolande/EventMAV/FRED/65.zip,2983,89.49622500000262,89.52622500000263,propeller_1,1114,380,1154,399,40,19,760,380,3021,34552.5,4,1,0,1,1,1,0,0.9114080076870719,1,141.52662500418955
/Users/eolande/EventMAV/FRED/65.zip,2983,89.49622500000262,89.52622500000263,propeller_2,340,360,343,362,3,2,6,5,17,688.5,4,1,1,1,0,1,0,0.9390747087945359,1,141.52662500418955
/Users/eolande/EventMAV/FRED/65.zip,2984,89.52622500000263,89.55622500000263,propeller_1,344,359,347,361,3,2,6,6,18,586.5,3,1,1,1,0,0,0,0.9232469928845978,1,146.24204199935775
/Users/eolande/EventMAV/FRED/65.zip,2985,89.55622500000263,89.58622500000263,propeller_1,347,358,352,361,5,3,15,10,33,1045.5,5,1,1,1,1,1,0,0.9066448860658953,1,154.9120839990792
/Users/eolande/EventMAV/FRED/65.zip,2987,89.61622500000263,89.64622500000263,propeller_2,354,357,358,359,4,2,8,8,20,790.5,3,1,1,0,0,1,0,0.9443004603032954,1,150.3742909990251
/Users/eolande/EventMAV/FRED/65.zip,2993,89.79622500000264,89.82622500000264,propeller_1,379,350,380,353,1,3,3,3,3,357.0,3,1,1,0,1,0,0,0.9338186795769122,1,148.7617919992772
/Users/eolande/EventMAV/FRED/65.zip,2995,89.85622500000264,89.88622500000264,propeller_1,383,348,386,351,3,3,9,9,15,841.5,4,1,1,0,1,1,0,0.8276878468591087,1,218.92604099411983
/Users/eolande/EventMAV/FRED/65.zip,2996,89.88622500000264,89.91622500000264,propeller_1,386,347,389,350,3,3,9,9,22,765.0,3,1,1,0,1,0,0,0.8892664272875113,1,150.70979200390866
/Users/eolande/EventMAV/FRED/65.zip,2997,89.91622500000264,89.94622500000264,propeller_1,387,346,391,349,4,3,12,12,25,1632.0,4,1,1,1,1,0,0,0.8954601630008021,1,148.00141600426286
/Users/eolande/EventMAV/FRED/65.zip,2999,89.97622500000264,90.00622500000264,propeller_1,392,344,395,347,3,3,9,9,8,510.0,4,1,1,1,1,0,0,0.8720173263267683,1,141.53733300190652
/Users/eolande/EventMAV/FRED/65.zip,3000,90.00622500000264,90.03622500000264,propeller_1,393,344,396,346,3,2,6,6,6,688.5,3,1,1,0,1,0,0,0.9338186795769123,1,140.2214580011787
/Users/eolande/EventMAV/FRED/65.zip,3004,90.12622500000265,90.15622500000265,propeller_1,389,341,399,347,10,6,60,18,33,1020.0,4,1,1,1,1,0,0,0.8720173263267683,1,148.36275000561727
/Users/eolande/EventMAV/FRED/65.zip,3006,90.18622500000265,90.21622500000265,propeller_1,389,340,400,345,11,5,55,23,43,2116.5,4,1,1,1,1,0,0,0.9055440072410724,1,144.17325000249548
/Users/eolande/EventMAV/FRED/65.zip,3007,90.21622500000265,90.24622500000265,propeller_1,388,340,401,344,13,4,52,25,46,2193.0,5,1,1,1,1,1,0,0.9250501689308834,1,145.88341699709417
/Users/eolande/EventMAV/FRED/65.zip,3008,90.24622500000265,90.27622500000265,propeller_1,388,339,401,343,13,4,52,21,33,1912.5,3,1,1,0,1,0,0,0.8891884601093201,1,153.87695800018264
/Users/eolande/EventMAV/FRED/65.zip,3010,90.30622500000266,90.33622500000266,propeller_1,389,337,401,342,12,5,60,17,39,1785.0,4,1,1,1,1,0,0,0.9125267771252908,1,143.40454200282693
/Users/eolande/EventMAV/FRED/65.zip,3011,90.33622500000266,90.36622500000266,propeller_1,389,335,400,342,11,7,77,23,38,1581.0,4,1,1,0,1,1,0,0.9040087779599096,1,148.32383299653884
/Users/eolande/EventMAV/FRED/65.zip,3012,90.36622500000266,90.39622500000266,propeller_1,390,335,397,340,7,5,35,13,23,918.0,4,1,1,1,1,0,0,0.9311507663123861,1,146.27320800354937
/Users/eolande/EventMAV/FRED/65.zip,3021,90.63622500000267,90.66622500000267,propeller_1,402,332,404,335,2,3,6,3,9,459.0,3,1,1,0,0,1,0,0.9966384877922068,1,157.49620900169248
/Users/eolande/EventMAV/FRED/65.zip,3023,90.69622500000267,90.72622500000267,propeller_1,404,330,411,336,7,6,42,15,43,1300.5,3,1,1,0,0,1,0,0.9470385903568915,1,144.93454200419364
/Users/eolande/EventMAV/FRED/65.zip,3024,90.72622500000267,90.75622500000267,propeller_1,407,332,409,334,2,2,4,3,7,535.5,3,1,1,0,0,1,0,0.9999977999153409,1,140.30274999822723
/Users/eolande/EventMAV/FRED/65.zip,3026,90.78622500000267,90.81622500000267,propeller_1,407,329,414,335,7,6,42,7,33,790.5,4,1,1,0,1,1,0,0.9669045787095873,1,151.92387500428595
/Users/eolande/EventMAV/FRED/65.zip,3027,90.81622500000267,90.84622500000268,propeller_1,410,330,416,336,6,6,36,13,28,918.0,4,1,1,0,1,1,0,0.9568751014000607,1,152.71950000169454
/Users/eolande/EventMAV/FRED/65.zip,3028,90.84622500000268,90.87622500000268,propeller_1,412,331,415,334,3,3,9,9,8,892.5,3,1,1,0,1,0,0,0.8564645054115927,1,154.78733299823944
/Users/eolande/EventMAV/FRED/65.zip,3031,90.93622500000268,90.96622500000268,propeller_1,424,338,427,341,3,3,9,5,21,739.5,4,1,1,0,1,1,0,0.9541857071561708,1,165.899209001509
/Users/eolande/EventMAV/FRED/65.zip,3032,90.96622500000268,90.99622500000268,propeller_1,428,340,430,343,2,3,6,4,11,535.5,3,1,1,1,0,0,0,0.9999930484554926,1,166.50920899701305
/Users/eolande/EventMAV/FRED/65.zip,3033,90.99622500000268,91.02622500000268,propeller_1,430,342,434,345,4,3,12,6,28,892.5,4,1,0,1,1,1,0,0.9067472365213461,1,167.81454200099688
/Users/eolande/EventMAV/FRED/65.zip,3034,91.02622500000268,91.05622500000268,propeller_2,436,345,439,348,3,3,9,5,21,739.5,6,1,1,1,1,1,1,0.8149647725062662,1,172.22308300551958
/Users/eolande/EventMAV/FRED/65.zip,3035,91.05622500000268,91.08622500000268,propeller_1,437,346,442,350,5,4,20,10,42,1428.0,4,1,0,1,1,1,0,0.9069138450316045,1,173.56508300144924
/Users/eolande/EventMAV/FRED/65.zip,3036,91.08622500000268,91.11622500000269,propeller_2,441,350,448,353,7,3,21,16,46,1351.5,5,1,1,1,1,1,0,0.8401193449548752,1,175.10700000275392
/Users/eolande/EventMAV/FRED/65.zip,3037,91.11622500000269,91.14622500000269,propeller_1,284,620,291,628,7,8,56,40,146,3468.0,4,1,0,1,1,1,0,0.918290781751776,1,175.7262079991051
/Users/eolande/EventMAV/FRED/65.zip,3037,91.11622500000269,91.14622500000269,propeller_2,439,349,453,357,14,8,112,29,97,2167.5,5,1,1,1,1,1,0,0.8863692906607035,1,175.7262079991051
/Users/eolande/EventMAV/FRED/65.zip,3038,91.14622500000269,91.17622500000269,propeller_1,279,619,286,627,7,8,56,32,147,2652.0,4,1,1,1,0,1,0,0.8546753506310677,1,167.32970799785107
/Users/eolande/EventMAV/FRED/65.zip,3038,91.14622500000269,91.17622500000269,propeller_2,446,352,457,359,11,7,77,21,83,1657.5,5,1,1,1,1,1,0,0.8714711248671314,1,167.32970799785107
/Users/eolande/EventMAV/FRED/65.zip,3039,91.17622500000269,91.20622500000269,propeller_1,276,620,280,626,4,6,24,13,42,1300.5,5,1,1,1,0,1,1,0.951835824738419,1,166.7901249966235
/Users/eolande/EventMAV/FRED/65.zip,3039,91.17622500000269,91.20622500000269,propeller_2,453,358,459,362,6,4,24,14,57,1198.5,4,1,0,1,1,1,0,0.9051407508542088,1,166.7901249966235
/Users/eolande/EventMAV/FRED/65.zip,3040,91.20622500000269,91.23622500000269,propeller_1,456,358,463,365,7,7,49,15,62,1479.0,5,1,1,1,1,1,0,0.897865384489144,1,173.59037500136765
/Users/eolande/EventMAV/FRED/65.zip,3041,91.23622500000269,91.26622500000269,propeller_1,459,360,474,370,15,10,150,32,128,2550.0,5,1,1,1,1,1,0,0.883444156260611,1,162.59454200189793
/Users/eolande/EventMAV/FRED/65.zip,3042,91.26622500000269,91.29622500000269,propeller_1,465,363,475,371,10,8,80,30,100,2677.5,5,1,1,1,1,1,0,0.8809668287236869,1,214.7027920000255
/Users/eolande/EventMAV/FRED/65.zip,3043,91.29622500000269,91.3262250000027,propeller_1,471,366,483,375,12,9,108,35,140,3901.5,4,1,1,1,0,1,0,0.874556305098925,1,155.84670900716446
/Users/eolande/EventMAV/FRED/65.zip,3044,91.3262250000027,91.3562250000027,propeller_1,476,368,492,378,16,10,160,64,205,6783.0,5,1,1,1,1,1,0,0.8891484090759731,1,152.37016700120876
/Users/eolande/EventMAV/FRED/65.zip,3045,91.3562250000027,91.3862250000027,propeller_1,481,371,498,379,17,8,136,51,187,4564.5,5,1,1,1,1,1,0,0.9560657408485469,1,151.06974999798695
/Users/eolande/EventMAV/FRED/65.zip,3045,91.3562250000027,91.3862250000027,propeller_2,283,620,290,628,7,8,56,30,109,3111.0,4,1,1,1,0,1,0,0.9097431786323522,1,151.06974999798695
/Users/eolande/EventMAV/FRED/65.zip,3046,91.3862250000027,91.4162250000027,propeller_1,491,373,502,381,11,8,88,43,150,4768.5,4,1,1,1,0,1,0,0.9310130821140337,1,154.5034580049105
/Users/eolande/EventMAV/FRED/65.zip,3046,91.3862250000027,91.4162250000027,propeller_2,285,621,292,630,7,9,63,31,107,2907.0,4,1,1,1,0,1,0,0.902016497427694,1,154.5034580049105
/Users/eolande/EventMAV/FRED/65.zip,3047,91.4162250000027,91.4462250000027,propeller_1,496,374,509,382,13,8,104,46,128,4182.0,3,1,0,1,0,1,0,0.9026442882699632,1,147.26112500648014
/Users/eolande/EventMAV/FRED/65.zip,3047,91.4162250000027,91.4462250000027,propeller_2,288,623,293,631,5,8,40,20,52,1708.5,3,1,1,0,0,1,0,0.9072337075993702,1,147.26112500648014
/Users/eolande/EventMAV/FRED/65.zip,3048,91.4462250000027,91.4762250000027,propeller_1,505,375,518,385,13,10,130,52,146,5125.5,4,1,0,1,1,1,0,0.9428961378714861,1,146.896584003116
/Users/eolande/EventMAV/FRED/65.zip,3049,91.4762250000027,91.5062250000027,propeller_2,512,377,527,385,15,8,120,58,166,5635.5,4,1,0,1,1,1,0,0.9493943489162343,1,143.99854200019035
/Users/eolande/EventMAV/FRED/65.zip,3050,91.5062250000027,91.5362250000027,propeller_1,808,599,827,607,19,8,152,79,242,6451.5,5,1,1,1,1,1,0,0.8880808941087271,1,153.12708300189115
/Users/eolande/EventMAV/FRED/65.zip,3050,91.5062250000027,91.5362250000027,propeller_2,522,380,536,387,14,7,98,54,155,5023.5,4,1,1,1,0,1,0,0.8907912478167748,1,153.12708300189115
/Users/eolande/EventMAV/FRED/65.zip,3050,91.5062250000027,91.5362250000027,propeller_3,291,625,293,629,2,4,8,5,13,561.0,3,1,1,0,0,1,0,0.9016610408734407,1,153.12708300189115
/Users/eolande/EventMAV/FRED/65.zip,3051,91.5362250000027,91.5662250000027,propeller_1,792,597,812,606,20,9,180,102,267,8007.0,4,1,0,1,1,1,0,0.9066292505125404,1,150.91533299710136
/Users/eolande/EventMAV/FRED/65.zip,3051,91.5362250000027,91.5662250000027,propeller_2,535,382,545,387,10,5,50,33,148,2601.0,3,1,0,1,0,1,0,0.8617063163085077,1,150.91533299710136
/Users/eolande/EventMAV/FRED/65.zip,3052,91.5662250000027,91.5962250000027,propeller_1,777,596,794,604,17,8,136,80,217,6273.0,5,1,1,1,1,1,0,0.8858789485500559,1,144.61404200119432
/Users/eolande/EventMAV/FRED/65.zip,3052,91.5662250000027,91.5962250000027,propeller_2,541,381,554,387,13,6,78,31,139,3034.5,4,1,0,1,1,1,0,0.9047497835674195,1,144.61404200119432
/Users/eolande/EventMAV/FRED/65.zip,3053,91.5962250000027,91.6262250000027,propeller_1,760,594,778,602,18,8,144,65,198,5508.0,5,1,1,1,1,1,0,0.9067113286881118,1,140.76762499462347
/Users/eolande/EventMAV/FRED/65.zip,3053,91.5962250000027,91.6262250000027,propeller_2,551,382,567,387,16,5,80,60,198,5253.0,4,1,0,1,1,1,0,0.8745930008146383,1,140.76762499462347
/Users/eolande/EventMAV/FRED/65.zip,3054,91.6262250000027,91.6562250000027,propeller_1,563,380,579,388,16,8,128,55,267,4972.5,4,1,1,1,0,1,0,0.8802051481573205,1,147.34145799593534
/Users/eolande/EventMAV/FRED/65.zip,3054,91.6262250000027,91.6562250000027,propeller_2,743,594,755,599,12,5,60,36,124,2779.5,4,1,0,1,1,1,0,0.8610207543266041,1,147.34145799593534
/Users/eolande/EventMAV/FRED/65.zip,3054,91.6262250000027,91.6562250000027,propeller_4,57,568,60,569,3,1,3,3,2,663.0,4,1,1,0,0,1,1,0.8811315717103659,1,147.34145799593534
/Users/eolande/EventMAV/FRED/65.zip,3055,91.6562250000027,91.68622500000271,propeller_1,571,378,596,387,25,9,225,125,530,11755.5,4,1,1,1,0,1,0,0.8761819576115879,1,147.66729200346163
/Users/eolande/EventMAV/FRED/65.zip,3055,91.6562250000027,91.68622500000271,propeller_2,727,593,739,597,12,4,48,17,115,2371.5,5,1,1,1,1,1,0,0.9384121555677661,1,147.66729200346163
/Users/eolande/EventMAV/FRED/65.zip,3056,91.68622500000271,91.71622500000271,propeller_1,581,376,608,386,27,10,270,175,700,17034.0,4,1,1,1,0,1,0,0.8760950842573113,1,141.65325000067241
/Users/eolande/EventMAV/FRED/65.zip,3056,91.68622500000271,91.71622500000271,propeller_2,711,591,726,595,15,4,60,23,87,2167.5,5,1,0,1,1,1,1,0.9184245312887964,1,141.65325000067241
/Users/eolande/EventMAV/FRED/65.zip,3057,91.71622500000271,91.74622500000271,propeller_1,590,373,617,385,27,12,324,185,710,16983.0,4,1,0,1,1,1,0,0.8757683660149016,1,140.899083999102
/Users/eolande/EventMAV/FRED/65.zip,3057,91.71622500000271,91.74622500000271,propeller_2,693,585,705,593,12,8,96,18,87,2371.5,6,1,1,1,1,1,1,0.9081378857382756,1,140.899083999102
/Users/eolande/EventMAV/FRED/65.zip,3058,91.74622500000271,91.77622500000271,propeller_1,600,370,627,384,27,14,378,190,737,16983.0,5,1,1,1,1,1,0,0.8797954004584435,1,141.72066700120922
/Users/eolande/EventMAV/FRED/65.zip,3058,91.74622500000271,91.77622500000271,propeller_2,679,585,693,592,14,7,98,54,143,4564.5,5,1,1,1,1,1,0,0.8761737338731037,1,141.72066700120922
/Users/eolande/EventMAV/FRED/65.zip,3059,91.77622500000271,91.80622500000271,propeller_1,612,367,637,381,25,14,350,201,732,18666.0,5,1,1,1,1,1,0,0.8484179096812927,1,138.11524999618996
/Users/eolande/EventMAV/FRED/65.zip,3059,91.77622500000271,91.80622500000271,propeller_2,658,583,677,589,19,6,114,31,171,3748.5,6,1,1,1,1,1,1,0.9026379583407698,1,138.11524999618996
/Users/eolande/EventMAV/FRED/65.zip,3060,91.80622500000271,91.83622500000271,propeller_1,621,363,645,377,24,14,336,192,713,18130.5,5,1,1,1,1,1,0,0.8539783296324109,1,136.64937500288943
/Users/eolande/EventMAV/FRED/65.zip,3060,91.80622500000271,91.83622500000271,propeller_2,642,579,661,587,19,8,152,89,160,7089.0,6,1,1,1,1,1,1,0.8917420989954709,1,136.64937500288943
/Users/eolande/EventMAV/FRED/65.zip,3061,91.83622500000271,91.86622500000271,propeller_1,630,360,657,375,27,15,405,208,715,18717.0,3,1,1,0,0,1,0,0.8493415970914944,1,145.51454199681757
/Users/eolande/EventMAV/FRED/65.zip,3061,91.83622500000271,91.86622500000271,propeller_2,626,578,643,585,17,7,119,70,158,6171.0,6,1,1,1,1,1,1,0.9067454116992222,1,145.51454199681757
/Users/eolande/EventMAV/FRED/65.zip,3062,91.86622500000271,91.89622500000272,propeller_1,639,356,665,371,26,15,390,205,785,20323.5,5,1,1,1,1,1,0,0.8407040058027789,1,139.18604100035736
/Users/eolande/EventMAV/FRED/65.zip,3062,91.86622500000271,91.89622500000272,propeller_2,610,576,627,583,17,7,119,75,145,5406.0,5,1,0,1,1,1,1,0.9051113488879694,1,139.18604100035736
/Users/eolande/EventMAV/FRED/65.zip,3063,91.89622500000272,91.92622500000272,propeller_1,647,351,673,368,26,17,442,227,850,22873.5,5,1,1,1,1,1,0,0.8410490811014346,1,145.4304590006359
/Users/eolande/EventMAV/FRED/65.zip,3063,91.89622500000272,91.92622500000272,propeller_2,595,574,609,581,14,7,98,33,128,3850.5,5,1,1,1,0,1,1,0.8831432123922318,1,145.4304590006359
/Users/eolande/EventMAV/FRED/65.zip,3064,91.92622500000272,91.95622500000272,propeller_1,656,347,682,364,26,17,442,227,842,21904.5,4,1,0,1,1,1,0,0.8312601627919534,1,144.8403340036748
/Users/eolande/EventMAV/FRED/65.zip,3064,91.92622500000272,91.95622500000272,propeller_2,576,574,580,578,4,4,16,11,19,943.5,4,1,0,1,1,1,0,0.8701082357469654,1,144.8403340036748
/Users/eolande/EventMAV/FRED/65.zip,3065,91.95622500000272,91.98622500000272,propeller_1,664,343,689,360,25,17,425,195,747,19329.0,5,1,1,1,1,1,0,0.8502219644145497,1,146.4643340004841
/Users/eolande/EventMAV/FRED/65.zip,3065,91.95622500000272,91.98622500000272,propeller_2,562,569,577,576,15,7,105,31,79,3111.0,6,1,1,1,1,1,1,0.8897475118518251,1,146.4643340004841
/Users/eolande/EventMAV/FRED/65.zip,3066,91.98622500000272,92.01622500000272,propeller_1,673,338,695,355,22,17,374,205,761,19303.5,5,1,1,1,1,1,0,0.8218881478559037,1,143.43725000071572
/Users/eolande/EventMAV/FRED/65.zip,3066,91.98622500000272,92.01622500000272,propeller_2,543,568,549,571,6,3,18,13,18,1606.5,5,1,0,1,1,1,1,0.8429864647654776,1,143.43725000071572
/Users/eolande/EventMAV/FRED/65.zip,3067,92.01622500000272,92.04622500000272,propeller_1,681,334,703,351,22,17,374,203,723,20017.5,5,1,1,1,1,1,0,0.8254649084504402,1,142.80404199962504
/Users/eolande/EventMAV/FRED/65.zip,3067,92.01622500000272,92.04622500000272,propeller_2,527,566,537,570,10,4,40,26,51,2397.0,3,1,0,0,1,1,0,0.9060932822970503,1,142.80404199962504
/Users/eolande/EventMAV/FRED/65.zip,3068,92.04622500000272,92.07622500000272,propeller_1,687,330,710,347,23,17,391,188,708,17544.0,4,1,1,1,0,1,0,0.8131296672765167,1,143.34141699509928
/Users/eolande/EventMAV/FRED/65.zip,3068,92.04622500000272,92.07622500000272,propeller_2,514,564,528,569,14,5,70,24,75,2397.0,5,1,1,1,1,1,0,0.8995666120632998,1,143.34141699509928
/Users/eolande/EventMAV/FRED/65.zip,3069,92.07622500000272,92.10622500000272,propeller_1,693,325,717,343,24,18,432,195,745,19762.5,5,1,1,1,1,1,0,0.8149960437531819,1,141.26191600371385
/Users/eolande/EventMAV/FRED/65.zip,3069,92.07622500000272,92.10622500000272,propeller_2,496,562,510,568,14,6,84,43,100,3901.5,3,1,0,0,1,1,0,0.8799252064756967,1,141.26191600371385
/Users/eolande/EventMAV/FRED/65.zip,3070,92.10622500000272,92.13622500000272,propeller_1,700,321,722,339,22,18,396,194,715,19303.5,4,1,0,1,1,1,0,0.8379522964301078,1,138.1778340000892
/Users/eolande/EventMAV/FRED/65.zip,3070,92.10622500000272,92.13622500000272,propeller_2,483,560,493,565,10,5,50,33,61,3289.5,4,1,0,1,1,1,0,0.8787058824141809,1,138.1778340000892
/Users/eolande/EventMAV/FRED/65.zip,3071,92.13622500000272,92.16622500000273,propeller_1,707,318,729,335,22,17,374,185,702,18513.0,5,1,1,1,1,1,0,0.8217768158456691,1,142.48187500197673
/Users/eolande/EventMAV/FRED/65.zip,3071,92.13622500000272,92.16622500000273,propeller_2,474,559,482,563,8,4,32,26,36,2346.0,5,1,1,1,1,1,0,0.887113313048016,1,142.48187500197673
/Users/eolande/EventMAV/FRED/65.zip,3072,92.16622500000273,92.19622500000273,propeller_1,713,314,735,333,22,19,418,203,710,19048.5,5,1,1,1,1,1,0,0.8334461626070461,1,147.5213750018156
/Users/eolande/EventMAV/FRED/65.zip,3072,92.16622500000273,92.19622500000273,propeller_2,450,557,466,562,16,5,80,58,108,4564.5,4,1,0,0,1,1,1,0.8974791323842826,1,147.5213750018156
/Users/eolande/EventMAV/FRED/65.zip,3073,92.19622500000273,92.22622500000273,propeller_1,718,310,741,329,23,19,437,204,735,19635.0,4,1,0,1,1,1,0,0.8242563851016731,1,139.87770800304133
/Users/eolande/EventMAV/FRED/65.zip,3073,92.19622500000273,92.22622500000273,propeller_2,434,555,451,561,17,6,102,48,191,4258.5,6,1,1,1,1,1,1,0.9072058529878585,1,139.87770800304133
/Users/eolande/EventMAV/FRED/65.zip,3074,92.22622500000273,92.25622500000273,propeller_1,724,308,747,327,23,19,437,224,798,22695.0,5,1,1,1,1,1,0,0.8131073839370899,1,144.93458299693884
/Users/eolande/EventMAV/FRED/65.zip,3074,92.22622500000273,92.25622500000273,propeller_2,420,553,436,560,16,7,112,68,259,6451.5,5,1,1,1,1,1,0,0.8849658559046119,1,144.93458299693884
/Users/eolande/EventMAV/FRED/65.zip,3075,92.25622500000273,92.28622500000273,propeller_1,730,306,753,324,23,18,414,260,990,28636.5,5,1,1,1,1,1,0,0.8082387171439012,1,150.2630000031786
/Users/eolande/EventMAV/FRED/65.zip,3075,92.25622500000273,92.28622500000273,propeller_2,406,552,421,558,15,6,90,34,163,3085.5,5,1,1,1,1,1,0,0.9009079222658762,1,150.2630000031786
/Users/eolande/EventMAV/FRED/65.zip,3076,92.28622500000273,92.31622500000273,propeller_1,735,303,759,323,24,20,480,278,1071,32232.0,3,1,0,0,1,1,0,0.8268423966852212,1,139.0893749994575
/Users/eolande/EventMAV/FRED/65.zip,3076,92.28622500000273,92.31622500000273,propeller_2,394,550,407,557,13,7,91,53,156,4309.5,6,1,1,1,1,1,1,0.8806814794320283,1,139.0893749994575
/Users/eolande/EventMAV/FRED/65.zip,3077,92.31622500000273,92.34622500000273,propeller_1,740,302,764,320,24,18,432,278,1175,35521.5,5,1,1,1,1,1,0,0.8244891702343842,1,144.68808400124544
/Users/eolande/EventMAV/FRED/65.zip,3077,92.31622500000273,92.34622500000273,propeller_2,378,550,393,555,15,5,75,26,159,2575.5,5,1,1,1,1,1,0,0.8808492367860797,1,144.68808400124544
/Users/eolande/EventMAV/FRED/65.zip,3078,92.34622500000273,92.37622500000273,propeller_1,745,300,770,319,25,19,475,306,1416,41514.0,4,1,1,0,1,1,0,0.8427904992537343,1,146.01699999911943
/Users/eolande/EventMAV/FRED/65.zip,3078,92.34622500000273,92.37622500000273,propeller_2,365,547,379,553,14,6,84,69,206,6706.5,5,1,1,1,1,1,0,0.9060291816284854,1,146.01699999911943
/Users/eolande/EventMAV/FRED/65.zip,3079,92.37622500000273,92.40622500000273,propeller_1,750,299,777,318,27,19,513,320,1640,45798.0,3,1,0,0,1,1,0,0.8601325622539552,1,141.6104579984676
/Users/eolande/EventMAV/FRED/65.zip,3079,92.37622500000273,92.40622500000273,propeller_2,352,545,369,552,17,7,119,77,254,6834.0,6,1,1,1,1,1,1,0.9193385239823832,1,141.6104579984676
/Users/eolande/EventMAV/FRED/65.zip,3080,92.40622500000273,92.43622500000274,propeller_1,755,298,784,317,29,19,551,334,1746,46971.0,5,1,1,1,1,1,0,0.8285307372194375,1,142.79808300489094
/Users/eolande/EventMAV/FRED/65.zip,3080,92.40622500000273,92.43622500000274,propeller_2,339,544,356,550,17,6,102,71,242,6324.0,4,1,0,1,1,1,0,0.9298747414930926,1,142.79808300489094
/Users/eolande/EventMAV/FRED/65.zip,3081,92.43622500000274,92.46622500000274,propeller_1,760,296,789,316,29,20,580,341,1867,50260.5,5,1,1,1,1,1,0,0.8258889224839565,1,142.12933400267502
/Users/eolande/EventMAV/FRED/65.zip,3081,92.43622500000274,92.46622500000274,propeller_2,327,542,340,548,13,6,78,51,173,4156.5,5,1,0,1,1,1,1,0.9009461724700021,1,142.12933400267502
/Users/eolande/EventMAV/FRED/65.zip,3082,92.46622500000274,92.49622500000274,propeller_1,766,295,797,315,31,20,620,361,2040,54289.5,5,1,1,1,1,1,0,0.8253403438326331,1,140.08950000425102
/Users/eolande/EventMAV/FRED/65.zip,3082,92.46622500000274,92.49622500000274,propeller_2,316,540,329,546,13,6,78,64,205,5865.0,5,1,1,1,1,1,0,0.9091423541326645,1,140.08950000425102
/Users/eolande/EventMAV/FRED/65.zip,3083,92.49622500000274,92.52622500000274,propeller_1,771,294,803,315,32,21,672,368,2150,57349.5,5,1,1,1,1,1,0,0.8271286542959683,1,147.76670900027966
/Users/eolande/EventMAV/FRED/65.zip,3083,92.49622500000274,92.52622500000274,propeller_2,304,538,319,545,15,7,105,79,282,7267.5,5,1,0,1,1,1,1,0.9255963217794496,1,147.76670900027966
/Users/eolande/EventMAV/FRED/65.zip,3084,92.52622500000274,92.55622500000274,propeller_1,777,294,806,314,29,20,580,361,2198,58777.5,5,1,1,1,1,1,0,0.828412868606428,1,144.09083299688064
/Users/eolande/EventMAV/FRED/65.zip,3084,92.52622500000274,92.55622500000274,propeller_2,293,536,308,544,15,8,120,86,475,10659.0,4,1,0,1,1,1,0,0.9418208311869979,1,144.09083299688064
/Users/eolande/EventMAV/FRED/65.zip,3085,92.55622500000274,92.58622500000274,propeller_1,782,293,812,313,30,20,600,366,2292,61812.0,4,1,0,1,1,1,0,0.8437384809612531,1,137.70441599626793
/Users/eolande/EventMAV/FRED/65.zip,3085,92.55622500000274,92.58622500000274,propeller_2,283,535,299,543,16,8,128,87,300,9460.5,3,1,0,0,1,1,0,0.9317304359509654,1,137.70441599626793
/Users/eolande/EventMAV/FRED/65.zip,3086,92.58622500000274,92.61622500000274,propeller_1,789,292,820,313,31,21,651,365,2269,59185.5,4,1,0,1,1,1,0,0.8282484488651314,1,142.66166699962923
/Users/eolande/EventMAV/FRED/65.zip,3086,92.58622500000274,92.61622500000274,propeller_2,272,534,286,540,14,6,84,61,182,4921.5,6,1,1,1,1,1,1,0.9039250538424174,1,142.66166699962923
/Users/eolande/EventMAV/FRED/65.zip,3087,92.61622500000274,92.64622500000274,propeller_1,795,292,825,312,30,20,600,373,2220,59262.0,4,1,1,0,1,1,0,0.8309700479242512,1,141.66162499896018
/Users/eolande/EventMAV/FRED/65.zip,3087,92.61622500000274,92.64622500000274,propeller_2,263,532,275,539,12,7,84,56,202,5482.5,4,1,0,1,0,1,1,0.9330708996591975,1,141.66162499896018
/Users/eolande/EventMAV/FRED/65.zip,3088,92.64622500000274,92.67622500000274,propeller_1,801,291,830,311,29,20,580,362,2158,58216.5,4,1,0,1,1,1,0,0.8321429360723742,1,139.77391600201372
/Users/eolande/EventMAV/FRED/65.zip,3088,92.64622500000274,92.67622500000274,propeller_2,255,531,265,537,10,6,60,38,118,3519.0,6,1,1,1,1,1,1,0.9061054863499847,1,139.77391600201372
/Users/eolande/EventMAV/FRED/65.zip,3089,92.67622500000274,92.70622500000275,propeller_1,807,291,838,311,31,20,620,350,1997,54366.0,4,1,0,1,1,1,0,0.8230896488208852,1,140.74129200162133
/Users/eolande/EventMAV/FRED/65.zip,3089,92.67622500000274,92.70622500000275,propeller_2,247,530,256,534,9,4,36,30,74,3009.0,6,1,1,1,1,1,1,0.900823795997063,1,140.74129200162133
/Users/eolande/EventMAV/FRED/65.zip,3090,92.70622500000275,92.73622500000275,propeller_1,813,291,843,310,30,19,570,339,1814,51255.0,4,1,1,0,1,1,0,0.8307310856419857,1,140.76804200158222
/Users/eolande/EventMAV/FRED/65.zip,3090,92.70622500000275,92.73622500000275,propeller_2,239,529,248,533,9,4,36,20,68,2014.5,5,1,1,1,1,1,0,0.9197549310078794,1,140.76804200158222
/Users/eolande/EventMAV/FRED/65.zip,3091,92.73622500000275,92.76622500000275,propeller_1,820,290,850,309,30,19,570,334,1802,50184.0,4,1,0,1,1,1,0,0.8214987744513994,1,135.92045900441008
/Users/eolande/EventMAV/FRED/65.zip,3091,92.73622500000275,92.76622500000275,propeller_2,231,528,240,531,9,3,27,22,59,1938.0,6,1,1,1,1,1,1,0.8504043423320331,1,135.92045900441008
/Users/eolande/EventMAV/FRED/65.zip,3092,92.76622500000275,92.79622500000275,propeller_1,827,291,857,309,30,18,540,305,1594,43834.5,4,1,0,1,1,1,0,0.8049968295380133,1,138.4916669994709
/Users/eolande/EventMAV/FRED/65.zip,3092,92.76622500000275,92.79622500000275,propeller_2,226,526,233,530,7,4,28,12,27,1096.5,6,1,1,1,1,1,1,0.8655513737098124,1,138.4916669994709
/Users/eolande/EventMAV/FRED/65.zip,3093,92.79622500000275,92.82622500000275,propeller_1,834,291,862,307,28,16,448,264,1163,35419.5,3,1,0,0,1,1,0,0.8242535181291255,1,142.8423749966896
/Users/eolande/EventMAV/FRED/65.zip,3093,92.79622500000275,92.82622500000275,propeller_2,219,526,224,528,5,2,10,7,12,688.5,3,1,1,0,0,1,0,0.9174597601860792,1,142.8423749966896
/Users/eolande/EventMAV/FRED/65.zip,3094,92.82622500000275,92.85622500000275,propeller_1,842,292,867,305,25,13,325,182,775,22491.0,4,1,0,1,1,1,0,0.9200373767249228,1,142.37345800211187
/Users/eolande/EventMAV/FRED/65.zip,3094,92.82622500000275,92.85622500000275,propeller_2,213,525,217,528,4,3,12,6,18,943.5,4,1,1,1,0,1,0,0.8730500576450404,1,142.37345800211187
/Users/eolande/EventMAV/FRED/65.zip,3095,92.85622500000275,92.88622500000275,propeller_1,850,293,875,303,25,10,250,127,507,14790.0,4,1,0,1,1,1,0,0.9375042258464306,1,143.29845899919746
/Users/eolande/EventMAV/FRED/65.zip,3096,92.88622500000275,92.91622500000275,propeller_1,859,292,882,301,23,9,207,67,342,8211.0,4,1,0,1,1,1,0,0.8954317696464343,1,143.88412499829428
/Users/eolande/EventMAV/FRED/65.zip,3097,92.91622500000275,92.94622500000276,propeller_1,870,292,890,299,20,7,140,57,243,5890.5,5,1,1,1,1,1,0,0.9102555713465883,1,144.3994169967482
/Users/eolande/EventMAV/FRED/65.zip,3098,92.94622500000276,92.97622500000276,propeller_1,876,292,898,301,22,9,198,77,321,7981.5,5,1,1,1,1,1,0,0.9415445677858976,1,138.71012500021607
/Users/eolande/EventMAV/FRED/65.zip,3098,92.94622500000276,92.97622500000276,propeller_2,55,566,64,569,9,3,27,19,69,1683.0,4,1,1,1,0,1,0,0.8904656133134892,1,138.71012500021607
/Users/eolande/EventMAV/FRED/65.zip,3099,92.97622500000276,93.00622500000276,propeller_1,883,291,908,302,25,11,275,101,414,10837.5,5,1,1,1,1,1,0,0.9464362238939752,1,148.26770900253905
/Users/eolande/EventMAV/FRED/65.zip,3100,93.00622500000276,93.03622500000276,propeller_1,890,290,916,302,26,12,312,118,482,12495.0,4,1,0,1,1,1,0,0.9512435900289615,1,147.10229100455763
/Users/eolande/EventMAV/FRED/65.zip,3101,93.03622500000276,93.06622500000276,propeller_1,898,289,924,302,26,13,338,141,579,15759.0,5,1,1,1,1,1,0,0.9606939228017808,1,142.1273750020191
/Users/eolande/EventMAV/FRED/65.zip,3102,93.06622500000276,93.09622500000276,propeller_1,906,289,933,302,27,13,351,134,585,15096.0,5,1,1,1,1,1,0,0.9506393777073223,1,140.6227499974193
/Users/eolande/EventMAV/FRED/65.zip,3102,93.06622500000276,93.09622500000276,propeller_2,144,669,149,672,5,3,15,7,39,739.5,4,1,0,1,1,1,0,0.8745406153310741,1,140.6227499974193
/Users/eolande/EventMAV/FRED/65.zip,3103,93.09622500000276,93.12622500000276,propeller_1,915,289,940,302,25,13,325,127,523,13668.0,4,1,0,1,1,1,0,0.9399964045532347,1,145.10270900063915
/Users/eolande/EventMAV/FRED/65.zip,3104,93.12622500000276,93.15622500000276,propeller_1,924,289,949,302,25,13,325,128,503,12316.5,5,1,1,1,1,1,0,0.9312620886350185,1,142.24858400120866
/Users/eolande/EventMAV/FRED/65.zip,3105,93.15622500000276,93.18622500000276,propeller_1,934,289,957,302,23,13,299,109,508,11296.5,5,1,1,1,1,1,0,0.928422364762721,1,139.65337500121677
/Users/eolande/EventMAV/FRED/65.zip,3106,93.18622500000276,93.21622500000277,propeller_1,944,289,965,302,21,13,273,106,485,10200.0,5,1,1,1,1,1,0,0.925454640774197,1,143.58725000056438
/Users/eolande/EventMAV/FRED/65.zip,3107,93.21622500000277,93.24622500000277,propeller_1,952,288,974,302,22,14,308,99,481,9103.5,5,1,1,1,1,1,0,0.8990642909248139,1,147.53845799714327
/Users/eolande/EventMAV/FRED/65.zip,3107,93.21622500000277,93.24622500000277,propeller_2,57,568,63,570,6,2,12,7,14,714.0,3,1,1,0,0,1,0,0.8603600013844865,1,147.53845799714327
/Users/eolande/EventMAV/FRED/65.zip,3108,93.24622500000277,93.27622500000277,propeller_1,963,289,986,300,23,11,253,86,477,7344.0,5,1,1,1,1,1,0,0.9337093313570799,1,142.31695799389854
/Users/eolande/EventMAV/FRED/65.zip,3109,93.27622500000277,93.30622500000277,propeller_1,973,289,993,301,20,12,240,71,470,6451.5,5,1,1,1,1,1,0,0.8967961173095271,1,146.8070830014767
/Users/eolande/EventMAV/FRED/65.zip,3110,93.30622500000277,93.33622500000277,propeller_1,986,289,1004,300,18,11,198,77,493,7879.5,5,1,1,1,1,1,0,0.903853342066592,1,143.3177090002573
/Users/eolande/EventMAV/FRED/65.zip,3111,93.33622500000277,93.36622500000277,propeller_1,994,288,1017,300,23,12,276,97,567,8593.5,5,1,1,1,1,1,0,0.8963838845251596,1,143.05199999944307
/Users/eolande/EventMAV/FRED/65.zip,3112,93.36622500000277,93.39622500000277,propeller_1,1005,289,1030,301,25,12,300,114,672,11143.5,3,1,0,1,0,1,0,0.9132835644018009,1,146.57345800515031
/Users/eolande/EventMAV/FRED/65.zip,3113,93.39622500000277,93.42622500000277,propeller_1,1017,288,1043,301,26,13,338,121,686,11653.5,4,1,0,1,1,1,0,0.9254764652044176,1,144.1564579945407
/Users/eolande/EventMAV/FRED/65.zip,3114,93.42622500000277,93.45622500000277,propeller_1,1030,288,1058,300,28,12,336,143,732,14203.5,5,1,1,1,1,1,0,0.9253060420098309,1,139.92745900031878
/Users/eolande/EventMAV/FRED/65.zip,3115,93.45622500000277,93.48622500000278,propeller_1,1043,288,1070,300,27,12,324,156,772,15453.0,5,1,1,1,1,1,0,0.9334851281574771,1,141.85400000133086
/Users/eolande/EventMAV/FRED/65.zip,3116,93.48622500000278,93.51622500000278,propeller_1,1055,287,1083,300,28,13,364,165,799,15912.0,4,1,0,1,1,1,0,0.8741398829018905,1,145.9743340019486
/Users/eolande/EventMAV/FRED/65.zip,3117,93.51622500000278,93.54622500000278,propeller_1,1068,286,1098,299,30,13,390,163,814,16090.5,4,1,1,1,0,1,0,0.9162384015014612,1,142.82962500146823
/Users/eolande/EventMAV/FRED/65.zip,3118,93.54622500000278,93.57622500000278,propeller_1,1083,286,1113,299,30,13,390,176,857,17365.5,4,1,0,1,1,1,0,0.9060751560955173,1,148.98108399938792
/Users/eolande/EventMAV/FRED/65.zip,3119,93.57622500000278,93.60622500000278,propeller_1,1096,286,1130,299,34,13,442,219,935,21216.0,4,1,0,1,1,1,0,0.8434219133630398,1,155.31412499694852
/Users/eolande/EventMAV/FRED/65.zip,3120,93.60622500000278,93.63622500000278,propeller_1,1111,285,1145,298,34,13,442,229,1016,22261.5,3,1,1,0,0,1,0,0.8622186540571042,1,147.2423750019516
/Users/eolande/EventMAV/FRED/65.zip,3120,93.60622500000278,93.63622500000278,propeller_2,312,538,318,541,6,3,18,8,47,969.0,5,1,0,1,1,1,1,0.9041015244304986,1,147.2423750019516
/Users/eolande/EventMAV/FRED/65.zip,3121,93.63622500000278,93.66622500000278,propeller_1,1126,284,1164,298,38,14,532,287,1210,31186.5,3,1,1,0,0,1,0,0.8616618841050347,1,144.2471660047886
/Users/eolande/EventMAV/FRED/65.zip,3121,93.63622500000278,93.66622500000278,propeller_2,320,538,328,541,8,3,24,9,31,1173.0,5,1,0,1,1,1,1,0.899423795264471,1,144.2471660047886
/Users/eolande/EventMAV/FRED/65.zip,3122,93.66622500000278,93.69622500000278,propeller_1,1140,284,1179,298,39,14,546,310,1312,32104.5,5,1,1,1,1,1,0,0.8594085112113499,1,143.0313750024652
/Users/eolande/EventMAV/FRED/65.zip,3122,93.66622500000278,93.69622500000278,propeller_2,332,539,341,543,9,4,36,13,77,1810.5,5,1,1,1,1,1,0,0.9290267000851912,1,143.0313750024652
/Users/eolande/EventMAV/FRED/65.zip,3123,93.69622500000278,93.72622500000278,propeller_1,1155,283,1194,298,39,15,585,350,1467,36822.0,4,1,0,1,1,1,0,0.8512525607450245,1,163.97325000434648
/Users/eolande/EventMAV/FRED/65.zip,3123,93.69622500000278,93.72622500000278,propeller_2,344,541,351,544,7,3,21,9,48,1326.0,4,1,1,1,0,1,0,0.9668953389177182,1,163.97325000434648
/Users/eolande/EventMAV/FRED/65.zip,3124,93.72622500000278,93.75622500000279,propeller_1,1170,283,1210,298,40,15,600,370,1531,40035.0,3,1,0,1,0,1,0,0.8518983989397069,1,152.01816700573545
/Users/eolande/EventMAV/FRED/65.zip,3125,93.75622500000279,93.78622500000279,propeller_1,1187,283,1228,298,41,15,615,441,1768,49495.5,4,1,0,1,1,1,0,0.8588504364193108,1,137.49149999785004
/Users/eolande/EventMAV/FRED/65.zip,3126,93.78622500000279,93.81622500000279,propeller_1,1202,282,1243,298,41,16,656,481,2019,55615.5,4,1,0,1,1,1,0,0.8735537454869053,1,138.6213330042665
/Users/eolande/EventMAV/FRED/65.zip,3126,93.78622500000279,93.81622500000279,propeller_2,382,545,392,550,10,5,50,22,142,2320.5,4,1,1,1,0,1,0,0.8770964946309969,1,138.6213330042665
/Users/eolande/EventMAV/FRED/65.zip,3127,93.81622500000279,93.84622500000279,propeller_1,1218,282,1260,298,42,16,672,506,2240,61378.5,5,1,1,1,1,1,0,0.8864291343039057,1,142.15895799861755
/Users/eolande/EventMAV/FRED/65.zip,3128,93.84622500000279,93.87622500000279,propeller_1,1233,282,1276,298,43,16,688,534,2461,64617.0,3,1,0,0,1,1,0,0.8961626471576534,1,139.2375829964294
/Users/eolande/EventMAV/FRED/65.zip,3128,93.84622500000279,93.87622500000279,propeller_2,412,549,420,554,8,5,40,12,92,1810.5,5,1,1,1,1,1,0,0.8866165228192802,1,139.2375829964294
/Users/eolande/EventMAV/FRED/65.zip,3129,93.87622500000279,93.90622500000279,propeller_1,1251,281,1280,298,29,17,493,418,1935,51841.5,4,1,0,1,1,1,0,0.8767846290679767,1,137.56787500460632
/Users/eolande/EventMAV/FRED/65.zip,3129,93.87622500000279,93.90622500000279,propeller_2,426,551,436,558,10,7,70,14,100,1887.0,3,1,0,0,1,1,0,0.885942208953635,1,137.56787500460632
/Users/eolande/EventMAV/FRED/65.zip,3130,93.90622500000279,93.93622500000279,propeller_1,1267,282,1280,298,13,16,208,187,691,21471.0,3,1,0,0,1,1,0,0.8685552198183701,1,238.1272499987972
/Users/eolande/EventMAV/FRED/65.zip,3130,93.90622500000279,93.93622500000279,propeller_2,441,553,447,558,6,5,30,10,79,1555.5,4,1,0,1,1,1,0,0.8744358063105212,1,238.1272499987972
/Users/eolande/EventMAV/FRED/65.zip,3132,93.9662250000028,93.9962250000028,propeller_1,467,557,477,562,10,5,50,15,91,1759.5,5,1,1,1,1,1,0,0.9478090999154577,1,143.35554099670844
/Users/eolande/EventMAV/FRED/65.zip,3134,94.0262250000028,94.0562250000028,propeller_1,494,560,497,562,3,2,6,5,9,790.5,4,1,1,1,0,1,0,0.9218460073029298,1,142.94825000251876
/Users/eolande/EventMAV/FRED/65.zip,3148,94.44622500000281,94.47622500000281,propeller_1,704,580,718,584,14,4,56,16,113,1683.0,5,1,1,1,1,1,0,0.9565981109388254,1,138.0786250010715
/Users/eolande/EventMAV/FRED/65.zip,3149,94.47622500000281,94.50622500000281,propeller_1,730,581,733,584,3,3,9,5,28,969.0,3,1,0,1,0,1,0,0.8452412222550336,1,145.68537500599632
/Users/eolande/EventMAV/FRED/65.zip,3151,94.53622500000282,94.56622500000282,propeller_1,752,581,764,584,12,3,36,9,108,2142.0,5,1,1,1,1,1,0,0.8928478125693085,1,142.28245800040895
/Users/eolande/EventMAV/FRED/65.zip,3153,94.59622500000282,94.62622500000282,propeller_1,780,580,783,582,3,2,6,4,6,867.0,3,1,0,1,0,1,0,0.8645975765475629,1,138.63608300016494
/Users/eolande/EventMAV/FRED/65.zip,3154,94.62622500000282,94.65622500000282,propeller_1,799,580,813,584,14,4,56,32,154,2703.0,4,1,1,1,0,1,0,0.8742445709704314,1,138.66291599697433
/Users/eolande/EventMAV/FRED/65.zip,3155,94.65622500000282,94.68622500000282,propeller_1,820,580,829,583,9,3,27,18,82,2040.0,3,1,0,1,0,1,0,0.9111345632941931,1,143.49212500383146
/Users/eolande/EventMAV/FRED/65.zip,3156,94.68622500000282,94.71622500000282,propeller_1,830,579,844,583,14,4,56,30,161,2830.5,5,1,1,1,1,1,0,0.8407281884999231,1,143.39137499337085
/Users/eolande/EventMAV/FRED/65.zip,3157,94.71622500000282,94.74622500000282,propeller_1,844,577,861,582,17,5,85,63,233,4462.5,5,1,1,1,1,1,0,0.8969545581398135,1,146.48541700444184
/Users/eolande/EventMAV/FRED/65.zip,3158,94.74622500000282,94.77622500000282,propeller_1,863,575,878,581,15,6,90,46,209,3850.5,5,1,1,1,1,1,0,0.8851652698315848,1,142.77758399839513
/Users/eolande/EventMAV/FRED/65.zip,3159,94.77622500000282,94.80622500000283,propeller_1,873,573,889,580,16,7,112,51,173,4437.0,5,1,1,1,1,1,0,0.8775163608781232,1,144.23408400034532
/Users/eolande/EventMAV/FRED/65.zip,3160,94.80622500000283,94.83622500000283,propeller_1,892,571,907,578,15,7,105,76,234,6400.5,5,1,1,1,1,1,0,0.9058448530274534,1,142.17295800335705
/Users/eolande/EventMAV/FRED/65.zip,3161,94.83622500000283,94.86622500000283,propeller_1,904,570,922,576,18,6,108,66,200,5992.5,4,1,0,1,1,1,0,0.9242577589567235,1,141.3122499943711
/Users/eolande/EventMAV/FRED/65.zip,3199,95.97622500000287,96.00622500000287,propeller_2,1177,389,1188,396,11,7,77,56,204,4590.0,5,1,1,1,1,1,0,0.8985316939955329,1,143.42258399847196
/Users/eolande/EventMAV/FRED/65.zip,3200,96.00622500000287,96.03622500000287,propeller_1,1252,299,1270,304,18,5,90,62,382,7420.5,5,1,1,1,1,1,0,0.9439326997702706,1,143.15287499630358
/Users/eolande/EventMAV/FRED/65.zip,3200,96.00622500000287,96.03622500000287,propeller_2,1171,383,1182,392,11,9,99,50,237,4462.5,5,1,1,1,1,1,0,0.8888940772696012,1,143.15287499630358
/Users/eolande/EventMAV/FRED/65.zip,3201,96.03622500000287,96.06622500000287,propeller_1,1242,297,1258,304,16,7,112,70,407,8721.0,5,1,1,1,1,1,0,0.94263944293695,1,149.13841700035846
/Users/eolande/EventMAV/FRED/65.zip,3201,96.03622500000287,96.06622500000287,propeller_2,1166,379,1178,387,12,8,96,57,221,5227.5,5,1,1,1,1,1,0,0.8755710202998906,1,149.13841700035846
/Users/eolande/EventMAV/FRED/65.zip,3202,96.06622500000287,96.09622500000287,propeller_1,1230,298,1247,304,17,6,102,75,391,8083.5,5,1,1,1,1,1,0,0.9519812963290851,1,139.84979200176895
/Users/eolande/EventMAV/FRED/65.zip,3202,96.06622500000287,96.09622500000287,propeller_2,1160,373,1173,380,13,7,91,58,252,5278.5,4,1,0,1,1,1,0,0.8671310523544383,1,139.84979200176895
/Users/eolande/EventMAV/FRED/65.zip,3203,96.09622500000287,96.12622500000288,propeller_1,1219,298,1235,304,16,6,96,65,366,7318.5,4,1,0,1,1,1,0,0.954676322051812,1,145.2067080026609
/Users/eolande/EventMAV/FRED/65.zip,3203,96.09622500000287,96.12622500000288,propeller_2,1155,369,1169,377,14,8,112,61,251,6349.5,5,1,1,1,1,1,0,0.886886831551949,1,145.2067080026609
/Users/eolande/EventMAV/FRED/65.zip,3204,96.12622500000288,96.15622500000288,propeller_1,1208,298,1224,303,16,5,80,59,366,7752.0,5,1,1,1,1,1,0,0.9520037555319486,1,142.08058300573612
/Users/eolande/EventMAV/FRED/65.zip,3204,96.12622500000288,96.15622500000288,propeller_2,1149,364,1163,372,14,8,112,67,314,6936.0,5,1,1,1,1,1,0,0.8868785443722906,1,142.08058300573612
/Users/eolande/EventMAV/FRED/65.zip,3205,96.15622500000288,96.18622500000288,propeller_1,1144,360,1158,368,14,8,112,77,401,8823.0,5,1,1,1,1,1,0,0.9322374280592319,1,142.63879200007068
/Users/eolande/EventMAV/FRED/65.zip,3205,96.15622500000288,96.18622500000288,propeller_2,1195,297,1213,303,18,6,108,74,413,8313.0,5,1,1,1,1,1,0,0.9485089927141587,1,142.63879200007068
/Users/eolande/EventMAV/FRED/65.zip,3206,96.18622500000288,96.21622500000288,propeller_1,1137,354,1153,363,16,9,144,89,524,9435.0,4,1,0,1,1,1,0,0.9328050077024537,1,142.67833300255006
/Users/eolande/EventMAV/FRED/65.zip,3206,96.18622500000288,96.21622500000288,propeller_2,1183,297,1200,303,17,6,102,71,402,8083.5,4,1,0,1,1,1,0,0.9540225299073856,1,142.67833300255006
/Users/eolande/EventMAV/FRED/65.zip,3207,96.21622500000288,96.24622500000288,propeller_1,1131,350,1147,358,16,8,128,81,511,10276.5,5,1,1,1,1,1,0,0.9265300648221706,1,145.80074999685166
/Users/eolande/EventMAV/FRED/65.zip,3207,96.21622500000288,96.24622500000288,propeller_2,1170,296,1189,302,19,6,114,71,416,7318.5,3,1,0,1,0,1,0,0.9545315757564133,1,145.80074999685166
/Users/eolande/EventMAV/FRED/65.zip,3208,96.24622500000288,96.27622500000288,propeller_1,1125,344,1141,353,16,9,144,91,607,11679.0,4,1,0,1,1,1,0,0.958556673525999,1,146.6582919965731
/Users/eolande/EventMAV/FRED/65.zip,3208,96.24622500000288,96.27622500000288,propeller_2,1158,296,1176,302,18,6,108,65,387,8032.5,5,1,1,1,1,1,0,0.9338545053554071,1,146.6582919965731
/Users/eolande/EventMAV/FRED/65.zip,3209,96.27622500000288,96.30622500000288,propeller_1,1120,340,1136,349,16,9,144,83,565,11296.5,3,1,0,1,0,1,0,0.9630523007176117,1,145.24620799784316
/Users/eolande/EventMAV/FRED/65.zip,3209,96.27622500000288,96.30622500000288,propeller_2,1144,295,1166,301,22,6,132,83,446,8134.5,5,1,1,1,1,1,0,0.9407312680719717,1,145.24620799784316
/Users/eolande/EventMAV/FRED/65.zip,3210,96.30622500000288,96.33622500000288,propeller_1,1114,335,1130,344,16,9,144,85,581,10582.5,3,1,0,1,0,1,0,0.9693730803979996,1,146.95137499802513
/Users/eolande/EventMAV/FRED/65.zip,3210,96.30622500000288,96.33622500000288,propeller_2,1131,294,1152,301,21,7,147,94,471,9078.0,5,1,1,1,1,1,0,0.9382932050371875,1,146.95137499802513
/Users/eolande/EventMAV/FRED/65.zip,3211,96.33622500000288,96.36622500000288,propeller_1,1109,330,1124,339,15,9,135,79,531,10072.5,4,1,0,1,1,1,0,0.9689078363016024,1,143.86683300108416
/Users/eolande/EventMAV/FRED/65.zip,3211,96.33622500000288,96.36622500000288,propeller_2,1118,294,1139,301,21,7,147,81,426,7981.5,5,1,1,1,1,1,0,0.9318015087345705,1,143.86683300108416
/Users/eolande/EventMAV/FRED/65.zip,3212,96.36622500000288,96.39622500000289,propeller_1,1104,325,1119,334,15,9,135,79,433,8848.5,3,1,0,1,0,1,0,0.9533378181655726,1,137.98300000053132
/Users/eolande/EventMAV/FRED/65.zip,3212,96.36622500000288,96.39622500000289,propeller_2,1104,294,1125,300,21,6,126,80,402,7293.0,5,1,1,1,1,1,0,0.9307635383642642,1,137.98300000053132
/Users/eolande/EventMAV/FRED/65.zip,3213,96.39622500000289,96.42622500000289,propeller_1,1092,292,1113,299,21,7,147,73,371,7038.0,4,1,1,1,0,1,0,0.913757958805355,1,135.85600000078557
/Users/eolande/EventMAV/FRED/65.zip,3213,96.39622500000289,96.42622500000289,propeller_2,1099,321,1114,328,15,7,105,58,285,6043.5,5,1,1,1,1,1,0,0.9303341114850234,1,135.85600000078557
/Users/eolande/EventMAV/FRED/65.zip,3214,96.42622500000289,96.45622500000289,propeller_1,1078,294,1099,299,21,5,105,74,341,6324.0,3,1,0,1,0,1,0,0.9125574672742531,1,136.86141699872678
/Users/eolande/EventMAV/FRED/65.zip,3214,96.42622500000289,96.45622500000289,propeller_2,1095,315,1107,323,12,8,96,51,253,4564.5,5,1,1,1,1,1,0,0.9017026373388647,1,136.86141699872678
/Users/eolande/EventMAV/FRED/65.zip,3215,96.45622500000289,96.48622500000289,propeller_1,1064,292,1086,299,22,7,154,76,343,6604.5,4,1,1,1,0,1,0,0.9028556556487359,1,141.1273329940741
/Users/eolande/EventMAV/FRED/65.zip,3215,96.45622500000289,96.48622500000289,propeller_2,1090,309,1102,318,12,9,108,49,250,4564.5,5,1,1,1,1,1,0,0.9121589792161754,1,141.1273329940741
/Users/eolande/EventMAV/FRED/65.zip,3216,96.48622500000289,96.51622500000289,propeller_1,1050,293,1072,300,22,7,154,82,367,6553.5,5,1,1,1,1,1,0,0.9177906018619338,1,142.17720799933886
/Users/eolande/EventMAV/FRED/65.zip,3216,96.48622500000289,96.51622500000289,propeller_2,1085,303,1099,312,14,9,126,68,338,6400.5,5,1,1,1,1,1,0,0.9065931223409912,1,142.17720799933886
/Users/eolande/EventMAV/FRED/65.zip,3217,96.51622500000289,96.54622500000289,propeller_1,1035,294,1058,300,23,6,138,72,343,6273.0,4,1,1,0,1,1,0,0.8946644399198754,1,139.35012499860022
/Users/eolande/EventMAV/FRED/65.zip,3217,96.51622500000289,96.54622500000289,propeller_2,1082,298,1095,306,13,8,104,63,302,5865.0,5,1,1,1,1,1,0,0.9196431745112996,1,139.35012499860022
/Users/eolande/EventMAV/FRED/65.zip,3218,96.54622500000289,96.57622500000289,propeller_1,1022,295,1043,302,21,7,147,73,351,6247.5,5,1,1,1,1,1,0,0.8717707179460052,1,135.8809579978697
/Users/eolande/EventMAV/FRED/65.zip,3218,96.54622500000289,96.57622500000289,propeller_2,1077,293,1090,300,13,7,91,47,271,3748.5,4,1,0,1,1,1,0,0.865237732555779,1,135.8809579978697
/Users/eolande/EventMAV/FRED/65.zip,3219,96.57622500000289,96.6062250000029,propeller_1,1007,295,1030,303,23,8,184,78,379,6375.0,5,1,1,1,1,1,0,0.9076367765916233,1,133.32700000319164
/Users/eolande/EventMAV/FRED/65.zip,3219,96.57622500000289,96.6062250000029,propeller_2,1071,286,1086,293,15,7,105,59,326,5049.0,5,1,1,1,1,1,0,0.8538732307812874,1,133.32700000319164
/Users/eolande/EventMAV/FRED/65.zip,3220,96.6062250000029,96.6362250000029,propeller_1,990,296,1015,305,25,9,225,98,437,7726.5,5,1,1,1,1,1,0,0.9133376946487882,1,161.48149999935413
/Users/eolande/EventMAV/FRED/65.zip,3220,96.6062250000029,96.6362250000029,propeller_2,1067,280,1081,288,14,8,112,66,383,5508.0,5,1,1,1,1,1,0,0.8767294059301509,1,161.48149999935413
/Users/eolande/EventMAV/FRED/65.zip,3221,96.6362250000029,96.6662250000029,propeller_1,976,297,1000,306,24,9,216,87,418,7675.5,5,1,1,1,1,1,0,0.898079618779926,1,142.14479100337485
/Users/eolande/EventMAV/FRED/65.zip,3221,96.6362250000029,96.6662250000029,propeller_2,1063,274,1076,282,13,8,104,66,380,5712.0,5,1,1,1,1,1,0,0.8627181014542666,1,142.14479100337485
/Users/eolande/EventMAV/FRED/65.zip,3222,96.6662250000029,96.6962250000029,propeller_1,963,299,985,308,22,9,198,77,402,6706.5,3,1,0,1,0,1,0,0.8879231069373434,1,140.0390420021722
/Users/eolande/EventMAV/FRED/65.zip,3222,96.6662250000029,96.6962250000029,propeller_2,1058,267,1072,275,14,8,112,65,394,5967.0,4,1,1,1,0,1,0,0.8775205715322107,1,140.0390420021722
/Users/eolande/EventMAV/FRED/65.zip,3223,96.6962250000029,96.7262250000029,propeller_1,947,301,969,310,22,9,198,87,413,7369.5,4,1,1,1,0,1,0,0.9043970002824382,1,144.20433399936883
/Users/eolande/EventMAV/FRED/65.zip,3223,96.6962250000029,96.7262250000029,propeller_2,1054,260,1068,269,14,9,126,68,431,6298.5,5,1,1,1,1,1,0,0.9214821110118436,1,144.20433399936883
/Users/eolande/EventMAV/FRED/65.zip,3224,96.7262250000029,96.7562250000029,propeller_1,1051,253,1065,264,14,11,154,87,460,8644.5,4,1,0,1,1,1,0,0.8939948787247721,1,142.6842500004568
/Users/eolande/EventMAV/FRED/65.zip,3224,96.7262250000029,96.7562250000029,propeller_2,931,303,954,313,23,10,230,87,441,7114.5,4,1,1,1,0,1,0,0.8962314725097222,1,142.6842500004568
/Users/eolande/EventMAV/FRED/65.zip,3225,96.7562250000029,96.7862250000029,propeller_1,1045,245,1060,257,15,12,180,89,483,9664.5,4,1,1,1,0,1,0,0.8868848293010307,1,140.3939169977093
/Users/eolande/EventMAV/FRED/65.zip,3225,96.7562250000029,96.7862250000029,propeller_2,914,306,938,316,24,10,240,89,446,7344.0,5,1,1,1,1,1,0,0.911503626589766,1,140.3939169977093
/Users/eolande/EventMAV/FRED/65.zip,3226,96.7862250000029,96.8162250000029,propeller_1,1041,239,1057,252,16,13,208,97,527,12010.5,4,1,0,1,1,1,0,0.9040113586167395,1,138.92829199903645
/Users/eolande/EventMAV/FRED/65.zip,3226,96.7862250000029,96.8162250000029,propeller_2,900,308,923,318,23,10,230,92,436,7599.0,5,1,1,1,1,1,0,0.8796345144462485,1,138.92829199903645
/Users/eolande/EventMAV/FRED/65.zip,3227,96.8162250000029,96.8462250000029,propeller_1,1036,233,1052,246,16,13,208,97,513,11143.5,4,1,1,1,0,1,0,0.8690626358012138,1,141.53679199807812
/Users/eolande/EventMAV/FRED/65.zip,3227,96.8162250000029,96.8462250000029,propeller_2,884,310,906,321,22,11,242,87,418,7701.0,4,1,0,1,1,1,0,0.8715047033494423,1,141.53679199807812
/Users/eolande/EventMAV/FRED/65.zip,3228,96.8462250000029,96.8762250000029,propeller_1,1031,226,1048,240,17,14,238,108,516,12418.5,6,1,1,1,1,1,1,0.8742621446288759,1,138.88166700053262
/Users/eolande/EventMAV/FRED/65.zip,3228,96.8462250000029,96.8762250000029,propeller_2,866,314,891,325,25,11,275,89,453,7548.0,5,1,1,1,1,1,0,0.9106896503828338,1,138.88166700053262
/Users/eolande/EventMAV/FRED/65.zip,3229,96.8762250000029,96.9062250000029,propeller_1,1027,221,1042,235,15,14,210,98,466,11475.0,4,1,1,1,0,1,0,0.8763044189537196,1,141.63533299870323
/Users/eolande/EventMAV/FRED/65.zip,3229,96.8762250000029,96.9062250000029,propeller_2,850,318,875,328,25,10,250,75,419,6273.0,5,1,1,1,1,1,0,0.8836353293919197,1,141.63533299870323
/Users/eolande/EventMAV/FRED/65.zip,3230,96.9062250000029,96.9362250000029,propeller_1,1021,217,1037,229,16,12,192,102,469,11985.0,6,1,1,1,1,1,1,0.8284475908310567,1,143.9775000035297
/Users/eolande/EventMAV/FRED/65.zip,3230,96.9062250000029,96.9362250000029,propeller_2,834,321,859,332,25,11,275,73,433,6171.0,4,1,1,1,0,1,0,0.8859845873911874,1,143.9775000035297
/Users/eolande/EventMAV/FRED/65.zip,3231,96.9362250000029,96.96622500000291,propeller_1,1017,210,1032,225,15,15,225,105,478,10531.5,5,1,1,1,1,1,0,0.8374892502027235,1,148.1862500004354
/Users/eolande/EventMAV/FRED/65.zip,3231,96.9362250000029,96.96622500000291,propeller_2,818,324,841,336,23,12,276,74,440,6426.0,4,1,1,1,0,1,0,0.8641034781977505,1,148.1862500004354
/Users/eolande/EventMAV/FRED/65.zip,3232,96.96622500000291,96.99622500000291,propeller_1,1011,206,1026,219,15,13,195,106,448,10761.0,6,1,1,1,1,1,1,0.8418294726269898,1,145.030042003782
/Users/eolande/EventMAV/FRED/65.zip,3232,96.96622500000291,96.99622500000291,propeller_2,803,329,825,340,22,11,242,86,409,6655.5,3,1,0,1,0,1,0,0.8768897214688655,1,145.030042003782
/Users/eolande/EventMAV/FRED/65.zip,3233,96.99622500000291,97.02622500000291,propeller_1,1005,202,1019,215,14,13,182,96,439,9027.0,6,1,1,1,1,1,1,0.9067356135316158,1,140.57470799889416
/Users/eolande/EventMAV/FRED/65.zip,3233,96.99622500000291,97.02622500000291,propeller_2,784,335,807,345,23,10,230,73,401,5890.5,5,1,1,1,1,1,0,0.86641585480167,1,140.57470799889416
/Users/eolande/EventMAV/FRED/65.zip,3234,97.02622500000291,97.05622500000291,propeller_1,998,198,1014,211,16,13,208,106,446,9358.5,4,1,1,1,0,1,0,0.8812153897410041,1,141.62574999500066
/Users/eolande/EventMAV/FRED/65.zip,3234,97.02622500000291,97.05622500000291,propeller_2,765,338,791,350,26,12,312,90,463,6859.5,5,1,1,1,1,1,0,0.8790763496483901,1,141.62574999500066
/Users/eolande/EventMAV/FRED/65.zip,3235,97.05622500000291,97.08622500000291,propeller_1,991,193,1007,206,16,13,208,150,1854,20680.5,3,1,0,1,0,1,0,0.9277000715429716,1,141.72229200630682
/Users/eolande/EventMAV/FRED/65.zip,3235,97.05622500000291,97.08622500000291,propeller_2,747,341,776,355,29,14,406,122,534,9537.0,5,1,1,1,1,1,0,0.9090451718730148,1,141.72229200630682
/Users/eolande/EventMAV/FRED/65.zip,3236,97.08622500000291,97.11622500000291,propeller_1,989,191,1004,203,15,12,180,113,621,9919.5,5,1,0,1,1,1,1,0.8705759429491982,1,146.97058299498167
/Users/eolande/EventMAV/FRED/65.zip,3236,97.08622500000291,97.11622500000291,propeller_2,733,347,758,359,25,12,300,64,424,6018.0,5,1,1,1,1,1,0,0.8845672824419006,1,146.97058299498167
/Users/eolande/EventMAV/FRED/65.zip,3237,97.11622500000291,97.14622500000291,propeller_1,712,352,739,364,27,12,324,79,513,7293.0,4,1,0,1,1,1,0,0.8687878750545618,1,145.22941600444028
/Users/eolande/EventMAV/FRED/65.zip,3237,97.11622500000291,97.14622500000291,propeller_2,983,188,995,199,12,11,132,76,322,6273.0,5,1,1,1,1,1,0,0.8498169661775967,1,145.22941600444028
/Users/eolande/EventMAV/FRED/65.zip,3238,97.14622500000291,97.17622500000292,propeller_1,694,357,720,370,26,13,338,107,590,8925.0,3,1,0,1,0,1,0,0.8809002430381907,1,142.19758399849525
/Users/eolande/EventMAV/FRED/65.zip,3238,97.14622500000291,97.17622500000292,propeller_2,977,185,987,197,10,12,120,69,296,5916.0,5,1,1,1,1,1,0,0.8801798934677603,1,142.19758399849525
/Users/eolande/EventMAV/FRED/65.zip,3239,97.17622500000292,97.20622500000292,propeller_1,673,360,701,374,28,14,392,160,752,13158.0,5,1,1,1,1,1,0,0.8944291580334576,1,139.94387500133598
/Users/eolande/EventMAV/FRED/65.zip,3239,97.17622500000292,97.20622500000292,propeller_2,969,183,981,194,12,11,132,65,336,6069.0,6,1,1,1,1,1,1,0.9102605968280232,1,139.94387500133598
/Users/eolande/EventMAV/FRED/65.zip,3240,97.20622500000292,97.23622500000292,propeller_1,653,364,683,378,30,14,420,183,932,16957.5,5,1,1,1,1,1,0,0.925282630810838,1,148.08058400376467
/Users/eolande/EventMAV/FRED/65.zip,3240,97.20622500000292,97.23622500000292,propeller_2,966,182,976,193,10,11,110,71,267,5992.5,6,1,1,1,1,1,1,0.8540192383941713,1,148.08058400376467
/Users/eolande/EventMAV/FRED/65.zip,3241,97.23622500000292,97.26622500000292,propeller_1,633,368,665,381,32,13,416,223,1023,20833.5,5,1,1,1,1,1,0,0.9176093888574623,1,140.9780000030878
/Users/eolande/EventMAV/FRED/65.zip,3241,97.23622500000292,97.26622500000292,propeller_2,959,181,970,192,11,11,121,60,283,5508.0,4,1,1,1,0,1,0,0.8542413895487282,1,140.9780000030878
/Users/eolande/EventMAV/FRED/65.zip,3242,97.26622500000292,97.29622500000292,propeller_1,613,371,646,385,33,14,462,278,1144,24990.0,5,1,1,1,1,1,0,0.9140638922786126,1,143.9598750002915
/Users/eolande/EventMAV/FRED/65.zip,3242,97.26622500000292,97.29622500000292,propeller_2,951,181,963,190,12,9,108,61,278,5100.0,4,1,1,1,0,1,0,0.890241718344799,1,143.9598750002915
/Users/eolande/EventMAV/FRED/65.zip,3243,97.29622500000292,97.32622500000292,propeller_1,593,373,626,386,33,13,429,307,1171,26622.0,3,1,1,0,0,1,0,0.8884148489230227,1,146.98579100513598
/Users/eolande/EventMAV/FRED/65.zip,3243,97.29622500000292,97.32622500000292,propeller_2,948,181,958,192,10,11,110,57,268,5686.5,5,1,1,1,1,1,0,0.9157514021009231,1,146.98579100513598
/Users/eolande/EventMAV/FRED/65.zip,3244,97.32622500000292,97.35622500000292,propeller_1,573,375,605,388,32,13,416,307,1246,28840.5,4,1,0,1,1,1,0,0.8972385772772143,1,143.60999999917112
/Users/eolande/EventMAV/FRED/65.zip,3244,97.32622500000292,97.35622500000292,propeller_2,941,182,953,193,12,11,132,58,293,6120.0,6,1,1,1,1,1,1,0.9155563439004384,1,143.60999999917112
/Users/eolande/EventMAV/FRED/65.zip,3245,97.35622500000292,97.38622500000292,propeller_1,553,376,587,389,34,13,442,289,865,25066.5,3,1,0,0,1,1,0,0.8829221766076132,1,140.27691699448042
/Users/eolande/EventMAV/FRED/65.zip,3245,97.35622500000292,97.38622500000292,propeller_2,935,184,947,194,12,10,120,58,304,5100.0,5,1,1,1,1,1,0,0.8761076888807928,1,140.27691699448042
/Users/eolande/EventMAV/FRED/65.zip,3246,97.38622500000292,97.41622500000292,propeller_1,535,377,568,391,33,14,462,223,719,19099.5,5,1,1,1,1,1,0,0.8871674513753255,1,141.948707998381
/Users/eolande/EventMAV/FRED/65.zip,3246,97.38622500000292,97.41622500000292,propeller_2,932,186,943,197,11,11,121,54,287,5202.0,6,1,1,1,1,1,1,0.8659272183630979,1,141.948707998381
/Users/eolande/EventMAV/FRED/65.zip,3247,97.41622500000292,97.44622500000293,propeller_1,516,377,547,391,31,14,434,184,565,16167.0,5,1,1,1,1,1,0,0.8728791801176297,1,139.1146249952726
/Users/eolande/EventMAV/FRED/65.zip,3247,97.41622500000292,97.44622500000293,propeller_2,925,189,938,199,13,10,130,54,304,4896.0,6,1,1,1,1,1,1,0.9123816493794252,1,139.1146249952726
/Users/eolande/EventMAV/FRED/65.zip,3248,97.44622500000293,97.47622500000293,propeller_1,500,381,525,394,25,13,325,146,503,12724.5,5,1,1,1,1,1,0,0.8835367086446015,1,140.1380000024801
/Users/eolande/EventMAV/FRED/65.zip,3248,97.44622500000293,97.47622500000293,propeller_2,921,191,933,202,12,11,132,61,324,5406.0,5,1,1,1,1,1,0,0.9167267100444579,1,140.1380000024801
/Users/eolande/EventMAV/FRED/65.zip,3249,97.47622500000293,97.50622500000293,propeller_1,479,379,508,392,29,13,377,151,550,12699.0,5,1,1,1,1,1,0,0.8456608091746585,1,138.8281250037835
/Users/eolande/EventMAV/FRED/65.zip,3249,97.47622500000293,97.50622500000293,propeller_2,917,196,929,207,12,11,132,59,329,5125.5,6,1,1,1,1,1,1,0.8490188658975979,1,138.8281250037835
/Users/eolande/EventMAV/FRED/65.zip,3250,97.50622500000293,97.53622500000293,propeller_1,461,379,490,393,29,14,406,158,638,14050.5,5,1,1,1,1,1,0,0.9311044972683189,1,144.5658340016962
/Users/eolande/EventMAV/FRED/65.zip,3250,97.50622500000293,97.53622500000293,propeller_2,912,201,925,211,13,10,130,67,331,5635.5,6,1,1,1,1,1,1,0.8527437021385362,1,144.5658340016962
/Users/eolande/EventMAV/FRED/65.zip,3251,97.53622500000293,97.56622500000293,propeller_1,444,380,473,393,29,13,377,159,694,14790.0,5,1,1,1,1,1,0,0.8960100341380647,1,141.01387499977136
/Users/eolande/EventMAV/FRED/65.zip,3251,97.53622500000293,97.56622500000293,propeller_2,908,205,920,217,12,12,144,61,346,4743.0,5,1,1,1,1,1,0,0.8771263244306089,1,141.01387499977136
/Users/eolande/EventMAV/FRED/65.zip,3252,97.56622500000293,97.59622500000293,propeller_1,428,379,456,392,28,13,364,165,727,14560.5,4,1,0,1,1,1,0,0.9515631481620629,1,245.75533399911365
/Users/eolande/EventMAV/FRED/65.zip,3252,97.56622500000293,97.59622500000293,propeller_2,903,211,917,221,14,10,140,72,343,6196.5,6,1,1,1,1,1,1,0.8993384497833905,1,245.75533399911365
/Users/eolande/EventMAV/FRED/65.zip,3253,97.59622500000293,97.62622500000293,propeller_1,413,379,441,392,28,13,364,150,646,13642.5,5,1,1,1,1,1,0,0.9180173549820769,1,142.5306660021306
/Users/eolande/EventMAV/FRED/65.zip,3253,97.59622500000293,97.62622500000293,propeller_2,900,217,913,227,13,10,130,52,322,4386.0,4,1,0,1,0,1,1,0.8990403529607284,1,142.5306660021306
/Users/eolande/EventMAV/FRED/65.zip,3254,97.62622500000293,97.65622500000293,propeller_1,396,380,419,391,23,11,253,141,567,11628.0,5,1,1,1,1,1,0,0.9075015446576293,1,140.64862500526942
/Users/eolande/EventMAV/FRED/65.zip,3254,97.62622500000293,97.65622500000293,propeller_2,896,222,909,231,13,9,117,66,309,5839.5,6,1,1,1,1,1,1,0.9199941781392428,1,140.64862500526942
/Users/eolande/EventMAV/FRED/65.zip,3255,97.65622500000293,97.68622500000293,propeller_1,381,379,408,393,27,14,378,157,640,13566.0,5,1,1,1,1,1,0,0.8847785187948629,1,140.13704199896893
/Users/eolande/EventMAV/FRED/65.zip,3255,97.65622500000293,97.68622500000293,propeller_2,894,228,906,238,12,10,120,51,300,4615.5,5,1,1,1,1,1,0,0.8402256225829448,1,140.13704199896893
/Users/eolande/EventMAV/FRED/65.zip,3256,97.68622500000293,97.71622500000294,propeller_1,368,379,396,392,28,13,364,147,572,12928.5,5,1,1,1,1,1,0,0.8814889875607077,1,140.21320799656678
/Users/eolande/EventMAV/FRED/65.zip,3256,97.68622500000293,97.71622500000294,propeller_2,890,235,903,246,13,11,143,67,335,5584.5,4,1,1,1,0,1,0,0.9158543778408145,1,140.21320799656678
/Users/eolande/EventMAV/FRED/65.zip,3257,97.71622500000294,97.74622500000294,propeller_1,355,378,382,391,27,13,351,139,530,11296.5,4,1,0,1,1,1,0,0.8496500676564971,1,142.01762500306359
/Users/eolande/EventMAV/FRED/65.zip,3257,97.71622500000294,97.74622500000294,propeller_2,887,241,900,253,13,12,156,70,364,5686.5,6,1,1,1,1,1,1,0.8644931577562032,1,142.01762500306359
/Users/eolande/EventMAV/FRED/65.zip,3258,97.74622500000294,97.77622500000294,propeller_1,342,377,368,390,26,13,338,128,480,10531.5,4,1,0,1,1,1,0,0.8791629526041046,1,139.9066669982858
/Users/eolande/EventMAV/FRED/65.zip,3258,97.74622500000294,97.77622500000294,propeller_2,886,247,897,259,11,12,132,73,322,5967.0,6,1,1,1,1,1,1,0.9037783718671417,1,139.9066669982858
/Users/eolande/EventMAV/FRED/65.zip,3259,97.77622500000294,97.80622500000294,propeller_1,331,378,356,389,25,11,275,114,429,9639.0,5,1,1,1,1,1,0,0.885446872357587,1,145.0914169981843
/Users/eolande/EventMAV/FRED/65.zip,3259,97.77622500000294,97.80622500000294,propeller_2,882,255,892,266,10,11,110,68,306,4998.0,6,1,1,1,1,1,1,0.8883431193223345,1,145.0914169981843
/Users/eolande/EventMAV/FRED/65.zip,3260,97.80622500000294,97.83622500000294,propeller_1,321,378,339,387,18,9,162,71,306,5992.5,4,1,1,1,0,1,0,0.886660865689776,1,144.07512500474695
/Users/eolande/EventMAV/FRED/65.zip,3260,97.80622500000294,97.83622500000294,propeller_2,879,262,890,274,11,12,132,54,314,4998.0,5,1,1,1,0,1,1,0.939877611255024,1,144.07512500474695
/Users/eolande/EventMAV/FRED/65.zip,3261,97.83622500000294,97.86622500000294,propeller_1,309,377,328,387,19,10,190,69,308,5839.5,4,1,1,1,0,1,0,0.9091194946825064,1,147.13570800086018
/Users/eolande/EventMAV/FRED/65.zip,3261,97.83622500000294,97.86622500000294,propeller_2,876,270,886,281,10,11,110,53,301,4819.5,6,1,1,1,1,1,1,0.8891520770402245,1,147.13570800086018
/Users/eolande/EventMAV/FRED/65.zip,3262,97.86622500000294,97.89622500000294,propeller_1,873,277,884,289,11,12,132,59,325,5457.0,5,1,1,1,1,1,0,0.8678737498527336,1,147.57724999799393
/Users/eolande/EventMAV/FRED/65.zip,3262,97.86622500000294,97.89622500000294,propeller_2,300,377,317,385,17,8,136,58,260,5253.0,5,1,1,1,1,1,0,0.8797555997038112,1,147.57724999799393
/Users/eolande/EventMAV/FRED/65.zip,3263,97.89622500000294,97.92622500000294,propeller_1,288,375,303,384,15,9,135,51,229,4845.0,4,1,1,1,0,1,0,0.8905863079224791,1,140.07450000644894
/Users/eolande/EventMAV/FRED/65.zip,3263,97.89622500000294,97.92622500000294,propeller_2,869,286,879,295,10,9,90,50,253,4080.0,4,1,0,1,0,1,1,0.8983975408120646,1,140.07450000644894
/Users/eolande/EventMAV/FRED/65.zip,3264,97.92622500000294,97.95622500000295,propeller_1,866,294,876,307,10,13,130,63,336,5202.0,6,1,1,1,1,1,1,0.8596492689890207,1,142.70812499307794
/Users/eolande/EventMAV/FRED/65.zip,3264,97.92622500000294,97.95622500000295,propeller_2,276,375,292,383,16,8,128,46,203,4105.5,5,1,1,1,1,1,0,0.8704600708681114,1,142.70812499307794
/Users/eolande/EventMAV/FRED/65.zip,3265,97.95622500000295,97.98622500000295,propeller_1,859,302,872,316,13,14,182,65,395,5508.0,3,1,0,1,0,1,0,0.9022992882228745,1,143.90670800639782
/Users/eolande/EventMAV/FRED/65.zip,3265,97.95622500000295,97.98622500000295,propeller_2,269,375,285,382,16,7,112,43,200,3901.5,5,1,1,1,1,1,0,0.8791222608015417,1,143.90670800639782
/Users/eolande/EventMAV/FRED/65.zip,3266,97.98622500000295,98.01622500000295,propeller_1,855,309,868,324,13,15,195,137,1372,17187.0,4,1,0,1,1,1,0,0.935304897960767,1,140.24249999783933
/Users/eolande/EventMAV/FRED/65.zip,3266,97.98622500000295,98.01622500000295,propeller_2,258,374,277,381,19,7,133,28,193,2779.5,5,1,1,1,1,1,0,0.9062943564779717,1,140.24249999783933
/Users/eolande/EventMAV/FRED/65.zip,3267,98.01622500000295,98.04622500000295,propeller_1,247,373,264,380,17,7,119,34,190,3748.5,4,1,1,1,0,1,0,0.9107063681962686,1,141.89045799867017
/Users/eolande/EventMAV/FRED/65.zip,3267,98.01622500000295,98.04622500000295,propeller_2,854,318,863,332,9,14,126,37,270,3621.0,5,1,1,1,1,1,0,0.9175460400515874,1,141.89045799867017
/Users/eolande/EventMAV/FRED/65.zip,3268,98.04622500000295,98.07622500000295,propeller_1,239,372,254,380,15,8,120,41,178,3952.5,5,1,1,1,1,1,0,0.9323096179713846,1,142.13145800022176
/Users/eolande/EventMAV/FRED/65.zip,3268,98.04622500000295,98.07622500000295,propeller_2,847,331,856,340,9,9,81,31,257,3009.0,5,1,1,1,1,1,0,0.899376410537405,1,142.13145800022176
/Users/eolande/EventMAV/FRED/65.zip,3269,98.07622500000295,98.10622500000295,propeller_1,232,372,250,379,18,7,126,33,159,3442.5,5,1,1,1,1,1,0,0.9199373662222214,1,137.00962500297464
/Users/eolande/EventMAV/FRED/65.zip,3269,98.07622500000295,98.10622500000295,propeller_2,840,339,851,349,11,10,110,36,296,3136.5,4,1,1,1,0,1,0,0.9302472318107429,1,137.00962500297464
/Users/eolande/EventMAV/FRED/65.zip,3270,98.10622500000295,98.13622500000295,propeller_1,833,347,845,359,12,12,144,52,324,4003.5,5,1,1,1,1,1,0,0.8628720514387576,1,139.7703749971697
/Users/eolande/EventMAV/FRED/65.zip,3270,98.10622500000295,98.13622500000295,propeller_2,223,371,242,379,19,8,152,37,165,3289.5,4,1,1,1,0,1,0,0.9018579252871989,1,139.7703749971697
/Users/eolande/EventMAV/FRED/65.zip,3271,98.13622500000295,98.16622500000295,propeller_1,825,354,834,366,9,12,108,40,320,3825.0,5,1,1,1,1,1,0,0.9171657865127274,1,139.10595899506006
/Users/eolande/EventMAV/FRED/65.zip,3271,98.13622500000295,98.16622500000295,propeller_2,215,370,228,377,13,7,91,33,147,2754.0,5,1,1,1,1,1,0,0.9245675998214355,1,139.10595899506006
/Users/eolande/EventMAV/FRED/65.zip,3272,98.16622500000295,98.19622500000295,propeller_1,817,365,824,373,7,8,56,13,223,2295.0,4,1,0,1,1,1,0,0.866298739794412,1,139.45908300229348
/Users/eolande/EventMAV/FRED/65.zip,3272,98.16622500000295,98.19622500000295,propeller_2,208,370,219,375,11,5,55,20,95,2142.0,4,1,0,1,1,1,0,0.8715998605346091,1,139.45908300229348
/Users/eolande/EventMAV/FRED/65.zip,3273,98.19622500000295,98.22622500000296,propeller_1,808,375,819,380,11,5,55,25,201,2932.5,3,1,0,1,0,1,0,0.9408586175938689,1,143.47512499807635
/Users/eolande/EventMAV/FRED/65.zip,3273,98.19622500000295,98.22622500000296,propeller_2,202,371,217,377,15,6,90,21,130,2218.5,5,1,1,1,1,1,0,0.9341960882707919,1,143.47512499807635
/Users/eolande/EventMAV/FRED/65.zip,3274,98.22622500000296,98.25622500000296,propeller_1,798,378,807,388,9,10,90,30,252,2983.5,4,1,0,1,1,1,0,0.8906287046946351,1,138.89816599839833
/Users/eolande/EventMAV/FRED/65.zip,3274,98.22622500000296,98.25622500000296,propeller_2,196,370,206,375,10,5,50,19,104,1963.5,5,1,1,1,1,1,0,0.9043282799058472,1,138.89816599839833
/Users/eolande/EventMAV/FRED/65.zip,3275,98.25622500000296,98.28622500000296,propeller_1,789,386,799,399,10,13,130,41,302,3519.0,3,1,0,1,0,1,0,0.8731446922907098,1,142.38216700323392
/Users/eolande/EventMAV/FRED/65.zip,3275,98.25622500000296,98.28622500000296,propeller_2,188,370,202,376,14,6,84,17,124,1989.0,4,1,1,1,0,1,0,0.9609622870029524,1,142.38216700323392
/Users/eolande/EventMAV/FRED/65.zip,3276,98.28622500000296,98.31622500000296,propeller_1,774,393,789,406,15,13,195,63,323,4794.0,5,1,1,1,1,1,0,0.89248330890557,1,172.73250000289408
/Users/eolande/EventMAV/FRED/65.zip,3276,98.28622500000296,98.31622500000296,propeller_2,182,370,193,374,11,4,44,27,104,2524.5,4,1,1,1,0,1,0,0.9173074681807273,1,172.73250000289408
/Users/eolande/EventMAV/FRED/65.zip,3277,98.31622500000296,98.34622500000296,propeller_1,763,401,778,413,15,12,180,64,247,6171.0,5,1,1,1,1,1,0,0.9328305833719901,1,139.58262500091223
/Users/eolande/EventMAV/FRED/65.zip,3277,98.31622500000296,98.34622500000296,propeller_2,178,370,190,375,12,5,60,23,98,2371.5,5,1,1,1,1,1,0,0.9384461108778508,1,139.58262500091223
/Users/eolande/EventMAV/FRED/65.zip,3278,98.34622500000296,98.37622500000296,propeller_1,752,407,767,419,15,12,180,72,253,6910.5,4,1,1,1,0,1,0,0.9318298287745883,1,191.72791700111702
/Users/eolande/EventMAV/FRED/65.zip,3278,98.34622500000296,98.37622500000296,propeller_2,171,368,180,373,9,5,45,23,86,1989.0,5,1,1,1,1,1,0,0.857894351291293,1,191.72791700111702
/Users/eolande/EventMAV/FRED/65.zip,3279,98.37622500000296,98.40622500000296,propeller_1,739,413,756,425,17,12,204,85,277,8211.0,5,1,1,1,1,1,0,0.9452013330986146,1,140.63954199809814
/Users/eolande/EventMAV/FRED/65.zip,3279,98.37622500000296,98.40622500000296,propeller_2,166,369,171,372,5,3,15,14,46,1657.5,5,1,1,1,1,1,0,0.9117171134028613,1,140.63954199809814
/Users/eolande/EventMAV/FRED/65.zip,3280,98.40622500000296,98.43622500000296,propeller_1,727,419,743,430,16,11,176,79,294,7012.5,5,1,1,1,1,1,0,0.9194594988468413,1,137.0687079979689
/Users/eolande/EventMAV/FRED/65.zip,3280,98.40622500000296,98.43622500000296,propeller_2,161,369,173,374,12,5,60,21,93,1887.0,5,1,1,1,1,1,0,0.9429479295365811,1,137.0687079979689
/Users/eolande/EventMAV/FRED/65.zip,3281,98.43622500000296,98.46622500000296,propeller_1,715,426,728,436,13,10,130,51,258,4590.0,4,1,0,1,1,1,0,0.9049848518199026,1,135.52766700013308
/Users/eolande/EventMAV/FRED/65.zip,3281,98.43622500000296,98.46622500000296,propeller_3,164,372,169,374,5,2,10,5,11,892.5,4,1,1,1,0,1,0,0.8891635886170726,1,135.52766700013308
/Users/eolande/EventMAV/FRED/65.zip,3282,98.46622500000296,98.49622500000297,propeller_1,700,431,716,440,16,9,144,66,298,5559.0,4,1,0,1,1,1,0,0.9174709714124724,1,137.24733300477965
/Users/eolande/EventMAV/FRED/65.zip,3282,98.46622500000296,98.49622500000297,propeller_2,151,368,154,371,3,3,9,6,25,688.5,4,1,0,1,1,1,0,0.923212528606625,1,137.24733300477965
/Users/eolande/EventMAV/FRED/65.zip,3283,98.49622500000297,98.52622500000297,propeller_1,683,436,700,446,17,10,170,77,317,6171.0,5,1,1,1,1,1,0,0.8874452761967487,1,144.28254200174706
/Users/eolande/EventMAV/FRED/65.zip,3283,98.49622500000297,98.52622500000297,propeller_2,146,368,159,373,13,5,65,11,80,994.5,3,1,0,1,0,1,0,0.9342557086842638,1,144.28254200174706
/Users/eolande/EventMAV/FRED/65.zip,3284,98.52622500000297,98.55622500000297,propeller_1,671,440,686,447,15,7,105,35,151,3723.0,4,1,1,1,0,1,0,0.917845135120001,1,139.43649999418994
/Users/eolande/EventMAV/FRED/65.zip,3284,98.52622500000297,98.55622500000297,propeller_3,142,368,155,373,13,5,65,13,81,1275.0,5,1,1,1,1,1,0,0.9486901373019918,1,139.43649999418994
/Users/eolande/EventMAV/FRED/65.zip,3285,98.55622500000297,98.58622500000297,propeller_1,655,445,671,453,16,8,128,36,244,3442.5,5,1,1,1,1,1,0,0.8777394625281382,1,136.3751669996418
/Users/eolande/EventMAV/FRED/65.zip,3285,98.55622500000297,98.58622500000297,propeller_2,1162,363,1175,372,13,9,117,19,85,1963.5,3,1,1,0,0,1,0,0.8910945717772597,1,136.3751669996418
/Users/eolande/EventMAV/FRED/65.zip,3286,98.58622500000297,98.61622500000297,propeller_1,641,450,653,456,12,6,72,25,172,2958.0,4,1,0,1,1,1,0,0.869510528027917,1,139.6402919999673
/Users/eolande/EventMAV/FRED/65.zip,3286,98.58622500000297,98.61622500000297,propeller_2,136,368,145,373,9,5,45,7,55,1275.0,4,1,1,0,0,1,1,0.9540131676247665,1,139.6402919999673
/Users/eolande/EventMAV/FRED/65.zip,3287,98.61622500000297,98.64622500000297,propeller_1,626,457,628,461,2,4,8,4,18,892.5,5,1,0,1,1,1,1,0.9999694860138817,1,138.37454200256616
/Users/eolande/EventMAV/FRED/65.zip,3287,98.61622500000297,98.64622500000297,propeller_2,139,371,143,373,4,2,8,7,13,816.0,3,1,1,0,0,1,0,0.9476477282941633,1,138.37454200256616
/Users/eolande/EventMAV/FRED/65.zip,3288,98.64622500000297,98.67622500000297,propeller_1,606,461,620,467,14,6,84,16,147,2244.0,5,1,1,1,1,1,0,0.9296449431294584,1,139.2028750051395
/Users/eolande/EventMAV/FRED/65.zip,3289,98.67622500000297,98.70622500000297,propeller_1,591,462,609,471,18,9,162,19,231,2575.5,4,1,1,1,0,1,0,0.9372726651309504,1,136.98729099996854
/Users/eolande/EventMAV/FRED/65.zip,3289,98.67622500000297,98.70622500000297,propeller_2,1193,403,1198,406,5,3,15,10,32,816.0,5,1,1,1,1,1,0,0.9195767185123755,1,136.98729099996854
/Users/eolande/EventMAV/FRED/65.zip,3290,98.70622500000297,98.73622500000297,propeller_1,579,467,583,475,4,8,32,17,57,1861.5,3,1,0,1,0,1,0,0.9162253649544672,1,138.71612500224728
/Users/eolande/EventMAV/FRED/65.zip,3291,98.73622500000297,98.76622500000298,propeller_1,562,471,575,478,13,7,91,19,148,2244.0,5,1,1,1,1,1,0,0.9277881614356084,1,142.08983299613465
/Users/eolande/EventMAV/FRED/65.zip,3292,98.76622500000298,98.79622500000298,propeller_1,550,479,553,482,3,3,9,7,35,1657.5,3,1,0,1,0,1,0,0.874081938076696,1,143.05079199402826
/Users/eolande/EventMAV/FRED/65.zip,3292,98.76622500000298,98.79622500000298,propeller_2,115,366,128,373,13,7,91,19,65,1530.0,4,1,1,0,1,1,0,0.9505491296038899,1,143.05079199402826
/Users/eolande/EventMAV/FRED/65.zip,3293,98.79622500000298,98.82622500000298,propeller_1,112,366,128,374,16,8,128,27,80,2575.5,5,1,1,1,1,1,0,0.8970912464630381,1,137.87179200153332
/Users/eolande/EventMAV/FRED/65.zip,3293,98.79622500000298,98.82622500000298,propeller_3,537,479,545,483,8,4,32,14,74,1479.0,6,1,1,1,1,1,1,0.9235808094856605,1,137.87179200153332
/Users/eolande/EventMAV/FRED/65.zip,3294,98.82622500000298,98.85622500000298,propeller_1,110,366,127,374,17,8,136,31,90,3366.0,5,1,1,1,1,1,0,0.9045611181357129,1,134.02762499754317
/Users/eolande/EventMAV/FRED/65.zip,3294,98.82622500000298,98.85622500000298,propeller_2,518,485,526,489,8,4,32,16,77,1810.5,6,1,1,1,1,1,1,0.8702585485926955,1,134.02762499754317
/Users/eolande/EventMAV/FRED/65.zip,3295,98.85622500000298,98.88622500000298,propeller_1,110,367,125,375,15,8,120,25,82,2728.5,5,1,1,1,1,1,0,0.9312208618701935,1,133.8735409954097
/Users/eolande/EventMAV/FRED/65.zip,3295,98.85622500000298,98.88622500000298,propeller_2,515,488,517,490,2,2,4,4,7,816.0,4,1,0,1,1,1,0,1.0,1,133.8735409954097
/Users/eolande/EventMAV/FRED/65.zip,3296,98.88622500000298,98.91622500000298,propeller_1,108,367,123,375,15,8,120,29,91,4335.0,5,1,1,1,1,1,0,0.9074614088108657,1,136.42854199861176
/Users/eolande/EventMAV/FRED/65.zip,3296,98.88622500000298,98.91622500000298,propeller_2,493,491,499,494,6,3,18,12,64,2091.0,4,1,0,1,1,1,0,0.8625491471171967,1,136.42854199861176
/Users/eolande/EventMAV/FRED/65.zip,3297,98.91622500000298,98.94622500000298,propeller_1,107,367,122,375,15,8,120,27,78,3417.0,5,1,1,1,1,1,0,0.930850707125735,1,135.97225000557955
/Users/eolande/EventMAV/FRED/65.zip,3298,98.94622500000298,98.97622500000298,propeller_2,107,367,121,375,14,8,112,31,56,2779.5,5,1,1,1,1,1,0,0.9264715132468992,1,133.96033300523413
/Users/eolande/EventMAV/FRED/65.zip,3298,98.94622500000298,98.97622500000298,propeller_3,471,498,472,501,1,3,3,3,4,688.5,3,1,0,1,0,1,0,0.9338186795769122,1,133.96033300523413
/Users/eolande/EventMAV/FRED/65.zip,3299,98.97622500000298,99.00622500000298,propeller_1,452,504,456,507,4,3,12,8,39,1453.5,3,1,0,1,0,1,0,0.8609480218158967,1,132.38366699806647
/Users/eolande/EventMAV/FRED/65.zip,3300,99.00622500000298,99.03622500000299,propeller_1,106,367,120,375,14,8,112,29,51,2524.5,4,1,1,0,1,1,0,0.9235467713984293,1,138.56137500260957
/Users/eolande/EventMAV/FRED/65.zip,3300,99.00622500000298,99.03622500000299,propeller_2,438,509,440,512,2,3,6,4,13,969.0,5,1,1,1,1,1,0,0.8645975765475629,1,138.56137500260957
/Users/eolande/EventMAV/FRED/65.zip,3301,99.03622500000299,99.06622500000299,propeller_1,105,367,109,370,4,3,12,12,16,1351.5,4,1,1,1,1,0,0,0.9116431539739953,1,138.5336669991375
/Users/eolande/EventMAV/FRED/65.zip,3301,99.03622500000299,99.06622500000299,propeller_2,429,511,430,514,1,3,3,3,7,841.5,4,1,0,1,1,1,0,0.9338186795769122,1,138.5336669991375
/Users/eolande/EventMAV/FRED/65.zip,3302,99.06622500000299,99.09622500000299,propeller_2,412,514,419,520,7,6,42,9,83,1479.0,5,1,1,1,1,1,0,0.8930808184166217,1,138.47445899591548
/Users/eolande/EventMAV/FRED/65.zip,3302,99.06622500000299,99.09622500000299,propeller_3,114,372,117,375,3,3,9,9,8,459.0,3,1,1,0,1,0,0,0.8720173263267683,1,138.47445899591548
/Users/eolande/EventMAV/FRED/65.zip,3303,99.09622500000299,99.12622500000299,propeller_2,105,366,109,370,4,4,16,14,17,1300.5,3,1,1,0,1,0,0,0.9652901257014455,1,135.54533300339244
/Users/eolande/EventMAV/FRED/65.zip,3303,99.09622500000299,99.12622500000299,propeller_3,404,519,408,522,4,3,12,5,33,1122.0,5,1,1,1,1,1,0,0.8386744504804804,1,135.54533300339244
/Users/eolande/EventMAV/FRED/65.zip,3304,99.12622500000299,99.15622500000299,propeller_1,106,366,119,374,13,8,104,29,68,3825.0,4,1,0,1,1,1,0,0.9242400731096302,1,144.276708997495
/Users/eolande/EventMAV/FRED/65.zip,3304,99.12622500000299,99.15622500000299,propeller_2,389,523,393,526,4,3,12,6,37,1147.5,5,1,1,1,1,1,0,0.8730973774711982,1,144.276708997495
/Users/eolande/EventMAV/FRED/65.zip,3305,99.15622500000299,99.18622500000299,propeller_1,107,366,120,375,13,9,117,31,82,4564.5,5,1,1,1,1,1,0,0.9282130814231485,1,140.26841599843465
/Users/eolande/EventMAV/FRED/65.zip,3305,99.15622500000299,99.18622500000299,propeller_2,377,525,384,530,7,5,35,20,82,1887.0,5,1,1,1,1,1,0,0.8589317185611289,1,140.26841599843465
/Users/eolande/EventMAV/FRED/65.zip,3306,99.18622500000299,99.21622500000299,propeller_1,107,366,120,375,13,9,117,29,69,4411.5,4,1,1,0,1,1,0,0.8995154640197779,1,136.9897500044317
/Users/eolande/EventMAV/FRED/65.zip,3306,99.18622500000299,99.21622500000299,propeller_2,367,528,376,534,9,6,54,27,83,2550.0,4,1,1,0,1,1,0,0.9213618912440278,1,136.9897500044317
/Users/eolande/EventMAV/FRED/65.zip,3307,99.21622500000299,99.246225000003,propeller_1,108,366,119,375,11,9,99,23,60,3264.0,5,1,1,1,1,1,0,0.8965135682787447,1,137.93479099695105
/Users/eolande/EventMAV/FRED/65.zip,3307,99.21622500000299,99.246225000003,propeller_2,359,530,365,536,6,6,36,18,46,1402.5,5,1,1,1,1,1,0,0.8749914368857421,1,137.93479099695105
/Users/eolande/EventMAV/FRED/65.zip,3308,99.246225000003,99.276225000003,propeller_2,109,365,122,375,13,10,130,39,99,5355.0,4,1,0,1,1,1,0,0.9249837432208897,1,136.97920800041175
/Users/eolande/EventMAV/FRED/65.zip,3308,99.246225000003,99.276225000003,propeller_3,353,535,357,539,4,4,16,8,36,1122.0,5,1,1,1,1,1,0,0.865362811272842,1,136.97920800041175
/Users/eolande/EventMAV/FRED/65.zip,3309,99.276225000003,99.306225000003,propeller_2,110,365,123,375,13,10,130,48,135,7344.0,5,1,1,1,1,1,0,0.9404950147104589,1,138.42149999982212
/Users/eolande/EventMAV/FRED/65.zip,3309,99.276225000003,99.306225000003,propeller_3,343,537,349,541,6,4,24,8,37,943.5,3,1,1,0,0,1,0,0.9011930004523572,1,138.42149999982212
/Users/eolande/EventMAV/FRED/65.zip,3310,99.306225000003,99.336225000003,propeller_1,110,365,124,375,14,10,140,46,140,7063.5,5,1,1,1,1,1,0,0.938169193108812,1,136.76974999543745
/Users/eolande/EventMAV/FRED/65.zip,3311,99.336225000003,99.366225000003,propeller_1,112,365,130,375,18,10,180,55,177,8287.5,5,1,1,1,1,1,0,0.918175973431449,1,138.65874999464722
/Users/eolande/EventMAV/FRED/65.zip,3311,99.336225000003,99.366225000003,propeller_2,333,542,334,546,1,4,4,4,6,535.5,4,1,1,1,1,0,0,0.9348843260738693,1,138.65874999464722
/Users/eolande/EventMAV/FRED/65.zip,3312,99.366225000003,99.396225000003,propeller_1,116,365,132,375,16,10,160,46,120,5380.5,4,1,1,0,1,1,0,0.9045990965776532,1,141.43974999751663
/Users/eolande/EventMAV/FRED/65.zip,3312,99.366225000003,99.396225000003,propeller_4,1189,357,1196,369,7,12,84,9,82,1377.0,4,1,1,0,0,1,1,0.9538330381323841,1,141.43974999751663
/Users/eolande/EventMAV/FRED/65.zip,3313,99.396225000003,99.426225000003,propeller_1,117,365,135,375,18,10,180,59,163,7828.5,5,1,1,1,1,1,0,0.9240220524537864,1,140.95029099553358
/Users/eolande/EventMAV/FRED/65.zip,3314,99.426225000003,99.456225000003,propeller_1,120,365,131,375,11,10,110,43,117,5814.0,6,1,1,1,1,1,1,0.9398739933699096,1,144.417584000621
/Users/eolande/EventMAV/FRED/65.zip,3314,99.426225000003,99.456225000003,propeller_2,679,305,687,327,8,22,176,25,161,3825.0,4,1,0,1,1,1,0,0.9311526410690598,1,144.417584000621
/Users/eolande/EventMAV/FRED/65.zip,3315,99.456225000003,99.486225000003,propeller_1,121,365,134,375,13,10,130,46,129,6094.5,6,1,1,1,1,1,1,0.9526822399820107,1,137.04045900522033
/Users/eolande/EventMAV/FRED/65.zip,3315,99.456225000003,99.486225000003,propeller_2,675,277,677,279,2,2,4,3,6,1096.5,3,1,0,0,1,1,0,0.9999977999153409,1,137.04045900522033
/Users/eolande/EventMAV/FRED/65.zip,3316,99.486225000003,99.516225000003,propeller_1,129,367,143,375,14,8,112,45,131,5635.5,5,1,1,1,1,1,0,0.950882282526657,1,142.56666699657217
/Users/eolande/EventMAV/FRED/65.zip,3317,99.516225000003,99.546225000003,propeller_1,127,366,145,374,18,8,144,55,146,6324.0,6,1,1,1,1,1,1,0.9358331297139214,1,137.7548750024289
/Users/eolande/EventMAV/FRED/65.zip,3318,99.546225000003,99.576225000003,propeller_1,129,365,149,374,20,9,180,59,157,6528.0,5,1,1,1,1,1,0,0.9339303585627805,1,138.2924580029794
/Users/eolande/EventMAV/FRED/65.zip,3318,99.546225000003,99.576225000003,propeller_2,683,168,700,194,17,26,442,28,313,4819.5,4,1,0,1,1,1,0,0.9048552099327892,1,138.2924580029794
/Users/eolande/EventMAV/FRED/65.zip,3319,99.576225000003,99.60622500000301,propeller_1,132,366,150,374,18,8,144,49,114,5712.0,5,1,1,1,1,1,0,0.9043106680035953,1,138.15183399856323
/Users/eolande/EventMAV/FRED/65.zip,3319,99.576225000003,99.60622500000301,propeller_2,706,146,724,164,18,18,324,22,298,4692.0,3,1,0,0,1,1,0,0.9357261513739287,1,138.15183399856323
/Users/eolande/EventMAV/FRED/65.zip,3320,99.60622500000301,99.63622500000301,propeller_1,134,364,154,374,20,10,200,56,167,7471.5,5,1,1,1,1,1,0,0.8837218128292613,1,138.42187500267755
/Users/eolande/EventMAV/FRED/65.zip,3320,99.60622500000301,99.63622500000301,propeller_2,732,126,755,142,23,16,368,20,375,5329.5,4,1,0,1,1,1,0,0.9190446825604374,1,138.42187500267755
/Users/eolande/EventMAV/FRED/65.zip,3321,99.63622500000301,99.66622500000301,propeller_1,136,366,157,373,21,7,147,61,153,7497.0,5,1,1,1,1,1,0,0.8361692657729813,1,142.78125000419095
/Users/eolande/EventMAV/FRED/65.zip,3321,99.63622500000301,99.66622500000301,propeller_2,769,104,797,122,28,18,504,37,356,6375.0,5,1,1,1,1,1,0,0.9207820942235072,1,142.78125000419095
/Users/eolande/EventMAV/FRED/65.zip,3322,99.66622500000301,99.69622500000301,propeller_1,139,364,159,374,20,10,200,88,166,8262.0,4,1,1,0,1,1,0,0.9066509672078666,1,137.17337500565918
/Users/eolande/EventMAV/FRED/65.zip,3322,99.66622500000301,99.69622500000301,propeller_2,802,85,820,101,18,16,288,44,286,5049.0,4,1,0,1,1,1,0,0.8661970407473523,1,137.17337500565918
/Users/eolande/EventMAV/FRED/65.zip,3322,99.66622500000301,99.69622500000301,propeller_3,1169,364,1203,383,34,19,646,38,412,3978.0,3,1,1,0,0,1,0,0.9330450155157535,1,137.17337500565918
/Users/eolande/EventMAV/FRED/65.zip,3323,99.69622500000301,99.72622500000301,propeller_1,149,363,163,373,14,10,140,61,140,6273.0,4,1,1,0,1,1,0,0.9140176706998291,1,141.71608299511718
/Users/eolande/EventMAV/FRED/65.zip,3323,99.69622500000301,99.72622500000301,propeller_2,821,61,833,82,12,21,252,45,304,4819.5,5,1,1,1,1,1,0,0.880241762605613,1,141.71608299511718
/Users/eolande/EventMAV/FRED/65.zip,3323,99.69622500000301,99.72622500000301,propeller_4,1202,365,1204,367,2,2,4,3,4,459.0,3,1,1,0,0,1,0,0.9964096396165248,1,141.71608299511718
/Users/eolande/EventMAV/FRED/65.zip,3324,99.72622500000301,99.75622500000301,propeller_1,828,36,834,61,6,25,150,41,345,4998.0,6,1,1,1,1,1,1,0.8612220849799413,1,137.14241699926788
/Users/eolande/EventMAV/FRED/65.zip,3324,99.72622500000301,99.75622500000301,propeller_2,151,364,164,373,13,9,117,45,118,4513.5,6,1,1,1,1,1,1,0.922979779924165,1,137.14241699926788
/Users/eolande/EventMAV/FRED/65.zip,3325,99.75622500000301,99.78622500000301,propeller_1,150,363,168,373,18,10,180,80,186,8109.0,5,1,1,1,1,1,0,0.8890392602415237,1,140.2596670013736
/Users/eolande/EventMAV/FRED/65.zip,3325,99.75622500000301,99.78622500000301,propeller_2,816,18,829,33,13,15,195,25,392,6196.5,4,1,0,0,1,1,1,0.8758121238991258,1,140.2596670013736
/Users/eolande/EventMAV/FRED/65.zip,3326,99.78622500000301,99.81622500000302,propeller_1,154,363,171,372,17,9,153,68,183,7930.5,5,1,1,1,1,1,0,0.8370383786607913,1,141.9319579945295
/Users/eolande/EventMAV/FRED/65.zip,3327,99.81622500000302,99.84622500000302,propeller_1,155,363,175,373,20,10,200,54,166,6375.0,6,1,1,1,1,1,1,0.9265645618099615,1,136.63683400227455
/Users/eolande/EventMAV/FRED/65.zip,3328,99.84622500000302,99.87622500000302,propeller_1,160,362,178,372,18,10,180,86,211,9919.5,6,1,1,1,1,1,1,0.89659407865644,1,135.0342500008992
/Users/eolande/EventMAV/FRED/65.zip,3329,99.87622500000302,99.90622500000302,propeller_1,161,362,181,372,20,10,200,80,205,9001.5,4,1,0,1,1,1,0,0.8971441292100892,1,140.82783300545998
/Users/eolande/EventMAV/FRED/65.zip,3330,99.90622500000302,99.93622500000302,propeller_1,167,362,186,372,19,10,190,88,235,10174.5,5,1,1,1,1,1,0,0.8862014196255731,1,139.17100000253413
/Users/eolande/EventMAV/FRED/65.zip,3331,99.93622500000302,99.96622500000302,propeller_1,174,362,189,371,15,9,135,71,203,8211.0,5,1,1,0,1,1,1,0.8606528914110043,1,138.22862500092015
/Users/eolande/EventMAV/FRED/65.zip,3332,99.96622500000302,99.99622500000302,propeller_1,175,362,193,371,18,9,162,66,189,7981.5,5,1,1,1,1,1,0,0.8856533737738967,1,135.98787500086473
/Users/eolande/EventMAV/FRED/65.zip,3333,99.99622500000302,100.02622500000302,propeller_1,180,362,197,370,17,8,136,79,217,9486.0,4,1,1,0,1,1,0,0.817653998029666,1,136.14479199895868
/Users/eolande/EventMAV/FRED/65.zip,3334,100.02622500000302,100.05622500000302,propeller_1,184,361,201,370,17,9,153,69,200,9027.0,5,1,1,1,1,1,0,0.9238148001076081,1,136.46587500261376
/Users/eolande/EventMAV/FRED/65.zip,3335,100.05622500000302,100.08622500000303,propeller_1,187,361,206,369,19,8,152,80,222,8721.0,5,1,1,1,1,1,0,0.8497247782472273,1,137.1607910041348
/Users/eolande/EventMAV/FRED/65.zip,3336,100.08622500000303,100.11622500000303,propeller_1,189,361,208,369,19,8,152,88,305,12597.0,5,1,1,1,1,1,0,0.8086576806660837,1,137.50645799882477
/Users/eolande/EventMAV/FRED/65.zip,3337,100.11622500000303,100.14622500000303,propeller_1,192,361,208,369,16,8,128,59,161,6018.0,4,1,0,1,1,1,0,0.9265171151187611,1,135.02175000030547
/Users/eolande/EventMAV/FRED/65.zip,3338,100.14622500000303,100.17622500000303,propeller_2,196,361,208,368,12,7,84,39,109,4513.5,3,1,0,0,1,1,0,0.8429704974261557,1,138.485709001543
/Users/eolande/EventMAV/FRED/65.zip,3339,100.17622500000303,100.20622500000303,propeller_1,199,361,217,368,18,7,126,49,133,5737.5,5,1,1,1,1,1,0,0.9440253243566551,1,140.66491600533482
/Users/eolande/EventMAV/FRED/65.zip,3340,100.20622500000303,100.23622500000303,propeller_1,200,360,220,366,20,6,120,52,187,6910.5,4,1,1,0,1,1,0,0.8931153914745722,1,139.45645899366355
/Users/eolande/EventMAV/FRED/65.zip,3341,100.23622500000303,100.26622500000303,propeller_2,202,362,209,367,7,5,35,30,125,5125.5,5,1,1,1,1,1,0,0.956304378926134,1,138.2469590025721
/Users/eolande/EventMAV/FRED/65.zip,3342,100.26622500000303,100.29622500000303,propeller_2,204,360,227,367,23,7,161,63,162,6069.0,5,1,1,1,1,1,0,0.9064958550809021,1,141.7578750042594
/Users/eolande/EventMAV/FRED/65.zip,3343,100.29622500000303,100.32622500000303,propeller_2,207,361,228,367,21,6,126,59,130,6298.5,5,1,1,1,1,1,0,0.924279202572768,1,147.94145899941213
/Users/eolande/EventMAV/FRED/65.zip,3344,100.32622500000303,100.35622500000304,propeller_1,211,358,230,364,19,6,114,33,103,3978.0,5,1,1,1,1,1,0,0.9208251397482454,1,137.29458399757277
/Users/eolande/EventMAV/FRED/65.zip,3345,100.35622500000304,100.38622500000304,propeller_1,213,358,232,365,19,7,133,45,120,4768.5,5,1,1,1,1,1,0,0.8737647873915524,1,138.59433300240198
/Users/eolande/EventMAV/FRED/65.zip,3346,100.38622500000304,100.41622500000304,propeller_1,215,358,234,365,19,7,133,43,126,4743.0,5,1,1,1,1,1,0,0.9092276561190688,1,136.32104200223694
/Users/eolande/EventMAV/FRED/65.zip,3347,100.41622500000304,100.44622500000304,propeller_1,219,357,237,365,18,8,144,40,84,3060.0,4,1,1,0,1,1,0,0.8826341488644175,1,137.13737500074785
/Users/eolande/EventMAV/FRED/65.zip,3348,100.44622500000304,100.47622500000304,propeller_1,221,357,235,364,14,7,98,26,64,1938.0,4,1,1,0,1,1,0,0.896676060485326,1,137.4619169946527
/Users/eolande/EventMAV/FRED/65.zip,3349,100.47622500000304,100.50622500000304,propeller_1,223,358,229,365,6,7,42,32,81,3799.5,5,1,1,0,1,1,1,0.9360190664577035,1,137.9342500003986
/Users/eolande/EventMAV/FRED/65.zip,3350,100.50622500000304,100.53622500000304,propeller_1,224,358,241,366,17,8,136,50,88,4309.5,6,1,1,1,1,1,1,0.8714272886102684,1,139.32604100409662
/Users/eolande/EventMAV/FRED/65.zip,3351,100.53622500000304,100.56622500000304,propeller_1,225,357,241,365,16,8,128,47,111,4921.5,6,1,1,1,1,1,1,0.9100194216367475,1,143.20962499914458
/Users/eolande/EventMAV/FRED/65.zip,3351,100.53622500000304,100.56622500000304,propeller_2,1122,191,1126,199,4,8,32,18,49,1734.0,5,1,1,1,1,1,0,0.8703244165789765,1,143.20962499914458
/Users/eolande/EventMAV/FRED/65.zip,3352,100.56622500000304,100.59622500000305,propeller_1,225,356,244,364,19,8,152,48,98,4105.5,5,1,1,1,1,1,0,0.924516258813566,1,139.93333299731603
/Users/eolande/EventMAV/FRED/65.zip,3352,100.56622500000304,100.59622500000305,propeller_2,1124,179,1130,188,6,9,54,19,49,1504.5,6,1,1,1,1,1,1,0.8584250263012148,1,139.93333299731603
/Users/eolande/EventMAV/FRED/65.zip,3353,100.59622500000305,100.62622500000305,propeller_1,231,356,246,362,15,6,90,33,110,4615.5,4,1,0,1,1,1,0,0.9387278951523435,1,138.57283299876144
/Users/eolande/EventMAV/FRED/65.zip,3353,100.59622500000305,100.62622500000305,propeller_2,1131,168,1140,176,9,8,72,9,65,1300.5,6,1,1,1,1,1,1,0.8923130872207606,1,138.57283299876144
/Users/eolande/EventMAV/FRED/65.zip,3354,100.62622500000305,100.65622500000305,propeller_1,227,355,247,361,20,6,120,43,143,6018.0,5,1,1,1,1,1,0,0.9617651780078957,1,141.49254099902464
/Users/eolande/EventMAV/FRED/65.zip,3354,100.62622500000305,100.65622500000305,propeller_2,1140,158,1151,167,11,9,99,15,69,1581.0,5,1,1,1,1,1,0,0.8829008603047155,1,141.49254099902464
/Users/eolande/EventMAV/FRED/65.zip,3355,100.65622500000305,100.68622500000305,propeller_1,233,355,248,360,15,5,75,34,121,4641.0,4,1,1,0,1,1,0,0.9377999072715719,1,137.6743750006426
/Users/eolande/EventMAV/FRED/65.zip,3355,100.65622500000305,100.68622500000305,propeller_2,1155,154,1157,157,2,3,6,3,13,841.5,4,1,0,1,1,1,0,0.999971998258524,1,137.6743750006426
/Users/eolande/EventMAV/FRED/65.zip,3356,100.68622500000305,100.71622500000305,propeller_1,229,355,250,359,21,4,84,37,106,3621.0,4,1,1,0,1,1,0,0.9069426325198405,1,137.0360000000801
/Users/eolande/EventMAV/FRED/65.zip,3356,100.68622500000305,100.71622500000305,propeller_2,1175,140,1178,142,3,2,6,3,20,994.5,5,1,1,1,1,1,0,0.999971998258524,1,137.0360000000801
/Users/eolande/EventMAV/FRED/65.zip,3357,100.71622500000305,100.74622500000305,propeller_1,1181,125,1195,136,14,11,154,12,116,1810.5,6,1,1,1,1,1,1,0.910287695155607,1,142.26195799710695
/Users/eolande/EventMAV/FRED/65.zip,3357,100.71622500000305,100.74622500000305,propeller_2,232,355,250,358,18,3,54,26,71,1759.5,4,1,1,0,0,1,1,0.8913847033749356,1,142.26195799710695
/Users/eolande/EventMAV/FRED/65.zip,3358,100.74622500000305,100.77622500000305,propeller_1,1196,111,1207,123,11,12,132,25,122,2575.5,6,1,1,1,1,1,1,0.9304075779412277,1,141.56029099831358
/Users/eolande/EventMAV/FRED/65.zip,3358,100.74622500000305,100.77622500000305,propeller_2,238,354,241,356,3,2,6,6,12,739.5,3,1,1,0,0,1,0,0.9667314744315455,1,141.56029099831358
/Users/eolande/EventMAV/FRED/65.zip,3359,100.77622500000305,100.80622500000305,propeller_1,236,353,254,357,18,4,72,28,104,3289.5,5,1,1,1,1,1,0,0.9484341717189979,1,143.36850000108825
/Users/eolande/EventMAV/FRED/65.zip,3359,100.77622500000305,100.80622500000305,propeller_2,1207,96,1218,109,11,13,143,28,141,2473.5,6,1,1,1,1,1,1,0.8994974636424329,1,143.36850000108825
/Users/eolande/EventMAV/FRED/65.zip,3360,100.80622500000305,100.83622500000305,propeller_1,239,349,258,358,19,9,171,55,192,5253.0,4,1,0,1,1,1,0,0.9213017880870357,1,139.2961669989745
/Users/eolande/EventMAV/FRED/65.zip,3360,100.80622500000305,100.83622500000305,propeller_2,1216,81,1226,94,10,13,130,24,120,2499.0,6,1,1,1,1,1,1,0.9214551925279683,1,139.2961669989745
/Users/eolande/EventMAV/FRED/65.zip,3361,100.83622500000305,100.86622500000306,propeller_1,237,348,259,358,22,10,220,76,277,8797.5,5,1,1,1,1,1,0,0.9011535618938208,1,138.96612499956973
/Users/eolande/EventMAV/FRED/65.zip,3361,100.83622500000305,100.86622500000306,propeller_2,1226,61,1234,75,8,14,112,24,145,2907.0,5,1,1,1,1,1,0,0.9341738950758979,1,138.96612499956973
/Users/eolande/EventMAV/FRED/65.zip,3362,100.86622500000306,100.89622500000306,propeller_1,235,346,261,358,26,12,312,113,382,12699.0,5,1,1,1,1,1,0,0.9019828114700967,1,140.6543339980999
/Users/eolande/EventMAV/FRED/65.zip,3362,100.86622500000306,100.89622500000306,propeller_2,1232,42,1241,59,9,17,153,32,239,3570.0,5,1,1,1,1,1,0,0.9218295214751178,1,140.6543339980999
/Users/eolande/EventMAV/FRED/65.zip,3363,100.89622500000306,100.92622500000306,propeller_1,237,343,262,357,25,14,350,123,447,14739.0,5,1,1,1,1,1,0,0.9243908575854322,1,139.966959002777
/Users/eolande/EventMAV/FRED/65.zip,3363,100.89622500000306,100.92622500000306,propeller_2,1239,22,1248,39,9,17,153,30,243,3774.0,3,1,0,0,1,1,0,0.9152918422650522,1,139.966959002777
/Users/eolande/EventMAV/FRED/65.zip,3364,100.92622500000306,100.95622500000306,propeller_1,238,343,263,357,25,14,350,133,448,16269.0,5,1,1,1,1,1,0,0.9382613946119625,1,140.51129200379364
/Users/eolande/EventMAV/FRED/65.zip,3364,100.92622500000306,100.95622500000306,propeller_2,1247,1,1252,9,5,8,40,24,114,2473.5,4,1,0,1,1,1,0,0.8670742191396998,1,140.51129200379364
/Users/eolande/EventMAV/FRED/65.zip,3365,100.95622500000306,100.98622500000306,propeller_1,239,342,264,355,25,13,325,110,430,13617.0,5,1,1,1,1,1,0,0.9426954504521713,1,139.36500000272645
/Users/eolande/EventMAV/FRED/65.zip,3366,100.98622500000306,101.01622500000306,propeller_1,240,340,265,355,25,15,375,129,489,16881.0,5,1,1,1,1,1,0,0.9183346396763756,1,137.7612920041429
/Users/eolande/EventMAV/FRED/65.zip,3367,101.01622500000306,101.04622500000306,propeller_1,242,339,265,355,23,16,368,130,501,17008.5,5,1,1,1,1,1,0,0.8646289615296436,1,139.94850000017323
/Users/eolande/EventMAV/FRED/65.zip,3368,101.04622500000306,101.07622500000306,propeller_1,242,338,266,355,24,17,408,141,532,19074.0,5,1,1,1,1,1,0,0.9244935181848164,1,140.4030830017291
/Users/eolande/EventMAV/FRED/65.zip,3369,101.07622500000306,101.10622500000306,propeller_1,242,337,267,355,25,18,450,155,610,21649.5,4,1,1,0,1,1,0,0.9125937379471653,1,143.86008300061803
/Users/eolande/EventMAV/FRED/65.zip,3370,101.10622500000306,101.13622500000307,propeller_1,242,337,267,355,25,18,450,158,669,23791.5,3,1,0,0,1,1,0,0.9082751152754094,1,142.5429160008207
/Users/eolande/EventMAV/FRED/65.zip,3371,101.13622500000307,101.16622500000307,propeller_1,242,336,267,354,25,18,450,179,810,28942.5,3,1,0,0,1,1,0,0.8888653511756643,1,137.6157089980552
/Users/eolande/EventMAV/FRED/65.zip,3372,101.16622500000307,101.19622500000307,propeller_1,241,335,267,354,26,19,494,191,903,32487.0,3,1,0,0,1,1,0,0.895456487914364,1,142.34066600329243
/Users/eolande/EventMAV/FRED/65.zip,3373,101.19622500000307,101.22622500000307,propeller_1,241,335,268,354,27,19,513,201,957,35215.5,4,1,0,1,1,1,0,0.9201127234312101,1,141.42370800254866
/Users/eolande/EventMAV/FRED/65.zip,3374,101.22622500000307,101.25622500000307,propeller_1,242,334,268,354,26,20,520,193,969,32997.0,4,1,0,1,1,1,0,0.9031263485843048,1,139.74116699682781
/Users/eolande/EventMAV/FRED/65.zip,3374,101.22622500000307,101.25622500000307,propeller_2,381,579,385,583,4,4,16,14,47,1938.0,4,1,1,0,1,1,0,0.9299308815938385,1,139.74116699682781
/Users/eolande/EventMAV/FRED/65.zip,3375,101.25622500000307,101.28622500000307,propeller_1,241,334,268,354,27,20,540,204,1050,37944.0,3,1,0,0,1,1,0,0.9105656788362715,1,138.49012500577373
/Users/eolande/EventMAV/FRED/65.zip,3375,101.25622500000307,101.28622500000307,propeller_2,379,581,383,585,4,4,16,13,38,1530.0,5,1,1,1,1,1,0,0.9113543135579324,1,138.49012500577373
/Users/eolande/EventMAV/FRED/65.zip,3376,101.28622500000307,101.31622500000307,propeller_1,241,334,268,354,27,20,540,209,1131,40060.5,3,1,0,0,1,1,0,0.8986132256152749,1,137.37258299806854
/Users/eolande/EventMAV/FRED/65.zip,3376,101.28622500000307,101.31622500000307,propeller_2,377,583,381,588,4,5,20,14,35,1326.0,3,1,1,0,0,1,0,0.9596283004645388,1,137.37258299806854
/Users/eolande/EventMAV/FRED/65.zip,3377,101.31622500000307,101.34622500000307,propeller_1,243,334,268,354,25,20,500,210,1196,41055.0,4,1,0,0,1,1,1,0.8829071747132706,1,138.21125000686152
/Users/eolande/EventMAV/FRED/65.zip,3378,101.34622500000307,101.37622500000307,propeller_1,241,334,268,354,27,20,540,243,1280,45415.5,4,1,0,1,1,1,0,0.8880684219304564,1,138.35200000175973
/Users/eolande/EventMAV/FRED/65.zip,3378,101.34622500000307,101.37622500000307,propeller_2,371,587,376,592,5,5,25,21,50,2346.0,4,1,1,0,1,1,0,0.9484452527641124,1,138.35200000175973
/Users/eolande/EventMAV/FRED/65.zip,3379,101.37622500000307,101.40622500000308,propeller_1,240,334,267,354,27,20,540,245,1327,47124.0,4,1,0,1,1,1,0,0.913482175814944,1,143.97045799705666
/Users/eolande/EventMAV/FRED/65.zip,3379,101.37622500000307,101.40622500000308,propeller_2,370,589,374,594,4,5,20,16,35,1224.0,4,1,1,1,0,1,0,0.8839026994151757,1,143.97045799705666
/Users/eolande/EventMAV/FRED/65.zip,3380,101.40622500000308,101.43622500000308,propeller_1,240,334,267,354,27,20,540,246,1327,46614.0,5,1,1,1,1,1,0,0.9052468119997754,1,192.27991699881386
/Users/eolande/EventMAV/FRED/65.zip,3380,101.40622500000308,101.43622500000308,propeller_2,367,594,371,599,4,5,20,10,20,918.0,3,1,1,0,1,0,0,0.885481951754326,1,192.27991699881386
/Users/eolande/EventMAV/FRED/65.zip,3381,101.43622500000308,101.46622500000308,propeller_1,240,334,266,354,26,20,520,235,1208,44574.0,5,1,1,1,1,1,0,0.9006691944658302,1,137.90029200026765
/Users/eolande/EventMAV/FRED/65.zip,3381,101.43622500000308,101.46622500000308,propeller_2,364,595,372,601,8,6,48,28,61,2805.0,3,1,0,0,1,1,0,0.8814372896813416,1,137.90029200026765
/Users/eolande/EventMAV/FRED/65.zip,3382,101.46622500000308,101.49622500000308,propeller_1,240,335,265,354,25,19,475,201,1026,37612.5,4,1,1,0,1,1,0,0.8818222043741457,1,135.03229199704947
/Users/eolande/EventMAV/FRED/65.zip,3382,101.46622500000308,101.49622500000308,propeller_2,361,597,369,603,8,6,48,32,66,3136.5,5,1,1,1,1,1,0,0.9233854182917417,1,135.03229199704947
/Users/eolande/EventMAV/FRED/65.zip,3383,101.49622500000308,101.52622500000308,propeller_1,239,336,264,353,25,17,425,171,797,30651.0,4,1,0,1,1,1,0,0.8845930766198636,1,141.07620799768483
/Users/eolande/EventMAV/FRED/65.zip,3384,101.52622500000308,101.55622500000308,propeller_1,238,337,264,352,26,15,390,129,474,19125.0,3,1,0,0,1,1,0,0.8882965126491635,1,138.0783339991467
/Users/eolande/EventMAV/FRED/65.zip,3385,101.55622500000308,101.58622500000308,propeller_2,237,338,247,351,10,13,130,47,101,4819.5,6,1,1,1,1,1,1,0.8673143023197878,1,135.96879100077786
/Users/eolande/EventMAV/FRED/65.zip,3386,101.58622500000308,101.61622500000308,propeller_2,237,343,241,346,4,3,12,12,25,1275.0,5,1,1,1,1,1,0,0.9204806477821943,1,139.13579200016102
/Users/eolande/EventMAV/FRED/65.zip,3387,101.61622500000308,101.64622500000308,propeller_1,255,343,261,348,6,5,30,26,90,3927.0,6,1,1,1,1,1,1,0.9572572823622643,1,137.00058299582452
/Users/eolande/EventMAV/FRED/65.zip,3387,101.61622500000308,101.64622500000308,propeller_2,236,339,245,346,9,7,63,25,51,2473.5,6,1,1,1,1,1,1,0.9194863136824175,1,137.00058299582452
/Users/eolande/EventMAV/FRED/65.zip,3388,101.64622500000308,101.67622500000309,propeller_1,253,342,259,347,6,5,30,25,90,4080.0,5,1,1,1,1,1,0,0.9191428914110937,1,138.19941700057825
/Users/eolande/EventMAV/FRED/65.zip,3388,101.64622500000308,101.67622500000309,propeller_2,237,344,239,346,2,2,4,4,5,663.0,4,1,1,1,1,0,0,0.9999996655391649,1,138.19941700057825
/Users/eolande/EventMAV/FRED/65.zip,3389,101.67622500000309,101.70622500000309,propeller_1,252,342,258,347,6,5,30,24,90,4182.0,5,1,1,0,1,1,1,0.9336615520466838,1,145.7110829942394
/Users/eolande/EventMAV/FRED/65.zip,3390,101.70622500000309,101.73622500000309,propeller_1,252,342,256,347,4,5,20,19,59,3060.0,6,1,1,1,1,1,1,0.9581898389150921,1,143.22025000001304
/Users/eolande/EventMAV/FRED/65.zip,3391,101.73622500000309,101.76622500000309,propeller_1,251,342,255,347,4,5,20,17,33,2320.5,3,1,1,0,1,0,0,0.9262749968737982,1,138.01804200193146
/Users/eolande/EventMAV/FRED/65.zip,3392,101.76622500000309,101.79622500000309,propeller_1,250,343,254,347,4,4,16,15,44,2269.5,4,1,1,1,1,0,0,0.9471260568310712,1,146.8427090003388
/Users/eolande/EventMAV/FRED/65.zip,3393,101.79622500000309,101.82622500000309,propeller_1,249,342,254,347,5,5,25,20,38,2601.0,4,1,1,1,1,0,0,0.9271631677017886,1,139.1414160025306
/Users/eolande/EventMAV/FRED/65.zip,3394,101.82622500000309,101.85622500000309,propeller_1,248,342,252,347,4,5,20,16,31,2218.5,4,1,1,1,1,0,0,0.9449853215117585,1,151.31166700302856
/Users/eolande/EventMAV/FRED/65.zip,3395,101.85622500000309,101.8862250000031,propeller_1,247,343,251,347,4,4,16,13,24,1147.5,4,1,1,1,1,0,0,0.9643838623971653,1,137.4720840030932
/Users/eolande/EventMAV/FRED/65.zip,3396,101.8862250000031,101.9162250000031,propeller_1,246,343,250,347,4,4,16,15,30,1657.5,4,1,1,1,1,0,0,0.9619659397392489,1,141.10420799988788
/Users/eolande/EventMAV/FRED/65.zip,3397,101.9162250000031,101.9462250000031,propeller_1,245,344,250,347,5,3,15,14,25,1428.0,4,1,1,1,1,0,0,0.9375588784898603,1,139.7045830017305
/Users/eolande/EventMAV/FRED/65.zip,3399,101.9762250000031,102.0062250000031,propeller_1,243,343,246,347,3,4,12,12,19,1351.5,4,1,1,1,1,0,0,0.9259639118820211,1,142.42804200330283
/Users/eolande/EventMAV/FRED/65.zip,3400,102.0062250000031,102.0362250000031,propeller_1,229,341,245,347,16,6,96,24,70,2397.0,5,1,1,0,1,1,1,0.8845423515093643,1,140.75825000327313
/Users/eolande/EventMAV/FRED/65.zip,3401,102.0362250000031,102.0662250000031,propeller_1,228,341,244,347,16,6,96,27,85,3697.5,6,1,1,1,1,1,1,0.8975110595739404,1,139.38908399723005
/Users/eolande/EventMAV/FRED/65.zip,3402,102.0662250000031,102.0962250000031,propeller_1,218,341,243,347,25,6,150,33,125,4386.0,5,1,1,1,1,1,0,0.9217245190160644,1,136.60137500119163
/Users/eolande/EventMAV/FRED/65.zip,3403,102.0962250000031,102.1262250000031,propeller_1,226,341,242,347,16,6,96,30,97,4054.5,5,1,1,0,1,1,1,0.9005411329379418,1,137.76712500111898
/Users/eolande/EventMAV/FRED/65.zip,3404,102.1262250000031,102.1562250000031,propeller_1,226,341,241,347,15,6,90,32,96,3748.5,5,1,1,1,1,1,0,0.9332104504574296,1,137.89454100333387
/Users/eolande/EventMAV/FRED/65.zip,3405,102.1562250000031,102.1862250000031,propeller_1,224,341,240,347,16,6,96,32,90,3978.0,5,1,1,1,1,1,0,0.9358645283160727,1,135.70791600068333
/Users/eolande/EventMAV/FRED/65.zip,3406,102.1862250000031,102.2162250000031,propeller_1,224,341,238,347,14,6,84,24,70,2193.0,5,1,1,1,1,1,0,0.8846379373478026,1,136.51174999540672
/Users/eolande/EventMAV/FRED/65.zip,3407,102.2162250000031,102.24622500000311,propeller_1,223,341,238,347,15,6,90,24,61,2218.5,5,1,1,1,1,1,0,0.8971481159351805,1,137.618583998119
/Users/eolande/EventMAV/FRED/65.zip,3408,102.24622500000311,102.27622500000311,propeller_1,222,341,236,347,14,6,84,21,52,1836.0,5,1,1,1,1,1,0,0.9295880265130427,1,137.9150419961661
/Users/eolande/EventMAV/FRED/65.zip,3409,102.27622500000311,102.30622500000311,propeller_1,221,341,235,346,14,5,70,23,57,2142.0,4,1,1,0,1,1,0,0.9025921855023281,1,136.8761249977979
/Users/eolande/EventMAV/FRED/65.zip,3410,102.30622500000311,102.33622500000311,propeller_1,220,341,234,346,14,5,70,24,56,2728.5,5,1,1,1,1,1,0,0.9232587871291993,1,138.6169580000569
/Users/eolande/EventMAV/FRED/65.zip,3411,102.33622500000311,102.36622500000311,propeller_2,219,341,223,345,4,4,16,15,24,1402.5,5,1,1,1,1,1,0,0.9201605671403941,1,133.7792919948697
/Users/eolande/EventMAV/FRED/65.zip,3412,102.36622500000311,102.39622500000311,propeller_1,206,341,232,347,26,6,156,39,92,3927.0,4,1,1,0,1,1,0,0.908168780016684,1,139.4717919974937
/Users/eolande/EventMAV/FRED/65.zip,3414,102.42622500000311,102.45622500000312,propeller_1,204,341,230,347,26,6,156,40,93,4411.5,5,1,1,1,1,1,0,0.8997828603149899,1,139.28391700028442
/Users/eolande/EventMAV/FRED/65.zip,3415,102.45622500000312,102.48622500000312,propeller_1,203,341,230,347,27,6,162,38,104,3850.5,4,1,1,0,1,1,0,0.9166661152298866,1,141.09445799840614
/Users/eolande/EventMAV/FRED/65.zip,3416,102.48622500000312,102.51622500000312,propeller_1,212,342,218,345,6,3,18,16,20,1402.5,5,1,1,1,1,1,0,0.8894570086084748,1,136.10633299686015
/Users/eolande/EventMAV/FRED/65.zip,3417,102.51622500000312,102.54622500000312,propeller_1,212,342,217,345,5,3,15,15,33,1759.5,5,1,1,1,1,1,0,0.9099726648814117,1,136.77179200021783
/Users/eolande/EventMAV/FRED/65.zip,3418,102.54622500000312,102.57622500000312,propeller_1,212,342,215,345,3,3,9,9,13,1071.0,4,1,1,1,1,0,0,0.8869316247852231,1,137.75591699959477
/Users/eolande/EventMAV/FRED/65.zip,3419,102.57622500000312,102.60622500000312,propeller_1,210,342,215,345,5,3,15,15,23,1300.5,4,1,1,0,1,1,0,0.9090085588488024,1,140.0542499977746
/Users/eolande/EventMAV/FRED/65.zip,3420,102.60622500000312,102.63622500000312,propeller_1,209,342,224,348,15,6,90,22,47,1759.5,5,1,1,1,1,1,0,0.9059260634112865,1,138.83970800088719
/Users/eolande/EventMAV/FRED/65.zip,3421,102.63622500000312,102.66622500000312,propeller_1,208,342,213,345,5,3,15,15,32,1555.5,4,1,1,0,1,1,0,0.9096601630929795,1,137.5219580004341
/Users/eolande/EventMAV/FRED/65.zip,3422,102.66622500000312,102.69622500000312,propeller_1,208,342,223,347,15,5,75,24,67,3213.0,5,1,1,1,1,1,0,0.8925430463452891,1,137.53587500104913
/Users/eolande/EventMAV/FRED/65.zip,3423,102.69622500000312,102.72622500000313,propeller_1,196,342,223,347,27,5,135,36,108,3646.5,5,1,1,1,1,1,0,0.8939496261093293,1,140.22495900280774
/Users/eolande/EventMAV/FRED/65.zip,3424,102.72622500000313,102.75622500000313,propeller_1,193,342,212,345,19,3,57,39,109,4717.5,4,1,1,0,1,1,0,0.9062641273345557,1,140.2503749995958
/Users/eolande/EventMAV/FRED/65.zip,3425,102.75622500000313,102.78622500000313,propeller_1,193,341,211,346,18,5,90,40,184,5763.0,5,1,1,1,1,1,0,0.9157510461040086,1,135.06533300096635
/Users/eolande/EventMAV/FRED/65.zip,3426,102.78622500000313,102.81622500000313,propeller_1,192,340,212,347,20,7,140,56,240,7140.0,5,1,1,1,1,1,0,0.9395846125665959,1,133.9970839981106
/Users/eolande/EventMAV/FRED/65.zip,3427,102.81622500000313,102.84622500000313,propeller_1,192,340,211,348,19,8,152,52,267,7701.0,4,1,1,0,1,1,0,0.9018368530913665,1,137.76566599699436
/Users/eolande/EventMAV/FRED/65.zip,3428,102.84622500000313,102.87622500000313,propeller_1,192,339,209,348,17,9,153,50,278,8313.0,5,1,1,1,1,1,0,0.9172063077228594,1,136.3796250006999
/Users/eolande/EventMAV/FRED/65.zip,3429,102.87622500000313,102.90622500000313,propeller_1,192,339,209,348,17,9,153,49,261,8644.5,5,1,1,1,1,1,0,0.9215536147544289,1,137.05729100183817
/Users/eolande/EventMAV/FRED/65.zip,3430,102.90622500000313,102.93622500000313,propeller_1,192,339,209,349,17,10,170,50,241,9486.0,5,1,1,1,1,1,0,0.9275048833679521,1,139.19754199741874
/Users/eolande/EventMAV/FRED/65.zip,3431,102.93622500000313,102.96622500000313,propeller_1,192,339,209,349,17,10,170,52,230,7828.5,5,1,1,1,1,1,0,0.9383634928183324,1,137.91945899720304
/Users/eolande/EventMAV/FRED/65.zip,3432,102.96622500000313,102.99622500000314,propeller_1,193,339,209,349,16,10,160,47,223,7573.5,5,1,1,1,1,1,0,0.9266242493644299,1,138.60279099753825
/Users/eolande/EventMAV/FRED/65.zip,3433,102.99622500000314,103.02622500000314,propeller_1,193,340,210,349,17,9,153,47,259,8211.0,5,1,1,1,1,1,0,0.9169763810768524,1,136.4542919982341
/Users/eolande/EventMAV/FRED/65.zip,3434,103.02622500000314,103.05622500000314,propeller_1,193,339,211,349,18,10,180,57,292,9511.5,5,1,1,1,1,1,0,0.9400322680978825,1,138.74095800565556
/Users/eolande/EventMAV/FRED/65.zip,3435,103.05622500000314,103.08622500000314,propeller_1,195,339,212,349,17,10,170,56,285,9511.5,5,1,1,1,1,1,0,0.9272273626383607,1,135.6175000037183
/Users/eolande/EventMAV/FRED/65.zip,3436,103.08622500000314,103.11622500000314,propeller_1,196,339,215,348,19,9,171,57,302,9384.0,5,1,1,1,1,1,0,0.9267188948901686,1,137.91062499512918
/Users/eolande/EventMAV/FRED/65.zip,3437,103.11622500000314,103.14622500000314,propeller_1,197,339,216,348,19,9,171,59,298,9333.0,4,1,1,0,1,1,0,0.922831058326405,1,136.62816600117367
/Users/eolande/EventMAV/FRED/65.zip,3438,103.14622500000314,103.17622500000314,propeller_1,199,339,217,348,18,9,162,59,301,9231.0,5,1,1,1,1,1,0,0.9385135546392441,1,144.32608299830463
/Users/eolande/EventMAV/FRED/65.zip,3439,103.17622500000314,103.20622500000314,propeller_1,201,339,219,348,18,9,162,57,266,7726.5,5,1,1,1,1,1,0,0.9401777443788373,1,136.20791599532822
/Users/eolande/EventMAV/FRED/65.zip,3440,103.20622500000314,103.23622500000315,propeller_1,204,338,222,348,18,10,180,54,286,7624.5,5,1,1,1,1,1,0,0.9269936129884322,1,136.71204099955503
/Users/eolande/EventMAV/FRED/65.zip,3440,103.20622500000314,103.23622500000315,propeller_2,622,607,625,610,3,3,9,4,28,1020.0,4,1,0,1,0,1,1,0.9601478861119571,1,136.71204099955503
/Users/eolande/EventMAV/FRED/65.zip,3441,103.23622500000315,103.26622500000315,propeller_1,206,338,225,348,19,10,190,67,320,8772.0,5,1,1,1,1,1,0,0.8289452588912769,1,137.81987499532988
/Users/eolande/EventMAV/FRED/65.zip,3442,103.26622500000315,103.29622500000315,propeller_1,209,338,228,347,19,9,171,64,324,9894.0,5,1,1,1,1,1,0,0.9433250750668123,1,139.67425000009825
/Users/eolande/EventMAV/FRED/65.zip,3443,103.29622500000315,103.32622500000315,propeller_1,211,338,230,347,19,9,171,63,311,10353.0,4,1,1,0,1,1,0,0.931956700712506,1,136.36466699972516
/Users/eolande/EventMAV/FRED/65.zip,3444,103.32622500000315,103.35622500000315,propeller_1,215,338,233,347,18,9,162,60,307,9180.0,5,1,1,1,1,1,0,0.8136184956474593,1,136.7463749993476
/Users/eolande/EventMAV/FRED/65.zip,3445,103.35622500000315,103.38622500000315,propeller_1,217,338,237,347,20,9,180,65,362,10531.5,5,1,1,1,1,1,0,0.9366684906044471,1,136.25654100178508
/Users/eolande/EventMAV/FRED/65.zip,3446,103.38622500000315,103.41622500000315,propeller_1,221,338,241,347,20,9,180,74,352,9588.0,5,1,1,1,1,1,0,0.8189353211928534,1,135.6221660025767
/Users/eolande/EventMAV/FRED/65.zip,3447,103.41622500000315,103.44622500000315,propeller_1,225,338,244,347,19,9,171,68,362,11118.0,5,1,1,1,1,1,0,0.8208487183455537,1,139.21708300040336
/Users/eolande/EventMAV/FRED/65.zip,3447,103.41622500000315,103.44622500000315,propeller_2,698,594,710,598,12,4,48,36,109,3162.0,4,1,0,1,1,1,0,0.8805807952640262,1,139.21708300040336
/Users/eolande/EventMAV/FRED/65.zip,3448,103.44622500000315,103.47622500000315,propeller_1,229,337,249,347,20,10,200,77,395,10225.5,5,1,1,1,1,1,0,0.9555280604393143,1,136.7812500029686
/Users/eolande/EventMAV/FRED/65.zip,3448,103.44622500000315,103.47622500000315,propeller_2,709,592,722,597,13,5,65,45,128,3646.5,5,1,0,1,1,1,1,0.9024293229343089,1,136.7812500029686
/Users/eolande/EventMAV/FRED/65.zip,3449,103.47622500000315,103.50622500000316,propeller_1,232,337,252,347,20,10,200,84,416,11832.0,5,1,1,1,1,1,0,0.8316453996170655,1,137.04804200096987
/Users/eolande/EventMAV/FRED/65.zip,3449,103.47622500000315,103.50622500000316,propeller_2,722,590,733,595,11,5,55,31,126,3136.5,5,1,1,1,1,1,0,0.921227401574291,1,137.04804200096987
/Users/eolande/EventMAV/FRED/65.zip,3450,103.50622500000316,103.53622500000316,propeller_1,236,337,257,347,21,10,210,85,394,10455.0,5,1,1,1,1,1,0,0.8357717275831849,1,135.40945899876533
/Users/eolande/EventMAV/FRED/65.zip,3450,103.50622500000316,103.53622500000316,propeller_2,733,588,745,594,12,6,72,52,161,4819.5,6,1,1,1,1,1,1,0.9034097180742495,1,135.40945899876533
/Users/eolande/EventMAV/FRED/65.zip,3451,103.53622500000316,103.56622500000316,propeller_1,240,337,261,347,21,10,210,88,395,10812.0,4,1,1,0,1,1,0,0.8495667900656632,1,136.37991699943086
/Users/eolande/EventMAV/FRED/65.zip,3451,103.53622500000316,103.56622500000316,propeller_2,743,587,756,592,13,5,65,50,162,3799.5,4,1,0,1,1,1,0,0.8907345877502904,1,136.37991699943086
/Users/eolande/EventMAV/FRED/65.zip,3452,103.56622500000316,103.59622500000316,propeller_1,245,337,265,347,20,10,200,85,431,12597.0,5,1,1,1,1,1,0,0.9470618627397553,1,134.43020900012925
/Users/eolande/EventMAV/FRED/65.zip,3452,103.56622500000316,103.59622500000316,propeller_2,756,585,767,590,11,5,55,46,161,4462.5,3,1,0,1,0,1,0,0.9479421562617452,1,134.43020900012925
/Users/eolande/EventMAV/FRED/65.zip,3453,103.59622500000316,103.62622500000316,propeller_1,250,337,271,347,21,10,210,91,447,12036.0,5,1,1,1,1,1,0,0.8480734852398464,1,138.1068749979022
/Users/eolande/EventMAV/FRED/65.zip,3453,103.59622500000316,103.62622500000316,propeller_2,765,583,778,589,13,6,78,54,168,4437.0,4,1,0,1,1,1,0,0.9009118326092249,1,138.1068749979022
/Users/eolande/EventMAV/FRED/65.zip,3454,103.62622500000316,103.65622500000316,propeller_1,254,337,275,347,21,10,210,95,446,12826.5,5,1,1,1,1,1,0,0.8295009235892341,1,135.6966250023106
/Users/eolande/EventMAV/FRED/65.zip,3454,103.62622500000316,103.65622500000316,propeller_2,776,581,788,586,12,5,60,42,125,3238.5,5,1,1,1,1,1,0,0.8629008852455615,1,135.6966250023106
/Users/eolande/EventMAV/FRED/65.zip,3455,103.65622500000316,103.68622500000316,propeller_1,259,337,281,347,22,10,220,98,478,13081.5,5,1,1,1,1,1,0,0.8245618738408373,1,135.99237499875017
/Users/eolande/EventMAV/FRED/65.zip,3455,103.65622500000316,103.68622500000316,propeller_2,787,579,798,584,11,5,55,38,115,3213.0,5,1,1,1,0,1,1,0.905114424668177,1,135.99237499875017
/Users/eolande/EventMAV/FRED/65.zip,3456,103.68622500000316,103.71622500000316,propeller_1,265,337,286,347,21,10,210,104,470,12903.0,4,1,0,1,1,1,0,0.8263639582944166,1,135.53408399457112
/Users/eolande/EventMAV/FRED/65.zip,3456,103.68622500000316,103.71622500000316,propeller_2,799,576,809,582,10,6,60,41,101,4182.0,6,1,1,1,1,1,1,0.9379753264101356,1,135.53408399457112
/Users/eolande/EventMAV/FRED/65.zip,3457,103.71622500000316,103.74622500000316,propeller_1,270,337,292,347,22,10,220,105,509,13234.5,5,1,1,1,1,1,0,0.8302149096006604,1,136.49116700253217
/Users/eolande/EventMAV/FRED/65.zip,3457,103.71622500000316,103.74622500000316,propeller_2,809,574,820,579,11,5,55,25,96,2167.5,5,1,1,1,1,1,0,0.9074822883238869,1,136.49116700253217
/Users/eolande/EventMAV/FRED/65.zip,3458,103.74622500000316,103.77622500000317,propeller_1,276,337,298,348,22,11,242,103,481,12520.5,5,1,1,1,1,1,0,0.8195430379492644,1,137.61170899670105
/Users/eolande/EventMAV/FRED/65.zip,3458,103.74622500000316,103.77622500000317,propeller_2,818,572,829,577,11,5,55,21,66,1836.0,5,1,1,1,1,1,0,0.9101093907115898,1,137.61170899670105
/Users/eolande/EventMAV/FRED/65.zip,3459,103.77622500000317,103.80622500000317,propeller_1,283,337,304,347,21,10,210,99,478,12367.5,5,1,1,1,1,1,0,0.8403499466922943,1,139.195457995811
/Users/eolande/EventMAV/FRED/65.zip,3459,103.77622500000317,103.80622500000317,propeller_2,829,569,837,575,8,6,48,29,63,2703.0,6,1,1,1,1,1,1,0.9255582823300266,1,139.195457995811
/Users/eolande/EventMAV/FRED/65.zip,3460,103.80622500000317,103.83622500000317,propeller_1,288,337,311,347,23,10,230,101,453,12061.5,4,1,1,0,1,1,0,0.8410683289054707,1,137.06816699414048
/Users/eolande/EventMAV/FRED/65.zip,3460,103.80622500000317,103.83622500000317,propeller_2,837,567,846,572,9,5,45,14,57,1453.5,6,1,1,1,1,1,1,0.9272256494128825,1,137.06816699414048
/Users/eolande/EventMAV/FRED/65.zip,3461,103.83622500000317,103.86622500000317,propeller_1,294,336,317,346,23,10,230,95,471,11526.0,5,1,1,1,1,1,0,0.822440805805263,1,136.97129199863411
/Users/eolande/EventMAV/FRED/65.zip,3461,103.83622500000317,103.86622500000317,propeller_2,846,565,854,569,8,4,32,15,42,1249.5,5,1,1,1,0,1,1,0.9210966550806944,1,136.97129199863411
/Users/eolande/EventMAV/FRED/65.zip,3462,103.86622500000317,103.89622500000317,propeller_1,302,336,324,346,22,10,220,98,486,12214.5,5,1,1,1,1,1,0,0.8172940723176544,1,133.90254100522725
/Users/eolande/EventMAV/FRED/65.zip,3463,103.89622500000317,103.92622500000317,propeller_1,307,336,331,346,24,10,240,108,480,11908.5,5,1,1,1,1,1,0,0.8685532082415338,1,135.42400000005728
/Users/eolande/EventMAV/FRED/65.zip,3463,103.89622500000317,103.92622500000317,propeller_2,867,560,870,564,3,4,12,8,14,841.5,5,1,1,1,1,1,0,0.8711446687088702,1,135.42400000005728
/Users/eolande/EventMAV/FRED/65.zip,3464,103.92622500000317,103.95622500000317,propeller_1,315,336,338,346,23,10,230,94,434,10633.5,5,1,1,1,1,1,0,0.833646321318593,1,138.05470900115324
/Users/eolande/EventMAV/FRED/65.zip,3465,103.95622500000317,103.98622500000317,propeller_1,322,336,346,345,24,9,216,94,423,10506.0,5,1,1,1,1,1,0,0.8392850499463458,1,139.43041700258618
/Users/eolande/EventMAV/FRED/65.zip,3466,103.98622500000317,104.01622500000317,propeller_1,330,336,354,345,24,9,216,95,433,9792.0,5,1,1,1,1,1,0,0.8406772745334423,1,141.63037500111386
/Users/eolande/EventMAV/FRED/65.zip,3466,103.98622500000317,104.01622500000317,propeller_2,884,553,889,557,5,4,20,15,24,1020.0,4,1,1,1,1,0,0,0.9121448077509273,1,141.63037500111386
/Users/eolande/EventMAV/FRED/65.zip,3467,104.01622500000317,104.04622500000318,propeller_1,339,335,362,345,23,10,230,95,418,9231.0,4,1,1,1,0,1,0,0.8588569411414637,1,142.38108300196473
/Users/eolande/EventMAV/FRED/65.zip,3467,104.01622500000317,104.04622500000318,propeller_2,889,550,897,556,8,6,48,19,37,1326.0,4,1,1,1,1,0,0,0.8808078789324828,1,142.38108300196473
/Users/eolande/EventMAV/FRED/65.zip,3468,104.04622500000318,104.07622500000318,propeller_1,345,335,370,345,25,10,250,102,431,9588.0,4,1,1,1,0,1,0,0.8427788234289983,1,136.8229580039042
/Users/eolande/EventMAV/FRED/65.zip,3468,104.04622500000318,104.07622500000318,propeller_2,895,548,901,553,6,5,30,19,51,1683.0,6,1,1,1,1,1,1,0.8845266087384291,1,136.8229580039042
/Users/eolande/EventMAV/FRED/65.zip,3469,104.07622500000318,104.10622500000318,propeller_1,355,335,378,344,23,9,207,101,415,10098.0,5,1,1,1,1,1,0,0.836510257277331,1,135.47358300274936
/Users/eolande/EventMAV/FRED/65.zip,3469,104.07622500000318,104.10622500000318,propeller_2,900,546,907,552,7,6,42,31,63,2932.5,5,1,1,1,1,1,0,0.909499908785753,1,135.47358300274936
/Users/eolande/EventMAV/FRED/65.zip,3470,104.10622500000318,104.13622500000318,propeller_1,363,335,387,344,24,9,216,99,417,9996.0,5,1,1,1,1,1,0,0.8442621954455845,1,137.00249999965308
/Users/eolande/EventMAV/FRED/65.zip,3470,104.10622500000318,104.13622500000318,propeller_2,904,544,912,550,8,6,48,34,101,4080.0,5,1,1,1,1,1,0,0.9275591799687665,1,137.00249999965308
/Users/eolande/EventMAV/FRED/65.zip,3471,104.13622500000318,104.16622500000318,propeller_1,372,335,397,344,25,9,225,102,409,9639.0,5,1,1,1,1,1,0,0.870865614915932,1,135.98570799513254
/Users/eolande/EventMAV/FRED/65.zip,3471,104.13622500000318,104.16622500000318,propeller_2,907,542,916,549,9,7,63,39,130,4284.0,5,1,0,1,1,1,1,0.9519456337975198,1,135.98570799513254
/Users/eolande/EventMAV/FRED/65.zip,3472,104.16622500000318,104.19622500000318,propeller_1,381,334,405,345,24,11,264,103,452,11296.5,5,1,1,1,1,1,0,0.8168244709767876,1,136.5520000035758
/Users/eolande/EventMAV/FRED/65.zip,3472,104.16622500000318,104.19622500000318,propeller_2,912,540,919,546,7,6,42,23,71,2269.5,4,1,0,1,1,1,0,0.9334390926227523,1,136.5520000035758
/Users/eolande/EventMAV/FRED/65.zip,3473,104.19622500000318,104.22622500000318,propeller_1,390,334,418,344,28,10,280,110,365,9231.0,5,1,1,1,1,1,0,0.8786660166683075,1,135.13304200023413
/Users/eolande/EventMAV/FRED/65.zip,3473,104.19622500000318,104.22622500000318,propeller_2,915,539,923,544,8,5,40,29,82,3238.5,5,1,1,1,1,1,0,0.9440189400753587,1,135.13304200023413
/Users/eolande/EventMAV/FRED/65.zip,3474,104.22622500000318,104.25622500000318,propeller_1,402,334,424,344,22,10,220,86,349,8313.0,5,1,1,1,1,1,0,0.8457080173679427,1,134.74533399858046
/Users/eolande/EventMAV/FRED/65.zip,3474,104.22622500000318,104.25622500000318,propeller_2,918,536,926,543,8,7,56,33,83,2958.0,5,1,1,1,1,1,0,0.9111105259320639,1,134.74533399858046
/Users/eolande/EventMAV/FRED/65.zip,3475,104.25622500000318,104.28622500000318,propeller_1,409,333,434,344,25,11,275,109,429,9868.5,5,1,1,1,1,1,0,0.8453799302353038,1,138.44795799377607
/Users/eolande/EventMAV/FRED/65.zip,3475,104.25622500000318,104.28622500000318,propeller_2,920,534,929,542,9,8,72,40,100,4692.0,5,1,1,1,1,1,0,0.9217987898564872,1,138.44795799377607
/Users/eolande/EventMAV/FRED/65.zip,3476,104.28622500000318,104.31622500000319,propeller_1,420,333,445,342,25,9,225,104,411,9715.5,4,1,1,1,0,1,0,0.847322688012406,1,141.20795800408814
/Users/eolande/EventMAV/FRED/65.zip,3476,104.28622500000318,104.31622500000319,propeller_2,956,613,981,618,25,5,125,69,187,5559.0,5,1,1,1,1,1,0,0.9018297219471041,1,141.20795800408814
/Users/eolande/EventMAV/FRED/65.zip,3476,104.28622500000318,104.31622500000319,propeller_3,921,533,931,540,10,7,70,39,129,5482.5,3,1,0,0,1,1,0,0.8578046222835567,1,141.20795800408814
/Users/eolande/EventMAV/FRED/65.zip,3477,104.31622500000319,104.34622500000319,propeller_1,430,333,455,344,25,11,275,118,474,11551.5,4,1,1,1,0,1,0,0.8641959180798704,1,139.82670799305197
/Users/eolande/EventMAV/FRED/65.zip,3477,104.31622500000319,104.34622500000319,propeller_2,924,534,931,539,7,5,35,22,79,2856.0,4,1,1,1,0,1,0,0.9335579859386222,1,139.82670799305197
/Users/eolande/EventMAV/FRED/65.zip,3478,104.34622500000319,104.37622500000319,propeller_1,439,332,463,344,24,12,288,129,588,13081.5,4,1,0,1,1,1,0,0.8843457404403077,1,139.48412500030827
/Users/eolande/EventMAV/FRED/65.zip,3478,104.34622500000319,104.37622500000319,propeller_2,925,533,932,538,7,5,35,24,106,3799.5,5,1,1,1,1,1,0,0.9485675822941091,1,139.48412500030827
/Users/eolande/EventMAV/FRED/65.zip,3479,104.37622500000319,104.40622500000319,propeller_1,449,331,478,344,29,13,377,147,682,13795.5,5,1,1,1,1,1,0,0.8805385126225244,1,136.66229099908378
/Users/eolande/EventMAV/FRED/65.zip,3479,104.37622500000319,104.40622500000319,propeller_3,926,533,931,537,5,4,20,18,75,2346.0,3,1,0,1,0,1,0,0.9347244720838201,1,136.66229099908378
/Users/eolande/EventMAV/FRED/65.zip,3480,104.40622500000319,104.43622500000319,propeller_2,459,331,488,343,29,12,348,152,708,15147.0,5,1,1,1,1,1,0,0.8733450311098379,1,136.9353330010199
/Users/eolande/EventMAV/FRED/65.zip,3481,104.43622500000319,104.46622500000319,propeller_1,1021,640,1039,660,18,20,360,154,618,17391.0,5,1,1,1,1,1,0,0.9028411836985009,1,139.8193330023787
/Users/eolande/EventMAV/FRED/65.zip,3481,104.43622500000319,104.46622500000319,propeller_2,471,330,500,342,29,12,348,144,733,14560.5,5,1,1,1,1,1,0,0.8873377193710552,1,139.8193330023787
/Users/eolande/EventMAV/FRED/65.zip,3482,104.46622500000319,104.4962250000032,propeller_1,482,330,512,341,30,11,330,147,720,14076.0,4,1,0,1,1,1,0,0.8821262874921445,1,136.95595800527371
/Users/eolande/EventMAV/FRED/65.zip,3482,104.46622500000319,104.4962250000032,propeller_2,996,667,1013,674,17,7,119,49,97,4845.0,5,1,1,1,1,1,0,0.8885006282054104,1,136.95595800527371
/Users/eolande/EventMAV/FRED/65.zip,3483,104.4962250000032,104.5262250000032,propeller_1,492,330,523,341,31,11,341,142,702,15300.0,4,1,1,1,0,1,0,0.8796728593871115,1,136.8166249958449
/Users/eolande/EventMAV/FRED/65.zip,3483,104.4962250000032,104.5262250000032,propeller_2,964,676,995,693,31,17,527,98,309,8670.0,5,1,1,1,1,1,0,0.8851748666173144,1,136.8166249958449
/Users/eolande/EventMAV/FRED/65.zip,3484,104.5262250000032,104.5562250000032,propeller_1,504,330,536,340,32,10,320,148,628,13234.5,5,1,1,1,1,1,0,0.9268944452846982,1,135.56904200231656
/Users/eolande/EventMAV/FRED/65.zip,3484,104.5262250000032,104.5562250000032,propeller_2,918,697,944,704,26,7,182,27,187,5278.5,5,1,1,1,1,1,0,0.9195135514215377,1,135.56904200231656
/Users/eolande/EventMAV/FRED/65.zip,3485,104.5562250000032,104.5862250000032,propeller_1,835,703,875,720,40,17,680,61,639,13056.0,4,1,0,1,1,1,0,0.9048784858442048,1,142.39400000224123
/Users/eolande/EventMAV/FRED/65.zip,3485,104.5562250000032,104.5862250000032,propeller_2,515,330,545,340,30,10,300,130,593,13005.0,4,1,1,1,0,1,0,0.9116082762809006,1,142.39400000224123
/Users/eolande/EventMAV/FRED/65.zip,3486,104.5862250000032,104.6162250000032,propeller_1,528,330,560,339,32,9,288,123,576,12240.0,5,1,1,1,1,1,0,0.9176129513711883,1,139.86545799707528
/Users/eolande/EventMAV/FRED/65.zip,3487,104.6162250000032,104.6462250000032,propeller_1,541,329,572,338,31,9,279,146,604,14535.0,5,1,1,1,1,1,0,0.8787981059877821,1,134.6151670004474
/Users/eolande/EventMAV/FRED/65.zip,3488,104.6462250000032,104.6762250000032,propeller_1,552,327,584,336,32,9,288,131,618,13999.5,5,1,1,1,1,1,0,0.926071207020212,1,136.04762499744538
/Users/eolande/EventMAV/FRED/65.zip,3489,104.6762250000032,104.7062250000032,propeller_1,564,325,595,335,31,10,310,118,604,12648.0,5,1,1,1,1,1,0,0.9117419412150454,1,138.33091600099578
/Users/eolande/EventMAV/FRED/65.zip,3490,104.7062250000032,104.7362250000032,propeller_1,576,323,607,334,31,11,341,127,602,13234.5,5,1,1,1,1,1,0,0.8949226792803606,1,136.93908400455257
/Users/eolande/EventMAV/FRED/65.zip,3490,104.7062250000032,104.7362250000032,propeller_2,923,534,931,539,8,5,40,35,139,5176.5,6,1,1,1,1,1,1,0.9342585100096198,1,136.93908400455257
/Users/eolande/EventMAV/FRED/65.zip,3491,104.7362250000032,104.7662250000032,propeller_1,588,320,618,332,30,12,360,122,577,11220.0,4,1,1,1,0,1,0,0.885981535192294,1,143.04733299650252
/Users/eolande/EventMAV/FRED/65.zip,3492,104.7662250000032,104.7962250000032,propeller_1,597,318,628,330,31,12,372,118,541,10302.0,5,1,1,1,1,1,0,0.8792008941511251,1,143.60891700198408
/Users/eolande/EventMAV/FRED/65.zip,3492,104.7662250000032,104.7962250000032,propeller_2,924,536,927,540,3,4,12,7,16,765.0,3,1,1,0,0,1,0,0.9226145178263198,1,143.60891700198408
/Users/eolande/EventMAV/FRED/65.zip,3493,104.7962250000032,104.8262250000032,propeller_1,608,315,639,327,31,12,372,108,533,10378.5,5,1,1,1,1,1,0,0.8763760560711217,1,140.7977499984554
/Users/eolande/EventMAV/FRED/65.zip,3493,104.7962250000032,104.8262250000032,propeller_2,921,538,924,540,3,2,6,4,6,969.0,4,1,1,0,1,1,0,0.8643156295303135,1,140.7977499984554
/Users/eolande/EventMAV/FRED/65.zip,3494,104.8262250000032,104.8562250000032,propeller_1,619,312,648,323,29,11,319,107,500,11041.5,5,1,1,1,1,1,0,0.8911679135782233,1,145.2277909993427
/Users/eolande/EventMAV/FRED/65.zip,3494,104.8262250000032,104.8562250000032,propeller_2,918,540,922,544,4,4,16,14,26,1275.0,5,1,1,1,1,1,0,0.936801300489544,1,145.2277909993427
/Users/eolande/EventMAV/FRED/65.zip,3495,104.8562250000032,104.88622500000321,propeller_1,628,309,659,319,31,10,310,114,491,10965.0,5,1,1,1,1,1,0,0.883682315528324,1,140.87650000146823
/Users/eolande/EventMAV/FRED/65.zip,3495,104.8562250000032,104.88622500000321,propeller_2,916,541,920,547,4,6,24,13,26,1147.5,3,1,1,0,0,1,0,0.8721247654554907,1,140.87650000146823
/Users/eolande/EventMAV/FRED/65.zip,3496,104.88622500000321,104.91622500000321,propeller_1,638,306,669,315,31,9,279,109,489,11755.5,5,1,1,1,1,1,0,0.864060835963294,1,138.77533399499953
/Users/eolande/EventMAV/FRED/65.zip,3496,104.88622500000321,104.91622500000321,propeller_2,912,545,919,546,7,1,7,6,11,663.0,3,1,1,0,0,1,0,0.9338186795769122,1,138.77533399499953
/Users/eolande/EventMAV/FRED/65.zip,3497,104.91622500000321,104.94622500000321,propeller_1,647,303,676,311,29,8,232,119,466,11398.5,4,1,1,1,0,1,0,0.9235398225637902,1,150.61912500095787
/Users/eolande/EventMAV/FRED/65.zip,3497,104.91622500000321,104.94622500000321,propeller_2,910,545,914,550,4,5,20,14,26,1351.5,3,1,1,1,0,0,0,0.945334398781713,1,150.61912500095787
/Users/eolande/EventMAV/FRED/65.zip,3498,104.94622500000321,104.97622500000321,propeller_1,655,300,684,307,29,7,203,124,461,12163.5,4,1,1,1,0,1,0,0.8807496584383119,1,140.72624999971595
/Users/eolande/EventMAV/FRED/65.zip,3498,104.94622500000321,104.97622500000321,propeller_2,907,547,912,553,5,6,30,20,35,1657.5,3,1,1,0,0,1,0,0.9120493675630821,1,140.72624999971595
/Users/eolande/EventMAV/FRED/65.zip,3499,104.97622500000321,105.00622500000321,propeller_1,664,296,695,303,31,7,217,126,479,11475.0,5,1,1,1,1,1,0,0.9228629232055865,1,139.72608299809508
/Users/eolande/EventMAV/FRED/65.zip,3500,105.00622500000321,105.03622500000321,propeller_1,672,290,704,299,32,9,288,154,570,14968.5,4,1,0,1,1,1,0,0.9212070408930111,1,141.9711249982356
/Users/eolande/EventMAV/FRED/65.zip,3501,105.03622500000321,105.06622500000321,propeller_1,680,284,711,295,31,11,341,171,637,17901.0,5,1,1,1,1,1,0,0.8985493348735571,1,143.4750000044005
/Users/eolande/EventMAV/FRED/65.zip,3501,105.03622500000321,105.06622500000321,propeller_2,896,555,901,559,5,4,20,15,34,1530.0,3,1,1,1,0,0,0,0.881329901767935,1,143.4750000044005
/Users/eolande/EventMAV/FRED/65.zip,3502,105.06622500000321,105.09622500000322,propeller_1,687,279,721,291,34,12,408,193,703,19227.0,5,1,1,1,1,1,0,0.9036214194697058,1,140.81870800146135
/Users/eolande/EventMAV/FRED/65.zip,3502,105.06622500000321,105.09622500000322,propeller_2,892,556,899,561,7,5,35,23,64,2014.5,6,1,1,1,1,1,1,0.9489850795135869,1,140.81870800146135
/Users/eolande/EventMAV/FRED/65.zip,3503,105.09622500000322,105.12622500000322,propeller_1,696,273,728,288,32,15,480,206,789,23103.0,5,1,1,1,1,1,0,0.8613298576408481,1,144.22754100087332
/Users/eolande/EventMAV/FRED/65.zip,3503,105.09622500000322,105.12622500000322,propeller_2,887,558,894,563,7,5,35,30,87,2958.0,5,1,1,1,1,1,0,0.9466391703918939,1,144.22754100087332
/Users/eolande/EventMAV/FRED/65.zip,3504,105.12622500000322,105.15622500000322,propeller_1,704,266,735,283,31,17,527,213,843,26010.0,5,1,1,1,1,1,0,0.8699415570389992,1,142.11570900079096
/Users/eolande/EventMAV/FRED/65.zip,3504,105.12622500000322,105.15622500000322,propeller_2,879,560,891,565,12,5,60,37,93,4029.0,6,1,1,1,1,1,1,0.9289400829955956,1,142.11570900079096
/Users/eolande/EventMAV/FRED/65.zip,3505,105.15622500000322,105.18622500000322,propeller_1,710,259,742,279,32,20,640,213,822,24964.5,4,1,1,0,1,1,0,0.8603467323564818,1,143.19437499943888
/Users/eolande/EventMAV/FRED/65.zip,3505,105.15622500000322,105.18622500000322,propeller_2,878,561,885,567,7,6,42,34,101,4411.5,5,1,1,0,1,1,1,0.9446808428982365,1,143.19437499943888
/Users/eolande/EventMAV/FRED/65.zip,3506,105.18622500000322,105.21622500000322,propeller_1,718,253,748,272,30,19,570,208,831,24939.0,4,1,0,1,1,1,0,0.8424601752326648,1,137.27633399685146
/Users/eolande/EventMAV/FRED/65.zip,3506,105.18622500000322,105.21622500000322,propeller_2,872,562,879,568,7,6,42,33,92,3825.0,5,1,1,1,1,1,0,0.9128270002732501,1,137.27633399685146
/Users/eolande/EventMAV/FRED/65.zip,3507,105.21622500000322,105.24622500000322,propeller_1,724,247,754,267,30,20,600,211,875,26239.5,4,1,1,1,0,1,0,0.8635907993279639,1,140.91329200164182
/Users/eolande/EventMAV/FRED/65.zip,3507,105.21622500000322,105.24622500000322,propeller_2,866,563,875,570,9,7,63,40,98,3544.5,5,1,1,1,1,1,0,0.9438080318293185,1,140.91329200164182
/Users/eolande/EventMAV/FRED/65.zip,3508,105.24622500000322,105.27622500000322,propeller_1,730,240,759,259,29,19,551,204,862,24148.5,5,1,1,1,1,1,0,0.8137805055607878,1,144.22558400110574
/Users/eolande/EventMAV/FRED/65.zip,3508,105.24622500000322,105.27622500000322,propeller_2,861,566,867,571,6,5,30,24,67,2397.0,5,1,1,1,1,1,0,0.929557565233659,1,144.22558400110574
/Users/eolande/EventMAV/FRED/65.zip,3509,105.27622500000322,105.30622500000322,propeller_1,735,234,764,254,29,20,580,211,880,23868.0,5,1,1,1,1,1,0,0.8400791018066485,1,146.69066599890357
/Users/eolande/EventMAV/FRED/65.zip,3509,105.27622500000322,105.30622500000322,propeller_2,855,566,862,573,7,7,49,34,91,3136.5,6,1,1,1,1,1,1,0.9413608982174828,1,146.69066599890357
/Users/eolande/EventMAV/FRED/65.zip,3510,105.30622500000322,105.33622500000322,propeller_1,739,228,768,245,29,17,493,189,795,20068.5,5,1,1,1,1,1,0,0.9300875956810142,1,143.6723750011879
/Users/eolande/EventMAV/FRED/65.zip,3510,105.30622500000322,105.33622500000322,propeller_2,843,568,857,574,14,6,84,46,119,4029.0,5,1,1,1,0,1,1,0.9264973680129791,1,143.6723750011879
/Users/eolande/EventMAV/FRED/65.zip,3511,105.33622500000322,105.36622500000323,propeller_1,742,224,771,238,29,14,406,183,776,18844.5,4,1,1,1,0,1,0,0.8366164067759532,1,137.55687500088243
/Users/eolande/EventMAV/FRED/65.zip,3511,105.33622500000322,105.36622500000323,propeller_2,837,569,850,576,13,7,91,49,128,4692.0,5,1,1,1,1,1,0,0.9070549207878182,1,137.55687500088243
/Users/eolande/EventMAV/FRED/65.zip,3512,105.36622500000323,105.39622500000323,propeller_1,747,219,775,231,28,12,336,180,734,16294.5,5,1,1,1,1,1,0,0.8536714051453842,1,139.6585420006886
/Users/eolande/EventMAV/FRED/65.zip,3512,105.36622500000323,105.39622500000323,propeller_2,830,571,844,578,14,7,98,64,191,7293.0,5,1,1,1,1,1,0,0.909839898907608,1,139.6585420006886
/Users/eolande/EventMAV/FRED/65.zip,3513,105.39622500000323,105.42622500000323,propeller_1,750,214,778,223,28,9,252,152,620,13387.5,4,1,1,1,0,1,0,0.866710176970356,1,146.04870900075184
/Users/eolande/EventMAV/FRED/65.zip,3513,105.39622500000323,105.42622500000323,propeller_2,823,572,838,579,15,7,105,69,206,8032.5,5,1,1,1,1,1,0,0.9250025937157874,1,146.04870900075184
/Users/eolande/EventMAV/FRED/65.zip,3514,105.42622500000323,105.45622500000323,propeller_1,754,208,781,217,27,9,243,142,580,11908.5,5,1,1,1,1,1,0,0.917481815380385,1,136.64587500534253
/Users/eolande/EventMAV/FRED/65.zip,3514,105.42622500000323,105.45622500000323,propeller_2,816,574,831,581,15,7,105,72,222,8338.5,5,1,1,1,1,1,0,0.921295646537957,1,136.64587500534253
/Users/eolande/EventMAV/FRED/65.zip,3515,105.45622500000323,105.48622500000323,propeller_1,757,202,783,212,26,10,260,133,588,11755.5,5,1,1,1,1,1,0,0.9345357514608461,1,139.27016600064235
/Users/eolande/EventMAV/FRED/65.zip,3515,105.45622500000323,105.48622500000323,propeller_2,810,576,824,583,14,7,98,62,203,7012.5,5,1,1,1,1,1,0,0.9237342929327964,1,139.27016600064235
/Users/eolande/EventMAV/FRED/65.zip,3516,105.48622500000323,105.51622500000323,propeller_1,760,198,786,206,26,8,208,128,538,12648.0,4,1,0,1,1,1,0,0.9205675664199124,1,142.21837499644607
/Users/eolande/EventMAV/FRED/65.zip,3516,105.48622500000323,105.51622500000323,propeller_2,802,578,818,585,16,7,112,71,220,7089.0,5,1,1,1,1,1,0,0.9161041242203811,1,142.21837499644607
/Users/eolande/EventMAV/FRED/65.zip,3517,105.51622500000323,105.54622500000323,propeller_1,763,194,789,202,26,8,208,121,533,11220.0,5,1,1,1,1,1,0,0.8594314933040976,1,135.03687499905936
/Users/eolande/EventMAV/FRED/65.zip,3517,105.51622500000323,105.54622500000323,propeller_2,795,580,810,587,15,7,105,76,251,8976.0,5,1,1,1,1,1,0,0.9339681622145017,1,135.03687499905936
/Users/eolande/EventMAV/FRED/65.zip,3518,105.54622500000323,105.57622500000323,propeller_1,766,188,792,197,26,9,234,136,603,13821.0,4,1,1,1,0,1,0,0.9241762719482007,1,273.7152500048978
/Users/eolande/EventMAV/FRED/65.zip,3518,105.54622500000323,105.57622500000323,propeller_2,788,581,804,589,16,8,128,78,266,8313.0,4,1,0,1,1,1,0,0.9016168560883447,1,273.7152500048978
/Users/eolande/EventMAV/FRED/65.zip,3519,105.57622500000323,105.60622500000323,propeller_1,768,183,795,193,27,10,270,140,696,16447.5,4,1,1,1,0,1,0,0.9555262870367563,1,151.61833300226135
/Users/eolande/EventMAV/FRED/65.zip,3519,105.57622500000323,105.60622500000323,propeller_2,781,583,796,591,15,8,120,84,286,8976.0,5,1,1,1,1,1,0,0.9223067941085052,1,151.61833300226135
/Users/eolande/EventMAV/FRED/65.zip,3520,105.60622500000323,105.63622500000324,propeller_1,772,179,799,189,27,10,270,145,794,19482.0,5,1,1,1,1,1,0,0.9591404181928646,1,140.45779099978972
/Users/eolande/EventMAV/FRED/65.zip,3520,105.60622500000323,105.63622500000324,propeller_2,773,585,788,592,15,7,105,75,298,9307.5,5,1,1,1,1,1,0,0.9423597806881749,1,140.45779099978972
/Users/eolande/EventMAV/FRED/65.zip,3521,105.63622500000324,105.66622500000324,propeller_1,774,175,802,185,28,10,280,153,806,20170.5,5,1,1,1,1,1,0,0.9685562941807917,1,147.52741700067418
/Users/eolande/EventMAV/FRED/65.zip,3521,105.63622500000324,105.66622500000324,propeller_2,766,587,781,594,15,7,105,78,310,9052.5,4,1,0,1,1,1,0,0.9413436389889382,1,147.52741700067418
/Users/eolande/EventMAV/FRED/65.zip,3522,105.66622500000324,105.69622500000324,propeller_1,776,171,805,182,29,11,319,171,849,22414.5,5,1,1,1,1,1,0,0.9649554381263327,1,162.84224999981234
/Users/eolande/EventMAV/FRED/65.zip,3522,105.66622500000324,105.69622500000324,propeller_2,759,589,774,596,15,7,105,80,331,10149.0,5,1,1,1,1,1,0,0.9261116622669935,1,162.84224999981234
/Users/eolande/EventMAV/FRED/65.zip,3523,105.69622500000324,105.72622500000324,propeller_1,779,168,807,179,28,11,308,156,883,22389.0,5,1,1,1,1,1,0,0.9556679940836729,1,150.4555409992463
/Users/eolande/EventMAV/FRED/65.zip,3523,105.69622500000324,105.72622500000324,propeller_2,751,591,766,598,15,7,105,71,281,7063.5,5,1,1,1,1,1,0,0.9257676733808053,1,150.4555409992463
/Users/eolande/EventMAV/FRED/65.zip,3524,105.72622500000324,105.75622500000324,propeller_1,782,165,809,177,27,12,324,158,897,23307.0,5,1,1,1,1,1,0,0.9513695606793522,1,146.6759999966598
/Users/eolande/EventMAV/FRED/65.zip,3524,105.72622500000324,105.75622500000324,propeller_2,743,593,759,600,16,7,112,76,282,7726.5,5,1,1,1,1,1,0,0.9124591003539904,1,146.6759999966598
/Users/eolande/EventMAV/FRED/65.zip,3525,105.75622500000324,105.78622500000324,propeller_1,784,163,813,175,29,12,348,171,943,25729.5,4,1,1,0,1,1,0,0.9451787369169768,1,140.06545900338097
/Users/eolande/EventMAV/FRED/65.zip,3525,105.75622500000324,105.78622500000324,propeller_2,736,595,751,602,15,7,105,70,306,8950.5,5,1,1,1,1,1,0,0.9369878343551262,1,140.06545900338097
/Users/eolande/EventMAV/FRED/65.zip,3526,105.78622500000324,105.81622500000324,propeller_1,787,161,815,172,28,11,308,158,847,23383.5,5,1,1,1,1,1,0,0.9528960585184617,1,147.5081670068903
/Users/eolande/EventMAV/FRED/65.zip,3526,105.78622500000324,105.81622500000324,propeller_2,729,596,744,603,15,7,105,79,304,8772.0,5,1,1,1,1,1,0,0.9196508033574847,1,147.5081670068903
/Users/eolande/EventMAV/FRED/65.zip,3527,105.81622500000324,105.84622500000324,propeller_1,789,160,817,171,28,11,308,157,826,23740.5,5,1,1,1,1,1,0,0.9469100945505189,1,145.69679200212704
/Users/eolande/EventMAV/FRED/65.zip,3527,105.81622500000324,105.84622500000324,propeller_2,721,598,736,605,15,7,105,67,279,7675.5,3,1,0,1,0,1,0,0.9209710524960327,1,145.69679200212704
/Users/eolande/EventMAV/FRED/65.zip,3528,105.84622500000324,105.87622500000325,propeller_1,790,158,820,169,30,11,330,155,758,22950.0,4,1,0,1,1,1,0,0.9342154144205284,1,146.824541996466
/Users/eolande/EventMAV/FRED/65.zip,3528,105.84622500000324,105.87622500000325,propeller_2,713,600,729,606,16,6,96,77,352,9256.5,4,1,0,1,1,1,0,0.9200472145084521,1,146.824541996466
/Users/eolande/EventMAV/FRED/65.zip,3529,105.87622500000325,105.90622500000325,propeller_1,793,157,822,168,29,11,319,140,606,19609.5,5,1,1,1,1,1,0,0.9169055073036042,1,144.85362500272458
/Users/eolande/EventMAV/FRED/65.zip,3529,105.87622500000325,105.90622500000325,propeller_2,705,600,722,608,17,8,136,89,416,11194.5,4,1,0,1,1,1,0,0.9400295511594418,1,144.85362500272458
/Users/eolande/EventMAV/FRED/65.zip,3530,105.90622500000325,105.93622500000325,propeller_1,795,156,825,168,30,12,360,139,569,18717.0,5,1,1,1,1,1,0,0.9205535815086097,1,144.55229099985445
/Users/eolande/EventMAV/FRED/65.zip,3530,105.90622500000325,105.93622500000325,propeller_2,698,602,714,609,16,7,112,88,417,11092.5,4,1,1,1,0,1,0,0.9408912127181501,1,144.55229099985445
/Users/eolande/EventMAV/FRED/65.zip,3531,105.93622500000325,105.96622500000325,propeller_1,797,156,827,166,30,10,300,139,596,20247.0,4,1,1,0,1,1,0,0.9296964018793539,1,148.2922079958371
/Users/eolande/EventMAV/FRED/65.zip,3531,105.93622500000325,105.96622500000325,propeller_2,690,603,706,610,16,7,112,87,426,11347.5,4,1,0,1,1,1,0,0.936402177101408,1,148.2922079958371
/Users/eolande/EventMAV/FRED/65.zip,3532,105.96622500000325,105.99622500000325,propeller_1,799,155,829,166,30,11,330,143,532,19533.0,4,1,1,0,1,1,0,0.8979048441102461,1,144.73891699890373
/Users/eolande/EventMAV/FRED/65.zip,3532,105.96622500000325,105.99622500000325,propeller_2,683,604,699,611,16,7,112,92,421,11475.0,5,1,1,1,1,1,0,0.9269471852261724,1,144.73891699890373
/Users/eolande/EventMAV/FRED/65.zip,3533,105.99622500000325,106.02622500000325,propeller_1,801,155,831,167,30,12,360,144,528,20119.5,4,1,1,0,1,1,0,0.9064733568206744,1,220.91558299871394
/Users/eolande/EventMAV/FRED/65.zip,3533,105.99622500000325,106.02622500000325,propeller_2,674,605,691,613,17,8,136,92,477,12393.0,4,1,0,1,1,1,0,0.9304899590657167,1,220.91558299871394
/Users/eolande/EventMAV/FRED/65.zip,3534,106.02622500000325,106.05622500000325,propeller_1,803,156,833,167,30,11,330,155,624,21955.5,5,1,1,1,1,1,0,0.8960300119163127,1,142.9586250014836
/Users/eolande/EventMAV/FRED/65.zip,3534,106.02622500000325,106.05622500000325,propeller_2,667,607,684,613,17,6,102,90,502,11934.0,5,1,1,1,1,1,0,0.9257620673042488,1,142.9586250014836
/Users/eolande/EventMAV/FRED/65.zip,3535,106.05622500000325,106.08622500000325,propeller_1,805,156,835,168,30,12,360,171,664,22720.5,4,1,1,0,1,1,0,0.8266792704229917,1,148.30937499937136
/Users/eolande/EventMAV/FRED/65.zip,3535,106.05622500000325,106.08622500000325,propeller_2,659,607,676,614,17,7,119,94,493,11653.5,5,1,1,1,1,1,0,0.9210579836752812,1,148.30937499937136
/Users/eolande/EventMAV/FRED/65.zip,3536,106.08622500000325,106.11622500000325,propeller_1,806,157,837,170,31,13,403,179,761,23307.0,4,1,1,0,1,1,0,0.8906916666077411,1,138.22354100557277
/Users/eolande/EventMAV/FRED/65.zip,3536,106.08622500000325,106.11622500000325,propeller_2,651,608,668,615,17,7,119,94,513,12010.5,4,1,0,1,1,1,0,0.9328204716683373,1,138.22354100557277
/Users/eolande/EventMAV/FRED/65.zip,3537,106.11622500000325,106.14622500000326,propeller_1,808,158,838,172,30,14,420,186,771,23001.0,5,1,1,1,1,1,0,0.8830840599075714,1,139.80337500106543
/Users/eolande/EventMAV/FRED/65.zip,3537,106.11622500000325,106.14622500000326,propeller_2,643,609,660,616,17,7,119,101,669,13974.0,5,1,1,1,1,1,0,0.9314852582349404,1,139.80337500106543
/Users/eolande/EventMAV/FRED/65.zip,3538,106.14622500000326,106.17622500000326,propeller_1,809,159,841,173,32,14,448,198,849,25321.5,4,1,1,0,1,1,0,0.8955735706836805,1,141.1751670020749
/Users/eolande/EventMAV/FRED/65.zip,3538,106.14622500000326,106.17622500000326,propeller_2,636,609,652,616,16,7,112,89,558,12393.0,5,1,1,1,1,1,0,0.9344824106269357,1,141.1751670020749
/Users/eolande/EventMAV/FRED/65.zip,3539,106.17622500000326,106.20622500000326,propeller_1,810,161,841,176,31,15,465,219,932,26851.5,5,1,1,1,1,1,0,0.9010476622399843,1,144.4452919968171
/Users/eolande/EventMAV/FRED/65.zip,3539,106.17622500000326,106.20622500000326,propeller_2,628,610,645,617,17,7,119,88,446,10684.5,5,1,1,1,1,1,0,0.929472076569602,1,144.4452919968171
/Users/eolande/EventMAV/FRED/65.zip,3540,106.20622500000326,106.23622500000326,propeller_1,811,164,842,179,31,15,465,229,1043,30013.5,4,1,1,0,1,1,0,0.886124380000888,1,139.29779099998996
/Users/eolande/EventMAV/FRED/65.zip,3540,106.20622500000326,106.23622500000326,propeller_2,619,610,637,617,18,7,126,95,478,12138.0,5,1,1,1,1,1,0,0.9248189917320332,1,139.29779099998996
/Users/eolande/EventMAV/FRED/65.zip,3541,106.23622500000326,106.26622500000326,propeller_1,812,165,844,182,32,17,544,251,1122,30268.5,5,1,1,1,1,1,0,0.8815015973727061,1,138.96966700121993
/Users/eolande/EventMAV/FRED/65.zip,3541,106.23622500000326,106.26622500000326,propeller_2,611,611,629,618,18,7,126,94,533,12622.5,4,1,0,1,1,1,0,0.932172149803759,1,138.96966700121993
/Users/eolande/EventMAV/FRED/65.zip,3542,106.26622500000326,106.29622500000326,propeller_1,813,167,845,185,32,18,576,266,1262,33889.5,5,1,1,1,1,1,0,0.8228580401935532,1,143.3556249976391
/Users/eolande/EventMAV/FRED/65.zip,3542,106.26622500000326,106.29622500000326,propeller_2,604,611,621,618,17,7,119,94,540,12316.5,5,1,1,1,1,1,0,0.931874826680005,1,143.3556249976391
/Users/eolande/EventMAV/FRED/65.zip,3543,106.29622500000326,106.32622500000326,propeller_1,813,171,846,189,33,18,594,307,1363,36822.0,5,1,1,1,1,1,0,0.8281605914786065,1,143.25691600242862
/Users/eolande/EventMAV/FRED/65.zip,3543,106.29622500000326,106.32622500000326,propeller_2,596,611,613,618,17,7,119,97,591,13311.0,4,1,0,1,1,1,0,0.9337238757067343,1,143.25691600242862
/Users/eolande/EventMAV/FRED/65.zip,3544,106.32622500000326,106.35622500000326,propeller_1,814,174,846,193,32,19,608,313,1548,41539.5,5,1,1,1,1,1,0,0.8147568763078878,1,142.4784999981057
/Users/eolande/EventMAV/FRED/65.zip,3544,106.32622500000326,106.35622500000326,propeller_2,587,611,606,618,19,7,133,99,543,11959.5,5,1,1,1,1,1,0,0.9389212381167665,1,142.4784999981057
/Users/eolande/EventMAV/FRED/65.zip,3545,106.35622500000326,106.38622500000326,propeller_1,815,178,848,197,33,19,627,346,1735,45135.0,5,1,1,1,1,1,0,0.8148579775634021,1,138.72066700423602
/Users/eolande/EventMAV/FRED/65.zip,3545,106.35622500000326,106.38622500000326,propeller_2,579,611,597,617,18,6,108,94,486,11679.0,5,1,1,1,1,1,0,0.9362599814736715,1,138.72066700423602
/Users/eolande/EventMAV/FRED/65.zip,3546,106.38622500000326,106.41622500000327,propeller_1,815,182,848,202,33,20,660,351,1821,48883.5,4,1,1,0,1,1,0,0.8128261733436187,1,139.2092909954954
/Users/eolande/EventMAV/FRED/65.zip,3546,106.38622500000326,106.41622500000327,propeller_2,571,610,589,617,18,7,126,95,530,11475.0,5,1,1,1,1,1,0,0.9276975533791196,1,139.2092909954954
/Users/eolande/EventMAV/FRED/65.zip,3547,106.41622500000327,106.44622500000327,propeller_1,816,186,848,205,32,19,608,362,1970,51739.5,5,1,1,1,1,1,0,0.8077807281551084,1,138.8877909994335
/Users/eolande/EventMAV/FRED/65.zip,3547,106.41622500000327,106.44622500000327,propeller_2,563,609,581,616,18,7,126,98,558,13107.0,4,1,0,1,1,1,0,0.9300801228040576,1,138.8877909994335
/Users/eolande/EventMAV/FRED/65.zip,3548,106.44622500000327,106.47622500000327,propeller_1,816,190,848,210,32,20,640,372,2022,54799.5,5,1,1,1,1,1,0,0.8099576250805567,1,141.13266699860105
/Users/eolande/EventMAV/FRED/65.zip,3548,106.44622500000327,106.47622500000327,propeller_2,555,609,573,616,18,7,126,95,588,12546.0,4,1,0,1,1,1,0,0.9321257791023536,1,141.13266699860105
/Users/eolande/EventMAV/FRED/65.zip,3549,106.47622500000327,106.50622500000327,propeller_1,815,194,848,214,33,20,660,355,1967,52938.0,5,1,1,1,1,1,0,0.8093925012766421,1,145.76966700406047
/Users/eolande/EventMAV/FRED/65.zip,3549,106.47622500000327,106.50622500000327,propeller_2,546,607,565,615,19,8,152,102,577,12444.0,5,1,1,1,1,1,0,0.9258938303263771,1,145.76966700406047
/Users/eolande/EventMAV/FRED/65.zip,3550,106.50622500000327,106.53622500000327,propeller_1,816,199,848,217,32,18,576,312,1696,48169.5,4,1,0,1,1,1,0,0.7914380250446171,1,148.80941600131337
/Users/eolande/EventMAV/FRED/65.zip,3550,106.50622500000327,106.53622500000327,propeller_2,539,607,557,614,18,7,126,95,548,12265.5,3,1,0,1,0,1,0,0.9287086614677798,1,148.80941600131337
/Users/eolande/EventMAV/FRED/65.zip,3551,106.53622500000327,106.56622500000327,propeller_1,815,204,846,220,31,16,496,260,1241,37714.5,5,1,1,1,1,1,0,0.8360090315308308,1,143.72575000015786
/Users/eolande/EventMAV/FRED/65.zip,3551,106.53622500000327,106.56622500000327,propeller_2,531,605,549,613,18,8,144,98,575,12418.5,4,1,0,1,1,1,0,0.9162156235037446,1,143.72575000015786
/Users/eolande/EventMAV/FRED/65.zip,3552,106.56622500000327,106.59622500000327,propeller_1,814,208,845,222,31,14,434,212,867,27693.0,5,1,1,1,1,1,0,0.7883685245056716,1,143.87595799780684
/Users/eolande/EventMAV/FRED/65.zip,3552,106.56622500000327,106.59622500000327,propeller_2,521,603,540,611,19,8,152,105,580,13158.0,4,1,1,1,0,1,0,0.9190801171579153,1,143.87595799780684
/Users/eolande/EventMAV/FRED/65.zip,3553,106.59622500000327,106.62622500000327,propeller_1,814,213,843,223,29,10,290,144,504,16065.0,5,1,1,1,1,1,0,0.8597016900625964,1,143.94479199836496
/Users/eolande/EventMAV/FRED/65.zip,3553,106.59622500000327,106.62622500000327,propeller_2,522,601,532,609,10,8,80,59,383,7089.0,5,1,1,1,0,1,1,0.941927824881521,1,143.94479199836496
/Users/eolande/EventMAV/FRED/65.zip,3554,106.62622500000327,106.65622500000327,propeller_1,810,218,840,225,30,7,210,98,341,9715.5,5,1,1,1,1,1,0,0.8949811673006142,1,137.48504100658465
/Users/eolande/EventMAV/FRED/65.zip,3554,106.62622500000327,106.65622500000327,propeller_2,511,600,523,606,12,6,72,42,142,4233.0,6,1,1,1,1,1,1,0.9142455159234539,1,137.48504100658465
/Users/eolande/EventMAV/FRED/65.zip,3555,106.65622500000327,106.68622500000328,propeller_1,808,222,838,228,30,6,180,94,318,8542.5,5,1,1,1,1,1,0,0.8162815515069168,1,138.48754199716495
/Users/eolande/EventMAV/FRED/65.zip,3555,106.65622500000327,106.68622500000328,propeller_2,496,598,516,605,20,7,140,64,287,5992.5,6,1,1,1,1,1,1,0.9205590109638637,1,138.48754199716495
/Users/eolande/EventMAV/FRED/65.zip,3556,106.68622500000328,106.71622500000328,propeller_1,805,224,832,230,27,6,162,91,310,10761.0,5,1,1,1,1,1,0,0.7919457643263987,1,140.57212499756133
/Users/eolande/EventMAV/FRED/65.zip,3556,106.68622500000328,106.71622500000328,propeller_2,488,595,502,602,14,7,98,77,533,10149.0,5,1,1,1,1,1,0,0.9489260695290134,1,140.57212499756133
/Users/eolande/EventMAV/FRED/65.zip,3557,106.71622500000328,106.74622500000328,propeller_1,479,593,499,602,20,9,180,121,819,14866.5,5,1,1,1,1,1,0,0.9279427270112826,1,136.73429199843667
/Users/eolande/EventMAV/FRED/65.zip,3557,106.71622500000328,106.74622500000328,propeller_2,804,225,831,233,27,8,216,92,364,11143.5,5,1,1,1,1,1,0,0.8092939633578857,1,136.73429199843667
/Users/eolande/EventMAV/FRED/65.zip,3558,106.74622500000328,106.77622500000328,propeller_1,473,590,491,599,18,9,162,113,853,16167.0,5,1,1,1,1,1,0,0.9510614461928757,1,140.3667080012383
/Users/eolande/EventMAV/FRED/65.zip,3558,106.74622500000328,106.77622500000328,propeller_2,802,226,831,235,29,9,261,96,434,12291.0,5,1,1,1,1,1,0,0.8331170525524232,1,140.3667080012383
/Users/eolande/EventMAV/FRED/65.zip,3559,106.77622500000328,106.80622500000328,propeller_1,801,227,829,236,28,9,252,93,461,13515.0,5,1,1,1,1,1,0,0.9071042035767247,1,136.44304199988255
/Users/eolande/EventMAV/FRED/65.zip,3559,106.77622500000328,106.80622500000328,propeller_2,469,588,482,597,13,9,117,89,518,9664.5,5,1,1,1,1,1,0,0.89751107419456,1,136.44304199988255
/Users/eolande/EventMAV/FRED/65.zip,3560,106.80622500000328,106.83622500000328,propeller_1,800,229,826,237,26,8,208,88,368,12112.5,4,1,1,0,1,1,0,0.8989603023018526,1,138.4082500007935
/Users/eolande/EventMAV/FRED/65.zip,3560,106.80622500000328,106.83622500000328,propeller_2,453,585,473,594,20,9,180,105,546,10200.0,4,1,0,1,1,1,0,0.9039378879685803,1,138.4082500007935
/Users/eolande/EventMAV/FRED/65.zip,3561,106.83622500000328,106.86622500000328,propeller_1,444,582,464,591,20,9,180,131,992,17773.5,3,1,0,1,0,1,0,0.9555900387553746,1,143.9079169940669
/Users/eolande/EventMAV/FRED/65.zip,3561,106.83622500000328,106.86622500000328,propeller_2,799,230,826,238,27,8,216,72,297,9894.0,5,1,1,1,1,1,0,0.8905873815215498,1,143.9079169940669
/Users/eolande/EventMAV/FRED/65.zip,3562,106.86622500000328,106.89622500000328,propeller_1,434,579,455,588,21,9,189,136,941,18283.5,5,1,1,1,1,1,0,0.9540831099206049,1,138.60133399430197
/Users/eolande/EventMAV/FRED/65.zip,3562,106.86622500000328,106.89622500000328,propeller_2,798,231,823,239,25,8,200,58,224,7548.0,5,1,1,1,1,1,0,0.9469559498943704,1,138.60133399430197
/Users/eolande/EventMAV/FRED/65.zip,3563,106.89622500000328,106.92622500000329,propeller_1,428,576,446,586,18,10,180,119,775,15733.5,5,1,1,1,1,1,0,0.9568703263264272,1,140.6506659986917
/Users/eolande/EventMAV/FRED/65.zip,3563,106.89622500000328,106.92622500000329,propeller_2,797,233,815,239,18,6,108,35,143,5202.0,4,1,1,0,1,1,0,0.9172113218682681,1,140.6506659986917
/Users/eolande/EventMAV/FRED/65.zip,3564,106.92622500000329,106.95622500000329,propeller_1,416,574,437,583,21,9,189,93,367,8721.0,6,1,1,1,1,1,1,0.9140822311848101,1,147.3943339951802
/Users/eolande/EventMAV/FRED/65.zip,3564,106.92622500000329,106.95622500000329,propeller_2,796,234,824,240,28,6,168,37,148,5406.0,5,1,1,1,1,1,0,0.9185738439002148,1,147.3943339951802
/Users/eolande/EventMAV/FRED/65.zip,3565,106.95622500000329,106.98622500000329,propeller_1,407,570,428,579,21,9,189,130,691,15402.0,5,1,1,1,1,1,0,0.9520533397407167,1,146.11100000183797
/Users/eolande/EventMAV/FRED/65.zip,3565,106.95622500000329,106.98622500000329,propeller_2,795,234,822,240,27,6,162,41,116,5151.0,5,1,1,1,1,1,0,0.9331883867452977,1,146.11100000183797
/Users/eolande/EventMAV/FRED/65.zip,3566,106.98622500000329,107.01622500000329,propeller_1,397,566,419,576,22,10,220,142,783,16345.5,4,1,0,1,1,1,0,0.9310724373442875,1,143.7122499992256
/Users/eolande/EventMAV/FRED/65.zip,3566,106.98622500000329,107.01622500000329,propeller_2,794,235,814,240,20,5,100,41,117,5584.5,5,1,1,1,1,1,0,0.9122572923623045,1,143.7122499992256
/Users/eolande/EventMAV/FRED/65.zip,3567,107.01622500000329,107.04622500000329,propeller_1,387,562,409,572,22,10,220,146,920,19507.5,3,1,0,1,0,1,0,0.9602228075439918,1,141.44916600344004
/Users/eolande/EventMAV/FRED/65.zip,3567,107.01622500000329,107.04622500000329,propeller_3,794,235,798,238,4,3,12,12,23,1428.0,3,1,1,0,0,1,0,0.8934836244252329,1,141.44916600344004
/Users/eolande/EventMAV/FRED/65.zip,3568,107.04622500000329,107.07622500000329,propeller_1,378,559,399,569,21,10,210,146,992,19660.5,5,1,1,1,1,1,0,0.9602220371868859,1,141.97429200430634
/Users/eolande/EventMAV/FRED/65.zip,3568,107.04622500000329,107.07622500000329,propeller_3,793,236,797,239,4,3,12,12,21,1351.5,5,1,1,1,1,1,0,0.9088524643134658,1,141.97429200430634
/Users/eolande/EventMAV/FRED/65.zip,3569,107.07622500000329,107.10622500000329,propeller_1,368,555,390,566,22,11,242,154,1054,20706.0,4,1,0,1,1,1,0,0.9588753549828044,1,140.27816699672258
/Users/eolande/EventMAV/FRED/65.zip,3569,107.07622500000329,107.10622500000329,propeller_3,792,236,796,239,4,3,12,12,29,2167.5,3,1,1,0,1,0,0,0.9012067038109021,1,140.27816699672258
/Users/eolande/EventMAV/FRED/65.zip,3570,107.10622500000329,107.1362250000033,propeller_1,358,551,380,562,22,11,242,167,1424,22542.0,4,1,0,1,1,1,0,0.9627633018969456,1,138.7744589956128
/Users/eolande/EventMAV/FRED/65.zip,3571,107.1362250000033,107.1662250000033,propeller_1,348,547,371,559,23,12,276,179,1604,23970.0,4,1,0,1,1,1,0,0.9621987800600265,1,153.00629199919058
/Users/eolande/EventMAV/FRED/65.zip,3571,107.1362250000033,107.1662250000033,propeller_2,804,238,809,241,5,3,15,15,30,2116.5,5,1,1,1,1,1,0,0.9229880570771287,1,153.00629199919058
/Users/eolande/EventMAV/FRED/65.zip,3571,107.1362250000033,107.1662250000033,propeller_3,791,236,794,239,3,3,9,9,12,918.0,3,1,1,1,0,0,0,0.8720173263267683,1,153.00629199919058
/Users/eolande/EventMAV/FRED/65.zip,3572,107.1662250000033,107.1962250000033,propeller_1,339,543,361,555,22,12,264,173,1644,23944.5,3,1,0,1,0,1,0,0.9631850344841522,1,139.1514580027433
/Users/eolande/EventMAV/FRED/65.zip,3572,107.1662250000033,107.1962250000033,propeller_2,804,238,807,241,3,3,9,9,14,688.5,4,1,1,1,1,0,0,0.8720173263267683,1,139.1514580027433
/Users/eolande/EventMAV/FRED/65.zip,3573,107.1962250000033,107.2262250000033,propeller_1,329,539,352,551,23,12,276,174,1488,23332.5,4,1,0,1,1,1,0,0.9587120037273791,1,141.03454200085253
/Users/eolande/EventMAV/FRED/65.zip,3573,107.1962250000033,107.2262250000033,propeller_2,803,238,807,241,4,3,12,12,18,1096.5,4,1,1,0,1,1,0,0.913131066425753,1,141.03454200085253
/Users/eolande/EventMAV/FRED/65.zip,3574,107.2262250000033,107.2562250000033,propeller_1,319,535,342,547,23,12,276,177,1616,24582.0,4,1,0,1,1,1,0,0.9617400017328113,1,150.20320800249465
/Users/eolande/EventMAV/FRED/65.zip,3574,107.2262250000033,107.2562250000033,propeller_2,803,238,805,241,2,3,6,5,9,382.5,4,1,1,1,1,0,0,0.9587685623904562,1,150.20320800249465
/Users/eolande/EventMAV/FRED/65.zip,3575,107.2562250000033,107.2862250000033,propeller_1,310,530,332,543,22,13,286,183,2127,26469.0,4,1,0,1,1,1,0,0.9583943640726702,1,142.4183749986696
/Users/eolande/EventMAV/FRED/65.zip,3576,107.2862250000033,107.3162250000033,propeller_1,301,526,324,539,23,13,299,194,2040,26826.0,3,1,0,1,0,1,0,0.9557279830907162,1,139.8174999994808
/Users/eolande/EventMAV/FRED/65.zip,3576,107.2862250000033,107.3162250000033,propeller_3,804,238,807,241,3,3,9,9,18,1479.0,4,1,1,1,1,0,0,0.8672087831540836,1,139.8174999994808
/Users/eolande/EventMAV/FRED/65.zip,3577,107.3162250000033,107.3462250000033,propeller_1,291,521,314,535,23,14,322,190,2122,26851.5,4,1,0,1,1,1,0,0.9585916970795966,1,141.6905840014806
/Users/eolande/EventMAV/FRED/65.zip,3578,107.3462250000033,107.3762250000033,propeller_1,282,517,305,531,23,14,322,197,2234,27412.5,5,1,1,1,1,1,0,0.9557920044877092,1,148.4809590037912
/Users/eolande/EventMAV/FRED/65.zip,3579,107.3762250000033,107.4062250000033,propeller_1,274,511,296,526,22,15,330,196,2303,27310.5,5,1,1,1,1,1,0,0.9569342345127707,1,146.16387499700068
/Users/eolande/EventMAV/FRED/65.zip,3579,107.3762250000033,107.4062250000033,propeller_2,785,237,789,240,4,3,12,12,34,1989.0,3,1,1,0,1,0,0,0.8906253146993535,1,146.16387499700068
/Users/eolande/EventMAV/FRED/65.zip,3580,107.4062250000033,107.4362250000033,propeller_1,265,506,288,521,23,15,345,204,2346,28840.5,4,1,0,1,1,1,0,0.9572739190884492,1,138.957458002551
/Users/eolande/EventMAV/FRED/65.zip,3580,107.4062250000033,107.4362250000033,propeller_2,785,237,788,240,3,3,9,9,23,1683.0,3,1,1,0,1,0,0,0.8720173263267683,1,138.957458002551
/Users/eolande/EventMAV/FRED/65.zip,3581,107.4362250000033,107.4662250000033,propeller_1,257,501,279,515,22,14,308,199,2563,29146.5,3,1,0,1,0,1,0,0.954484354479036,1,147.88258299813606
/Users/eolande/EventMAV/FRED/65.zip,3582,107.4662250000033,107.4962250000033,propeller_1,250,495,273,510,23,15,345,209,2830,30115.5,4,1,0,1,1,1,0,0.9475712759312094,1,146.26083300390746
/Users/eolande/EventMAV/FRED/65.zip,3583,107.4962250000033,107.52622500000331,propeller_1,244,487,266,504,22,17,374,220,2906,31008.0,3,1,0,1,0,1,0,0.9494555090767847,1,141.76949999819044
/Users/eolande/EventMAV/FRED/65.zip,3584,107.52622500000331,107.55622500000331,propeller_1,238,479,259,496,21,17,357,209,2719,29554.5,4,1,0,1,1,1,0,0.9410748480223832,1,146.71708300011232
/Users/eolande/EventMAV/FRED/65.zip,3585,107.55622500000331,107.58622500000331,propeller_1,233,471,254,489,21,18,378,215,2284,28330.5,4,1,0,1,1,1,0,0.9418656852996992,1,136.5429170036805
/Users/eolande/EventMAV/FRED/65.zip,3586,107.58622500000331,107.61622500000331,propeller_1,229,462,247,480,18,18,324,203,2035,26979.0,4,1,0,1,1,1,0,0.9136266916368851,1,140.84995799930766
/Users/eolande/EventMAV/FRED/65.zip,3587,107.61622500000331,107.64622500000331,propeller_1,226,452,243,471,17,19,323,199,1869,25194.0,5,1,1,1,1,1,0,0.8986252840440941,1,139.791374997003
/Users/eolande/EventMAV/FRED/65.zip,3588,107.64622500000331,107.67622500000331,propeller_1,224,441,240,461,16,20,320,198,1694,23638.5,5,1,1,1,1,1,0,0.8729786046726851,1,139.75254200340714
/Users/eolande/EventMAV/FRED/65.zip,3589,107.67622500000331,107.70622500000331,propeller_1,222,429,238,451,16,22,352,215,2012,27336.0,4,1,0,1,1,1,0,0.8874015899175308,1,146.0629169960157
/Users/eolande/EventMAV/FRED/65.zip,3590,107.70622500000331,107.73622500000332,propeller_1,221,418,237,441,16,23,368,231,2355,29605.5,4,1,0,1,1,1,0,0.9079382431272212,1,142.84500000212574
/Users/eolande/EventMAV/FRED/65.zip,3591,107.73622500000332,107.76622500000332,propeller_1,223,406,239,430,16,24,384,239,2110,27540.0,5,1,1,1,1,1,0,0.8862243257016257,1,138.7522499935585
/Users/eolande/EventMAV/FRED/65.zip,3592,107.76622500000332,107.79622500000332,propeller_1,225,393,241,418,16,25,400,246,1910,27285.0,4,1,0,1,1,1,0,0.8845972609523804,1,137.77554200351005
/Users/eolande/EventMAV/FRED/65.zip,3593,107.79622500000332,107.82622500000332,propeller_1,227,384,245,406,18,22,396,236,1491,24480.0,4,1,0,1,1,1,0,0.8946229797527354,1,141.3826669959235
/Users/eolande/EventMAV/FRED/65.zip,3594,107.82622500000332,107.85622500000332,propeller_1,234,370,250,393,16,23,368,212,1572,18232.5,3,1,0,1,0,1,0,0.907222201093716,1,135.55620799888857
/Users/eolande/EventMAV/FRED/65.zip,3595,107.85622500000332,107.88622500000332,propeller_1,238,354,260,380,22,26,572,254,2108,18666.0,4,1,0,1,1,1,0,0.8954188072620357,1,135.71366600081092
/Users/eolande/EventMAV/FRED/65.zip,3596,107.88622500000332,107.91622500000332,propeller_1,249,342,268,367,19,25,475,245,2069,18232.5,3,1,0,1,0,1,0,0.8868907663443724,1,138.3891669975128
/Users/eolande/EventMAV/FRED/65.zip,3597,107.91622500000332,107.94622500000332,propeller_1,259,329,281,355,22,26,572,209,2236,17697.0,5,1,1,1,1,1,0,0.8733489681096996,1,141.22708300419617
/Users/eolande/EventMAV/FRED/65.zip,3598,107.94622500000332,107.97622500000332,propeller_1,271,316,292,340,21,24,504,166,2128,16779.0,5,1,1,1,1,1,0,0.9421033796713654,1,138.01512499776436
/Users/eolande/EventMAV/FRED/65.zip,3599,107.97622500000332,108.00622500000333,propeller_1,286,302,308,329,22,27,594,145,2225,16855.5,4,1,0,1,1,1,0,0.9085050641399798,1,145.0206250010524
/Users/eolande/EventMAV/FRED/65.zip,3599,107.97622500000332,108.00622500000333,propeller_3,799,240,802,244,3,4,12,12,17,765.0,3,1,1,0,1,0,0,0.911418281677433,1,145.0206250010524
/Users/eolande/EventMAV/FRED/65.zip,3600,108.00622500000333,108.03622500000333,propeller_1,792,240,802,243,10,3,30,21,34,2091.0,4,1,1,1,1,0,0,0.8978144158635817,1,143.40095799707342
/Users/eolande/EventMAV/FRED/65.zip,3601,108.03622500000333,108.06622500000333,propeller_1,798,240,802,244,4,4,16,14,20,1402.5,3,1,1,0,1,0,0,0.9089904765857335,1,142.94737499585608
/Users/eolande/EventMAV/FRED/65.zip,3603,108.09622500000333,108.12622500000333,propeller_2,797,240,801,243,4,3,12,12,25,1377.0,4,1,1,1,1,0,0,0.8934836244252329,1,139.90916700277012
/Users/eolande/EventMAV/FRED/65.zip,3604,108.12622500000333,108.15622500000333,propeller_1,797,240,801,243,4,3,12,12,24,1045.5,4,1,1,1,1,0,0,0.9362299570692149,1,144.30087499931687
/Users/eolande/EventMAV/FRED/65.zip,3605,108.15622500000333,108.18622500000333,propeller_1,783,239,786,242,3,3,9,9,17,816.0,3,1,1,0,1,0,0,0.8619431764422171,1,142.76075000088895
/Users/eolande/EventMAV/FRED/65.zip,3607,108.21622500000333,108.24622500000334,propeller_2,782,239,786,242,4,3,12,12,22,1071.0,3,1,1,0,1,0,0,0.896339732342853,1,141.17637500021374
/Users/eolande/EventMAV/FRED/65.zip,3608,108.24622500000334,108.27622500000334,propeller_1,782,239,786,242,4,3,12,12,18,1096.5,4,1,1,1,1,0,0,0.8862532070873773,1,142.17666700278642
/Users/eolande/EventMAV/FRED/65.zip,3609,108.27622500000334,108.30622500000334,propeller_1,533,185,575,216,42,31,1302,924,7343,73950.0,4,1,0,1,1,1,0,0.9268371256324535,1,139.42758399934974
/Users/eolande/EventMAV/FRED/65.zip,3613,108.39622500000334,108.42622500000334,propeller_1,794,241,798,245,4,4,16,15,37,1810.5,4,1,1,1,1,0,0,0.9518045704882714,1,138.45029199728742
/Users/eolande/EventMAV/FRED/65.zip,3614,108.42622500000334,108.45622500000334,propeller_1,794,241,799,245,5,4,20,16,25,1504.5,4,1,1,1,1,0,0,0.8882033627995995,1,147.99279100407148
/Users/eolande/EventMAV/FRED/65.zip,3618,108.54622500000335,108.57622500000335,propeller_2,793,241,797,245,4,4,16,14,28,1504.5,4,1,1,1,1,0,0,0.9187578489591617,1,141.5588750023744
/Users/eolande/EventMAV/FRED/65.zip,3619,108.57622500000335,108.60622500000335,propeller_1,792,241,797,244,5,3,15,15,29,1632.0,3,1,1,0,1,0,0,0.9299843075053267,1,195.71087499934947
/Users/eolande/EventMAV/FRED/65.zip,3620,108.60622500000335,108.63622500000335,propeller_1,792,241,796,244,4,3,12,12,30,1147.5,3,1,1,0,1,0,0,0.9138551845241549,1,146.22037499793805
/Users/eolande/EventMAV/FRED/65.zip,3621,108.63622500000335,108.66622500000335,propeller_2,792,241,796,244,4,3,12,12,26,1453.5,4,1,1,1,1,0,0,0.8972986066918567,1,139.76120799634373
/Users/eolande/EventMAV/FRED/65.zip,3622,108.66622500000335,108.69622500000335,propeller_2,792,241,796,245,4,4,16,15,24,1377.0,4,1,1,1,1,0,0,0.9349754057958419,1,145.85824999812758
/Users/eolande/EventMAV/FRED/65.zip,3623,108.69622500000335,108.72622500000335,propeller_1,1074,150,1127,176,53,26,1378,928,7772,88281.0,4,1,0,1,1,1,0,0.950546969647486,1,142.94175000395626
/Users/eolande/EventMAV/FRED/65.zip,3623,108.69622500000335,108.72622500000335,propeller_2,792,241,795,245,3,4,12,12,22,1377.0,3,1,1,0,1,0,0,0.8934836244252329,1,142.94175000395626
/Users/eolande/EventMAV/FRED/65.zip,3624,108.72622500000335,108.75622500000335,propeller_1,1112,153,1161,179,49,26,1274,726,5322,64183.5,3,1,0,0,1,1,0,0.9334267563776433,1,141.74987500155112
/Users/eolande/EventMAV/FRED/65.zip,3624,108.72622500000335,108.75622500000335,propeller_2,792,242,795,245,3,3,9,9,14,841.5,3,1,1,0,1,0,0,0.8869316247852232,1,141.74987500155112
/Users/eolande/EventMAV/FRED/65.zip,3625,108.75622500000335,108.78622500000336,propeller_1,792,242,795,245,3,3,9,9,19,1300.5,3,1,1,0,1,0,0,0.8819697194228779,1,140.81862499733688
/Users/eolande/EventMAV/FRED/65.zip,3627,108.81622500000336,108.84622500000336,propeller_1,792,242,795,245,3,3,9,9,19,790.5,4,1,1,1,1,0,0,0.8720173263267683,1,145.12262499920325
/Users/eolande/EventMAV/FRED/65.zip,3628,108.84622500000336,108.87622500000336,propeller_2,792,241,795,245,3,4,12,12,20,1479.0,3,1,1,0,1,0,0,0.916390861611339,1,140.83720799681032
/Users/eolande/EventMAV/FRED/65.zip,3629,108.87622500000336,108.90622500000336,propeller_2,791,241,795,244,4,3,12,11,22,841.5,4,1,1,1,1,0,0,0.9336994033636792,1,136.99300000007497
/Users/eolande/EventMAV/FRED/65.zip,3630,108.90622500000336,108.93622500000336,propeller_1,791,241,794,244,3,3,9,9,24,918.0,4,1,1,1,1,0,0,0.8720173263267683,1,135.93691700225463
/Users/eolande/EventMAV/FRED/65.zip,3642,109.26622500000337,109.29622500000337,propeller_1,788,240,791,243,3,3,9,9,21,1147.5,4,1,1,1,1,0,0,0.8720173263267683,1,132.83629099896643
/Users/eolande/EventMAV/FRED/65.zip,3644,109.32622500000338,109.35622500000338,propeller_1,788,240,792,244,4,4,16,14,26,1453.5,4,1,1,1,1,0,0,0.9697488317061846,1,141.59958399977768
/Users/eolande/EventMAV/FRED/65.zip,3645,109.35622500000338,109.38622500000338,propeller_1,788,240,791,243,3,3,9,9,28,1147.5,3,1,1,0,1,0,0,0.8720173263267683,1,112.68862499855459
/Users/eolande/EventMAV/FRED/65.zip,3646,109.38622500000338,109.41622500000338,propeller_1,788,240,792,244,4,4,16,15,32,1836.0,4,1,1,1,1,0,0,0.9254201681039689,1,139.98833300138358
/Users/eolande/EventMAV/FRED/65.zip,3647,109.41622500000338,109.44622500000338,propeller_1,788,240,791,243,3,3,9,9,28,1530.0,4,1,1,1,1,0,0,0.9092811817433847,1,146.64733300014632
/Users/eolande/EventMAV/FRED/65.zip,3648,109.44622500000338,109.47622500000338,propeller_1,787,240,791,243,4,3,12,12,25,1428.0,3,1,1,0,1,0,0,0.8977572838388576,1,135.1814169975114
/Users/eolande/EventMAV/FRED/65.zip,3649,109.47622500000338,109.50622500000338,propeller_1,787,240,792,244,5,4,20,16,28,1581.0,4,1,1,1,1,0,0,0.9411504822302774,1,137.13062500028173
/Users/eolande/EventMAV/FRED/65.zip,3650,109.50622500000338,109.53622500000338,propeller_1,789,241,791,243,2,2,4,4,18,816.0,4,1,1,1,1,0,0,1.0,1,135.32375000067987
/Users/eolande/EventMAV/FRED/65.zip,3651,109.53622500000338,109.56622500000339,propeller_1,788,240,791,243,3,3,9,9,18,561.0,4,1,1,1,1,0,0,0.9040166501353206,1,142.38462499633897
/Users/eolande/EventMAV/FRED/65.zip,3654,109.62622500000339,109.65622500000339,propeller_1,788,240,791,243,3,3,9,9,13,943.5,4,1,1,1,1,0,0,0.8856368134069045,1,123.50074999994831
/Users/eolande/EventMAV/FRED/65.zip,3657,109.71622500000339,109.74622500000339,propeller_2,787,239,790,242,3,3,9,9,20,1122.0,3,1,1,0,1,0,0,0.9219068757699769,1,160.03387499949895
/Users/eolande/EventMAV/FRED/65.zip,3684,110.52622500000342,110.55622500000342,propeller_1,933,480,947,487,14,7,98,28,134,3519.0,5,1,1,1,1,1,0,0.9026017859162874,1,134.7276249944116
/Users/eolande/EventMAV/FRED/65.zip,3685,110.55622500000342,110.58622500000342,propeller_1,910,481,927,486,17,5,85,20,163,2958.0,3,1,0,1,0,1,0,0.8909544816182288,1,140.40029199532
/Users/eolande/EventMAV/FRED/65.zip,3686,110.58622500000342,110.61622500000342,propeller_1,891,478,910,485,19,7,133,72,151,5839.5,5,1,0,1,1,1,1,0.9018869683028918,1,142.26945800328394
/Users/eolande/EventMAV/FRED/65.zip,3686,110.58622500000342,110.61622500000342,propeller_2,788,238,792,241,4,3,12,12,26,1504.5,3,1,1,0,1,0,0,0.8881688450606425,1,142.26945800328394
/Users/eolande/EventMAV/FRED/65.zip,3687,110.61622500000342,110.64622500000343,propeller_1,871,477,891,484,20,7,140,104,274,8338.5,4,1,0,1,1,1,0,0.9084163836726828,1,133.68054199963808
/Users/eolande/EventMAV/FRED/65.zip,3688,110.64622500000343,110.67622500000343,propeller_1,855,476,872,483,17,7,119,81,204,6324.0,4,1,0,1,1,1,0,0.8927286589260935,1,135.52899999922374
/Users/eolande/EventMAV/FRED/65.zip,3689,110.67622500000343,110.70622500000343,propeller_1,835,475,854,483,19,8,152,69,175,5227.5,4,1,0,1,1,1,0,0.9455018240751576,1,138.34266699996078
/Users/eolande/EventMAV/FRED/65.zip,3689,110.67622500000343,110.70622500000343,propeller_2,788,238,792,241,4,3,12,12,28,1708.5,3,1,1,0,1,0,0,0.903687128580231,1,138.34266699996078
/Users/eolande/EventMAV/FRED/65.zip,3690,110.70622500000343,110.73622500000343,propeller_1,821,478,822,481,1,3,3,3,4,765.0,4,1,0,1,0,1,1,0.9338186795769122,1,140.03524999861838
/Users/eolande/EventMAV/FRED/65.zip,3691,110.73622500000343,110.76622500000343,propeller_1,795,472,814,480,19,8,152,96,184,6859.5,5,1,1,1,1,1,0,0.8759287136234326,1,142.61525000620168
/Users/eolande/EventMAV/FRED/65.zip,3692,110.76622500000343,110.79622500000343,propeller_1,781,470,800,479,19,9,171,94,341,9690.0,5,1,1,1,1,1,0,0.9233358012724814,1,140.64816600148333
/Users/eolande/EventMAV/FRED/65.zip,3693,110.79622500000343,110.82622500000343,propeller_1,762,469,781,477,19,8,152,83,196,6426.0,5,1,1,1,1,1,0,0.8512383958693666,1,136.58254199981457
/Users/eolande/EventMAV/FRED/65.zip,3694,110.82622500000343,110.85622500000343,propeller_1,743,467,764,474,21,7,147,100,264,8262.0,5,1,0,1,1,1,1,0.9041087249939218,1,133.71624999854248
/Users/eolande/EventMAV/FRED/65.zip,3695,110.85622500000343,110.88622500000344,propeller_1,726,465,747,472,21,7,147,92,249,7267.5,4,1,0,1,1,1,0,0.8568899898000372,1,139.42383399989922
/Users/eolande/EventMAV/FRED/65.zip,3696,110.88622500000344,110.91622500000344,propeller_1,709,463,727,469,18,6,108,78,214,6502.5,5,1,1,1,1,1,0,0.9047711059867475,1,134.7031249970314
/Users/eolande/EventMAV/FRED/65.zip,3697,110.91622500000344,110.94622500000344,propeller_1,694,461,713,468,19,7,133,70,241,5304.0,4,1,1,1,0,1,0,0.8565169001880402,1,139.8280830035219
/Users/eolande/EventMAV/FRED/65.zip,3698,110.94622500000344,110.97622500000344,propeller_1,677,460,694,466,17,6,102,62,251,4921.5,5,1,1,1,1,1,0,0.8709136832572358,1,139.91687499947147
/Users/eolande/EventMAV/FRED/65.zip,3699,110.97622500000344,111.00622500000344,propeller_1,662,456,681,464,19,8,152,83,282,6783.0,5,1,1,1,1,1,0,0.9138411256865916,1,144.26825000555255
/Users/eolande/EventMAV/FRED/65.zip,3699,110.97622500000344,111.00622500000344,propeller_2,788,238,792,241,4,3,12,12,25,1453.5,4,1,1,1,1,0,0,0.8846522994812375,1,144.26825000555255
/Users/eolande/EventMAV/FRED/65.zip,3700,111.00622500000344,111.03622500000344,propeller_1,647,454,665,461,18,7,126,83,288,6961.5,5,1,1,1,1,1,0,0.9073388470985626,1,135.36758400005056
/Users/eolande/EventMAV/FRED/65.zip,3701,111.03622500000344,111.06622500000344,propeller_1,634,451,649,458,15,7,105,77,244,6145.5,6,1,1,1,1,1,1,0.8708930889850428,1,136.46683399565518
/Users/eolande/EventMAV/FRED/65.zip,3702,111.06622500000344,111.09622500000344,propeller_1,620,449,635,457,15,8,120,76,245,6069.0,5,1,0,1,1,1,1,0.8961173537629468,1,142.1794999987469
/Users/eolande/EventMAV/FRED/65.zip,3703,111.09622500000344,111.12622500000344,propeller_1,607,447,621,454,14,7,98,55,213,4615.5,5,1,1,1,1,1,0,0.8892986680185881,1,136.78300000174204
/Users/eolande/EventMAV/FRED/65.zip,3704,111.12622500000344,111.15622500000345,propeller_1,597,445,607,450,10,5,50,34,113,3366.0,6,1,1,1,1,1,1,0.8965428964051558,1,142.1209159962018
/Users/eolande/EventMAV/FRED/65.zip,3705,111.15622500000345,111.18622500000345,propeller_1,583,442,596,450,13,8,104,35,153,3774.0,6,1,1,1,1,1,1,0.951633236515553,1,142.50412500405218
/Users/eolande/EventMAV/FRED/65.zip,3706,111.18622500000345,111.21622500000345,propeller_2,574,441,583,448,9,7,63,27,102,2524.5,5,1,1,1,0,1,1,0.8959587175772865,1,141.02583299973048
/Users/eolande/EventMAV/FRED/65.zip,3707,111.21622500000345,111.24622500000345,propeller_1,787,238,792,242,5,4,20,18,46,2295.0,5,1,1,1,1,1,0,0.8949068601360302,1,136.47520799713675
/Users/eolande/EventMAV/FRED/65.zip,3707,111.21622500000345,111.24622500000345,propeller_2,562,439,570,445,8,6,48,23,99,2244.0,4,1,0,1,1,1,0,0.8974862897482185,1,136.47520799713675
/Users/eolande/EventMAV/FRED/65.zip,3708,111.24622500000345,111.27622500000345,propeller_1,787,238,792,242,5,4,20,18,51,2346.0,5,1,1,1,1,1,0,0.9115424445392039,1,144.66974999959348
/Users/eolande/EventMAV/FRED/65.zip,3708,111.24622500000345,111.27622500000345,propeller_2,554,438,558,441,4,3,12,10,31,1785.0,5,1,1,1,1,1,0,0.9215774947400733,1,144.66974999959348
/Users/eolande/EventMAV/FRED/65.zip,3709,111.27622500000345,111.30622500000345,propeller_1,787,238,792,242,5,4,20,17,42,2626.5,4,1,1,1,1,0,0,0.9109223365358707,1,139.44212500064168
/Users/eolande/EventMAV/FRED/65.zip,3709,111.27622500000345,111.30622500000345,propeller_2,547,438,548,441,1,3,3,3,7,892.5,4,1,1,1,0,1,0,0.9338186795769122,1,139.44212500064168
/Users/eolande/EventMAV/FRED/65.zip,3710,111.30622500000345,111.33622500000345,propeller_2,786,238,791,241,5,3,15,15,33,1300.5,3,1,1,0,1,0,0,0.9090085588488024,1,142.2613330068998
/Users/eolande/EventMAV/FRED/65.zip,3710,111.30622500000345,111.33622500000345,propeller_3,537,437,539,440,2,3,6,3,12,1045.5,4,1,1,1,0,1,0,0.999971998258524,1,142.2613330068998
/Users/eolande/EventMAV/FRED/65.zip,3711,111.33622500000345,111.36622500000345,propeller_1,786,238,791,242,5,4,20,18,45,2320.5,5,1,1,1,1,1,0,0.8967206174745317,1,142.1731250011362
/Users/eolande/EventMAV/FRED/65.zip,3711,111.33622500000345,111.36622500000345,propeller_2,523,433,530,438,7,5,35,17,95,1708.5,6,1,1,1,1,1,1,0.9442368225343004,1,142.1731250011362
/Users/eolande/EventMAV/FRED/65.zip,3712,111.36622500000345,111.39622500000345,propeller_2,786,238,790,242,4,4,16,15,48,2422.5,3,1,1,0,1,0,0,0.8849276568349514,1,138.17804199788952
/Users/eolande/EventMAV/FRED/65.zip,3712,111.36622500000345,111.39622500000345,propeller_3,514,432,522,437,8,5,40,20,94,1734.0,4,1,1,1,0,1,0,0.9021074387757051,1,138.17804199788952
/Users/eolande/EventMAV/FRED/65.zip,3713,111.39622500000345,111.42622500000346,propeller_1,769,235,773,241,4,6,24,21,60,3493.5,5,1,1,1,1,1,0,0.9245325563449802,1,135.98470899887616
/Users/eolande/EventMAV/FRED/65.zip,3713,111.39622500000345,111.42622500000346,propeller_2,784,238,791,243,7,5,35,26,62,3009.0,4,1,0,1,1,1,0,0.9545648094088741,1,135.98470899887616
/Users/eolande/EventMAV/FRED/65.zip,3713,111.39622500000345,111.42622500000346,propeller_3,505,430,510,434,5,4,20,15,71,1402.5,5,1,1,1,1,1,0,0.8517535900838054,1,135.98470899887616
/Users/eolande/EventMAV/FRED/65.zip,3714,111.42622500000346,111.45622500000346,propeller_1,768,237,773,241,5,4,20,19,47,2932.5,4,1,1,0,1,1,0,0.9585952045221322,1,145.38708300096914
/Users/eolande/EventMAV/FRED/65.zip,3714,111.42622500000346,111.45622500000346,propeller_2,786,238,790,242,4,4,16,15,49,1938.0,4,1,1,0,1,1,0,0.899569683875655,1,145.38708300096914
/Users/eolande/EventMAV/FRED/65.zip,3714,111.42622500000346,111.45622500000346,propeller_3,494,427,505,434,11,7,77,26,131,1861.5,4,1,0,1,1,1,0,0.8658356159476923,1,145.38708300096914
/Users/eolande/EventMAV/FRED/65.zip,3715,111.45622500000346,111.48622500000346,propeller_1,768,235,774,241,6,6,36,28,59,3774.0,5,1,1,1,1,1,0,0.9342867255025085,1,139.58187500247732
/Users/eolande/EventMAV/FRED/65.zip,3715,111.45622500000346,111.48622500000346,propeller_2,786,238,790,243,4,5,20,16,38,2244.0,4,1,1,1,1,0,0,0.9628439290915781,1,139.58187500247732
/Users/eolande/EventMAV/FRED/65.zip,3715,111.45622500000346,111.48622500000346,propeller_3,486,425,493,429,7,4,28,19,39,2142.0,5,1,1,1,0,1,1,0.8862684950311779,1,139.58187500247732
/Users/eolande/EventMAV/FRED/65.zip,3716,111.48622500000346,111.51622500000346,propeller_1,769,235,775,241,6,6,36,27,61,3646.5,6,1,1,1,1,1,1,0.9201205858032533,1,138.19883299584035
/Users/eolande/EventMAV/FRED/65.zip,3716,111.48622500000346,111.51622500000346,propeller_2,478,424,488,432,10,8,80,32,102,2652.0,6,1,1,1,1,1,1,0.910560249171315,1,138.19883299584035
/Users/eolande/EventMAV/FRED/65.zip,3716,111.48622500000346,111.51622500000346,propeller_3,786,239,790,243,4,4,16,14,43,2320.5,3,1,1,0,1,0,0,0.9438159641060373,1,138.19883299584035
/Users/eolande/EventMAV/FRED/65.zip,3717,111.51622500000346,111.54622500000346,propeller_1,768,236,773,241,5,5,25,23,74,3978.0,5,1,1,1,1,1,0,0.9329553131547672,1,140.1279169949703
/Users/eolande/EventMAV/FRED/65.zip,3717,111.51622500000346,111.54622500000346,propeller_2,470,423,480,428,10,5,50,29,92,2932.5,6,1,1,1,1,1,1,0.927759671217943,1,140.1279169949703
/Users/eolande/EventMAV/FRED/65.zip,3717,111.51622500000346,111.54622500000346,propeller_3,786,239,789,243,3,4,12,11,30,1249.5,4,1,1,1,1,0,0,0.9007002030530439,1,140.1279169949703
/Users/eolande/EventMAV/FRED/65.zip,3718,111.54622500000346,111.57622500000346,propeller_1,766,236,773,241,7,5,35,30,89,5125.5,6,1,1,1,1,1,1,0.9143155182260874,1,140.4019170004176
/Users/eolande/EventMAV/FRED/65.zip,3718,111.54622500000346,111.57622500000346,propeller_2,463,422,472,429,9,7,63,41,140,4488.0,5,1,1,1,1,1,0,0.9419288156176686,1,140.4019170004176
/Users/eolande/EventMAV/FRED/65.zip,3718,111.54622500000346,111.57622500000346,propeller_3,784,238,789,243,5,5,25,20,55,2524.5,5,1,1,1,1,1,0,0.9622791481646753,1,140.4019170004176
/Users/eolande/EventMAV/FRED/65.zip,3719,111.57622500000346,111.60622500000346,propeller_1,766,236,773,241,7,5,35,29,92,4870.5,4,1,1,0,1,1,0,0.9297962401054267,1,139.7714159975294
/Users/eolande/EventMAV/FRED/65.zip,3719,111.57622500000346,111.60622500000346,propeller_2,455,422,468,429,13,7,91,43,151,4768.5,5,1,1,1,1,1,0,0.8636688303295902,1,139.7714159975294
/Users/eolande/EventMAV/FRED/65.zip,3719,111.57622500000346,111.60622500000346,propeller_3,786,240,788,242,2,2,4,4,20,663.0,3,1,1,0,1,0,0,1.0,1,139.7714159975294
/Users/eolande/EventMAV/FRED/65.zip,3720,111.60622500000346,111.63622500000346,propeller_1,448,421,461,428,13,7,91,56,159,5304.0,3,1,0,1,0,1,0,0.9001254771135732,1,136.64437500119675
/Users/eolande/EventMAV/FRED/65.zip,3720,111.60622500000346,111.63622500000346,propeller_2,766,236,773,241,7,5,35,27,91,4360.5,5,1,1,1,1,1,0,0.9300733298387376,1,136.64437500119675
/Users/eolande/EventMAV/FRED/65.zip,3720,111.60622500000346,111.63622500000346,propeller_3,784,238,789,243,5,5,25,21,56,2907.0,5,1,1,1,1,1,0,0.9614261941251239,1,136.64437500119675
/Users/eolande/EventMAV/FRED/65.zip,3721,111.63622500000346,111.66622500000346,propeller_1,441,421,452,427,11,6,66,54,170,5992.5,4,1,0,1,0,1,1,0.9137880766851412,1,142.47316700493684
/Users/eolande/EventMAV/FRED/65.zip,3721,111.63622500000346,111.66622500000346,propeller_2,766,236,773,241,7,5,35,28,94,4972.5,5,1,1,1,1,1,0,0.9220368064974418,1,142.47316700493684
/Users/eolande/EventMAV/FRED/65.zip,3721,111.63622500000346,111.66622500000346,propeller_3,784,239,789,242,5,3,15,15,46,2244.0,3,1,1,0,1,0,0,0.9434559129315374,1,142.47316700493684
/Users/eolande/EventMAV/FRED/65.zip,3722,111.66622500000346,111.69622500000347,propeller_1,434,420,448,427,14,7,98,61,249,6783.0,4,1,0,1,1,1,0,0.9361885957704501,1,140.36937500350177
/Users/eolande/EventMAV/FRED/65.zip,3722,111.66622500000346,111.69622500000347,propeller_2,766,236,773,241,7,5,35,27,108,5023.5,5,1,1,1,1,1,0,0.9168559308930743,1,140.36937500350177
/Users/eolande/EventMAV/FRED/65.zip,3722,111.66622500000346,111.69622500000347,propeller_3,782,238,789,243,7,5,35,29,56,3187.5,5,1,1,1,1,1,0,0.9416466345045144,1,140.36937500350177
/Users/eolande/EventMAV/FRED/65.zip,3723,111.69622500000347,111.72622500000347,propeller_1,428,420,439,426,11,6,66,55,243,7956.0,5,1,1,1,1,1,0,0.9273222757340867,1,143.94670799811138
/Users/eolande/EventMAV/FRED/65.zip,3723,111.69622500000347,111.72622500000347,propeller_2,766,236,773,241,7,5,35,28,131,5559.0,5,1,1,1,1,1,0,0.911241599671099,1,143.94670799811138
/Users/eolande/EventMAV/FRED/65.zip,3723,111.69622500000347,111.72622500000347,propeller_3,785,239,789,242,4,3,12,12,34,1555.5,5,1,1,1,1,1,0,0.9358716807858511,1,143.94670799811138
/Users/eolande/EventMAV/FRED/65.zip,3724,111.72622500000347,111.75622500000347,propeller_1,422,419,432,426,10,7,70,60,283,7726.5,5,1,1,1,1,1,0,0.933146855736689,1,143.14220799860777
/Users/eolande/EventMAV/FRED/65.zip,3724,111.72622500000347,111.75622500000347,propeller_2,766,236,773,240,7,4,28,24,96,4462.5,4,1,1,0,1,1,0,0.9144799919650657,1,143.14220799860777
/Users/eolande/EventMAV/FRED/65.zip,3725,111.75622500000347,111.78622500000347,propeller_1,416,419,430,427,14,8,112,77,294,8364.0,6,1,1,1,1,1,1,0.90386089126737,1,143.64987499720883
/Users/eolande/EventMAV/FRED/65.zip,3725,111.75622500000347,111.78622500000347,propeller_2,765,236,772,241,7,5,35,28,107,5100.0,5,1,1,1,1,1,0,0.9204760592378469,1,143.64987499720883
/Users/eolande/EventMAV/FRED/65.zip,3725,111.75622500000347,111.78622500000347,propeller_3,782,238,785,241,3,3,9,9,14,1377.0,4,1,1,0,1,1,0,0.8405748408488718,1,143.64987499720883
/Users/eolande/EventMAV/FRED/65.zip,3726,111.78622500000347,111.81622500000347,propeller_1,409,419,420,426,11,7,77,60,301,7242.0,4,1,0,1,1,1,0,0.9343600815749791,1,138.13124999433057
/Users/eolande/EventMAV/FRED/65.zip,3726,111.78622500000347,111.81622500000347,propeller_2,766,236,772,241,6,5,30,24,98,4870.5,6,1,1,1,1,1,1,0.9166162735489426,1,138.13124999433057
/Users/eolande/EventMAV/FRED/65.zip,3726,111.78622500000347,111.81622500000347,propeller_3,782,238,788,243,6,5,30,24,64,2754.0,5,1,0,1,1,1,1,0.9276535849592729,1,138.13124999433057
/Users/eolande/EventMAV/FRED/65.zip,3727,111.81622500000347,111.84622500000347,propeller_1,404,419,414,426,10,7,70,61,340,8134.5,5,1,1,1,1,1,0,0.9242583445555789,1,140.47395800298546
/Users/eolande/EventMAV/FRED/65.zip,3727,111.81622500000347,111.84622500000347,propeller_2,765,236,771,241,6,5,30,24,86,4488.0,6,1,1,1,1,1,1,0.9172158488384949,1,140.47395800298546
/Users/eolande/EventMAV/FRED/65.zip,3727,111.81622500000347,111.84622500000347,propeller_3,782,238,788,241,6,3,18,18,40,2295.0,5,1,1,1,1,1,0,0.8882350472676239,1,140.47395800298546
/Users/eolande/EventMAV/FRED/65.zip,3728,111.84622500000347,111.87622500000347,propeller_1,397,418,411,426,14,8,112,80,445,10684.5,4,1,0,1,1,1,0,0.9200885828165737,1,140.51512500009267
/Users/eolande/EventMAV/FRED/65.zip,3728,111.84622500000347,111.87622500000347,propeller_2,765,235,778,241,13,6,78,35,110,5916.0,5,1,1,1,1,1,0,0.9226488179447564,1,140.51512500009267
/Users/eolande/EventMAV/FRED/65.zip,3729,111.87622500000347,111.90622500000347,propeller_1,392,418,406,426,14,8,112,79,459,11806.5,5,1,1,1,1,1,0,0.9062960446245751,1,136.81883300159825
/Users/eolande/EventMAV/FRED/65.zip,3729,111.87622500000347,111.90622500000347,propeller_2,764,236,771,241,7,5,35,28,87,3748.5,5,1,1,1,1,1,0,0.9403100218789131,1,136.81883300159825
/Users/eolande/EventMAV/FRED/65.zip,3730,111.90622500000347,111.93622500000347,propeller_1,387,419,400,427,13,8,104,85,488,11398.5,5,1,1,1,1,1,0,0.9079633071736679,1,136.3914579997072
/Users/eolande/EventMAV/FRED/65.zip,3730,111.90622500000347,111.93622500000347,propeller_2,765,236,770,239,5,3,15,15,50,2371.5,6,1,1,1,1,1,1,0.8900822652311382,1,136.3914579997072
/Users/eolande/EventMAV/FRED/65.zip,3730,111.90622500000347,111.93622500000347,propeller_3,782,240,788,243,6,3,18,16,37,1581.0,5,1,0,1,1,1,1,0.9466196185153051,1,136.3914579997072
/Users/eolande/EventMAV/FRED/65.zip,3731,111.93622500000347,111.96622500000348,propeller_1,381,419,395,427,14,8,112,84,596,12087.0,5,1,1,1,1,1,0,0.9327795606848213,1,140.80554200336337
/Users/eolande/EventMAV/FRED/65.zip,3731,111.93622500000347,111.96622500000348,propeller_2,764,236,770,241,6,5,30,25,69,3238.5,5,1,1,1,1,1,0,0.9499925243548841,1,140.80554200336337
/Users/eolande/EventMAV/FRED/65.zip,3731,111.93622500000347,111.96622500000348,propeller_3,784,240,787,243,3,3,9,9,21,1020.0,4,1,1,1,1,0,0,0.8743125615995592,1,140.80554200336337
/Users/eolande/EventMAV/FRED/65.zip,3732,111.96622500000348,111.99622500000348,propeller_1,376,419,390,427,14,8,112,85,648,12061.5,4,1,1,1,0,1,0,0.9298200114626527,1,140.33795799332438
/Users/eolande/EventMAV/FRED/65.zip,3732,111.96622500000348,111.99622500000348,propeller_2,763,236,770,241,7,5,35,29,107,4641.0,5,1,1,1,1,1,0,0.9543513734648892,1,140.33795799332438
/Users/eolande/EventMAV/FRED/65.zip,3732,111.96622500000348,111.99622500000348,propeller_3,782,240,787,244,5,4,20,12,30,1071.0,5,1,1,1,1,1,0,0.9544314612482807,1,140.33795799332438
/Users/eolande/EventMAV/FRED/65.zip,3733,111.99622500000348,112.02622500000348,propeller_1,371,418,385,427,14,9,126,87,724,13566.0,5,1,1,1,1,1,0,0.9141733897688452,1,136.1591659951955
/Users/eolande/EventMAV/FRED/65.zip,3733,111.99622500000348,112.02622500000348,propeller_2,763,237,785,244,22,7,154,36,154,4768.5,4,1,1,0,1,1,0,0.9600804361593115,1,136.1591659951955
/Users/eolande/EventMAV/FRED/65.zip,3734,112.02622500000348,112.05622500000348,propeller_1,366,418,380,426,14,8,112,89,702,13974.0,5,1,1,1,1,1,0,0.8823020591687041,1,139.16862499900162
/Users/eolande/EventMAV/FRED/65.zip,3734,112.02622500000348,112.05622500000348,propeller_2,764,238,787,245,23,7,161,52,179,5227.5,4,1,1,0,1,1,0,0.9218767491065029,1,139.16862499900162
/Users/eolande/EventMAV/FRED/65.zip,3735,112.05622500000348,112.08622500000348,propeller_1,361,417,375,426,14,9,126,95,785,14637.0,3,1,0,1,0,1,0,0.8918893639244587,1,138.88520799810067
/Users/eolande/EventMAV/FRED/65.zip,3735,112.05622500000348,112.08622500000348,propeller_2,764,239,786,245,22,6,132,62,188,7242.0,5,1,1,1,1,1,0,0.9273889802734406,1,138.88520799810067
/Users/eolande/EventMAV/FRED/65.zip,3736,112.08622500000348,112.11622500000348,propeller_1,357,417,370,425,13,8,104,84,653,13897.5,5,1,1,1,1,1,0,0.8924995455447782,1,136.30020799610065
/Users/eolande/EventMAV/FRED/65.zip,3736,112.08622500000348,112.11622500000348,propeller_2,764,240,785,246,21,6,126,42,133,4156.5,4,1,1,0,1,1,0,0.9275864842872894,1,136.30020799610065
/Users/eolande/EventMAV/FRED/65.zip,3737,112.11622500000348,112.14622500000348,propeller_1,352,415,366,425,14,10,140,94,718,14331.0,4,1,0,1,1,1,0,0.8982854335702175,1,140.59604099747958
/Users/eolande/EventMAV/FRED/65.zip,3737,112.11622500000348,112.14622500000348,propeller_2,764,242,788,248,24,6,144,48,167,4947.0,4,1,0,1,1,1,0,0.9669537673214942,1,140.59604099747958
/Users/eolande/EventMAV/FRED/65.zip,3738,112.14622500000348,112.17622500000348,propeller_1,348,414,362,423,14,9,126,92,756,14484.0,5,1,1,1,1,1,0,0.9082052634738511,1,139.638583001215
/Users/eolande/EventMAV/FRED/65.zip,3738,112.14622500000348,112.17622500000348,propeller_2,764,243,784,249,20,6,120,57,168,6069.0,5,1,1,1,1,1,0,0.9294206497693258,1,139.638583001215
/Users/eolande/EventMAV/FRED/65.zip,3739,112.17622500000348,112.20622500000349,propeller_1,344,412,358,422,14,10,140,93,814,14866.5,4,1,0,1,1,1,0,0.8908691447386617,1,136.78408399573527
/Users/eolande/EventMAV/FRED/65.zip,3739,112.17622500000348,112.20622500000349,propeller_2,763,245,784,250,21,5,105,40,143,5559.0,5,1,1,1,1,1,0,0.9371396804481135,1,136.78408399573527
/Users/eolande/EventMAV/FRED/65.zip,3740,112.20622500000349,112.23622500000349,propeller_1,340,410,353,420,13,10,130,95,862,15172.5,5,1,1,1,1,1,0,0.8948922767793884,1,136.90758399752667
/Users/eolande/EventMAV/FRED/65.zip,3740,112.20622500000349,112.23622500000349,propeller_2,761,246,786,251,25,5,125,50,116,4386.0,5,1,1,1,1,1,0,0.8896033519259815,1,136.90758399752667
/Users/eolande/EventMAV/FRED/65.zip,3741,112.23622500000349,112.26622500000349,propeller_1,336,407,350,418,14,11,154,100,863,15529.5,5,1,1,1,1,1,0,0.9004052258068891,1,141.65912500175182
/Users/eolande/EventMAV/FRED/65.zip,3741,112.23622500000349,112.26622500000349,propeller_2,763,247,781,251,18,4,72,24,61,2193.0,5,1,1,1,1,1,0,0.9237775646215974,1,141.65912500175182
/Users/eolande/EventMAV/FRED/65.zip,3742,112.26622500000349,112.29622500000349,propeller_1,332,405,346,415,14,10,140,98,843,15835.5,4,1,0,1,1,1,0,0.906791111782971,1,137.43283299845643
/Users/eolande/EventMAV/FRED/65.zip,3742,112.26622500000349,112.29622500000349,propeller_2,777,249,780,252,3,3,9,9,19,1530.0,5,1,1,0,1,1,1,0.9090516010479007,1,137.43283299845643
/Users/eolande/EventMAV/FRED/65.zip,3743,112.29622500000349,112.32622500000349,propeller_1,329,402,342,413,13,11,143,96,846,15988.5,4,1,1,1,0,1,0,0.9018035948357929,1,137.01570800185436
/Users/eolande/EventMAV/FRED/65.zip,3743,112.29622500000349,112.32622500000349,propeller_2,776,250,786,254,10,4,40,19,32,1377.0,4,1,1,0,1,1,0,0.8863182727090069,1,137.01570800185436
/Users/eolande/EventMAV/FRED/65.zip,3744,112.32622500000349,112.35622500000349,propeller_1,325,401,339,411,14,10,140,95,862,15708.0,4,1,1,1,0,1,0,0.880160810883865,1,140.05387499491917
/Users/eolande/EventMAV/FRED/65.zip,3744,112.32622500000349,112.35622500000349,propeller_3,777,250,780,252,3,2,6,6,9,484.5,4,1,1,1,1,0,0,0.9338186795769123,1,140.05387499491917
/Users/eolande/EventMAV/FRED/65.zip,3745,112.35622500000349,112.38622500000349,propeller_1,322,399,336,409,14,10,140,95,858,15325.5,5,1,1,1,1,1,0,0.8779140291669912,1,139.06508299987763
/Users/eolande/EventMAV/FRED/65.zip,3746,112.38622500000349,112.4162250000035,propeller_1,320,397,333,407,13,10,130,87,746,14050.5,5,1,1,1,1,1,0,0.866975985206409,1,138.0202080035815
/Users/eolande/EventMAV/FRED/65.zip,3746,112.38622500000349,112.4162250000035,propeller_3,778,253,780,256,2,3,6,3,3,688.5,3,1,1,0,1,0,0,0.999971998258524,1,138.0202080035815
/Users/eolande/EventMAV/FRED/65.zip,3747,112.4162250000035,112.4462250000035,propeller_1,317,395,331,405,14,10,140,71,664,11806.5,5,1,1,1,1,1,0,0.8619599942083047,1,142.78937499329913
/Users/eolande/EventMAV/FRED/65.zip,3748,112.4462250000035,112.4762250000035,propeller_1,315,393,329,404,14,11,154,69,594,11373.0,4,1,0,1,1,1,0,0.8384648875105828,1,140.94141700479668
/Users/eolande/EventMAV/FRED/65.zip,3749,112.4762250000035,112.5062250000035,propeller_1,312,392,327,402,15,10,150,69,608,11118.0,5,1,1,1,1,1,0,0.843825438360462,1,135.7463749955059
/Users/eolande/EventMAV/FRED/65.zip,3750,112.5062250000035,112.5362250000035,propeller_1,311,390,325,400,14,10,140,72,672,11730.0,4,1,1,1,0,1,0,0.8650273891441387,1,142.28962500055786
/Users/eolande/EventMAV/FRED/65.zip,3751,112.5362250000035,112.5662250000035,propeller_1,310,387,323,397,13,10,130,76,703,13795.5,5,1,1,1,1,1,0,0.9052369230698798,1,138.65083300333936
/Users/eolande/EventMAV/FRED/65.zip,3752,112.5662250000035,112.5962250000035,propeller_1,310,384,323,395,13,11,143,76,756,12648.0,5,1,1,1,1,1,0,0.8748698261027412,1,137.46762499795295
/Users/eolande/EventMAV/FRED/65.zip,3753,112.5962250000035,112.6262250000035,propeller_1,309,381,323,392,14,11,154,90,683,11271.0,5,1,1,1,1,1,0,0.8829435243008492,1,138.99183399917092
/Users/eolande/EventMAV/FRED/65.zip,3754,112.6262250000035,112.6562250000035,propeller_1,310,377,324,387,14,10,140,88,722,11296.5,4,1,1,1,0,1,0,0.8605892642311348,1,137.75616599741625
/Users/eolande/EventMAV/FRED/65.zip,3755,112.6562250000035,112.6862250000035,propeller_1,310,371,325,383,15,12,180,108,898,12495.0,5,1,1,1,1,1,0,0.9035296282593348,1,139.8802080002497
/Users/eolande/EventMAV/FRED/65.zip,3756,112.6862250000035,112.7162250000035,propeller_1,311,366,328,378,17,12,204,117,999,13387.5,3,1,0,1,0,1,0,0.8867827790468895,1,138.73674999922514
/Users/eolande/EventMAV/FRED/65.zip,3756,112.6862250000035,112.7162250000035,propeller_2,772,254,777,258,5,4,20,12,19,1249.5,4,1,1,1,1,0,0,0.9053731762388801,1,138.73674999922514
/Users/eolande/EventMAV/FRED/65.zip,3757,112.7162250000035,112.7462250000035,propeller_1,313,359,331,373,18,14,252,138,1138,14509.5,4,1,0,1,1,1,0,0.9094825666959482,1,140.75641600356903
/Users/eolande/EventMAV/FRED/65.zip,3758,112.7462250000035,112.7762250000035,propeller_1,316,352,335,366,19,14,266,156,1335,15274.5,5,1,1,1,1,1,0,0.9072773042161076,1,140.02887499373173
/Users/eolande/EventMAV/FRED/65.zip,3759,112.7762250000035,112.80622500000351,propeller_1,319,344,340,359,21,15,315,173,1348,14943.0,4,1,0,1,1,1,0,0.9172010098420573,1,139.65283300058218
/Users/eolande/EventMAV/FRED/65.zip,3760,112.80622500000351,112.83622500000351,propeller_1,322,336,344,351,22,15,330,170,1165,12826.5,4,1,0,1,1,1,0,0.9000409760056136,1,142.17333299893653
/Users/eolande/EventMAV/FRED/65.zip,3761,112.83622500000351,112.86622500000351,propeller_1,327,326,349,342,22,16,352,162,1183,11194.5,4,1,1,1,0,1,0,0.8848177163184592,1,142.92962499894202
/Users/eolande/EventMAV/FRED/65.zip,3762,112.86622500000351,112.89622500000351,propeller_1,334,316,356,332,22,16,352,154,1302,11143.5,3,1,0,1,0,1,0,0.8791279204001958,1,145.74808299948927
/Users/eolande/EventMAV/FRED/65.zip,3763,112.89622500000351,112.92622500000351,propeller_1,340,304,362,321,22,17,374,130,1369,11041.5,3,1,0,1,0,1,0,0.8823750907806125,1,139.9828330031596
/Users/eolande/EventMAV/FRED/65.zip,3764,112.92622500000351,112.95622500000351,propeller_1,347,292,367,310,20,18,360,134,1320,11602.5,4,1,0,1,1,1,0,0.8644011499423665,1,142.14799999899697
/Users/eolande/EventMAV/FRED/65.zip,3765,112.95622500000351,112.98622500000351,propeller_1,354,278,379,295,25,17,425,151,1533,13540.5,4,1,0,1,1,1,0,0.9324650511815455,1,140.30787500087172
/Users/eolande/EventMAV/FRED/65.zip,3767,113.01622500000352,113.04622500000352,propeller_1,372,247,400,268,28,21,588,254,2080,19354.5,3,1,0,1,0,1,0,0.9189681795024857,1,144.31208399764728
/Users/eolande/EventMAV/FRED/65.zip,3769,113.07622500000352,113.10622500000352,propeller_1,392,213,422,235,30,22,660,307,2682,23791.5,3,1,0,1,0,1,0,0.9085125110707846,1,133.9242500034743
/Users/eolande/EventMAV/FRED/65.zip,3770,113.10622500000352,113.13622500000352,propeller_1,743,252,746,255,3,3,9,9,10,918.0,3,1,1,0,1,0,0,0.8954838559660154,1,145.0012909990619
/Users/eolande/EventMAV/FRED/65.zip,3772,113.16622500000352,113.19622500000352,propeller_1,427,153,460,179,33,26,858,443,3774,31900.5,4,1,0,1,1,1,0,0.8877513497378218,1,141.00566700653872
/Users/eolande/EventMAV/FRED/65.zip,3773,113.19622500000352,113.22622500000352,propeller_1,439,132,474,158,35,26,910,499,4187,35445.0,4,1,0,1,1,1,0,0.8893404145590834,1,144.07987499726005
/Users/eolande/EventMAV/FRED/65.zip,3773,113.19622500000352,113.22622500000352,propeller_3,761,254,764,257,3,3,9,6,13,714.0,3,1,0,1,1,0,0,0.9158573379140376,1,144.07987499726005
/Users/eolande/EventMAV/FRED/65.zip,3776,113.28622500000353,113.31622500000353,propeller_1,739,250,751,257,12,7,84,27,73,3978.0,5,1,1,0,1,1,1,0.8887051200655435,1,138.31937500071945
/Users/eolande/EventMAV/FRED/65.zip,3777,113.31622500000353,113.34622500000353,propeller_1,737,250,751,257,14,7,98,36,94,4539.0,4,1,1,0,1,1,0,0.9301267684229156,1,144.82341700204415
/Users/eolande/EventMAV/FRED/65.zip,3777,113.31622500000353,113.34622500000353,propeller_2,760,251,764,258,4,7,28,13,28,1530.0,4,1,1,1,1,0,0,0.9520083250676603,1,144.82341700204415
/Users/eolande/EventMAV/FRED/65.zip,3778,113.34622500000353,113.37622500000353,propeller_1,738,250,763,257,25,7,175,51,119,6400.5,5,1,1,1,1,1,0,0.8996156212605307,1,139.19816699490184
/Users/eolande/EventMAV/FRED/65.zip,3779,113.37622500000353,113.40622500000353,propeller_2,736,250,763,257,27,7,189,56,173,9435.0,5,1,1,1,1,1,0,0.9023888884243106,1,140.78462500037858
/Users/eolande/EventMAV/FRED/65.zip,3780,113.40622500000353,113.43622500000353,propeller_1,736,250,763,257,27,7,189,64,185,9970.5,5,1,1,1,1,1,0,0.898115645041897,1,139.21987500361865
/Users/eolande/EventMAV/FRED/65.zip,3781,113.43622500000353,113.46622500000353,propeller_1,736,250,749,257,13,7,91,34,118,5559.0,5,1,1,1,1,1,0,0.9069018774725764,1,137.4242090023472
/Users/eolande/EventMAV/FRED/65.zip,3782,113.46622500000353,113.49622500000353,propeller_1,735,250,748,257,13,7,91,32,95,4947.0,4,1,1,0,1,1,0,0.9102047214307825,1,141.4435830010916
/Users/eolande/EventMAV/FRED/65.zip,3783,113.49622500000353,113.52622500000354,propeller_1,735,250,761,257,26,7,182,63,176,7905.0,4,1,1,0,1,1,0,0.9131467001041589,1,138.68112500495045
/Users/eolande/EventMAV/FRED/65.zip,3784,113.52622500000354,113.55622500000354,propeller_1,735,250,761,257,26,7,182,50,139,6910.5,5,1,1,1,1,1,0,0.8969026639330275,1,141.1122090066783
/Users/eolande/EventMAV/FRED/65.zip,3785,113.55622500000354,113.58622500000354,propeller_1,735,250,746,256,11,6,66,24,58,3570.0,5,1,1,1,1,1,0,0.8885310321568702,1,138.46775000274647
/Users/eolande/EventMAV/FRED/65.zip,3786,113.58622500000354,113.61622500000354,propeller_1,735,250,746,256,11,6,66,21,57,3366.0,3,1,1,0,0,1,0,0.8908963118127772,1,138.89862500218442
/Users/eolande/EventMAV/FRED/65.zip,3787,113.61622500000354,113.64622500000354,propeller_1,734,250,738,253,4,3,12,12,23,1887.0,4,1,1,1,1,0,0,0.9132073604112583,1,140.755624997837
/Users/eolande/EventMAV/FRED/65.zip,3788,113.64622500000354,113.67622500000354,propeller_1,733,250,745,256,12,6,72,18,46,2040.0,5,1,1,1,1,1,0,0.8669802513844928,1,142.4716250039637
/Users/eolande/EventMAV/FRED/65.zip,3789,113.67622500000354,113.70622500000354,propeller_1,733,250,745,256,12,6,72,21,51,2677.5,5,1,1,1,1,1,0,0.8919302045709647,1,141.7630840005586
/Users/eolande/EventMAV/FRED/65.zip,3791,113.73622500000354,113.76622500000354,propeller_1,733,250,744,257,11,7,77,21,43,1989.0,5,1,1,1,1,1,0,0.8850090510593993,1,143.75133300200105
/Users/eolande/EventMAV/FRED/65.zip,3801,114.03622500000355,114.06622500000356,propeller_1,731,255,750,258,19,3,57,19,77,2142.0,5,1,1,1,1,1,0,0.931611354894244,1,140.993332999642
/Users/eolande/EventMAV/FRED/65.zip,3802,114.06622500000356,114.09622500000356,propeller_1,729,255,751,260,22,5,110,37,138,3595.5,3,1,0,0,1,1,0,0.9112073795771065,1,137.87241699901642
/Users/eolande/EventMAV/FRED/65.zip,3803,114.09622500000356,114.12622500000356,propeller_1,728,256,749,261,21,5,105,50,153,4258.5,5,1,1,1,1,1,0,0.9105426790090754,1,139.63041600072756
/Users/eolande/EventMAV/FRED/65.zip,3804,114.12622500000356,114.15622500000356,propeller_1,728,258,750,263,22,5,110,44,210,4998.0,5,1,1,1,1,1,0,0.9228850848742862,1,141.6910000043572
/Users/eolande/EventMAV/FRED/65.zip,3805,114.15622500000356,114.18622500000356,propeller_1,727,260,751,266,24,6,144,70,344,8491.5,5,1,1,1,1,1,0,0.9549538419763266,1,140.3148749959655
/Users/eolande/EventMAV/FRED/65.zip,3806,114.18622500000356,114.21622500000356,propeller_1,725,262,751,269,26,7,182,93,465,11806.5,4,1,1,0,1,1,0,0.9262041111450351,1,140.50891700026114
/Users/eolande/EventMAV/FRED/65.zip,3807,114.21622500000356,114.24622500000356,propeller_1,724,264,750,271,26,7,182,105,590,14509.5,5,1,1,1,1,1,0,0.9515468049354394,1,140.2555000022403
/Users/eolande/EventMAV/FRED/65.zip,3808,114.24622500000356,114.27622500000356,propeller_1,723,266,751,274,28,8,224,134,775,19584.0,5,1,1,1,1,1,0,0.8440163745709635,1,137.58087500173133
/Users/eolande/EventMAV/FRED/65.zip,3809,114.27622500000356,114.30622500000356,propeller_1,722,267,750,277,28,10,280,153,886,23868.0,5,1,1,1,1,1,0,0.9334510153954996,1,140.11308299814118
/Users/eolande/EventMAV/FRED/65.zip,3810,114.30622500000356,114.33622500000357,propeller_1,722,269,749,279,27,10,270,162,896,25143.0,5,1,1,1,1,1,0,0.9299196004847079,1,141.99891599855619
/Users/eolande/EventMAV/FRED/65.zip,3811,114.33622500000357,114.36622500000357,propeller_1,720,271,748,281,28,10,280,150,897,24607.5,5,1,1,1,1,1,0,0.9053675682649001,1,142.12291700096102
/Users/eolande/EventMAV/FRED/65.zip,3812,114.36622500000357,114.39622500000357,propeller_1,718,273,747,283,29,10,290,154,899,25143.0,5,1,1,1,1,1,0,0.918279638450834,1,139.3080830021063
/Users/eolande/EventMAV/FRED/65.zip,3813,114.39622500000357,114.42622500000357,propeller_1,717,274,745,283,28,9,252,137,848,23791.5,5,1,1,1,1,1,0,0.9263920519015154,1,143.00158300466137
/Users/eolande/EventMAV/FRED/65.zip,3814,114.42622500000357,114.45622500000357,propeller_1,715,275,743,285,28,10,280,126,769,22465.5,5,1,1,1,1,1,0,0.9436812869978475,1,137.25875000091037
/Users/eolande/EventMAV/FRED/65.zip,3815,114.45622500000357,114.46550699999999,propeller_1,731,276,741,283,10,7,70,31,134,2703.0,5,1,1,1,1,1,0,0.8694246940385599,1,127.83987500006333
