window_id,start_sec,end_sec,event_count,original_candidates,filtered_candidates,original_accepted,filtered_accepted,filtered_detection_ms,enabled,min_area_px,threshold,connectivity,components_before,components_removed,components_kept,foreground_pixels_before,foreground_pixels_removed,foreground_pixels_kept,subthreshold_pixels_cleared
0,0.006676,0.036676,2408,1,1,0,0,137.1074580019922,True,9,50.0,8,2,0,2,115,0,115,563
1,0.036676,0.066676,1962,1,1,0,0,142.4892089999048,True,9,50.0,8,8,3,5,99,5,94,594
2,0.066676,0.096676,2226,3,2,0,0,135.7384999973874,True,9,50.0,8,15,7,8,138,17,121,599
3,0.096676,0.126676,1535,2,2,0,0,137.9726670020318,True,9,50.0,8,9,5,4,111,10,101,306
4,0.126676,0.156676,1591,1,1,1,1,137.92020799883176,True,9,50.0,8,10,6,4,99,9,90,315
5,0.156676,0.186676,1618,2,1,1,1,142.2114170018176,True,9,50.0,8,11,7,4,130,19,111,388
6,0.186676,0.216676,1037,1,1,1,1,134.12824999977602,True,9,50.0,8,5,1,4,86,2,84,179
7,0.216676,0.246676,1310,2,2,2,1,144.647665998491,True,9,50.0,8,7,2,5,112,10,102,230
8,0.246676,0.27667600000000003,1606,2,2,2,1,140.21175000016228,True,9,50.0,8,7,4,3,132,13,119,300
9,0.27667600000000003,0.30667600000000006,1571,2,2,2,2,139.5933750027325,True,9,50.0,8,10,4,6,147,14,133,267
10,0.30667600000000006,0.3366760000000001,1584,2,2,2,2,143.72854199973517,True,9,50.0,8,5,2,3,140,4,136,317
11,0.3366760000000001,0.3666760000000001,1707,2,2,2,2,143.56229199984227,True,9,50.0,8,11,7,4,187,21,166,286
12,0.3666760000000001,0.39667600000000014,1761,2,2,2,2,143.80204200278968,True,9,50.0,8,9,5,4,155,14,141,299
13,0.39667600000000014,0.42667600000000017,1711,2,2,2,2,148.61237500008428,True,9,50.0,8,9,6,3,163,17,146,231
14,0.42667600000000017,0.4566760000000002,1616,2,2,2,2,141.9553330015333,True,9,50.0,8,7,3,4,134,11,123,157
15,0.4566760000000002,0.4866760000000002,1656,3,3,2,2,139.15062500018394,True,9,50.0,8,6,3,3,122,6,116,126
16,0.4866760000000002,0.5166760000000002,1607,3,3,2,2,131.24837500072317,True,9,50.0,8,6,2,4,132,6,126,174
17,0.5166760000000002,0.5466760000000003,1624,4,4,2,3,132.72775000223191,True,9,50.0,8,7,3,4,144,14,130,177
18,0.5466760000000003,0.5766760000000003,1533,3,3,2,3,130.63895799859893,True,9,50.0,8,11,7,4,131,21,110,178
19,0.5766760000000003,0.6066760000000003,1398,3,3,3,3,131.5504169979249,True,9,50.0,8,6,2,4,104,4,100,141
20,0.6066760000000003,0.6366760000000004,1523,4,3,3,3,134.21345800088602,True,9,50.0,8,7,2,5,140,7,133,96
21,0.6366760000000004,0.6666760000000004,1536,3,3,3,3,132.22975000098813,True,9,50.0,8,5,2,3,119,4,115,109
22,0.6666760000000004,0.6966760000000004,1725,3,3,2,3,131.5061669993156,True,9,50.0,8,6,3,3,138,16,122,115
23,0.6966760000000004,0.7266760000000004,1752,4,3,4,3,134.34220899944194,True,9,50.0,8,7,4,3,163,14,149,106
24,0.7266760000000004,0.7566760000000005,1628,4,4,3,3,132.0125000020198,True,9,50.0,8,9,4,5,128,6,122,131
25,0.7566760000000005,0.7866760000000005,1828,3,3,2,3,131.46812500053784,True,9,50.0,8,9,5,4,168,20,148,133
26,0.7866760000000005,0.8166760000000005,2007,3,3,2,2,137.9018339976028,True,9,50.0,8,7,3,4,175,8,167,118
27,0.8166760000000005,0.8466760000000005,1973,3,3,3,2,136.67233399974066,True,9,50.0,8,6,1,5,166,3,163,82
28,0.8466760000000005,0.8766760000000006,1989,3,3,3,3,138.68775000082678,True,9,50.0,8,8,3,5,202,8,194,69
29,0.8766760000000006,0.9066760000000006,1959,2,2,2,2,134.61774999814224,True,9,50.0,8,5,1,4,166,1,165,79
30,0.9066760000000006,0.9366760000000006,1885,3,2,3,2,131.2959579991002,True,9,50.0,8,5,2,3,145,11,134,155
31,0.9366760000000006,0.9666760000000006,1770,2,2,2,2,131.73525000092923,True,9,50.0,8,3,0,3,137,0,137,97
32,0.9666760000000006,0.9966760000000007,1777,2,1,2,1,129.418042000907,True,9,50.0,8,5,3,2,116,9,107,112
33,0.9966760000000007,1.0266760000000006,1648,2,1,1,1,131.1841250026191,True,9,50.0,8,7,5,2,113,9,104,92
34,1.0266760000000006,1.0566760000000006,1540,2,1,2,1,129.6810829990136,True,9,50.0,8,5,3,2,110,6,104,81
35,1.0566760000000006,1.0866760000000006,1415,2,1,2,1,129.53420800113236,True,9,50.0,8,3,1,2,99,3,96,85
36,1.0866760000000006,1.1166760000000007,1567,2,1,2,1,131.60966699797427,True,9,50.0,8,4,2,2,108,11,97,48
37,1.1166760000000007,1.1466760000000007,1433,1,1,1,1,130.3170829996816,True,9,50.0,8,4,1,3,100,1,99,56
38,1.1466760000000007,1.1766760000000007,1423,2,2,1,1,130.86783300241223,True,9,50.0,8,5,2,3,79,3,76,48
39,1.1766760000000007,1.2066760000000007,1530,3,3,1,1,132.78154200088466,True,9,50.0,8,8,4,4,96,8,88,50
40,1.2066760000000007,1.2366760000000008,1510,2,1,0,0,130.3289580027922,True,9,50.0,8,8,4,4,113,16,97,48
41,1.2366760000000008,1.2666760000000008,1458,2,1,0,0,129.71295899842517,True,9,50.0,8,6,2,4,105,10,95,36
42,1.2666760000000008,1.2966760000000008,1389,4,4,2,2,129.7571249997418,True,9,50.0,8,5,1,4,104,1,103,51
43,1.2966760000000008,1.3266760000000009,1358,2,2,1,2,129.22774999969988,True,9,50.0,8,8,5,3,91,17,74,91
44,1.3266760000000009,1.3566760000000009,1308,2,2,1,1,129.97954199818196,True,9,50.0,8,6,4,2,103,12,91,44
45,1.3566760000000009,1.386676000000001,1410,1,2,1,2,132.01591599863605,True,9,50.0,8,5,2,3,109,5,104,62
46,1.386676000000001,1.416676000000001,1392,1,2,1,2,132.6261659996817,True,9,50.0,8,7,3,4,118,9,109,55
47,1.416676000000001,1.446676000000001,1387,1,1,1,1,131.54554100037785,True,9,50.0,8,5,2,3,123,4,119,91
48,1.446676000000001,1.476676000000001,1473,2,2,1,1,135.6644170009531,True,9,50.0,8,5,1,4,135,1,134,74
49,1.476676000000001,1.506676000000001,1478,2,1,1,1,129.90287499997066,True,9,50.0,8,5,2,3,136,16,120,88
50,1.506676000000001,1.536676000000001,1587,1,1,1,1,130.7997920011985,True,9,50.0,8,4,0,4,135,0,135,89
51,1.536676000000001,1.566676000000001,1479,1,1,1,1,129.6608330012532,True,9,50.0,8,3,0,3,139,0,139,42
52,1.566676000000001,1.596676000000001,1435,1,1,1,1,128.07795899789198,True,9,50.0,8,4,0,4,139,0,139,43
53,1.596676000000001,1.6266760000000011,1399,1,1,1,1,129.83095800154842,True,9,50.0,8,3,0,3,150,0,150,51
54,1.6266760000000011,1.6566760000000011,1492,1,1,1,1,129.4721659978677,True,9,50.0,8,5,2,3,170,4,166,32
55,1.6566760000000011,1.6866760000000012,1618,1,1,1,1,130.39820799895097,True,9,50.0,8,3,1,2,174,2,172,61
56,1.6866760000000012,1.7166760000000012,1718,1,1,1,1,129.20233299882966,True,9,50.0,8,3,1,2,188,4,184,49
57,1.7166760000000012,1.7466760000000012,1859,1,1,1,1,129.76725000044098,True,9,50.0,8,6,3,3,200,6,194,58
58,1.7466760000000012,1.7766760000000013,1914,2,1,1,1,130.8284580009058,True,9,50.0,8,5,2,3,181,5,176,44
59,1.7766760000000013,1.8066760000000013,1949,2,1,1,1,130.73704199996428,True,9,50.0,8,3,1,2,175,8,167,70
60,1.8066760000000013,1.8366760000000013,1818,2,1,2,1,128.87654199948884,True,9,50.0,8,3,1,2,179,3,176,35
61,1.8366760000000013,1.8666760000000013,1840,2,1,2,1,129.6784169971943,True,9,50.0,8,4,2,2,192,9,183,75
62,1.8666760000000013,1.8966760000000014,1828,2,2,2,1,130.05237499965006,True,9,50.0,8,4,1,3,183,2,181,58
63,1.8966760000000014,1.9266760000000014,1859,2,1,2,1,130.12604199684574,True,9,50.0,8,3,1,2,175,6,169,47
64,1.9266760000000014,1.9566760000000014,1770,2,2,2,1,129.9360409975634,True,9,50.0,8,3,0,3,175,0,175,64
65,1.9566760000000014,1.9866760000000014,1670,2,1,2,1,129.483959000936,True,9,50.0,8,3,1,2,161,7,154,83
66,1.9866760000000014,2.0166760000000012,1645,1,1,1,1,129.59650000266265,True,9,50.0,8,5,0,5,166,0,166,48
67,2.0166760000000012,2.046676000000001,1499,1,2,1,1,129.97158399957698,True,9,50.0,8,4,1,3,142,8,134,58
68,2.046676000000001,2.076676000000001,1475,2,2,1,0,133.16850000046543,True,9,50.0,8,4,0,4,130,0,130,67
69,2.076676000000001,2.1066760000000007,1306,2,2,2,1,129.94029199762736,True,9,50.0,8,6,0,6,149,0,149,61
70,2.1066760000000007,2.1366760000000005,1151,2,2,2,2,131.58750000002328,True,9,50.0,8,4,1,3,120,8,112,84
71,2.1366760000000005,2.1666760000000003,1122,2,3,2,1,133.14033300048322,True,9,50.0,8,7,3,4,115,11,104,74
72,2.1666760000000003,2.196676,1045,2,3,2,2,130.3897079997114,True,9,50.0,8,4,1,3,102,5,97,97
73,2.196676,2.226676,1112,3,3,2,2,129.9641250006971,True,9,50.0,8,4,1,3,105,6,99,78
74,2.226676,2.2566759999999997,1115,3,3,2,3,130.09629100270104,True,9,50.0,8,7,4,3,101,8,93,97
75,2.2566759999999997,2.2866759999999995,1005,3,3,3,3,129.68191700201714,True,9,50.0,8,4,1,3,86,2,84,78
76,2.2866759999999995,2.3166759999999993,894,2,2,2,2,131.22720799947274,True,9,50.0,8,3,0,3,75,0,75,82
77,2.3166759999999993,2.346675999999999,907,2,2,2,2,129.98620900179958,True,9,50.0,8,7,5,2,66,17,49,129
78,2.346675999999999,2.376675999999999,933,3,2,2,2,129.89420799931395,True,9,50.0,8,9,5,4,100,10,90,136
79,2.376675999999999,2.4066759999999987,996,4,3,2,2,130.62237499980256,True,9,50.0,8,11,7,4,95,14,81,97
80,2.4066759999999987,2.4366759999999985,939,2,3,2,2,131.13512500058278,True,9,50.0,8,6,3,3,98,11,87,94
81,2.4366759999999985,2.4666759999999983,943,2,2,2,2,129.14987500334973,True,9,50.0,8,5,1,4,100,4,96,91
82,2.4666759999999983,2.496675999999998,1020,2,3,1,3,130.01299999814364,True,9,50.0,8,9,4,5,116,20,96,96
83,2.496675999999998,2.526675999999998,1029,3,3,2,2,132.54320800115238,True,9,50.0,8,6,0,6,133,0,133,52
84,2.526675999999998,2.5566759999999977,1087,2,3,2,2,131.27212499966845,True,9,50.0,8,5,1,4,104,7,97,104
85,2.5566759999999977,2.5866759999999975,1115,2,1,2,0,128.00558299932163,True,9,50.0,8,6,3,3,92,8,84,111
86,2.5866759999999975,2.6166759999999973,1045,2,2,2,1,129.92649999796413,True,9,50.0,8,6,2,4,115,3,112,78
87,2.6166759999999973,2.646675999999997,1144,2,1,2,1,129.3920829994022,True,9,50.0,8,8,4,4,136,13,123,67
88,2.646675999999997,2.676675999999997,1164,2,2,2,2,129.61599999835016,True,9,50.0,8,6,2,4,146,5,141,66
89,2.676675999999997,2.7066759999999968,1192,2,2,2,2,129.67391699930886,True,9,50.0,8,8,5,3,146,16,130,93
90,2.7066759999999968,2.7366759999999966,1238,3,2,2,2,138.89512500099954,True,9,50.0,8,7,3,4,154,9,145,101
91,2.7366759999999966,2.7666759999999964,1124,2,2,2,2,130.07508300142945,True,9,50.0,8,4,0,4,132,0,132,77
92,2.7666759999999964,2.796675999999996,1120,1,1,1,1,128.6242090027372,True,9,50.0,8,6,2,4,134,4,130,89
93,2.796675999999996,2.826675999999996,1078,2,1,2,1,129.7673749977548,True,9,50.0,8,6,2,4,149,6,143,57
94,2.826675999999996,2.8566759999999958,1141,1,1,1,1,129.41795799997635,True,9,50.0,8,3,1,2,149,2,147,85
95,2.8566759999999958,2.8866759999999956,1155,2,1,2,1,130.95916699967347,True,9,50.0,8,5,2,3,162,9,153,55
96,2.8866759999999956,2.9166759999999954,1248,2,1,2,1,128.79191699903458,True,9,50.0,8,6,3,3,167,6,161,70
97,2.9166759999999954,2.946675999999995,1250,2,1,1,1,132.79099999999744,True,9,50.0,8,6,3,3,175,8,167,79
98,2.946675999999995,2.976675999999995,1280,2,2,2,1,129.42379100059043,True,9,50.0,8,6,1,5,190,3,187,108
99,2.976675999999995,3.006675999999995,1237,2,2,2,1,129.75120800183504,True,9,50.0,8,4,1,3,186,7,179,69
100,3.006675999999995,3.0366759999999946,1331,2,1,2,1,130.00491600178066,True,9,50.0,8,4,2,2,173,10,163,90
101,3.0366759999999946,3.0666759999999944,1289,1,1,1,1,129.45050000053016,True,9,50.0,8,3,0,3,196,0,196,49
102,3.0666759999999944,3.096675999999994,1306,1,1,1,1,130.8107500008191,True,9,50.0,8,3,1,2,186,2,184,61
103,3.096675999999994,3.126675999999994,1296,1,1,1,1,133.56750000093598,True,9,50.0,8,3,0,3,175,0,175,62
104,3.126675999999994,3.156675999999994,1268,1,1,1,1,132.85229100074503,True,9,50.0,8,4,0,4,187,0,187,75
105,3.156675999999994,3.1866759999999936,1174,2,2,2,1,131.60270799926366,True,9,50.0,8,6,0,6,173,0,173,70
106,3.1866759999999936,3.2166759999999934,1082,2,2,2,1,130.50074999773642,True,9,50.0,8,5,0,5,152,0,152,75
107,3.2166759999999934,3.2466759999999932,1145,2,2,2,2,130.4778339981567,True,9,50.0,8,5,1,4,154,2,152,76
108,3.2466759999999932,3.276675999999993,1198,2,2,2,2,131.8752500010305,True,9,50.0,8,6,2,4,177,6,171,90
109,3.276675999999993,3.306675999999993,1162,2,2,2,2,136.4129169996886,True,9,50.0,8,4,0,4,160,0,160,59
110,3.306675999999993,3.3366759999999926,1109,2,2,2,2,130.3875829980825,True,9,50.0,8,4,0,4,162,0,162,71
111,3.3366759999999926,3.3666759999999925,1070,2,1,2,1,132.17404200258898,True,9,50.0,8,5,1,4,146,8,138,65
112,3.3666759999999925,3.3966759999999923,1101,2,1,2,1,134.75970800209325,True,9,50.0,8,4,1,3,124,7,117,79
113,3.3966759999999923,3.426675999999992,1113,2,2,2,1,131.81362499744864,True,9,50.0,8,5,1,4,113,2,111,78
114,3.426675999999992,3.456675999999992,1019,2,2,2,2,130.01108299795305,True,9,50.0,8,6,1,5,117,2,115,88
115,3.456675999999992,3.4866759999999917,1053,2,2,2,2,130.68816599843558,True,9,50.0,8,5,2,3,102,11,91,67
116,3.4866759999999917,3.5166759999999915,1053,2,2,2,2,127.52420800097752,True,9,50.0,8,5,1,4,101,7,94,93
117,3.5166759999999915,3.5466759999999913,987,2,2,2,2,124.74787499741069,True,9,50.0,8,9,6,3,103,21,82,75
118,3.5466759999999913,3.576675999999991,952,2,2,2,2,123.97754100311431,True,9,50.0,8,5,2,3,86,13,73,93
119,3.576675999999991,3.606675999999991,959,2,2,2,2,123.2828749998589,True,9,50.0,8,6,4,2,70,11,59,91
120,3.606675999999991,3.6366759999999907,976,2,2,2,2,124.32266600080766,True,9,50.0,8,5,1,4,75,8,67,83
121,3.6366759999999907,3.6666759999999905,934,2,2,2,2,129.5882089980296,True,9,50.0,8,5,1,4,76,1,75,87
122,3.6666759999999905,3.6966759999999903,1079,2,2,2,2,124.30708399915602,True,9,50.0,8,6,2,4,78,9,69,110
123,3.6966759999999903,3.72667599999999,996,2,2,2,2,123.78145799812046,True,9,50.0,8,6,2,4,58,3,55,88
124,3.72667599999999,3.75667599999999,855,2,1,2,1,124.13145800019265,True,9,50.0,8,4,3,1,44,9,35,109
125,3.75667599999999,3.7866759999999897,971,3,2,2,1,124.46270800137427,True,9,50.0,8,7,4,3,60,15,45,79
126,3.7866759999999897,3.8166759999999895,1090,3,3,2,2,123.45629199990071,True,9,50.0,8,9,5,4,49,10,39,116
127,3.8166759999999895,3.8466759999999893,968,2,1,2,1,123.66441699850839,True,9,50.0,8,6,2,4,64,12,52,88
128,3.8466759999999893,3.876675999999989,1346,1,1,1,1,122.94124999971245,True,9,50.0,8,9,5,4,53,8,45,137
129,3.876675999999989,3.906675999999989,839,2,2,2,2,123.77587499941001,True,9,50.0,8,5,1,4,70,2,68,72
130,3.906675999999989,3.9366759999999887,776,2,2,2,2,111.95958399912342,True,9,50.0,8,5,2,3,51,5,46,81
131,3.9366759999999887,3.9666759999999885,841,2,2,2,2,126.43054100044537,True,9,50.0,8,6,2,4,86,3,83,62
132,3.9666759999999885,3.9966759999999883,970,2,2,2,2,123.21691599936457,True,9,50.0,8,5,1,4,78,2,76,38
133,3.9966759999999883,4.026675999999989,884,2,2,2,2,124.32779099981417,True,9,50.0,8,3,0,3,66,0,66,46
134,4.026675999999989,4.056675999999989,802,1,1,1,1,123.77508300050977,True,9,50.0,8,3,1,2,48,1,47,71
135,4.056675999999989,4.086675999999989,825,2,2,2,2,123.58341599974665,True,9,50.0,8,6,3,3,60,4,56,67
136,4.086675999999989,4.116675999999989,818,2,2,2,2,123.69112499800394,True,9,50.0,8,6,3,3,52,7,45,47
137,4.116675999999989,4.14667599999999,762,2,2,2,2,124.66558300002362,True,9,50.0,8,5,1,4,69,8,61,43
138,4.14667599999999,4.17667599999999,763,2,2,2,2,124.02166700121597,True,9,50.0,8,4,0,4,56,0,56,45
139,4.17667599999999,4.20667599999999,845,3,3,2,2,123.49729199922876,True,9,50.0,8,3,0,3,42,0,42,49
140,4.20667599999999,4.23667599999999,795,2,2,1,1,125.80241700197803,True,9,50.0,8,3,0,3,54,0,54,54
141,4.23667599999999,4.266675999999991,798,2,2,2,2,125.18016700050794,True,9,50.0,8,5,1,4,65,1,64,53
142,4.266675999999991,4.296675999999991,823,2,2,2,2,122.7251249983965,True,9,50.0,8,3,0,3,38,0,38,58
143,4.296675999999991,4.326675999999991,834,2,2,1,1,123.29033299829462,True,9,50.0,8,3,0,3,43,0,43,62
144,4.326675999999991,4.356675999999991,779,2,2,2,2,125.10062499859487,True,9,50.0,8,4,0,4,57,0,57,56
145,4.356675999999991,4.386675999999992,767,2,2,2,2,122.66195800111745,True,9,50.0,8,4,1,3,56,4,52,45
146,4.386675999999992,4.416675999999992,769,2,2,2,2,122.43483299971558,True,9,50.0,8,4,2,2,84,7,77,53
147,4.416675999999992,4.446675999999992,680,2,2,2,2,123.49425000138581,True,9,50.0,8,5,2,3,40,4,36,103
148,4.446675999999992,4.476675999999992,815,2,2,2,2,123.44683300034376,True,9,50.0,8,9,4,5,116,6,110,76
149,4.476675999999992,4.506675999999993,807,2,2,2,2,123.35679099851404,True,9,50.0,8,8,4,4,90,7,83,91
150,4.506675999999993,4.536675999999993,873,2,2,2,2,123.31883300066693,True,9,50.0,8,8,6,2,62,10,52,107
151,4.536675999999993,4.566675999999993,819,2,2,2,2,123.33866699918872,True,9,50.0,8,8,5,3,62,20,42,112
152,4.566675999999993,4.596675999999993,883,4,2,2,2,124.72708299901569,True,9,50.0,8,6,3,3,54,14,40,154
153,4.596675999999993,4.626675999999994,932,3,2,2,2,124.77387500257464,True,9,50.0,8,6,3,3,61,8,53,163
154,4.626675999999994,4.656675999999994,926,3,3,3,2,123.03166699712165,True,9,50.0,8,5,2,3,61,5,56,117
155,4.656675999999994,4.686675999999994,960,2,2,1,2,122.71612500262563,True,9,50.0,8,8,5,3,85,19,66,151
156,4.686675999999994,4.716675999999994,1055,2,2,1,2,143.74491600028705,True,9,50.0,8,10,6,4,113,20,93,180
157,4.716675999999994,4.746675999999995,1038,2,2,2,2,127.80037500124308,True,9,50.0,8,7,2,5,123,12,111,141
158,4.746675999999995,4.776675999999995,1050,2,2,2,2,125.61199999981909,True,9,50.0,8,6,2,4,127,9,118,159
159,4.776675999999995,4.806675999999995,1061,2,2,2,2,123.7316250008007,True,9,50.0,8,5,1,4,123,3,120,125
160,4.806675999999995,4.836675999999995,1069,2,2,2,2,135.4235830003745,True,9,50.0,8,7,1,6,129,1,128,138
161,4.836675999999995,4.866675999999996,1001,2,2,2,2,126.28083299932769,True,9,50.0,8,10,4,6,103,5,98,127
162,4.866675999999996,4.896675999999996,1061,2,2,2,2,122.93637499897159,True,9,50.0,8,5,1,4,133,1,132,106
163,4.896675999999996,4.926675999999996,1138,2,2,2,2,123.58545800088905,True,9,50.0,8,8,2,6,122,7,115,106
164,4.926675999999996,4.956675999999996,1259,3,2,2,2,123.00054200022714,True,9,50.0,8,7,2,5,128,4,124,163
165,4.956675999999996,4.9866759999999966,1488,2,2,2,2,123.35995800094679,True,9,50.0,8,9,5,4,157,9,148,223
166,4.9866759999999966,5.016675999999997,1209,2,2,2,2,124.2441249996773,True,9,50.0,8,4,1,3,135,5,130,113
167,5.016675999999997,5.046675999999997,1249,2,2,2,2,124.6644999991986,True,9,50.0,8,4,1,3,125,6,119,123
168,5.046675999999997,5.076675999999997,1315,2,2,2,2,122.98725000073318,True,9,50.0,8,8,2,6,139,6,133,135
169,5.076675999999997,5.1066759999999976,1172,2,2,2,1,123.57354199775727,True,9,50.0,8,10,7,3,98,22,76,142
170,5.1066759999999976,5.136675999999998,1111,2,2,2,1,124.74637500054087,True,9,50.0,8,7,3,4,79,4,75,147
171,5.136675999999998,5.166675999999998,1153,3,2,2,1,122.96037499982049,True,9,50.0,8,11,6,5,108,18,90,140
172,5.166675999999998,5.196675999999998,1094,2,1,2,1,122.28554199828068,True,9,50.0,8,6,3,3,77,15,62,129
173,5.196675999999998,5.2266759999999985,1083,2,2,2,1,123.55420899984892,True,9,50.0,8,7,2,5,78,11,67,147
174,5.2266759999999985,5.256675999999999,1044,1,1,1,1,122.3937909999222,True,9,50.0,8,6,3,3,61,16,45,98
175,5.256675999999999,5.286675999999999,1101,2,1,2,1,126.21162499999627,True,9,50.0,8,11,8,3,66,22,44,124
176,5.286675999999999,5.316675999999999,1069,2,1,2,1,121.2224580012844,True,9,50.0,8,10,6,4,83,26,57,104
177,5.316675999999999,5.3466759999999995,954,2,2,2,1,123.26108299748739,True,9,50.0,8,6,2,4,86,9,77,106
178,5.3466759999999995,5.376676,951,2,2,2,1,123.67333300062455,True,9,50.0,8,12,9,3,64,29,35,116
179,5.376676,5.406676,1007,3,3,2,1,124.29825000072015,True,9,50.0,8,10,7,3,70,14,56,157
180,5.406676,5.436676,1130,2,3,1,2,124.13583399757044,True,9,50.0,8,12,7,5,110,22,88,143
181,5.436676,5.4666760000000005,1116,2,2,2,2,125.14295800065156,True,9,50.0,8,12,6,6,104,16,88,173
182,5.4666760000000005,5.496676000000001,1143,2,2,2,2,126.40758400084451,True,9,50.0,8,9,7,2,63,20,43,163
183,5.496676000000001,5.526676000000001,1187,2,2,2,2,123.94612500065705,True,9,50.0,8,11,9,2,101,17,84,156
184,5.526676000000001,5.556676000000001,1220,3,2,2,2,124.17641699721571,True,9,50.0,8,10,7,3,108,20,88,147
185,5.556676000000001,5.5866760000000015,1274,3,4,2,2,125.33945800169022,True,9,50.0,8,11,6,5,140,17,123,180
186,5.5866760000000015,5.616676000000002,1268,2,2,1,1,123.39470900042215,True,9,50.0,8,10,7,3,84,10,74,165
187,5.616676000000002,5.646676000000002,1249,4,4,2,2,124.79349999921396,True,9,50.0,8,8,4,4,110,11,99,136
188,5.646676000000002,5.676676000000002,1250,3,2,2,2,125.2505829979782,True,9,50.0,8,10,5,5,113,14,99,149
189,5.676676000000002,5.7066760000000025,1203,2,2,2,2,125.44141599937575,True,9,50.0,8,5,2,3,93,8,85,132
190,5.7066760000000025,5.736676000000003,1209,2,2,2,2,124.88470899916138,True,9,50.0,8,4,2,2,136,3,133,122
191,5.736676000000003,5.766676000000003,1237,3,3,2,2,139.6777080008178,True,9,50.0,8,4,1,3,144,2,142,81
192,5.766676000000003,5.796676000000003,1273,2,1,2,1,125.1313749999099,True,9,50.0,8,3,1,2,154,8,146,101
193,5.796676000000003,5.8266760000000035,1245,1,1,1,1,127.74170899865567,True,9,50.0,8,5,2,3,148,3,145,95
194,5.8266760000000035,5.856676000000004,1140,1,1,1,1,125.6651250005234,True,9,50.0,8,4,2,2,96,2,94,95
195,5.856676000000004,5.886676000000004,936,1,1,1,1,149.36937500169734,True,9,50.0,8,4,2,2,73,6,67,94
196,5.886676000000004,5.916676000000004,1055,1,1,1,1,125.11366699982318,True,9,50.0,8,2,0,2,75,0,75,92
197,5.916676000000004,5.9466760000000045,934,2,2,1,1,123.2842499994149,True,9,50.0,8,4,2,2,65,6,59,108
198,5.9466760000000045,5.976676000000005,988,2,2,1,1,123.24262499896577,True,9,50.0,8,7,4,3,74,8,66,83
199,5.976676000000005,6.006676000000005,928,2,2,2,2,124.87975000112783,True,9,50.0,8,7,3,4,62,4,58,93
200,6.006676000000005,6.036676000000005,1081,2,2,1,1,124.20187500174507,True,9,50.0,8,9,5,4,81,13,68,100
201,6.036676000000005,6.0666760000000055,1109,2,2,1,1,124.35695799649693,True,9,50.0,8,9,5,4,80,16,64,88
202,6.0666760000000055,6.096676000000006,1237,3,3,2,2,125.5810830007249,True,9,50.0,8,11,5,6,132,15,117,125
203,6.096676000000006,6.126676000000006,1299,2,3,2,2,124.5204160004505,True,9,50.0,8,7,3,4,116,7,109,129
204,6.126676000000006,6.156676000000006,1335,2,2,2,2,126.01241599986679,True,9,50.0,8,14,9,5,145,18,127,109
205,6.156676000000006,6.1866760000000065,1220,2,2,2,2,123.534042002575,True,9,50.0,8,9,6,3,118,23,95,103
206,6.1866760000000065,6.216676000000007,1232,2,2,2,2,123.67687499863678,True,9,50.0,8,8,5,3,117,13,104,89
207,6.216676000000007,6.246676000000007,1309,4,3,2,2,124.10325000018929,True,9,50.0,8,8,4,4,130,12,118,79
208,6.246676000000007,6.276676000000007,1597,2,2,1,1,134.65070899837883,True,9,50.0,8,8,3,5,165,14,151,103
209,6.276676000000007,6.3066760000000075,1760,3,2,1,1,133.10358299713698,True,9,50.0,8,16,10,6,216,32,184,113
210,6.3066760000000075,6.336676000000008,1746,3,2,3,2,123.89629199969932,True,9,50.0,8,12,4,8,260,15,245,121
211,6.336676000000008,6.366676000000008,3096,3,3,3,2,124.45404200116172,True,9,50.0,8,16,9,7,349,24,325,588
212,6.366676000000008,6.396676000000008,3640,3,3,3,2,124.68749999970896,True,9,50.0,8,9,3,6,381,17,364,694
213,6.396676000000008,6.4266760000000085,3611,3,3,3,3,124.41675000081887,True,9,50.0,8,13,6,7,401,9,392,727
214,6.4266760000000085,6.456676000000009,3681,3,2,3,2,123.71941699893796,True,9,50.0,8,11,6,5,412,18,394,785
215,6.456676000000009,6.486676000000009,2690,3,3,3,3,125.17079199824366,True,9,50.0,8,7,2,5,390,3,387,199
216,6.486676000000009,6.516676000000009,2969,2,2,2,2,125.18262499725097,True,9,50.0,8,11,4,7,443,9,434,199
217,6.516676000000009,6.5466760000000095,3409,3,2,3,2,126.87037500290899,True,9,50.0,8,14,9,5,454,20,434,190
218,6.5466760000000095,6.57667600000001,3226,3,2,3,2,129.5814170007361,True,9,50.0,8,6,3,3,456,18,438,181
219,6.57667600000001,6.60667600000001,3155,3,3,3,3,128.17741699836915,True,9,50.0,8,6,1,5,434,3,431,146
220,6.60667600000001,6.63667600000001,2873,3,3,3,3,123.87637499705306,True,9,50.0,8,8,3,5,410,6,404,168
221,6.63667600000001,6.6666760000000105,3088,3,3,3,3,124.53733299844316,True,9,50.0,8,10,3,7,427,6,421,163
222,6.6666760000000105,6.696676000000011,2706,3,2,3,2,123.8457079998625,True,9,50.0,8,8,4,4,436,9,427,176
223,6.696676000000011,6.726676000000011,2629,3,3,3,3,127.44566699984716,True,9,50.0,8,7,2,5,424,3,421,187
224,6.726676000000011,6.756676000000011,2448,3,3,3,3,125.5860000019311,True,9,50.0,8,9,4,5,385,8,377,176
225,6.756676000000011,6.7866760000000115,2351,3,3,3,3,124.6797499989043,True,9,50.0,8,9,3,6,337,6,331,216
226,6.7866760000000115,6.816676000000012,2441,3,3,3,3,123.7019580003107,True,9,50.0,8,9,3,6,384,9,375,177
227,6.816676000000012,6.846676000000012,2763,3,3,3,3,125.6512500003737,True,9,50.0,8,9,3,6,419,8,411,175
228,6.846676000000012,6.876676000000012,2521,3,3,3,3,123.97770800089347,True,9,50.0,8,7,2,5,371,2,369,183
229,6.876676000000012,6.9066760000000125,2555,3,3,3,3,124.91537499954575,True,9,50.0,8,8,3,5,342,6,336,160
230,6.9066760000000125,6.936676000000013,2526,3,3,3,3,124.70783299795585,True,9,50.0,8,8,4,4,347,6,341,150
231,6.936676000000013,6.966676000000013,2374,3,3,3,3,124.70537500121281,True,9,50.0,8,6,1,5,330,1,329,159
232,6.966676000000013,6.996676000000013,2571,3,3,3,3,123.91679199936334,True,9,50.0,8,11,7,4,304,22,282,201
233,6.996676000000013,7.0266760000000135,2563,3,3,3,3,124.28375000308733,True,9,50.0,8,11,7,4,319,18,301,197
234,7.0266760000000135,7.056676000000014,2382,3,3,3,3,129.4054159989173,True,9,50.0,8,10,4,6,327,15,312,214
235,7.056676000000014,7.086676000000014,2766,3,2,3,2,135.1038749999134,True,9,50.0,8,6,3,3,415,13,402,177
236,7.086676000000014,7.116676000000014,3119,2,2,2,2,124.50170899683144,True,9,50.0,8,6,1,5,454,1,453,164
237,7.116676000000014,7.1466760000000145,2805,2,2,2,2,124.29295900074067,True,9,50.0,8,7,3,4,390,3,387,181
238,7.1466760000000145,7.176676000000015,2445,3,3,3,3,126.41441600135295,True,9,50.0,8,8,3,5,385,5,380,154
239,7.176676000000015,7.206676000000015,2367,3,3,3,3,124.78337499851477,True,9,50.0,8,5,1,4,375,3,372,154
240,7.206676000000015,7.236676000000015,2402,3,3,3,3,123.61854199843947,True,9,50.0,8,11,7,4,347,16,331,176
241,7.236676000000015,7.2666760000000155,2473,3,3,3,3,124.44312499792431,True,9,50.0,8,7,2,5,357,7,350,159
242,7.2666760000000155,7.296676000000016,2412,3,3,3,3,126.24654100000043,True,9,50.0,8,6,0,6,318,0,318,167
243,7.296676000000016,7.326676000000016,2153,3,3,3,3,136.94137499987846,True,9,50.0,8,9,2,7,315,4,311,172
244,7.326676000000016,7.356676000000016,2096,4,4,3,3,125.16562499877182,True,9,50.0,8,9,4,5,283,13,270,164
245,7.356676000000016,7.3866760000000165,1888,4,4,3,3,125.38129199674586,True,9,50.0,8,8,4,4,277,10,267,170
246,7.3866760000000165,7.416676000000017,1911,2,3,2,3,124.88766699971166,True,9,50.0,8,6,2,4,279,10,269,162
247,7.416676000000017,7.446676000000017,1888,2,3,2,3,124.62154099921463,True,9,50.0,8,7,3,4,256,10,246,136
248,7.446676000000017,7.476676000000017,1846,2,2,2,2,123.2012090003991,True,9,50.0,8,8,1,7,244,7,237,154
249,7.476676000000017,7.5066760000000174,1736,3,3,2,3,123.4504999993078,True,9,50.0,8,7,2,5,227,6,221,138
250,7.5066760000000174,7.536676000000018,1693,2,2,1,2,122.82916699768975,True,9,50.0,8,6,2,4,222,3,219,184
251,7.536676000000018,7.566676000000018,1688,2,2,1,2,123.20020800325437,True,9,50.0,8,4,1,3,203,1,202,156
252,7.566676000000018,7.596676000000018,1739,2,2,1,2,123.397291998117,True,9,50.0,8,7,2,5,222,8,214,136
253,7.596676000000018,7.626676000000018,1607,2,2,2,2,127.11354199927882,True,9,50.0,8,6,1,5,204,1,203,158
254,7.626676000000018,7.656676000000019,1436,2,2,2,2,123.0569170002127,True,9,50.0,8,8,3,5,168,5,163,163
255,7.656676000000019,7.686676000000019,1433,2,2,2,2,124.06158300291281,True,9,50.0,8,4,0,4,199,0,199,135
256,7.686676000000019,7.716676000000019,1481,2,2,2,2,122.86095800300245,True,9,50.0,8,7,4,3,168,7,161,137
257,7.716676000000019,7.746676000000019,1356,1,1,1,1,124.33312500070315,True,9,50.0,8,4,0,4,175,0,175,117
258,7.746676000000019,7.77667600000002,1389,2,2,2,2,124.18062500000815,True,9,50.0,8,9,4,5,153,5,148,153
259,7.77667600000002,7.80667600000002,1263,2,2,2,2,130.56012500237557,True,9,50.0,8,6,2,4,145,7,138,155
260,7.80667600000002,7.83667600000002,1254,2,2,2,2,133.0032920013764,True,9,50.0,8,8,4,4,120,16,104,141
261,7.83667600000002,7.86667600000002,1102,3,2,2,2,127.58250000115368,True,9,50.0,8,10,6,4,91,20,71,123
262,7.86667600000002,7.896676000000021,1117,2,2,2,2,124.55541599774733,True,9,50.0,8,9,4,5,97,12,85,168
263,7.896676000000021,7.926676000000021,1053,2,2,2,2,122.32924999989336,True,9,50.0,8,10,7,3,100,31,69,138
264,7.926676000000021,7.956676000000021,1044,2,2,2,2,123.32291599886958,True,9,50.0,8,7,2,5,117,8,109,140
265,7.956676000000021,7.986676000000021,1104,2,2,2,2,123.48362500051735,True,9,50.0,8,9,4,5,107,6,101,125
266,7.986676000000021,8.016676000000022,1216,2,2,2,2,124.04712499846937,True,9,50.0,8,6,3,3,148,10,138,114
267,8.016676000000022,8.046676000000021,1467,2,2,2,2,124.3984590000764,True,9,50.0,8,5,1,4,174,2,172,145
268,8.046676000000021,8.07667600000002,1628,2,2,2,2,125.00008400093066,True,9,50.0,8,4,1,3,210,1,209,112
269,8.07667600000002,8.10667600000002,1673,3,3,2,2,124.79291699855821,True,9,50.0,8,8,1,7,226,4,222,122
270,8.10667600000002,8.13667600000002,1641,3,2,2,2,126.20108300325228,True,9,50.0,8,5,2,3,170,7,163,111
271,8.13667600000002,8.166676000000018,1411,2,2,2,2,123.73312500130851,True,9,50.0,8,5,2,3,148,8,140,128
272,8.166676000000018,8.196676000000018,1397,3,2,2,2,123.5507499986852,True,9,50.0,8,6,3,3,155,9,146,129
273,8.196676000000018,8.226676000000017,1399,4,3,2,2,123.77979200027767,True,9,50.0,8,10,4,6,157,10,147,146
274,8.226676000000017,8.256676000000017,1353,2,2,2,2,123.05124999693362,True,9,50.0,8,6,1,5,136,2,134,132
275,8.256676000000017,8.286676000000016,1429,2,1,2,1,122.44266699781292,True,9,50.0,8,8,5,3,143,12,131,154
276,8.286676000000016,8.316676000000015,1389,3,1,2,1,122.39745799888624,True,9,50.0,8,8,5,3,125,14,111,177
277,8.316676000000015,8.346676000000015,1475,4,2,3,2,123.85162500140723,True,9,50.0,8,9,4,5,168,9,159,186
278,8.346676000000015,8.376676000000014,1758,3,2,2,2,123.21683399932226,True,9,50.0,8,12,8,4,187,23,164,172
279,8.376676000000014,8.406676000000013,1965,3,2,3,2,123.89916599931894,True,9,50.0,8,10,7,3,213,20,193,175
280,8.406676000000013,8.436676000000013,2025,3,2,3,2,124.19983300060267,True,9,50.0,8,5,3,2,197,7,190,186
281,8.436676000000013,8.466676000000012,2032,3,1,3,1,123.17987500136951,True,9,50.0,8,11,9,2,210,22,188,199
282,8.466676000000012,8.496676000000011,2004,2,1,2,1,123.34308400022564,True,9,50.0,8,5,4,1,209,11,198,162
283,8.496676000000011,8.52667600000001,1911,4,2,3,2,123.70745900261682,True,9,50.0,8,7,4,3,202,11,191,147
284,8.52667600000001,8.55667600000001,1748,3,2,3,2,124.05866700282786,True,9,50.0,8,4,1,3,210,3,207,106
285,8.55667600000001,8.58667600000001,1621,1,1,1,1,123.11712500013527,True,9,50.0,8,7,5,2,180,9,171,103
286,8.58667600000001,8.616676000000009,1510,1,1,1,1,122.87925000055111,True,9,50.0,8,5,2,3,181,2,179,81
287,8.616676000000009,8.646676000000008,1466,1,1,1,1,123.1721669973922,True,9,50.0,8,4,2,2,175,2,173,86
288,8.646676000000008,8.676676000000008,1387,2,1,1,1,123.6073750005744,True,9,50.0,8,3,1,2,158,3,155,44
289,8.676676000000008,8.706676000000007,1286,1,1,1,1,124.12249999761116,True,9,50.0,8,2,1,1,133,1,132,58
290,8.706676000000007,8.736676000000006,1265,1,1,1,1,122.60141699880478,True,9,50.0,8,2,1,1,131,1,130,46
291,8.736676000000006,8.766676000000006,1207,2,1,1,1,122.73595800070325,True,9,50.0,8,2,1,1,113,3,110,67
292,8.766676000000006,8.796676000000005,1183,1,1,1,1,123.05258299966226,True,9,50.0,8,4,1,3,103,2,101,73
293,8.796676000000005,8.826676000000004,1136,1,1,1,1,122.37499999901047,True,9,50.0,8,4,1,3,94,1,93,38
294,8.826676000000004,8.856676000000004,1094,1,1,1,1,122.1177080005873,True,9,50.0,8,1,0,1,77,0,77,66
295,8.856676000000004,8.886676000000003,1094,1,1,1,1,122.11925000156043,True,9,50.0,8,2,0,2,93,0,93,59
296,8.886676000000003,8.916676000000002,1207,2,2,1,1,127.64824999976554,True,9,50.0,8,3,0,3,110,0,110,64
297,8.916676000000002,8.946676000000002,1154,2,1,1,1,122.56804199932958,True,9,50.0,8,4,3,1,101,8,93,59
298,8.946676000000002,8.976676000000001,1102,2,2,2,1,123.16204200033098,True,9,50.0,8,4,0,4,101,0,101,60
299,8.976676000000001,9.006676,1094,2,2,2,2,123.20595900018816,True,9,50.0,8,2,0,2,86,0,86,59
300,9.006676,9.036676,1014,2,1,2,1,122.40279199977522,True,9,50.0,8,3,2,1,76,6,70,53
301,9.036676,9.066676,1062,2,1,2,1,122.55012500099838,True,9,50.0,8,3,2,1,63,6,57,57
302,9.066676,9.096675999999999,1111,2,2,2,2,122.79949999719975,True,9,50.0,8,3,1,2,64,1,63,55
303,9.096675999999999,9.126675999999998,1139,2,2,2,2,122.73808300233213,True,9,50.0,8,3,0,3,72,0,72,79
304,9.126675999999998,9.156675999999997,1231,2,2,2,2,122.8480829995533,True,9,50.0,8,3,1,2,83,1,82,76
305,9.156675999999997,9.186675999999997,1257,2,2,2,2,122.59125000127824,True,9,50.0,8,3,0,3,106,0,106,66
306,9.186675999999997,9.216675999999996,1156,2,2,2,2,122.85625000004075,True,9,50.0,8,2,0,2,72,0,72,72
307,9.216675999999996,9.246675999999995,1130,2,1,2,1,124.97391699798754,True,9,50.0,8,3,1,2,92,5,87,75
308,9.246675999999995,9.276675999999995,1061,1,1,1,1,125.00041699968278,True,9,50.0,8,2,1,1,67,1,66,44
309,9.276675999999995,9.306675999999994,1116,1,1,1,1,122.21020899960422,True,9,50.0,8,2,1,1,72,6,66,59
310,9.306675999999994,9.336675999999994,1186,1,1,1,1,122.94541699884576,True,9,50.0,8,5,3,2,87,7,80,89
311,9.336675999999994,9.366675999999993,1229,2,2,1,1,124.84891600252013,True,9,50.0,8,6,3,3,95,5,90,119
312,9.366675999999993,9.396675999999992,1221,2,2,1,1,123.80750000011176,True,9,50.0,8,2,0,2,97,0,97,76
313,9.396675999999992,9.426675999999992,1224,2,2,2,2,123.78225000065868,True,9,50.0,8,2,0,2,100,0,100,51
314,9.426675999999992,9.456675999999991,1248,2,1,2,1,122.79037500047707,True,9,50.0,8,2,1,1,110,8,102,69
315,9.456675999999991,9.48667599999999,1264,2,1,2,1,124.1402499981632,True,9,50.0,8,2,1,1,102,3,99,62
316,9.48667599999999,9.51667599999999,1236,1,1,1,1,122.7377079994767,True,9,50.0,8,1,0,1,98,0,98,33
317,9.51667599999999,9.546675999999989,1332,1,1,1,1,123.4988340002019,True,9,50.0,8,1,0,1,114,0,114,58
318,9.546675999999989,9.576675999999988,1329,2,1,2,1,124.22508300005575,True,9,50.0,8,3,2,1,101,8,93,78
319,9.576675999999988,9.606675999999988,1361,2,2,2,1,124.19920799948159,True,9,50.0,8,3,0,3,109,0,109,35
320,9.606675999999988,9.636675999999987,1455,2,2,2,1,124.05650000073365,True,9,50.0,8,3,0,3,136,0,136,57
321,9.636675999999987,9.666675999999987,1363,1,1,1,1,123.29654199857032,True,9,50.0,8,4,2,2,110,3,107,50
322,9.666675999999987,9.696675999999986,1296,1,1,1,1,122.42383299962967,True,9,50.0,8,2,1,1,93,2,91,51
323,9.696675999999986,9.726675999999985,1211,1,1,1,1,122.32891699750326,True,9,50.0,8,2,1,1,87,1,86,57
324,9.726675999999985,9.756675999999985,1196,1,1,1,1,123.41462500262423,True,9,50.0,8,2,1,1,71,2,69,68
325,9.756675999999985,9.786675999999984,1141,1,1,1,1,122.27716699999291,True,9,50.0,8,4,3,1,76,3,73,81
326,9.786675999999984,9.816675999999983,1062,1,1,1,1,122.9017500008922,True,9,50.0,8,1,0,1,68,0,68,45
327,9.816675999999983,9.846675999999983,1082,1,1,1,1,123.18000000232132,True,9,50.0,8,3,1,2,69,1,68,63
328,9.846675999999983,9.876675999999982,1024,1,1,1,1,123.61408300057519,True,9,50.0,8,3,1,2,68,1,67,51
329,9.876675999999982,9.906675999999981,996,2,1,1,1,123.79774999863002,True,9,50.0,8,4,2,2,60,7,53,52
330,9.906675999999981,9.93667599999998,907,1,1,1,1,122.89987500116695,True,9,50.0,8,4,1,3,45,2,43,68
331,9.93667599999998,9.96667599999998,868,0,0,0,0,124.30704200232867,True,9,50.0,8,4,2,2,35,7,28,63
332,9.96667599999998,9.99667599999998,819,1,1,1,1,122.45608399825869,True,9,50.0,8,6,4,2,39,19,20,67
333,9.99667599999998,10.026675999999979,771,1,0,1,0,120.3574999999546,True,9,50.0,8,6,6,0,23,23,0,55
334,10.026675999999979,10.056675999999978,715,1,1,1,0,123.56054200063227,True,9,50.0,8,3,2,1,18,9,9,40
335,10.056675999999978,10.086675999999978,751,1,1,1,1,122.50679199860315,True,9,50.0,8,3,2,1,24,10,14,70
336,10.086675999999978,10.116675999999977,766,1,1,1,1,122.9657080002653,True,9,50.0,8,5,3,2,36,9,27,42
337,10.116675999999977,10.146675999999976,792,1,1,1,1,122.44483300310094,True,9,50.0,8,2,1,1,38,5,33,67
338,10.146675999999976,10.176675999999976,869,2,1,1,1,123.04858399875229,True,9,50.0,8,4,1,3,63,3,60,57
339,10.176675999999976,10.206675999999975,893,1,1,1,1,122.65358399963588,True,9,50.0,8,3,1,2,62,1,61,51
340,10.206675999999975,10.236675999999974,951,1,1,1,1,122.81237499701092,True,9,50.0,8,2,1,1,69,1,68,60
341,10.236675999999974,10.266675999999974,980,1,1,1,1,122.98320799891371,True,9,50.0,8,1,0,1,78,0,78,47
342,10.266675999999974,10.296675999999973,946,1,1,1,1,123.56608399932156,True,9,50.0,8,2,1,1,85,1,84,30
343,10.296675999999973,10.326675999999972,1031,1,1,1,1,122.50520800080267,True,9,50.0,8,1,0,1,88,0,88,57
344,10.326675999999972,10.356675999999972,1034,1,1,1,1,122.25766600022325,True,9,50.0,8,2,1,1,77,1,76,45
345,10.356675999999972,10.386675999999971,998,2,1,1,1,122.87154200021178,True,9,50.0,8,4,3,1,79,6,73,58
346,10.386675999999971,10.41667599999997,1123,1,1,1,1,122.80420900060562,True,9,50.0,8,2,1,1,88,1,87,54
347,10.41667599999997,10.44667599999997,1181,1,1,1,1,123.29433299964876,True,9,50.0,8,2,1,1,101,2,99,37
348,10.44667599999997,10.47667599999997,1103,1,1,1,1,123.13729200104717,True,9,50.0,8,2,1,1,79,1,78,50
349,10.47667599999997,10.506675999999969,1048,2,1,1,1,122.85424999936367,True,9,50.0,8,2,1,1,89,3,86,47
350,10.506675999999969,10.536675999999968,1011,1,1,1,1,125.00845899921842,True,9,50.0,8,2,1,1,94,1,93,48
351,10.536675999999968,10.566675999999967,1019,1,1,1,1,126.44604099841672,True,9,50.0,8,3,1,2,80,1,79,54
352,10.566675999999967,10.596675999999967,933,2,1,1,1,123.48604100043303,True,9,50.0,8,5,2,3,90,6,84,73
353,10.596675999999967,10.626675999999966,1016,2,1,2,1,123.08554199989885,True,9,50.0,8,4,2,2,96,12,84,76
354,10.626675999999966,10.656675999999965,929,1,1,1,1,122.20075000004726,True,9,50.0,8,4,1,3,87,3,84,73
355,10.656675999999965,10.686675999999965,913,1,1,1,1,122.22833399937372,True,9,50.0,8,4,0,4,90,0,90,46
356,10.686675999999965,10.716675999999964,928,1,1,1,1,122.34954200175707,True,9,50.0,8,5,1,4,94,3,91,102
357,10.716675999999964,10.746675999999963,970,2,1,1,1,123.92766699849744,True,9,50.0,8,3,1,2,103,4,99,65
358,10.746675999999963,10.776675999999963,975,2,1,1,1,129.61258300128975,True,9,50.0,8,4,1,3,110,3,107,77
359,10.776675999999963,10.806675999999962,951,2,2,2,1,205.85050000227056,True,9,50.0,8,4,0,4,120,0,120,98
360,10.806675999999962,10.836675999999962,992,1,1,1,1,129.10912500228733,True,9,50.0,8,5,1,4,111,1,110,87
361,10.836675999999962,10.866675999999961,983,1,1,1,1,123.60962499951711,True,9,50.0,8,3,0,3,118,0,118,71
362,10.866675999999961,10.89667599999996,915,1,1,1,1,122.27608299872372,True,9,50.0,8,5,1,4,118,1,117,51
363,10.89667599999996,10.92667599999996,990,1,1,1,1,122.24841699935496,True,9,50.0,8,2,0,2,128,0,128,70
364,10.92667599999996,10.956675999999959,1008,1,1,1,1,124.35616599759669,True,9,50.0,8,3,1,2,129,1,128,67
365,10.956675999999959,10.986675999999958,981,1,1,1,1,125.67337500149733,True,9,50.0,8,2,0,2,129,0,129,67
366,10.986675999999958,11.016675999999958,1073,1,1,1,1,128.74262500190525,True,9,50.0,8,1,0,1,136,0,136,72
367,11.016675999999958,11.046675999999957,1106,1,1,1,1,126.63962499937043,True,9,50.0,8,3,0,3,147,0,147,55
368,11.046675999999957,11.076675999999956,1216,1,1,1,1,123.19774999923538,True,9,50.0,8,1,0,1,148,0,148,63
369,11.076675999999956,11.106675999999956,1249,1,1,1,1,122.60325000170269,True,9,50.0,8,4,2,2,146,3,143,88
370,11.106675999999956,11.136675999999955,1306,2,1,1,1,123.37829200259876,True,9,50.0,8,8,7,1,162,15,147,144
371,11.136675999999955,11.166675999999955,1349,3,1,1,1,124.7488750013872,True,9,50.0,8,7,5,2,166,16,150,148
372,11.166675999999955,11.196675999999954,1441,1,1,1,1,122.51737499900628,True,9,50.0,8,5,4,1,167,7,160,187
373,11.196675999999954,11.226675999999953,1532,2,1,1,1,136.8194169990602,True,9,50.0,8,4,3,1,178,8,170,185
374,11.226675999999953,11.256675999999953,1479,1,1,1,1,130.31070799843292,True,9,50.0,8,2,1,1,181,2,179,156
375,11.256675999999953,11.286675999999952,1572,3,1,1,1,123.35833299948717,True,9,50.0,8,8,7,1,192,21,171,179
376,11.286675999999952,11.316675999999951,1787,2,1,1,1,122.89591700027813,True,9,50.0,8,5,4,1,200,11,189,261
377,11.316675999999951,11.34667599999995,1728,1,1,1,1,123.5986670035345,True,9,50.0,8,7,6,1,194,9,185,265
378,11.34667599999995,11.37667599999995,1760,1,1,1,1,124.83029200302553,True,9,50.0,8,7,5,2,199,8,191,274
379,11.37667599999995,11.40667599999995,1537,1,1,1,1,122.95866699787439,True,9,50.0,8,2,0,2,214,0,214,76
380,11.40667599999995,11.436675999999949,1552,1,1,1,1,122.78354200316244,True,9,50.0,8,5,3,2,223,5,218,67
381,11.436675999999949,11.466675999999948,1564,1,1,1,1,126.45587500082911,True,9,50.0,8,2,1,1,229,2,227,76
382,11.466675999999948,11.496675999999947,1653,1,1,1,1,123.83095899713226,True,9,50.0,8,3,2,1,225,6,219,75
383,11.496675999999947,11.526675999999947,1679,1,1,1,1,121.67970900190994,True,9,50.0,8,1,0,1,229,0,229,82
384,11.526675999999947,11.556675999999946,1738,1,1,1,1,122.38604099911754,True,9,50.0,8,2,0,2,230,0,230,53
385,11.556675999999946,11.586675999999946,1852,2,1,1,1,122.29674999980489,True,9,50.0,8,3,2,1,240,5,235,65
386,11.586675999999946,11.616675999999945,2060,2,2,1,1,122.90999999822816,True,9,50.0,8,3,0,3,270,0,270,75
387,11.616675999999945,11.646675999999944,2148,2,2,1,1,123.14195900034974,True,9,50.0,8,2,0,2,293,0,293,87
388,11.646675999999944,11.676675999999944,2022,2,2,2,2,122.29770900012227,True,9,50.0,8,6,2,4,285,3,282,105
389,11.676675999999944,11.706675999999943,2023,2,2,2,2,122.85145900023053,True,9,50.0,8,4,0,4,273,0,273,116
390,11.706675999999943,11.736675999999942,1896,2,1,2,1,122.62204199942062,True,9,50.0,8,7,2,5,260,6,254,160
391,11.736675999999942,11.766675999999942,2349,2,2,2,2,123.26100000063889,True,9,50.0,8,6,1,5,315,7,308,102
392,11.766675999999942,11.796675999999941,2394,2,2,2,2,125.29987500238349,True,9,50.0,8,4,1,3,322,3,319,107
393,11.796675999999941,11.82667599999994,2397,3,3,2,2,123.99537500095903,True,9,50.0,8,8,3,5,327,4,323,112
394,11.82667599999994,11.85667599999994,2076,2,2,2,2,122.94333300087601,True,9,50.0,8,5,0,5,302,0,302,122
395,11.85667599999994,11.88667599999994,1744,2,2,2,2,123.01562500215368,True,9,50.0,8,5,1,4,252,1,251,138
396,11.88667599999994,11.916675999999939,1673,2,2,2,2,123.48962500254856,True,9,50.0,8,3,0,3,259,0,259,107
397,11.916675999999939,11.946675999999938,1753,2,2,2,2,122.89933300053235,True,9,50.0,8,5,1,4,245,3,242,157
398,11.946675999999938,11.976675999999937,1528,2,2,2,2,123.31370900210459,True,9,50.0,8,7,4,3,202,13,189,151
399,11.976675999999937,12.006675999999937,1507,3,2,2,2,123.66824999844539,True,9,50.0,8,6,3,3,178,10,168,136
400,12.006675999999937,12.036675999999936,1412,2,2,2,2,123.01983299767016,True,9,50.0,8,10,5,5,170,19,151,144
401,12.036675999999936,12.066675999999935,1401,2,1,2,1,122.38670800070395,True,9,50.0,8,9,5,4,166,13,153,135
402,12.066675999999935,12.096675999999935,1381,2,1,2,1,122.83020800168742,True,9,50.0,8,5,2,3,173,10,163,133
403,12.096675999999935,12.126675999999934,1278,2,1,2,1,122.59199999971315,True,9,50.0,8,6,2,4,131,9,122,134
404,12.126675999999934,12.156675999999933,1339,2,2,2,1,124.08950000099139,True,9,50.0,8,9,4,5,149,10,139,125
405,12.156675999999933,12.186675999999933,1196,2,2,2,1,123.11537499772385,True,9,50.0,8,10,6,4,113,21,92,106
406,12.186675999999933,12.216675999999932,1068,2,2,2,2,123.00024999785819,True,9,50.0,8,6,2,4,77,2,75,98
407,12.216675999999932,12.246675999999932,1138,2,2,2,2,123.1572500000766,True,9,50.0,8,7,2,5,119,6,113,94
408,12.246675999999932,12.27667599999993,1109,2,2,2,2,123.20150000232388,True,9,50.0,8,8,4,4,113,7,106,102
409,12.27667599999993,12.30667599999993,1014,2,2,2,2,123.1795419989794,True,9,50.0,8,6,2,4,89,4,85,105
410,12.30667599999993,12.33667599999993,1044,2,1,2,1,122.70366700249724,True,9,50.0,8,5,2,3,91,13,78,97
411,12.33667599999993,12.366675999999929,1012,2,2,2,2,123.12925000151154,True,9,50.0,8,6,0,6,101,0,101,111
412,12.366675999999929,12.396675999999928,983,3,2,2,1,122.09695799901965,True,9,50.0,8,5,2,3,93,9,84,88
413,12.396675999999928,12.426675999999928,962,2,2,2,2,122.89354099993943,True,9,50.0,8,5,2,3,75,8,67,78
414,12.426675999999928,12.456675999999927,930,1,2,1,1,122.36962499810033,True,9,50.0,8,7,4,3,67,12,55,76
415,12.456675999999927,12.486675999999926,853,1,1,1,0,121.84145799983526,True,9,50.0,8,8,5,3,73,10,63,76
416,12.486675999999926,12.516675999999926,991,2,2,2,2,123.5971670030267,True,9,50.0,8,7,3,4,92,9,83,91
417,12.516675999999926,12.546675999999925,1197,2,2,2,2,123.415207999642,True,9,50.0,8,5,1,4,112,4,108,74
418,12.546675999999925,12.576675999999924,959,2,3,2,1,123.8872909998463,True,9,50.0,8,8,4,4,95,16,79,79
419,12.576675999999924,12.606675999999924,980,3,3,2,2,123.4478330006823,True,9,50.0,8,10,3,7,103,9,94,93
420,12.606675999999924,12.636675999999923,1009,3,3,2,3,123.50200000219047,True,9,50.0,8,7,3,4,99,8,91,63
421,12.636675999999923,12.666675999999923,952,3,3,2,3,123.20283299777657,True,9,50.0,8,10,5,5,80,11,69,105
422,12.666675999999923,12.696675999999922,1048,3,3,3,2,124.1047500006971,True,9,50.0,8,4,1,3,90,7,83,83
423,12.696675999999922,12.726675999999921,1263,3,3,3,3,123.3360830010497,True,9,50.0,8,6,2,4,112,2,110,104
424,12.726675999999921,12.75667599999992,1460,2,2,2,2,123.80279200078803,True,9,50.0,8,6,1,5,154,8,146,87
425,12.75667599999992,12.78667599999992,1447,2,2,2,2,123.60966699998244,True,9,50.0,8,5,0,5,174,0,174,84
426,12.78667599999992,12.81667599999992,1322,2,2,2,2,122.82466600299813,True,9,50.0,8,7,4,3,150,9,141,103
427,12.81667599999992,12.846675999999919,1333,3,3,2,2,123.34116599959088,True,9,50.0,8,3,0,3,138,0,138,82
428,12.846675999999919,12.876675999999918,1475,2,1,1,0,122.74654100110638,True,9,50.0,8,8,5,3,141,11,130,121
429,12.876675999999918,12.906675999999917,1669,2,2,1,1,123.31541700041271,True,9,50.0,8,6,1,5,180,2,178,95
430,12.906675999999917,12.936675999999917,1861,2,2,2,2,123.02358400120283,True,9,50.0,8,5,2,3,200,8,192,107
431,12.936675999999917,12.966675999999916,1916,2,2,2,2,123.06858399824705,True,9,50.0,8,4,0,4,226,0,226,119
432,12.966675999999916,12.996675999999916,1822,2,2,2,2,122.6350420001836,True,9,50.0,8,3,0,3,212,0,212,142
433,12.996675999999916,13.026675999999915,1790,2,2,2,2,123.12433300030534,True,9,50.0,8,5,0,5,204,0,204,104
434,13.026675999999915,13.056675999999914,2000,2,2,2,2,123.04029200095101,True,9,50.0,8,3,0,3,210,0,210,139
435,13.056675999999914,13.086675999999914,2054,2,2,2,2,123.16912499954924,True,9,50.0,8,3,0,3,232,0,232,106
436,13.086675999999914,13.116675999999913,2056,2,2,2,2,122.98758400356746,True,9,50.0,8,4,1,3,228,6,222,131
437,13.116675999999913,13.146675999999912,1948,2,2,2,2,122.971917000541,True,9,50.0,8,7,3,4,236,6,230,120
438,13.146675999999912,13.176675999999912,2043,2,2,2,2,122.88812500264612,True,9,50.0,8,5,2,3,215,6,209,141
439,13.176675999999912,13.206675999999911,1923,2,2,2,2,123.93687499934458,True,9,50.0,8,6,2,4,244,9,235,118
440,13.206675999999911,13.23667599999991,1785,2,2,2,2,122.93341700205929,True,9,50.0,8,7,3,4,238,11,227,116
441,13.23667599999991,13.26667599999991,1725,2,2,2,2,122.65195800137008,True,9,50.0,8,8,4,4,195,10,185,134
442,13.26667599999991,13.29667599999991,1644,2,2,2,2,123.40558299911208,True,9,50.0,8,10,5,5,197,15,182,177
443,13.29667599999991,13.326675999999908,1915,2,2,2,2,122.95041700053844,True,9,50.0,8,5,2,3,241,6,235,144
444,13.326675999999908,13.356675999999908,1805,3,3,2,2,123.24112500209594,True,9,50.0,8,6,2,4,220,5,215,154
445,13.356675999999908,13.386675999999907,1548,2,2,2,2,123.79729099848191,True,9,50.0,8,5,1,4,194,2,192,97
446,13.386675999999907,13.416675999999907,1323,1,1,1,1,122.68370799938566,True,9,50.0,8,8,4,4,158,6,152,107
447,13.416675999999907,13.446675999999906,1287,2,2,2,2,122.82333300026949,True,9,50.0,8,12,8,4,144,23,121,138
448,13.446675999999906,13.476675999999905,1237,1,1,1,1,123.58466600198881,True,9,50.0,8,9,6,3,121,9,112,157
449,13.476675999999905,13.506675999999905,1238,2,2,2,2,123.98766600017552,True,9,50.0,8,12,7,5,138,18,120,153
450,13.506675999999905,13.536675999999904,1091,2,3,2,2,124.80933299957542,True,9,50.0,8,9,5,4,96,13,83,156
451,13.536675999999904,13.566675999999903,1096,2,2,2,1,122.73829200057662,True,9,50.0,8,10,8,2,106,21,85,149
452,13.566675999999903,13.596675999999903,1165,2,2,2,2,123.88608300170745,True,9,50.0,8,8,5,3,131,19,112,139
453,13.596675999999903,13.626675999999902,1205,2,2,2,2,122.38362500283984,True,9,50.0,8,12,9,3,122,18,104,125
454,13.626675999999902,13.656675999999901,1206,2,2,2,2,123.15800000214949,True,9,50.0,8,9,5,4,113,19,94,137
455,13.656675999999901,13.6866759999999,1257,2,2,2,2,122.77137500132085,True,9,50.0,8,8,5,3,96,12,84,146
456,13.6866759999999,13.7166759999999,1155,2,2,2,2,122.71083300220198,True,9,50.0,8,9,6,3,100,17,83,120
457,13.7166759999999,13.7466759999999,1291,3,3,2,2,123.51583399868105,True,9,50.0,8,7,4,3,107,9,98,164
458,13.7466759999999,13.776675999999899,1263,3,3,2,2,124.12370799938799,True,9,50.0,8,8,5,3,99,11,88,125
459,13.776675999999899,13.806675999999898,1157,2,2,1,1,128.74612500309013,True,9,50.0,8,8,4,4,101,5,96,108
460,13.806675999999898,13.836675999999898,1081,3,2,2,2,127.22225000106846,True,9,50.0,8,8,6,2,77,10,67,131
461,13.836675999999898,13.866675999999897,1023,2,2,1,2,123.47166700055823,True,9,50.0,8,9,7,2,62,18,44,143
462,13.866675999999897,13.896675999999896,1042,2,2,2,2,123.19370799741591,True,9,50.0,8,7,2,5,67,6,61,101
463,13.896675999999896,13.926675999999896,923,2,3,2,2,123.42220900245593,True,9,50.0,8,6,3,3,66,7,59,102
464,13.926675999999896,13.956675999999895,943,2,2,2,1,122.54675000076531,True,9,50.0,8,9,5,4,67,13,54,88
465,13.956675999999895,13.986675999999894,888,2,3,2,1,124.55458299882594,True,9,50.0,8,7,3,4,61,5,56,110
466,13.986675999999894,14.016675999999894,906,2,2,2,2,122.66741700295825,True,9,50.0,8,6,3,3,42,5,37,111
467,14.016675999999894,14.046675999999893,914,2,2,2,2,122.29566699897987,True,9,50.0,8,7,4,3,44,11,33,73
468,14.046675999999893,14.076675999999892,926,2,1,2,1,123.59687500065775,True,9,50.0,8,8,4,4,61,23,38,89
469,14.076675999999892,14.106675999999892,927,1,1,1,1,122.21425000097952,True,9,50.0,8,7,5,2,28,10,18,97
470,14.106675999999892,14.136675999999891,992,2,0,1,0,121.6335830031312,True,9,50.0,8,6,5,1,21,12,9,116
471,14.136675999999891,14.16667599999989,1007,1,2,1,1,122.57549999776529,True,9,50.0,8,8,6,2,47,23,24,86
472,14.16667599999989,14.19667599999989,1008,1,1,1,0,126.78774999949383,True,9,50.0,8,7,4,3,45,10,35,116
473,14.19667599999989,14.22667599999989,1160,2,2,1,0,125.60516699886648,True,9,50.0,8,6,3,3,45,6,39,121
474,14.22667599999989,14.256675999999889,1138,2,2,1,1,126.01295899730758,True,9,50.0,8,11,5,6,86,10,76,159
475,14.256675999999889,14.286675999999888,1219,1,1,0,0,123.04833400048665,True,9,50.0,8,6,3,3,65,13,52,174
476,14.286675999999888,14.316675999999887,1188,2,1,1,1,122.92900000102236,True,9,50.0,8,8,5,3,54,12,42,177
477,14.316675999999887,14.346675999999887,1188,1,1,1,1,124.10495899894158,True,9,50.0,8,7,3,4,84,3,81,174
478,14.346675999999887,14.376675999999886,1287,3,2,1,1,124.4642500023474,True,9,50.0,8,10,7,3,67,12,55,197
479,14.376675999999886,14.406675999999885,1306,3,1,0,0,122.60370800140663,True,9,50.0,8,8,5,3,107,16,91,171
480,14.406675999999885,14.436675999999885,1355,2,1,0,0,122.9193339968333,True,9,50.0,8,6,4,2,84,15,69,163
481,14.436675999999885,14.466675999999884,1467,1,1,1,1,122.11479200050235,True,9,50.0,8,7,4,3,94,8,86,154
482,14.466675999999884,14.496675999999884,1466,1,1,1,1,122.34383300165064,True,9,50.0,8,8,6,2,98,9,89,174
483,14.496675999999884,14.526675999999883,1532,3,1,1,1,123.63920899952063,True,9,50.0,8,7,5,2,89,12,77,167
484,14.526675999999883,14.556675999999882,1582,2,1,2,1,126.76633400042192,True,9,50.0,8,4,2,2,113,5,108,93
485,14.556675999999882,14.586675999999882,1647,1,1,1,1,123.98716700045043,True,9,50.0,8,3,1,2,149,1,148,124
486,14.586675999999882,14.616675999999881,1684,2,1,2,1,123.61500000042724,True,9,50.0,8,4,3,1,144,11,133,109
487,14.616675999999881,14.64667599999988,1741,1,1,1,1,124.90045800223015,True,9,50.0,8,3,2,1,133,3,130,129
488,14.64667599999988,14.67667599999988,1688,2,1,2,1,124.15875000078813,True,9,50.0,8,2,1,1,158,7,151,121
489,14.67667599999988,14.706675999999879,1635,2,1,2,1,123.60637500023586,True,9,50.0,8,4,2,2,164,7,157,59
490,14.706675999999879,14.736675999999878,1697,2,2,2,1,122.39624999710941,True,9,50.0,8,3,1,2,168,1,167,101
491,14.736675999999878,14.766675999999878,1700,2,1,2,1,122.13816700023017,True,9,50.0,8,2,1,1,151,8,143,113
492,14.766675999999878,14.796675999999877,1719,2,2,2,1,123.37470800048322,True,9,50.0,8,4,2,2,158,4,154,141
493,14.796675999999877,14.826675999999877,1524,2,2,2,2,123.5333750009886,True,9,50.0,8,2,0,2,158,0,158,76
494,14.826675999999877,14.856675999999876,1545,2,1,2,1,123.80599999960396,True,9,50.0,8,4,3,1,142,5,137,86
495,14.856675999999876,14.886675999999875,1433,2,1,2,1,122.23400000220863,True,9,50.0,8,2,1,1,142,8,134,67
496,14.886675999999875,14.916675999999875,1430,2,2,2,2,122.89829200017266,True,9,50.0,8,2,0,2,146,0,146,79
497,14.916675999999875,14.946675999999874,1397,1,1,1,1,121.84020900167525,True,9,50.0,8,2,1,1,123,2,121,66
498,14.946675999999874,14.976675999999873,1330,2,1,2,1,122.01354100034223,True,9,50.0,8,2,1,1,131,7,124,77
499,14.976675999999873,15.006675999999873,1192,2,1,2,1,121.81170800249674,True,9,50.0,8,3,2,1,96,9,87,69
500,15.006675999999873,15.036675999999872,1087,2,1,2,1,122.0467089988233,True,9,50.0,8,2,1,1,104,7,97,64
501,15.036675999999872,15.066675999999871,1041,2,1,2,1,122.32537499949103,True,9,50.0,8,6,4,2,82,16,66,66
502,15.066675999999871,15.09667599999987,992,1,1,1,1,122.1611250002752,True,9,50.0,8,6,5,1,58,12,46,106
503,15.09667599999987,15.12667599999987,1058,2,2,1,1,122.15891599771567,True,9,50.0,8,4,1,3,81,6,75,123
504,15.12667599999987,15.15667599999987,1614,4,4,2,1,123.66208400271717,True,9,50.0,8,8,4,4,114,11,103,432
505,15.15667599999987,15.186675999999869,1700,2,2,2,1,123.25462499939022,True,9,50.0,8,7,4,3,123,18,105,362
506,15.186675999999869,15.216675999999868,1007,2,2,2,1,122.57887500163633,True,9,50.0,8,3,0,3,75,0,75,79
507,15.216675999999868,15.246675999999868,975,2,2,2,2,124.15741700169747,True,9,50.0,8,4,1,3,78,3,75,69
508,15.246675999999868,15.276675999999867,902,2,2,2,2,123.91166700035683,True,9,50.0,8,4,2,2,57,10,47,162
509,15.276675999999867,15.306675999999866,963,2,2,2,2,125.1051249964803,True,9,50.0,8,4,1,3,71,4,67,117
510,15.306675999999866,15.336675999999866,1100,2,2,2,2,123.48583299899474,True,9,50.0,8,5,3,2,71,6,65,152
511,15.336675999999866,15.366675999999865,990,2,2,2,2,122.17695800063666,True,9,50.0,8,4,2,2,47,6,41,194
512,15.366675999999865,15.396675999999864,1054,2,2,2,2,123.37308300266159,True,9,50.0,8,5,3,2,48,10,38,162
513,15.396675999999864,15.426675999999864,1131,2,2,2,2,123.17433300268021,True,9,50.0,8,4,2,2,48,6,42,178
514,15.426675999999864,15.456675999999863,1045,2,1,2,1,122.88574999911361,True,9,50.0,8,7,6,1,40,9,31,156
515,15.456675999999863,15.486675999999862,947,2,1,2,1,122.35004099784419,True,9,50.0,8,6,5,1,51,15,36,129
516,15.486675999999862,15.516675999999862,1041,1,1,1,1,124.65350000275066,True,9,50.0,8,11,7,4,70,13,57,178
517,15.516675999999862,15.546675999999861,1035,3,2,2,1,122.43099999977858,True,9,50.0,8,9,7,2,68,21,47,156
518,15.546675999999861,15.57667599999986,1088,2,2,2,1,123.23054199805483,True,9,50.0,8,10,7,3,65,11,54,150
519,15.57667599999986,15.60667599999986,930,3,2,2,1,124.40579200119828,True,9,50.0,8,4,2,2,53,8,45,134
520,15.60667599999986,15.63667599999986,879,1,1,1,1,121.0571660012647,True,9,50.0,8,7,5,2,34,9,25,118
521,15.63667599999986,15.666675999999859,850,2,2,2,1,122.54412499896716,True,9,50.0,8,7,5,2,60,13,47,72
522,15.666675999999859,15.696675999999858,835,2,2,2,2,121.60316600056831,True,9,50.0,8,6,4,2,54,16,38,122
523,15.696675999999858,15.726675999999857,846,2,2,2,2,124.43862500003888,True,9,50.0,8,4,2,2,48,5,43,73
524,15.726675999999857,15.756675999999857,706,2,2,2,2,123.21991600038018,True,9,50.0,8,8,6,2,43,7,36,108
525,15.756675999999857,15.786675999999856,822,1,1,1,1,122.0910840020224,True,9,50.0,8,10,7,3,66,11,55,93
526,15.786675999999856,15.816675999999855,894,2,2,1,2,126.23833299949183,True,9,50.0,8,9,7,2,48,12,36,78
527,15.816675999999855,15.846675999999855,744,2,2,2,2,123.04345799930161,True,9,50.0,8,4,1,3,53,1,52,62
528,15.846675999999855,15.876675999999854,834,2,2,2,2,122.80149999787682,True,9,50.0,8,5,2,3,45,3,42,72
529,15.876675999999854,15.906675999999853,817,2,2,2,2,123.61400000008871,True,9,50.0,8,2,0,2,42,0,42,60
530,15.906675999999853,15.936675999999853,751,1,1,1,1,123.5655830023461,True,9,50.0,8,5,3,2,24,6,18,69
531,15.936675999999853,15.966675999999852,815,2,2,2,2,122.53187500027707,True,9,50.0,8,4,2,2,35,5,30,71
532,15.966675999999852,15.996675999999852,789,2,1,2,1,122.16941599763231,True,9,50.0,8,4,2,2,31,7,24,54
533,15.996675999999852,16.026675999999853,725,2,1,2,1,122.89695800063782,True,9,50.0,8,2,1,1,24,4,20,23
534,16.026675999999853,16.056675999999854,771,2,1,2,1,122.55233399991994,True,9,50.0,8,4,3,1,25,16,9,39
535,16.056675999999854,16.086675999999855,815,1,1,1,1,122.71999999938998,True,9,50.0,8,6,5,1,26,5,21,58
536,16.086675999999855,16.116675999999856,869,2,1,2,1,124.1859170004318,True,9,50.0,8,3,2,1,29,10,19,70
537,16.116675999999856,16.146675999999857,852,2,2,2,1,123.20733399974415,True,9,50.0,8,3,0,3,44,0,44,49
538,16.146675999999857,16.17667599999986,804,2,2,2,1,123.18804199821898,True,9,50.0,8,4,1,3,34,2,32,65
539,16.17667599999986,16.20667599999986,742,0,0,0,0,121.3773340023181,True,9,50.0,8,3,1,2,20,2,18,56
540,16.20667599999986,16.23667599999986,806,1,1,1,1,122.53245800093282,True,9,50.0,8,6,5,1,20,8,12,42
541,16.23667599999986,16.266675999999862,825,2,2,2,2,123.59112500053016,True,9,50.0,8,4,2,2,34,3,31,38
542,16.266675999999862,16.296675999999863,745,1,0,1,0,121.11654199907207,True,9,50.0,8,2,2,0,10,10,0,62
543,16.296675999999863,16.326675999999864,808,1,0,1,0,119.90995800078963,True,9,50.0,8,2,2,0,10,10,0,33
544,16.326675999999864,16.356675999999865,801,0,0,0,0,120.15366700143204,True,9,50.0,8,2,2,0,3,3,0,49
545,16.356675999999865,16.386675999999866,760,1,1,1,0,122.96562500341679,True,9,50.0,8,3,1,2,19,1,18,34
546,16.386675999999866,16.416675999999867,799,1,1,0,0,123.071499998332,True,9,50.0,8,3,2,1,15,2,13,61
547,16.416675999999867,16.44667599999987,767,1,0,1,0,121.92370900083915,True,9,50.0,8,4,3,1,17,8,9,57
548,16.44667599999987,16.47667599999987,718,2,1,1,0,122.49237500145682,True,9,50.0,8,3,2,1,17,8,9,41
549,16.47667599999987,16.50667599999987,664,2,1,1,0,123.08229100017343,True,9,50.0,8,2,1,1,12,3,9,52
550,16.50667599999987,16.536675999999872,680,1,1,0,0,123.27283400009037,True,9,50.0,8,2,1,1,14,2,12,36
551,16.536675999999872,16.566675999999873,708,1,1,0,0,121.96854200010421,True,9,50.0,8,2,0,2,18,0,18,59
552,16.566675999999873,16.596675999999874,703,0,0,0,0,122.35812499784515,True,9,50.0,8,2,1,1,11,2,9,20
553,16.596675999999874,16.626675999999875,654,1,1,0,0,123.51850000050035,True,9,50.0,8,1,0,1,9,0,9,45
554,16.626675999999875,16.656675999999877,653,1,0,0,0,123.95195800127112,True,9,50.0,8,4,2,2,23,5,18,20
555,16.656675999999877,16.686675999999878,783,2,2,1,0,122.42083300225204,True,9,50.0,8,6,1,5,73,1,72,58
556,16.686675999999878,16.71667599999988,788,2,1,1,0,122.8682500004652,True,9,50.0,8,6,4,2,56,22,34,68
557,16.71667599999988,16.74667599999988,795,2,1,1,1,122.76050000218675,True,9,50.0,8,4,1,3,47,4,43,30
558,16.74667599999988,16.77667599999988,790,0,0,0,0,122.72904199926415,True,9,50.0,8,3,1,2,35,2,33,31
559,16.77667599999988,16.806675999999882,861,1,1,1,0,123.51379100073245,True,9,50.0,8,3,2,1,39,3,36,57
560,16.806675999999882,16.836675999999883,898,2,2,1,1,124.87058300030185,True,9,50.0,8,3,1,2,63,1,62,40
561,16.836675999999883,16.866675999999885,876,2,2,1,1,123.48125000062282,True,9,50.0,8,4,1,3,76,2,74,58
562,16.866675999999885,16.896675999999886,833,1,1,1,1,122.01983300110442,True,9,50.0,8,3,1,2,73,2,71,69
563,16.896675999999886,16.926675999999887,876,2,2,1,1,122.22887499956414,True,9,50.0,8,5,2,3,55,2,53,55
564,16.926675999999887,16.956675999999888,960,1,1,1,1,121.82433299676632,True,9,50.0,8,2,1,1,50,3,47,66
565,16.956675999999888,16.98667599999989,1010,1,1,1,1,122.59008299952256,True,9,50.0,8,3,0,3,73,0,73,66
566,16.98667599999989,17.01667599999989,1022,1,1,1,1,121.64950000078534,True,9,50.0,8,3,2,1,76,4,72,69
567,17.01667599999989,17.04667599999989,958,1,1,1,1,131.67341699954704,True,9,50.0,8,5,3,2,64,6,58,69
568,17.04667599999989,17.076675999999892,858,1,1,1,1,124.2824999972072,True,9,50.0,8,2,1,1,60,5,55,33
569,17.076675999999892,17.106675999999894,941,1,1,1,1,124.96066599851474,True,9,50.0,8,4,1,3,62,1,61,62
570,17.106675999999894,17.136675999999895,985,1,1,1,1,124.1552089995821,True,9,50.0,8,1,0,1,68,0,68,49
571,17.136675999999895,17.166675999999896,961,1,1,1,1,122.6662920016679,True,9,50.0,8,2,1,1,76,2,74,79
572,17.166675999999896,17.196675999999897,993,1,1,1,1,122.86629200025345,True,9,50.0,8,3,2,1,65,3,62,68
573,17.196675999999897,17.226675999999898,1013,2,1,1,1,122.61833400043542,True,9,50.0,8,2,1,1,95,5,90,55
574,17.226675999999898,17.2566759999999,1049,1,1,1,1,124.6224170026835,True,9,50.0,8,2,1,1,78,2,76,81
575,17.2566759999999,17.2866759999999,955,1,1,1,1,122.70045800323715,True,9,50.0,8,3,1,2,74,2,72,65
576,17.2866759999999,17.3166759999999,940,3,2,1,1,123.64058399907663,True,9,50.0,8,4,2,2,73,4,69,75
577,17.3166759999999,17.346675999999903,920,1,1,1,1,125.89837500127032,True,9,50.0,8,2,1,1,57,5,52,49
578,17.346675999999903,17.376675999999904,941,1,1,1,1,122.09512499975972,True,9,50.0,8,2,1,1,52,3,49,56
579,17.376675999999904,17.406675999999905,1034,1,1,1,1,122.23545799861313,True,9,50.0,8,1,0,1,57,0,57,55
580,17.406675999999905,17.436675999999906,1052,1,1,1,1,122.58508399827406,True,9,50.0,8,3,1,2,70,1,69,56
581,17.436675999999906,17.466675999999907,1063,1,1,1,1,122.97779099753825,True,9,50.0,8,1,0,1,72,0,72,89
582,17.466675999999907,17.49667599999991,1111,1,1,1,1,122.36875000235159,True,9,50.0,8,2,0,2,81,0,81,52
583,17.49667599999991,17.52667599999991,1003,2,2,1,1,122.24179199984064,True,9,50.0,8,3,0,3,89,0,89,39
584,17.52667599999991,17.55667599999991,999,1,1,1,1,123.03887499729171,True,9,50.0,8,3,1,2,68,4,64,63
585,17.55667599999991,17.586675999999912,998,1,1,1,1,124.64462499701767,True,9,50.0,8,6,4,2,76,6,70,54
586,17.586675999999912,17.616675999999913,967,1,1,1,1,122.44483299946296,True,9,50.0,8,3,1,2,73,2,71,51
587,17.616675999999913,17.646675999999914,993,1,1,1,1,123.74724999972386,True,9,50.0,8,5,3,2,71,5,66,53
588,17.646675999999914,17.676675999999915,1016,2,1,1,1,122.09962499764515,True,9,50.0,8,2,1,1,66,4,62,83
589,17.676675999999915,17.706675999999916,999,2,1,1,1,122.24116600191337,True,9,50.0,8,3,1,2,70,3,67,54
590,17.706675999999916,17.736675999999918,929,2,1,1,1,122.79087500064634,True,9,50.0,8,2,1,1,53,7,46,60
591,17.736675999999918,17.76667599999992,893,1,1,1,1,126.69437499789638,True,9,50.0,8,4,2,2,41,2,39,81
592,17.76667599999992,17.79667599999992,890,2,1,2,1,123.8386660006654,True,9,50.0,8,4,2,2,36,4,32,54
593,17.79667599999992,17.82667599999992,827,2,2,1,1,123.4801669997978,True,9,50.0,8,5,2,3,50,2,48,72
594,17.82667599999992,17.856675999999922,802,1,1,1,1,122.46170800062828,True,9,50.0,8,4,2,2,32,2,30,41
595,17.856675999999922,17.886675999999923,806,2,1,1,1,122.34683299902827,True,9,50.0,8,3,2,1,35,12,23,51
596,17.886675999999923,17.916675999999924,805,2,1,1,1,122.62270800056285,True,9,50.0,8,3,1,2,32,5,27,52
597,17.916675999999924,17.946675999999925,809,2,2,2,1,122.75033399782842,True,9,50.0,8,5,0,5,57,0,57,36
598,17.946675999999925,17.976675999999927,722,1,1,1,1,123.08533300165436,True,9,50.0,8,7,2,5,59,5,54,35
599,17.976675999999927,18.006675999999928,722,1,1,1,1,122.4555410008179,True,9,50.0,8,4,3,1,19,4,15,74
600,18.006675999999928,18.03667599999993,650,1,0,1,0,119.50958400120726,True,9,50.0,8,5,5,0,11,11,0,50
601,18.03667599999993,18.06667599999993,637,1,0,1,0,121.0038329991221,True,9,50.0,8,6,5,1,23,14,9,62
602,18.06667599999993,18.09667599999993,623,1,1,1,1,121.70462500216672,True,9,50.0,8,4,2,2,21,3,18,37
603,18.09667599999993,18.126675999999932,596,0,0,0,0,121.11800000275252,True,9,50.0,8,1,0,1,9,0,9,43
604,18.126675999999932,18.156675999999933,587,0,0,0,0,120.14345899660839,True,9,50.0,8,0,0,0,0,0,0,48
605,18.156675999999933,18.186675999999935,516,0,0,0,0,123.14649999825633,True,9,50.0,8,1,1,0,4,4,0,43
606,18.186675999999935,18.216675999999936,554,0,0,0,0,123.48812500204076,True,9,50.0,8,1,0,1,9,0,9,32
607,18.216675999999936,18.246675999999937,593,0,0,0,0,119.8777500030701,True,9,50.0,8,1,1,0,1,1,0,40
608,18.246675999999937,18.276675999999938,595,1,1,0,0,122.49125000016647,True,9,50.0,8,3,1,2,23,2,21,22
609,18.276675999999938,18.30667599999994,618,1,1,0,0,122.23779200212448,True,9,50.0,8,1,0,1,11,0,11,27
610,18.30667599999994,18.33667599999994,628,1,1,0,0,124.06095800179173,True,9,50.0,8,2,0,2,25,0,25,41
611,18.33667599999994,18.36667599999994,725,1,1,1,1,121.63691699970514,True,9,50.0,8,2,1,1,28,1,27,34
612,18.36667599999994,18.396675999999943,769,1,1,1,1,122.0530829996278,True,9,50.0,8,2,1,1,46,2,44,47
613,18.396675999999943,18.426675999999944,768,1,1,1,1,123.91020799987018,True,9,50.0,8,1,0,1,41,0,41,44
614,18.426675999999944,18.456675999999945,727,1,1,1,1,124.31070800084854,True,9,50.0,8,4,2,2,43,3,40,56
615,18.456675999999945,18.486675999999946,747,1,1,1,1,123.83699999918463,True,9,50.0,8,3,2,1,28,3,25,44
616,18.486675999999946,18.516675999999947,761,2,1,1,1,134.76874999832944,True,9,50.0,8,2,1,1,46,4,42,57
617,18.516675999999947,18.546675999999948,845,2,1,1,1,129.5387079990178,True,9,50.0,8,2,1,1,37,3,34,58
618,18.546675999999948,18.57667599999995,801,1,1,1,1,122.04733299950021,True,9,50.0,8,1,0,1,36,0,36,53
619,18.57667599999995,18.60667599999995,844,1,1,1,1,123.12150000070687,True,9,50.0,8,3,1,2,37,2,35,69
620,18.60667599999995,18.63667599999995,916,1,1,1,1,122.43704199863714,True,9,50.0,8,1,0,1,51,0,51,35
621,18.63667599999995,18.666675999999953,967,1,1,1,1,122.40454199854867,True,9,50.0,8,1,0,1,62,0,62,31
622,18.666675999999953,18.696675999999954,949,1,1,1,1,122.77266599994618,True,9,50.0,8,1,0,1,51,0,51,55
623,18.696675999999954,18.726675999999955,988,1,1,1,1,122.76833400028409,True,9,50.0,8,1,0,1,62,0,62,40
624,18.726675999999955,18.756675999999956,959,1,1,1,1,125.9575420008332,True,9,50.0,8,3,1,2,39,2,37,84
625,18.756675999999956,18.786675999999957,1031,1,1,1,1,122.75658300131909,True,9,50.0,8,3,2,1,62,4,58,49
626,18.786675999999957,18.81667599999996,1035,2,1,1,1,122.43970800045645,True,9,50.0,8,3,1,2,57,4,53,80
627,18.81667599999996,18.84667599999996,1023,1,1,1,1,122.44662499870174,True,9,50.0,8,4,2,2,69,2,67,65
628,18.84667599999996,18.87667599999996,1055,2,1,1,1,123.13308300144854,True,9,50.0,8,4,3,1,60,5,55,80
629,18.87667599999996,18.906675999999962,1018,2,1,1,1,123.76745900110109,True,9,50.0,8,4,3,1,69,7,62,69
630,18.906675999999962,18.936675999999963,984,1,1,1,1,123.29066600068472,True,9,50.0,8,2,1,1,62,1,61,42
631,18.936675999999963,18.966675999999964,1030,2,1,1,1,122.56875000093714,True,9,50.0,8,2,1,1,60,5,55,61
632,18.966675999999964,18.996675999999965,968,1,1,1,1,122.55170800199267,True,9,50.0,8,3,2,1,52,2,50,61
633,18.996675999999965,19.026675999999966,1044,2,1,1,1,126.33641600041301,True,9,50.0,8,5,4,1,66,11,55,84
634,19.026675999999966,19.056675999999968,1167,1,1,1,1,123.31549999726121,True,9,50.0,8,3,1,2,109,6,103,55
635,19.056675999999968,19.08667599999997,1054,1,1,1,1,127.12487499811687,True,9,50.0,8,2,0,2,79,0,79,74
636,19.08667599999997,19.11667599999997,881,1,1,1,1,123.04716600192478,True,9,50.0,8,3,1,2,60,6,54,70
637,19.11667599999997,19.14667599999997,855,2,1,1,1,122.83808400025009,True,9,50.0,8,4,1,3,70,4,66,72
638,19.14667599999997,19.176675999999972,1020,1,1,1,1,122.47045899857767,True,9,50.0,8,5,2,3,72,3,69,91
639,19.176675999999972,19.206675999999973,1093,1,1,1,1,122.62491699948441,True,9,50.0,8,4,2,2,91,3,88,46
640,19.206675999999973,19.236675999999974,1029,2,1,1,1,123.3990000000631,True,9,50.0,8,5,2,3,95,8,87,70
641,19.236675999999974,19.266675999999975,1093,1,1,1,1,122.46133300141082,True,9,50.0,8,3,1,2,100,2,98,67
642,19.266675999999975,19.296675999999977,1112,1,1,1,1,126.54145800115657,True,9,50.0,8,2,1,1,66,1,65,79
643,19.296675999999977,19.326675999999978,1119,2,1,2,1,123.35379199794261,True,9,50.0,8,4,1,3,90,5,85,78
644,19.326675999999978,19.35667599999998,1154,1,1,1,1,130.80620800246834,True,9,50.0,8,5,2,3,105,2,103,55
645,19.35667599999998,19.38667599999998,1138,2,1,2,1,129.39079200077686,True,9,50.0,8,3,1,2,85,5,80,74
646,19.38667599999998,19.41667599999998,1178,1,1,1,1,136.23095900038606,True,9,50.0,8,3,1,2,101,2,99,44
647,19.41667599999998,19.446675999999982,1120,1,1,1,1,132.0160830000532,True,9,50.0,8,2,0,2,82,0,82,74
648,19.446675999999982,19.476675999999983,1031,1,1,1,1,141.25495799817145,True,9,50.0,8,1,0,1,86,0,86,67
649,19.476675999999983,19.506675999999985,1174,2,1,1,1,129.1032080007426,True,9,50.0,8,4,2,2,96,5,91,125
650,19.506675999999985,19.536675999999986,1162,1,1,1,1,127.51708299765596,True,9,50.0,8,1,0,1,97,0,97,135
651,19.536675999999986,19.566675999999987,979,1,1,1,1,126.35366700123996,True,9,50.0,8,3,1,2,72,1,71,139
652,19.566675999999987,19.596675999999988,1106,1,1,1,1,130.33879200156662,True,9,50.0,8,6,3,3,81,3,78,160
653,19.596675999999988,19.62667599999999,2010,2,2,1,1,133.49162499798695,True,9,50.0,8,7,2,5,231,7,224,332
654,19.62667599999999,19.65667599999999,1962,2,2,1,1,126.53995800064877,True,9,50.0,8,6,2,4,256,4,252,223
655,19.65667599999999,19.68667599999999,1862,2,2,2,2,125.3623750017141,True,9,50.0,8,4,0,4,211,0,211,238
656,19.68667599999999,19.716675999999993,1689,2,2,2,2,125.40325000009034,True,9,50.0,8,10,6,4,182,16,166,220
657,19.716675999999993,19.746675999999994,1616,2,2,2,2,128.3819170021161,True,9,50.0,8,6,3,3,207,3,204,165
658,19.746675999999994,19.776675999999995,1515,2,2,2,2,125.7719579989498,True,9,50.0,8,7,3,4,180,8,172,153
659,19.776675999999995,19.806675999999996,1431,3,3,2,2,128.20091599860461,True,9,50.0,8,6,3,3,183,10,173,115
660,19.806675999999996,19.836675999999997,1391,2,2,2,2,139.23966600123094,True,9,50.0,8,8,3,5,162,7,155,100
661,19.836675999999997,19.866676,1326,2,2,2,2,131.92437500038068,True,9,50.0,8,6,2,4,169,9,160,105
662,19.866676,19.896676,1297,2,2,2,2,134.03079099953175,True,9,50.0,8,2,0,2,174,0,174,75
663,19.896676,19.926676,1184,2,2,2,2,130.03729199772351,True,9,50.0,8,3,0,3,148,0,148,91
664,19.926676,19.956676,1207,2,2,2,2,132.32349999816506,True,9,50.0,8,4,1,3,154,1,153,105
665,19.956676,19.986676000000003,1087,1,1,1,1,126.2879999994766,True,9,50.0,8,2,0,2,119,0,119,65
666,19.986676000000003,20.016676000000004,1105,2,2,2,2,126.24424999739858,True,9,50.0,8,3,0,3,155,0,155,65
667,20.016676000000004,20.046676000000005,1056,1,1,1,1,124.77258299986715,True,9,50.0,8,1,0,1,115,0,115,86
668,20.046676000000005,20.076676000000006,1112,2,1,2,1,128.7477499972738,True,9,50.0,8,4,2,2,122,6,116,97
669,20.076676000000006,20.106676000000007,1042,1,1,1,1,128.79762499869685,True,9,50.0,8,4,2,2,138,4,134,42
670,20.106676000000007,20.13667600000001,1055,1,1,1,1,125.99812500047847,True,9,50.0,8,5,1,4,131,2,129,67
671,20.13667600000001,20.16667600000001,1002,1,1,1,1,124.91058299929136,True,9,50.0,8,4,1,3,128,1,127,76
672,20.16667600000001,20.19667600000001,938,1,1,1,1,129.36162500045612,True,9,50.0,8,5,2,3,124,3,121,62
673,20.19667600000001,20.226676000000012,865,2,1,1,1,126.83279100019718,True,9,50.0,8,3,1,2,102,4,98,49
674,20.226676000000012,20.256676000000013,944,1,1,1,1,132.81033300154377,True,9,50.0,8,4,1,3,113,1,112,53
675,20.256676000000013,20.286676000000014,989,2,2,1,1,127.64254200010328,True,9,50.0,8,5,2,3,114,3,111,53
676,20.286676000000014,20.316676000000015,942,2,1,1,1,129.5492919998651,True,9,50.0,8,4,2,2,110,6,104,48
677,20.316676000000015,20.346676000000016,975,2,1,2,1,130.74254199818824,True,9,50.0,8,2,1,1,93,3,90,84
678,20.346676000000016,20.376676000000018,1019,1,1,1,1,127.63249999989057,True,9,50.0,8,2,1,1,94,2,92,60
679,20.376676000000018,20.40667600000002,1076,1,1,1,1,127.00029099869425,True,9,50.0,8,3,2,1,97,3,94,90
680,20.40667600000002,20.43667600000002,1152,2,1,2,1,126.90304200077662,True,9,50.0,8,5,4,1,112,15,97,109
681,20.43667600000002,20.46667600000002,1117,2,1,2,1,129.3508330018085,True,9,50.0,8,2,1,1,96,5,91,73
682,20.46667600000002,20.496676000000022,1160,2,1,1,1,128.10425000134273,True,9,50.0,8,5,3,2,105,9,96,76
683,20.496676000000022,20.526676000000023,1250,3,1,2,1,129.50454199744854,True,9,50.0,8,6,5,1,131,19,112,101
684,20.526676000000023,20.556676000000024,1000,3,3,3,1,128.62304100053734,True,9,50.0,8,7,4,3,116,9,107,93
685,20.556676000000024,20.586676000000026,965,2,2,2,1,130.17362500249874,True,9,50.0,8,4,2,2,60,7,53,63
686,20.586676000000026,20.616676000000027,1043,2,2,2,2,128.34737500088522,True,9,50.0,8,3,0,3,82,0,82,86
687,20.616676000000027,20.646676000000028,1036,2,2,2,2,128.21837500086986,True,9,50.0,8,3,0,3,97,0,97,45
688,20.646676000000028,20.67667600000003,997,2,2,2,2,130.84141699800966,True,9,50.0,8,3,1,2,75,1,74,86
689,20.67667600000003,20.70667600000003,1046,2,1,2,1,126.35800000134623,True,9,50.0,8,6,5,1,79,13,66,62
690,20.70667600000003,20.73667600000003,1166,3,2,2,2,125.60674999986077,True,9,50.0,8,4,2,2,91,6,85,71
691,20.73667600000003,20.766676000000032,1257,3,3,2,2,127.94058399958885,True,9,50.0,8,6,2,4,118,3,115,90
692,20.766676000000032,20.796676000000033,1297,3,3,3,2,128.73675000082585,True,9,50.0,8,5,2,3,134,4,130,110
693,20.796676000000033,20.826676000000035,1305,3,3,2,2,128.64491700020153,True,9,50.0,8,5,1,4,141,4,137,95
694,20.826676000000035,20.856676000000036,1156,3,3,2,2,129.59112500175252,True,9,50.0,8,4,0,4,128,0,128,114
695,20.856676000000036,20.886676000000037,1080,3,3,3,3,128.14866700136918,True,9,50.0,8,6,2,4,100,5,95,88
696,20.886676000000037,20.916676000000038,1004,3,3,3,3,128.59004200072377,True,9,50.0,8,6,1,5,124,2,122,72
697,20.916676000000038,20.94667600000004,951,3,1,3,1,125.44745800187229,True,9,50.0,8,7,6,1,74,19,55,73
698,20.94667600000004,20.97667600000004,908,1,1,1,1,125.8041660003073,True,9,50.0,8,4,2,2,80,3,77,51
699,20.97667600000004,21.00667600000004,854,2,1,2,1,125.8403330029978,True,9,50.0,8,3,2,1,57,5,52,83
700,21.00667600000004,21.036676000000043,954,2,1,2,1,123.49841700051911,True,9,50.0,8,6,5,1,70,18,52,67
701,21.036676000000043,21.066676000000044,1025,3,2,2,1,128.90887500179815,True,9,50.0,8,4,2,2,104,9,95,93
702,21.066676000000044,21.096676000000045,925,3,2,2,1,125.506749998749,True,9,50.0,8,7,4,3,62,18,44,65
703,21.096676000000045,21.126676000000046,904,2,2,2,2,123.58016699727159,True,9,50.0,8,6,2,4,60,3,57,62
704,21.126676000000046,21.156676000000047,892,3,2,2,1,125.68908400135115,True,9,50.0,8,9,6,3,68,15,53,111
705,21.156676000000047,21.18667600000005,937,3,2,3,1,126.67258399960701,True,9,50.0,8,9,6,3,71,22,49,86
706,21.18667600000005,21.21667600000005,937,3,3,2,3,125.77387499914039,True,9,50.0,8,7,2,5,79,4,75,75
707,21.21667600000005,21.24667600000005,980,3,2,3,2,125.11925000217161,True,9,50.0,8,8,5,3,68,21,47,69
708,21.24667600000005,21.27667600000005,986,3,3,3,3,127.36212500021793,True,9,50.0,8,6,1,5,85,1,84,74
709,21.27667600000005,21.306676000000053,933,3,2,3,2,126.02554100158159,True,9,50.0,8,8,3,5,88,12,76,55
710,21.306676000000053,21.336676000000054,990,3,4,3,3,126.04229200223926,True,9,50.0,8,9,4,5,76,9,67,60
711,21.336676000000054,21.366676000000055,1065,3,3,3,3,126.09687499934807,True,9,50.0,8,7,3,4,115,6,109,75
712,21.366676000000055,21.396676000000056,1108,3,3,3,3,125.09812499774853,True,9,50.0,8,5,2,3,84,2,82,80
713,21.396676000000056,21.426676000000057,1031,3,3,3,3,124.60899999859976,True,9,50.0,8,4,1,3,68,1,67,81
714,21.426676000000057,21.45667600000006,1168,3,3,3,3,125.73641700146254,True,9,50.0,8,6,3,3,99,5,94,153
715,21.45667600000006,21.48667600000006,1179,3,3,3,3,126.70133400024497,True,9,50.0,8,8,4,4,99,7,92,134
716,21.48667600000006,21.51667600000006,1240,3,3,3,3,126.49724999937462,True,9,50.0,8,7,4,3,102,19,83,102
717,21.51667600000006,21.546676000000062,1274,3,3,3,3,129.34095899981912,True,9,50.0,8,7,2,5,117,3,114,119
718,21.546676000000062,21.576676000000063,1257,3,3,3,3,129.29283300036332,True,9,50.0,8,9,6,3,129,14,115,161
719,21.576676000000063,21.606676000000064,1317,2,2,2,2,129.6644579997519,True,9,50.0,8,6,1,5,142,5,137,103
720,21.606676000000064,21.636676000000065,1455,3,3,3,3,134.8675409972202,True,9,50.0,8,9,2,7,179,10,169,113
721,21.636676000000065,21.666676000000066,1525,3,3,3,3,130.82754199785995,True,9,50.0,8,6,0,6,179,0,179,120
722,21.666676000000066,21.696676000000068,1556,3,3,3,3,126.61245799972676,True,9,50.0,8,7,3,4,166,9,157,125
723,21.696676000000068,21.72667600000007,1588,3,3,3,3,127.91274999835878,True,9,50.0,8,5,1,4,214,6,208,101
724,21.72667600000007,21.75667600000007,1612,3,3,3,3,127.71649999922374,True,9,50.0,8,10,1,9,234,1,233,119
725,21.75667600000007,21.78667600000007,1522,2,2,2,2,124.80225000035716,True,9,50.0,8,6,0,6,212,0,212,136
726,21.78667600000007,21.816676000000072,1440,3,3,3,3,127.63879199701478,True,9,50.0,8,8,3,5,204,12,192,76
727,21.816676000000072,21.846676000000073,1376,3,3,3,3,126.98341600116692,True,9,50.0,8,7,1,6,191,1,190,129
728,21.846676000000073,21.876676000000074,1278,4,3,3,2,127.49045800228487,True,9,50.0,8,11,6,5,145,20,125,114
729,21.876676000000074,21.906676000000076,1256,2,2,2,2,126.35704100102885,True,9,50.0,8,8,3,5,133,13,120,107
730,21.906676000000076,21.936676000000077,1089,2,2,2,2,126.14012500125682,True,9,50.0,8,6,3,3,111,13,98,90
731,21.936676000000077,21.966676000000078,1003,2,2,2,2,139.3679169996176,True,9,50.0,8,5,2,3,105,10,95,60
732,21.966676000000078,21.99667600000008,959,3,2,2,2,125.66891700043925,True,9,50.0,8,7,5,2,105,21,84,71
733,21.99667600000008,22.02667600000008,1050,3,3,2,2,125.57566600298742,True,9,50.0,8,5,1,4,116,4,112,70
734,22.02667600000008,22.05667600000008,1172,3,2,3,2,126.46508299803827,True,9,50.0,8,9,2,7,140,9,131,97
735,22.05667600000008,22.086676000000082,1296,4,3,2,2,128.40674999824842,True,9,50.0,8,7,3,4,168,9,159,91
736,22.086676000000082,22.116676000000083,1426,2,2,2,2,128.22474999848055,True,9,50.0,8,6,3,3,217,5,212,112
737,22.116676000000083,22.146676000000085,1565,2,2,2,2,128.30200000098557,True,9,50.0,8,6,4,2,234,13,221,151
738,22.146676000000085,22.176676000000086,1667,2,2,2,2,127.06041699857451,True,9,50.0,8,8,5,3,255,24,231,132
739,22.176676000000086,22.206676000000087,1806,4,2,2,2,125.35116699655191,True,9,50.0,8,11,6,5,283,19,264,150
740,22.206676000000087,22.236676000000088,2050,3,2,2,2,125.33995800185949,True,9,50.0,8,10,6,4,290,16,274,130
741,22.236676000000088,22.26667600000009,2066,3,3,2,2,126.44120899858535,True,9,50.0,8,9,1,8,318,2,316,129
742,22.26667600000009,22.29667600000009,1983,4,4,3,2,127.29241700071725,True,9,50.0,8,12,6,6,287,7,280,153
743,22.29667600000009,22.32667600000009,2077,3,3,3,3,125.53908400150249,True,9,50.0,8,10,6,4,264,21,243,173
744,22.32667600000009,22.356676000000093,2729,3,2,3,2,125.64225000096485,True,9,50.0,8,8,6,2,288,19,269,174
745,22.356676000000093,22.386676000000094,1825,2,2,2,2,126.0412500014354,True,9,50.0,8,8,3,5,257,3,254,172
746,22.386676000000094,22.416676000000095,1671,2,1,2,1,125.96120899979724,True,9,50.0,8,7,5,2,268,19,249,162
747,22.416676000000095,22.446676000000096,1675,2,2,2,2,125.44779199743061,True,9,50.0,8,9,5,4,250,20,230,165
748,22.446676000000096,22.476676000000097,1544,2,2,2,2,127.00754199977382,True,9,50.0,8,8,4,4,218,5,213,163
749,22.476676000000097,22.5066760000001,1782,2,2,2,2,126.14916600068682,True,9,50.0,8,6,4,2,271,6,265,192
750,22.5066760000001,22.5366760000001,2020,3,2,2,2,127.05408399779117,True,9,50.0,8,10,8,2,288,13,275,253
751,22.5366760000001,22.5666760000001,1827,3,2,2,2,126.52241599789704,True,9,50.0,8,9,7,2,269,19,250,177
752,22.5666760000001,22.5966760000001,1774,3,3,2,2,127.21950000195648,True,9,50.0,8,8,4,4,263,8,255,171
753,22.5966760000001,22.626676000000103,1792,3,2,2,2,126.22445799934212,True,9,50.0,8,5,3,2,255,11,244,159
754,22.626676000000103,22.656676000000104,1529,3,3,2,2,127.02250000074855,True,9,50.0,8,10,5,5,228,12,216,143
755,22.656676000000104,22.686676000000105,1421,3,3,1,2,127.27479200111702,True,9,50.0,8,8,3,5,205,10,195,151
756,22.686676000000105,22.716676000000106,1317,3,2,2,2,126.67700000019977,True,9,50.0,8,8,6,2,198,29,169,162
757,22.716676000000106,22.746676000000107,1319,3,2,3,2,125.17025000124704,True,9,50.0,8,9,7,2,186,32,154,130
758,22.746676000000107,22.77667600000011,1376,3,3,3,2,128.17937500221888,True,9,50.0,8,11,5,6,180,14,166,157
759,22.77667600000011,22.80667600000011,1366,3,3,3,3,128.62233399937395,True,9,50.0,8,12,6,6,165,10,155,152
760,22.80667600000011,22.83667600000011,1272,4,2,3,2,126.94025000018883,True,9,50.0,8,11,7,4,134,30,104,153
761,22.83667600000011,22.866676000000112,1178,3,3,2,2,127.71637499827193,True,9,50.0,8,6,1,5,98,4,94,113
762,22.866676000000112,22.896676000000113,1070,3,2,3,2,126.59970799722942,True,9,50.0,8,9,6,3,55,18,37,109
763,22.896676000000113,22.926676000000114,1037,3,3,2,2,126.62837499738089,True,9,50.0,8,11,8,3,61,27,34,137
764,22.926676000000114,22.956676000000115,1096,3,3,3,2,127.64837500071735,True,9,50.0,8,6,2,4,87,2,85,117
765,22.956676000000115,22.986676000000116,1094,3,3,3,2,126.53783299901988,True,9,50.0,8,10,6,4,59,9,50,135
766,22.986676000000116,23.016676000000118,1102,4,1,4,1,124.42504100181395,True,9,50.0,8,8,7,1,39,19,20,120
767,23.016676000000118,23.04667600000012,1089,4,2,4,2,126.38637499912875,True,9,50.0,8,16,14,2,73,47,26,167
768,23.04667600000012,23.07667600000012,1161,4,2,4,1,125.16300000061165,True,9,50.0,8,12,8,4,104,30,74,108
769,23.07667600000012,23.10667600000012,1178,3,3,3,2,127.25679200229933,True,9,50.0,8,13,9,4,104,23,81,134
770,23.10667600000012,23.136676000000122,1190,4,3,4,2,125.70804099959787,True,9,50.0,8,15,11,4,97,27,70,167
771,23.136676000000122,23.166676000000123,1170,2,0,2,0,129.01124999916647,True,9,50.0,8,10,8,2,91,27,64,127
772,23.166676000000123,23.196676000000124,1248,3,3,3,2,130.85470899750362,True,9,50.0,8,7,3,4,116,11,105,149
773,23.196676000000124,23.226676000000126,1275,3,3,3,2,129.7041249999893,True,9,50.0,8,6,2,4,128,10,118,130
774,23.226676000000126,23.256676000000127,1232,3,3,3,3,137.97512499877485,True,9,50.0,8,5,1,4,151,1,150,95
775,23.256676000000127,23.286676000000128,1278,3,2,3,2,156.91895900090458,True,9,50.0,8,10,5,5,144,24,120,131
776,23.286676000000128,23.31667600000013,1351,2,2,2,2,147.30745799897704,True,9,50.0,8,10,3,7,168,5,163,115
777,23.31667600000013,23.34667600000013,1359,2,2,2,2,127.12716600071872,True,9,50.0,8,6,2,4,168,3,165,111
778,23.34667600000013,23.37667600000013,1408,2,2,2,2,128.91966700044577,True,9,50.0,8,7,4,3,178,8,170,149
779,23.37667600000013,23.406676000000132,1505,2,2,2,2,128.0973749999248,True,9,50.0,8,10,6,4,188,10,178,159
780,23.406676000000132,23.436676000000134,1455,2,2,2,2,128.72733300173422,True,9,50.0,8,7,4,3,193,10,183,91
781,23.436676000000134,23.466676000000135,1474,2,2,2,2,127.69279100029962,True,9,50.0,8,6,2,4,186,3,183,121
782,23.466676000000135,23.496676000000136,1470,2,2,2,2,127.07629199940129,True,9,50.0,8,6,3,3,186,6,180,90
783,23.496676000000136,23.526676000000137,1608,2,2,2,2,126.91612500202609,True,9,50.0,8,4,1,3,201,2,199,113
784,23.526676000000137,23.556676000000138,1969,2,2,2,2,128.00204099767143,True,9,50.0,8,5,1,4,214,5,209,144
785,23.556676000000138,23.58667600000014,1842,2,2,2,2,126.08387499858509,True,9,50.0,8,6,2,4,224,5,219,106
786,23.58667600000014,23.61667600000014,1726,2,2,2,2,147.70899999712128,True,9,50.0,8,5,0,5,219,0,219,146
787,23.61667600000014,23.64667600000014,1579,2,2,2,2,143.56108299762127,True,9,50.0,8,7,3,4,201,4,197,148
788,23.64667600000014,23.676676000000143,1529,3,2,2,2,136.58508300068206,True,9,50.0,8,7,3,4,171,7,164,125
789,23.676676000000143,23.706676000000144,1521,3,2,2,2,155.88433400262147,True,9,50.0,8,10,5,5,191,14,177,174
790,23.706676000000144,23.736676000000145,1136,3,3,3,2,138.0520839993551,True,9,50.0,8,11,7,4,156,11,145,137
791,23.736676000000145,23.766676000000146,1334,3,2,3,2,141.44283299901872,True,9,50.0,8,10,6,4,109,25,84,154
792,23.766676000000146,23.796676000000147,1310,2,3,2,2,130.42624999798136,True,9,50.0,8,7,4,3,118,16,102,120
793,23.796676000000147,23.82667600000015,1048,2,2,2,2,132.0618329991703,True,9,50.0,8,5,2,3,108,4,104,95
794,23.82667600000015,23.85667600000015,929,1,1,1,1,133.02329200087115,True,9,50.0,8,5,4,1,63,14,49,97
795,23.85667600000015,23.88667600000015,968,2,2,2,2,128.80854100149008,True,9,50.0,8,6,3,3,68,6,62,88
796,23.88667600000015,23.91667600000015,1005,1,1,1,1,128.87408300230163,True,9,50.0,8,3,1,2,78,1,77,77
797,23.91667600000015,23.946676000000153,1013,2,2,1,1,126.69270900005358,True,9,50.0,8,6,4,2,79,9,70,101
798,23.946676000000153,23.976676000000154,1061,3,2,2,2,128.37641699661617,True,9,50.0,8,10,6,4,91,13,78,103
799,23.976676000000154,24.006676000000155,1118,2,2,2,2,130.0364169983368,True,9,50.0,8,5,3,2,75,4,71,122
800,24.006676000000155,24.036676000000156,1234,3,2,2,2,128.27937499969266,True,9,50.0,8,5,3,2,84,14,70,155
801,24.036676000000156,24.066676000000157,1322,3,3,2,2,129.3472910001583,True,9,50.0,8,9,4,5,136,9,127,139
802,24.066676000000157,24.09667600000016,1365,3,3,3,2,131.7820420008502,True,9,50.0,8,6,2,4,141,6,135,159
803,24.09667600000016,24.12667600000016,1407,3,3,3,3,132.98795800074004,True,9,50.0,8,7,3,4,131,5,126,135
804,24.12667600000016,24.15667600000016,1404,3,3,3,3,130.36674999966635,True,9,50.0,8,6,2,4,127,3,124,140
805,24.15667600000016,24.186676000000162,1491,3,3,3,3,141.24070799880428,True,9,50.0,8,4,1,3,163,1,162,97
806,24.186676000000162,24.216676000000163,1585,3,3,3,3,133.41399999990244,True,9,50.0,8,8,5,3,151,8,143,149
807,24.216676000000163,24.246676000000164,1735,4,3,3,3,129.65633299972978,True,9,50.0,8,10,7,3,188,16,172,138
808,24.246676000000164,24.276676000000165,1913,4,3,3,3,129.34295800005202,True,9,50.0,8,10,7,3,186,9,177,228
809,24.276676000000165,24.306676000000166,1798,3,3,3,3,129.5219999992696,True,9,50.0,8,8,5,3,175,14,161,193
810,24.306676000000166,24.336676000000168,1832,4,3,4,3,131.37212499714224,True,9,50.0,8,11,7,4,206,15,191,261
811,24.336676000000168,24.36667600000017,1896,4,3,3,3,154.88641599949915,True,9,50.0,8,8,3,5,182,7,175,209
812,24.36667600000017,24.39667600000017,1851,4,3,3,3,138.23416700324742,True,9,50.0,8,8,5,3,184,14,170,209
813,24.39667600000017,24.42667600000017,1820,3,3,3,3,140.39012500143144,True,9,50.0,8,11,7,4,202,9,193,204
814,24.42667600000017,24.456676000000172,1907,3,2,3,2,155.3472919986234,True,9,50.0,8,4,2,2,181,10,171,180
815,24.456676000000172,24.486676000000173,1829,3,3,3,3,152.6289169996744,True,9,50.0,8,4,1,3,176,2,174,177
816,24.486676000000173,24.516676000000174,1650,2,2,2,2,133.60941700011608,True,9,50.0,8,8,4,4,185,10,175,99
817,24.516676000000174,24.546676000000176,1769,3,2,2,2,131.44029199975193,True,9,50.0,8,10,6,4,173,16,157,151
818,24.546676000000176,24.576676000000177,1854,2,2,2,2,130.06279199908022,True,9,50.0,8,5,2,3,156,7,149,162
819,24.576676000000177,24.606676000000178,1885,2,2,2,2,135.92924999829847,True,9,50.0,8,4,1,3,186,7,179,99
820,24.606676000000178,24.63667600000018,2000,2,2,2,2,168.97341599906213,True,9,50.0,8,5,0,5,205,0,205,72
821,24.63667600000018,24.66667600000018,1991,3,3,2,2,136.35591700221994,True,9,50.0,8,6,1,5,239,8,231,77
822,24.66667600000018,24.69667600000018,2072,3,3,2,2,132.61087499995483,True,9,50.0,8,6,1,5,238,2,236,74
823,24.69667600000018,24.726676000000182,2167,3,3,3,3,130.63154200062854,True,9,50.0,8,4,0,4,254,0,254,106
824,24.726676000000182,24.756676000000184,1819,3,3,3,3,137.13470899892855,True,9,50.0,8,5,1,4,175,3,172,65
825,24.756676000000184,24.786676000000185,1637,2,2,2,2,128.04883300123038,True,9,50.0,8,3,0,3,160,0,160,73
826,24.786676000000185,24.816676000000186,1638,2,2,2,2,128.35483299932093,True,9,50.0,8,5,1,4,162,4,158,79
827,24.816676000000186,24.846676000000187,1663,2,2,2,2,127.40233300064574,True,9,50.0,8,5,2,3,153,3,150,81
828,24.846676000000187,24.876676000000188,1693,2,2,2,2,128.64712499867892,True,9,50.0,8,6,2,4,186,6,180,52
829,24.876676000000188,24.90667600000019,1678,2,2,2,2,127.78795899794204,True,9,50.0,8,3,0,3,180,0,180,74
830,24.90667600000019,24.93667600000019,1714,2,2,2,2,128.6906249988533,True,9,50.0,8,6,2,4,179,6,173,58
831,24.93667600000019,24.96667600000019,1777,2,2,2,2,127.70612500025891,True,9,50.0,8,3,0,3,179,0,179,63
832,24.96667600000019,24.996676000000193,1842,2,2,2,2,128.469415998552,True,9,50.0,8,3,0,3,166,0,166,78
833,24.996676000000193,25.026676000000194,1887,2,2,2,2,129.71245799781173,True,9,50.0,8,4,1,3,172,3,169,95
834,25.026676000000194,25.056676000000195,1813,2,2,2,2,128.92925000051036,True,9,50.0,8,3,0,3,164,0,164,81
835,25.056676000000195,25.086676000000196,1909,2,2,2,2,127.39962500199908,True,9,50.0,8,6,3,3,177,5,172,80
836,25.086676000000196,25.116676000000197,1898,2,1,2,1,127.5798329988902,True,9,50.0,8,6,3,3,173,11,162,62
837,25.116676000000197,25.1466760000002,1953,2,2,2,2,127.60341700050049,True,9,50.0,8,4,0,4,182,0,182,78
838,25.1466760000002,25.1766760000002,1937,2,1,2,1,126.69416600328987,True,9,50.0,8,4,2,2,175,13,162,57
839,25.1766760000002,25.2066760000002,1989,2,1,2,1,129.1727499992703,True,9,50.0,8,5,3,2,169,10,159,75
840,25.2066760000002,25.2366760000002,2143,2,2,2,2,129.12795900047058,True,9,50.0,8,3,0,3,195,0,195,56
841,25.2366760000002,25.266676000000203,2349,2,2,2,2,128.30525000026682,True,9,50.0,8,4,0,4,213,0,213,71
842,25.266676000000203,25.296676000000204,2347,2,2,2,2,128.61579200034612,True,9,50.0,8,4,1,3,195,8,187,52
843,25.296676000000204,25.326676000000205,2178,2,2,2,2,129.70099999802187,True,9,50.0,8,4,1,3,180,4,176,71
844,25.326676000000205,25.356676000000206,2464,3,3,2,2,128.4637919998204,True,9,50.0,8,5,2,3,186,5,181,67
845,25.356676000000206,25.386676000000207,2279,2,2,1,1,132.64308300131233,True,9,50.0,8,4,1,3,193,1,192,65
846,25.386676000000207,25.41667600000021,2343,2,2,2,2,128.64499999705004,True,9,50.0,8,6,1,5,185,1,184,86
847,25.41667600000021,25.44667600000021,2336,3,3,2,2,129.39487500261748,True,9,50.0,8,5,1,4,174,5,169,68
848,25.44667600000021,25.47667600000021,2305,3,3,1,1,129.40399999934016,True,9,50.0,8,5,0,5,195,0,195,70
849,25.47667600000021,25.506676000000212,2361,2,2,2,2,127.55070799903478,True,9,50.0,8,5,1,4,200,2,198,74
850,25.506676000000212,25.536676000000213,2430,3,3,2,2,128.6450830011745,True,9,50.0,8,5,1,4,171,8,163,89
851,25.536676000000213,25.566676000000214,2377,2,2,1,1,128.1912909980747,True,9,50.0,8,5,2,3,188,7,181,64
852,25.566676000000214,25.596676000000215,2312,2,1,2,1,127.46387500010314,True,9,50.0,8,4,2,2,171,6,165,78
853,25.596676000000215,25.626676000000217,2368,1,1,1,1,126.46633300028043,True,9,50.0,8,7,4,3,169,5,164,65
854,25.626676000000217,25.656676000000218,2368,3,2,2,1,127.44274999931804,True,9,50.0,8,5,2,3,200,8,192,104
855,25.656676000000218,25.68667600000022,2541,2,2,1,1,127.28587500168942,True,9,50.0,8,6,2,4,206,5,201,66
856,25.68667600000022,25.71667600000022,2514,2,1,2,1,126.82950000089477,True,9,50.0,8,9,6,3,201,18,183,79
857,25.71667600000022,25.74667600000022,2410,1,1,1,1,130.06079199840315,True,9,50.0,8,4,1,3,210,2,208,89
858,25.74667600000022,25.776676000000222,2576,2,1,1,1,128.34654199832585,True,9,50.0,8,5,1,4,205,4,201,64
859,25.776676000000222,25.806676000000223,2421,1,1,1,1,127.976874999149,True,9,50.0,8,4,1,3,214,5,209,65
860,25.806676000000223,25.836676000000224,2510,1,1,1,1,127.41470900073182,True,9,50.0,8,7,3,4,199,5,194,68
861,25.836676000000224,25.866676000000226,2481,1,1,1,1,127.89670799975283,True,9,50.0,8,6,2,4,205,4,201,70
862,25.866676000000226,25.896676000000227,2383,1,1,1,1,129.1410409976379,True,9,50.0,8,8,3,5,214,3,211,81
863,25.896676000000227,25.926676000000228,2516,1,1,1,1,128.7270000029821,True,9,50.0,8,3,1,2,196,1,195,94
864,25.926676000000228,25.95667600000023,2465,2,1,1,1,129.62104200050817,True,9,50.0,8,6,1,5,214,3,211,103
865,25.95667600000023,25.98667600000023,2502,1,1,1,1,129.22391699976288,True,9,50.0,8,6,2,4,195,2,193,73
866,25.98667600000023,26.01667600000023,2468,1,1,1,1,129.21375000223634,True,9,50.0,8,4,1,3,201,1,200,67
867,26.01667600000023,26.046676000000232,2515,3,1,1,1,127.98854200082133,True,9,50.0,8,9,6,3,201,13,188,121
868,26.046676000000232,26.076676000000234,2536,2,1,1,1,127.2856249997858,True,9,50.0,8,6,2,4,217,4,213,98
869,26.076676000000234,26.106676000000235,2504,1,1,1,1,126.62095799896633,True,9,50.0,8,6,3,3,222,5,217,103
870,26.106676000000235,26.136676000000236,2512,2,1,1,1,127.6272909999534,True,9,50.0,8,7,2,5,220,4,216,74
871,26.136676000000236,26.166676000000237,2539,2,1,2,1,127.38783399981912,True,9,50.0,8,7,3,4,224,11,213,104
872,26.166676000000237,26.196676000000238,2375,3,2,2,1,127.89537499702419,True,9,50.0,8,5,1,4,210,3,207,71
873,26.196676000000238,26.22667600000024,2179,2,1,2,1,129.18962500043563,True,9,50.0,8,6,2,4,189,5,184,81
874,26.22667600000024,26.25667600000024,2103,2,2,2,1,131.08125000144355,True,9,50.0,8,5,1,4,188,7,181,81
875,26.25667600000024,26.28667600000024,1932,1,1,1,1,127.5677910016384,True,9,50.0,8,7,4,3,166,11,155,73
876,26.28667600000024,26.316676000000243,1870,2,2,2,2,128.06579199968837,True,9,50.0,8,9,5,4,157,15,142,115
877,26.316676000000243,26.346676000000244,1759,2,1,2,1,127.40641699929256,True,9,50.0,8,5,2,3,142,9,133,121
878,26.346676000000244,26.376676000000245,1545,3,2,2,1,127.73133299924666,True,9,50.0,8,9,4,5,139,14,125,101
879,26.376676000000245,26.406676000000246,1450,3,1,2,1,127.5002910006151,True,9,50.0,8,8,5,3,104,20,84,107
880,26.406676000000246,26.436676000000247,1357,3,1,3,1,127.06600000092294,True,9,50.0,8,11,9,2,106,26,80,80
881,26.436676000000247,26.46667600000025,1368,3,1,3,1,127.36937500085332,True,9,50.0,8,9,6,3,102,24,78,113
882,26.46667600000025,26.49667600000025,1320,2,1,2,1,127.97933399997419,True,9,50.0,8,8,5,3,103,17,86,95
883,26.49667600000025,26.52667600000025,1327,4,4,3,1,130.87375000031898,True,9,50.0,8,9,3,6,127,4,123,53
884,26.52667600000025,26.55667600000025,1299,3,2,3,1,128.66025000039372,True,9,50.0,8,10,5,5,126,20,106,99
885,26.55667600000025,26.586676000000253,1353,3,2,3,2,128.58395900184405,True,9,50.0,8,7,3,4,133,9,124,81
886,26.586676000000253,26.616676000000254,1258,2,2,2,2,127.37429199842154,True,9,50.0,8,8,4,4,133,16,117,81
887,26.616676000000254,26.646676000000255,1333,2,1,2,1,127.33116600065841,True,9,50.0,8,8,4,4,111,15,96,136
888,26.646676000000255,26.676676000000256,1309,3,1,3,1,127.13370799974655,True,9,50.0,8,9,6,3,138,24,114,114
889,26.676676000000256,26.706676000000257,1263,2,2,2,2,127.88908299989998,True,9,50.0,8,5,1,4,140,2,138,81
890,26.706676000000257,26.73667600000026,1372,2,1,2,1,127.77204099984374,True,9,50.0,8,10,7,3,159,18,141,108
891,26.73667600000026,26.76667600000026,1315,2,1,2,1,127.8228749979462,True,9,50.0,8,7,3,4,137,6,131,77
892,26.76667600000026,26.79667600000026,1424,3,2,1,1,128.4972920002474,True,9,50.0,8,4,2,2,158,9,149,82
893,26.79667600000026,26.826676000000262,1423,4,2,2,1,126.66454200007138,True,9,50.0,8,8,5,3,155,14,141,85
894,26.826676000000262,26.856676000000263,1450,4,2,2,1,128.14595900272252,True,9,50.0,8,8,5,3,178,19,159,106
895,26.856676000000263,26.886676000000264,1562,3,3,2,1,128.26187500104425,True,9,50.0,8,9,4,5,195,13,182,117
896,26.886676000000264,26.916676000000265,1736,3,3,2,2,128.16420799936168,True,9,50.0,8,9,4,5,188,10,178,115
897,26.916676000000265,26.946676000000267,1838,3,2,3,2,133.56745800047065,True,9,50.0,8,13,9,4,199,16,183,130
898,26.946676000000267,26.976676000000268,1889,3,2,3,2,130.7219170012104,True,9,50.0,8,11,7,4,193,17,176,133
899,26.976676000000268,27.00667600000027,1921,2,2,2,2,128.32929100113688,True,9,50.0,8,7,4,3,197,6,191,102
900,27.00667600000027,27.03667600000027,2051,4,2,3,2,127.90141699952073,True,9,50.0,8,6,3,3,218,12,206,108
901,27.03667600000027,27.06667600000027,2123,4,2,3,2,129.1682920018502,True,9,50.0,8,9,6,3,230,21,209,107
902,27.06667600000027,27.096676000000272,2209,4,1,4,1,128.6063749976165,True,9,50.0,8,9,6,3,247,24,223,77
903,27.096676000000272,27.126676000000273,2111,3,2,2,2,127.5370830007887,True,9,50.0,8,11,8,3,241,21,220,102
904,27.126676000000273,27.156676000000274,2150,2,2,2,2,131.1217089969432,True,9,50.0,8,6,3,3,212,5,207,101
905,27.156676000000274,27.186676000000276,2131,2,2,2,2,127.98537499838858,True,9,50.0,8,4,1,3,222,2,220,120
906,27.186676000000276,27.216676000000277,2048,2,2,2,2,128.0924579987186,True,9,50.0,8,5,2,3,216,4,212,74
907,27.216676000000277,27.246676000000278,2043,2,1,2,1,129.04145900029107,True,9,50.0,8,6,4,2,212,12,200,81
908,27.246676000000278,27.27667600000028,2063,3,1,2,1,128.9653339990764,True,9,50.0,8,4,2,2,203,9,194,75
909,27.27667600000028,27.30667600000028,1986,3,3,2,2,128.75679200078594,True,9,50.0,8,5,1,4,207,2,205,86
910,27.30667600000028,27.33667600000028,2002,3,3,3,2,127.97933299953002,True,9,50.0,8,5,0,5,228,0,228,71
911,27.33667600000028,27.366676000000282,1940,3,2,3,2,128.26000000131899,True,9,50.0,8,5,1,4,220,7,213,91
912,27.366676000000282,27.396676000000284,1882,2,2,2,2,127.90716699964833,True,9,50.0,8,6,3,3,193,8,185,92
913,27.396676000000284,27.426676000000285,1858,2,2,2,2,128.05587500042748,True,9,50.0,8,5,1,4,200,5,195,74
914,27.426676000000285,27.456676000000286,1804,3,3,2,2,128.60108299719286,True,9,50.0,8,7,2,5,199,5,194,83
915,27.456676000000286,27.486676000000287,1721,3,1,2,1,126.16245800018078,True,9,50.0,8,6,4,2,169,9,160,86
916,27.486676000000287,27.516676000000288,1655,2,1,1,1,126.21220799701405,True,9,50.0,8,4,2,2,150,5,145,82
917,27.516676000000288,27.54667600000029,1698,2,1,1,1,126.65879199994379,True,9,50.0,8,7,3,4,179,14,165,78
918,27.54667600000029,27.57667600000029,1749,2,2,1,1,127.71566700030235,True,9,50.0,8,7,2,5,193,5,188,56
919,27.57667600000029,27.60667600000029,1490,1,1,1,1,126.08779199945275,True,9,50.0,8,3,1,2,128,2,126,64
920,27.60667600000029,27.636676000000293,1494,1,1,1,1,126.20037500164472,True,9,50.0,8,2,0,2,124,0,124,76
921,27.636676000000293,27.666676000000294,1544,2,1,1,1,126.96258299911278,True,9,50.0,8,4,2,2,123,7,116,63
922,27.666676000000294,27.696676000000295,1541,2,2,1,1,127.53512500057695,True,9,50.0,8,4,1,3,129,1,128,67
923,27.696676000000295,27.726676000000296,1520,3,3,2,1,128.78262500089477,True,9,50.0,8,5,1,4,136,4,132,88
924,27.726676000000296,27.756676000000297,1502,2,2,1,1,128.9356660017802,True,9,50.0,8,7,2,5,151,6,145,63
925,27.756676000000297,27.7866760000003,1439,3,3,2,2,128.0914999988454,True,9,50.0,8,9,4,5,144,7,137,103
926,27.7866760000003,27.8166760000003,1232,3,1,1,1,126.385791998473,True,9,50.0,8,13,7,6,118,23,95,83
927,27.8166760000003,27.8466760000003,1192,2,1,1,1,126.1217499995837,True,9,50.0,8,8,5,3,84,13,71,75
928,27.8466760000003,27.8766760000003,1063,2,2,2,1,128.6061669998162,True,9,50.0,8,5,1,4,80,1,79,60
929,27.8766760000003,27.906676000000303,979,2,1,2,1,126.81991700083017,True,9,50.0,8,7,4,3,66,8,58,72
930,27.906676000000303,27.936676000000304,1066,2,1,2,1,126.14970800132141,True,9,50.0,8,7,4,3,67,11,56,70
931,27.936676000000304,27.966676000000305,962,1,1,1,1,126.49695799700567,True,9,50.0,8,5,3,2,69,5,64,73
932,27.966676000000305,27.996676000000306,936,1,1,1,1,127.00470900017535,True,9,50.0,8,4,2,2,77,8,69,86
933,27.996676000000306,28.026676000000307,891,1,1,1,1,125.38370800029952,True,9,50.0,8,4,2,2,69,5,64,67
934,28.026676000000307,28.05667600000031,986,1,1,1,1,126.83583400212228,True,9,50.0,8,6,4,2,80,7,73,90
935,28.05667600000031,28.08667600000031,915,1,1,1,1,126.67029200019897,True,9,50.0,8,6,4,2,76,5,71,101
936,28.08667600000031,28.11667600000031,971,1,1,1,1,126.93620899881353,True,9,50.0,8,8,5,3,73,9,64,116
937,28.11667600000031,28.146676000000312,825,1,1,1,1,126.81516600059695,True,9,50.0,8,7,5,2,67,10,57,88
938,28.146676000000312,28.176676000000313,865,1,1,1,1,129.72625000111293,True,9,50.0,8,5,2,3,71,7,64,68
939,28.176676000000313,28.206676000000314,782,1,1,1,1,128.7480829996639,True,9,50.0,8,10,6,4,81,13,68,65
940,28.206676000000314,28.236676000000315,860,1,1,1,1,126.88570899990737,True,9,50.0,8,5,3,2,72,7,65,67
941,28.236676000000315,28.266676000000317,803,1,1,1,1,127.89733300087391,True,9,50.0,8,3,1,2,57,3,54,52
942,28.266676000000317,28.296676000000318,982,1,1,1,1,128.06075000116834,True,9,50.0,8,6,4,2,66,7,59,86
943,28.296676000000318,28.32667600000032,925,2,1,1,1,128.58779200178105,True,9,50.0,8,9,7,2,71,22,49,126
944,28.32667600000032,28.35667600000032,984,3,2,1,1,127.94550000035088,True,9,50.0,8,9,6,3,93,18,75,100
945,28.35667600000032,28.38667600000032,1020,2,2,2,1,128.92912499955855,True,9,50.0,8,8,4,4,97,17,80,110
946,28.38667600000032,28.416676000000322,1092,3,2,2,2,128.8431249995483,True,9,50.0,8,10,7,3,97,13,84,114
947,28.416676000000322,28.446676000000323,987,2,2,2,1,129.11583399909432,True,9,50.0,8,9,6,3,92,12,80,93
948,28.446676000000323,28.476676000000325,886,2,1,2,1,127.43520799995167,True,9,50.0,8,10,8,2,62,17,45,102
949,28.476676000000325,28.506676000000326,807,2,1,1,1,126.20920799963642,True,9,50.0,8,8,6,2,75,15,60,85
950,28.506676000000326,28.536676000000327,891,2,2,2,2,128.02458400256,True,9,50.0,8,6,3,3,69,9,60,44
951,28.536676000000327,28.566676000000328,864,2,1,2,1,127.53816699841991,True,9,50.0,8,9,7,2,60,24,36,115
952,28.566676000000328,28.59667600000033,755,2,1,2,1,128.7205839980743,True,9,50.0,8,6,4,2,64,16,48,48
953,28.59667600000033,28.62667600000033,760,2,1,2,1,130.3197499983071,True,9,50.0,8,6,4,2,59,14,45,68
954,28.62667600000033,28.65667600000033,732,1,1,1,1,129.20329200278502,True,9,50.0,8,5,3,2,56,6,50,35
955,28.65667600000033,28.686676000000332,758,1,1,1,1,127.85783300205367,True,9,50.0,8,3,1,2,54,1,53,41
956,28.686676000000332,28.716676000000334,731,1,1,1,1,127.2169159965415,True,9,50.0,8,4,2,2,45,2,43,94
957,28.716676000000334,28.746676000000335,820,1,1,1,1,126.12033299956238,True,9,50.0,8,4,0,4,54,0,54,49
958,28.746676000000335,28.776676000000336,812,2,1,1,1,126.64433299869415,True,9,50.0,8,7,4,3,59,8,51,71
959,28.776676000000336,28.806676000000337,872,2,1,1,1,125.9157079985016,True,9,50.0,8,5,3,2,38,8,30,73
960,28.806676000000337,28.836676000000338,849,1,1,1,1,127.79933300043922,True,9,50.0,8,3,0,3,37,0,37,66
961,28.836676000000338,28.86667600000034,847,3,1,2,1,127.43195900111459,True,9,50.0,8,6,4,2,68,14,54,70
962,28.86667600000034,28.89667600000034,890,3,1,2,1,127.75904199952492,True,9,50.0,8,6,4,2,69,16,53,97
963,28.89667600000034,28.92667600000034,777,2,2,2,1,127.69604099958087,True,9,50.0,8,7,4,3,68,7,61,76
964,28.92667600000034,28.956676000000343,849,3,2,2,1,127.87245800063829,True,9,50.0,8,12,7,5,75,12,63,86
965,28.956676000000343,28.986676000000344,886,3,2,3,2,127.43658299950766,True,9,50.0,8,8,5,3,70,10,60,132
966,28.986676000000344,29.016676000000345,932,3,2,2,2,126.53250000221306,True,9,50.0,8,8,4,4,64,8,56,130
967,29.016676000000345,29.046676000000346,924,2,2,2,2,127.51091600148357,True,9,50.0,8,6,3,3,56,7,49,113
968,29.046676000000346,29.076676000000347,994,2,2,2,2,128.2067920001282,True,9,50.0,8,8,5,3,63,7,56,80
969,29.076676000000347,29.10667600000035,1192,2,2,2,2,127.76862499958952,True,9,50.0,8,9,2,7,109,4,105,95
970,29.10667600000035,29.13667600000035,1125,2,2,2,2,128.56420900061494,True,9,50.0,8,6,3,3,110,7,103,64
971,29.13667600000035,29.16667600000035,945,2,2,2,2,127.5402910032426,True,9,50.0,8,8,3,5,92,6,86,79
972,29.16667600000035,29.196676000000352,1014,3,2,2,2,128.2171249986277,True,9,50.0,8,7,3,4,91,13,78,110
973,29.196676000000352,29.226676000000353,1271,3,3,2,2,126.61095800285693,True,9,50.0,8,10,4,6,123,12,111,92
974,29.226676000000353,29.256676000000354,1252,3,2,3,2,125.31116700120037,True,9,50.0,8,11,7,4,116,28,88,113
975,29.256676000000354,29.286676000000355,1274,4,4,3,2,127.424999998766,True,9,50.0,8,8,3,5,145,6,139,99
976,29.286676000000355,29.316676000000356,1439,4,4,3,3,131.94579199989676,True,9,50.0,8,10,3,7,150,5,145,93
977,29.316676000000356,29.346676000000357,1361,4,4,4,3,128.240582998842,True,9,50.0,8,6,1,5,153,7,146,99
978,29.346676000000357,29.37667600000036,1344,4,3,4,2,128.4615419972397,True,9,50.0,8,7,1,6,150,8,142,94
979,29.37667600000036,29.40667600000036,1182,3,3,3,1,127.55591699897195,True,9,50.0,8,7,1,6,139,5,134,88
980,29.40667600000036,29.43667600000036,1253,3,2,3,2,127.5704580002639,True,9,50.0,8,11,7,4,134,14,120,112
981,29.43667600000036,29.466676000000362,1302,3,3,3,3,134.1905829976895,True,9,50.0,8,9,5,4,134,9,125,117
982,29.466676000000362,29.496676000000363,1192,3,3,3,3,129.9451249979029,True,9,50.0,8,8,3,5,137,11,126,79
983,29.496676000000363,29.526676000000364,1089,3,3,3,3,129.13887500326382,True,9,50.0,8,4,1,3,136,2,134,90
984,29.526676000000364,29.556676000000365,1093,3,2,3,2,129.54637499933597,True,9,50.0,8,6,3,3,119,10,109,84
985,29.556676000000365,29.586676000000367,1159,2,2,2,2,128.03483300012886,True,9,50.0,8,7,4,3,142,11,131,55
986,29.586676000000367,29.616676000000368,1247,3,2,3,2,128.33204100024886,True,9,50.0,8,6,2,4,149,10,139,118
987,29.616676000000368,29.64667600000037,1279,3,3,3,2,129.02541699804715,True,9,50.0,8,8,2,6,167,4,163,104
988,29.64667600000037,29.67667600000037,1199,3,3,3,2,129.51049999901443,True,9,50.0,8,11,5,6,155,17,138,114
989,29.67667600000037,29.70667600000037,1179,3,3,3,2,129.395083997224,True,9,50.0,8,5,1,4,118,1,117,99
990,29.70667600000037,29.736676000000372,1137,2,2,2,2,127.03899999905843,True,9,50.0,8,5,2,3,115,4,111,56
991,29.736676000000372,29.766676000000373,1210,2,2,2,2,133.11275000160094,True,9,50.0,8,6,3,3,123,10,113,78
992,29.766676000000373,29.796676000000375,1256,2,2,2,2,127.52354099939112,True,9,50.0,8,4,2,2,136,9,127,66
993,29.796676000000375,29.826676000000376,1258,2,2,2,2,129.49408300119103,True,9,50.0,8,7,3,4,138,14,124,89
994,29.826676000000376,29.856676000000377,1291,2,2,2,2,129.0284580027219,True,9,50.0,8,6,2,4,163,6,157,92
995,29.856676000000377,29.886676000000378,1136,2,2,2,2,129.38808399849222,True,9,50.0,8,4,1,3,139,6,133,85
996,29.886676000000378,29.91667600000038,897,2,2,2,2,128.99683300202014,True,9,50.0,8,8,5,3,91,11,80,80
997,29.91667600000038,29.94667600000038,901,2,1,2,1,127.38870799876167,True,9,50.0,8,6,3,3,75,9,66,78
998,29.94667600000038,29.97667600000038,1043,2,2,2,2,127.0063330011908,True,9,50.0,8,5,1,4,125,6,119,67
999,29.97667600000038,30.006676000000382,1130,2,2,2,2,127.07845799741335,True,9,50.0,8,6,1,5,134,4,130,73
1000,30.006676000000382,30.036676000000384,1353,2,2,2,2,127.19945899880258,True,9,50.0,8,6,2,4,157,13,144,82
1001,30.036676000000384,30.066676000000385,1436,1,1,1,1,127.54133300040849,True,9,50.0,8,6,2,4,180,4,176,76
1002,30.066676000000385,30.096676000000386,1406,2,2,2,2,130.11700000060955,True,9,50.0,8,4,0,4,195,0,195,64
1003,30.096676000000386,30.126676000000387,1440,2,2,2,2,128.05370899877744,True,9,50.0,8,7,4,3,176,8,168,75
1004,30.126676000000387,30.156676000000388,1465,2,2,2,2,127.7151659996889,True,9,50.0,8,5,1,4,189,6,183,85
1005,30.156676000000388,30.18667600000039,1440,2,2,2,2,127.87170900264755,True,9,50.0,8,5,2,3,154,6,148,101
1006,30.18667600000039,30.21667600000039,1379,2,2,2,2,127.83649999983027,True,9,50.0,8,4,1,3,152,2,150,66
1007,30.21667600000039,30.24667600000039,1452,2,2,2,2,126.69925000227522,True,9,50.0,8,6,3,3,183,6,177,60
1008,30.24667600000039,30.276676000000393,1599,2,2,2,2,128.37491700338433,True,9,50.0,8,5,0,5,175,0,175,121
1009,30.276676000000393,30.306676000000394,1548,4,3,2,2,127.87079199915752,True,9,50.0,8,11,7,4,180,20,160,205
1010,30.306676000000394,30.336676000000395,1429,3,2,2,2,128.93500000063796,True,9,50.0,8,5,2,3,167,16,151,104
1011,30.336676000000395,30.366676000000396,1326,3,3,2,2,131.2383750009758,True,9,50.0,8,6,2,4,179,7,172,79
1012,30.366676000000396,30.396676000000397,1405,3,3,3,2,130.00587500209804,True,9,50.0,8,6,2,4,169,2,167,57
1013,30.396676000000397,30.4266760000004,1342,3,3,3,3,128.1715000004624,True,9,50.0,8,5,1,4,150,3,147,89
1014,30.4266760000004,30.4566760000004,1365,3,3,3,3,128.20104099955643,True,9,50.0,8,8,3,5,155,12,143,100
1015,30.4566760000004,30.4866760000004,1390,3,2,3,2,128.627083999163,True,9,50.0,8,9,4,5,182,11,171,96
1016,30.4866760000004,30.516676000000402,1269,3,2,3,2,128.3940409994102,True,9,50.0,8,10,7,3,145,17,128,97
1017,30.516676000000402,30.546676000000403,1244,3,2,3,2,128.3335839980282,True,9,50.0,8,6,3,3,130,8,122,92
1018,30.546676000000403,30.576676000000404,1239,2,2,2,2,127.84004099739832,True,9,50.0,8,4,1,3,118,1,117,88
1019,30.576676000000404,30.606676000000405,1115,2,2,2,2,128.46800000261283,True,9,50.0,8,6,3,3,101,5,96,70
1020,30.606676000000405,30.636676000000406,1187,2,2,2,2,129.05445900105406,True,9,50.0,8,6,1,5,101,2,99,127
1021,30.636676000000406,30.666676000000407,1152,3,2,2,2,129.7467090007558,True,9,50.0,8,6,3,3,82,13,69,96
1022,30.666676000000407,30.69667600000041,1054,2,2,2,2,128.3461660023022,True,9,50.0,8,5,2,3,69,8,61,115
1023,30.69667600000041,30.72667600000041,970,2,2,2,2,127.6674170003389,True,9,50.0,8,6,3,3,71,14,57,49
1024,30.72667600000041,30.75667600000041,951,3,2,1,1,128.0618749988207,True,9,50.0,8,8,5,3,45,12,33,71
1025,30.75667600000041,30.786676000000412,935,3,1,3,1,126.50683300307719,True,9,50.0,8,5,3,2,45,12,33,59
1026,30.786676000000412,30.816676000000413,950,3,3,2,2,128.40570800108253,True,9,50.0,8,6,3,3,43,3,40,92
1027,30.816676000000413,30.846676000000414,885,2,1,2,1,127.7118750003865,True,9,50.0,8,3,2,1,26,7,19,94
1028,30.846676000000414,30.876676000000415,929,1,1,1,1,127.24191699817311,True,9,50.0,8,8,5,3,52,11,41,71
1029,30.876676000000415,30.906676000000417,807,2,1,1,1,127.85375000021304,True,9,50.0,8,6,4,2,44,13,31,81
1030,30.906676000000417,30.936676000000418,844,3,2,1,1,130.8110840000154,True,9,50.0,8,7,3,4,53,11,42,78
1031,30.936676000000418,30.96667600000042,775,2,2,2,1,129.66508300087298,True,9,50.0,8,8,5,3,45,10,35,69
1032,30.96667600000042,30.99667600000042,783,2,1,2,1,127.23495899990667,True,9,50.0,8,6,3,3,50,14,36,54
1033,30.99667600000042,31.02667600000042,756,1,1,1,1,127.66025000018999,True,9,50.0,8,6,3,3,34,4,30,33
1034,31.02667600000042,31.056676000000422,777,2,1,1,1,127.94325000140816,True,9,50.0,8,6,4,2,47,16,31,100
1035,31.056676000000422,31.086676000000423,830,1,1,1,1,127.09487499887473,True,9,50.0,8,4,0,4,51,0,51,61
1036,31.086676000000423,31.116676000000425,738,1,1,1,1,127.16779100082931,True,9,50.0,8,6,4,2,42,12,30,38
1037,31.116676000000425,31.146676000000426,770,2,1,1,1,127.7235000015935,True,9,50.0,8,4,3,1,22,10,12,50
1038,31.146676000000426,31.176676000000427,699,2,1,0,1,129.2859999994107,True,9,50.0,8,4,2,2,40,7,33,37
1039,31.176676000000427,31.206676000000428,730,1,1,1,1,129.206207999232,True,9,50.0,8,3,1,2,31,4,27,38
1040,31.206676000000428,31.23667600000043,824,1,1,1,1,127.93791600051918,True,9,50.0,8,4,2,2,29,5,24,45
1041,31.23667600000043,31.26667600000043,813,1,1,1,1,128.7505840009544,True,9,50.0,8,6,4,2,27,6,21,87
1042,31.26667600000043,31.29667600000043,816,1,1,1,1,128.1231659995683,True,9,50.0,8,6,4,2,27,9,18,59
1043,31.29667600000043,31.326676000000433,855,1,1,1,1,127.81412500044098,True,9,50.0,8,5,3,2,28,5,23,50
1044,31.326676000000433,31.356676000000434,835,2,1,1,1,127.77149999965332,True,9,50.0,8,6,4,2,33,10,23,50
1045,31.356676000000434,31.386676000000435,789,2,2,1,1,127.27654199989047,True,9,50.0,8,3,1,2,29,3,26,71
1046,31.386676000000435,31.416676000000436,787,1,1,1,0,127.93279199831886,True,9,50.0,8,3,1,2,35,6,29,65
1047,31.416676000000436,31.446676000000437,675,1,0,1,0,127.83658300031675,True,9,50.0,8,4,3,1,22,8,14,57
1048,31.446676000000437,31.476676000000438,665,2,1,1,0,126.97637499877601,True,9,50.0,8,6,3,3,50,14,36,50
1049,31.476676000000438,31.50667600000044,2410,1,1,1,1,127.39020799926948,True,9,50.0,8,4,2,2,28,5,23,105
1050,31.50667600000044,31.53667600000044,14516,2,1,1,0,128.6888340000587,True,9,50.0,8,5,2,3,41,4,37,395
1051,31.53667600000044,31.56667600000044,2694,1,1,1,1,127.59262499821489,True,9,50.0,8,3,1,2,21,3,18,128
1052,31.56667600000044,31.596676000000443,1172,1,1,0,0,126.50683399988338,True,9,50.0,8,2,1,1,16,1,15,51
1053,31.596676000000443,31.626676000000444,4148,2,2,1,0,128.83445899933577,True,9,50.0,8,13,11,2,42,21,21,289
1054,31.626676000000444,31.656676000000445,2139,1,1,1,1,127.30925000141724,True,9,50.0,8,5,4,1,22,7,15,171
1055,31.656676000000445,31.686676000000446,1619,1,1,1,1,127.79766599851428,True,9,50.0,8,3,2,1,21,3,18,106
1056,31.686676000000446,31.716676000000447,1263,1,1,1,1,127.49237499883748,True,9,50.0,8,3,0,3,30,0,30,87
1057,31.716676000000447,31.74667600000045,1339,1,1,1,1,128.22241699905135,True,9,50.0,8,2,0,2,18,0,18,79
1058,31.74667600000045,31.77667600000045,1133,2,1,1,0,128.13466700026765,True,9,50.0,8,5,2,3,34,5,29,84
1059,31.77667600000045,31.80667600000045,1238,1,0,0,0,127.3664580003242,True,9,50.0,8,4,3,1,25,10,15,71
1060,31.80667600000045,31.836676000000452,1165,2,2,2,0,130.2125000001979,True,9,50.0,8,2,0,2,20,0,20,100
1061,31.836676000000452,31.866676000000453,1218,3,2,2,0,134.62541699846042,True,9,50.0,8,6,2,4,51,8,43,91
1062,31.866676000000453,31.896676000000454,1165,2,2,1,0,146.66800000122748,True,9,50.0,8,6,3,3,48,6,42,76
1063,31.896676000000454,31.926676000000455,1078,2,2,2,2,140.75358400077675,True,9,50.0,8,6,2,4,54,4,50,65
1064,31.926676000000455,31.956676000000456,1189,3,3,2,2,167.45808300038334,True,9,50.0,8,9,4,5,70,7,63,169
1065,31.956676000000456,31.986676000000458,1101,2,2,1,1,133.78737500170246,True,9,50.0,8,6,4,2,44,10,34,148
1066,31.986676000000458,32.01667600000046,1132,2,2,2,2,131.1422919970937,True,9,50.0,8,7,3,4,84,16,68,65
1067,32.01667600000046,32.04667600000046,1077,2,1,2,1,130.74416699964786,True,9,50.0,8,9,4,5,69,12,57,119
1068,32.04667600000046,32.07667600000046,1162,1,1,1,1,130.43745799950557,True,9,50.0,8,6,4,2,84,11,73,85
1069,32.07667600000046,32.10667600000046,1166,1,1,1,1,131.8035830008739,True,9,50.0,8,5,2,3,83,7,76,72
1070,32.10667600000046,32.13667600000046,1208,1,1,1,1,138.9504170001601,True,9,50.0,8,5,2,3,98,5,93,87
1071,32.13667600000046,32.166676000000464,1156,2,1,1,1,129.62241599962,True,9,50.0,8,5,2,3,80,5,75,66
1072,32.166676000000464,32.196676000000465,1241,1,1,1,1,131.0358329974406,True,9,50.0,8,5,2,3,132,2,130,49
1073,32.196676000000465,32.22667600000047,1267,1,1,1,1,127.89662499926635,True,9,50.0,8,4,1,3,93,1,92,92
1074,32.22667600000047,32.25667600000047,1329,1,1,1,1,128.1632919999538,True,9,50.0,8,2,1,1,118,4,114,108
1075,32.25667600000047,32.28667600000047,1347,1,1,1,1,128.99983299939777,True,9,50.0,8,3,2,1,104,3,101,137
1076,32.28667600000047,32.31667600000047,1350,1,1,1,1,128.31829100105097,True,9,50.0,8,4,3,1,111,6,105,84
1077,32.31667600000047,32.34667600000047,1275,1,1,1,1,127.12975000249571,True,9,50.0,8,4,3,1,111,8,103,106
1078,32.34667600000047,32.37667600000047,1291,1,1,1,1,128.58062500163214,True,9,50.0,8,3,1,2,115,1,114,91
1079,32.37667600000047,32.40667600000047,1297,2,1,1,1,132.2266250026587,True,9,50.0,8,3,2,1,103,5,98,119
1080,32.40667600000047,32.436676000000475,1381,1,1,1,1,129.66937499732012,True,9,50.0,8,8,6,2,131,9,122,112
1081,32.436676000000475,32.466676000000476,1301,2,1,1,1,128.5252500019851,True,9,50.0,8,3,2,1,117,9,108,81
1082,32.466676000000476,32.49667600000048,1265,1,1,1,1,128.6044580010639,True,9,50.0,8,3,2,1,103,2,101,88
1083,32.49667600000048,32.52667600000048,1317,2,1,1,1,128.78520900267176,True,9,50.0,8,5,3,2,138,13,125,75
1084,32.52667600000048,32.55667600000048,1301,3,1,2,1,128.09187499806285,True,9,50.0,8,5,3,2,121,18,103,97
1085,32.55667600000048,32.58667600000048,1244,2,1,2,1,129.23429099828354,True,9,50.0,8,5,2,3,111,9,102,67
1086,32.58667600000048,32.61667600000048,1164,3,1,2,1,128.48637500064797,True,9,50.0,8,6,3,3,113,13,100,73
1087,32.61667600000048,32.64667600000048,1090,2,1,2,1,127.95249999908265,True,9,50.0,8,7,3,4,100,8,92,66
1088,32.64667600000048,32.676676000000484,1105,2,2,2,1,137.73283300179173,True,9,50.0,8,3,1,2,104,1,103,73
1089,32.676676000000484,32.706676000000485,1063,3,2,2,1,146.04658399912296,True,9,50.0,8,6,3,3,95,8,87,83
1090,32.706676000000485,32.736676000000486,977,2,1,1,1,137.82508299846086,True,9,50.0,8,5,3,2,77,6,71,84
1091,32.736676000000486,32.76667600000049,1012,3,1,2,1,132.72062499891035,True,9,50.0,8,7,6,1,76,13,63,87
1092,32.76667600000049,32.79667600000049,973,3,1,2,1,132.33670800036634,True,9,50.0,8,8,5,3,71,20,51,90
1093,32.79667600000049,32.82667600000049,1013,2,1,2,1,130.4161669977475,True,9,50.0,8,5,1,4,75,5,70,122
1094,32.82667600000049,32.85667600000049,993,2,2,2,1,128.96979200013448,True,9,50.0,8,6,3,3,66,5,61,164
1095,32.85667600000049,32.88667600000049,1048,3,2,2,1,130.56383400180493,True,9,50.0,8,8,4,4,77,20,57,148
1096,32.88667600000049,32.91667600000049,1746,3,3,2,2,130.84308299949043,True,9,50.0,8,8,3,5,167,8,159,157
1097,32.91667600000049,32.946676000000494,2760,4,3,2,1,129.76583399722585,True,9,50.0,8,7,1,6,282,7,275,284
1098,32.946676000000494,32.976676000000495,1574,4,3,3,2,128.98149999818997,True,9,50.0,8,15,12,3,101,36,65,314
1099,32.976676000000495,33.006676000000496,2129,4,3,3,2,130.23004199931165,True,9,50.0,8,8,3,5,222,13,209,313
1100,33.006676000000496,33.0366760000005,2332,4,3,4,3,129.6602919974248,True,9,50.0,8,9,3,6,230,12,218,297
1101,33.0366760000005,33.0666760000005,1783,4,3,4,3,130.79704199844855,True,9,50.0,8,10,4,6,189,15,174,233
1102,33.0666760000005,33.0966760000005,1261,2,2,2,2,129.48587500068243,True,9,50.0,8,7,3,4,118,5,113,182
1103,33.0966760000005,33.1266760000005,1231,3,2,3,2,130.26833399999305,True,9,50.0,8,8,4,4,119,11,108,142
1104,33.1266760000005,33.1566760000005,1187,2,2,2,2,144.34933300071862,True,9,50.0,8,4,0,4,111,0,111,137
1105,33.1566760000005,33.1866760000005,1223,2,2,2,2,137.33658300043317,True,9,50.0,8,4,2,2,116,3,113,94
1106,33.1866760000005,33.216676000000504,1166,2,2,2,2,132.9104169999482,True,9,50.0,8,3,0,3,128,0,128,64
1107,33.216676000000504,33.246676000000505,1205,2,2,2,2,132.89137500032666,True,9,50.0,8,5,1,4,133,2,131,63
1108,33.246676000000505,33.276676000000506,1236,2,2,2,2,132.8720829988015,True,9,50.0,8,4,2,2,122,3,119,96
1109,33.276676000000506,33.30667600000051,1522,2,2,2,2,132.29745800344972,True,9,50.0,8,4,1,3,207,2,205,80
1110,33.30667600000051,33.33667600000051,1113,2,2,2,2,155.70525000293856,True,9,50.0,8,6,2,4,82,8,74,165
1111,33.33667600000051,33.36667600000051,1103,2,2,2,2,135.17358399985824,True,9,50.0,8,6,3,3,103,7,96,126
1112,33.36667600000051,33.39667600000051,1140,3,2,2,2,130.24845800100593,True,9,50.0,8,6,3,3,98,7,91,157
1113,33.39667600000051,33.42667600000051,1022,2,2,2,2,130.46070799828158,True,9,50.0,8,7,3,4,86,14,72,127
1114,33.42667600000051,33.45667600000051,850,3,1,2,1,129.19250000049942,True,9,50.0,8,8,6,2,48,22,26,144
1115,33.45667600000051,33.486676000000514,923,3,3,2,2,132.42437499866355,True,9,50.0,8,5,2,3,58,3,55,142
1116,33.486676000000514,33.516676000000516,1033,2,2,2,2,135.34566599992104,True,9,50.0,8,7,3,4,94,5,89,134
1117,33.516676000000516,33.54667600000052,992,2,1,2,1,132.9191670010914,True,9,50.0,8,11,8,3,65,21,44,135
1118,33.54667600000052,33.57667600000052,816,2,1,2,1,132.63220899898442,True,9,50.0,8,10,7,3,65,26,39,99
1119,33.57667600000052,33.60667600000052,702,2,1,1,1,131.87766700139036,True,9,50.0,8,5,3,2,42,9,33,76
1120,33.60667600000052,33.63667600000052,768,2,1,2,1,131.79241699981503,True,9,50.0,8,8,6,2,57,25,32,136
1121,33.63667600000052,33.66667600000052,828,4,3,2,1,132.36020800104598,True,9,50.0,8,11,6,5,85,16,69,94
1122,33.66667600000052,33.69667600000052,886,4,4,1,1,134.98441699994146,True,9,50.0,8,7,2,5,77,14,63,146
1123,33.69667600000052,33.72667600000052,754,4,3,2,2,133.4324169984029,True,9,50.0,8,8,4,4,58,8,50,142
1124,33.72667600000052,33.756676000000525,804,4,3,3,2,133.86212499972316,True,9,50.0,8,11,8,3,85,23,62,126
1125,33.756676000000525,33.786676000000526,931,4,4,3,2,132.789250001224,True,9,50.0,8,9,4,5,89,11,78,146
1126,33.786676000000526,33.81667600000053,692,3,3,3,2,132.16420900062076,True,9,50.0,8,7,4,3,59,13,46,98
1127,33.81667600000053,33.84667600000053,686,3,3,2,2,131.65795799795887,True,9,50.0,8,8,4,4,56,9,47,101
1128,33.84667600000053,33.87667600000053,756,2,2,1,1,133.36041599905002,True,9,50.0,8,10,6,4,57,12,45,132
1129,33.87667600000053,33.90667600000053,799,3,3,2,2,133.38500000099884,True,9,50.0,8,8,3,5,99,9,90,101
1130,33.90667600000053,33.93667600000053,678,3,2,2,2,132.62637500156416,True,9,50.0,8,8,6,2,35,14,21,89
1131,33.93667600000053,33.96667600000053,742,3,2,2,1,132.11195800249698,True,9,50.0,8,9,6,3,52,20,32,103
1132,33.96667600000053,33.996676000000534,669,3,3,2,2,132.6060419996793,True,9,50.0,8,6,2,4,44,4,40,91
1133,33.996676000000534,34.026676000000535,670,3,2,2,1,131.98254099916085,True,9,50.0,8,6,4,2,36,15,21,132
1134,34.026676000000535,34.056676000000536,683,2,1,2,1,132.9656670022814,True,9,50.0,8,5,3,2,32,12,20,136
1135,34.056676000000536,34.08667600000054,721,2,1,1,1,131.5779169999587,True,9,50.0,8,9,7,2,44,26,18,176
1136,34.08667600000054,34.11667600000054,696,1,1,0,0,132.04087499980233,True,9,50.0,8,9,7,2,34,16,18,170
1137,34.11667600000054,34.14667600000054,631,0,0,0,0,130.2240000004531,True,9,50.0,8,4,3,1,19,10,9,122
1138,34.14667600000054,34.17667600000054,645,1,0,0,0,130.57758300055866,True,9,50.0,8,8,5,3,46,19,27,131
1139,34.17667600000054,34.20667600000054,788,1,1,0,0,130.31433299693163,True,9,50.0,8,11,5,6,81,13,68,126
1140,34.20667600000054,34.23667600000054,680,1,0,0,0,128.13475000075414,True,9,50.0,8,11,9,2,46,25,21,148
1141,34.23667600000054,34.266676000000544,590,0,0,0,0,128.00608399993507,True,9,50.0,8,7,5,2,25,7,18,136
1142,34.266676000000544,34.296676000000545,551,2,1,0,0,128.39387499843724,True,9,50.0,8,8,5,3,43,13,30,100
1143,34.296676000000545,34.326676000000546,568,2,1,1,1,127.45991699921433,True,9,50.0,8,5,3,2,31,13,18,77
1144,34.326676000000546,34.35667600000055,547,1,1,1,1,144.2100419990311,True,9,50.0,8,3,0,3,32,0,32,37
1145,34.35667600000055,34.38667600000055,575,1,1,0,0,131.51116600056412,True,9,50.0,8,6,3,3,41,8,33,48
1146,34.38667600000055,34.41667600000055,535,1,1,1,1,130.72591699892655,True,9,50.0,8,3,1,2,28,1,27,59
1147,34.41667600000055,34.44667600000055,488,1,1,1,1,130.29583300158265,True,9,50.0,8,1,0,1,14,0,14,27
1148,34.44667600000055,34.47667600000055,482,0,0,0,0,129.46666599964374,True,9,50.0,8,3,1,2,22,4,18,31
1149,34.47667600000055,34.50667600000055,576,3,2,1,1,130.3577500002575,True,9,50.0,8,4,2,2,26,5,21,51
1150,34.50667600000055,34.536676000000554,628,1,1,1,1,134.44725000226754,True,9,50.0,8,2,1,1,22,5,17,35
1151,34.536676000000554,34.566676000000555,2993,1,1,1,1,142.64691599964863,True,9,50.0,8,8,7,1,28,13,15,1273
1152,34.566676000000555,34.596676000000556,4235,2,2,1,1,144.02633300051093,True,9,50.0,8,3,1,2,34,1,33,1597
1153,34.596676000000556,34.62667600000056,1445,2,2,1,1,140.59645800080034,True,9,50.0,8,2,0,2,50,0,50,374
1154,34.62667600000056,34.65667600000056,734,2,2,2,2,137.222915996972,True,9,50.0,8,4,2,2,51,7,44,52
1155,34.65667600000056,34.68667600000056,684,2,2,2,2,140.6046249976498,True,9,50.0,8,4,1,3,53,1,52,62
1156,34.68667600000056,34.71667600000056,657,2,1,2,1,133.8770830006979,True,9,50.0,8,6,4,2,35,14,21,78
1157,34.71667600000056,34.74667600000056,637,2,1,2,1,132.83258399678743,True,9,50.0,8,3,2,1,25,7,18,61
1158,34.74667600000056,34.77667600000056,653,1,1,1,1,133.41241699890816,True,9,50.0,8,5,2,3,42,3,39,82
1159,34.77667600000056,34.806676000000564,615,1,1,1,1,132.98474999828613,True,9,50.0,8,3,1,2,34,1,33,49
1160,34.806676000000564,34.836676000000566,627,1,1,1,1,133.7681250006426,True,9,50.0,8,3,2,1,20,8,12,51
1161,34.836676000000566,34.86667600000057,685,1,1,1,1,130.49629200031632,True,9,50.0,8,3,1,2,29,2,27,42
1162,34.86667600000057,34.89667600000057,758,3,1,1,1,130.511707997357,True,9,50.0,8,5,2,3,54,9,45,38
1163,34.89667600000057,34.92667600000057,653,2,1,1,1,130.50325000222074,True,9,50.0,8,4,2,2,40,10,30,70
1164,34.92667600000057,34.95667600000057,681,1,1,1,1,131.51812499927473,True,9,50.0,8,6,4,2,30,9,21,38
1165,34.95667600000057,34.98667600000057,726,3,2,2,1,132.1970409990172,True,9,50.0,8,4,2,2,29,8,21,61
1166,34.98667600000057,35.01667600000057,740,2,2,2,1,134.91324999995413,True,9,50.0,8,5,2,3,39,3,36,58
1167,35.01667600000057,35.04667600000057,689,1,1,1,1,131.5614999984973,True,9,50.0,8,4,1,3,32,5,27,73
1168,35.04667600000057,35.076676000000575,656,1,1,1,1,131.30304200240062,True,9,50.0,8,3,1,2,26,8,18,42
1169,35.076676000000575,35.106676000000576,620,1,1,1,1,130.92804099869682,True,9,50.0,8,2,0,2,18,0,18,41
1170,35.106676000000576,35.13667600000058,658,1,1,1,1,129.54858299781336,True,9,50.0,8,2,0,2,18,0,18,46
1171,35.13667600000058,35.16667600000058,711,2,1,1,1,131.6378750016156,True,9,50.0,8,5,2,3,37,7,30,32
1172,35.16667600000058,35.19667600000058,673,3,2,1,1,130.8437919979042,True,9,50.0,8,4,2,2,23,5,18,84
1173,35.19667600000058,35.22667600000058,780,1,1,0,0,129.0878750005504,True,9,50.0,8,5,2,3,31,4,27,56
1174,35.22667600000058,35.25667600000058,654,2,1,1,1,129.50550000095973,True,9,50.0,8,4,1,3,34,7,27,44
1175,35.25667600000058,35.28667600000058,677,2,1,2,1,131.23287499911385,True,9,50.0,8,7,4,3,34,7,27,37
1176,35.28667600000058,35.316676000000584,621,1,1,1,1,130.62024999817368,True,9,50.0,8,3,1,2,22,1,21,46
1177,35.316676000000584,35.346676000000585,605,2,1,1,1,130.77241599967238,True,9,50.0,8,4,2,2,27,6,21,50
1178,35.346676000000585,35.376676000000586,605,2,1,2,1,129.4029579985363,True,9,50.0,8,5,3,2,31,7,24,39
1179,35.376676000000586,35.40667600000059,650,3,2,2,1,131.41029100006563,True,9,50.0,8,5,2,3,41,7,34,81
1180,35.40667600000059,35.43667600000059,722,3,2,2,1,131.49775000056252,True,9,50.0,8,7,4,3,42,9,33,69
1181,35.43667600000059,35.46667600000059,659,1,1,1,1,128.72954200065578,True,9,50.0,8,6,4,2,33,6,27,105
1182,35.46667600000059,35.49667600000059,598,2,1,2,1,127.83283299722825,True,9,50.0,8,3,1,2,30,3,27,57
1183,35.49667600000059,35.52667600000059,577,2,1,2,1,128.42195800112677,True,9,50.0,8,4,1,3,43,4,39,75
1184,35.52667600000059,35.55667600000059,575,1,1,1,1,129.28099999771803,True,9,50.0,8,4,1,3,46,2,44,23
1185,35.55667600000059,35.586676000000594,566,2,1,1,1,129.2047079987242,True,9,50.0,8,5,3,2,35,8,27,41
1186,35.586676000000594,35.616676000000595,576,1,1,1,1,129.30533300095703,True,9,50.0,8,3,1,2,32,2,30,34
1187,35.616676000000595,35.646676000000596,509,1,1,1,1,130.5022079977789,True,9,50.0,8,2,1,1,18,2,16,25
1188,35.646676000000596,35.6766760000006,533,1,1,1,1,131.37133400232415,True,9,50.0,8,2,0,2,24,0,24,46
1189,35.6766760000006,35.7066760000006,539,1,1,1,1,130.2090409990342,True,9,50.0,8,2,1,1,17,2,15,29
1190,35.7066760000006,35.7366760000006,537,1,1,1,1,130.3910420028842,True,9,50.0,8,3,0,3,29,0,29,48
1191,35.7366760000006,35.7666760000006,584,1,1,1,1,131.35904200316872,True,9,50.0,8,3,0,3,30,0,30,46
1192,35.7666760000006,35.7966760000006,567,2,1,1,1,130.99333300124272,True,9,50.0,8,4,1,3,37,7,30,64
1193,35.7966760000006,35.8266760000006,593,1,1,1,1,133.22283399975277,True,9,50.0,8,2,1,1,17,2,15,64
1194,35.8266760000006,35.856676000000604,620,2,1,1,1,130.70595800309093,True,9,50.0,8,3,1,2,27,3,24,37
1195,35.856676000000604,35.886676000000605,618,2,2,1,1,130.79504200140946,True,9,50.0,8,3,0,3,42,0,42,47
1196,35.886676000000605,35.91667600000061,610,1,1,1,1,136.16204099889728,True,9,50.0,8,3,0,3,30,0,30,42
1197,35.91667600000061,35.94667600000061,659,2,1,1,1,132.5820410020242,True,9,50.0,8,5,1,4,50,5,45,25
1198,35.94667600000061,35.97667600000061,652,1,1,1,1,131.33829099751892,True,9,50.0,8,1,0,1,21,0,21,37
1199,35.97667600000061,36.00667600000061,761,2,1,1,1,137.04499999948894,True,9,50.0,8,4,2,2,34,4,30,37
1200,36.00667600000061,36.03667600000061,713,2,1,2,1,136.03033300023526,True,9,50.0,8,4,2,2,29,5,24,45
1201,36.03667600000061,36.06667600000061,657,2,2,2,1,141.15425000272808,True,9,50.0,8,3,0,3,39,0,39,51
1202,36.06667600000061,36.09667600000061,587,2,2,2,1,133.75950000045123,True,9,50.0,8,3,0,3,35,0,35,43
1203,36.09667600000061,36.126676000000614,973,3,1,2,1,131.04516699968372,True,9,50.0,8,6,4,2,43,12,31,248
1204,36.126676000000614,36.156676000000616,1020,1,1,1,1,131.89204200170934,True,9,50.0,8,10,8,2,44,16,28,240
1205,36.156676000000616,36.18667600000062,1030,2,2,1,1,131.37695800105575,True,9,50.0,8,9,5,4,64,10,54,257
1206,36.18667600000062,36.21667600000062,998,3,1,2,1,132.7002910002193,True,9,50.0,8,10,9,1,42,23,19,231
1207,36.21667600000062,36.24667600000062,955,3,2,2,2,133.45933299933677,True,9,50.0,8,8,5,3,60,17,43,197
1208,36.24667600000062,36.27667600000062,970,3,2,2,2,131.98449999981676,True,9,50.0,8,11,7,4,56,14,42,181
1209,36.27667600000062,36.30667600000062,921,2,1,1,1,131.5524589990673,True,9,50.0,8,8,6,2,40,13,27,223
1210,36.30667600000062,36.33667600000062,940,2,1,1,1,129.0677090000827,True,9,50.0,8,8,6,2,34,10,24,197
1211,36.33667600000062,36.36667600000062,878,2,1,1,1,129.73708400022588,True,9,50.0,8,12,11,1,45,30,15,177
1212,36.36667600000062,36.396676000000625,888,1,1,1,1,130.92416699873866,True,9,50.0,8,10,6,4,58,13,45,196
1213,36.396676000000625,36.426676000000626,860,2,1,2,1,128.58141700053238,True,9,50.0,8,12,10,2,52,25,27,154
1214,36.426676000000626,36.45667600000063,880,3,1,2,1,128.40850000065984,True,9,50.0,8,11,8,3,53,20,33,215
1215,36.45667600000063,36.48667600000063,867,3,1,2,1,140.0367499991262,True,9,50.0,8,9,5,4,47,11,36,211
1216,36.48667600000063,36.51667600000063,950,3,1,2,1,131.9908339974063,True,9,50.0,8,10,7,3,50,20,30,272
1217,36.51667600000063,36.54667600000063,986,3,1,2,1,133.77795799897285,True,9,50.0,8,9,5,4,60,17,43,275
1218,36.54667600000063,36.57667600000063,872,3,2,2,1,134.7854589985218,True,9,50.0,8,10,7,3,51,19,32,230
1219,36.57667600000063,36.60667600000063,720,3,3,3,1,136.40045899956021,True,9,50.0,8,7,2,5,68,8,60,118
1220,36.60667600000063,36.636676000000634,712,4,2,3,1,134.14533399918582,True,9,50.0,8,6,3,3,43,9,34,112
1221,36.636676000000634,36.666676000000635,660,2,2,2,2,156.50404099869775,True,9,50.0,8,4,1,3,41,2,39,80
1222,36.666676000000635,36.696676000000636,725,2,1,2,1,132.21845800217125,True,9,50.0,8,6,4,2,33,12,21,84
1223,36.696676000000636,36.72667600000064,648,2,1,2,1,131.1212920008984,True,9,50.0,8,3,1,2,30,5,25,65
1224,36.72667600000064,36.75667600000064,690,2,2,2,2,132.3481660001562,True,9,50.0,8,4,1,3,33,1,32,31
1225,36.75667600000064,36.78667600000064,687,2,1,2,1,131.07591700099874,True,9,50.0,8,4,2,2,26,8,18,61
1226,36.78667600000064,36.81667600000064,729,3,2,2,2,130.30691600215505,True,9,50.0,8,5,3,2,45,7,38,67
1227,36.81667600000064,36.84667600000064,813,3,3,2,2,132.75987499946496,True,9,50.0,8,5,2,3,51,3,48,96
1228,36.84667600000064,36.87667600000064,803,3,2,2,2,131.02154199805227,True,9,50.0,8,6,3,3,51,10,41,54
1229,36.87667600000064,36.906676000000644,867,2,2,2,2,131.29945900072926,True,9,50.0,8,6,3,3,47,4,43,120
1230,36.906676000000644,36.936676000000645,816,2,2,2,2,130.34033400253975,True,9,50.0,8,6,4,2,30,6,24,90
1231,36.936676000000645,36.966676000000646,799,2,2,2,2,130.06520899944007,True,9,50.0,8,11,7,4,61,11,50,71
1232,36.966676000000646,36.99667600000065,711,1,1,1,1,129.73758299995097,True,9,50.0,8,2,0,2,27,0,27,61
1233,36.99667600000065,37.02667600000065,625,1,1,1,1,129.85475000095903,True,9,50.0,8,3,1,2,30,3,27,49
1234,37.02667600000065,37.05667600000065,559,1,1,1,1,129.94783300018753,True,9,50.0,8,4,0,4,49,0,49,31
1235,37.05667600000065,37.08667600000065,610,2,2,1,1,130.6516249969718,True,9,50.0,8,3,0,3,38,0,38,45
1236,37.08667600000065,37.11667600000065,591,1,0,1,0,130.023000001529,True,9,50.0,8,5,4,1,26,17,9,58
1237,37.11667600000065,37.14667600000065,584,2,2,1,1,129.96920800287626,True,9,50.0,8,5,2,3,38,3,35,53
1238,37.14667600000065,37.176676000000654,523,2,2,2,2,130.8799580001505,True,9,50.0,8,3,0,3,29,0,29,53
1239,37.176676000000654,37.206676000000655,523,2,2,2,2,132.57662499745493,True,9,50.0,8,5,2,3,30,3,27,35
1240,37.206676000000655,37.23667600000066,515,2,0,1,0,129.46445899797254,True,9,50.0,8,4,3,1,18,9,9,33
1241,37.23667600000066,37.26667600000066,511,2,1,2,1,128.86166599855642,True,9,50.0,8,4,2,2,29,8,21,36
1242,37.26667600000066,37.29667600000066,478,1,1,1,0,129.9135830013256,True,9,50.0,8,3,1,2,25,4,21,25
1243,37.29667600000066,37.32667600000066,527,1,1,1,1,129.0414579998469,True,9,50.0,8,4,2,2,26,5,21,29
1244,37.32667600000066,37.35667600000066,508,1,1,1,1,130.62479099971824,True,9,50.0,8,3,1,2,23,2,21,36
1245,37.35667600000066,37.38667600000066,466,1,1,1,1,128.87012500141282,True,9,50.0,8,3,1,2,20,2,18,21
1246,37.38667600000066,37.41667600000066,456,1,1,1,1,130.2910409976903,True,9,50.0,8,2,0,2,18,0,18,17
1247,37.41667600000066,37.446676000000664,530,1,1,1,1,130.70620800135657,True,9,50.0,8,1,0,1,18,0,18,29
1248,37.446676000000664,37.476676000000666,546,1,1,1,1,130.04879200161668,True,9,50.0,8,3,1,2,25,4,21,30
1249,37.476676000000666,37.50667600000067,577,1,1,1,1,130.44258400259423,True,9,50.0,8,2,0,2,21,0,21,30
1250,37.50667600000067,37.53667600000067,614,1,1,1,1,130.69795800038264,True,9,50.0,8,7,3,4,54,6,48,43
1251,37.53667600000067,37.56667600000067,684,2,2,1,1,131.40208299955702,True,9,50.0,8,6,1,5,59,1,58,98
1252,37.56667600000067,37.59667600000067,656,2,2,1,1,131.03174999923795,True,9,50.0,8,6,4,2,36,9,27,87
1253,37.59667600000067,37.62667600000067,735,2,2,2,1,130.3178750022198,True,9,50.0,8,4,2,2,52,6,46,87
1254,37.62667600000067,37.65667600000067,732,2,2,2,2,131.2711249993299,True,9,50.0,8,5,2,3,33,2,31,121
1255,37.65667600000067,37.68667600000067,744,2,2,1,2,130.07762500274112,True,9,50.0,8,8,3,5,65,11,54,42
1256,37.68667600000067,37.716676000000675,709,2,2,2,2,131.23587500012945,True,9,50.0,8,6,2,4,51,7,44,57
1257,37.716676000000675,37.746676000000676,605,2,0,1,0,128.9519999991171,True,9,50.0,8,6,4,2,34,16,18,38
1258,37.746676000000676,37.77667600000068,607,2,1,2,1,131.89424999654875,True,9,50.0,8,4,3,1,25,13,12,44
1259,37.77667600000068,37.80667600000068,636,2,1,1,1,132.40379199851304,True,9,50.0,8,4,3,1,24,9,15,65
1260,37.80667600000068,37.83667600000068,625,2,1,1,1,132.70025000019814,True,9,50.0,8,2,1,1,22,7,15,41
1261,37.83667600000068,37.86667600000068,645,2,1,2,1,131.19600000209175,True,9,50.0,8,4,2,2,29,8,21,87
1262,37.86667600000068,37.89667600000068,663,1,1,1,1,131.16070900287014,True,9,50.0,8,3,1,2,26,2,24,68
1263,37.89667600000068,37.92667600000068,701,2,2,2,1,133.27570899855345,True,9,50.0,8,3,0,3,34,0,34,60
1264,37.92667600000068,37.956676000000684,701,1,1,1,1,130.47112500134972,True,9,50.0,8,3,0,3,30,0,30,103
1265,37.956676000000684,37.986676000000685,625,2,1,2,1,128.51824999961536,True,9,50.0,8,5,1,4,45,6,39,37
1266,37.986676000000685,38.016676000000686,602,2,1,2,1,129.3244170010439,True,9,50.0,8,5,1,4,45,6,39,43
1267,38.016676000000686,38.04667600000069,583,2,2,2,1,130.90841700250166,True,9,50.0,8,4,0,4,44,0,44,26
1268,38.04667600000069,38.07667600000069,649,1,1,1,1,129.98250000237022,True,9,50.0,8,5,0,5,48,0,48,56
1269,38.07667600000069,38.10667600000069,680,1,1,1,1,129.90412500221282,True,9,50.0,8,4,2,2,31,3,28,23
1270,38.10667600000069,38.13667600000069,678,2,1,2,1,129.3191670010856,True,9,50.0,8,6,1,5,61,4,57,29
1271,38.13667600000069,38.16667600000069,622,1,1,1,1,132.6688750014,True,9,50.0,8,3,1,2,25,1,24,41
1272,38.16667600000069,38.19667600000069,680,2,2,2,1,129.48941699869465,True,9,50.0,8,4,1,3,31,1,30,27
1273,38.19667600000069,38.226676000000694,642,1,1,1,1,129.15691699890886,True,9,50.0,8,2,0,2,21,0,21,27
1274,38.226676000000694,38.256676000000695,650,1,1,1,1,129.2979580030078,True,9,50.0,8,3,1,2,29,2,27,34
1275,38.256676000000695,38.286676000000696,737,1,1,1,1,129.5617920004588,True,9,50.0,8,4,0,4,41,0,41,29
1276,38.286676000000696,38.3166760000007,700,1,1,1,1,131.2078750015644,True,9,50.0,8,5,1,4,50,1,49,79
1277,38.3166760000007,38.3466760000007,762,1,1,1,1,130.3610420000041,True,9,50.0,8,3,1,2,32,2,30,76
1278,38.3466760000007,38.3766760000007,755,1,1,1,1,129.6915419989091,True,9,50.0,8,2,1,1,16,2,14,65
1279,38.3766760000007,38.4066760000007,797,2,2,1,1,130.14391700198757,True,9,50.0,8,4,0,4,48,0,48,61
1280,38.4066760000007,38.4366760000007,704,1,1,1,1,129.00108399844612,True,9,50.0,8,6,4,2,30,6,24,33
1281,38.4366760000007,38.4666760000007,695,1,1,1,1,128.81524999829708,True,9,50.0,8,9,4,5,63,4,59,55
1282,38.4666760000007,38.496676000000704,693,1,1,1,1,130.72170799932792,True,9,50.0,8,5,3,2,32,3,29,41
1283,38.496676000000704,38.526676000000705,696,2,2,1,1,130.1232079968031,True,9,50.0,8,4,1,3,37,1,36,29
1284,38.526676000000705,38.55667600000071,699,1,1,1,1,128.9687499993306,True,9,50.0,8,2,1,1,22,1,21,57
1285,38.55667600000071,38.58667600000071,793,2,1,1,1,129.1209169976355,True,9,50.0,8,6,4,2,34,10,24,59
1286,38.58667600000071,38.61667600000071,713,1,1,1,1,129.48154199693818,True,9,50.0,8,4,2,2,38,3,35,53
1287,38.61667600000071,38.64667600000071,679,1,1,1,1,129.90970800092327,True,9,50.0,8,6,2,4,52,10,42,41
1288,38.64667600000071,38.67667600000071,646,1,1,1,1,130.8459589999984,True,9,50.0,8,7,3,4,53,8,45,49
1289,38.67667600000071,38.70667600000071,612,2,1,1,1,128.72008299746085,True,9,50.0,8,6,3,3,46,13,33,29
1290,38.70667600000071,38.73667600000071,676,2,2,1,1,130.43266599925118,True,9,50.0,8,3,0,3,45,0,45,56
1291,38.73667600000071,38.766676000000714,655,2,2,1,1,130.46654199933982,True,9,50.0,8,4,2,2,30,4,26,55
1292,38.766676000000714,38.796676000000716,623,2,2,2,1,130.87866700152517,True,9,50.0,8,5,1,4,47,2,45,68
1293,38.796676000000716,38.82667600000072,652,1,1,1,1,130.7903749984689,True,9,50.0,8,4,1,3,39,1,38,32
1294,38.82667600000072,38.85667600000072,670,1,1,1,1,131.35300000067218,True,9,50.0,8,4,1,3,40,2,38,40
1295,38.85667600000072,38.88667600000072,645,1,1,1,1,131.4459999994142,True,9,50.0,8,4,2,2,35,3,32,65
1296,38.88667600000072,38.91667600000072,650,3,1,1,1,128.6927500004822,True,9,50.0,8,5,3,2,39,10,29,76
1297,38.91667600000072,38.94667600000072,622,2,1,1,1,128.24158299918054,True,9,50.0,8,5,3,2,34,10,24,21
1298,38.94667600000072,38.97667600000072,592,2,1,2,1,128.73062499784282,True,9,50.0,8,4,2,2,34,10,24,40
1299,38.97667600000072,39.00667600000072,577,1,1,1,1,130.13991700063343,True,9,50.0,8,3,1,2,26,2,24,17
1300,39.00667600000072,39.036676000000725,555,2,1,2,1,143.6517919973994,True,9,50.0,8,4,3,1,19,7,12,35
1301,39.036676000000725,39.066676000000726,497,2,1,1,1,132.58329200107255,True,9,50.0,8,3,1,2,29,8,21,16
1302,39.066676000000726,39.09667600000073,499,1,1,1,1,153.89020800284925,True,9,50.0,8,2,1,1,15,3,12,34
1303,39.09667600000073,39.12667600000073,512,1,1,1,1,138.59512500130222,True,9,50.0,8,1,0,1,12,0,12,40
1304,39.12667600000073,39.15667600000073,569,2,1,1,1,131.61166600184515,True,9,50.0,8,2,1,1,20,8,12,20
1305,39.15667600000073,39.18667600000073,609,2,2,2,1,169.68945899861865,True,9,50.0,8,3,1,2,28,1,27,24
1306,39.18667600000073,39.21667600000073,652,2,2,2,1,137.33604199660476,True,9,50.0,8,4,1,3,37,1,36,57
1307,39.21667600000073,39.24667600000073,615,2,1,2,1,133.68308300050558,True,9,50.0,8,5,1,4,48,3,45,74
1308,39.24667600000073,39.276676000000734,618,2,2,2,1,133.6139170016395,True,9,50.0,8,6,1,5,60,2,58,43
1309,39.276676000000734,39.306676000000735,640,2,1,2,1,131.2702499999432,True,9,50.0,8,6,3,3,52,17,35,58
1310,39.306676000000735,39.336676000000736,632,2,1,2,1,130.65204200029257,True,9,50.0,8,5,4,1,28,9,19,113
1311,39.336676000000736,39.36667600000074,699,2,1,2,1,129.66458300070371,True,9,50.0,8,10,8,2,50,23,27,51
1312,39.36667600000074,39.39667600000074,677,1,1,1,1,130.2474580006674,True,9,50.0,8,5,4,1,24,5,19,107
1313,39.39667600000074,39.42667600000074,728,2,1,2,1,131.13112499922863,True,9,50.0,8,7,5,2,43,15,28,99
1314,39.42667600000074,39.45667600000074,727,2,1,1,1,129.43450000238954,True,9,50.0,8,9,8,1,44,22,22,119
1315,39.45667600000074,39.48667600000074,770,2,2,1,1,130.945958000666,True,9,50.0,8,7,3,4,49,8,41,112
1316,39.48667600000074,39.51667600000074,762,2,2,0,1,132.20608399933553,True,9,50.0,8,6,3,3,53,10,43,117
1317,39.51667600000074,39.546676000000744,750,3,1,1,1,130.36075000127312,True,9,50.0,8,5,3,2,30,11,19,74
1318,39.546676000000744,39.576676000000745,938,2,1,2,1,130.04233399988152,True,9,50.0,8,7,3,4,67,7,60,54
1319,39.576676000000745,39.606676000000746,923,3,1,2,1,130.19245800023782,True,9,50.0,8,5,3,2,75,18,57,127
1320,39.606676000000746,39.63667600000075,952,2,1,2,1,129.77200000023004,True,9,50.0,8,5,2,3,94,8,86,93
1321,39.63667600000075,39.66667600000075,924,1,1,1,1,129.4757910000044,True,9,50.0,8,7,3,4,96,7,89,69
1322,39.66667600000075,39.69667600000075,1047,2,1,1,1,129.58195899773273,True,9,50.0,8,8,4,4,94,12,82,70
1323,39.69667600000075,39.72667600000075,1224,2,1,1,1,131.01629100128775,True,9,50.0,8,9,6,3,98,13,85,77
1324,39.72667600000075,39.75667600000075,1340,2,1,2,1,129.06199999997625,True,9,50.0,8,6,4,2,114,13,101,74
1325,39.75667600000075,39.78667600000075,1268,2,1,2,1,129.10104200273054,True,9,50.0,8,5,2,3,113,8,105,91
1326,39.78667600000075,39.816676000000754,1238,2,1,2,1,136.290917002043,True,9,50.0,8,5,2,3,119,8,111,89
1327,39.816676000000754,39.846676000000755,1227,2,2,2,1,138.17029200072284,True,9,50.0,8,4,2,2,145,8,137,85
1328,39.846676000000755,39.87667600000076,1257,2,1,2,1,145.03624999997555,True,9,50.0,8,5,3,2,121,14,107,91
1329,39.87667600000076,39.90667600000076,1309,1,1,1,1,140.68933399903472,True,9,50.0,8,6,4,2,133,4,129,103
1330,39.90667600000076,39.93667600000076,1236,2,1,2,1,177.13445800109184,True,9,50.0,8,5,3,2,150,10,140,67
1331,39.93667600000076,39.96667600000076,1333,1,1,1,1,162.43012500126497,True,9,50.0,8,6,3,3,137,4,133,82
1332,39.96667600000076,39.99667600000076,1340,1,1,1,1,170.10120800114237,True,9,50.0,8,5,1,4,134,1,133,75
1333,39.99667600000076,40.02667600000076,1278,2,1,1,1,141.3894170000276,True,9,50.0,8,4,1,3,152,8,144,92
1334,40.02667600000076,40.05667600000076,1280,1,1,1,1,138.69733300089138,True,9,50.0,8,6,2,4,149,3,146,88
1335,40.05667600000076,40.086676000000764,1281,2,1,1,1,166.17591600152082,True,9,50.0,8,5,1,4,157,7,150,63
1336,40.086676000000764,40.116676000000766,1237,2,1,2,1,135.47041600031662,True,9,50.0,8,7,4,3,145,7,138,69
1337,40.116676000000766,40.14667600000077,1346,2,1,1,1,133.0669580020185,True,9,50.0,8,6,3,3,154,15,139,73
1338,40.14667600000077,40.17667600000077,1400,2,2,1,1,132.3662909999257,True,9,50.0,8,6,2,4,154,6,148,85
1339,40.17667600000077,40.20667600000077,1366,2,1,2,1,132.56558400098584,True,9,50.0,8,8,4,4,147,10,137,73
1340,40.20667600000077,40.23667600000077,1257,2,1,1,1,131.7008749974775,True,9,50.0,8,6,3,3,145,5,140,90
1341,40.23667600000077,40.26667600000077,1331,2,2,1,1,132.10533300298266,True,9,50.0,8,5,1,4,160,5,155,94
1342,40.26667600000077,40.29667600000077,1374,2,1,2,1,132.28966699898592,True,9,50.0,8,7,3,4,156,9,147,80
1343,40.29667600000077,40.326676000000774,1320,2,2,2,1,137.05045799724758,True,9,50.0,8,5,1,4,134,2,132,105
1344,40.326676000000774,40.356676000000775,1310,3,3,2,2,132.84408299659844,True,9,50.0,8,5,1,4,147,2,145,79
1345,40.356676000000775,40.386676000000776,1122,1,1,1,1,132.9751250013942,True,9,50.0,8,2,0,2,126,0,126,69
1346,40.386676000000776,40.41667600000078,1166,3,2,1,1,133.21766700028093,True,9,50.0,8,5,1,4,136,7,129,48
1347,40.41667600000078,40.44667600000078,1135,2,2,1,1,133.78704199931235,True,9,50.0,8,3,0,3,119,0,119,82
1348,40.44667600000078,40.47667600000078,1036,2,1,2,1,132.07716699980665,True,9,50.0,8,4,2,2,117,12,105,56
1349,40.47667600000078,40.50667600000078,1044,2,1,2,1,132.05200000084005,True,9,50.0,8,4,2,2,102,12,90,43
1350,40.50667600000078,40.53667600000078,1068,2,1,2,1,131.8265000008978,True,9,50.0,8,8,3,5,126,11,115,59
1351,40.53667600000078,40.56667600000078,1055,2,2,2,1,132.92129100227612,True,9,50.0,8,4,0,4,117,0,117,71
1352,40.56667600000078,40.596676000000784,1063,2,1,2,1,132.67562499822816,True,9,50.0,8,7,2,5,113,12,101,69
1353,40.596676000000784,40.626676000000785,975,2,1,2,1,135.04875000216998,True,9,50.0,8,4,1,3,92,8,84,54
1354,40.626676000000785,40.656676000000786,941,1,1,1,0,131.62379099958343,True,9,50.0,8,4,1,3,79,2,77,67
1355,40.656676000000786,40.68667600000079,847,2,1,2,1,131.959166003071,True,9,50.0,8,5,3,2,75,7,68,54
1356,40.68667600000079,40.71667600000079,894,2,2,2,2,131.94408300114446,True,9,50.0,8,5,1,4,88,1,87,67
1357,40.71667600000079,40.74667600000079,936,2,2,2,2,133.00516700110165,True,9,50.0,8,4,1,3,89,1,88,59
1358,40.74667600000079,40.77667600000079,805,1,1,1,1,137.77883299917448,True,9,50.0,8,4,0,4,72,0,72,72
1359,40.77667600000079,40.80667600000079,835,2,2,2,2,144.63912499923026,True,9,50.0,8,4,0,4,79,0,79,33
1360,40.80667600000079,40.83667600000079,739,2,2,2,2,153.3897919980518,True,9,50.0,8,3,0,3,62,0,62,43
1361,40.83667600000079,40.866676000000794,731,2,2,2,2,147.4556660032249,True,9,50.0,8,5,2,3,66,5,61,72
1362,40.866676000000794,40.896676000000795,813,1,1,1,1,160.97262499897624,True,9,50.0,8,6,3,3,68,4,64,78
1363,40.896676000000795,40.926676000000796,778,1,1,1,1,137.25708299898542,True,9,50.0,8,6,4,2,66,7,59,55
1364,40.926676000000796,40.9566760000008,734,1,1,1,1,134.05533300101524,True,9,50.0,8,3,1,2,56,2,54,46
1365,40.9566760000008,40.9866760000008,758,2,1,1,1,133.46379100039485,True,9,50.0,8,4,1,3,62,5,57,74
1366,40.9866760000008,41.0166760000008,813,2,2,1,1,131.17862500075717,True,9,50.0,8,4,1,3,51,1,50,92
1367,41.0166760000008,41.0466760000008,945,2,2,2,1,132.47533300091163,True,9,50.0,8,6,2,4,101,3,98,68
1368,41.0466760000008,41.0766760000008,933,2,3,2,2,133.06124999871827,True,9,50.0,8,8,4,4,93,12,81,63
1369,41.0766760000008,41.1066760000008,985,2,2,2,1,135.57304200003273,True,9,50.0,8,5,1,4,99,1,98,60
1370,41.1066760000008,41.136676000000804,920,3,2,2,1,133.40712500212248,True,9,50.0,8,4,1,3,88,4,84,49
1371,41.136676000000804,41.166676000000805,880,2,2,2,2,133.17820800148183,True,9,50.0,8,4,1,3,81,2,79,60
1372,41.166676000000805,41.19667600000081,949,2,2,2,2,133.10037499832106,True,9,50.0,8,4,1,3,95,1,94,95
1373,41.19667600000081,41.22667600000081,968,3,2,2,2,131.34516700301901,True,9,50.0,8,4,1,3,90,4,86,96
1374,41.22667600000081,41.25667600000081,928,2,2,2,2,133.39866699971026,True,9,50.0,8,5,2,3,101,3,98,51
1375,41.25667600000081,41.28667600000081,963,2,2,2,2,150.4203750009765,True,9,50.0,8,3,0,3,86,0,86,60
1376,41.28667600000081,41.31667600000081,849,2,2,2,2,144.24279100057902,True,9,50.0,8,4,1,3,81,2,79,56
1377,41.31667600000081,41.34667600000081,905,2,2,2,2,134.8498750012368,True,9,50.0,8,4,1,3,89,3,86,44
1378,41.34667600000081,41.37667600000081,868,2,2,2,2,133.37670799955959,True,9,50.0,8,4,2,2,71,3,68,67
1379,41.37667600000081,41.406676000000814,853,2,2,2,2,132.78370900297887,True,9,50.0,8,6,3,3,67,7,60,60
1380,41.406676000000814,41.436676000000816,889,1,1,1,1,132.08587499684654,True,9,50.0,8,6,3,3,68,6,62,68
1381,41.436676000000816,41.46667600000082,929,2,2,2,2,130.92279199918266,True,9,50.0,8,4,2,2,76,12,64,67
1382,41.46667600000082,41.49667600000082,999,3,2,2,2,132.00283300102456,True,9,50.0,8,7,4,3,98,20,78,79
1383,41.49667600000082,41.52667600000082,994,4,3,2,2,134.18770800126367,True,9,50.0,8,7,3,4,108,15,93,95
1384,41.52667600000082,41.55667600000082,955,3,2,2,2,134.37195799997426,True,9,50.0,8,11,5,6,99,14,85,74
1385,41.55667600000082,41.58667600000082,851,3,3,2,2,133.79095799973584,True,9,50.0,8,7,2,5,86,12,74,92
1386,41.58667600000082,41.61667600000082,854,2,2,1,2,131.9034170010127,True,9,50.0,8,4,1,3,73,5,68,82
1387,41.61667600000082,41.646676000000824,924,3,3,3,3,135.1577499990526,True,9,50.0,8,7,2,5,90,6,84,76
1388,41.646676000000824,41.676676000000825,947,3,3,3,2,133.6077079977258,True,9,50.0,8,6,2,4,82,5,77,91
1389,41.676676000000825,41.706676000000826,1033,3,3,3,3,133.2529589999467,True,9,50.0,8,9,5,4,98,8,90,85
1390,41.706676000000826,41.73667600000083,1142,3,2,3,2,131.1257499983185,True,9,50.0,8,6,2,4,109,13,96,93
1391,41.73667600000083,41.76667600000083,1083,3,2,3,2,133.37787499767728,True,9,50.0,8,5,1,4,103,5,98,77
1392,41.76667600000083,41.79667600000083,1059,3,2,3,2,131.34820900086197,True,9,50.0,8,7,3,4,99,12,87,79
1393,41.79667600000083,41.82667600000083,1075,2,1,2,1,130.72183300027973,True,9,50.0,8,6,3,3,90,15,75,73
1394,41.82667600000083,41.85667600000083,942,2,1,2,1,137.11595800123177,True,9,50.0,8,4,2,2,92,14,78,85
1395,41.85667600000083,41.88667600000083,929,2,2,2,2,132.1501669990539,True,9,50.0,8,4,1,3,75,5,70,65
1396,41.88667600000083,41.916676000000834,922,2,1,2,1,149.39912500267383,True,9,50.0,8,6,3,3,86,12,74,81
1397,41.916676000000834,41.946676000000835,933,2,2,2,1,141.3221250004426,True,9,50.0,8,5,1,4,106,6,100,63
1398,41.946676000000835,41.976676000000836,817,2,2,2,2,136.53908299966133,True,9,50.0,8,7,3,4,69,11,58,65
1399,41.976676000000836,42.00667600000084,779,2,1,2,1,134.99537499956205,True,9,50.0,8,5,3,2,56,16,40,55
1400,42.00667600000084,42.03667600000084,708,2,1,2,1,135.9674579980492,True,9,50.0,8,5,3,2,44,13,31,61
1401,42.03667600000084,42.06667600000084,724,2,1,2,1,134.30629200229305,True,9,50.0,8,4,3,1,42,10,32,51
1402,42.06667600000084,42.09667600000084,697,2,2,2,1,165.01012499793433,True,9,50.0,8,3,1,2,50,3,47,28
1403,42.09667600000084,42.12667600000084,666,2,1,2,1,134.9761670026055,True,9,50.0,8,5,2,3,47,9,38,48
1404,42.12667600000084,42.15667600000084,697,2,1,2,1,135.11512499826495,True,9,50.0,8,5,3,2,43,13,30,46
1405,42.15667600000084,42.186676000000844,671,2,1,2,1,134.6214160003001,True,9,50.0,8,4,3,1,33,11,22,47
1406,42.186676000000844,42.216676000000845,619,1,1,1,1,133.05912500072736,True,9,50.0,8,6,5,1,40,15,25,38
1407,42.216676000000845,42.246676000000846,626,2,1,2,1,132.29574999786564,True,9,50.0,8,5,3,2,36,10,26,55
1408,42.246676000000846,42.27667600000085,673,2,1,2,1,132.52162500066333,True,9,50.0,8,4,3,1,19,6,13,37
1409,42.27667600000085,42.30667600000085,599,0,0,0,0,128.08833399685682,True,9,50.0,8,1,1,0,7,7,0,25
1410,42.30667600000085,42.33667600000085,571,1,0,1,0,131.36450000092736,True,9,50.0,8,3,2,1,21,12,9,62
1411,42.33667600000085,42.36667600000085,544,0,0,0,0,132.50625000000582,True,9,50.0,8,5,4,1,18,9,9,53
1412,42.36667600000085,42.39667600000085,570,0,0,0,0,131.42858399805846,True,9,50.0,8,3,2,1,12,3,9,18
1413,42.39667600000085,42.42667600000085,567,0,0,0,0,130.31533299727016,True,9,50.0,8,2,1,1,11,2,9,13
1414,42.42667600000085,42.456676000000854,550,1,1,0,0,135.48195799739915,True,9,50.0,8,4,2,2,23,5,18,21
1415,42.456676000000854,42.486676000000855,545,0,0,0,0,135.84691700089024,True,9,50.0,8,2,1,1,10,1,9,41
1416,42.486676000000855,42.51667600000086,516,1,0,0,0,131.62558399926638,True,9,50.0,8,1,1,0,4,4,0,49
1417,42.51667600000086,42.54667600000086,522,0,0,0,0,132.96079100109637,True,9,50.0,8,0,0,0,0,0,0,21
1418,42.54667600000086,42.57667600000086,584,0,0,0,0,131.1364590001176,True,9,50.0,8,1,1,0,4,4,0,20
1419,42.57667600000086,42.60667600000086,543,0,0,0,0,131.1093330004951,True,9,50.0,8,1,1,0,1,1,0,38
1420,42.60667600000086,42.63667600000086,607,0,0,0,0,130.4039160022512,True,9,50.0,8,0,0,0,0,0,0,21
1421,42.63667600000086,42.66667600000086,634,0,0,0,0,133.05241700072656,True,9,50.0,8,2,1,1,11,2,9,36
1422,42.66667600000086,42.69667600000086,673,0,0,0,0,131.0497500016936,True,9,50.0,8,4,4,0,5,5,0,28
1423,42.69667600000086,42.726676000000865,671,0,0,0,0,129.05091700304183,True,9,50.0,8,4,4,0,13,13,0,163
1424,42.726676000000865,42.756676000000866,804,0,0,0,0,130.72766700133798,True,9,50.0,8,5,5,0,8,8,0,167
1425,42.756676000000866,42.78667600000087,716,0,0,0,0,130.03737500184798,True,9,50.0,8,3,3,0,8,8,0,91
1426,42.78667600000087,42.81667600000087,732,1,1,0,0,132.4483339994913,True,9,50.0,8,2,1,1,13,1,12,52
1427,42.81667600000087,42.84667600000087,703,1,0,0,0,132.1884589997353,True,9,50.0,8,2,2,0,9,9,0,80
1428,42.84667600000087,42.87667600000087,808,1,0,1,0,133.5345839979709,True,9,50.0,8,1,1,0,6,6,0,84
1429,42.87667600000087,42.90667600000087,846,1,0,1,0,130.6918330010376,True,9,50.0,8,2,2,0,6,6,0,97
1430,42.90667600000087,42.93667600000087,745,0,0,0,0,137.88325000132318,True,9,50.0,8,2,1,1,11,2,9,82
1431,42.93667600000087,42.966676000000874,718,0,0,0,0,131.31812500068918,True,9,50.0,8,4,2,2,26,8,18,24
1432,42.966676000000874,42.996676000000875,655,2,1,1,0,131.19758300308604,True,9,50.0,8,2,1,1,17,3,14,25
1433,42.996676000000875,43.026676000000876,774,2,2,0,0,130.8014579990413,True,9,50.0,8,2,0,2,29,0,29,132
1434,43.026676000000876,43.05667600000088,766,2,1,2,1,131.51079199815285,True,9,50.0,8,4,2,2,28,6,22,123
1435,43.05667600000088,43.08667600000088,1061,2,1,2,1,131.79154099998414,True,9,50.0,8,5,4,1,29,12,17,422
1436,43.08667600000088,43.11667600000088,2229,2,2,2,0,131.66712500242284,True,9,50.0,8,6,4,2,54,8,46,1174
1437,43.11667600000088,43.14667600000088,1378,3,2,2,1,135.82091699936427,True,9,50.0,8,13,8,5,84,27,57,410
1438,43.14667600000088,43.17667600000088,1112,3,0,2,0,132.24783400073647,True,9,50.0,8,13,11,2,46,28,18,171
1439,43.17667600000088,43.20667600000088,1085,2,2,2,2,132.6902090004296,True,9,50.0,8,5,3,2,43,4,39,200
1440,43.20667600000088,43.236676000000884,1113,3,1,2,1,133.48374999986845,True,9,50.0,8,10,8,2,44,16,28,219
1441,43.236676000000884,43.266676000000885,1120,3,2,2,2,133.56766699871514,True,9,50.0,8,8,6,2,36,12,24,226
1442,43.266676000000885,43.296676000000886,1143,0,0,0,0,131.52508399798535,True,9,50.0,8,7,6,1,17,8,9,217
1443,43.296676000000886,43.32667600000089,1140,2,1,0,0,132.90199999755714,True,9,50.0,8,11,9,2,36,18,18,225
1444,43.32667600000089,43.35667600000089,994,1,0,0,0,133.76195800083224,True,9,50.0,8,4,3,1,18,9,9,149
1445,43.35667600000089,43.38667600000089,706,1,0,0,0,130.65087500217487,True,9,50.0,8,6,6,0,14,14,0,84
1446,43.38667600000089,43.41667600000089,699,2,1,1,0,131.80787499732105,True,9,50.0,8,4,3,1,23,14,9,66
1447,43.41667600000089,43.44667600000089,726,2,1,1,0,134.04987499961862,True,9,50.0,8,5,4,1,23,13,10,74
1448,43.44667600000089,43.47667600000089,696,2,1,1,0,132.50462500218418,True,9,50.0,8,4,3,1,25,11,14,53
1449,43.47667600000089,43.506676000000894,736,2,0,2,0,130.0981660024263,True,9,50.0,8,6,6,0,29,29,0,47
1450,43.506676000000894,43.536676000000895,728,2,2,2,1,133.98083400170435,True,9,50.0,8,4,2,2,27,6,21,78
1451,43.536676000000895,43.566676000000896,706,2,0,2,0,130.32249999741907,True,9,50.0,8,5,5,0,30,30,0,49
1452,43.566676000000896,43.5966760000009,647,2,1,2,0,131.89545899876975,True,9,50.0,8,7,4,3,46,18,28,59
1453,43.5966760000009,43.6266760000009,598,2,1,2,0,131.8049580004299,True,9,50.0,8,3,2,1,22,11,11,84
1454,43.6266760000009,43.6566760000009,589,1,1,1,0,133.28195799840614,True,9,50.0,8,4,1,3,35,2,33,38
1455,43.6566760000009,43.6866760000009,628,1,1,1,0,132.34333299988066,True,9,50.0,8,3,1,2,25,1,24,47
1456,43.6866760000009,43.7166760000009,617,1,1,1,1,130.78683400090085,True,9,50.0,8,3,2,1,38,12,26,39
1457,43.7166760000009,43.7466760000009,629,1,1,1,1,131.0799999992014,True,9,50.0,8,3,1,2,51,3,48,42
1458,43.7466760000009,43.776676000000904,656,1,1,1,1,132.05350000134786,True,9,50.0,8,1,0,1,39,0,39,56
1459,43.776676000000904,43.806676000000905,634,1,1,1,1,133.53966700015008,True,9,50.0,8,4,0,4,46,0,46,48
1460,43.806676000000905,43.83667600000091,653,1,1,1,1,133.91925000178162,True,9,50.0,8,4,1,3,47,1,46,43
1461,43.83667600000091,43.86667600000091,641,1,1,1,1,132.76495799800614,True,9,50.0,8,4,1,3,40,2,38,27
1462,43.86667600000091,43.89667600000091,639,1,1,1,1,131.23491599981207,True,9,50.0,8,3,2,1,30,5,25,60
1463,43.89667600000091,43.92667600000091,701,1,1,1,1,130.40100000216626,True,9,50.0,8,3,1,2,48,4,44,44
1464,43.92667600000091,43.95667600000091,646,1,1,1,1,132.8572090023954,True,9,50.0,8,5,2,3,64,6,58,47
1465,43.95667600000091,43.98667600000091,678,1,1,1,1,133.59291699816822,True,9,50.0,8,2,1,1,59,2,57,59
1466,43.98667600000091,44.01667600000091,648,1,1,1,1,132.11383299858426,True,9,50.0,8,2,0,2,56,0,56,57
1467,44.01667600000091,44.046676000000915,666,1,1,1,1,131.83362500058138,True,9,50.0,8,3,1,2,59,2,57,48
1468,44.046676000000915,44.076676000000916,699,1,1,1,1,130.75254100112943,True,9,50.0,8,1,0,1,49,0,49,47
1469,44.076676000000916,44.10667600000092,685,2,1,1,1,131.29487500191317,True,9,50.0,8,3,1,2,56,4,52,59
1470,44.10667600000092,44.13667600000092,637,1,1,1,1,131.12591699973564,True,9,50.0,8,3,1,2,52,1,51,58
1471,44.13667600000092,44.16667600000092,690,1,1,1,1,133.314041999256,True,9,50.0,8,2,0,2,81,0,81,59
1472,44.16667600000092,44.19667600000092,689,1,1,1,1,131.2867919987184,True,9,50.0,8,2,0,2,54,0,54,51
1473,44.19667600000092,44.22667600000092,732,1,1,1,1,131.89295799747924,True,9,50.0,8,2,0,2,73,0,73,79
1474,44.22667600000092,44.25667600000092,734,1,1,1,1,131.13058299859404,True,9,50.0,8,1,0,1,61,0,61,79
1475,44.25667600000092,44.286676000000924,749,1,1,1,1,130.9457499992277,True,9,50.0,8,4,1,3,54,1,53,74
1476,44.286676000000924,44.316676000000925,732,1,1,1,1,130.48308299767086,True,9,50.0,8,3,1,2,55,2,53,52
1477,44.316676000000925,44.346676000000926,747,1,1,1,1,130.85445899923798,True,9,50.0,8,2,1,1,67,2,65,45
1478,44.346676000000926,44.37667600000093,720,1,1,1,1,130.86958300118567,True,9,50.0,8,2,0,2,58,0,58,39
1479,44.37667600000093,44.40667600000093,764,1,1,1,1,130.54079100038507,True,9,50.0,8,2,0,2,49,0,49,65
1480,44.40667600000093,44.43667600000093,825,1,1,1,1,129.6584170013375,True,9,50.0,8,3,1,2,41,2,39,90
1481,44.43667600000093,44.46667600000093,844,1,1,1,1,129.97262499993667,True,9,50.0,8,6,4,2,49,14,35,47
1482,44.46667600000093,44.49667600000093,816,2,1,1,1,132.65245799993863,True,9,50.0,8,4,1,3,56,6,50,70
1483,44.49667600000093,44.52667600000093,789,1,2,1,1,133.4164170002623,True,9,50.0,8,4,1,3,48,7,41,62
1484,44.52667600000093,44.556676000000934,849,2,1,1,0,131.63416599854827,True,9,50.0,8,3,1,2,79,5,74,84
1485,44.556676000000934,44.586676000000935,806,1,1,1,1,131.69783299963456,True,9,50.0,8,4,2,2,64,4,60,68
1486,44.586676000000935,44.616676000000936,831,2,1,2,1,133.90954199712723,True,9,50.0,8,4,1,3,58,3,55,151
1487,44.616676000000936,44.64667600000094,860,2,1,2,1,133.63808299982338,True,9,50.0,8,4,1,3,57,4,53,84
1488,44.64667600000094,44.67667600000094,822,2,1,2,1,132.84483299867134,True,9,50.0,8,6,2,4,54,7,47,74
1489,44.67667600000094,44.70667600000094,808,1,1,1,1,133.3568340014608,True,9,50.0,8,4,1,3,68,2,66,85
1490,44.70667600000094,44.73667600000094,887,2,1,2,1,134.35883300189744,True,9,50.0,8,7,2,5,98,6,92,94
1491,44.73667600000094,44.76667600000094,939,2,1,2,1,133.30812500134925,True,9,50.0,8,7,4,3,83,10,73,197
1492,44.76667600000094,44.79667600000094,1026,2,1,2,1,130.80908299889416,True,9,50.0,8,3,2,1,96,11,85,232
1493,44.79667600000094,44.826676000000944,875,1,1,1,1,133.74558400028036,True,9,50.0,8,5,2,3,107,3,104,101
1494,44.826676000000944,44.856676000000945,958,2,1,2,1,131.402374998288,True,9,50.0,8,7,4,3,93,9,84,165
1495,44.856676000000945,44.886676000000946,963,2,1,2,1,132.4185830017086,True,9,50.0,8,9,5,4,98,15,83,113
1496,44.886676000000946,44.91667600000095,1081,2,1,1,1,133.6091250013851,True,9,50.0,8,6,3,3,131,13,118,177
1497,44.91667600000095,44.94667600000095,1323,3,2,2,1,133.61400000212598,True,9,50.0,8,5,1,4,185,6,179,164
1498,44.94667600000095,44.97667600000095,1344,3,2,3,1,132.32758400044986,True,9,50.0,8,6,2,4,191,6,185,140
1499,44.97667600000095,45.00667600000095,1139,1,1,1,1,131.12891600030707,True,9,50.0,8,5,1,4,130,6,124,138
1500,45.00667600000095,45.03667600000095,1112,2,1,2,1,133.47862500086194,True,9,50.0,8,9,6,3,102,16,86,165
1501,45.03667600000095,45.06667600000095,1400,3,1,1,1,132.96020800044062,True,9,50.0,8,8,4,4,126,13,113,405
1502,45.06667600000095,45.096676000000954,1244,2,2,2,1,132.8831659993739,True,9,50.0,8,10,5,5,127,15,112,232
1503,45.096676000000954,45.126676000000955,968,1,1,1,1,132.34937499873922,True,9,50.0,8,9,3,6,101,5,96,121
1504,45.126676000000955,45.15667600000096,935,1,1,1,1,132.997416996659,True,9,50.0,8,5,1,4,100,2,98,95
1505,45.15667600000096,45.18667600000096,868,1,1,1,1,131.75079099892173,True,9,50.0,8,2,0,2,92,0,92,104
1506,45.18667600000096,45.21667600000096,910,1,1,1,1,131.9723749984405,True,9,50.0,8,7,3,4,81,15,66,154
1507,45.21667600000096,45.24667600000096,986,2,1,1,1,130.97579199893516,True,9,50.0,8,6,3,3,70,16,54,168
1508,45.24667600000096,45.27667600000096,770,1,1,1,1,132.36937499823398,True,9,50.0,8,4,1,3,56,4,52,56
1509,45.27667600000096,45.30667600000096,761,1,1,1,1,132.46287499714526,True,9,50.0,8,5,2,3,45,8,37,86
1510,45.30667600000096,45.33667600000096,942,2,2,1,1,132.32337500085123,True,9,50.0,8,6,1,5,76,3,73,102
1511,45.33667600000096,45.366676000000965,830,2,2,1,1,131.32304099781322,True,9,50.0,8,5,1,4,59,5,54,95
1512,45.366676000000965,45.396676000000966,834,2,2,1,1,132.8756250004517,True,9,50.0,8,6,2,4,66,8,58,103
1513,45.396676000000966,45.42667600000097,920,3,2,1,1,133.56662500154926,True,9,50.0,8,8,3,5,83,16,67,116
1514,45.42667600000097,45.45667600000097,667,2,1,1,1,131.23075000112294,True,9,50.0,8,7,5,2,37,16,21,59
1515,45.45667600000097,45.48667600000097,682,2,1,1,1,130.49787499767262,True,9,50.0,8,5,4,1,35,20,15,58
1516,45.48667600000097,45.51667600000097,640,2,2,2,1,132.07799999872805,True,9,50.0,8,6,2,4,48,2,46,77
1517,45.51667600000097,45.54667600000097,638,2,2,2,1,130.9873329992115,True,9,50.0,8,2,0,2,23,0,23,64
1518,45.54667600000097,45.57667600000097,636,1,0,1,0,128.89275000270572,True,9,50.0,8,10,9,1,32,23,9,78
1519,45.57667600000097,45.606676000000974,718,2,2,2,1,132.26612499784096,True,9,50.0,8,7,3,4,70,5,65,41
1520,45.606676000000974,45.636676000000975,804,2,2,2,2,132.02575000104844,True,9,50.0,8,5,1,4,68,4,64,67
1521,45.636676000000975,45.666676000000976,749,2,2,2,2,131.46833399878233,True,9,50.0,8,4,1,3,43,6,37,73
1522,45.666676000000976,45.69667600000098,684,2,1,2,1,130.32529200063436,True,9,50.0,8,5,3,2,38,10,28,90
1523,45.69667600000098,45.72667600000098,664,1,1,1,1,129.48116699772072,True,9,50.0,8,5,3,2,39,11,28,68
1524,45.72667600000098,45.75667600000098,686,2,2,1,2,132.06395800079918,True,9,50.0,8,8,6,2,36,10,26,59
1525,45.75667600000098,45.78667600000098,708,2,1,2,0,131.00587499866378,True,9,50.0,8,9,5,4,49,13,36,56
1526,45.78667600000098,45.81667600000098,659,1,0,1,0,129.29220799924224,True,9,50.0,8,5,5,0,16,16,0,102
1527,45.81667600000098,45.84667600000098,668,1,0,1,0,130.37741700100014,True,9,50.0,8,6,3,3,43,16,27,80
1528,45.84667600000098,45.876676000000984,638,2,0,2,0,131.6927499974554,True,9,50.0,8,7,4,3,42,15,27,55
1529,45.876676000000984,45.906676000000985,681,2,1,1,0,131.0940830007894,True,9,50.0,8,5,3,2,45,17,28,58
1530,45.906676000000985,45.936676000000986,650,2,0,1,0,128.19320799826528,True,9,50.0,8,7,7,0,27,27,0,81
1531,45.936676000000986,45.96667600000099,726,1,2,1,0,131.7068750031467,True,9,50.0,8,6,3,3,46,16,30,84
1532,45.96667600000099,45.99667600000099,715,2,2,1,0,131.5318750021106,True,9,50.0,8,4,2,2,45,4,41,84
1533,45.99667600000099,46.02667600000099,660,1,1,1,1,129.77170900194324,True,9,50.0,8,2,0,2,33,0,33,62
1534,46.02667600000099,46.05667600000099,721,2,2,2,1,131.48708299922873,True,9,50.0,8,6,3,3,39,8,31,42
1535,46.05667600000099,46.08667600000099,825,1,1,1,0,133.37041600243538,True,9,50.0,8,6,1,5,79,1,78,37
1536,46.08667600000099,46.11667600000099,854,2,1,1,1,133.39154200002667,True,9,50.0,8,4,2,2,65,9,56,63
1537,46.11667600000099,46.146676000000994,959,4,4,1,1,133.55287500235136,True,9,50.0,8,6,1,5,78,5,73,62
1538,46.146676000000994,46.176676000000995,983,2,2,2,1,133.94145900019794,True,9,50.0,8,6,2,4,84,3,81,61
1539,46.176676000000995,46.206676000000996,1038,2,2,2,2,132.66541700068046,True,9,50.0,8,6,3,3,87,5,82,85
1540,46.206676000000996,46.236676000001,966,2,2,2,2,132.12079100048868,True,9,50.0,8,3,0,3,67,0,67,44
1541,46.236676000001,46.266676000001,1080,2,2,2,2,130.38608399801888,True,9,50.0,8,9,4,5,82,4,78,69
1542,46.266676000001,46.296676000001,1163,2,2,2,2,131.23845800146228,True,9,50.0,8,5,1,4,94,2,92,80
1543,46.296676000001,46.326676000001,1136,2,2,2,2,133.36200000048848,True,9,50.0,8,5,2,3,113,8,105,95
1544,46.326676000001,46.356676000001,1192,2,2,2,2,133.92212500184542,True,9,50.0,8,7,3,4,119,5,114,83
1545,46.356676000001,46.386676000001,1221,2,2,2,2,133.9387500011071,True,9,50.0,8,6,2,4,107,7,100,112
1546,46.386676000001,46.416676000001004,1254,3,2,2,2,132.92366699897684,True,9,50.0,8,7,5,2,99,15,84,100
1547,46.416676000001004,46.446676000001005,1327,3,2,1,2,130.9873329992115,True,9,50.0,8,10,6,4,128,16,112,90
1548,46.446676000001005,46.47667600000101,1403,3,2,1,2,131.14025000322727,True,9,50.0,8,9,5,4,131,12,119,139
1549,46.47667600000101,46.50667600000101,1319,3,2,2,2,130.93095799922594,True,9,50.0,8,6,2,4,143,4,139,90
1550,46.50667600000101,46.53667600000101,1240,4,3,3,2,131.89837500249268,True,9,50.0,8,7,2,5,129,8,121,102
1551,46.53667600000101,46.56667600000101,1300,3,3,2,2,131.2382920004893,True,9,50.0,8,5,1,4,114,1,113,120
1552,46.56667600000101,46.59667600000101,1343,3,3,3,3,131.20879100097227,True,9,50.0,8,5,1,4,144,8,136,109
1553,46.59667600000101,46.62667600000101,1343,3,4,3,3,131.65254199702758,True,9,50.0,8,12,7,5,147,27,120,167
1554,46.62667600000101,46.65667600000101,1321,3,3,3,3,132.43054099802976,True,9,50.0,8,14,8,6,120,28,92,137
1555,46.65667600000101,46.686676000001015,1300,3,3,3,3,134.0627499994298,True,9,50.0,8,13,7,6,132,15,117,139
1556,46.686676000001015,46.716676000001016,1448,3,4,1,2,135.35575000059907,True,9,50.0,8,10,4,6,158,11,147,127
1557,46.716676000001016,46.74667600000102,1451,3,3,2,3,132.19912500062492,True,9,50.0,8,12,7,5,182,29,153,139
1558,46.74667600000102,46.77667600000102,1612,2,3,2,3,133.26395799958846,True,9,50.0,8,13,7,6,196,17,179,135
1559,46.77667600000102,46.80667600000102,1729,3,4,3,3,134.28012499934994,True,9,50.0,8,9,5,4,219,19,200,159
1560,46.80667600000102,46.83667600000102,1808,3,3,2,3,133.22845799848437,True,9,50.0,8,12,9,3,213,25,188,152
1561,46.83667600000102,46.86667600000102,1894,4,4,3,4,133.70941700122785,True,9,50.0,8,10,5,5,245,17,228,141
1562,46.86667600000102,46.89667600000102,2070,4,3,3,3,132.04729200151633,True,9,50.0,8,8,3,5,258,15,243,133
1563,46.89667600000102,46.926676000001024,2221,2,3,1,3,131.68645800033119,True,9,50.0,8,12,8,4,267,17,250,140
1564,46.926676000001024,46.956676000001025,2491,3,3,2,3,132.50516700281878,True,9,50.0,8,12,8,4,276,25,251,159
1565,46.956676000001025,46.986676000001026,2629,3,3,3,3,131.77779199759243,True,9,50.0,8,10,6,4,272,13,259,141
1566,46.986676000001026,47.01667600000103,2733,3,3,3,3,133.09129199842573,True,9,50.0,8,9,5,4,289,12,277,146
1567,47.01667600000103,47.04667600000103,2913,4,3,3,3,135.02475000132108,True,9,50.0,8,9,4,5,323,17,306,154
1568,47.04667600000103,47.07667600000103,2945,3,3,2,3,134.21808400016744,True,9,50.0,8,14,8,6,337,22,315,189
1569,47.07667600000103,47.10667600000103,2947,4,3,4,2,134.24837500133435,True,9,50.0,8,11,8,3,294,26,268,184
1570,47.10667600000103,47.13667600000103,3066,4,3,3,2,134.29883400021936,True,9,50.0,8,12,8,4,327,31,296,187
1571,47.13667600000103,47.16667600000103,2970,4,4,3,2,135.19154200184857,True,9,50.0,8,17,10,7,335,19,316,151
1572,47.16667600000103,47.196676000001034,2925,4,4,4,3,135.63300000168965,True,9,50.0,8,15,10,5,334,30,304,202
1573,47.196676000001034,47.226676000001035,2919,4,3,3,3,134.9846669982071,True,9,50.0,8,13,8,5,319,26,293,182
1574,47.226676000001035,47.256676000001036,2953,4,4,2,3,136.06433300083154,True,9,50.0,8,15,10,5,324,27,297,176
1575,47.256676000001036,47.28667600000104,2958,4,4,4,3,137.54229199912515,True,9,50.0,8,14,8,6,336,22,314,196
1576,47.28667600000104,47.31667600000104,2817,4,4,4,4,137.97458300177823,True,9,50.0,8,10,4,6,313,14,299,177
1577,47.31667600000104,47.34667600000104,2942,4,4,4,4,136.45891600026516,True,9,50.0,8,10,4,6,346,12,334,191
1578,47.34667600000104,47.37667600000104,2945,4,4,4,4,133.44070899984217,True,9,50.0,8,13,7,6,335,20,315,217
1579,47.37667600000104,47.40667600000104,3114,4,3,4,3,132.83437499922002,True,9,50.0,8,17,12,5,343,29,314,224
1580,47.40667600000104,47.43667600000104,3167,4,4,4,3,134.80854199951864,True,9,50.0,8,15,9,6,356,25,331,215
1581,47.43667600000104,47.466676000001044,3186,4,4,3,3,135.27804099794594,True,9,50.0,8,16,9,7,382,25,357,206
1582,47.466676000001044,47.496676000001045,3001,3,3,3,3,134.97004199962248,True,9,50.0,8,15,9,6,356,23,333,203
1583,47.496676000001045,47.526676000001046,3028,4,3,3,3,132.09316600114107,True,9,50.0,8,13,10,3,336,35,301,197
1584,47.526676000001046,47.55667600000105,3054,4,3,3,3,133.79662500301492,True,9,50.0,8,13,10,3,325,41,284,232
1585,47.55667600000105,47.58667600000105,2934,4,3,4,3,133.70633299928159,True,9,50.0,8,15,11,4,313,28,285,204
1586,47.58667600000105,47.61667600000105,2891,4,3,4,3,133.50166700183763,True,9,50.0,8,16,11,5,343,24,319,216
1587,47.61667600000105,47.64667600000105,2909,4,2,2,2,134.27387500269106,True,9,50.0,8,13,10,3,324,42,282,193
1588,47.64667600000105,47.67667600000105,2903,4,4,4,3,133.09366699832026,True,9,50.0,8,14,10,4,307,21,286,204
1589,47.67667600000105,47.70667600000105,2898,4,4,3,3,133.13129199741525,True,9,50.0,8,18,12,6,331,35,296,185
1590,47.70667600000105,47.736676000001054,2977,4,4,4,4,133.39937500131782,True,9,50.0,8,20,15,5,340,51,289,224
1591,47.736676000001054,47.766676000001056,2899,4,4,4,3,134.6035419992404,True,9,50.0,8,21,15,6,348,42,306,206
1592,47.766676000001056,47.79667600000106,2824,4,4,4,4,133.7275839978247,True,9,50.0,8,14,8,6,319,23,296,227
1593,47.79667600000106,47.82667600000106,2687,3,3,2,3,132.73808299709344,True,9,50.0,8,18,11,7,300,27,273,231
1594,47.82667600000106,47.85667600000106,2410,4,3,3,3,130.81554200107348,True,9,50.0,8,18,13,5,300,40,260,248
1595,47.85667600000106,47.88667600000106,2466,4,4,3,3,132.87762500112876,True,9,50.0,8,19,12,7,308,37,271,202
1596,47.88667600000106,47.91667600000106,2522,4,4,4,3,133.44287499785423,True,9,50.0,8,19,10,9,309,23,286,270
1597,47.91667600000106,47.94667600000106,2574,4,3,4,3,135.66529199670185,True,9,50.0,8,19,11,8,308,24,284,272
1598,47.94667600000106,47.97667600000106,2621,3,3,3,3,135.55295799960732,True,9,50.0,8,23,15,8,303,37,266,284
1599,47.97667600000106,48.006676000001065,2629,4,4,4,3,133.10975000058534,True,9,50.0,8,18,10,8,310,34,276,254
1600,48.006676000001065,48.036676000001066,2547,4,4,3,3,134.75062499855994,True,9,50.0,8,23,17,6,306,52,254,245
1601,48.036676000001066,48.06667600000107,2774,3,3,2,3,134.88295800198102,True,9,50.0,8,21,14,7,296,37,259,301
1602,48.06667600000107,48.09667600000107,2870,4,4,3,3,131.62437500068336,True,9,50.0,8,28,21,7,304,52,252,298
1603,48.09667600000107,48.12667600000107,2929,4,3,3,2,132.1862089971546,True,9,50.0,8,24,15,9,307,41,266,281
1604,48.12667600000107,48.15667600000107,2861,4,4,4,4,132.81937499777996,True,9,50.0,8,26,17,9,288,40,248,302
1605,48.15667600000107,48.18667600000107,2718,4,4,3,4,132.4233329978597,True,9,50.0,8,25,19,6,272,59,213,265
1606,48.18667600000107,48.21667600000107,2683,4,4,3,3,131.73287499739672,True,9,50.0,8,20,14,6,265,40,225,249
1607,48.21667600000107,48.246676000001074,2743,4,4,3,2,134.22879099744023,True,9,50.0,8,23,15,8,274,38,236,276
1608,48.246676000001074,48.276676000001075,2739,4,4,3,3,136.85137499851407,True,9,50.0,8,22,16,6,267,53,214,298
1609,48.276676000001075,48.306676000001076,2770,4,4,3,3,133.46137500047917,True,9,50.0,8,27,19,8,295,58,237,322
1610,48.306676000001076,48.33667600000108,2805,4,3,4,3,133.73087500076508,True,9,50.0,8,22,14,8,267,53,214,330
1611,48.33667600000108,48.36667600000108,2846,4,4,4,3,133.84979099646444,True,9,50.0,8,27,19,8,272,55,217,332
1612,48.36667600000108,48.39667600000108,2747,4,4,3,3,134.27483399937046,True,9,50.0,8,24,17,7,261,46,215,249
1613,48.39667600000108,48.42667600000108,2813,4,4,4,4,134.69445900045685,True,9,50.0,8,23,17,6,250,36,214,318
1614,48.42667600000108,48.45667600000108,2711,4,4,3,4,135.5954999999085,True,9,50.0,8,21,13,8,250,32,218,308
1615,48.45667600000108,48.48667600000108,2563,4,4,4,4,134.4012500012468,True,9,50.0,8,23,18,5,227,63,164,298
1616,48.48667600000108,48.516676000001084,2524,4,4,3,4,132.55233399831923,True,9,50.0,8,26,20,6,221,68,153,288
1617,48.516676000001084,48.546676000001085,2561,4,4,4,4,133.58054199852631,True,9,50.0,8,29,22,7,230,64,166,289
1618,48.546676000001085,48.576676000001086,2448,4,4,4,4,136.5195419966767,True,9,50.0,8,24,16,8,204,44,160,283
1619,48.576676000001086,48.60667600000109,2267,4,3,4,2,133.89033299972652,True,9,50.0,8,25,19,6,162,55,107,277
1620,48.60667600000109,48.63667600000109,2194,4,2,3,2,133.2229580002604,True,9,50.0,8,22,17,5,143,36,107,228
1621,48.63667600000109,48.66667600000109,2244,4,4,3,3,134.59962500201073,True,9,50.0,8,23,17,6,175,51,124,297
1622,48.66667600000109,48.69667600000109,2121,4,2,3,2,135.3932080019149,True,9,50.0,8,26,21,5,136,54,82,339
1623,48.69667600000109,48.72667600000109,2211,4,4,3,3,133.8675000006333,True,9,50.0,8,31,24,7,180,61,119,298
1624,48.72667600000109,48.75667600000109,2197,4,4,3,2,132.65675000002375,True,9,50.0,8,26,15,11,159,41,118,312
1625,48.75667600000109,48.786676000001094,2028,4,4,3,3,134.09487500030082,True,9,50.0,8,21,14,7,141,43,98,228
1626,48.786676000001094,48.816676000001095,1978,4,4,3,3,136.55458300127066,True,9,50.0,8,21,13,8,140,33,107,235
1627,48.816676000001095,48.846676000001096,2027,4,4,4,3,134.88895900081843,True,9,50.0,8,22,15,7,147,37,110,259
1628,48.846676000001096,48.8766760000011,2071,4,4,4,3,133.81654199838522,True,9,50.0,8,15,8,7,154,15,139,243
1629,48.8766760000011,48.9066760000011,2103,4,4,3,3,133.3960410011059,True,9,50.0,8,23,16,7,185,45,140,233
1630,48.9066760000011,48.9366760000011,2161,4,4,4,4,133.3692920015892,True,9,50.0,8,19,12,7,212,41,171,258
1631,48.9366760000011,48.9666760000011,2109,4,4,4,4,133.51266600147937,True,9,50.0,8,21,15,6,166,41,125,241
1632,48.9666760000011,48.9966760000011,2119,3,3,3,3,132.56391700269887,True,9,50.0,8,22,16,6,157,49,108,290
1633,48.9966760000011,49.0266760000011,2246,4,4,4,4,134.11174999782816,True,9,50.0,8,18,10,8,219,41,178,235
1634,49.0266760000011,49.056676000001104,2297,4,4,4,4,133.42941700102529,True,9,50.0,8,21,13,8,211,35,176,237
1635,49.056676000001104,49.086676000001106,2225,4,4,3,4,132.50516700281878,True,9,50.0,8,18,10,8,205,33,172,248
1636,49.086676000001106,49.11667600000111,2229,4,4,4,4,132.6407910019043,True,9,50.0,8,25,17,8,208,50,158,289
1637,49.11667600000111,49.14667600000111,2169,4,3,4,3,134.75320799989277,True,9,50.0,8,24,16,8,200,49,151,287
1638,49.14667600000111,49.17667600000111,2263,4,4,4,3,134.21545900200726,True,9,50.0,8,19,10,9,217,34,183,282
1639,49.17667600000111,49.20667600000111,2176,4,3,4,3,133.61349999831873,True,9,50.0,8,18,11,7,192,42,150,259
1640,49.20667600000111,49.23667600000111,2314,4,4,4,3,135.79133299936075,True,9,50.0,8,29,20,9,213,45,168,312
1641,49.23667600000111,49.26667600000111,2327,4,3,4,3,135.60504099950776,True,9,50.0,8,21,12,9,214,39,175,250
1642,49.26667600000111,49.29667600000111,2308,4,4,4,3,133.80562500242377,True,9,50.0,8,25,18,7,240,46,194,278
1643,49.29667600000111,49.326676000001115,2353,4,4,3,4,130.860749999556,True,9,50.0,8,25,17,8,233,38,195,317
1644,49.326676000001115,49.356676000001116,2279,4,4,4,4,132.5896250018559,True,9,50.0,8,22,14,8,249,36,213,253
1645,49.356676000001116,49.38667600000112,2147,2,3,2,3,133.0370839968964,True,9,50.0,8,19,12,7,225,33,192,265
1646,49.38667600000112,49.41667600000112,2144,3,3,3,3,132.83016700006556,True,9,50.0,8,19,11,8,227,30,197,251
1647,49.41667600000112,49.44667600000112,2111,4,4,3,4,133.49525000012363,True,9,50.0,8,24,18,6,252,63,189,262
1648,49.44667600000112,49.47667600000112,2122,3,4,2,3,132.93400000111433,True,9,50.0,8,21,15,6,229,43,186,278
1649,49.47667600000112,49.50667600000112,2007,3,3,3,3,133.03429200095707,True,9,50.0,8,23,15,8,227,31,196,239
1650,49.50667600000112,49.53667600000112,2067,4,4,3,3,132.7371250008582,True,9,50.0,8,21,13,8,227,30,197,278
1651,49.53667600000112,49.566676000001124,2201,4,4,3,4,132.60779099800857,True,9,50.0,8,23,15,8,231,28,203,286
1652,49.566676000001124,49.596676000001125,2157,3,4,3,4,133.72558300034143,True,9,50.0,8,19,12,7,219,28,191,283
1653,49.596676000001125,49.626676000001126,2252,4,3,3,3,131.93558399871108,True,9,50.0,8,20,12,8,234,33,201,267
1654,49.626676000001126,49.65667600000113,2085,4,4,3,4,132.31366699983482,True,9,50.0,8,21,14,7,214,36,178,254
1655,49.65667600000113,49.68667600000113,2092,3,3,3,3,132.47091700031888,True,9,50.0,8,21,14,7,185,31,154,265
1656,49.68667600000113,49.71667600000113,2029,4,3,3,3,133.39545800045016,True,9,50.0,8,29,21,8,203,65,138,310
1657,49.71667600000113,49.74667600000113,2036,3,3,3,3,133.65004200022668,True,9,50.0,8,24,18,6,180,42,138,255
1658,49.74667600000113,49.77667600000113,2035,4,4,3,4,132.3163340020983,True,9,50.0,8,23,16,7,151,39,112,284
1659,49.77667600000113,49.80667600000113,1993,4,4,3,4,134.0259579992562,True,9,50.0,8,26,20,6,164,57,107,265
1660,49.80667600000113,49.836676000001134,2106,4,4,2,4,134.44329200137872,True,9,50.0,8,27,20,7,202,60,142,279
1661,49.836676000001134,49.866676000001135,2063,4,4,3,4,132.80350000059116,True,9,50.0,8,27,19,8,179,58,121,356
1662,49.866676000001135,49.896676000001136,2149,4,4,4,4,132.9644580000604,True,9,50.0,8,24,18,6,188,59,129,416
1663,49.896676000001136,49.92667600000114,2088,4,3,3,3,133.0292919992644,True,9,50.0,8,29,23,6,150,52,98,384
1664,49.92667600000114,49.95667600000114,2002,4,4,3,4,132.1178329999384,True,9,50.0,8,27,21,6,147,43,104,336
1665,49.95667600000114,49.98667600000114,2169,4,4,2,4,132.7991660000407,True,9,50.0,8,29,23,6,164,77,87,307
1666,49.98667600000114,50.01667600000114,2207,4,2,4,2,132.03183299992816,True,9,50.0,8,23,15,8,187,44,143,281
1667,50.01667600000114,50.04667600000114,2283,4,3,3,3,134.0700000000652,True,9,50.0,8,31,24,7,208,58,150,283
1668,50.04667600000114,50.07667600000114,2164,4,4,2,2,134.76166700274916,True,9,50.0,8,30,19,11,207,50,157,317
1669,50.07667600000114,50.106676000001144,2095,4,3,3,2,133.9277500010212,True,9,50.0,8,27,20,7,160,54,106,307
1670,50.106676000001144,50.136676000001145,2271,4,4,3,2,133.0945410009008,True,9,50.0,8,29,24,5,165,67,98,312
1671,50.136676000001145,50.16667600000115,2250,4,4,4,1,132.24337499923422,True,9,50.0,8,26,18,8,194,67,127,241
1672,50.16667600000115,50.19667600000115,2165,4,4,4,4,132.91916600064724,True,9,50.0,8,29,24,5,167,70,97,270
1673,50.19667600000115,50.22667600000115,2111,4,4,4,4,134.32408299922827,True,9,50.0,8,27,19,8,175,54,121,301
1674,50.22667600000115,50.25667600000115,2064,3,4,3,4,132.86533399877953,True,9,50.0,8,25,18,7,179,62,117,280
1675,50.25667600000115,50.28667600000115,2064,4,4,4,4,131.52925000031246,True,9,50.0,8,21,17,4,149,55,94,249
1676,50.28667600000115,50.31667600000115,1981,4,4,3,4,132.16716700117104,True,9,50.0,8,21,16,5,128,37,91,279
1677,50.31667600000115,50.34667600000115,1907,4,3,3,3,131.12550000005285,True,9,50.0,8,23,20,3,120,61,59,255
1678,50.34667600000115,50.376676000001154,1861,4,4,3,2,133.36879200141993,True,9,50.0,8,27,20,7,180,57,123,257
1679,50.376676000001154,50.406676000001156,1944,3,1,3,1,132.23729099991033,True,9,50.0,8,25,23,2,98,63,35,241
1680,50.406676000001156,50.43667600000116,1888,4,4,2,2,133.1320000026608,True,9,50.0,8,24,19,5,127,63,64,287
1681,50.43667600000116,50.46667600000116,1966,4,3,2,3,134.18429100056528,True,9,50.0,8,19,13,6,160,42,118,264
1682,50.46667600000116,50.49667600000116,2013,4,4,2,3,134.53158299671486,True,9,50.0,8,26,20,6,122,52,70,277
1683,50.49667600000116,50.52667600000116,1914,4,4,3,3,132.33641700207954,True,9,50.0,8,18,13,5,124,42,82,247
1684,50.52667600000116,50.55667600000116,1738,3,3,2,3,131.69141699836473,True,9,50.0,8,22,19,3,84,38,46,263
1685,50.55667600000116,50.58667600000116,1748,3,1,2,1,130.56016699920292,True,9,50.0,8,20,18,2,98,53,45,294
1686,50.58667600000116,50.61667600000116,1819,3,3,2,1,131.86020799912512,True,9,50.0,8,27,21,6,126,49,77,282
1687,50.61667600000116,50.646676000001165,1795,3,2,2,2,131.09550000081072,True,9,50.0,8,21,17,4,108,48,60,246
1688,50.646676000001165,50.676676000001166,1778,4,3,2,2,135.03729099829798,True,9,50.0,8,27,21,6,150,66,84,278
1689,50.676676000001166,50.70667600000117,1834,3,3,2,1,131.67758399868035,True,9,50.0,8,24,20,4,90,50,40,294
1690,50.70667600000117,50.73667600000117,1859,4,3,2,1,134.19470799999544,True,9,50.0,8,25,22,3,124,64,60,294
1691,50.73667600000117,50.76667600000117,1978,4,4,3,1,136.22591600142187,True,9,50.0,8,22,15,7,139,39,100,310
1692,50.76667600000117,50.79667600000117,2070,4,4,3,2,136.5426660013327,True,9,50.0,8,26,21,5,160,52,108,337
1693,50.79667600000117,50.82667600000117,1990,3,4,1,3,134.23424999928102,True,9,50.0,8,26,19,7,163,44,119,244
1694,50.82667600000117,50.85667600000117,2104,4,4,3,4,133.68479199925787,True,9,50.0,8,26,20,6,163,50,113,283
1695,50.85667600000117,50.886676000001174,2110,4,4,2,4,133.3687500009546,True,9,50.0,8,31,25,6,158,63,95,274
1696,50.886676000001174,50.916676000001175,2165,4,4,3,3,135.83254200057127,True,9,50.0,8,21,15,6,142,45,97,289
1697,50.916676000001175,50.946676000001176,2186,4,4,3,3,134.94383299985202,True,9,50.0,8,24,18,6,168,55,113,292
1698,50.946676000001176,50.97667600000118,2167,4,4,3,2,135.17195799795445,True,9,50.0,8,23,17,6,152,49,103,346
1699,50.97667600000118,51.00667600000118,2065,4,4,2,3,133.41437500275788,True,9,50.0,8,24,18,6,172,72,100,269
1700,51.00667600000118,51.03667600000118,1992,4,4,4,2,133.1449999997858,True,9,50.0,8,21,16,5,138,43,95,254
1701,51.03667600000118,51.06667600000118,2063,4,4,3,1,133.57737499973155,True,9,50.0,8,23,17,6,171,43,128,281
1702,51.06667600000118,51.09667600000118,2086,3,1,2,1,131.4838750004128,True,9,50.0,8,22,20,2,145,47,98,275
1703,51.09667600000118,51.12667600000118,2075,3,2,3,2,132.46137499663746,True,9,50.0,8,18,14,4,160,38,122,212
1704,51.12667600000118,51.156676000001184,2040,3,3,3,2,132.55187499817112,True,9,50.0,8,19,13,6,158,23,135,212
1705,51.156676000001184,51.186676000001185,2054,4,3,3,2,132.3013750006794,True,9,50.0,8,20,15,5,168,46,122,268
1706,51.186676000001185,51.216676000001186,2025,4,4,3,2,133.15604200033704,True,9,50.0,8,17,13,4,174,51,123,251
1707,51.216676000001186,51.24667600000119,2072,3,3,3,2,135.88175000040792,True,9,50.0,8,21,16,5,178,56,122,285
1708,51.24667600000119,51.27667600000119,1883,4,3,3,2,132.1572919987375,True,9,50.0,8,13,9,4,148,40,108,168
1709,51.27667600000119,51.30667600000119,1832,3,3,2,2,132.90395800140686,True,9,50.0,8,12,9,3,141,28,113,199
1710,51.30667600000119,51.33667600000119,1811,4,3,3,2,137.38458300213097,True,9,50.0,8,12,8,4,145,22,123,181
1711,51.33667600000119,51.36667600000119,1949,3,3,3,3,132.7962920004211,True,9,50.0,8,13,9,4,162,16,146,196
1712,51.36667600000119,51.39667600000119,1903,4,3,3,3,134.8400830029277,True,9,50.0,8,12,9,3,173,20,153,164
1713,51.39667600000119,51.426676000001194,1831,4,2,4,2,135.38920900100493,True,9,50.0,8,14,12,2,142,32,110,156
1714,51.426676000001194,51.456676000001195,1821,4,2,3,2,134.5584169976064,True,9,50.0,8,16,14,2,133,43,90,176
1715,51.456676000001195,51.4866760000012,1913,4,2,3,2,132.81520899909083,True,9,50.0,8,17,15,2,147,35,112,222
1716,51.4866760000012,51.5166760000012,1894,4,3,3,2,131.641457999649,True,9,50.0,8,13,10,3,115,18,97,218
1717,51.5166760000012,51.5466760000012,1922,4,4,3,2,130.02441600110615,True,9,50.0,8,16,11,5,155,33,122,219
1718,51.5466760000012,51.5766760000012,2012,3,3,3,3,130.31049999699462,True,9,50.0,8,15,11,4,147,29,118,191
1719,51.5766760000012,51.6066760000012,1966,3,3,2,2,131.1729170010949,True,9,50.0,8,12,6,6,160,10,150,188
1720,51.6066760000012,51.6366760000012,1923,3,2,2,2,156.79429200099548,True,9,50.0,8,13,9,4,150,26,124,170
1721,51.6366760000012,51.6666760000012,1902,4,4,4,2,137.91229100024793,True,9,50.0,8,13,7,6,171,19,152,169
1722,51.6666760000012,51.696676000001204,1783,4,3,4,3,135.58766699861735,True,9,50.0,8,10,6,4,142,17,125,156
1723,51.696676000001204,51.726676000001206,1854,4,4,3,3,135.4507920004835,True,9,50.0,8,11,7,4,145,18,127,188
1724,51.726676000001206,51.75667600000121,1836,2,2,2,2,132.4130419998255,True,9,50.0,8,10,6,4,146,18,128,164
1725,51.75667600000121,51.78667600000121,1834,3,3,3,3,133.10562500191736,True,9,50.0,8,16,12,4,135,27,108,179
1726,51.78667600000121,51.81667600000121,1764,4,3,3,2,133.67679200018756,True,9,50.0,8,15,9,6,156,23,133,167
1727,51.81667600000121,51.84667600000121,1793,3,3,3,2,130.92545899780816,True,9,50.0,8,10,6,4,174,13,161,167
1728,51.84667600000121,51.87667600000121,1905,4,3,3,3,131.84729200293077,True,9,50.0,8,9,6,3,192,17,175,177
1729,51.87667600000121,51.90667600000121,1868,4,4,4,3,133.11837500077672,True,9,50.0,8,12,8,4,189,19,170,165
1730,51.90667600000121,51.93667600000121,1774,4,4,4,4,133.295999999973,True,9,50.0,8,8,4,4,181,9,172,187
1731,51.93667600000121,51.966676000001215,1778,4,4,4,4,132.7535419986816,True,9,50.0,8,8,4,4,196,8,188,168
1732,51.966676000001215,51.996676000001216,1864,4,4,4,4,135.83095800277079,True,9,50.0,8,10,6,4,194,23,171,192
1733,51.996676000001216,52.02667600000122,1766,4,4,4,4,140.82533299733768,True,9,50.0,8,7,3,4,166,9,157,218
1734,52.02667600000122,52.05667600000122,1550,3,3,3,3,137.94425000014598,True,9,50.0,8,11,8,3,145,30,115,207
1735,52.05667600000122,52.08667600000122,1427,3,3,3,3,139.77183300085017,True,9,50.0,8,12,8,4,113,24,89,187
1736,52.08667600000122,52.11667600000122,1409,3,3,3,3,142.46633400034625,True,9,50.0,8,16,12,4,115,19,96,162
1737,52.11667600000122,52.14667600000122,1389,4,3,3,2,137.4044580006739,True,9,50.0,8,12,6,6,106,19,87,155
1738,52.14667600000122,52.17667600000122,1364,4,4,3,3,138.95545799823594,True,9,50.0,8,7,3,4,78,13,65,167
1739,52.17667600000122,52.206676000001224,1496,4,4,3,4,137.79954200072098,True,9,50.0,8,12,7,5,101,18,83,180
1740,52.206676000001224,52.236676000001225,1490,4,3,3,3,150.9065840000403,True,9,50.0,8,15,12,3,93,41,52,134
1741,52.236676000001225,52.266676000001226,1426,4,4,2,2,135.99354100006167,True,9,50.0,8,14,8,6,91,23,68,188
1742,52.266676000001226,52.29667600000123,1264,4,2,2,1,137.026499996864,True,9,50.0,8,11,8,3,56,20,36,151
1743,52.29667600000123,52.32667600000123,1250,2,1,1,1,133.38275000205613,True,9,50.0,8,8,6,2,38,13,25,128
1744,52.32667600000123,52.35667600000123,1165,3,1,1,1,136.84358399768826,True,9,50.0,8,10,8,2,44,22,22,103
1745,52.35667600000123,52.38667600000123,1165,4,2,3,1,136.03579199843807,True,9,50.0,8,7,5,2,42,19,23,97
1746,52.38667600000123,52.41667600000123,1085,3,2,2,1,134.1549999997369,True,9,50.0,8,13,9,4,69,19,50,89
1747,52.41667600000123,52.44667600000123,1184,2,2,1,1,135.6947919994127,True,9,50.0,8,11,8,3,59,19,40,104
1748,52.44667600000123,52.476676000001234,1221,3,1,2,1,132.98841700088815,True,9,50.0,8,8,7,1,46,34,12,115
1749,52.476676000001234,52.506676000001235,1163,4,1,2,0,174.30612500174902,True,9,50.0,8,12,11,1,44,34,10,140
1750,52.506676000001235,52.536676000001236,1174,3,0,2,0,136.75462500032154,True,9,50.0,8,6,5,1,30,21,9,136
1751,52.536676000001236,52.56667600000124,1188,3,2,3,1,134.8245000008319,True,9,50.0,8,9,7,2,37,14,23,146
1752,52.56667600000124,52.59667600000124,1179,3,2,2,1,133.3117920003133,True,9,50.0,8,5,3,2,34,9,25,86
1753,52.59667600000124,52.62667600000124,1195,4,2,2,1,140.17220799723873,True,9,50.0,8,6,4,2,50,17,33,109
1754,52.62667600000124,52.65667600000124,1287,4,3,3,1,136.41195799937123,True,9,50.0,8,10,5,5,76,21,55,165
1755,52.65667600000124,52.68667600000124,1300,3,2,3,1,132.43491699904553,True,9,50.0,8,13,9,4,75,31,44,158
1756,52.68667600000124,52.71667600000124,1322,2,3,1,2,132.33924999804003,True,9,50.0,8,11,6,5,74,17,57,171
1757,52.71667600000124,52.746676000001244,1445,2,1,2,1,134.05712500025402,True,9,50.0,8,12,9,3,66,33,33,166
1758,52.746676000001244,52.776676000001245,1511,4,3,1,1,134.97199999983422,True,9,50.0,8,11,8,3,53,19,34,201
1759,52.776676000001245,52.80667600000125,1527,3,2,3,2,133.11183400219306,True,9,50.0,8,12,10,2,55,20,35,180
1760,52.80667600000125,52.83667600000125,1634,1,1,1,1,132.95191699944553,True,9,50.0,8,11,10,1,57,30,27,229
1761,52.83667600000125,52.86667600000125,1864,1,1,1,1,133.71320800069952,True,9,50.0,8,9,6,3,82,17,65,181
1762,52.86667600000125,52.89667600000125,1315,4,3,1,1,134.07749999896623,True,9,50.0,8,11,7,4,90,12,78,155
1763,52.89667600000125,52.92667600000125,2190,4,3,2,1,132.9189159987436,True,9,50.0,8,19,16,3,101,63,38,253
1764,52.92667600000125,52.95667600000125,2020,4,3,3,1,132.55741600005422,True,9,50.0,8,18,15,3,99,52,47,280
1765,52.95667600000125,52.98667600000125,2271,3,2,2,2,132.01908400151297,True,9,50.0,8,16,12,4,128,58,70,288
1766,52.98667600000125,53.016676000001254,2341,4,3,3,3,132.19625000056112,True,9,50.0,8,17,11,6,122,39,83,284
1767,53.016676000001254,53.046676000001256,2174,4,3,3,3,134.213749999617,True,9,50.0,8,16,10,6,107,35,72,317
1768,53.046676000001256,53.07667600000126,2083,2,1,2,1,137.26145799955702,True,9,50.0,8,16,12,4,97,37,60,240
1769,53.07667600000126,53.10667600000126,1841,1,1,1,1,133.03658299992094,True,9,50.0,8,12,11,1,57,35,22,250
1770,53.10667600000126,53.13667600000126,1723,1,1,1,1,131.921833002707,True,9,50.0,8,9,6,3,70,15,55,226
1771,53.13667600000126,53.16667600000126,1621,1,1,1,1,132.05549999838695,True,9,50.0,8,13,10,3,66,14,52,217
1772,53.16667600000126,53.19667600000126,1449,2,1,1,1,131.48679200094193,True,9,50.0,8,10,7,3,64,23,41,173
1773,53.19667600000126,53.22667600000126,1412,1,1,1,1,130.91308300136006,True,9,50.0,8,6,4,2,58,8,50,160
1774,53.22667600000126,53.256676000001264,1111,1,1,1,1,129.54920799893443,True,9,50.0,8,4,3,1,33,11,22,113
1775,53.256676000001264,53.286676000001265,1177,1,1,1,1,131.73083400033647,True,9,50.0,8,6,4,2,47,10,37,98
1776,53.286676000001265,53.316676000001266,1206,1,1,1,1,133.2459170007496,True,9,50.0,8,3,1,2,44,2,42,102
1777,53.316676000001266,53.34667600000127,1171,3,2,1,1,131.97387500258628,True,9,50.0,8,5,2,3,78,10,68,90
1778,53.34667600000127,53.37667600000127,1092,3,2,1,1,131.7637920001289,True,9,50.0,8,8,6,2,44,16,28,86
1779,53.37667600000127,53.40667600000127,1116,3,0,2,0,130.6422499983455,True,9,50.0,8,6,5,1,33,24,9,79
1780,53.40667600000127,53.43667600000127,1082,3,3,3,1,131.9182080005703,True,9,50.0,8,4,1,3,33,1,32,63
1781,53.43667600000127,53.46667600000127,1079,3,1,2,0,130.81570799840847,True,9,50.0,8,7,5,2,37,13,24,72
1782,53.46667600000127,53.49667600000127,1018,4,3,3,1,136.37137499972596,True,9,50.0,8,5,2,3,43,5,38,39
1783,53.49667600000127,53.526676000001274,932,2,1,1,0,130.471624997881,True,9,50.0,8,5,4,1,21,12,9,65
1784,53.526676000001274,53.556676000001275,880,1,0,1,0,130.82245800251258,True,9,50.0,8,5,3,2,24,6,18,35
1785,53.556676000001275,53.586676000001276,744,0,0,0,0,128.6111669978709,True,9,50.0,8,2,2,0,3,3,0,55
1786,53.586676000001276,53.61667600000128,768,2,1,1,0,130.55499999973108,True,9,50.0,8,4,2,2,27,9,18,33
1787,53.61667600000128,53.64667600000128,793,1,1,0,0,130.2664590002678,True,9,50.0,8,1,0,1,14,0,14,50
1788,53.64667600000128,53.67667600000128,741,1,0,1,0,132.58175000009942,True,9,50.0,8,2,1,1,14,5,9,47
1789,53.67667600000128,53.70667600000128,837,2,1,1,0,131.54662499800907,True,9,50.0,8,4,2,2,28,9,19,54
1790,53.70667600000128,53.73667600000128,918,1,1,0,0,131.63254100072663,True,9,50.0,8,4,2,2,23,2,21,55
1791,53.73667600000128,53.76667600000128,881,3,1,1,1,131.72895800016704,True,9,50.0,8,5,3,2,31,10,21,35
1792,53.76667600000128,53.796676000001284,926,4,2,1,1,133.01533299818402,True,9,50.0,8,6,4,2,45,13,32,68
1793,53.796676000001284,53.826676000001285,926,2,2,2,0,133.41008399947896,True,9,50.0,8,5,2,3,51,6,45,86
1794,53.826676000001285,53.856676000001286,916,2,2,1,1,132.69000000218512,True,9,50.0,8,5,2,3,46,10,36,62
1795,53.856676000001286,53.88667600000129,971,3,3,3,2,132.23379199916963,True,9,50.0,8,5,2,3,42,4,38,102
1796,53.88667600000129,53.91667600000129,1372,3,3,3,2,131.15366599959088,True,9,50.0,8,10,5,5,67,8,59,211
1797,53.91667600000129,53.94667600000129,1483,3,3,3,3,130.58270900000934,True,9,50.0,8,4,0,4,44,0,44,249
1798,53.94667600000129,53.97667600000129,1634,2,2,2,2,133.54358400101773,True,9,50.0,8,7,4,3,51,9,42,473
1799,53.97667600000129,54.00667600000129,1723,2,2,2,2,135.4477089989814,True,9,50.0,8,10,7,3,47,11,36,624
1800,54.00667600000129,54.03667600000129,1836,2,2,2,2,132.8091659997881,True,9,50.0,8,8,5,3,42,5,37,654
1801,54.03667600000129,54.066676000001294,1429,2,2,2,2,132.25587499982794,True,9,50.0,8,8,6,2,43,20,23,344
1802,54.066676000001294,54.096676000001295,1303,4,1,2,1,130.86200000179815,True,9,50.0,8,7,5,2,38,20,18,215
1803,54.096676000001295,54.1266760000013,1380,2,1,1,1,131.97541699992144,True,9,50.0,8,7,5,2,34,11,23,236
1804,54.1266760000013,54.1566760000013,1083,4,2,2,2,133.07649999842397,True,9,50.0,8,6,3,3,44,17,27,71
1805,54.1566760000013,54.1866760000013,977,3,2,3,2,132.1681669978716,True,9,50.0,8,7,4,3,49,15,34,76
1806,54.1866760000013,54.2166760000013,957,4,1,4,1,131.70133300081943,True,9,50.0,8,9,7,2,43,25,18,84
1807,54.2166760000013,54.2466760000013,932,3,2,3,1,131.52470900240587,True,9,50.0,8,9,6,3,49,22,27,58
1808,54.2466760000013,54.2766760000013,964,3,1,3,1,130.3542909990938,True,9,50.0,8,8,6,2,49,28,21,97
1809,54.2766760000013,54.3066760000013,901,3,0,2,0,128.34133300202666,True,9,50.0,8,8,7,1,32,23,9,68
1810,54.3066760000013,54.336676000001304,914,3,1,2,0,143.4442499994475,True,9,50.0,8,6,5,1,29,20,9,77
1811,54.336676000001304,54.366676000001306,911,2,1,1,0,146.43670799705433,True,9,50.0,8,5,4,1,31,15,16,35
1812,54.366676000001306,54.39667600000131,917,2,1,2,1,156.240833002812,True,9,50.0,8,5,3,2,35,12,23,41
1813,54.39667600000131,54.42667600000131,936,1,1,1,1,156.4120830007596,True,9,50.0,8,6,3,3,33,5,28,52
1814,54.42667600000131,54.45667600000131,943,1,0,1,0,133.125291999022,True,9,50.0,8,6,6,0,18,18,0,97
1815,54.45667600000131,54.48667600000131,912,4,2,1,1,133.03237500076648,True,9,50.0,8,4,2,2,27,8,19,81
1816,54.48667600000131,54.51667600000131,899,1,0,0,0,129.4540409980982,True,9,50.0,8,5,5,0,16,16,0,86
1817,54.51667600000131,54.54667600000131,899,1,0,1,0,131.58716699763318,True,9,50.0,8,8,7,1,25,16,9,87
1818,54.54667600000131,54.576676000001314,929,2,0,1,0,129.67691700032447,True,9,50.0,8,5,5,0,18,18,0,82
1819,54.576676000001314,54.606676000001315,937,3,0,1,0,129.71229200047674,True,9,50.0,8,5,5,0,22,22,0,106
1820,54.606676000001315,54.636676000001316,975,2,0,1,0,129.96241700238897,True,9,50.0,8,6,5,1,22,13,9,94
1821,54.636676000001316,54.66667600000132,919,1,1,1,0,132.53250000343542,True,9,50.0,8,2,1,1,13,2,11,90
1822,54.66667600000132,54.69667600000132,975,3,1,1,0,133.3319590012252,True,9,50.0,8,8,7,1,30,21,9,80
1823,54.69667600000132,54.72667600000132,947,1,1,1,0,130.98537499899976,True,9,50.0,8,2,1,1,30,3,27,80
1824,54.72667600000132,54.75667600000132,1010,1,1,1,1,130.56383300136076,True,9,50.0,8,4,3,1,34,13,21,75
1825,54.75667600000132,54.78667600000132,1010,1,1,1,1,133.2777090028685,True,9,50.0,8,7,6,1,27,9,18,68
1826,54.78667600000132,54.81667600000132,1095,3,2,1,1,138.2773340010317,True,9,50.0,8,8,6,2,50,20,30,73
1827,54.81667600000132,54.846676000001324,1004,3,2,1,1,136.91858299716841,True,9,50.0,8,8,5,3,57,14,43,72
1828,54.846676000001324,54.876676000001325,1000,2,1,2,1,140.8904169984453,True,9,50.0,8,7,6,1,38,14,24,66
1829,54.876676000001325,54.906676000001326,1152,2,2,2,2,137.16095800191397,True,9,50.0,8,6,4,2,60,5,55,86
1830,54.906676000001326,54.93667600000133,1088,3,2,2,2,132.4082079991058,True,9,50.0,8,7,4,3,77,9,68,51
1831,54.93667600000133,54.96667600000133,1109,4,2,2,2,131.81916599933174,True,9,50.0,8,5,3,2,72,9,63,85
1832,54.96667600000133,54.99667600000133,1127,3,1,3,1,132.52862500303308,True,9,50.0,8,9,6,3,91,30,61,97
1833,54.99667600000133,55.02667600000133,1060,3,2,3,1,135.57429099819274,True,9,50.0,8,8,5,3,60,18,42,107
1834,55.02667600000133,55.05667600000133,955,3,3,3,2,138.078542000585,True,9,50.0,8,8,5,3,66,17,49,63
1835,55.05667600000133,55.08667600000133,964,3,2,2,1,133.19620800029952,True,9,50.0,8,8,4,4,64,12,52,94
1836,55.08667600000133,55.116676000001334,922,3,3,3,3,135.70454200089443,True,9,50.0,8,7,3,4,57,9,48,71
1837,55.116676000001334,55.146676000001335,955,3,3,3,3,138.16912499896716,True,9,50.0,8,5,2,3,35,5,30,72
1838,55.146676000001335,55.176676000001336,919,2,1,2,1,130.71195800148416,True,9,50.0,8,7,6,1,41,20,21,75
1839,55.176676000001336,55.20667600000134,956,2,1,2,1,139.63358299952233,True,9,50.0,8,5,4,1,27,17,10,47
1840,55.20667600000134,55.23667600000134,891,2,2,2,2,133.02349999867147,True,9,50.0,8,2,0,2,27,0,27,33
1841,55.23667600000134,55.26667600000134,922,3,2,2,2,131.35849999889615,True,9,50.0,8,4,1,3,39,5,34,45
1842,55.26667600000134,55.29667600000134,906,3,1,2,1,133.2488750012999,True,9,50.0,8,6,4,2,41,19,22,74
1843,55.29667600000134,55.32667600000134,923,2,2,2,2,131.10387499909848,True,9,50.0,8,4,1,3,38,1,37,68
1844,55.32667600000134,55.35667600000134,973,3,2,2,2,133.32575000094948,True,9,50.0,8,4,1,3,56,7,49,54
1845,55.35667600000134,55.386676000001344,957,2,2,2,2,136.79591700201854,True,9,50.0,8,3,0,3,58,0,58,72
1846,55.386676000001344,55.416676000001345,1040,2,1,2,1,133.07658300254843,True,9,50.0,8,5,4,1,55,16,39,110
1847,55.416676000001345,55.44667600000135,1012,2,1,2,1,133.97820799946203,True,9,50.0,8,3,2,1,61,10,51,71
1848,55.44667600000135,55.47667600000135,999,3,2,2,2,141.07325000077253,True,9,50.0,8,5,3,2,40,9,31,107
1849,55.47667600000135,55.50667600000135,1041,1,1,1,1,131.50550000136718,True,9,50.0,8,5,3,2,53,5,48,87
1850,55.50667600000135,55.53667600000135,1116,1,1,1,1,138.86220899803448,True,9,50.0,8,5,2,3,60,3,57,115
1851,55.53667600000135,55.56667600000135,1066,1,1,1,1,143.01795799838146,True,9,50.0,8,2,1,1,35,3,32,125
1852,55.56667600000135,55.59667600000135,1140,1,1,1,1,132.54437499927008,True,9,50.0,8,3,2,1,45,3,42,108
1853,55.59667600000135,55.62667600000135,1179,1,1,1,1,132.95695800115936,True,9,50.0,8,4,3,1,52,5,47,130
1854,55.62667600000135,55.656676000001355,1293,2,1,1,1,131.5557500020077,True,9,50.0,8,7,5,2,77,12,65,179
1855,55.656676000001355,55.686676000001356,1455,3,1,1,1,132.18583300113096,True,9,50.0,8,7,5,2,58,18,40,206
1856,55.686676000001356,55.71667600000136,1560,3,1,1,1,131.14629200208583,True,9,50.0,8,10,9,1,73,20,53,302
1857,55.71667600000136,55.74667600000136,1651,3,1,2,1,133.75375000032363,True,9,50.0,8,8,7,1,62,21,41,348
1858,55.74667600000136,55.77667600000136,1800,3,1,2,1,132.23808299881057,True,9,50.0,8,9,8,1,66,18,48,435
1859,55.77667600000136,55.80667600000136,2105,2,1,2,1,132.088833997841,True,9,50.0,8,11,10,1,68,17,51,509
1860,55.80667600000136,55.83667600000136,2388,1,1,1,1,132.53483299922664,True,9,50.0,8,13,11,2,85,23,62,601
1861,55.83667600000136,55.86667600000136,1650,3,1,1,1,130.53574999867124,True,9,50.0,8,9,7,2,70,16,54,296
1862,55.86667600000136,55.896676000001364,1289,3,2,1,1,132.15083300019614,True,9,50.0,8,10,6,4,108,13,95,114
1863,55.896676000001364,55.926676000001365,1330,2,2,1,1,134.28204099909635,True,9,50.0,8,8,4,4,87,12,75,128
1864,55.926676000001365,55.956676000001366,1297,2,2,2,2,132.90425000013784,True,9,50.0,8,12,9,3,92,19,73,134
1865,55.956676000001366,55.98667600000137,1305,3,3,2,2,133.98112499999115,True,9,50.0,8,10,6,4,86,15,71,151
1866,55.98667600000137,56.01667600000137,1125,2,1,2,1,133.3971250023751,True,9,50.0,8,5,3,2,73,10,63,94
1867,56.01667600000137,56.04667600000137,1034,2,2,2,1,132.79408399830572,True,9,50.0,8,10,8,2,57,23,34,95
1868,56.04667600000137,56.07667600000137,1098,2,1,1,0,132.26974999997765,True,9,50.0,8,7,4,3,78,12,66,88
1869,56.07667600000137,56.10667600000137,1082,1,2,1,2,132.67583299966645,True,9,50.0,8,6,4,2,67,13,54,51
1870,56.10667600000137,56.13667600000137,1089,1,1,1,0,133.52341700010584,True,9,50.0,8,6,3,3,72,12,60,66
1871,56.13667600000137,56.166676000001374,1078,1,2,1,1,131.92062500093016,True,9,50.0,8,5,3,2,57,8,49,92
1872,56.166676000001374,56.196676000001375,1201,1,1,1,1,132.08524999936344,True,9,50.0,8,9,6,3,57,16,41,160
1873,56.196676000001375,56.226676000001376,1648,1,2,1,1,131.29795799977728,True,9,50.0,8,6,4,2,57,10,47,432
1874,56.226676000001376,56.25667600000138,1777,1,0,0,0,132.41741600359092,True,9,50.0,8,11,8,3,60,22,38,491
1875,56.25667600000138,56.28667600000138,1845,2,1,1,0,132.41062500310363,True,9,50.0,8,13,10,3,69,35,34,463
1876,56.28667600000138,56.31667600000138,1715,1,1,1,1,133.44599999982165,True,9,50.0,8,13,11,2,57,32,25,400
1877,56.31667600000138,56.34667600000138,1643,3,1,1,1,133.58162499935133,True,9,50.0,8,11,9,2,46,25,21,380
1878,56.34667600000138,56.37667600000138,1542,2,1,1,1,132.12354200004484,True,9,50.0,8,9,8,1,34,22,12,399
1879,56.37667600000138,56.40667600000138,1694,2,0,1,0,131.09291700311587,True,9,50.0,8,14,12,2,55,34,21,391
1880,56.40667600000138,56.436676000001384,1546,1,1,1,0,130.5846670002211,True,9,50.0,8,6,5,1,20,10,10,377
1881,56.436676000001384,56.466676000001385,1179,2,1,1,1,132.94708299872582,True,9,50.0,8,6,4,2,30,9,21,272
1882,56.466676000001385,56.496676000001386,1078,3,2,2,1,131.3125000015134,True,9,50.0,8,5,3,2,47,19,28,207
1883,56.496676000001386,56.52667600000139,1040,2,2,2,1,131.47779100108892,True,9,50.0,8,7,4,3,49,9,40,211
1884,56.52667600000139,56.55667600000139,929,2,2,2,1,130.33233300302527,True,9,50.0,8,3,1,2,31,1,30,68
1885,56.55667600000139,56.58667600000139,937,2,2,2,2,132.4357079975016,True,9,50.0,8,4,2,2,46,7,39,48
1886,56.58667600000139,56.61667600000139,989,3,3,2,2,133.5670830012532,True,9,50.0,8,7,3,4,59,4,55,61
1887,56.61667600000139,56.64667600000139,1006,2,2,2,2,133.1592919996183,True,9,50.0,8,4,2,2,40,7,33,92
1888,56.64667600000139,56.67667600000139,1048,2,2,2,2,132.37304199719802,True,9,50.0,8,6,2,4,68,8,60,61
1889,56.67667600000139,56.706676000001394,1022,2,2,2,2,131.84516599721974,True,9,50.0,8,5,1,4,68,3,65,102
1890,56.706676000001394,56.736676000001395,1055,3,2,2,2,131.6413749991625,True,9,50.0,8,5,1,4,75,6,69,60
1891,56.736676000001395,56.7666760000014,1015,2,2,2,2,131.92537499708124,True,9,50.0,8,5,2,3,69,8,61,68
1892,56.7666760000014,56.7966760000014,1030,2,2,2,2,131.37962499968125,True,9,50.0,8,5,1,4,57,1,56,78
1893,56.7966760000014,56.8266760000014,1170,3,2,2,2,132.64391600023373,True,9,50.0,8,6,1,5,101,6,95,55
1894,56.8266760000014,56.8566760000014,1189,3,2,2,2,132.10075000097277,True,9,50.0,8,5,2,3,106,5,101,82
1895,56.8566760000014,56.8866760000014,1275,3,2,3,2,131.9535829970846,True,9,50.0,8,7,3,4,124,6,118,57
1896,56.8866760000014,56.9166760000014,1318,2,2,2,2,132.8334999998333,True,9,50.0,8,5,2,3,114,4,110,57
1897,56.9166760000014,56.9466760000014,1425,2,2,2,2,131.22670800294145,True,9,50.0,8,6,2,4,156,4,152,59
1898,56.9466760000014,56.976676000001405,1467,2,2,2,2,133.44066600257065,True,9,50.0,8,5,2,3,154,3,151,63
1899,56.976676000001405,57.006676000001406,1493,2,2,2,2,134.415208001883,True,9,50.0,8,6,3,3,168,7,161,93
1900,57.006676000001406,57.03667600000141,1448,2,2,2,2,133.13987500077928,True,9,50.0,8,2,0,2,165,0,165,62
1901,57.03667600000141,57.06667600000141,1513,2,2,2,2,133.6816250004631,True,9,50.0,8,2,0,2,172,0,172,57
1902,57.06667600000141,57.09667600000141,1534,2,2,2,2,133.4123750020808,True,9,50.0,8,6,2,4,176,6,170,69
1903,57.09667600000141,57.12667600000141,1562,2,2,2,2,134.38841700190096,True,9,50.0,8,4,0,4,185,0,185,76
1904,57.12667600000141,57.15667600000141,1612,2,2,2,2,132.32958399748895,True,9,50.0,8,5,1,4,174,1,173,89
1905,57.15667600000141,57.18667600000141,1670,2,2,2,2,133.41954199859174,True,9,50.0,8,6,2,4,189,5,184,96
1906,57.18667600000141,57.216676000001414,1614,2,2,2,2,133.37412500186474,True,9,50.0,8,6,2,4,180,3,177,131
1907,57.216676000001414,57.246676000001415,1721,3,2,2,2,133.40774999960558,True,9,50.0,8,8,3,5,197,9,188,110
1908,57.246676000001415,57.276676000001416,1826,3,2,2,2,132.3408339994785,True,9,50.0,8,9,4,5,218,12,206,128
1909,57.276676000001416,57.30667600000142,1933,3,3,2,2,135.27375000194297,True,9,50.0,8,6,1,5,220,1,219,92
1910,57.30667600000142,57.33667600000142,1887,2,2,2,2,134.3016249993525,True,9,50.0,8,7,3,4,200,5,195,113
1911,57.33667600000142,57.36667600000142,2105,3,3,2,2,133.3874170013587,True,9,50.0,8,4,0,4,211,0,211,96
1912,57.36667600000142,57.39667600000142,2200,2,2,2,2,133.41495900021982,True,9,50.0,8,5,2,3,220,3,217,161
1913,57.39667600000142,57.42667600000142,2327,3,3,2,2,133.70087499788497,True,9,50.0,8,7,3,4,233,12,221,304
1914,57.42667600000142,57.45667600000142,2933,4,2,2,2,131.20912500016857,True,9,50.0,8,13,10,3,239,20,219,573
1915,57.45667600000142,57.486676000001424,2632,3,1,2,1,130.61116699827835,True,9,50.0,8,7,5,2,216,19,197,392
1916,57.486676000001424,57.516676000001425,3073,2,2,2,2,132.7549169982376,True,9,50.0,8,4,1,3,220,1,219,496
1917,57.516676000001425,57.546676000001426,3480,3,3,2,2,134.76087500021094,True,9,50.0,8,7,3,4,241,6,235,629
1918,57.546676000001426,57.57667600000143,3516,3,1,3,1,134.2492920011864,True,9,50.0,8,10,8,2,226,30,196,546
1919,57.57667600000143,57.60667600000143,3100,4,3,3,2,134.25187500251923,True,9,50.0,8,9,5,4,221,10,211,387
1920,57.60667600000143,57.63667600000143,3314,4,2,3,2,133.1028749991674,True,9,50.0,8,5,2,3,210,10,200,483
1921,57.63667600000143,57.66667600000143,3690,3,2,2,2,132.5778749996971,True,9,50.0,8,15,11,4,238,31,207,597
1922,57.66667600000143,57.69667600000143,4210,4,4,2,3,132.5769159993797,True,9,50.0,8,16,10,6,303,40,263,890
1923,57.69667600000143,57.72667600000143,5255,2,3,2,3,131.4467500014871,True,9,50.0,8,14,10,4,247,27,220,1236
1924,57.72667600000143,57.756676000001434,4034,3,3,2,3,132.364040997345,True,9,50.0,8,9,4,5,236,14,222,1029
1925,57.756676000001434,57.786676000001435,4377,3,3,2,3,132.98766599837109,True,9,50.0,8,10,4,6,213,10,203,1092
1926,57.786676000001435,57.816676000001436,3075,3,2,2,2,130.74354200216476,True,9,50.0,8,11,7,4,194,27,167,452
1927,57.816676000001436,57.84667600000144,2310,2,2,2,2,131.30391699814936,True,9,50.0,8,5,1,4,181,3,178,240
1928,57.84667600000144,57.87667600000144,2268,3,1,3,1,131.54212500012363,True,9,50.0,8,4,3,1,157,13,144,175
1929,57.87667600000144,57.90667600000144,1907,2,2,2,2,134.04004099720623,True,9,50.0,8,5,1,4,163,1,162,134
1930,57.90667600000144,57.93667600000144,1830,2,2,2,2,132.29108299856307,True,9,50.0,8,6,3,3,179,8,171,80
1931,57.93667600000144,57.96667600000144,1872,3,2,2,2,131.9292910011427,True,9,50.0,8,8,4,4,177,18,159,86
1932,57.96667600000144,57.99667600000144,1893,4,2,2,2,133.7632089998806,True,9,50.0,8,10,7,3,164,25,139,104
1933,57.99667600000144,58.026676000001444,1779,4,2,3,2,132.17483300104504,True,9,50.0,8,7,4,3,166,19,147,99
1934,58.026676000001444,58.056676000001445,1701,4,2,4,2,131.2288749977597,True,9,50.0,8,7,4,3,145,14,131,65
1935,58.056676000001445,58.08667600000145,1731,2,2,2,2,131.4075000009325,True,9,50.0,8,5,2,3,144,7,137,63
1936,58.08667600000145,58.11667600000145,1659,2,2,2,2,132.74920800176915,True,9,50.0,8,5,0,5,133,0,133,49
1937,58.11667600000145,58.14667600000145,1568,2,2,2,2,131.58054100131267,True,9,50.0,8,4,0,4,143,0,143,105
1938,58.14667600000145,58.17667600000145,1410,2,2,2,2,131.1902920024295,True,9,50.0,8,3,0,3,110,0,110,72
1939,58.17667600000145,58.20667600000145,1345,2,1,2,1,129.83470899780514,True,9,50.0,8,4,2,2,107,12,95,51
1940,58.20667600000145,58.23667600000145,1171,2,2,2,2,132.41508300052374,True,9,50.0,8,4,1,3,90,1,89,44
1941,58.23667600000145,58.26667600000145,1115,2,1,2,1,132.1270420012297,True,9,50.0,8,5,2,3,85,6,79,42
1942,58.26667600000145,58.296676000001455,1050,2,1,2,1,132.00887499988312,True,9,50.0,8,4,2,2,63,4,59,47
1943,58.296676000001455,58.326676000001456,1034,2,2,2,1,132.35345800057985,True,9,50.0,8,4,2,2,57,8,49,45
1944,58.326676000001456,58.35667600000146,1024,2,2,2,2,132.96066600014456,True,9,50.0,8,4,0,4,73,0,73,38
1945,58.35667600000146,58.38667600000146,981,2,2,2,1,132.10958399940864,True,9,50.0,8,6,3,3,64,12,52,47
1946,58.38667600000146,58.41667600000146,968,1,1,1,0,130.85837499966146,True,9,50.0,8,3,0,3,58,0,58,46
1947,58.41667600000146,58.44667600000146,847,2,2,1,2,130.50429199938662,True,9,50.0,8,2,0,2,34,0,34,47
1948,58.44667600000146,58.47667600000146,841,1,1,0,1,130.94324999838136,True,9,50.0,8,3,2,1,31,6,25,50
1949,58.47667600000146,58.50667600000146,923,2,2,2,1,133.06362500225077,True,9,50.0,8,5,3,2,37,7,30,53
1950,58.50667600000146,58.536676000001464,901,2,2,1,2,131.31133299975772,True,9,50.0,8,4,2,2,36,5,31,60
1951,58.536676000001464,58.566676000001465,970,2,2,1,2,131.06450000123004,True,9,50.0,8,6,4,2,42,14,28,50
1952,58.566676000001465,58.596676000001466,1014,1,2,1,2,132.06645799800754,True,9,50.0,8,5,2,3,50,8,42,57
1953,58.596676000001466,58.62667600000147,1119,1,2,0,2,130.8162910027022,True,9,50.0,8,7,4,3,69,13,56,66
1954,58.62667600000147,58.65667600000147,1094,1,1,0,1,131.72420899718418,True,9,50.0,8,8,4,4,64,8,56,77
1955,58.65667600000147,58.68667600000147,1116,1,1,1,1,131.87870799811208,True,9,50.0,8,9,6,3,95,24,71,78
1956,58.68667600000147,58.71667600000147,1088,1,1,1,1,132.3922500014305,True,9,50.0,8,5,3,2,84,7,77,82
1957,58.71667600000147,58.74667600000147,1043,1,1,1,1,133.1565420005063,True,9,50.0,8,5,2,3,94,10,84,78
1958,58.74667600000147,58.77667600000147,1277,1,1,1,1,132.1992089979176,True,9,50.0,8,3,0,3,95,0,95,81
1959,58.77667600000147,58.806676000001474,1340,1,1,1,1,132.63150000057067,True,9,50.0,8,8,6,2,101,7,94,150
1960,58.806676000001474,58.836676000001475,1525,2,1,1,1,132.24954099860042,True,9,50.0,8,10,6,4,110,15,95,144
1961,58.836676000001475,58.866676000001476,1387,2,1,1,1,133.7512499994773,True,9,50.0,8,8,4,4,123,9,114,108
1962,58.866676000001476,58.89667600000148,1453,2,1,1,1,131.65491600011592,True,9,50.0,8,4,2,2,110,9,101,148
1963,58.89667600000148,58.92667600000148,1393,2,2,1,1,130.9412499977043,True,9,50.0,8,5,2,3,113,8,105,78
1964,58.92667600000148,58.95667600000148,1336,3,2,2,1,131.38070900095045,True,9,50.0,8,6,3,3,126,17,109,138
1965,58.95667600000148,58.98667600000148,1369,2,2,2,2,131.32320899967453,True,9,50.0,8,6,3,3,108,18,90,128
1966,58.98667600000148,59.01667600000148,1395,3,2,2,1,129.89895899954718,True,9,50.0,8,7,4,3,121,15,106,120
1967,59.01667600000148,59.04667600000148,1399,3,3,2,1,131.18512500295765,True,9,50.0,8,6,2,4,103,12,91,119
1968,59.04667600000148,59.076676000001484,1419,3,3,2,1,131.49949999933597,True,9,50.0,8,9,5,4,111,13,98,102
1969,59.076676000001484,59.106676000001485,1410,3,1,3,0,130.20987500203773,True,9,50.0,8,10,8,2,109,22,87,101
1970,59.106676000001485,59.136676000001486,1323,3,2,2,1,130.0571249994391,True,9,50.0,8,10,6,4,119,22,97,127
1971,59.136676000001486,59.16667600000149,1350,4,3,2,2,131.66870799977914,True,9,50.0,8,11,7,4,112,17,95,151
1972,59.16667600000149,59.19667600000149,1386,2,2,2,2,132.4068329995498,True,9,50.0,8,13,8,5,129,16,113,107
1973,59.19667600000149,59.22667600000149,1387,4,2,3,1,130.73295800131746,True,9,50.0,8,13,9,4,115,19,96,111
1974,59.22667600000149,59.25667600000149,1355,4,3,3,1,131.3036249994184,True,9,50.0,8,9,5,4,118,19,99,115
1975,59.25667600000149,59.28667600000149,1265,3,3,2,2,132.3598339986347,True,9,50.0,8,8,3,5,119,8,111,95
1976,59.28667600000149,59.31667600000149,1323,3,2,2,2,129.88925000172458,True,9,50.0,8,12,8,4,122,32,90,136
1977,59.31667600000149,59.346676000001494,1304,2,3,2,2,130.73425000038696,True,9,50.0,8,9,3,6,111,16,95,130
1978,59.346676000001494,59.376676000001495,1164,3,3,2,1,130.1844159970642,True,9,50.0,8,8,4,4,95,15,80,134
1979,59.376676000001495,59.4066760000015,1183,4,3,2,2,130.57950000074925,True,9,50.0,8,10,5,5,96,18,78,114
1980,59.4066760000015,59.4366760000015,1303,4,3,3,2,132.09241699951235,True,9,50.0,8,8,4,4,78,19,59,117
1981,59.4366760000015,59.4666760000015,1340,4,1,2,1,130.04045900015626,True,9,50.0,8,16,13,3,88,30,58,196
1982,59.4666760000015,59.4966760000015,1344,3,3,1,1,131.41920899943216,True,9,50.0,8,12,7,5,96,18,78,191
1983,59.4966760000015,59.5266760000015,1225,3,2,2,0,131.47683400165988,True,9,50.0,8,8,5,3,66,10,56,173
1984,59.5266760000015,59.5566760000015,1166,4,1,3,1,131.04545799797052,True,9,50.0,8,13,11,2,79,42,37,146
1985,59.5566760000015,59.5866760000015,1213,4,4,4,2,134.35437500083935,True,9,50.0,8,10,5,5,109,17,92,115
1986,59.5866760000015,59.616676000001505,1254,4,4,4,2,133.73779199901037,True,9,50.0,8,10,5,5,116,20,96,127
1987,59.616676000001505,59.646676000001506,1303,4,3,4,2,131.9263340010366,True,9,50.0,8,6,2,4,109,12,97,123
1988,59.646676000001506,59.67667600000151,1174,4,2,4,2,132.606917002704,True,9,50.0,8,9,6,3,73,24,49,127
1989,59.67667600000151,59.70667600000151,1234,3,3,3,2,131.78462499854504,True,9,50.0,8,10,6,4,82,20,62,117
1990,59.70667600000151,59.73667600000151,1257,4,3,4,2,132.59370800005854,True,9,50.0,8,9,5,4,98,23,75,107
1991,59.73667600000151,59.76667600000151,1250,4,4,4,3,133.3251249998284,True,9,50.0,8,12,6,6,105,27,78,98
1992,59.76667600000151,59.79667600000151,1201,3,2,3,2,131.61958300042897,True,9,50.0,8,8,6,2,74,33,41,103
1993,59.79667600000151,59.82667600000151,1244,4,4,3,2,132.63050000023213,True,9,50.0,8,11,5,6,109,14,95,97
1994,59.82667600000151,59.856676000001514,1254,4,3,3,2,132.82354200055124,True,9,50.0,8,11,8,3,73,18,55,69
1995,59.856676000001514,59.886676000001515,1182,4,2,4,2,131.00075000329525,True,9,50.0,8,10,6,4,72,24,48,70
1996,59.886676000001515,59.916676000001516,1087,2,2,1,1,132.43154199881246,True,9,50.0,8,7,5,2,42,21,21,101
1997,59.916676000001516,59.94667600000152,1030,3,2,3,1,132.83299999966403,True,9,50.0,8,6,2,4,53,9,44,68
1998,59.94667600000152,59.97667600000152,1037,2,2,2,2,135.6164169992553,True,9,50.0,8,7,5,2,45,16,29,78
1999,59.97667600000152,60.00667600000152,1179,2,1,2,1,131.33087500318652,True,9,50.0,8,8,5,3,57,17,40,106
2000,60.00667600000152,60.03667600000152,1213,3,2,2,1,130.79716699940036,True,9,50.0,8,8,5,3,44,14,30,101
2001,60.03667600000152,60.06667600000152,1282,4,4,2,1,133.78170800206135,True,9,50.0,8,11,5,6,79,15,64,99
2002,60.06667600000152,60.09667600000152,1288,4,3,3,1,132.64958299987484,True,9,50.0,8,8,5,3,64,17,47,154
2003,60.09667600000152,60.126676000001524,1529,3,2,1,1,134.559916001308,True,9,50.0,8,19,14,5,118,33,85,232
2004,60.126676000001524,60.156676000001525,1564,3,3,2,2,134.51137500305776,True,9,50.0,8,18,8,10,130,12,118,248
2005,60.156676000001525,60.186676000001526,1510,4,3,3,2,131.17054099711822,True,9,50.0,8,14,9,5,118,33,85,234
2006,60.186676000001526,60.21667600000153,1541,3,3,3,3,131.4700000002631,True,9,50.0,8,11,6,5,98,19,79,277
2007,60.21667600000153,60.24667600000153,1595,4,3,4,3,130.22070900115068,True,9,50.0,8,11,7,4,80,23,57,297
2008,60.24667600000153,60.27667600000153,1635,3,4,3,4,136.4311249999446,True,9,50.0,8,21,14,7,120,31,89,296
2009,60.27667600000153,60.30667600000153,1822,4,4,3,3,134.3136659997981,True,9,50.0,8,12,7,5,115,19,96,317
2010,60.30667600000153,60.33667600000153,1636,4,4,4,4,132.67274999816436,True,9,50.0,8,11,5,6,142,14,128,138
2011,60.33667600000153,60.36667600000153,1570,4,4,4,4,131.16816699766787,True,9,50.0,8,13,9,4,116,24,92,145
2012,60.36667600000153,60.396676000001534,1577,3,2,3,2,132.15545900311554,True,9,50.0,8,7,5,2,116,21,95,103
2013,60.396676000001534,60.426676000001535,1495,4,3,4,2,132.1557910014235,True,9,50.0,8,14,10,4,127,43,84,125
2014,60.426676000001535,60.456676000001536,1628,4,4,4,4,133.74970799850416,True,9,50.0,8,11,7,4,139,22,117,118
2015,60.456676000001536,60.48667600000154,1575,4,4,3,4,132.5014160029241,True,9,50.0,8,12,8,4,135,23,112,93
2016,60.48667600000154,60.51667600000154,1569,4,4,4,4,131.74179199995706,True,9,50.0,8,11,5,6,132,17,115,100
2017,60.51667600000154,60.54667600000154,1658,4,4,4,4,132.94295900050201,True,9,50.0,8,11,6,5,151,30,121,122
2018,60.54667600000154,60.57667600000154,1608,3,4,3,4,130.53804200171726,True,9,50.0,8,13,9,4,132,34,98,146
2019,60.57667600000154,60.60667600000154,1465,4,4,4,4,131.73783299862407,True,9,50.0,8,10,6,4,111,11,100,118
2020,60.60667600000154,60.63667600000154,1396,4,3,3,2,130.56649999998626,True,9,50.0,8,10,7,3,123,28,95,103
2021,60.63667600000154,60.666676000001544,1430,3,2,3,2,129.83845899725566,True,9,50.0,8,11,6,5,118,16,102,118
2022,60.666676000001544,60.696676000001546,1393,4,3,4,3,129.7778330008441,True,9,50.0,8,12,8,4,119,35,84,90
2023,60.696676000001546,60.72667600000155,1406,4,3,3,3,130.53537499945378,True,9,50.0,8,9,6,3,93,23,70,70
2024,60.72667600000155,60.75667600000155,1408,4,4,4,3,131.33112500145216,True,9,50.0,8,9,4,5,112,16,96,104
2025,60.75667600000155,60.78667600000155,1356,4,3,4,2,131.39337499887915,True,9,50.0,8,10,6,4,86,15,71,152
2026,60.78667600000155,60.81667600000155,1417,4,4,4,4,133.78837499840301,True,9,50.0,8,8,3,5,78,8,70,116
2027,60.81667600000155,60.84667600000155,1444,4,3,4,3,133.60454199937521,True,9,50.0,8,7,3,4,68,10,58,195
2028,60.84667600000155,60.87667600000155,1390,4,2,3,2,132.06183300280827,True,9,50.0,8,9,6,3,79,19,60,137
2029,60.87667600000155,60.90667600000155,1466,3,3,2,2,133.87841599978856,True,9,50.0,8,9,4,5,95,14,81,203
2030,60.90667600000155,60.936676000001555,1354,3,3,2,2,132.60649999938323,True,9,50.0,8,10,5,5,80,10,70,148
2031,60.936676000001555,60.966676000001556,1264,4,2,4,2,132.7734580008837,True,9,50.0,8,9,6,3,77,28,49,198
2032,60.966676000001556,60.99667600000156,1181,4,4,3,3,134.75108300190186,True,9,50.0,8,7,1,6,81,8,73,217
2033,60.99667600000156,61.02667600000156,1171,2,1,2,1,136.82437500028755,True,9,50.0,8,10,7,3,52,17,35,200
2034,61.02667600000156,61.05667600000156,1176,3,3,2,2,132.21704199895612,True,9,50.0,8,10,6,4,68,19,49,239
2035,61.05667600000156,61.08667600000156,1221,3,2,2,1,131.33995800308185,True,9,50.0,8,8,6,2,42,24,18,224
2036,61.08667600000156,61.11667600000156,994,3,3,1,0,133.37029100148357,True,9,50.0,8,8,3,5,74,6,68,70
2037,61.11667600000156,61.14667600000156,940,4,3,2,1,131.25816699903226,True,9,50.0,8,6,3,3,41,10,31,86
2038,61.14667600000156,61.176676000001564,979,2,1,2,1,132.53624999924796,True,9,50.0,8,6,3,3,47,12,35,91
2039,61.176676000001564,61.206676000001565,949,4,4,3,2,134.82691700119176,True,9,50.0,8,8,4,4,64,16,48,95
2040,61.206676000001565,61.236676000001566,1024,4,2,2,1,131.64408400189131,True,9,50.0,8,8,6,2,42,15,27,137
2041,61.236676000001566,61.26667600000157,1124,3,3,2,2,132.21895799870254,True,9,50.0,8,6,2,4,58,3,55,140
2042,61.26667600000157,61.29667600000157,1066,2,2,2,2,131.2538329984818,True,9,50.0,8,7,5,2,40,6,34,167
2043,61.29667600000157,61.32667600000157,975,2,2,2,2,133.16987500002142,True,9,50.0,8,6,2,4,49,2,47,179
2044,61.32667600000157,61.35667600000157,1035,2,2,2,2,132.59633399866289,True,9,50.0,8,8,5,3,61,13,48,141
2045,61.35667600000157,61.38667600000157,1032,3,2,2,2,132.4967500004277,True,9,50.0,8,7,4,3,57,8,49,128
2046,61.38667600000157,61.41667600000157,1159,4,3,2,1,131.89012500151875,True,9,50.0,8,11,7,4,83,20,63,105
2047,61.41667600000157,61.446676000001574,1100,4,4,2,2,134.60008400215884,True,9,50.0,8,8,4,4,76,15,61,108
2048,61.446676000001574,61.476676000001575,1126,4,4,3,3,141.12320899948827,True,9,50.0,8,11,6,5,98,17,81,66
2049,61.476676000001575,61.506676000001576,1134,4,3,3,3,132.347208000283,True,9,50.0,8,8,4,4,89,12,77,106
2050,61.506676000001576,61.53667600000158,1146,3,3,3,3,131.7418340004224,True,9,50.0,8,7,3,4,79,7,72,117
2051,61.53667600000158,61.56667600000158,1176,3,3,3,3,132.63549999828683,True,9,50.0,8,7,4,3,79,15,64,97
2052,61.56667600000158,61.59667600000158,1259,3,3,3,3,131.23512500169454,True,9,50.0,8,11,5,6,112,11,101,98
2053,61.59667600000158,61.62667600000158,1192,4,4,3,3,132.49008300044807,True,9,50.0,8,11,7,4,97,21,76,90
2054,61.62667600000158,61.65667600000158,1205,4,3,3,2,131.83508299698588,True,9,50.0,8,8,5,3,93,23,70,90
2055,61.65667600000158,61.68667600000158,1214,4,3,3,2,132.10708400220028,True,9,50.0,8,8,5,3,106,18,88,109
2056,61.68667600000158,61.716676000001584,1280,4,2,3,1,132.55533300252864,True,9,50.0,8,10,8,2,104,31,73,87
2057,61.716676000001584,61.746676000001585,1209,3,1,3,1,131.0525000008056,True,9,50.0,8,8,6,2,79,19,60,90
2058,61.746676000001585,61.776676000001586,1241,3,2,3,2,131.38729199999943,True,9,50.0,8,7,4,3,91,11,80,107
2059,61.776676000001586,61.80667600000159,1282,4,4,3,2,133.58645799962687,True,9,50.0,8,6,2,4,106,4,102,92
2060,61.80667600000159,61.83667600000159,1258,4,3,3,2,131.43545799903222,True,9,50.0,8,8,5,3,106,20,86,103
2061,61.83667600000159,61.86667600000159,1271,3,2,3,2,130.2242079982534,True,9,50.0,8,7,5,2,107,16,91,151
2062,61.86667600000159,61.89667600000159,1362,3,2,3,2,131.06633300048998,True,9,50.0,8,8,5,3,106,20,86,210
2063,61.89667600000159,61.92667600000159,1213,3,3,3,3,130.45149999743444,True,9,50.0,8,7,3,4,115,6,109,115
2064,61.92667600000159,61.95667600000159,1260,3,2,3,2,131.08633299998473,True,9,50.0,8,6,4,2,93,11,82,84
2065,61.95667600000159,61.986676000001594,1247,2,2,2,2,130.58954199732398,True,9,50.0,8,6,4,2,101,17,84,124
2066,61.986676000001594,62.016676000001596,1205,2,2,2,2,130.46050000048126,True,9,50.0,8,4,1,3,90,5,85,134
2067,62.016676000001596,62.0466760000016,1187,1,1,1,1,130.75504100197577,True,9,50.0,8,4,2,2,91,5,86,96
2068,62.0466760000016,62.0766760000016,1204,2,1,2,1,131.34924999758368,True,9,50.0,8,7,6,1,98,27,71,84
2069,62.0766760000016,62.1066760000016,1233,3,1,2,1,129.8400000014226,True,9,50.0,8,9,6,3,107,23,84,107
2070,62.1066760000016,62.1366760000016,1304,2,2,2,1,131.75875000160886,True,9,50.0,8,7,4,3,82,8,74,117
2071,62.1366760000016,62.1666760000016,1490,2,2,2,1,131.72675000168965,True,9,50.0,8,8,5,3,95,13,82,277
2072,62.1666760000016,62.1966760000016,1614,4,2,2,1,134.31812500130036,True,9,50.0,8,12,9,3,107,28,79,312
2073,62.1966760000016,62.2266760000016,1630,2,1,2,1,131.37762499900418,True,9,50.0,8,8,7,1,77,19,58,372
2074,62.2266760000016,62.256676000001605,1779,2,2,2,2,131.50008299999172,True,9,50.0,8,7,5,2,77,11,66,378
2075,62.256676000001605,62.286676000001606,1876,2,1,2,1,131.1336670005403,True,9,50.0,8,11,9,2,81,21,60,423
2076,62.286676000001606,62.31667600000161,1941,2,2,2,2,130.80524999895715,True,9,50.0,8,12,10,2,84,23,61,490
2077,62.31667600000161,62.34667600000161,2009,2,2,2,2,132.08204200054752,True,9,50.0,8,10,5,5,105,15,90,523
2078,62.34667600000161,62.37667600000161,2246,2,2,1,1,131.543249997776,True,9,50.0,8,9,7,2,68,26,42,617
2079,62.37667600000161,62.40667600000161,1771,3,2,1,1,130.960167000012,True,9,50.0,8,9,7,2,88,31,57,411
2080,62.40667600000161,62.43667600000161,1046,3,3,3,3,130.65425000240793,True,9,50.0,8,5,1,4,89,2,87,60
2081,62.43667600000161,62.46667600000161,1012,3,3,3,3,133.25125000119442,True,9,50.0,8,4,0,4,86,0,86,62
2082,62.46667600000161,62.496676000001614,970,2,2,2,2,132.98125000073924,True,9,50.0,8,3,1,2,70,2,68,51
2083,62.496676000001614,62.526676000001615,1001,3,3,2,2,131.89258399870596,True,9,50.0,8,3,0,3,82,0,82,60
2084,62.526676000001615,62.556676000001616,1062,2,2,2,2,130.91945899941493,True,9,50.0,8,5,2,3,71,4,67,67
2085,62.556676000001616,62.58667600000162,1026,3,3,2,2,132.4218750014552,True,9,50.0,8,4,0,4,89,0,89,58
2086,62.58667600000162,62.61667600000162,1024,2,2,2,2,133.43454099958763,True,9,50.0,8,4,1,3,75,1,74,35
2087,62.61667600000162,62.64667600000162,952,2,2,2,2,134.87824999901932,True,9,50.0,8,3,0,3,77,0,77,37
2088,62.64667600000162,62.67667600000162,1025,3,3,2,2,132.2805839990906,True,9,50.0,8,4,1,3,85,1,84,67
2089,62.67667600000162,62.70667600000162,958,4,3,2,2,130.86508400010644,True,9,50.0,8,4,1,3,70,6,64,110
2090,62.70667600000162,62.73667600000162,1063,3,3,2,2,130.69537499904982,True,9,50.0,8,8,3,5,95,4,91,61
2091,62.73667600000162,62.766676000001624,1058,3,3,2,2,130.07324999853154,True,9,50.0,8,7,3,4,78,8,70,68
2092,62.766676000001624,62.796676000001625,1055,3,3,2,2,129.68091699804063,True,9,50.0,8,5,0,5,98,0,98,74
2093,62.796676000001625,62.826676000001626,1171,3,3,3,3,129.97537499904865,True,9,50.0,8,5,1,4,82,1,81,87
2094,62.826676000001626,62.85667600000163,1174,3,3,3,3,129.2842910006584,True,9,50.0,8,3,0,3,88,0,88,70
2095,62.85667600000163,62.88667600000163,1134,3,2,3,2,130.0775829986378,True,9,50.0,8,4,2,2,83,4,79,94
2096,62.88667600000163,62.91667600000163,1164,2,2,2,2,131.03995900019072,True,9,50.0,8,4,2,2,78,3,75,68
2097,62.91667600000163,62.94667600000163,1251,3,2,3,2,129.8560830000497,True,9,50.0,8,3,1,2,97,7,90,63
2098,62.94667600000163,62.97667600000163,1290,3,2,3,2,134.13533399943844,True,9,50.0,8,3,1,2,91,5,86,61
2099,62.97667600000163,63.00667600000163,1274,2,2,2,2,130.79999999899883,True,9,50.0,8,4,2,2,104,2,102,79
2100,63.00667600000163,63.036676000001634,1296,2,2,2,2,130.60154099730426,True,9,50.0,8,2,0,2,100,0,100,54
2101,63.036676000001634,63.066676000001635,1295,2,2,2,2,130.97491699954844,True,9,50.0,8,2,0,2,103,0,103,72
2102,63.066676000001635,63.09667600000164,1325,2,2,2,2,131.61970900182496,True,9,50.0,8,4,1,3,109,1,108,60
2103,63.09667600000164,63.12667600000164,1238,2,2,2,2,128.96079200072563,True,9,50.0,8,2,0,2,109,0,109,75
2104,63.12667600000164,63.15667600000164,1114,2,2,2,2,130.5615419987589,True,9,50.0,8,3,1,2,76,1,75,79
2105,63.15667600000164,63.18667600000164,1099,1,1,1,1,129.10841700067976,True,9,50.0,8,3,1,2,70,2,68,63
2106,63.18667600000164,63.21667600000164,1137,1,1,1,1,129.18012500085752,True,9,50.0,8,3,1,2,80,1,79,20
2107,63.21667600000164,63.24667600000164,1069,2,1,2,1,128.29237500045565,True,9,50.0,8,3,2,1,93,5,88,43
2108,63.24667600000164,63.27667600000164,1074,2,1,1,1,128.51383300221642,True,9,50.0,8,2,1,1,87,3,84,50
2109,63.27667600000164,63.306676000001644,1081,2,1,2,1,129.50379099856946,True,9,50.0,8,2,1,1,83,5,78,34
2110,63.306676000001644,63.336676000001646,1071,2,1,2,1,129.8311669997929,True,9,50.0,8,3,2,1,91,10,81,30
2111,63.336676000001646,63.36667600000165,1049,1,1,1,1,128.83987500026706,True,9,50.0,8,1,0,1,75,0,75,57
2112,63.36667600000165,63.39667600000165,960,1,1,1,1,130.35458400190691,True,9,50.0,8,3,1,2,84,2,82,41
2113,63.39667600000165,63.42667600000165,990,1,1,1,1,131.1754580019624,True,9,50.0,8,3,1,2,70,2,68,43
2114,63.42667600000165,63.45667600000165,1068,2,2,1,1,130.54737499987823,True,9,50.0,8,4,0,4,95,0,95,54
2115,63.45667600000165,63.48667600000165,995,2,2,1,1,132.57454199992935,True,9,50.0,8,3,1,2,84,2,82,53
2116,63.48667600000165,63.51667600000165,1043,2,2,1,1,131.54941699758638,True,9,50.0,8,4,0,4,94,0,94,47
2117,63.51667600000165,63.54667600000165,1026,2,2,2,2,131.8531670003722,True,9,50.0,8,5,1,4,76,6,70,53
2118,63.54667600000165,63.576676000001655,968,2,1,2,1,128.4967499996128,True,9,50.0,8,6,4,2,57,11,46,68
2119,63.576676000001655,63.606676000001656,976,3,2,2,2,130.64320899866289,True,9,50.0,8,6,3,3,65,12,53,58
2120,63.606676000001656,63.63667600000166,934,3,2,2,2,141.4529579997179,True,9,50.0,8,4,1,3,51,6,45,70
2121,63.63667600000166,63.66667600000166,907,2,1,2,1,133.58154099842068,True,9,50.0,8,5,4,1,32,13,19,62
2122,63.66667600000166,63.69667600000166,885,2,2,2,2,133.2179580022057,True,9,50.0,8,4,0,4,40,0,40,44
2123,63.69667600000166,63.72667600000166,797,1,1,1,1,134.1195829991193,True,9,50.0,8,4,2,2,32,8,24,41
2124,63.72667600000166,63.75667600000166,859,2,2,1,1,135.15145799829043,True,9,50.0,8,7,2,5,56,3,53,45
2125,63.75667600000166,63.78667600000166,887,2,2,1,1,133.5851250005362,True,9,50.0,8,4,2,2,37,12,25,59
2126,63.78667600000166,63.816676000001664,893,1,1,1,1,134.5957500016084,True,9,50.0,8,5,2,3,63,9,54,57
2127,63.816676000001664,63.846676000001665,916,1,1,1,1,136.36529200084624,True,9,50.0,8,4,2,2,54,8,46,43
2128,63.846676000001665,63.876676000001666,950,1,1,1,1,132.281291000254,True,9,50.0,8,3,0,3,38,0,38,86
2129,63.876676000001666,63.90667600000167,967,1,1,1,1,136.0163339995779,True,9,50.0,8,5,2,3,64,3,61,45
2130,63.90667600000167,63.93667600000167,923,1,1,1,1,135.76599999942118,True,9,50.0,8,5,2,3,61,3,58,98
2131,63.93667600000167,63.96667600000167,972,1,1,1,1,131.936207999388,True,9,50.0,8,3,1,2,54,6,48,55
2132,63.96667600000167,63.99667600000167,1005,1,1,1,1,132.0240829991235,True,9,50.0,8,4,2,2,44,4,40,67
2133,63.99667600000167,64.02667600000167,951,1,1,1,1,165.5756250002014,True,9,50.0,8,4,2,2,52,2,50,48
2134,64.02667600000167,64.05667600000167,946,1,1,1,1,155.85208300035447,True,9,50.0,8,6,4,2,43,6,37,50
2135,64.05667600000167,64.08667600000167,978,1,1,1,1,130.72854100028053,True,9,50.0,8,2,0,2,49,0,49,48
2136,64.08667600000167,64.11667600000168,947,1,1,1,1,132.28204199913307,True,9,50.0,8,5,3,2,42,9,33,105
2137,64.11667600000168,64.14667600000168,902,1,1,1,1,129.42316599946935,True,9,50.0,8,4,2,2,50,3,47,83
2138,64.14667600000168,64.17667600000168,882,1,1,1,1,130.30629200147814,True,9,50.0,8,6,5,1,26,9,17,103
2139,64.17667600000168,64.20667600000168,881,1,0,1,0,126.01866600016365,True,9,50.0,8,3,3,0,10,10,0,83
2140,64.20667600000168,64.23667600000168,887,1,1,1,1,130.0535830014269,True,9,50.0,8,2,1,1,14,1,13,67
2141,64.23667600000168,64.26667600000168,956,1,1,1,1,130.54991699755192,True,9,50.0,8,3,2,1,24,4,20,70
2142,64.26667600000168,64.29667600000168,995,1,1,1,1,130.3953749993525,True,9,50.0,8,2,1,1,35,1,34,45
2143,64.29667600000168,64.32667600000168,997,1,1,1,1,130.0887920006062,True,9,50.0,8,2,0,2,41,0,41,54
2144,64.32667600000168,64.35667600000168,1007,2,0,1,0,129.9485840027046,True,9,50.0,8,7,6,1,24,15,9,81
2145,64.35667600000168,64.38667600000169,984,1,0,1,0,126.39370800025063,True,9,50.0,8,5,5,0,25,25,0,88
2146,64.38667600000169,64.41667600000169,956,1,1,1,1,128.45766700047534,True,9,50.0,8,8,7,1,26,17,9,72
2147,64.41667600000169,64.44667600000169,1064,1,1,1,0,132.18466699981946,True,9,50.0,8,4,1,3,32,2,30,52
2148,64.44667600000169,64.47667600000169,1029,1,1,1,1,132.18862500070827,True,9,50.0,8,6,4,2,40,12,28,94
2149,64.47667600000169,64.50667600000169,1015,1,1,1,1,130.80437499957043,True,9,50.0,8,5,4,1,27,8,19,77
2150,64.50667600000169,64.53667600000169,990,1,1,1,1,130.3298340026231,True,9,50.0,8,3,2,1,13,4,9,76
2151,64.53667600000169,64.56667600000169,1014,0,0,0,0,131.30370799990487,True,9,50.0,8,5,4,1,18,9,9,87
2152,64.56667600000169,64.5966760000017,991,3,1,1,0,130.31558299917378,True,9,50.0,8,7,5,2,33,13,20,102
2153,64.5966760000017,64.6266760000017,917,0,0,0,0,126.82000000131666,True,9,50.0,8,2,2,0,5,5,0,114
2154,64.6266760000017,64.6566760000017,1065,2,0,0,0,128.4792920014297,True,9,50.0,8,4,4,0,14,14,0,93
2155,64.6566760000017,64.6866760000017,1106,2,0,0,0,129.44191600035992,True,9,50.0,8,6,5,1,25,16,9,94
2156,64.6866760000017,64.7166760000017,1074,2,0,0,0,129.41529099771287,True,9,50.0,8,9,8,1,33,24,9,114
2157,64.7166760000017,64.7466760000017,1100,1,0,1,0,128.61308400169946,True,9,50.0,8,6,4,2,31,13,18,68
2158,64.7466760000017,64.7766760000017,1054,1,1,1,0,129.86799999998766,True,9,50.0,8,6,4,2,22,4,18,63
2159,64.7766760000017,64.8066760000017,1012,1,0,1,0,127.55408300290583,True,9,50.0,8,6,6,0,26,26,0,62
2160,64.8066760000017,64.8366760000017,1011,1,1,1,0,129.78212500092923,True,9,50.0,8,4,3,1,21,8,13,48
2161,64.8366760000017,64.8666760000017,991,1,1,1,0,129.78029199803132,True,9,50.0,8,5,4,1,20,9,11,56
2162,64.8666760000017,64.8966760000017,966,2,1,1,0,129.88720800058218,True,9,50.0,8,4,3,1,24,10,14,104
2163,64.8966760000017,64.9266760000017,955,2,1,1,0,129.83712499772082,True,9,50.0,8,5,3,2,34,5,29,74
2164,64.9266760000017,64.9566760000017,868,0,0,0,0,126.87733299753745,True,9,50.0,8,3,3,0,5,5,0,67
2165,64.9566760000017,64.98667600000171,843,0,0,0,0,125.22899999748915,True,9,50.0,8,4,4,0,6,6,0,40
2166,64.98667600000171,65.01667600000171,825,1,0,0,0,131.28829200286418,True,9,50.0,8,6,6,0,11,11,0,80
2167,65.01667600000171,65.04667600000171,824,1,0,0,0,128.02345800082549,True,9,50.0,8,4,4,0,10,10,0,43
2168,65.04667600000171,65.07667600000171,837,1,1,0,0,128.3824589991127,True,9,50.0,8,1,0,1,12,0,12,44
2169,65.07667600000171,65.10667600000171,782,2,1,1,0,154.58645900071133,True,9,50.0,8,5,4,1,21,11,10,36
2170,65.10667600000171,65.13667600000171,793,2,1,1,0,139.78637500258628,True,9,50.0,8,3,2,1,21,9,12,45
2171,65.13667600000171,65.16667600000171,832,2,0,1,0,134.60854200093308,True,9,50.0,8,5,3,2,30,12,18,41
2172,65.16667600000171,65.19667600000172,837,1,0,0,0,132.0384999999078,True,9,50.0,8,3,3,0,5,5,0,48
2173,65.19667600000172,65.22667600000172,854,1,0,0,0,130.17224999930477,True,9,50.0,8,3,3,0,8,8,0,70
2174,65.22667600000172,65.25667600000172,781,1,0,1,0,129.0379580023,True,9,50.0,8,2,2,0,9,9,0,53
2175,65.25667600000172,65.28667600000172,824,1,1,1,0,151.90604199960944,True,9,50.0,8,6,4,2,23,5,18,56
2176,65.28667600000172,65.31667600000172,844,1,0,1,0,163.2333750021644,True,9,50.0,8,4,4,0,16,16,0,68
2177,65.31667600000172,65.34667600000172,933,1,1,1,0,136.25245900038863,True,9,50.0,8,9,7,2,28,10,18,90
2178,65.34667600000172,65.37667600000172,866,3,1,1,0,132.39333299861755,True,9,50.0,8,10,8,2,39,21,18,56
2179,65.37667600000172,65.40667600000172,939,1,1,1,0,130.26979200003552,True,9,50.0,8,3,2,1,19,5,14,59
2180,65.40667600000172,65.43667600000173,936,1,0,0,0,131.4955829984683,True,9,50.0,8,6,5,1,22,13,9,100
2181,65.43667600000173,65.46667600000173,932,2,1,2,0,133.03399999858811,True,9,50.0,8,5,3,2,25,5,20,60
2182,65.46667600000173,65.49667600000173,893,2,0,1,0,131.55216700033634,True,9,50.0,8,5,5,0,21,21,0,76
2183,65.49667600000173,65.52667600000173,836,3,1,2,0,131.45962500129826,True,9,50.0,8,3,2,1,18,9,9,68
2184,65.52667600000173,65.55667600000173,868,2,1,1,0,130.8692919992609,True,9,50.0,8,4,3,1,18,9,9,85
2185,65.55667600000173,65.58667600000173,908,1,1,1,0,131.8066669991822,True,9,50.0,8,1,0,1,12,0,12,42
2186,65.58667600000173,65.61667600000173,827,1,1,1,0,131.11716599814827,True,9,50.0,8,3,2,1,22,4,18,40
2187,65.61667600000173,65.64667600000173,852,1,1,1,0,131.15991700033192,True,9,50.0,8,1,0,1,27,0,27,35
2188,65.64667600000173,65.67667600000173,883,1,1,1,1,129.9754589999793,True,9,50.0,8,2,1,1,27,4,23,55
2189,65.67667600000173,65.70667600000174,867,1,1,1,1,130.59145800070837,True,9,50.0,8,4,3,1,26,11,15,38
2190,65.70667600000174,65.73667600000174,918,2,1,1,1,131.50029100143,True,9,50.0,8,3,1,2,45,6,39,51
2191,65.73667600000174,65.76667600000174,946,2,2,1,1,129.70462500015856,True,9,50.0,8,3,1,2,29,3,26,69
2192,65.76667600000174,65.79667600000174,837,1,1,1,1,130.45454100210918,True,9,50.0,8,4,2,2,35,5,30,47
2193,65.79667600000174,65.82667600000174,773,1,1,0,0,129.98541699926136,True,9,50.0,8,2,1,1,13,4,9,43
2194,65.82667600000174,65.85667600000174,774,1,1,0,0,130.86595899949316,True,9,50.0,8,2,0,2,26,0,26,18
2195,65.85667600000174,65.88667600000174,751,0,0,0,0,129.4956670026295,True,9,50.0,8,2,2,0,6,6,0,47
2196,65.88667600000174,65.91667600000174,787,1,0,0,0,129.05541699728929,True,9,50.0,8,2,2,0,6,6,0,52
2197,65.91667600000174,65.94667600000174,744,0,0,0,0,130.75404199844343,True,9,50.0,8,2,1,1,11,2,9,49
2198,65.94667600000174,65.97667600000175,708,0,0,0,0,127.52695799645153,True,9,50.0,8,1,1,0,2,2,0,40
2199,65.97667600000175,66.00667600000175,734,0,0,0,0,128.35629199980758,True,9,50.0,8,3,3,0,3,3,0,39
2200,66.00667600000175,66.03667600000175,758,0,0,0,0,128.88075000228127,True,9,50.0,8,1,1,0,2,2,0,34
2201,66.03667600000175,66.06667600000175,791,0,0,0,0,129.78512499830686,True,9,50.0,8,3,3,0,5,5,0,65
2202,66.06667600000175,66.09667600000175,872,0,0,0,0,129.7900000026857,True,9,50.0,8,6,6,0,9,9,0,71
2203,66.09667600000175,66.12667600000175,998,2,1,0,0,132.43108299866435,True,9,50.0,8,7,6,1,20,9,11,86
2204,66.12667600000175,66.15667600000175,948,2,1,0,0,132.7906670012453,True,9,50.0,8,7,4,3,43,9,34,44
2205,66.15667600000175,66.18667600000175,1004,1,1,1,1,132.2112920024665,True,9,50.0,8,6,5,1,22,11,11,90
2206,66.18667600000175,66.21667600000175,1003,1,0,0,0,129.66445900019608,True,9,50.0,8,5,5,0,16,16,0,74
2207,66.21667600000175,66.24667600000176,1080,1,2,0,1,132.59212499906425,True,9,50.0,8,6,4,2,44,13,31,64
2208,66.24667600000176,66.27667600000176,1153,2,1,1,0,132.1210419991985,True,9,50.0,8,5,3,2,26,7,19,58
2209,66.27667600000176,66.30667600000176,1203,2,1,1,1,131.3836250010354,True,9,50.0,8,6,4,2,33,9,24,108
2210,66.30667600000176,66.33667600000176,1253,2,1,1,1,128.84200000189594,True,9,50.0,8,5,4,1,36,13,23,109
2211,66.33667600000176,66.36667600000176,1126,2,1,1,1,131.75233299989486,True,9,50.0,8,5,4,1,42,17,25,64
2212,66.36667600000176,66.39667600000176,1152,2,1,2,1,130.5267499992624,True,9,50.0,8,5,4,1,34,18,16,88
2213,66.39667600000176,66.42667600000176,1077,2,0,2,0,129.4799579991377,True,9,50.0,8,6,6,0,28,28,0,78
2214,66.42667600000176,66.45667600000176,989,3,1,2,1,132.57995800086064,True,9,50.0,8,5,4,1,35,14,21,91
2215,66.45667600000176,66.48667600000176,884,1,0,0,0,133.2937499973923,True,9,50.0,8,5,5,0,8,8,0,52
2216,66.48667600000176,66.51667600000177,1020,2,0,2,0,133.7804579998192,True,9,50.0,8,5,5,0,11,11,0,88
2217,66.51667600000177,66.54667600000177,1198,2,1,1,0,130.55750000057742,True,9,50.0,8,5,4,1,34,17,17,90
2218,66.54667600000177,66.57667600000177,1204,2,1,2,0,133.3332079993852,True,9,50.0,8,8,5,3,49,10,39,101
2219,66.57667600000177,66.60667600000177,1277,2,1,1,1,132.29066599888029,True,9,50.0,8,7,5,2,72,15,57,89
2220,66.60667600000177,66.63667600000177,1210,1,1,1,1,131.34729099692777,True,9,50.0,8,2,1,1,55,2,53,97
2221,66.63667600000177,66.66667600000177,1174,3,2,1,1,131.57287500143866,True,9,50.0,8,4,2,2,70,10,60,77
2222,66.66667600000177,66.69667600000177,1110,3,2,1,1,132.42287500179373,True,9,50.0,8,7,5,2,50,12,38,99
2223,66.69667600000177,66.72667600000177,1164,3,1,1,0,130.76695800191374,True,9,50.0,8,9,8,1,40,31,9,115
2224,66.72667600000177,66.75667600000178,1178,3,2,1,1,132.08983300137334,True,9,50.0,8,9,6,3,61,16,45,116
2225,66.75667600000178,66.78667600000178,1223,3,1,2,1,145.59908400042332,True,9,50.0,8,7,5,2,56,19,37,98
2226,66.78667600000178,66.81667600000178,1297,3,0,3,0,145.96870800232864,True,9,50.0,8,8,6,2,48,30,18,118
2227,66.81667600000178,66.84667600000178,1466,3,2,3,0,131.51449999713805,True,9,50.0,8,8,5,3,64,19,45,114
2228,66.84667600000178,66.87667600000178,1648,2,1,2,0,145.10845800032257,True,9,50.0,8,15,12,3,83,32,51,139
2229,66.87667600000178,66.90667600000178,1652,3,2,2,1,143.26262499889708,True,9,50.0,8,10,6,4,106,12,94,123
2230,66.90667600000178,66.93667600000178,1629,3,1,3,1,131.8160410010023,True,9,50.0,8,10,7,3,86,16,70,117
2231,66.93667600000178,66.96667600000178,1638,2,1,2,1,131.36370799838915,True,9,50.0,8,4,3,1,110,10,100,141
2232,66.96667600000178,66.99667600000178,1674,3,1,2,1,131.263792001846,True,9,50.0,8,5,3,2,140,14,126,137
2233,66.99667600000178,67.02667600000179,1542,2,1,2,1,130.60720800058334,True,9,50.0,8,10,6,4,134,19,115,114
2234,67.02667600000179,67.05667600000179,1551,3,1,3,1,156.70441699694493,True,9,50.0,8,9,6,3,118,19,99,119
2235,67.05667600000179,67.08667600000179,1603,3,1,2,1,151.97233400249388,True,9,50.0,8,10,7,3,116,19,97,158
2236,67.08667600000179,67.11667600000179,1615,3,1,2,1,133.73220799985575,True,9,50.0,8,10,7,3,138,23,115,136
2237,67.11667600000179,67.14667600000179,1735,2,1,2,1,132.6994580012979,True,9,50.0,8,6,3,3,167,9,158,104
2238,67.14667600000179,67.17667600000179,1716,3,1,3,1,132.47237500036135,True,9,50.0,8,11,7,4,177,26,151,154
2239,67.17667600000179,67.20667600000179,1770,1,1,1,1,131.13129200064577,True,9,50.0,8,5,3,2,189,6,183,126
2240,67.20667600000179,67.2366760000018,1592,2,1,2,1,131.26391700279783,True,9,50.0,8,5,3,2,159,9,150,125
2241,67.2366760000018,67.2666760000018,1776,2,1,2,1,130.96466700153542,True,9,50.0,8,9,5,4,188,23,165,134
2242,67.2666760000018,67.2966760000018,1638,3,1,2,1,131.00208299874794,True,9,50.0,8,7,5,2,169,18,151,137
2243,67.2966760000018,67.3266760000018,1650,3,1,2,1,129.81791700076428,True,9,50.0,8,9,5,4,160,16,144,185
2244,67.3266760000018,67.3566760000018,1713,3,1,3,1,134.44020799943246,True,9,50.0,8,8,4,4,189,19,170,122
2245,67.3566760000018,67.3866760000018,1603,3,2,2,1,132.66004100296414,True,9,50.0,8,9,4,5,164,15,149,122
2246,67.3866760000018,67.4166760000018,1780,3,2,3,1,132.88283300062176,True,9,50.0,8,8,3,5,206,13,193,133
2247,67.4166760000018,67.4466760000018,1675,2,1,2,1,133.3544580011221,True,9,50.0,8,9,6,3,192,17,175,169
2248,67.4466760000018,67.4766760000018,1707,2,2,2,1,132.14795900057652,True,9,50.0,8,9,5,4,182,12,170,181
2249,67.4766760000018,67.5066760000018,1508,2,2,2,2,132.39779099967564,True,9,50.0,8,7,3,4,180,4,176,134
2250,67.5066760000018,67.5366760000018,1535,2,2,2,2,133.87149999834946,True,9,50.0,8,12,6,6,168,12,156,145
2251,67.5366760000018,67.5666760000018,1460,2,1,2,1,132.62037499953294,True,9,50.0,8,10,7,3,158,29,129,149
2252,67.5666760000018,67.5966760000018,1672,3,2,2,1,130.84854200133123,True,9,50.0,8,14,11,3,136,33,103,145
2253,67.5966760000018,67.62667600000181,1934,2,2,2,1,132.6892079996469,True,9,50.0,8,8,4,4,154,4,150,182
2254,67.62667600000181,67.65667600000181,1842,2,2,2,2,135.85137500194833,True,9,50.0,8,8,5,3,180,13,167,140
2255,67.65667600000181,67.68667600000181,1612,2,2,2,2,132.50775000051362,True,9,50.0,8,6,3,3,164,13,151,124
2256,67.68667600000181,67.71667600000181,1757,2,2,2,2,132.10554200122715,True,9,50.0,8,9,6,3,192,13,179,147
2257,67.71667600000181,67.74667600000181,1860,3,2,2,2,133.54058400000213,True,9,50.0,8,9,5,4,211,22,189,166
2258,67.74667600000181,67.77667600000181,1914,2,2,2,2,133.66112500079907,True,9,50.0,8,7,4,3,206,8,198,174
2259,67.77667600000181,67.80667600000181,2247,2,2,2,2,132.9684170013934,True,9,50.0,8,6,3,3,222,8,214,146
2260,67.80667600000181,67.83667600000182,2437,2,2,2,2,131.54933400073787,True,9,50.0,8,7,3,4,231,5,226,169
2261,67.83667600000182,67.86667600000182,2531,2,2,2,2,131.74849999995786,True,9,50.0,8,5,2,3,257,3,254,110
2262,67.86667600000182,67.89667600000182,2416,2,2,2,2,131.17666700054542,True,9,50.0,8,3,0,3,250,0,250,117
2263,67.89667600000182,67.92667600000182,2297,2,2,2,2,131.09624999924563,True,9,50.0,8,8,2,6,253,4,249,122
2264,67.92667600000182,67.95667600000182,2200,2,2,2,2,131.38258399703773,True,9,50.0,8,5,0,5,234,0,234,145
2265,67.95667600000182,67.98667600000182,2126,2,2,2,2,130.7959590012615,True,9,50.0,8,5,1,4,237,1,236,115
2266,67.98667600000182,68.01667600000182,2328,2,2,2,2,134.10437499987893,True,9,50.0,8,7,2,5,281,5,276,161
2267,68.01667600000182,68.04667600000182,2226,2,2,2,2,134.11283300229115,True,9,50.0,8,5,2,3,247,2,245,147
2268,68.04667600000182,68.07667600000183,2039,3,2,2,2,132.47254100133432,True,9,50.0,8,6,3,3,232,6,226,155
2269,68.07667600000183,68.10667600000183,2599,2,2,2,2,132.36208399757743,True,9,50.0,8,8,3,5,294,5,289,188
2270,68.10667600000183,68.13667600000183,2534,3,2,2,2,132.4341250001453,True,9,50.0,8,6,4,2,299,14,285,158
2271,68.13667600000183,68.16667600000183,2575,3,2,2,2,132.3370000027353,True,9,50.0,8,6,4,2,303,9,294,130
2272,68.16667600000183,68.19667600000183,2435,3,2,2,2,130.4057500019553,True,9,50.0,8,4,2,2,252,6,246,144
2273,68.19667600000183,68.22667600000183,2565,2,2,2,2,132.19520799975726,True,9,50.0,8,4,2,2,280,4,276,166
2274,68.22667600000183,68.25667600000183,3030,3,2,2,2,131.6110830011894,True,9,50.0,8,7,4,3,324,11,313,198
2275,68.25667600000183,68.28667600000183,3249,2,2,2,2,131.5712089999579,True,9,50.0,8,4,2,2,325,7,318,173
2276,68.28667600000183,68.31667600000183,3072,3,2,3,2,132.56166700011818,True,9,50.0,8,5,1,4,331,6,325,143
2277,68.31667600000183,68.34667600000184,2989,2,2,2,2,130.52370800141944,True,9,50.0,8,3,0,3,326,0,326,144
2278,68.34667600000184,68.37667600000184,2846,2,2,2,2,145.53483399868128,True,9,50.0,8,4,0,4,314,0,314,124
2279,68.37667600000184,68.40667600000184,2724,2,2,2,2,138.01620799858938,True,9,50.0,8,4,1,3,295,6,289,148
2280,68.40667600000184,68.43667600000184,2712,2,2,2,2,136.30445799935842,True,9,50.0,8,3,1,2,252,1,251,143
2281,68.43667600000184,68.46667600000184,2797,2,2,2,2,134.9406250010361,True,9,50.0,8,3,0,3,269,0,269,139
2282,68.46667600000184,68.49667600000184,2698,2,2,2,2,134.3267089978326,True,9,50.0,8,2,0,2,296,0,296,88
2283,68.49667600000184,68.52667600000184,2617,2,2,2,2,132.99525000184076,True,9,50.0,8,3,0,3,293,0,293,109
2284,68.52667600000184,68.55667600000184,2520,2,2,2,2,186.85329199797707,True,9,50.0,8,4,1,3,260,3,257,93
2285,68.55667600000184,68.58667600000184,2494,2,2,2,2,142.09999999729916,True,9,50.0,8,5,2,3,243,8,235,105
2286,68.58667600000184,68.61667600000185,2438,2,2,2,2,139.88774999961606,True,9,50.0,8,3,1,2,250,4,246,202
2287,68.61667600000185,68.64667600000185,2518,2,2,2,2,134.80887500190875,True,9,50.0,8,2,0,2,249,0,249,95
2288,68.64667600000185,68.67667600000185,2429,2,2,2,2,134.36833300147555,True,9,50.0,8,4,2,2,290,12,278,123
2289,68.67667600000185,68.70667600000185,2366,2,2,2,2,134.7886670009757,True,9,50.0,8,4,2,2,282,9,273,77
2290,68.70667600000185,68.73667600000185,2355,2,2,2,2,133.98324999798206,True,9,50.0,8,6,3,3,231,4,227,90
2291,68.73667600000185,68.76667600000185,2432,2,2,2,2,173.47587500262307,True,9,50.0,8,4,1,3,238,1,237,80
2292,68.76667600000185,68.79667600000185,2428,2,2,2,2,156.43845899830922,True,9,50.0,8,5,2,3,256,5,251,107
2293,68.79667600000185,68.82667600000185,2304,2,2,2,2,139.00620799904573,True,9,50.0,8,4,2,2,242,4,238,120
2294,68.82667600000185,68.85667600000185,2371,3,3,2,2,138.06170799944084,True,9,50.0,8,9,5,4,264,10,254,158
2295,68.85667600000185,68.88667600000186,2535,3,3,2,2,147.05470799890463,True,9,50.0,8,9,5,4,295,11,284,183
2296,68.88667600000186,68.91667600000186,2631,3,3,3,3,138.3193340006983,True,9,50.0,8,8,4,4,309,13,296,166
2297,68.91667600000186,68.94667600000186,2714,2,2,2,2,134.9084160028724,True,9,50.0,8,12,9,3,256,18,238,176
2298,68.94667600000186,68.97667600000186,2753,2,2,2,2,134.45545899958233,True,9,50.0,8,4,1,3,231,6,225,146
2299,68.97667600000186,69.00667600000186,2773,2,2,2,2,134.21645800190163,True,9,50.0,8,7,3,4,221,10,211,151
2300,69.00667600000186,69.03667600000186,2679,3,2,2,2,132.04945899997256,True,9,50.0,8,5,2,3,198,4,194,163
2301,69.03667600000186,69.06667600000186,2371,3,1,2,1,133.15275000059046,True,9,50.0,8,9,6,3,168,20,148,138
2302,69.06667600000186,69.09667600000186,2234,2,1,2,1,131.23199999972712,True,9,50.0,8,10,7,3,152,20,132,145
2303,69.09667600000186,69.12667600000186,2042,4,2,2,1,130.66445799995563,True,9,50.0,8,7,5,2,123,15,108,131
2304,69.12667600000186,69.15667600000187,2006,2,3,1,1,134.30458299990278,True,9,50.0,8,7,4,3,129,7,122,81
2305,69.15667600000187,69.18667600000187,1934,2,3,1,2,132.87216599928797,True,9,50.0,8,8,4,4,118,9,109,79
2306,69.18667600000187,69.21667600000187,2009,2,3,1,2,133.28254199950607,True,9,50.0,8,6,3,3,123,9,114,114
2307,69.21667600000187,69.24667600000187,2228,3,2,2,2,133.6067920019559,True,9,50.0,8,7,2,5,163,6,157,91
2308,69.24667600000187,69.27667600000187,2187,2,2,2,2,132.54562499787426,True,9,50.0,8,8,4,4,173,11,162,145
2309,69.27667600000187,69.30667600000187,2240,3,2,2,2,132.48466699951678,True,9,50.0,8,8,4,4,185,15,170,107
2310,69.30667600000187,69.33667600000187,2297,2,2,2,2,131.35725000029197,True,9,50.0,8,8,4,4,186,18,168,122
2311,69.33667600000187,69.36667600000187,2367,2,1,2,1,131.7492919988581,True,9,50.0,8,6,4,2,159,14,145,112
2312,69.36667600000187,69.39667600000188,2296,3,2,3,2,134.5111669979815,True,9,50.0,8,6,3,3,186,8,178,107
2313,69.39667600000188,69.42667600000188,2417,3,2,3,2,131.38616599826491,True,9,50.0,8,5,2,3,190,9,181,127
2314,69.42667600000188,69.45667600000188,2362,3,2,2,1,131.7804160025844,True,9,50.0,8,7,3,4,191,10,181,93
2315,69.45667600000188,69.48667600000188,2409,3,1,3,1,130.77674999658484,True,9,50.0,8,7,3,4,198,20,178,71
2316,69.48667600000188,69.51667600000188,2343,2,1,2,1,133.65958299982594,True,9,50.0,8,5,3,2,197,11,186,86
2317,69.51667600000188,69.54667600000188,2279,2,1,2,1,133.19908300036332,True,9,50.0,8,5,3,2,193,9,184,65
2318,69.54667600000188,69.57667600000188,2440,1,1,1,1,129.0486249999958,True,9,50.0,8,5,3,2,201,12,189,66
2319,69.57667600000188,69.60667600000188,2589,2,1,2,1,130.9338339997339,True,9,50.0,8,5,3,2,223,9,214,60
2320,69.60667600000188,69.63667600000188,2665,1,1,1,1,131.1080410014256,True,9,50.0,8,5,3,2,241,8,233,97
2321,69.63667600000188,69.66667600000189,2864,1,1,1,1,130.67091699849698,True,9,50.0,8,5,2,3,253,6,247,83
2322,69.66667600000189,69.69667600000189,2828,2,1,1,1,132.68604100085213,True,9,50.0,8,7,3,4,265,8,257,90
2323,69.69667600000189,69.72667600000189,2973,1,1,1,1,132.04754200341995,True,9,50.0,8,5,3,2,254,5,249,83
2324,69.72667600000189,69.75667600000189,3036,1,1,1,1,130.84991700088722,True,9,50.0,8,6,3,3,261,4,257,119
2325,69.75667600000189,69.78667600000189,3122,1,1,1,1,132.37191699954565,True,9,50.0,8,4,1,3,261,3,258,114
2326,69.78667600000189,69.81667600000189,3140,1,1,1,1,132.16887499947916,True,9,50.0,8,5,2,3,274,4,270,70
2327,69.81667600000189,69.84667600000189,3333,1,1,1,1,130.8564999999362,True,9,50.0,8,3,1,2,267,3,264,96
2328,69.84667600000189,69.8766760000019,3244,1,1,1,1,129.68637500307523,True,9,50.0,8,3,0,3,272,0,272,64
2329,69.8766760000019,69.9066760000019,3309,1,1,1,1,131.75062499794876,True,9,50.0,8,4,1,3,268,2,266,114
2330,69.9066760000019,69.9366760000019,3293,1,1,1,1,131.9076670006325,True,9,50.0,8,5,2,3,278,3,275,93
2331,69.9366760000019,69.9666760000019,3212,2,1,1,1,130.1387910025369,True,9,50.0,8,5,2,3,262,4,258,117
2332,69.9666760000019,69.9966760000019,3123,2,1,1,1,131.39579099879484,True,9,50.0,8,5,3,2,260,8,252,74
2333,69.9966760000019,70.0266760000019,3218,2,1,1,1,142.37333300116006,True,9,50.0,8,6,4,2,255,7,248,91
2334,70.0266760000019,70.0566760000019,3024,3,1,1,1,137.8993750004156,True,9,50.0,8,9,6,3,256,15,241,113
2335,70.0566760000019,70.0866760000019,3008,2,2,1,1,141.08295799815096,True,9,50.0,8,9,4,5,271,7,264,109
2336,70.0866760000019,70.1166760000019,2819,2,1,2,1,137.5057500008552,True,9,50.0,8,7,4,3,259,15,244,75
2337,70.1166760000019,70.1466760000019,2900,2,1,2,1,145.30499999818858,True,9,50.0,8,5,2,3,252,6,246,66
2338,70.1466760000019,70.1766760000019,2731,1,1,1,1,133.2096250007453,True,9,50.0,8,2,0,2,227,0,227,88
2339,70.1766760000019,70.2066760000019,2630,1,1,1,1,133.96779200047604,True,9,50.0,8,2,0,2,231,0,231,58
2340,70.2066760000019,70.2366760000019,2673,1,1,1,1,132.88654200005112,True,9,50.0,8,4,2,2,228,3,225,90
2341,70.2366760000019,70.26667600000191,2670,1,1,1,1,137.7952090006147,True,9,50.0,8,3,1,2,236,3,233,101
2342,70.26667600000191,70.29667600000191,2701,1,1,1,1,134.53883300098823,True,9,50.0,8,5,3,2,236,5,231,79
2343,70.29667600000191,70.32667600000191,2741,2,1,1,1,131.55445899974438,True,9,50.0,8,5,1,4,269,8,261,58
2344,70.32667600000191,70.35667600000191,2909,2,2,1,1,131.36766699972213,True,9,50.0,8,4,1,3,243,3,240,84
2345,70.35667600000191,70.38667600000191,2806,3,1,2,1,131.45133400030318,True,9,50.0,8,7,3,4,242,14,228,88
2346,70.38667600000191,70.41667600000191,2828,3,1,2,1,133.0045409995364,True,9,50.0,8,10,6,4,238,19,219,102
2347,70.41667600000191,70.44667600000191,2790,3,2,3,1,141.10145899758209,True,9,50.0,8,11,6,5,238,10,228,124
2348,70.44667600000191,70.47667600000192,2779,2,2,2,1,138.09725000101025,True,9,50.0,8,6,2,4,212,3,209,88
2349,70.47667600000192,70.50667600000192,2561,2,1,2,1,132.96958299906692,True,9,50.0,8,8,5,3,185,10,175,115
2350,70.50667600000192,70.53667600000192,2419,2,2,2,1,134.7877080006583,True,9,50.0,8,7,3,4,187,4,183,104
2351,70.53667600000192,70.56667600000192,2411,3,1,2,1,134.3322079992504,True,9,50.0,8,7,4,3,170,12,158,110
2352,70.56667600000192,70.59667600000192,2337,2,2,2,2,134.99683299960452,True,9,50.0,8,8,3,5,189,9,180,104
2353,70.59667600000192,70.62667600000192,2224,2,2,2,2,133.0242919975717,True,9,50.0,8,8,4,4,186,13,173,89
2354,70.62667600000192,70.65667600000192,2007,3,2,2,2,131.1207500002638,True,9,50.0,8,7,4,3,165,16,149,68
2355,70.65667600000192,70.68667600000192,1950,3,2,2,2,133.96366700180806,True,9,50.0,8,7,4,3,159,14,145,100
2356,70.68667600000192,70.71667600000193,1891,2,2,2,2,134.12787500055856,True,9,50.0,8,7,4,3,156,10,146,97
2357,70.71667600000193,70.74667600000193,1735,3,2,2,2,133.18016600169358,True,9,50.0,8,6,3,3,131,17,114,94
2358,70.74667600000193,70.77667600000193,1681,3,2,2,2,134.29762500163633,True,9,50.0,8,7,4,3,149,17,132,125
2359,70.77667600000193,70.80667600000193,1774,2,2,2,2,132.1099159977166,True,9,50.0,8,7,4,3,131,8,123,91
2360,70.80667600000193,70.83667600000193,1797,3,2,2,2,137.1304999993299,True,9,50.0,8,9,5,4,116,15,101,116
2361,70.83667600000193,70.86667600000193,1797,3,2,1,1,133.87054100167006,True,9,50.0,8,10,7,3,102,19,83,122
2362,70.86667600000193,70.89667600000193,1583,2,1,1,1,133.30945800043992,True,9,50.0,8,9,7,2,80,15,65,93
2363,70.89667600000193,70.92667600000193,1628,3,1,2,1,148.1965829989349,True,9,50.0,8,8,7,1,76,24,52,140
2364,70.92667600000193,70.95667600000193,1708,2,2,1,1,145.11124999989988,True,9,50.0,8,14,10,4,114,23,91,126
2365,70.95667600000193,70.98667600000194,1709,2,1,1,1,136.46404199971585,True,9,50.0,8,9,8,1,99,21,78,116
2366,70.98667600000194,71.01667600000194,1628,4,1,3,1,132.58362499982468,True,9,50.0,8,11,9,2,101,24,77,120
2367,71.01667600000194,71.04667600000194,1443,1,1,1,1,134.07045799976913,True,9,50.0,8,7,4,3,76,12,64,156
2368,71.04667600000194,71.07667600000194,1466,3,1,3,1,134.21904200004064,True,9,50.0,8,8,5,3,70,14,56,172
2369,71.07667600000194,71.10667600000194,1540,4,2,4,1,135.73791599992546,True,9,50.0,8,11,7,4,97,28,69,170
2370,71.10667600000194,71.13667600000194,1517,2,1,2,1,138.83895800245227,True,9,50.0,8,12,9,3,98,32,66,145
2371,71.13667600000194,71.16667600000194,1746,4,1,2,1,144.2486249979993,True,9,50.0,8,11,9,2,95,26,69,146
2372,71.16667600000194,71.19667600000194,2059,3,2,1,1,133.44674999825656,True,9,50.0,8,18,14,4,152,47,105,330
2373,71.19667600000194,71.22667600000194,2009,4,3,2,1,134.18362499942305,True,9,50.0,8,17,10,7,179,36,143,290
2374,71.22667600000194,71.25667600000195,1824,2,1,2,1,132.77929100149777,True,9,50.0,8,12,9,3,107,19,88,201
2375,71.25667600000195,71.28667600000195,1719,1,1,1,1,131.25720799871488,True,9,50.0,8,10,7,3,120,18,102,183
2376,71.28667600000195,71.31667600000195,1836,1,1,1,1,131.18391600073664,True,9,50.0,8,11,8,3,130,15,115,207
2377,71.31667600000195,71.34667600000195,1809,4,1,2,1,130.01245899795322,True,9,50.0,8,8,6,2,128,18,110,264
2378,71.34667600000195,71.37667600000195,1621,2,1,1,1,131.31020800210536,True,9,50.0,8,10,9,1,129,19,110,149
2379,71.37667600000195,71.40667600000195,1740,3,1,1,1,132.68683300339035,True,9,50.0,8,9,8,1,140,15,125,124
2380,71.40667600000195,71.43667600000195,1810,3,2,3,1,132.9435410007136,True,9,50.0,8,6,4,2,159,12,147,122
2381,71.43667600000195,71.46667600000195,1934,3,2,2,1,132.68999999854714,True,9,50.0,8,11,8,3,182,17,165,142
2382,71.46667600000195,71.49667600000195,1882,2,1,2,1,131.39500000033877,True,9,50.0,8,9,8,1,170,19,151,178
2383,71.49667600000195,71.52667600000196,1948,3,1,1,1,131.0140829991724,True,9,50.0,8,7,4,3,165,17,148,219
2384,71.52667600000196,71.55667600000196,2053,2,1,2,1,131.50895800208673,True,9,50.0,8,8,6,2,168,16,152,296
2385,71.55667600000196,71.58667600000196,2170,2,2,2,1,129.85883300279966,True,9,50.0,8,7,5,2,191,8,183,267
2386,71.58667600000196,71.61667600000196,2122,2,2,2,1,130.1637500000652,True,9,50.0,8,7,5,2,161,9,152,239
2387,71.61667600000196,71.64667600000196,2224,2,1,2,1,130.05791699833935,True,9,50.0,8,9,7,2,169,27,142,262
2388,71.64667600000196,71.67667600000196,2283,2,1,2,1,130.15816699771676,True,9,50.0,8,7,5,2,163,15,148,287
2389,71.67667600000196,71.70667600000196,2136,2,1,2,1,129.59966700145742,True,9,50.0,8,5,3,2,181,14,167,106
2390,71.70667600000196,71.73667600000196,2177,2,1,2,1,130.13983400014695,True,9,50.0,8,7,4,3,185,9,176,127
2391,71.73667600000196,71.76667600000197,2312,2,1,2,1,131.66912499946193,True,9,50.0,8,6,3,3,195,14,181,114
2392,71.76667600000197,71.79667600000197,2343,2,1,2,1,130.57620800100267,True,9,50.0,8,5,2,3,203,12,191,94
2393,71.79667600000197,71.82667600000197,2403,2,1,2,1,130.66149999940535,True,9,50.0,8,7,4,3,201,14,187,125
2394,71.82667600000197,71.85667600000197,2395,2,1,2,1,164.022582997859,True,9,50.0,8,6,3,3,198,15,183,72
2395,71.85667600000197,71.88667600000197,2330,2,1,2,1,131.02533299752395,True,9,50.0,8,8,5,3,188,10,178,79
2396,71.88667600000197,71.91667600000197,2332,2,1,2,1,131.20150000031572,True,9,50.0,8,4,2,2,177,10,167,74
2397,71.91667600000197,71.94667600000197,2153,2,2,2,1,131.71287499790196,True,9,50.0,8,4,0,4,176,0,176,74
2398,71.94667600000197,71.97667600000197,2101,2,1,2,1,145.910333001666,True,9,50.0,8,8,5,3,186,14,172,101
2399,71.97667600000197,72.00667600000197,2088,2,2,2,1,132.52649999776622,True,9,50.0,8,7,3,4,171,7,164,76
2400,72.00667600000197,72.03667600000198,2047,2,2,2,2,132.37533299979987,True,9,50.0,8,5,1,4,178,1,177,42
2401,72.03667600000198,72.06667600000198,2062,3,2,2,2,131.75837499875342,True,9,50.0,8,6,2,4,165,5,160,72
2402,72.06667600000198,72.09667600000198,2033,1,1,1,1,132.33229200341157,True,9,50.0,8,6,2,4,145,2,143,65
2403,72.09667600000198,72.12667600000198,1957,1,1,1,1,134.10308300080942,True,9,50.0,8,7,3,4,149,9,140,66
2404,72.12667600000198,72.15667600000198,1875,1,1,1,1,132.55958300214843,True,9,50.0,8,4,0,4,155,0,155,72
2405,72.15667600000198,72.18667600000198,1925,2,1,1,1,132.46029199945042,True,9,50.0,8,5,1,4,165,4,161,47
2406,72.18667600000198,72.21667600000198,1952,2,1,1,1,133.9633749994391,True,9,50.0,8,6,2,4,162,7,155,78
2407,72.21667600000198,72.24667600000198,2042,2,1,1,1,159.03708300174912,True,9,50.0,8,7,3,4,154,7,147,85
2408,72.24667600000198,72.27667600000198,1871,0,0,0,0,131.22512499830918,True,9,50.0,8,4,1,3,161,1,160,91
2409,72.27667600000198,72.30667600000199,1960,2,2,2,1,133.4927499992773,True,9,50.0,8,5,0,5,194,0,194,62
2410,72.30667600000199,72.33667600000199,2110,1,1,1,1,131.8693749999511,True,9,50.0,8,6,2,4,174,5,169,71
2411,72.33667600000199,72.36667600000199,2048,1,1,1,1,130.86229200052912,True,9,50.0,8,4,2,2,150,2,148,75
2412,72.36667600000199,72.39667600000199,2095,1,1,1,1,131.56904200150166,True,9,50.0,8,3,1,2,161,5,156,88
2413,72.39667600000199,72.42667600000199,2297,2,1,1,1,131.9779590012331,True,9,50.0,8,6,4,2,175,14,161,100
2414,72.42667600000199,72.45667600000199,2476,2,2,1,1,131.40012499934528,True,9,50.0,8,6,3,3,185,10,175,94
2415,72.45667600000199,72.48667600000199,2328,2,2,2,1,131.44379100049264,True,9,50.0,8,4,0,4,188,0,188,86
2416,72.48667600000199,72.516676000002,2037,2,2,2,2,131.94841600125073,True,9,50.0,8,4,1,3,180,2,178,99
2417,72.516676000002,72.546676000002,1747,2,1,2,1,130.4348330013454,True,9,50.0,8,7,3,4,148,10,138,92
2418,72.546676000002,72.576676000002,1743,2,2,2,2,139.91191599779995,True,9,50.0,8,6,1,5,151,1,150,135
2419,72.576676000002,72.606676000002,1868,2,2,2,2,132.41454099988914,True,9,50.0,8,6,1,5,161,8,153,78
2420,72.606676000002,72.636676000002,1679,2,2,2,2,131.47333300003083,True,9,50.0,8,4,1,3,149,7,142,96
2421,72.636676000002,72.666676000002,1658,2,2,2,2,132.3681249996298,True,9,50.0,8,6,1,5,137,7,130,87
2422,72.666676000002,72.696676000002,1599,2,2,2,2,132.12229200144066,True,9,50.0,8,7,3,4,150,7,143,91
2423,72.696676000002,72.726676000002,1718,2,2,2,2,132.09716599885724,True,9,50.0,8,8,2,6,159,3,156,100
2424,72.726676000002,72.756676000002,1770,2,2,2,2,130.7863330002874,True,9,50.0,8,6,1,5,155,1,154,79
2425,72.756676000002,72.786676000002,1684,2,2,2,2,137.70662499882746,True,9,50.0,8,7,2,5,132,3,129,132
2426,72.786676000002,72.816676000002,1612,2,2,2,2,131.63074999829405,True,9,50.0,8,6,2,4,135,9,126,87
2427,72.816676000002,72.846676000002,1546,2,2,2,2,132.03449999855366,True,9,50.0,8,5,0,5,124,0,124,60
2428,72.846676000002,72.876676000002,1532,2,1,2,1,130.88491699818405,True,9,50.0,8,4,1,3,132,5,127,91
2429,72.876676000002,72.90667600000201,1622,1,1,1,1,129.2864169990935,True,9,50.0,8,6,4,2,125,9,116,82
2430,72.90667600000201,72.93667600000201,1676,3,2,2,2,129.50629100305378,True,9,50.0,8,8,5,3,142,25,117,137
2431,72.93667600000201,72.96667600000201,1646,2,2,2,2,130.98920899938093,True,9,50.0,8,7,2,5,119,7,112,108
2432,72.96667600000201,72.99667600000201,1655,2,2,2,2,135.0615419978567,True,9,50.0,8,4,0,4,103,0,103,98
2433,72.99667600000201,73.02667600000201,1802,3,3,2,2,131.417832999432,True,9,50.0,8,6,1,5,118,1,117,102
2434,73.02667600000201,73.05667600000201,1818,2,2,2,2,130.9103329986101,True,9,50.0,8,5,0,5,135,0,135,95
2435,73.05667600000201,73.08667600000202,1942,2,2,2,2,130.67195799885667,True,9,50.0,8,6,2,4,124,8,116,121
2436,73.08667600000202,73.11667600000202,1934,2,2,2,2,131.27412500034552,True,9,50.0,8,6,1,5,121,1,120,144
2437,73.11667600000202,73.14667600000202,1843,2,2,2,2,131.1306669995247,True,9,50.0,8,6,3,3,118,9,109,71
2438,73.14667600000202,73.17667600000202,1867,2,2,2,2,130.47766700037755,True,9,50.0,8,5,2,3,116,6,110,49
2439,73.17667600000202,73.20667600000202,2013,2,2,2,2,130.85795899678487,True,9,50.0,8,3,0,3,128,0,128,76
2440,73.20667600000202,73.23667600000202,2184,2,2,2,2,130.18833299793187,True,9,50.0,8,4,0,4,186,0,186,75
2441,73.23667600000202,73.26667600000202,2376,2,2,2,2,130.5714590016578,True,9,50.0,8,3,0,3,212,0,212,84
2442,73.26667600000202,73.29667600000202,2496,2,2,2,2,130.61345900132437,True,9,50.0,8,5,2,3,265,9,256,81
2443,73.29667600000202,73.32667600000202,2462,2,2,2,2,129.796790999535,True,9,50.0,8,3,0,3,266,0,266,56
2444,73.32667600000202,73.35667600000203,2527,2,2,2,2,130.93879200096126,True,9,50.0,8,4,0,4,265,0,265,74
2445,73.35667600000203,73.38667600000203,2567,2,2,2,2,132.2135000009439,True,9,50.0,8,6,2,4,275,10,265,69
2446,73.38667600000203,73.41667600000203,2709,2,2,2,2,131.69520899828058,True,9,50.0,8,5,0,5,278,0,278,111
2447,73.41667600000203,73.44667600000203,2766,2,2,2,2,131.10983300066437,True,9,50.0,8,6,0,6,310,0,310,77
2448,73.44667600000203,73.47667600000203,2724,2,2,2,2,129.4695420001517,True,9,50.0,8,7,3,4,316,11,305,85
2449,73.47667600000203,73.50667600000203,3011,2,2,2,2,130.99541699921247,True,9,50.0,8,7,2,5,327,4,323,114
2450,73.50667600000203,73.53667600000203,3096,2,2,2,2,130.32491699777893,True,9,50.0,8,5,2,3,327,8,319,102
2451,73.53667600000203,73.56667600000203,3224,3,3,2,2,133.04545799837797,True,9,50.0,8,5,1,4,338,7,331,107
2452,73.56667600000203,73.59667600000203,3275,3,3,2,2,131.44562500019674,True,9,50.0,8,6,2,4,326,11,315,93
2453,73.59667600000203,73.62667600000204,3266,3,2,2,2,131.2617080002383,True,9,50.0,8,9,4,5,343,18,325,125
2454,73.62667600000204,73.65667600000204,3209,2,2,2,2,130.02675000097952,True,9,50.0,8,8,3,5,320,8,312,133
2455,73.65667600000204,73.68667600000204,3166,3,2,2,2,129.53099999867845,True,9,50.0,8,5,2,3,314,11,303,113
2456,73.68667600000204,73.71667600000204,3072,3,3,2,2,129.43195899788407,True,9,50.0,8,8,3,5,305,6,299,117
2457,73.71667600000204,73.74667600000204,2912,3,3,3,2,131.73562500014668,True,9,50.0,8,6,1,5,298,2,296,137
2458,73.74667600000204,73.77667600000204,2874,3,3,3,3,131.28954199783038,True,9,50.0,8,7,3,4,290,11,279,124
2459,73.77667600000204,73.80667600000204,2981,3,2,3,2,131.1277089989744,True,9,50.0,8,8,3,5,290,17,273,133
2460,73.80667600000204,73.83667600000204,2979,3,4,3,2,133.3560419989226,True,9,50.0,8,10,4,6,278,13,265,174
2461,73.83667600000204,73.86667600000204,3188,3,3,3,2,133.8573749999341,True,9,50.0,8,8,3,5,268,7,261,261
2462,73.86667600000204,73.89667600000205,3071,3,2,3,2,132.1332080005959,True,9,50.0,8,9,5,4,255,16,239,242
2463,73.89667600000205,73.92667600000205,2701,3,2,3,2,132.83283300188486,True,9,50.0,8,6,3,3,210,16,194,214
2464,73.92667600000205,73.95667600000205,2478,4,3,3,2,131.8726659992535,True,9,50.0,8,8,2,6,215,9,206,159
2465,73.95667600000205,73.98667600000205,2516,2,2,2,2,130.55320900093648,True,9,50.0,8,8,3,5,187,8,179,197
2466,73.98667600000205,74.01667600000205,2206,3,3,2,2,130.7026249996852,True,9,50.0,8,8,3,5,156,8,148,135
2467,74.01667600000205,74.04667600000205,2189,3,2,2,1,130.56945900098071,True,9,50.0,8,8,3,5,182,19,163,190
2468,74.04667600000205,74.07667600000205,2120,2,1,2,1,130.03433399717323,True,9,50.0,8,11,6,5,155,16,139,181
2469,74.07667600000205,74.10667600000205,2060,2,1,2,1,128.81712499802234,True,9,50.0,8,9,6,3,152,20,132,158
2470,74.10667600000205,74.13667600000205,2221,3,3,2,1,130.419791003078,True,9,50.0,8,9,4,5,159,6,153,182
2471,74.13667600000205,74.16667600000206,2293,3,3,2,1,130.01095800063922,True,9,50.0,8,8,2,6,214,6,208,128
2472,74.16667600000206,74.19667600000206,3015,4,4,3,3,134.4284160004463,True,9,50.0,8,12,4,8,243,13,230,352
2473,74.19667600000206,74.22667600000206,2349,4,4,3,3,134.13487499929033,True,9,50.0,8,12,7,5,174,25,149,253
2474,74.22667600000206,74.25667600000206,2176,3,2,2,1,129.27429100091103,True,9,50.0,8,11,6,5,146,29,117,239
2475,74.25667600000206,74.28667600000206,1890,2,3,2,2,131.1627920003957,True,9,50.0,8,7,4,3,104,13,91,114
2476,74.28667600000206,74.31667600000206,1850,2,2,2,1,130.65491700035636,True,9,50.0,8,5,2,3,115,9,106,102
2477,74.31667600000206,74.34667600000206,1838,2,2,2,2,130.4679999993823,True,9,50.0,8,4,1,3,130,5,125,88
2478,74.34667600000206,74.37667600000206,1750,2,2,2,2,130.471624997881,True,9,50.0,8,5,1,4,120,6,114,66
2479,74.37667600000206,74.40667600000207,1803,2,2,2,2,130.87554099911358,True,9,50.0,8,8,5,3,119,9,110,91
2480,74.40667600000207,74.43667600000207,1803,1,1,1,1,131.27654200070538,True,9,50.0,8,8,4,4,105,9,96,92
2481,74.43667600000207,74.46667600000207,1634,2,2,2,2,131.64437500017812,True,9,50.0,8,6,3,3,106,11,95,117
2482,74.46667600000207,74.49667600000207,1602,2,3,2,2,130.0341659989499,True,9,50.0,8,8,4,4,119,18,101,78
2483,74.49667600000207,74.52667600000207,1681,2,3,2,2,129.3942500014964,True,9,50.0,8,9,4,5,134,13,121,83
2484,74.52667600000207,74.55667600000207,1643,3,2,2,2,129.57958400147618,True,9,50.0,8,10,6,4,133,26,107,90
2485,74.55667600000207,74.58667600000207,1658,3,2,1,1,129.48225000218372,True,9,50.0,8,9,5,4,107,17,90,101
2486,74.58667600000207,74.61667600000207,1689,4,2,2,1,129.62175000211573,True,9,50.0,8,9,7,2,97,28,69,109
2487,74.61667600000207,74.64667600000207,1635,3,1,2,0,127.89750000229105,True,9,50.0,8,6,4,2,92,13,79,70
2488,74.64667600000207,74.67667600000208,1534,3,2,2,1,129.89529199694516,True,9,50.0,8,5,2,3,95,4,91,101
2489,74.67667600000208,74.70667600000208,1592,2,2,2,1,129.95462500111898,True,9,50.0,8,6,3,3,95,9,86,108
2490,74.70667600000208,74.73667600000208,1592,2,2,2,2,128.96766700214357,True,9,50.0,8,9,5,4,95,6,89,110
2491,74.73667600000208,74.76667600000208,1576,2,3,2,2,130.5548339987581,True,9,50.0,8,8,5,3,94,13,81,132
2492,74.76667600000208,74.79667600000208,1473,2,3,2,2,130.28420900081983,True,9,50.0,8,4,1,3,78,3,75,89
2493,74.79667600000208,74.82667600000208,1423,2,3,2,3,130.3785419986525,True,9,50.0,8,4,1,3,85,5,80,72
2494,74.82667600000208,74.85667600000208,1410,1,1,1,1,134.7447080006532,True,9,50.0,8,6,4,2,70,6,64,54
2495,74.85667600000208,74.88667600000208,1465,3,3,2,3,130.37087499833433,True,9,50.0,8,5,2,3,89,7,82,69
2496,74.88667600000208,74.91667600000208,1492,3,3,2,3,128.77979199765832,True,9,50.0,8,4,0,4,91,0,91,82
2497,74.91667600000208,74.94667600000209,1503,2,2,2,2,129.14812499730033,True,9,50.0,8,6,2,4,91,4,87,39
2498,74.94667600000209,74.97667600000209,1535,3,3,2,3,130.17870800103992,True,9,50.0,8,6,3,3,78,3,75,73
2499,74.97667600000209,75.00667600000209,1543,4,3,3,3,130.07029200161924,True,9,50.0,8,5,2,3,82,9,73,73
2500,75.00667600000209,75.03667600000209,1530,3,3,2,3,130.08479100244585,True,9,50.0,8,9,6,3,97,20,77,71
2501,75.03667600000209,75.06667600000209,1540,2,1,2,1,128.28649999937625,True,9,50.0,8,8,5,3,96,12,84,90
2502,75.06667600000209,75.09667600000209,1430,3,3,2,3,130.36279200241552,True,9,50.0,8,5,1,4,86,3,83,89
2503,75.09667600000209,75.12667600000209,1375,3,3,1,3,131.0427919997892,True,9,50.0,8,6,3,3,83,10,73,58
2504,75.12667600000209,75.1566760000021,1517,3,2,2,2,131.7775409988826,True,9,50.0,8,7,2,5,118,8,110,55
2505,75.1566760000021,75.1866760000021,1462,3,4,3,3,130.85804100046516,True,9,50.0,8,5,1,4,90,3,87,110
2506,75.1866760000021,75.2166760000021,1358,3,3,3,2,130.38816699918243,True,9,50.0,8,6,2,4,97,12,85,70
2507,75.2166760000021,75.2466760000021,1308,3,2,3,2,131.40999999814085,True,9,50.0,8,7,3,4,106,13,93,79
2508,75.2466760000021,75.2766760000021,1307,3,3,3,3,134.16241600134526,True,9,50.0,8,6,2,4,101,13,88,85
2509,75.2766760000021,75.3066760000021,1222,3,4,3,3,134.8859169993375,True,9,50.0,8,6,2,4,99,7,92,47
2510,75.3066760000021,75.3366760000021,1205,3,4,3,3,132.1194590018422,True,9,50.0,8,6,2,4,96,7,89,65
2511,75.3366760000021,75.3666760000021,1195,3,4,3,4,131.40616699820384,True,9,50.0,8,10,5,5,100,9,91,63
2512,75.3666760000021,75.3966760000021,1186,3,3,3,3,131.0629589970631,True,9,50.0,8,7,3,4,91,6,85,87
2513,75.3966760000021,75.4266760000021,1205,3,3,3,3,131.11137499799952,True,9,50.0,8,9,4,5,112,15,97,80
2514,75.4266760000021,75.4566760000021,1189,3,3,3,3,130.8911669984809,True,9,50.0,8,8,2,6,104,9,95,70
2515,75.4566760000021,75.4866760000021,1279,3,2,3,2,128.57062499824679,True,9,50.0,8,9,5,4,110,20,90,76
2516,75.4866760000021,75.51667600000211,1128,3,3,3,3,129.62500000139698,True,9,50.0,8,7,1,6,100,2,98,75
2517,75.51667600000211,75.54667600000211,1103,2,2,2,2,128.06362500123214,True,9,50.0,8,5,1,4,66,8,58,88
2518,75.54667600000211,75.57667600000211,1037,2,1,2,1,128.90387500010547,True,9,50.0,8,5,4,1,58,15,43,57
2519,75.57667600000211,75.60667600000211,1081,3,1,3,1,129.88316699920688,True,9,50.0,8,5,3,2,57,9,48,85
2520,75.60667600000211,75.63667600000211,1005,2,1,2,1,128.8687080013915,True,9,50.0,8,5,3,2,39,7,32,68
2521,75.63667600000211,75.66667600000211,1047,2,1,2,1,133.7257499981206,True,9,50.0,8,5,3,2,48,13,35,102
2522,75.66667600000211,75.69667600000211,1113,1,1,1,1,129.1864170016197,True,9,50.0,8,6,4,2,57,9,48,97
2523,75.69667600000211,75.72667600000212,1111,2,1,2,1,129.00512499982142,True,9,50.0,8,4,2,2,75,10,65,51
2524,75.72667600000212,75.75667600000212,1038,2,1,2,1,128.34170799760614,True,9,50.0,8,4,1,3,87,4,83,76
2525,75.75667600000212,75.78667600000212,1152,1,1,1,1,128.2725000019127,True,9,50.0,8,3,1,2,60,1,59,56
2526,75.78667600000212,75.81667600000212,1160,1,1,1,1,127.64666600196506,True,9,50.0,8,2,0,2,74,0,74,51
2527,75.81667600000212,75.84667600000212,1224,2,1,1,1,128.89812499997788,True,9,50.0,8,6,4,2,85,11,74,112
2528,75.84667600000212,75.87667600000212,1262,1,1,1,1,131.04362499871058,True,9,50.0,8,8,5,3,81,12,69,107
2529,75.87667600000212,75.90667600000212,1265,3,2,2,1,132.76124999902095,True,9,50.0,8,7,4,3,90,12,78,101
2530,75.90667600000212,75.93667600000212,1335,2,2,2,1,130.10662499800674,True,9,50.0,8,5,2,3,91,3,88,91
2531,75.93667600000212,75.96667600000212,1503,2,2,2,1,130.1928749999206,True,9,50.0,8,4,1,3,97,5,92,126
2532,75.96667600000212,75.99667600000213,1545,2,2,2,2,129.98775000232854,True,9,50.0,8,5,2,3,107,5,102,102
2533,75.99667600000213,76.02667600000213,1464,2,2,2,2,129.40974999946775,True,9,50.0,8,5,2,3,85,9,76,101
2534,76.02667600000213,76.05667600000213,1463,3,2,2,2,129.47787500161212,True,9,50.0,8,7,4,3,93,6,87,91
2535,76.05667600000213,76.08667600000213,1548,3,3,2,2,129.56874999872525,True,9,50.0,8,6,2,4,111,7,104,108
2536,76.08667600000213,76.11667600000213,1649,3,3,3,2,130.60395899810828,True,9,50.0,8,6,2,4,124,3,121,103
2537,76.11667600000213,76.14667600000213,1646,3,3,3,3,130.57616699734353,True,9,50.0,8,4,0,4,107,0,107,136
2538,76.14667600000213,76.17667600000213,1742,2,2,2,2,129.9034160001611,True,9,50.0,8,7,4,3,67,5,62,246
2539,76.17667600000213,76.20667600000213,1696,3,2,3,2,129.79783300033887,True,9,50.0,8,7,4,3,85,20,65,124
2540,76.20667600000213,76.23667600000213,1660,4,2,3,2,132.4803330026043,True,9,50.0,8,13,10,3,77,30,47,187
2541,76.23667600000213,76.26667600000214,1570,3,2,3,2,129.8748750014056,True,9,50.0,8,10,7,3,66,18,48,188
2542,76.26667600000214,76.29667600000214,1355,2,2,2,1,130.19020900173928,True,9,50.0,8,5,2,3,44,8,36,97
2543,76.29667600000214,76.32667600000214,1204,1,1,1,0,132.75462499950663,True,9,50.0,8,5,3,2,49,8,41,93
2544,76.32667600000214,76.35667600000214,1308,2,2,1,1,129.8462919985468,True,9,50.0,8,10,7,3,64,17,47,206
2545,76.35667600000214,76.38667600000214,1358,1,1,1,1,130.44691699906252,True,9,50.0,8,5,3,2,30,5,25,123
2546,76.38667600000214,76.41667600000214,1363,1,0,1,0,129.20624999969732,True,9,50.0,8,6,5,1,29,17,12,130
2547,76.41667600000214,76.44667600000214,1402,1,1,1,1,140.99004099989543,True,9,50.0,8,5,4,1,19,8,11,214
2548,76.44667600000214,76.47667600000214,1500,3,1,1,0,130.79845800166368,True,9,50.0,8,9,8,1,48,21,27,289
2549,76.47667600000214,76.50667600000214,2154,3,2,1,0,131.2176659994293,True,9,50.0,8,8,6,2,51,18,33,589
2550,76.50667600000214,76.53667600000215,1499,2,1,1,1,131.02783399881446,True,9,50.0,8,5,3,2,31,8,23,265
2551,76.53667600000215,76.56667600000215,1243,3,3,1,1,129.93412499781698,True,9,50.0,8,7,4,3,41,8,33,73
2552,76.56667600000215,76.59667600000215,1239,1,1,0,1,129.44229099957738,True,9,50.0,8,6,4,2,36,15,21,80
2553,76.59667600000215,76.62667600000215,1339,2,2,2,2,129.9355410010321,True,9,50.0,8,8,5,3,56,14,42,107
2554,76.62667600000215,76.65667600000215,1201,2,1,2,1,128.75616699966486,True,9,50.0,8,6,3,3,53,11,42,105
2555,76.65667600000215,76.68667600000215,1153,2,1,2,1,128.62420800229302,True,9,50.0,8,4,3,1,58,15,43,93
2556,76.68667600000215,76.71667600000215,1278,2,1,2,1,129.31766700057779,True,9,50.0,8,10,6,4,74,8,66,103
2557,76.71667600000215,76.74667600000215,1260,2,1,2,1,129.7280420003517,True,9,50.0,8,6,4,2,94,13,81,89
2558,76.74667600000215,76.77667600000215,1185,2,1,2,1,128.79595899721608,True,9,50.0,8,5,3,2,82,5,77,74
2559,76.77667600000215,76.80667600000216,1251,2,1,2,1,128.67616600124165,True,9,50.0,8,7,3,4,121,10,111,67
2560,76.80667600000216,76.83667600000216,1314,1,1,1,1,128.25870899905567,True,9,50.0,8,6,2,4,96,3,93,62
2561,76.83667600000216,76.86667600000216,1338,2,1,2,1,128.88487499731127,True,9,50.0,8,3,2,1,102,8,94,86
2562,76.86667600000216,76.89667600000216,1272,1,1,1,1,132.43729200257803,True,9,50.0,8,2,1,1,120,2,118,60
2563,76.89667600000216,76.92667600000216,1258,2,1,1,1,138.639458000398,True,9,50.0,8,3,2,1,112,8,104,89
2564,76.92667600000216,76.95667600000216,1317,1,1,1,1,129.1813749994617,True,9,50.0,8,5,4,1,119,8,111,79
2565,76.95667600000216,76.98667600000216,1328,2,1,2,1,129.32741600161535,True,9,50.0,8,5,3,2,113,9,104,59
2566,76.98667600000216,77.01667600000216,1343,1,1,1,1,129.20241699976032,True,9,50.0,8,9,7,2,127,13,114,104
2567,77.01667600000216,77.04667600000217,1349,2,1,2,1,132.34729200121365,True,9,50.0,8,7,4,3,129,11,118,71
2568,77.04667600000217,77.07667600000217,1324,1,1,1,1,133.20324999949662,True,9,50.0,8,4,2,2,120,7,113,79
2569,77.07667600000217,77.10667600000217,1353,1,1,1,1,131.14437499825726,True,9,50.0,8,3,1,2,109,2,107,69
2570,77.10667600000217,77.13667600000217,1420,1,1,1,1,132.10295899989433,True,9,50.0,8,3,0,3,138,0,138,57
2571,77.13667600000217,77.16667600000217,1383,1,1,1,1,128.04441699699964,True,9,50.0,8,2,0,2,123,0,123,74
2572,77.16667600000217,77.19667600000217,1413,1,1,1,1,127.780333001283,True,9,50.0,8,2,1,1,123,1,122,118
2573,77.19667600000217,77.22667600000217,1372,1,1,1,1,128.5922919996665,True,9,50.0,8,2,1,1,121,2,119,75
2574,77.22667600000217,77.25667600000217,1487,1,1,1,1,136.56004199947347,True,9,50.0,8,2,0,2,108,0,108,94
2575,77.25667600000217,77.28667600000217,1472,2,1,1,1,132.86141700154985,True,9,50.0,8,4,1,3,118,5,113,68
2576,77.28667600000217,77.31667600000218,1530,1,1,1,1,135.1962500011723,True,9,50.0,8,5,3,2,107,5,102,108
2577,77.31667600000218,77.34667600000218,1620,1,1,1,1,150.67183400242357,True,9,50.0,8,3,1,2,121,1,120,77
2578,77.34667600000218,77.37667600000218,1521,2,2,1,1,213.23375000065425,True,9,50.0,8,8,4,4,123,5,118,73
2579,77.37667600000218,77.40667600000218,1501,1,1,1,1,146.22883300035028,True,9,50.0,8,6,4,2,99,4,95,93
2580,77.40667600000218,77.43667600000218,1564,1,1,1,1,153.45700000034412,True,9,50.0,8,5,3,2,91,5,86,73
2581,77.43667600000218,77.46667600000218,1624,2,2,1,1,139.6889169991482,True,9,50.0,8,6,2,4,98,7,91,101
2582,77.46667600000218,77.49667600000218,1546,2,2,1,1,137.87437499922817,True,9,50.0,8,5,2,3,91,6,85,95
2583,77.49667600000218,77.52667600000218,1481,1,1,1,1,136.94516599935014,True,9,50.0,8,6,2,4,59,3,56,119
2584,77.52667600000218,77.55667600000218,1419,2,1,1,1,135.9326659985527,True,9,50.0,8,6,3,3,66,17,49,109
2585,77.55667600000218,77.58667600000219,1612,2,1,1,1,131.82508400132065,True,9,50.0,8,8,4,4,85,18,67,81
2586,77.58667600000219,77.61667600000219,1611,2,2,2,1,131.02812500073924,True,9,50.0,8,7,3,4,78,8,70,102
2587,77.61667600000219,77.64667600000219,1662,2,2,2,1,130.90979199841968,True,9,50.0,8,7,3,4,76,6,70,138
2588,77.64667600000219,77.67667600000219,1722,2,1,2,1,130.2436250007304,True,9,50.0,8,8,6,2,84,17,67,155
2589,77.67667600000219,77.70667600000219,1666,2,2,2,2,131.02116599839064,True,9,50.0,8,6,2,4,74,8,66,138
2590,77.70667600000219,77.73667600000219,1746,2,1,2,1,129.06358300097054,True,9,50.0,8,10,8,2,84,22,62,234
2591,77.73667600000219,77.76667600000219,1638,1,1,1,1,132.3480409992044,True,9,50.0,8,8,5,3,62,9,53,241
2592,77.76667600000219,77.7966760000022,1713,2,2,2,2,132.89458299914259,True,9,50.0,8,12,7,5,75,10,65,309
2593,77.7966760000022,77.8266760000022,1739,2,2,2,1,130.27133300056448,True,9,50.0,8,9,5,4,73,10,63,174
2594,77.8266760000022,77.8566760000022,1684,2,2,2,1,131.07983300142223,True,9,50.0,8,4,0,4,91,0,91,201
2595,77.8566760000022,77.8866760000022,1566,2,2,2,2,131.15895800001454,True,9,50.0,8,8,3,5,115,4,111,231
2596,77.8866760000022,77.9166760000022,1640,2,2,2,2,129.99370900070062,True,9,50.0,8,5,1,4,101,2,99,84
2597,77.9166760000022,77.9466760000022,1587,2,2,2,2,130.06333299927064,True,9,50.0,8,4,2,2,87,4,83,128
2598,77.9466760000022,77.9766760000022,1638,2,2,2,2,130.77262499791686,True,9,50.0,8,5,2,3,96,6,90,120
2599,77.9766760000022,78.0066760000022,1473,2,2,2,2,130.77987499855226,True,9,50.0,8,5,0,5,83,0,83,100
2600,78.0066760000022,78.0366760000022,1610,3,3,2,2,130.99220799995237,True,9,50.0,8,10,5,5,84,10,74,117
2601,78.0366760000022,78.0666760000022,1527,2,2,2,2,130.21662499886588,True,9,50.0,8,6,2,4,64,4,60,94
2602,78.0666760000022,78.0966760000022,1590,3,3,2,2,131.80575000296813,True,9,50.0,8,8,4,4,82,12,70,124
2603,78.0966760000022,78.1266760000022,1512,3,3,2,2,131.72750000012456,True,9,50.0,8,8,3,5,84,6,78,90
2604,78.1266760000022,78.15667600000221,1657,3,3,3,3,133.83237499874667,True,9,50.0,8,3,0,3,71,0,71,180
2605,78.15667600000221,78.18667600000221,1774,2,2,1,1,133.1942920005531,True,9,50.0,8,8,3,5,103,8,95,137
2606,78.18667600000221,78.21667600000221,1886,3,2,1,1,134.3378749988915,True,9,50.0,8,5,1,4,84,3,81,180
2607,78.21667600000221,78.24667600000221,1723,2,2,2,2,132.3001659984584,True,9,50.0,8,9,4,5,91,8,83,175
2608,78.24667600000221,78.27667600000221,1960,2,2,2,2,130.91912500021863,True,9,50.0,8,10,6,4,87,20,67,344
2609,78.27667600000221,78.30667600000221,2175,3,3,2,2,131.13083400094183,True,9,50.0,8,6,2,4,116,3,113,257
2610,78.30667600000221,78.33667600000221,1911,3,3,2,2,131.27979199998663,True,9,50.0,8,10,7,3,77,16,61,208
2611,78.33667600000221,78.36667600000222,1931,3,3,3,3,130.36441599979298,True,9,50.0,8,9,6,3,90,14,76,189
2612,78.36667600000222,78.39667600000222,1648,2,1,2,1,134.11937500131899,True,9,50.0,8,7,4,3,70,10,60,150
2613,78.39667600000222,78.42667600000222,1589,2,1,2,1,147.08312500079046,True,9,50.0,8,7,4,3,78,12,66,115
2614,78.42667600000222,78.45667600000222,1707,2,2,2,1,156.1361250023765,True,9,50.0,8,6,2,4,87,3,84,134
2615,78.45667600000222,78.48667600000222,1939,2,2,2,2,170.26933399756672,True,9,50.0,8,6,2,4,116,4,112,183
2616,78.48667600000222,78.51667600000222,1942,2,2,2,2,136.25191699975403,True,9,50.0,8,7,4,3,111,7,104,185
2617,78.51667600000222,78.54667600000222,1840,3,3,2,2,134.41108299957705,True,9,50.0,8,7,4,3,97,7,90,162
2618,78.54667600000222,78.57667600000222,1815,2,3,1,2,138.63091700113728,True,9,50.0,8,5,2,3,77,8,69,139
2619,78.57667600000222,78.60667600000222,1701,2,1,1,1,133.63637499787728,True,9,50.0,8,8,5,3,80,15,65,138
2620,78.60667600000222,78.63667600000223,1710,2,3,1,2,133.34204199782107,True,9,50.0,8,5,2,3,79,6,73,89
2621,78.63667600000223,78.66667600000223,1582,2,2,2,1,132.68145799884223,True,9,50.0,8,6,1,5,106,4,102,94
2622,78.66667600000223,78.69667600000223,1518,2,1,2,1,129.82600000032107,True,9,50.0,8,7,4,3,79,17,62,64
2623,78.69667600000223,78.72667600000223,1490,3,2,2,1,133.77354200201808,True,9,50.0,8,6,4,2,65,7,58,71
2624,78.72667600000223,78.75667600000223,1503,2,2,1,1,132.97416700152098,True,9,50.0,8,6,3,3,95,7,88,68
2625,78.75667600000223,78.78667600000223,1541,2,2,1,2,130.59095799690112,True,9,50.0,8,4,1,3,89,2,87,59
2626,78.78667600000223,78.81667600000223,1658,2,2,2,2,132.17162499859114,True,9,50.0,8,6,3,3,90,7,83,66
2627,78.81667600000223,78.84667600000223,1569,3,3,2,2,133.47316599902115,True,9,50.0,8,5,1,4,108,5,103,106
2628,78.84667600000223,78.87667600000223,1556,2,3,2,2,131.5297080000164,True,9,50.0,8,6,3,3,94,8,86,64
2629,78.87667600000223,78.90667600000224,1453,2,3,2,2,131.64345800032606,True,9,50.0,8,7,4,3,103,9,94,88
2630,78.90667600000224,78.93667600000224,1485,2,2,2,1,130.64570799906505,True,9,50.0,8,4,0,4,110,0,110,109
2631,78.93667600000224,78.96667600000224,1511,2,2,2,1,140.93700000012177,True,9,50.0,8,6,2,4,107,3,104,92
2632,78.96667600000224,78.99667600000224,1614,2,2,2,2,147.178499999427,True,9,50.0,8,7,2,5,121,12,109,145
2633,78.99667600000224,79.02667600000224,1584,2,2,2,2,137.65133299966692,True,9,50.0,8,5,0,5,119,0,119,136
2634,79.02667600000224,79.05667600000224,1678,2,2,2,2,135.35612499981653,True,9,50.0,8,8,3,5,137,5,132,165
2635,79.05667600000224,79.08667600000224,1849,3,3,2,2,145.3441660014505,True,9,50.0,8,8,2,6,151,4,147,204
2636,79.08667600000224,79.11667600000224,1846,3,2,2,2,138.18870799877914,True,9,50.0,8,8,4,4,157,9,148,189
2637,79.11667600000224,79.14667600000224,1766,2,2,2,2,141.77970900345827,True,9,50.0,8,4,1,3,140,1,139,149
2638,79.14667600000224,79.17667600000225,1861,2,2,2,2,133.61766600064584,True,9,50.0,8,9,2,7,158,2,156,106
2639,79.17667600000225,79.20667600000225,1925,2,2,2,2,131.395666001481,True,9,50.0,8,5,1,4,162,1,161,91
2640,79.20667600000225,79.23667600000225,1916,2,2,2,2,130.76870800068718,True,9,50.0,8,5,2,3,159,2,157,96
2641,79.23667600000225,79.26667600000225,1988,2,2,2,2,130.5110000030254,True,9,50.0,8,7,1,6,158,2,156,136
2642,79.26667600000225,79.29667600000225,1922,2,2,2,2,135.264583001117,True,9,50.0,8,5,1,4,146,8,138,143
2643,79.29667600000225,79.32667600000225,1996,2,2,2,2,136.86779199997545,True,9,50.0,8,8,2,6,170,4,166,125
2644,79.32667600000225,79.35667600000225,2064,2,2,2,2,133.22641699778615,True,9,50.0,8,6,2,4,183,8,175,105
2645,79.35667600000225,79.38667600000225,2098,2,2,2,2,131.9385409988172,True,9,50.0,8,5,0,5,178,0,178,87
2646,79.38667600000225,79.41667600000225,2073,2,2,2,2,132.163665999542,True,9,50.0,8,5,1,4,198,2,196,83
2647,79.41667600000225,79.44667600000226,1981,2,2,2,2,131.3713750023453,True,9,50.0,8,5,2,3,158,2,156,77
2648,79.44667600000226,79.47667600000226,1732,2,2,2,2,130.41737499952433,True,9,50.0,8,4,1,3,105,2,103,139
2649,79.47667600000226,79.50667600000226,2151,2,2,2,2,129.2402500002936,True,9,50.0,8,5,1,4,205,8,197,142
2650,79.50667600000226,79.53667600000226,2223,2,2,2,2,129.6416249970207,True,9,50.0,8,4,0,4,234,0,234,165
2651,79.53667600000226,79.56667600000226,2167,2,2,2,2,129.68670899863355,True,9,50.0,8,4,1,3,199,2,197,153
2652,79.56667600000226,79.59667600000226,2199,2,2,2,2,131.30749999982072,True,9,50.0,8,5,2,3,215,7,208,131
2653,79.59667600000226,79.62667600000226,2217,2,2,2,2,143.1352089966822,True,9,50.0,8,5,1,4,208,6,202,112
2654,79.62667600000226,79.65667600000226,2334,2,2,2,2,194.84175000252435,True,9,50.0,8,7,2,5,233,2,231,101
2655,79.65667600000226,79.68667600000227,2418,2,2,2,2,178.3610000020417,True,9,50.0,8,4,0,4,254,0,254,107
2656,79.68667600000227,79.71667600000227,2450,2,2,2,2,139.76241599812056,True,9,50.0,8,7,2,5,239,5,234,144
2657,79.71667600000227,79.74667600000227,2636,3,2,2,2,139.95662500019534,True,9,50.0,8,6,1,5,262,3,259,168
2658,79.74667600000227,79.77667600000227,2610,2,2,2,2,144.993958001578,True,9,50.0,8,5,1,4,259,2,257,162
2659,79.77667600000227,79.80667600000227,2702,2,2,2,2,133.6717089980084,True,9,50.0,8,3,0,3,276,0,276,112
2660,79.80667600000227,79.83667600000227,2641,2,2,2,2,133.7227919975703,True,9,50.0,8,3,0,3,251,0,251,130
2661,79.83667600000227,79.86667600000227,2777,2,2,2,2,132.9641670017736,True,9,50.0,8,4,1,3,284,2,282,125
2662,79.86667600000227,79.89667600000227,2751,2,2,2,2,132.34558399926755,True,9,50.0,8,3,0,3,274,0,274,143
2663,79.89667600000227,79.92667600000227,2776,2,2,2,2,134.55708300170954,True,9,50.0,8,6,3,3,250,8,242,138
2664,79.92667600000227,79.95667600000228,2857,2,2,2,2,137.84066700100084,True,9,50.0,8,8,3,5,275,10,265,111
2665,79.95667600000228,79.98667600000228,2787,2,2,2,2,133.2750000001397,True,9,50.0,8,5,1,4,273,1,272,130
2666,79.98667600000228,80.01667600000228,2837,3,2,2,2,133.504166999046,True,9,50.0,8,10,5,5,294,13,281,147
2667,80.01667600000228,80.04667600000228,2897,2,2,2,2,133.6769160006952,True,9,50.0,8,5,2,3,285,3,282,129
2668,80.04667600000228,80.07667600000228,2910,2,2,2,2,132.7202499996929,True,9,50.0,8,3,0,3,286,0,286,113
2669,80.07667600000228,80.10667600000228,3002,2,2,2,2,140.27079099832918,True,9,50.0,8,6,2,4,286,2,284,135
2670,80.10667600000228,80.13667600000228,3050,2,2,2,2,137.36420799978077,True,9,50.0,8,3,0,3,303,0,303,119
2671,80.13667600000228,80.16667600000228,2849,2,2,2,2,136.77604199983762,True,9,50.0,8,6,2,4,282,2,280,133
2672,80.16667600000228,80.19667600000228,2886,3,2,2,2,133.63899999967543,True,9,50.0,8,5,2,3,290,6,284,109
2673,80.19667600000228,80.22667600000229,2852,2,2,2,2,134.29700000051525,True,9,50.0,8,4,1,3,264,1,263,108
2674,80.22667600000229,80.25667600000229,2715,2,2,2,2,133.07300000087707,True,9,50.0,8,6,2,4,251,3,248,120
2675,80.25667600000229,80.28667600000229,2698,2,2,2,2,130.99345799855655,True,9,50.0,8,5,2,3,277,3,274,107
2676,80.28667600000229,80.31667600000229,2567,3,2,2,2,130.28545800261782,True,9,50.0,8,7,4,3,249,8,241,141
2677,80.31667600000229,80.34667600000229,2674,3,2,2,2,130.41750000047614,True,9,50.0,8,7,4,3,259,15,244,115
2678,80.34667600000229,80.37667600000229,2578,3,2,3,2,129.38708400179166,True,9,50.0,8,9,5,4,260,15,245,143
2679,80.37667600000229,80.40667600000229,2604,3,2,3,2,130.73320900002727,True,9,50.0,8,8,4,4,278,12,266,151
2680,80.40667600000229,80.4366760000023,2601,3,2,3,2,128.68458299999475,True,9,50.0,8,11,7,4,269,12,257,141
2681,80.4366760000023,80.4666760000023,2309,2,2,2,2,130.52129199786577,True,9,50.0,8,4,1,3,228,2,226,111
2682,80.4666760000023,80.4966760000023,2255,2,2,2,2,137.8846670013445,True,9,50.0,8,4,1,3,245,1,244,75
2683,80.4966760000023,80.5266760000023,2770,3,3,2,2,138.0731659992307,True,9,50.0,8,5,1,4,238,2,236,439
2684,80.5266760000023,80.5566760000023,4600,2,2,2,2,140.4004169999098,True,9,50.0,8,11,6,5,255,24,231,1236
2685,80.5566760000023,80.5866760000023,6009,2,2,2,2,135.19733300199732,True,9,50.0,8,4,0,4,213,0,213,1511
2686,80.5866760000023,80.6166760000023,5249,2,2,2,2,131.5615000021353,True,9,50.0,8,4,1,3,203,2,201,1250
2687,80.6166760000023,80.6466760000023,1987,2,2,2,2,132.04333300018334,True,9,50.0,8,3,0,3,195,0,195,82
2688,80.6466760000023,80.6766760000023,1904,2,2,2,2,141.19879200006835,True,9,50.0,8,4,1,3,176,1,175,59
2689,80.6766760000023,80.7066760000023,1841,2,2,2,2,138.790875000268,True,9,50.0,8,4,0,4,171,0,171,88
2690,80.7066760000023,80.7366760000023,1785,2,2,2,2,131.58837499941,True,9,50.0,8,4,0,4,134,0,134,85
2691,80.7366760000023,80.7666760000023,1739,2,2,2,2,133.2979590006289,True,9,50.0,8,4,1,3,122,1,121,118
2692,80.7666760000023,80.79667600000231,1657,2,2,2,2,132.029333999526,True,9,50.0,8,4,1,3,118,1,117,73
2693,80.79667600000231,80.82667600000231,1578,2,2,2,2,132.6686249994964,True,9,50.0,8,3,0,3,114,0,114,99
2694,80.82667600000231,80.85667600000231,1676,3,2,2,2,144.3567919995985,True,9,50.0,8,4,2,2,122,6,116,79
2695,80.85667600000231,80.88667600000231,1703,2,2,2,2,137.84870900053647,True,9,50.0,8,2,0,2,135,0,135,58
2696,80.88667600000231,80.91667600000231,1727,2,2,2,2,139.160417002131,True,9,50.0,8,4,0,4,129,0,129,74
2697,80.91667600000231,80.94667600000231,1743,2,2,2,2,137.11920800051303,True,9,50.0,8,4,1,3,102,1,101,101
2698,80.94667600000231,80.97667600000231,1804,3,2,2,2,136.01674999881652,True,9,50.0,8,4,1,3,130,3,127,99
2699,80.97667600000231,81.00667600000232,1937,2,2,2,2,152.27737500026706,True,9,50.0,8,5,2,3,126,4,122,131
2700,81.00667600000232,81.03667600000232,1891,3,2,2,1,174.48591600259533,True,9,50.0,8,6,4,2,118,8,110,189
2701,81.03667600000232,81.06667600000232,1948,3,2,2,1,188.2707090007898,True,9,50.0,8,5,2,3,99,7,92,281
2702,81.06667600000232,81.09667600000232,1891,3,1,2,1,230.18737500024145,True,9,50.0,8,9,6,3,107,20,87,335
2703,81.09667600000232,81.12667600000232,1784,1,1,1,1,162.9741249998915,True,9,50.0,8,5,4,1,91,8,83,328
2704,81.12667600000232,81.15667600000232,1801,1,1,1,1,144.3078330012213,True,9,50.0,8,9,4,5,82,6,76,250
2705,81.15667600000232,81.18667600000232,1860,2,1,1,1,140.21341700208723,True,9,50.0,8,6,3,3,77,7,70,287
2706,81.18667600000232,81.21667600000232,1779,1,1,1,1,134.28095900235348,True,9,50.0,8,5,3,2,58,11,47,229
2707,81.21667600000232,81.24667600000232,1815,1,1,1,1,137.15749999755644,True,9,50.0,8,9,7,2,83,10,73,289
2708,81.24667600000232,81.27667600000233,1815,1,1,1,1,137.6502499988419,True,9,50.0,8,8,6,2,64,17,47,335
2709,81.27667600000233,81.30667600000233,1979,1,1,1,1,138.76183300089906,True,9,50.0,8,14,11,3,83,23,60,354
2710,81.30667600000233,81.33667600000233,1934,2,1,1,1,138.90449999962584,True,9,50.0,8,9,6,3,84,14,70,315
2711,81.33667600000233,81.36667600000233,2020,2,1,1,1,140.71975000115344,True,9,50.0,8,13,10,3,79,24,55,321
2712,81.36667600000233,81.39667600000233,1875,2,1,1,1,133.0999999991036,True,9,50.0,8,5,4,1,80,10,70,264
2713,81.39667600000233,81.42667600000233,1886,2,1,1,1,139.8680409984081,True,9,50.0,8,6,5,1,82,7,75,184
2714,81.42667600000233,81.45667600000233,1965,2,1,1,1,135.2551250020042,True,9,50.0,8,10,7,3,75,14,61,259
2715,81.45667600000233,81.48667600000233,1986,3,1,1,1,136.0980000026757,True,9,50.0,8,9,7,2,60,21,39,252
2716,81.48667600000233,81.51667600000233,2089,3,1,1,1,132.26399999985006,True,9,50.0,8,9,7,2,53,22,31,295
2717,81.51667600000233,81.54667600000234,2255,1,1,1,1,135.7994169993617,True,9,50.0,8,10,7,3,51,10,41,379
2718,81.54667600000234,81.57667600000234,2300,3,1,1,1,132.14116699964507,True,9,50.0,8,13,9,4,82,20,62,369
2719,81.57667600000234,81.60667600000234,1894,2,1,1,1,130.4914579995966,True,9,50.0,8,8,5,3,50,19,31,239
2720,81.60667600000234,81.63667600000234,1921,1,1,1,1,134.39574999938486,True,9,50.0,8,5,3,2,53,18,35,254
2721,81.63667600000234,81.66667600000234,1571,1,1,1,1,137.19141700130422,True,9,50.0,8,3,1,2,23,3,20,55
2722,81.66667600000234,81.69667600000234,1500,1,1,1,1,136.21908400091343,True,9,50.0,8,3,1,2,19,1,18,37
2723,81.69667600000234,81.72667600000234,1488,0,0,0,0,134.09237499945448,True,9,50.0,8,2,1,1,10,1,9,79
2724,81.72667600000234,81.75667600000234,1615,1,1,1,1,135.81470900317072,True,9,50.0,8,2,1,1,10,1,9,60
2725,81.75667600000234,81.78667600000234,1593,1,1,1,1,135.06795799912652,True,9,50.0,8,2,1,1,14,2,12,51
2726,81.78667600000234,81.81667600000235,1611,0,0,0,0,133.0648340008338,True,9,50.0,8,3,2,1,13,4,9,77
2727,81.81667600000235,81.84667600000235,1582,0,0,0,0,134.49745800244273,True,9,50.0,8,2,1,1,11,2,9,89
2728,81.84667600000235,81.87667600000235,1631,0,0,0,0,131.79729100011173,True,9,50.0,8,5,5,0,7,7,0,76
2729,81.87667600000235,81.90667600000235,1562,2,1,0,0,140.50924999901326,True,9,50.0,8,5,3,2,38,11,27,75
2730,81.90667600000235,81.93667600000235,1554,1,0,0,0,134.22645799801103,True,9,50.0,8,5,3,2,25,7,18,78
2731,81.93667600000235,81.96667600000235,1470,2,1,0,0,135.09470800272538,True,9,50.0,8,6,5,1,27,18,9,75
2732,81.96667600000235,81.99667600000235,1663,1,1,0,0,136.75891700040665,True,9,50.0,8,8,3,5,75,9,66,79
2733,81.99667600000235,82.02667600000235,1665,2,1,1,1,135.39020899770549,True,9,50.0,8,5,2,3,57,5,52,67
2734,82.02667600000235,82.05667600000235,1609,1,1,1,0,135.9574580019398,True,9,50.0,8,5,1,4,51,2,49,78
2735,82.05667600000235,82.08667600000236,1557,2,2,1,1,136.062084002333,True,9,50.0,8,5,1,4,50,3,47,92
2736,82.08667600000236,82.11667600000236,1649,1,1,1,1,133.93345799704548,True,9,50.0,8,4,3,1,33,14,19,106
2737,82.11667600000236,82.14667600000236,1593,1,1,1,1,134.87770799838472,True,9,50.0,8,4,2,2,51,9,42,62
2738,82.14667600000236,82.17667600000236,1615,1,2,1,1,133.4982919979666,True,9,50.0,8,5,3,2,40,8,32,74
2739,82.17667600000236,82.20667600000236,1610,1,2,1,1,135.90662500064354,True,9,50.0,8,5,3,2,36,11,25,86
2740,82.20667600000236,82.23667600000236,1644,1,2,1,2,135.60766600130592,True,9,50.0,8,4,2,2,38,6,32,60
2741,82.23667600000236,82.26667600000236,1606,1,1,1,1,134.6340419986518,True,9,50.0,8,4,3,1,43,23,20,105
2742,82.26667600000236,82.29667600000236,1627,1,1,1,1,131.06479199996102,True,9,50.0,8,4,2,2,49,6,43,78
2743,82.29667600000236,82.32667600000237,1619,2,1,1,1,131.1422910002875,True,9,50.0,8,4,2,2,59,9,50,68
2744,82.32667600000237,82.35667600000237,1552,1,1,1,1,132.00900000083493,True,9,50.0,8,4,1,3,47,1,46,84
2745,82.35667600000237,82.38667600000237,1571,2,1,1,1,130.93266600117204,True,9,50.0,8,4,2,2,45,7,38,55
2746,82.38667600000237,82.41667600000237,1596,2,1,2,1,130.85283400141634,True,9,50.0,8,4,1,3,45,5,40,110
2747,82.41667600000237,82.44667600000237,1535,1,1,1,1,131.90545899851713,True,9,50.0,8,4,2,2,35,7,28,72
2748,82.44667600000237,82.47667600000237,1493,1,1,1,1,131.1516659989138,True,9,50.0,8,5,3,2,46,14,32,111
2749,82.47667600000237,82.50667600000237,1523,1,2,1,1,132.43512499684584,True,9,50.0,8,4,1,3,51,7,44,61
2750,82.50667600000237,82.53667600000237,1502,1,1,1,0,129.16074999884586,True,9,50.0,8,3,0,3,52,0,52,71
2751,82.53667600000237,82.56667600000237,1458,1,1,1,0,129.69874999907915,True,9,50.0,8,5,2,3,44,8,36,61
2752,82.56667600000237,82.59667600000238,1438,1,1,1,1,130.48875000094995,True,9,50.0,8,4,3,1,27,13,14,34
2753,82.59667600000238,82.62667600000238,1436,1,2,1,1,130.4511669986823,True,9,50.0,8,4,2,2,33,7,26,47
2754,82.62667600000238,82.65667600000238,1352,0,0,0,0,128.17737499790383,True,9,50.0,8,4,4,0,17,17,0,57
2755,82.65667600000238,82.68667600000238,1380,1,1,1,1,133.89333300074213,True,9,50.0,8,4,3,1,37,14,23,68
2756,82.68667600000238,82.71667600000238,1399,1,2,1,1,130.777999998827,True,9,50.0,8,4,1,3,49,6,43,32
2757,82.71667600000238,82.74667600000238,1477,1,1,1,1,128.87191600020742,True,9,50.0,8,3,0,3,40,0,40,59
2758,82.74667600000238,82.77667600000238,1450,1,1,1,0,134.989250000217,True,9,50.0,8,4,2,2,25,3,22,102
2759,82.77667600000238,82.80667600000238,1533,1,1,1,0,139.56300000063493,True,9,50.0,8,3,1,2,38,1,37,55
2760,82.80667600000238,82.83667600000238,1468,1,1,1,0,135.89616700119223,True,9,50.0,8,3,0,3,50,0,50,61
2761,82.83667600000238,82.86667600000239,1528,1,1,1,0,130.69937500040396,True,9,50.0,8,6,3,3,44,11,33,75
2762,82.86667600000239,82.89667600000239,1495,2,1,1,1,130.90249999731896,True,9,50.0,8,8,7,1,37,24,13,75
2763,82.89667600000239,82.92667600000239,1506,1,1,1,1,130.32625000050757,True,9,50.0,8,4,1,3,50,3,47,49
2764,82.92667600000239,82.95667600000239,1512,2,1,1,1,131.1095419987396,True,9,50.0,8,5,3,2,40,13,27,98
2765,82.95667600000239,82.98667600000239,1590,2,2,2,1,131.5154590010934,True,9,50.0,8,6,2,4,50,11,39,67
2766,82.98667600000239,83.01667600000239,1602,1,1,1,1,132.66183299856493,True,9,50.0,8,5,2,3,39,2,37,54
2767,83.01667600000239,83.04667600000239,1550,2,1,2,1,130.86395799837192,True,9,50.0,8,5,2,3,40,6,34,69
2768,83.04667600000239,83.0766760000024,1419,1,1,1,1,130.40420800098218,True,9,50.0,8,3,2,1,26,6,20,72
2769,83.0766760000024,83.1066760000024,1411,0,0,0,0,128.93033300133538,True,9,50.0,8,6,4,2,25,7,18,80
2770,83.1066760000024,83.1366760000024,1508,1,1,1,1,130.11650000044028,True,9,50.0,8,3,1,2,30,8,22,75
2771,83.1366760000024,83.1666760000024,1463,1,1,1,1,129.6797079994576,True,9,50.0,8,6,3,3,34,5,29,69
2772,83.1666760000024,83.1966760000024,1445,1,1,1,1,129.40220900054555,True,9,50.0,8,2,1,1,17,8,9,75
2773,83.1966760000024,83.2266760000024,1463,1,1,1,1,128.87837499874877,True,9,50.0,8,5,3,2,27,9,18,79
2774,83.2266760000024,83.2566760000024,1389,2,1,1,1,129.30308299837634,True,9,50.0,8,7,4,3,42,11,31,45
2775,83.2566760000024,83.2866760000024,1465,1,1,1,1,129.65783400068176,True,9,50.0,8,2,1,1,11,2,9,72
2776,83.2866760000024,83.3166760000024,1371,1,1,1,1,129.53437499891152,True,9,50.0,8,3,2,1,17,5,12,81
2777,83.3166760000024,83.3466760000024,1338,2,1,1,1,129.7151250000752,True,9,50.0,8,3,2,1,19,7,12,41
2778,83.3466760000024,83.3766760000024,1392,1,1,1,1,128.81866700263345,True,9,50.0,8,2,1,1,13,1,12,53
2779,83.3766760000024,83.4066760000024,1451,1,1,1,1,129.12908399812295,True,9,50.0,8,1,0,1,16,0,16,48
2780,83.4066760000024,83.43667600000241,1459,2,1,2,1,129.43362499936484,True,9,50.0,8,2,1,1,24,6,18,59
2781,83.43667600000241,83.46667600000241,1442,1,1,1,1,129.0501250005036,True,9,50.0,8,4,3,1,28,10,18,59
2782,83.46667600000241,83.49667600000241,1402,1,1,1,1,128.97691699981806,True,9,50.0,8,3,0,3,30,0,30,60
2783,83.49667600000241,83.52667600000241,1259,2,1,2,1,130.69254199945135,True,9,50.0,8,3,1,2,27,6,21,50
2784,83.52667600000241,83.55667600000241,1316,1,1,1,1,130.28483299785876,True,9,50.0,8,4,2,2,25,6,19,33
2785,83.55667600000241,83.58667600000241,1254,1,1,1,1,130.18995799939148,True,9,50.0,8,1,0,1,26,0,26,35
2786,83.58667600000241,83.61667600000241,1282,2,2,1,1,129.64587500027847,True,9,50.0,8,3,1,2,29,2,27,60
2787,83.61667600000241,83.64667600000242,1265,1,1,1,1,129.84795800002757,True,9,50.0,8,3,0,3,28,0,28,42
2788,83.64667600000242,83.67667600000242,1332,1,1,1,1,129.40612500096904,True,9,50.0,8,4,2,2,21,3,18,57
2789,83.67667600000242,83.70667600000242,1271,1,1,1,1,132.23658400238492,True,9,50.0,8,3,1,2,29,7,22,38
2790,83.70667600000242,83.73667600000242,1297,1,1,1,1,132.9643329991086,True,9,50.0,8,2,0,2,23,0,23,61
2791,83.73667600000242,83.76667600000242,1235,0,0,0,0,129.00483300109045,True,9,50.0,8,0,0,0,0,0,0,18
2792,83.76667600000242,83.79667600000242,1211,0,0,0,0,129.4579999994312,True,9,50.0,8,0,0,0,0,0,0,39
2793,83.79667600000242,83.82667600000242,1220,0,0,0,0,128.59062499774154,True,9,50.0,8,0,0,0,0,0,0,32
2794,83.82667600000242,83.85667600000242,1275,0,0,0,0,128.26437500189058,True,9,50.0,8,1,1,0,1,1,0,48
2795,83.85667600000242,83.88667600000242,1256,1,0,0,0,129.03587500113645,True,9,50.0,8,1,1,0,3,3,0,28
2796,83.88667600000242,83.91667600000243,1216,1,1,0,0,130.41858399810735,True,9,50.0,8,3,1,2,23,2,21,32
2797,83.91667600000243,83.94667600000243,1278,0,0,0,0,130.7061250008701,True,9,50.0,8,3,2,1,13,4,9,24
2798,83.94667600000243,83.97667600000243,1281,0,0,0,0,130.45495800179197,True,9,50.0,8,5,3,2,27,8,19,57
2799,83.97667600000243,84.00667600000243,1307,0,0,0,0,129.46399999782443,True,9,50.0,8,2,1,1,17,8,9,38
2800,84.00667600000243,84.03667600000243,1281,1,1,0,0,129.20595800096635,True,9,50.0,8,3,2,1,17,5,12,55
2801,84.03667600000243,84.06667600000243,1291,1,1,0,0,128.36604199765134,True,9,50.0,8,3,2,1,19,3,16,39
2802,84.06667600000243,84.09667600000243,1263,1,1,0,0,129.4993749979767,True,9,50.0,8,2,1,1,18,3,15,67
2803,84.09667600000243,84.12667600000243,1279,1,1,1,1,130.10179200136918,True,9,50.0,8,4,3,1,18,6,12,55
2804,84.12667600000243,84.15667600000243,1326,1,1,0,0,128.3540410004207,True,9,50.0,8,3,1,2,22,1,21,90
2805,84.15667600000243,84.18667600000244,1317,1,1,1,1,128.0760419977014,True,9,50.0,8,2,1,1,10,1,9,96
2806,84.18667600000244,84.21667600000244,1348,1,1,1,1,128.22729199979221,True,9,50.0,8,2,1,1,15,3,12,87
2807,84.21667600000244,84.24667600000244,1378,1,1,1,1,128.72137500016834,True,9,50.0,8,5,4,1,16,7,9,154
2808,84.24667600000244,84.27667600000244,1365,1,1,1,1,128.5604169970611,True,9,50.0,8,2,1,1,14,2,12,101
2809,84.27667600000244,84.30667600000244,1360,1,1,1,1,128.80429099823232,True,9,50.0,8,5,3,2,26,5,21,84
2810,84.30667600000244,84.33667600000244,1300,1,1,1,1,128.1351249999716,True,9,50.0,8,1,0,1,9,0,9,137
2811,84.33667600000244,84.36667600000244,1386,1,1,1,1,129.3967090023216,True,9,50.0,8,6,4,2,26,5,21,143
2812,84.36667600000244,84.39667600000244,1312,1,1,1,1,129.02499999836436,True,9,50.0,8,3,1,2,23,2,21,100
2813,84.39667600000244,84.42667600000244,1354,1,1,1,1,129.465791000257,True,9,50.0,8,7,3,4,48,9,39,73
2814,84.42667600000244,84.45667600000245,1325,1,1,1,1,129.54125000032946,True,9,50.0,8,6,5,1,20,8,12,91
2815,84.45667600000245,84.48667600000245,1348,1,1,1,1,130.29916700179456,True,9,50.0,8,3,2,1,16,4,12,104
2816,84.48667600000245,84.51667600000245,1386,1,1,1,1,129.62812499972642,True,9,50.0,8,7,3,4,42,5,37,45
2817,84.51667600000245,84.54667600000245,1298,2,2,1,1,129.5969580023666,True,9,50.0,8,7,3,4,41,3,38,113
2818,84.54667600000245,84.57667600000245,1302,0,0,0,0,128.4689169988269,True,9,50.0,8,2,2,0,5,5,0,77
2819,84.57667600000245,84.60667600000245,1446,1,1,1,1,134.03491700228187,True,9,50.0,8,7,4,3,35,4,31,82
2820,84.60667600000245,84.63667600000245,1404,1,1,1,1,135.43700000082026,True,9,50.0,8,5,3,2,31,13,18,89
2821,84.63667600000245,84.66667600000245,1349,0,0,0,0,133.47725000130595,True,9,50.0,8,0,0,0,0,0,0,106
2822,84.66667600000245,84.69667600000245,1335,1,1,0,1,134.95550000152434,True,9,50.0,8,4,2,2,24,6,18,59
2823,84.69667600000245,84.72667600000246,1226,1,1,1,0,134.3113330003689,True,9,50.0,8,7,3,4,39,3,36,33
2824,84.72667600000246,84.75667600000246,1337,1,1,1,0,130.90195800032234,True,9,50.0,8,2,0,2,18,0,18,32
2825,84.75667600000246,84.78667600000246,1362,1,1,1,1,130.5404999984603,True,9,50.0,8,3,2,1,28,7,21,49
2826,84.78667600000246,84.81667600000246,1404,1,1,1,1,130.5469170001743,True,9,50.0,8,4,1,3,32,2,30,44
2827,84.81667600000246,84.84667600000246,1393,1,1,1,1,129.7783329973754,True,9,50.0,8,2,1,1,14,2,12,46
2828,84.84667600000246,84.87667600000246,1482,2,1,1,1,128.4271250005986,True,9,50.0,8,3,2,1,14,5,9,68
2829,84.87667600000246,84.90667600000246,1462,2,1,1,1,129.6550830011256,True,9,50.0,8,3,1,2,24,3,21,59
2830,84.90667600000246,84.93667600000246,1524,2,1,2,1,131.42562500070198,True,9,50.0,8,6,3,3,43,7,36,54
2831,84.93667600000246,84.96667600000247,1542,3,2,1,1,131.69687499976135,True,9,50.0,8,7,3,4,53,5,48,50
2832,84.96667600000247,84.99667600000247,1436,2,2,1,1,129.5242500018503,True,9,50.0,8,3,0,3,30,0,30,54
2833,84.99667600000247,85.02667600000247,1447,1,1,1,1,129.1864999984682,True,9,50.0,8,3,1,2,19,1,18,62
2834,85.02667600000247,85.05667600000247,1419,1,1,1,1,130.17979199867113,True,9,50.0,8,3,1,2,19,1,18,79
2835,85.05667600000247,85.08667600000247,1501,2,2,1,1,131.62404100148706,True,9,50.0,8,3,0,3,33,0,33,37
2836,85.08667600000247,85.11667600000247,1406,0,0,0,0,129.14441700195312,True,9,50.0,8,7,3,4,40,4,36,60
2837,85.11667600000247,85.14667600000247,1297,0,0,0,0,130.41633299872046,True,9,50.0,8,1,0,1,9,0,9,70
2838,85.14667600000247,85.17667600000247,1394,2,1,2,1,130.144458002178,True,9,50.0,8,7,5,2,36,18,18,87
2839,85.17667600000247,85.20667600000247,1372,2,1,1,1,129.58333300048253,True,9,50.0,8,3,1,2,26,5,21,76
2840,85.20667600000247,85.23667600000248,1478,2,2,2,1,131.87358299910557,True,9,50.0,8,6,2,4,48,3,45,111
2841,85.23667600000248,85.26667600000248,1432,1,1,1,1,129.3087909980386,True,9,50.0,8,5,3,2,33,6,27,55
2842,85.26667600000248,85.29667600000248,1588,2,2,1,1,131.17916700139176,True,9,50.0,8,11,4,7,93,14,79,142
2843,85.29667600000248,85.32667600000248,1367,2,1,1,1,129.56545900306082,True,9,50.0,8,6,4,2,45,18,27,55
2844,85.32667600000248,85.35667600000248,1457,2,1,2,1,129.73050000073272,True,9,50.0,8,8,4,4,65,9,56,92
2845,85.35667600000248,85.38667600000248,1458,3,3,2,1,131.80737500078976,True,9,50.0,8,4,1,3,75,1,74,97
2846,85.38667600000248,85.41667600000248,1479,3,2,2,1,129.7324999977718,True,9,50.0,8,6,2,4,82,6,76,132
2847,85.41667600000248,85.44667600000248,1351,2,1,2,1,131.02916600109893,True,9,50.0,8,3,2,1,26,16,10,96
2848,85.44667600000248,85.47667600000248,1342,2,1,2,1,130.8498750004219,True,9,50.0,8,6,3,3,55,16,39,61
2849,85.47667600000248,85.50667600000249,1323,2,2,2,1,130.1646250030899,True,9,50.0,8,6,3,3,39,9,30,66
2850,85.50667600000249,85.53667600000249,1348,2,2,2,1,128.9599170013389,True,9,50.0,8,3,0,3,35,0,35,59
2851,85.53667600000249,85.56667600000249,1395,2,2,2,1,130.71999999738182,True,9,50.0,8,4,1,3,39,2,37,90
2852,85.56667600000249,85.59667600000249,1401,1,1,1,1,130.41366600009496,True,9,50.0,8,3,1,2,26,2,24,43
2853,85.59667600000249,85.62667600000249,1497,2,1,2,1,130.10529199891607,True,9,50.0,8,5,3,2,30,9,21,75
2854,85.62667600000249,85.65667600000249,1503,1,0,1,0,129.42350000230363,True,9,50.0,8,6,4,2,30,12,18,72
2855,85.65667600000249,85.68667600000249,1590,1,1,1,0,130.341000000044,True,9,50.0,8,4,1,3,40,1,39,67
2856,85.68667600000249,85.7166760000025,1567,2,2,2,1,130.3080420002516,True,9,50.0,8,3,1,2,24,1,23,96
2857,85.7166760000025,85.7466760000025,1716,1,1,1,1,130.0706670008367,True,9,50.0,8,2,0,2,49,0,49,50
2858,85.7466760000025,85.7766760000025,1633,2,2,1,1,129.14712500059977,True,9,50.0,8,3,0,3,43,0,43,53
2859,85.7766760000025,85.8066760000025,1691,2,2,2,2,129.84158300241688,True,9,50.0,8,2,0,2,39,0,39,80
2860,85.8066760000025,85.8366760000025,1614,2,2,1,1,130.04033399920445,True,9,50.0,8,2,0,2,34,0,34,48
2861,85.8366760000025,85.8666760000025,1613,2,2,2,2,130.19591699776356,True,9,50.0,8,2,0,2,28,0,28,57
2862,85.8666760000025,85.8966760000025,1639,2,1,2,1,129.5135840009607,True,9,50.0,8,4,2,2,30,6,24,41
2863,85.8966760000025,85.9266760000025,1518,0,0,0,0,129.44087500000023,True,9,50.0,8,2,1,1,10,1,9,18
2864,85.9266760000025,85.9566760000025,1442,0,0,0,0,128.06541700047092,True,9,50.0,8,0,0,0,0,0,0,57
2865,85.9566760000025,85.9866760000025,1538,1,0,0,0,126.88574999992852,True,9,50.0,8,4,4,0,12,12,0,74
2866,85.9866760000025,86.0166760000025,1537,2,2,1,0,130.58187500064378,True,9,50.0,8,5,2,3,39,8,31,58
2867,86.0166760000025,86.0466760000025,1582,2,2,1,0,130.10399999984656,True,9,50.0,8,5,1,4,47,2,45,45
2868,86.0466760000025,86.07667600000251,1701,2,2,1,1,129.493165997701,True,9,50.0,8,2,0,2,28,0,28,41
2869,86.07667600000251,86.10667600000251,1737,1,1,1,1,129.26470800084644,True,9,50.0,8,5,2,3,41,8,33,51
2870,86.10667600000251,86.13667600000251,1647,1,0,1,0,128.68824999895878,True,9,50.0,8,4,2,2,32,14,18,43
2871,86.13667600000251,86.16667600000251,1619,2,2,0,0,131.20037499902537,True,9,50.0,8,3,0,3,27,0,27,53
2872,86.16667600000251,86.19667600000251,1636,1,0,1,0,129.02208300147322,True,9,50.0,8,3,2,1,15,6,9,64
2873,86.19667600000251,86.22667600000251,1639,2,1,1,0,129.3526249974093,True,9,50.0,8,4,3,1,24,8,16,48
2874,86.22667600000251,86.25667600000251,1563,1,0,1,0,132.6820829999633,True,9,50.0,8,3,2,1,21,9,12,47
2875,86.25667600000251,86.28667600000252,1526,0,0,0,0,133.9291250005772,True,9,50.0,8,3,1,2,22,1,21,32
2876,86.28667600000252,86.31667600000252,1600,2,2,0,0,132.86245799827157,True,9,50.0,8,4,2,2,33,6,27,74
2877,86.31667600000252,86.34667600000252,1766,2,2,1,0,133.35820899737882,True,9,50.0,8,6,2,4,66,2,64,57
2878,86.34667600000252,86.37667600000252,1641,1,1,1,0,132.8843749979569,True,9,50.0,8,4,3,1,23,13,10,65
2879,86.37667600000252,86.40667600000252,1595,1,0,1,0,131.8362089987204,True,9,50.0,8,3,2,1,22,13,9,62
2880,86.40667600000252,86.43667600000252,1748,1,0,1,0,129.91779200092424,True,9,50.0,8,4,2,2,35,11,24,66
2881,86.43667600000252,86.46667600000252,1619,1,1,1,0,129.17695800206275,True,9,50.0,8,5,2,3,34,6,28,40
2882,86.46667600000252,86.49667600000252,1684,1,1,1,1,131.21083300211467,True,9,50.0,8,5,1,4,56,2,54,73
2883,86.49667600000252,86.52667600000252,1713,1,1,1,1,130.13024999963818,True,9,50.0,8,2,1,1,29,2,27,110
2884,86.52667600000252,86.55667600000253,1747,1,1,1,1,130.63049999982468,True,9,50.0,8,3,1,2,46,6,40,166
2885,86.55667600000253,86.58667600000253,1624,1,1,1,1,130.38550000055693,True,9,50.0,8,5,1,4,56,3,53,68
2886,86.58667600000253,86.61667600000253,1646,1,1,1,1,130.81912499910686,True,9,50.0,8,7,1,6,104,1,103,61
2887,86.61667600000253,86.64667600000253,1686,2,2,1,1,169.12945899821352,True,9,50.0,8,2,0,2,85,0,85,72
2888,86.64667600000253,86.67667600000253,1762,2,2,1,1,132.7388339996105,True,9,50.0,8,3,0,3,94,0,94,76
2889,86.67667600000253,86.70667600000253,1775,2,2,1,1,132.3102500027744,True,9,50.0,8,3,0,3,99,0,99,96
2890,86.70667600000253,86.73667600000253,1825,2,2,1,1,140.21920899904217,True,9,50.0,8,3,0,3,112,0,112,75
2891,86.73667600000253,86.76667600000253,1780,2,2,1,1,135.91974999872036,True,9,50.0,8,5,0,5,119,0,119,94
2892,86.76667600000253,86.79667600000253,1790,3,3,2,2,133.8287919970753,True,9,50.0,8,8,3,5,110,13,97,67
2893,86.79667600000253,86.82667600000254,1712,2,2,2,2,135.41291699948488,True,9,50.0,8,5,2,3,91,5,86,92
2894,86.82667600000254,86.85667600000254,1703,2,2,2,2,134.22308300141594,True,9,50.0,8,3,0,3,80,0,80,100
2895,86.85667600000254,86.88667600000254,1587,2,2,2,2,134.24058300006436,True,9,50.0,8,4,1,3,70,3,67,88
2896,86.88667600000254,86.91667600000254,1678,2,2,2,2,131.3667920003354,True,9,50.0,8,3,0,3,80,0,80,53
2897,86.91667600000254,86.94667600000254,1706,2,2,2,2,135.04070899944054,True,9,50.0,8,7,4,3,73,9,64,67
2898,86.94667600000254,86.97667600000254,1723,2,2,2,2,166.34625000006054,True,9,50.0,8,7,4,3,76,9,67,81
2899,86.97667600000254,87.00667600000254,1763,2,2,2,2,135.74512499690172,True,9,50.0,8,5,1,4,96,1,95,91
2900,87.00667600000254,87.03667600000254,1746,2,2,2,2,133.72029099991778,True,9,50.0,8,5,1,4,107,1,106,39
2901,87.03667600000254,87.06667600000254,1654,2,2,2,2,132.82670799890184,True,9,50.0,8,6,2,4,58,5,53,83
2902,87.06667600000254,87.09667600000255,1495,2,1,2,1,133.17666700095288,True,9,50.0,8,3,1,2,43,7,36,89
2903,87.09667600000255,87.12667600000255,1535,2,2,2,2,131.42400000288035,True,9,50.0,8,4,1,3,43,3,40,75
2904,87.12667600000255,87.15667600000255,1537,2,1,2,1,129.12725000205683,True,9,50.0,8,5,3,2,45,14,31,83
2905,87.15667600000255,87.18667600000255,1566,2,1,2,1,130.87254200218013,True,9,50.0,8,4,2,2,42,9,33,77
2906,87.18667600000255,87.21667600000255,1733,2,2,2,2,137.8983340000559,True,9,50.0,8,7,3,4,80,6,74,108
2907,87.21667600000255,87.24667600000255,1859,2,2,2,2,132.51937499808264,True,9,50.0,8,5,0,5,96,0,96,77
2908,87.24667600000255,87.27667600000255,1994,2,2,2,2,131.2878329990781,True,9,50.0,8,3,1,2,112,6,106,102
2909,87.27667600000255,87.30667600000255,1964,2,2,2,2,138.60012499935692,True,9,50.0,8,7,3,4,134,5,129,47
2910,87.30667600000255,87.33667600000256,2086,2,2,2,2,144.04883300085203,True,9,50.0,8,5,1,4,123,4,119,57
2911,87.33667600000256,87.36667600000256,2080,2,2,2,2,141.47912499902304,True,9,50.0,8,3,0,3,137,0,137,106
2912,87.36667600000256,87.39667600000256,2096,2,2,2,2,133.05866600057925,True,9,50.0,8,5,0,5,147,0,147,80
2913,87.39667600000256,87.42667600000256,2062,2,2,2,2,132.19587500134367,True,9,50.0,8,5,0,5,145,0,145,90
2914,87.42667600000256,87.45667600000256,2059,2,2,2,2,132.72912499814993,True,9,50.0,8,3,0,3,136,0,136,82
2915,87.45667600000256,87.48667600000256,1995,2,2,2,2,133.80087499899673,True,9,50.0,8,4,1,3,117,1,116,62
2916,87.48667600000256,87.51667600000256,2057,2,2,2,2,132.17816700125695,True,9,50.0,8,5,1,4,163,1,162,50
2917,87.51667600000256,87.54667600000256,2026,2,2,2,2,133.4290000013425,True,9,50.0,8,4,1,3,148,1,147,56
2918,87.54667600000256,87.57667600000256,2061,2,2,2,2,132.39058300314355,True,9,50.0,8,4,0,4,138,0,138,81
2919,87.57667600000256,87.60667600000257,1986,2,2,2,2,138.94804200026556,True,9,50.0,8,3,0,3,126,0,126,72
2920,87.60667600000257,87.63667600000257,1984,2,2,2,2,132.32079200315638,True,9,50.0,8,4,1,3,140,1,139,64
2921,87.63667600000257,87.66667600000257,1944,2,2,2,2,133.46762500077602,True,9,50.0,8,4,0,4,136,0,136,58
2922,87.66667600000257,87.69667600000257,1994,2,2,2,2,131.3462910002272,True,9,50.0,8,6,1,5,145,2,143,83
2923,87.69667600000257,87.72667600000257,1932,3,3,2,2,133.37745800163248,True,9,50.0,8,5,0,5,136,0,136,46
2924,87.72667600000257,87.75667600000257,2002,2,2,2,2,132.827958001144,True,9,50.0,8,3,0,3,153,0,153,43
2925,87.75667600000257,87.78667600000257,1920,2,2,2,2,133.64745900253183,True,9,50.0,8,3,0,3,142,0,142,52
2926,87.78667600000257,87.81667600000257,1891,2,2,2,2,133.3552090000012,True,9,50.0,8,5,1,4,134,1,133,40
2927,87.81667600000257,87.84667600000257,1953,2,2,2,2,133.75954100047238,True,9,50.0,8,3,0,3,121,0,121,71
2928,87.84667600000257,87.87667600000258,1962,2,2,2,2,136.559832997591,True,9,50.0,8,6,2,4,124,8,116,55
2929,87.87667600000258,87.90667600000258,1889,1,1,1,1,140.69754199954332,True,9,50.0,8,4,0,4,111,0,111,61
2930,87.90667600000258,87.93667600000258,1729,2,2,2,2,138.24216600187356,True,9,50.0,8,4,0,4,92,0,92,38
2931,87.93667600000258,87.96667600000258,1900,3,2,2,2,138.14337499934481,True,9,50.0,8,6,2,4,113,5,108,64
2932,87.96667600000258,87.99667600000258,1822,2,2,2,2,133.7542500004929,True,9,50.0,8,7,3,4,108,9,99,106
2933,87.99667600000258,88.02667600000258,1928,2,2,2,2,134.65566699960618,True,9,50.0,8,3,0,3,117,0,117,60
2934,88.02667600000258,88.05667600000258,1959,2,2,2,2,135.64745799885713,True,9,50.0,8,5,2,3,134,2,132,45
2935,88.05667600000258,88.08667600000258,1996,2,2,2,2,133.918834002543,True,9,50.0,8,5,2,3,130,6,124,62
2936,88.08667600000258,88.11667600000258,2074,2,2,2,2,134.96533400029875,True,9,50.0,8,5,1,4,148,1,147,52
2937,88.11667600000258,88.14667600000259,2284,2,2,2,2,171.1457919991517,True,9,50.0,8,3,0,3,154,0,154,90
2938,88.14667600000259,88.17667600000259,2238,2,2,2,2,134.39983400166966,True,9,50.0,8,6,2,4,153,2,151,106
2939,88.17667600000259,88.20667600000259,2166,2,2,2,2,134.21291600025143,True,9,50.0,8,3,0,3,164,0,164,66
2940,88.20667600000259,88.23667600000259,2359,2,2,2,2,153.76549999928102,True,9,50.0,8,4,1,3,162,2,160,88
2941,88.23667600000259,88.26667600000259,2265,2,2,2,2,132.01249999838183,True,9,50.0,8,5,3,2,143,4,139,68
2942,88.26667600000259,88.29667600000259,2399,3,3,2,2,132.80075000147917,True,9,50.0,8,4,0,4,174,0,174,57
2943,88.29667600000259,88.32667600000259,2568,2,2,2,2,134.48562499979744,True,9,50.0,8,4,1,3,171,1,170,129
2944,88.32667600000259,88.3566760000026,2823,2,2,2,2,133.6807499974384,True,9,50.0,8,5,2,3,187,4,183,110
2945,88.3566760000026,88.3866760000026,2691,2,2,2,2,130.60845799918752,True,9,50.0,8,3,0,3,158,0,158,97
2946,88.3866760000026,88.4166760000026,2702,3,3,2,2,130.4149170027813,True,9,50.0,8,5,2,3,151,2,149,135
2947,88.4166760000026,88.4466760000026,2775,3,3,2,2,131.55170800018823,True,9,50.0,8,8,5,3,167,14,153,168
2948,88.4466760000026,88.4766760000026,2850,2,2,2,2,130.9676250020857,True,9,50.0,8,7,4,3,176,12,164,163
2949,88.4766760000026,88.5066760000026,2719,2,2,2,2,129.84004199824994,True,9,50.0,8,4,1,3,159,1,158,123
2950,88.5066760000026,88.5366760000026,2590,2,2,2,2,130.29508399995393,True,9,50.0,8,5,1,4,145,2,143,143
2951,88.5366760000026,88.5666760000026,2532,2,2,2,2,130.89741699877777,True,9,50.0,8,4,2,2,118,3,115,149
2952,88.5666760000026,88.5966760000026,2499,3,2,2,2,132.29512500038254,True,9,50.0,8,8,3,5,111,8,103,214
2953,88.5966760000026,88.6266760000026,2416,3,2,2,2,130.86883399955695,True,9,50.0,8,7,2,5,90,6,84,230
2954,88.6266760000026,88.6566760000026,2339,3,2,2,2,128.78204200023902,True,9,50.0,8,6,2,4,90,6,84,186
2955,88.6566760000026,88.6866760000026,2571,3,2,2,2,130.05433400030597,True,9,50.0,8,7,3,4,102,7,95,232
2956,88.6866760000026,88.71667600000261,2764,3,2,2,2,129.74208300147438,True,9,50.0,8,6,3,3,137,16,121,260
2957,88.71667600000261,88.74667600000261,2990,2,2,2,2,130.89866700101993,True,9,50.0,8,10,5,5,187,9,178,256
2958,88.74667600000261,88.77667600000261,3125,2,2,2,2,130.55700000040815,True,9,50.0,8,8,5,3,185,17,168,275
2959,88.77667600000261,88.80667600000261,3452,3,2,3,2,130.99174999661045,True,9,50.0,8,13,10,3,194,23,171,298
2960,88.80667600000261,88.83667600000261,3691,3,2,3,2,130.5356250013574,True,9,50.0,8,9,5,4,219,18,201,348
2961,88.83667600000261,88.86667600000261,3639,3,2,3,2,129.97058299879427,True,9,50.0,8,9,5,4,221,16,205,291
2962,88.86667600000261,88.89667600000261,3516,2,2,2,2,130.34516599873314,True,9,50.0,8,4,1,3,229,1,228,236
2963,88.89667600000261,88.92667600000262,3407,2,2,2,2,130.32025000211434,True,9,50.0,8,4,0,4,230,0,230,215
2964,88.92667600000262,88.95667600000262,3511,2,2,2,2,132.52558400199632,True,9,50.0,8,5,2,3,213,3,210,255
2965,88.95667600000262,88.98667600000262,3590,2,2,2,2,130.4636249988107,True,9,50.0,8,6,1,5,251,1,250,242
2966,88.98667600000262,89.01667600000262,4179,2,1,1,1,131.11020799988182,True,9,50.0,8,6,2,4,289,9,280,334
2967,89.01667600000262,89.04667600000262,4298,2,2,2,2,130.2490409980237,True,9,50.0,8,3,0,3,295,0,295,323
2968,89.04667600000262,89.07667600000262,4398,2,2,2,2,130.2949160017306,True,9,50.0,8,4,2,2,310,10,300,271
2969,89.07667600000262,89.10667600000262,4663,2,2,2,2,131.41949999771896,True,9,50.0,8,7,3,4,314,4,310,382
2970,89.10667600000262,89.13667600000262,4689,2,2,2,2,130.35537500036298,True,9,50.0,8,8,4,4,315,8,307,297
2971,89.13667600000262,89.16667600000262,4670,2,2,2,2,130.38841600064188,True,9,50.0,8,5,2,3,310,8,302,166
2972,89.16667600000262,89.19667600000263,4809,2,2,2,2,131.6762499991455,True,9,50.0,8,4,0,4,332,0,332,148
2973,89.19667600000263,89.22667600000263,5064,2,2,2,2,129.6061249995546,True,9,50.0,8,4,0,4,337,0,337,196
2974,89.22667600000263,89.25667600000263,5400,2,2,2,2,130.37849999818718,True,9,50.0,8,6,2,4,357,4,353,216
2975,89.25667600000263,89.28667600000263,5626,2,2,2,2,130.28774999838788,True,9,50.0,8,6,1,5,410,2,408,190
2976,89.28667600000263,89.31667600000263,5682,2,2,2,2,131.24962499932735,True,9,50.0,8,6,1,5,391,3,388,206
2977,89.31667600000263,89.34667600000263,5747,2,2,2,2,130.8282079990022,True,9,50.0,8,6,2,4,388,3,385,187
2978,89.34667600000263,89.37667600000263,5698,2,2,2,2,130.282874997647,True,9,50.0,8,7,3,4,373,8,365,292
2979,89.37667600000263,89.40667600000263,6104,2,2,2,2,135.0704169999517,True,9,50.0,8,6,2,4,427,3,424,249
2980,89.40667600000263,89.43667600000263,6215,3,2,2,2,132.8304999988177,True,9,50.0,8,8,4,4,406,9,397,245
2981,89.43667600000263,89.46667600000264,6312,2,2,2,2,135.36291700074798,True,9,50.0,8,5,2,3,415,9,406,235
2982,89.46667600000264,89.49667600000264,6466,2,2,2,2,134.35458399908384,True,9,50.0,8,3,0,3,404,0,404,280
2983,89.49667600000264,89.52667600000264,6655,2,1,2,1,146.3323339994531,True,9,50.0,8,8,6,2,423,14,409,248
2984,89.52667600000264,89.55667600000264,6797,1,1,1,1,156.60924999974668,True,9,50.0,8,4,2,2,454,3,451,241
2985,89.55667600000264,89.58667600000264,7152,2,1,2,1,163.9954169986595,True,9,50.0,8,6,4,2,455,8,447,240
2986,89.58667600000264,89.61667600000264,7509,2,1,2,1,135.62391699815635,True,9,50.0,8,3,1,2,473,5,468,248
2987,89.61667600000264,89.64667600000264,6819,2,1,2,1,131.39470799796982,True,9,50.0,8,6,4,2,352,6,346,205
2988,89.64667600000264,89.67667600000264,2618,1,1,0,0,130.8097090004594,True,9,50.0,8,2,1,1,10,1,9,97
2989,89.67667600000264,89.70667600000264,2033,0,0,0,0,130.3132920002099,True,9,50.0,8,1,1,0,1,1,0,69
2990,89.70667600000264,89.73667600000265,2028,0,0,0,0,133.50754199927906,True,9,50.0,8,3,3,0,5,5,0,63
2991,89.73667600000265,89.76667600000265,2109,1,0,0,0,134.2233329996816,True,9,50.0,8,4,3,1,18,9,9,60
2992,89.76667600000265,89.79667600000265,2020,1,0,0,0,129.33062500087544,True,9,50.0,8,5,5,0,14,14,0,56
2993,89.79667600000265,89.82667600000265,2149,1,0,0,0,128.14058400181239,True,9,50.0,8,3,3,0,10,10,0,81
2994,89.82667600000265,89.85667600000265,2051,1,0,0,0,128.4942919992318,True,9,50.0,8,4,3,1,24,15,9,71
2995,89.85667600000265,89.88667600000265,2054,1,1,1,0,132.6361249994079,True,9,50.0,8,2,1,1,17,5,12,71
2996,89.88667600000265,89.91667600000265,2114,1,0,1,0,131.9169160015008,True,9,50.0,8,3,3,0,15,15,0,94
2997,89.91667600000265,89.94667600000265,2097,1,1,1,0,131.00008299807087,True,9,50.0,8,2,1,1,20,4,16,82
2998,89.94667600000265,89.97667600000266,2032,1,1,1,1,128.61687500117114,True,9,50.0,8,5,4,1,20,11,9,89
2999,89.97667600000266,90.00667600000266,1957,1,1,1,1,132.8120840007614,True,9,50.0,8,3,1,2,24,1,23,93
3000,90.00667600000266,90.03667600000266,1920,1,0,1,0,127.91004099926795,True,9,50.0,8,3,3,0,5,5,0,134
3001,90.03667600000266,90.06667600000266,1980,3,1,1,0,130.250458001683,True,9,50.0,8,3,2,1,17,8,9,97
3002,90.06667600000266,90.09667600000266,1941,1,1,1,1,134.41204199989443,True,9,50.0,8,4,2,2,23,5,18,83
3003,90.09667600000266,90.12667600000266,1875,1,0,1,0,142.11766600055853,True,9,50.0,8,3,3,0,7,7,0,144
3004,90.12667600000266,90.15667600000266,1903,1,0,1,0,133.84562500141328,True,9,50.0,8,2,2,0,6,6,0,92
3005,90.15667600000266,90.18667600000266,2000,1,1,1,1,132.4780409995583,True,9,50.0,8,3,2,1,13,2,11,89
3006,90.18667600000266,90.21667600000266,2034,1,0,1,0,128.13875000210828,True,9,50.0,8,2,2,0,6,6,0,116
3007,90.21667600000266,90.24667600000267,1858,0,0,0,0,132.21250000060536,True,9,50.0,8,1,1,0,2,2,0,90
3008,90.24667600000267,90.27667600000267,1906,1,0,1,0,131.3619579996157,True,9,50.0,8,2,2,0,8,8,0,51
3009,90.27667600000267,90.30667600000267,1900,1,0,1,0,129.93949999872711,True,9,50.0,8,1,1,0,6,6,0,114
3010,90.30667600000267,90.33667600000267,1861,1,0,1,0,137.75129200075753,True,9,50.0,8,2,2,0,6,6,0,83
3011,90.33667600000267,90.36667600000267,1769,0,0,0,0,141.60579100280302,True,9,50.0,8,2,2,0,6,6,0,101
3012,90.36667600000267,90.39667600000267,1730,1,1,1,0,130.56512500043027,True,9,50.0,8,2,1,1,12,3,9,75
3013,90.39667600000267,90.42667600000267,1804,0,0,0,0,127.85675000122865,True,9,50.0,8,2,2,0,3,3,0,81
3014,90.42667600000267,90.45667600000267,1886,1,1,0,0,129.98958400203264,True,9,50.0,8,3,0,3,41,0,41,39
3015,90.45667600000267,90.48667600000267,1832,1,1,1,1,129.48262500140117,True,9,50.0,8,4,1,3,33,1,32,97
3016,90.48667600000267,90.51667600000268,1923,1,1,1,1,130.99245900230017,True,9,50.0,8,1,0,1,9,0,9,95
3017,90.51667600000268,90.54667600000268,1805,1,1,1,1,130.37658400207874,True,9,50.0,8,3,2,1,19,3,16,93
3018,90.54667600000268,90.57667600000268,1783,1,1,1,1,130.0844170000346,True,9,50.0,8,2,1,1,14,3,11,60
3019,90.57667600000268,90.60667600000268,1953,1,1,1,1,130.5672919988865,True,9,50.0,8,1,0,1,17,0,17,110
3020,90.60667600000268,90.63667600000268,1915,1,1,1,1,132.14099999822793,True,9,50.0,8,1,0,1,25,0,25,63
3021,90.63667600000268,90.66667600000268,1874,1,1,1,1,133.86104199889814,True,9,50.0,8,1,0,1,16,0,16,90
3022,90.66667600000268,90.69667600000268,1782,1,0,1,0,128.23574999856646,True,9,50.0,8,1,1,0,7,7,0,71
3023,90.69667600000268,90.72667600000268,1730,1,1,1,1,129.56375000067055,True,9,50.0,8,1,0,1,10,0,10,124
3024,90.72667600000268,90.75667600000268,1739,1,1,1,1,130.57887499962817,True,9,50.0,8,1,0,1,21,0,21,98
3025,90.75667600000268,90.78667600000269,1748,1,1,1,1,132.07704200249282,True,9,50.0,8,1,0,1,11,0,11,71
3026,90.78667600000269,90.81667600000269,1932,1,1,1,1,129.76229199921363,True,9,50.0,8,3,1,2,23,1,22,116
3027,90.81667600000269,90.84667600000269,2137,1,1,1,1,128.56991699663922,True,9,50.0,8,1,0,1,12,0,12,170
3028,90.84667600000269,90.87667600000269,2239,0,0,0,0,128.41491699873586,True,9,50.0,8,2,2,0,4,4,0,196
3029,90.87667600000269,90.90667600000269,2129,1,0,1,0,130.6626250006957,True,9,50.0,8,2,2,0,11,11,0,139
3030,90.90667600000269,90.93667600000269,1958,0,0,0,0,129.51933400108828,True,9,50.0,8,1,1,0,1,1,0,139
3031,90.93667600000269,90.96667600000269,2020,0,0,0,0,132.19549999848823,True,9,50.0,8,2,1,1,10,1,9,126
3032,90.96667600000269,90.9966760000027,1866,0,0,0,0,131.40924999970593,True,9,50.0,8,3,2,1,14,5,9,61
3033,90.9966760000027,91.0266760000027,1929,0,0,0,0,128.43733300178428,True,9,50.0,8,1,1,0,5,5,0,104
3034,91.0266760000027,91.0566760000027,1932,1,0,0,0,128.32883300143294,True,9,50.0,8,3,2,1,15,6,9,142
3035,91.0566760000027,91.0866760000027,1943,1,1,0,0,128.9047499994922,True,9,50.0,8,3,2,1,15,6,9,154
3036,91.0866760000027,91.1166760000027,1883,0,0,0,0,132.01466700047604,True,9,50.0,8,2,1,1,10,1,9,93
3037,91.1166760000027,91.1466760000027,1907,0,0,0,0,133.3550829986052,True,9,50.0,8,1,1,0,1,1,0,80
3038,91.1466760000027,91.1766760000027,1960,0,0,0,0,130.08162500045728,True,9,50.0,8,1,1,0,1,1,0,69
3039,91.1766760000027,91.2066760000027,1906,0,0,0,0,126.90700000166544,True,9,50.0,8,0,0,0,0,0,0,73
3040,91.2066760000027,91.2366760000027,1774,0,0,0,0,129.1451249999227,True,9,50.0,8,1,0,1,9,0,9,99
3041,91.2366760000027,91.2666760000027,1833,0,0,0,0,131.19124999866472,True,9,50.0,8,1,1,0,2,2,0,48
3042,91.2666760000027,91.2966760000027,1914,0,0,0,0,130.80729200009955,True,9,50.0,8,1,0,1,9,0,9,46
3043,91.2966760000027,91.3266760000027,1877,0,0,0,0,138.12687500103493,True,9,50.0,8,3,2,1,11,2,9,91
3044,91.3266760000027,91.35667600000271,1894,0,0,0,0,136.41120900138048,True,9,50.0,8,2,1,1,11,2,9,84
3045,91.35667600000271,91.38667600000271,1916,1,0,0,0,130.6092080012604,True,9,50.0,8,2,2,0,8,8,0,44
3046,91.38667600000271,91.41667600000271,1873,0,0,0,0,128.28199999785284,True,9,50.0,8,2,2,0,5,5,0,66
3047,91.41667600000271,91.44667600000271,1866,0,0,0,0,132.21954199980246,True,9,50.0,8,1,1,0,4,4,0,64
3048,91.44667600000271,91.47667600000271,1911,1,0,0,0,131.14662500083796,True,9,50.0,8,5,5,0,12,12,0,120
3049,91.47667600000271,91.50667600000271,1838,1,0,0,0,131.90887499877135,True,9,50.0,8,4,3,1,23,14,9,71
3050,91.50667600000271,91.53667600000271,1802,0,0,0,0,128.811874998064,True,9,50.0,8,4,4,0,7,7,0,76
3051,91.53667600000271,91.56667600000272,1896,1,0,0,0,127.35195899949758,True,9,50.0,8,5,5,0,18,18,0,86
3052,91.56667600000272,91.59667600000272,2000,1,0,1,0,127.68762500127195,True,9,50.0,8,5,5,0,11,11,0,83
3053,91.59667600000272,91.62667600000272,1794,1,0,1,0,128.2207920012297,True,9,50.0,8,3,3,0,8,8,0,77
3054,91.62667600000272,91.65667600000272,1823,1,0,0,0,127.51912500243634,True,9,50.0,8,5,5,0,10,10,0,93
3055,91.65667600000272,91.68667600000272,1861,1,0,0,0,127.1223750009085,True,9,50.0,8,3,3,0,7,7,0,96
3056,91.68667600000272,91.71667600000272,1889,1,0,0,0,128.027208000276,True,9,50.0,8,3,3,0,5,5,0,104
3057,91.71667600000272,91.74667600000272,1877,2,0,0,0,126.8694169993978,True,9,50.0,8,2,2,0,12,12,0,116
3058,91.74667600000272,91.77667600000272,1781,0,0,0,0,129.05216599756386,True,9,50.0,8,3,2,1,12,3,9,139
3059,91.77667600000272,91.80667600000272,1771,1,0,0,0,127.50191600207472,True,9,50.0,8,3,3,0,5,5,0,197
3060,91.80667600000272,91.83667600000273,1890,0,0,0,0,129.55299999885028,True,9,50.0,8,2,1,1,12,3,9,184
3061,91.83667600000273,91.86667600000273,1908,0,0,0,0,129.4392500021786,True,9,50.0,8,4,3,1,14,5,9,206
3062,91.86667600000273,91.89667600000273,1839,0,0,0,0,126.88045799950487,True,9,50.0,8,3,3,0,3,3,0,258
3063,91.89667600000273,91.92667600000273,1827,0,0,0,0,128.67337500210851,True,9,50.0,8,1,0,1,9,0,9,245
3064,91.92667600000273,91.95667600000273,1815,0,0,0,0,127.29387500075973,True,9,50.0,8,1,0,1,9,0,9,139
3065,91.95667600000273,91.98667600000273,1678,0,0,0,0,128.17962500048452,True,9,50.0,8,1,0,1,9,0,9,41
3066,91.98667600000273,92.01667600000273,1704,0,0,0,0,128.39241699839476,True,9,50.0,8,2,1,1,10,1,9,48
3067,92.01667600000273,92.04667600000273,1721,0,0,0,0,126.62941700182273,True,9,50.0,8,1,1,0,1,1,0,54
3068,92.04667600000273,92.07667600000273,1709,0,0,0,0,125.71795800249674,True,9,50.0,8,1,1,0,1,1,0,75
3069,92.07667600000273,92.10667600000274,1870,1,0,0,0,128.5097500003758,True,9,50.0,8,2,1,1,12,3,9,147
3070,92.10667600000274,92.13667600000274,1891,0,0,0,0,126.22979099978693,True,9,50.0,8,4,4,0,7,7,0,205
3071,92.13667600000274,92.16667600000274,2220,0,0,0,0,128.00254199828487,True,9,50.0,8,4,4,0,10,10,0,362
3072,92.16667600000274,92.19667600000274,1890,0,0,0,0,127.25295899872435,True,9,50.0,8,1,1,0,7,7,0,134
3073,92.19667600000274,92.22667600000274,1760,0,0,0,0,128.99862499762094,True,9,50.0,8,3,3,0,9,9,0,61
3074,92.22667600000274,92.25667600000274,1676,0,0,0,0,127.45879200156196,True,9,50.0,8,1,1,0,2,2,0,38
3075,92.25667600000274,92.28667600000274,1722,0,0,0,0,127.27674999769079,True,9,50.0,8,0,0,0,0,0,0,63
3076,92.28667600000274,92.31667600000274,1783,0,0,0,0,128.0854159995215,True,9,50.0,8,0,0,0,0,0,0,54
3077,92.31667600000274,92.34667600000274,1680,0,0,0,0,127.0849159991485,True,9,50.0,8,1,1,0,2,2,0,61
3078,92.34667600000274,92.37667600000275,1671,0,0,0,0,126.2625420022232,True,9,50.0,8,0,0,0,0,0,0,50
3079,92.37667600000275,92.40667600000275,1723,0,0,0,0,129.70045800102525,True,9,50.0,8,1,1,0,1,1,0,52
3080,92.40667600000275,92.43667600000275,1737,0,0,0,0,128.18533300014678,True,9,50.0,8,0,0,0,0,0,0,33
3081,92.43667600000275,92.46667600000275,1731,0,0,0,0,127.02050000007148,True,9,50.0,8,0,0,0,0,0,0,42
3082,92.46667600000275,92.49667600000275,1627,0,0,0,0,129.17791600193596,True,9,50.0,8,0,0,0,0,0,0,29
3083,92.49667600000275,92.52667600000275,1695,0,0,0,0,128.96108299901243,True,9,50.0,8,1,0,1,9,0,9,32
3084,92.52667600000275,92.55667600000275,1684,0,0,0,0,125.27391699768486,True,9,50.0,8,0,0,0,0,0,0,47
3085,92.55667600000275,92.58667600000275,1662,0,0,0,0,126.34350000007544,True,9,50.0,8,0,0,0,0,0,0,44
3086,92.58667600000275,92.61667600000276,1810,0,0,0,0,126.136167000368,True,9,50.0,8,2,2,0,4,4,0,109
3087,92.61667600000276,92.64667600000276,1849,0,0,0,0,126.05416599762975,True,9,50.0,8,1,1,0,1,1,0,128
3088,92.64667600000276,92.67667600000276,1920,0,0,0,0,130.23045799855026,True,9,50.0,8,2,2,0,3,3,0,144
3089,92.67667600000276,92.70667600000276,1833,0,0,0,0,130.6273330010299,True,9,50.0,8,0,0,0,0,0,0,167
3090,92.70667600000276,92.73667600000276,1894,1,0,0,0,128.09754200134194,True,9,50.0,8,3,3,0,7,7,0,143
3091,92.73667600000276,92.76667600000276,1900,0,0,0,0,128.61579199670814,True,9,50.0,8,2,2,0,2,2,0,136
3092,92.76667600000276,92.79667600000276,1725,0,0,0,0,127.6806249989022,True,9,50.0,8,0,0,0,0,0,0,72
3093,92.79667600000276,92.82667600000276,1681,0,0,0,0,127.21137500193436,True,9,50.0,8,0,0,0,0,0,0,38
3094,92.82667600000276,92.85667600000276,1646,0,0,0,0,125.62791699747322,True,9,50.0,8,0,0,0,0,0,0,43
3095,92.85667600000276,92.88667600000277,1738,0,0,0,0,126.48724999962724,True,9,50.0,8,0,0,0,0,0,0,36
3096,92.88667600000277,92.91667600000277,1746,0,0,0,0,128.8492909989145,True,9,50.0,8,0,0,0,0,0,0,99
3097,92.91667600000277,92.94667600000277,1770,0,0,0,0,126.2765829997079,True,9,50.0,8,0,0,0,0,0,0,60
3098,92.94667600000277,92.97667600000277,1634,0,0,0,0,126.05912499930128,True,9,50.0,8,0,0,0,0,0,0,67
3099,92.97667600000277,93.00667600000277,1597,0,0,0,0,127.59287500011851,True,9,50.0,8,2,1,1,10,1,9,64
3100,93.00667600000277,93.03667600000277,1586,0,0,0,0,125.77487499947893,True,9,50.0,8,1,1,0,1,1,0,55
3101,93.03667600000277,93.06667600000277,1685,0,0,0,0,125.37683399932575,True,9,50.0,8,1,1,0,1,1,0,71
3102,93.06667600000277,93.09667600000277,1636,1,0,0,0,125.01912500010803,True,9,50.0,8,1,1,0,4,4,0,73
3103,93.09667600000277,93.12667600000277,1605,0,0,0,0,127.37445899983868,True,9,50.0,8,1,0,1,9,0,9,50
3104,93.12667600000277,93.15667600000278,1718,0,0,0,0,129.0848749995348,True,9,50.0,8,2,1,1,11,2,9,60
3105,93.15667600000278,93.18667600000278,1754,0,0,0,0,128.6614169985114,True,9,50.0,8,2,0,2,18,0,18,57
3106,93.18667600000278,93.21667600000278,1694,0,0,0,0,127.02600000193343,True,9,50.0,8,1,0,1,9,0,9,53
3107,93.21667600000278,93.24667600000278,1725,0,0,0,0,126.36337499861838,True,9,50.0,8,0,0,0,0,0,0,57
3108,93.24667600000278,93.27667600000278,1772,0,0,0,0,126.19016700045904,True,9,50.0,8,1,1,0,2,2,0,45
3109,93.27667600000278,93.30667600000278,1718,0,0,0,0,127.11862500145799,True,9,50.0,8,1,1,0,2,2,0,47
3110,93.30667600000278,93.33667600000278,1678,0,0,0,0,126.44825000097626,True,9,50.0,8,0,0,0,0,0,0,46
3111,93.33667600000278,93.36667600000278,1660,0,0,0,0,126.39299999864306,True,9,50.0,8,0,0,0,0,0,0,46
3112,93.36667600000278,93.39667600000278,1633,0,0,0,0,125.65833299959195,True,9,50.0,8,0,0,0,0,0,0,50
3113,93.39667600000278,93.42667600000279,1761,0,0,0,0,126.35562499781372,True,9,50.0,8,1,1,0,1,1,0,33
3114,93.42667600000279,93.45667600000279,1705,0,0,0,0,126.07495799966273,True,9,50.0,8,0,0,0,0,0,0,64
3115,93.45667600000279,93.48667600000279,1758,0,0,0,0,127.68291600150405,True,9,50.0,8,1,0,1,9,0,9,75
3116,93.48667600000279,93.51667600000279,1639,0,0,0,0,128.21612500192714,True,9,50.0,8,1,0,1,9,0,9,75
3117,93.51667600000279,93.54667600000279,1666,0,0,0,0,128.15583300107392,True,9,50.0,8,1,0,1,9,0,9,40
3118,93.54667600000279,93.57667600000279,1640,0,0,0,0,128.45600000218838,True,9,50.0,8,3,1,2,19,1,18,35
3119,93.57667600000279,93.60667600000279,1726,0,0,0,0,126.24783299906994,True,9,50.0,8,0,0,0,0,0,0,44
3120,93.60667600000279,93.6366760000028,1674,0,0,0,0,124.7994170007587,True,9,50.0,8,0,0,0,0,0,0,36
3121,93.6366760000028,93.6666760000028,1730,0,0,0,0,127.95320900113438,True,9,50.0,8,2,1,1,11,2,9,48
3122,93.6666760000028,93.6966760000028,1686,0,0,0,0,126.39679199855891,True,9,50.0,8,0,0,0,0,0,0,37
3123,93.6966760000028,93.7266760000028,1627,0,0,0,0,125.77508300091722,True,9,50.0,8,0,0,0,0,0,0,33
3124,93.7266760000028,93.7566760000028,1755,0,0,0,0,125.87579099999857,True,9,50.0,8,0,0,0,0,0,0,57
3125,93.7566760000028,93.7866760000028,1833,0,0,0,0,127.0676669992099,True,9,50.0,8,1,1,0,1,1,0,55
3126,93.7866760000028,93.8166760000028,1837,0,0,0,0,127.0412909980223,True,9,50.0,8,0,0,0,0,0,0,60
3127,93.8166760000028,93.8466760000028,1855,0,0,0,0,127.31458399866824,True,9,50.0,8,1,1,0,1,1,0,52
3128,93.8466760000028,93.8766760000028,1824,0,0,0,0,125.23666699780733,True,9,50.0,8,0,0,0,0,0,0,37
3129,93.8766760000028,93.9066760000028,1785,0,0,0,0,127.83725000190316,True,9,50.0,8,1,0,1,9,0,9,106
3130,93.9066760000028,93.9366760000028,1752,0,0,0,0,125.70837499879417,True,9,50.0,8,1,1,0,1,1,0,74
3131,93.9366760000028,93.9666760000028,1847,0,0,0,0,126.35075000071083,True,9,50.0,8,1,1,0,1,1,0,46
3132,93.9666760000028,93.99667600000281,1775,0,0,0,0,126.35779199990793,True,9,50.0,8,0,0,0,0,0,0,74
3133,93.99667600000281,94.02667600000281,1704,0,0,0,0,127.01216599816689,True,9,50.0,8,0,0,0,0,0,0,39
3134,94.02667600000281,94.05667600000281,1659,0,0,0,0,125.7120419977582,True,9,50.0,8,0,0,0,0,0,0,53
3135,94.05667600000281,94.08667600000281,1638,0,0,0,0,124.88458300140337,True,9,50.0,8,1,1,0,8,8,0,59
3136,94.08667600000281,94.11667600000281,1709,1,1,0,0,126.72699999893666,True,9,50.0,8,1,0,1,9,0,9,55
3137,94.11667600000281,94.14667600000281,1717,0,0,0,0,126.25479100097436,True,9,50.0,8,1,1,0,1,1,0,29
3138,94.14667600000281,94.17667600000281,1803,0,0,0,0,126.5462090013898,True,9,50.0,8,0,0,0,0,0,0,32
3139,94.17667600000281,94.20667600000282,1793,0,0,0,0,126.17287499961094,True,9,50.0,8,0,0,0,0,0,0,36
3140,94.20667600000282,94.23667600000282,1839,0,0,0,0,128.38504199680756,True,9,50.0,8,0,0,0,0,0,0,52
3141,94.23667600000282,94.26667600000282,1763,0,0,0,0,132.32579200121108,True,9,50.0,8,1,0,1,9,0,9,72
3142,94.26667600000282,94.29667600000282,1788,0,0,0,0,127.15341600051033,True,9,50.0,8,0,0,0,0,0,0,63
3143,94.29667600000282,94.32667600000282,1775,0,0,0,0,125.44887499825563,True,9,50.0,8,0,0,0,0,0,0,51
3144,94.32667600000282,94.35667600000282,1792,0,0,0,0,125.66608300039661,True,9,50.0,8,0,0,0,0,0,0,51
3145,94.35667600000282,94.38667600000282,1834,0,0,0,0,131.68833400050062,True,9,50.0,8,0,0,0,0,0,0,39
3146,94.38667600000282,94.41667600000282,1813,0,0,0,0,128.88370899963775,True,9,50.0,8,1,0,1,9,0,9,42
3147,94.41667600000282,94.44667600000282,1865,0,0,0,0,125.85774999752175,True,9,50.0,8,0,0,0,0,0,0,78
3148,94.44667600000282,94.47667600000283,1860,0,0,0,0,129.90183300280478,True,9,50.0,8,2,1,1,10,1,9,43
3149,94.47667600000283,94.50667600000283,1682,0,0,0,0,128.73362499885843,True,9,50.0,8,0,0,0,0,0,0,57
3150,94.50667600000283,94.53667600000283,1717,0,0,0,0,128.6075419993722,True,9,50.0,8,0,0,0,0,0,0,44
3151,94.53667600000283,94.56667600000283,1645,0,0,0,0,128.2862500011106,True,9,50.0,8,0,0,0,0,0,0,42
3152,94.56667600000283,94.59667600000283,1604,0,0,0,0,130.51912499940954,True,9,50.0,8,1,0,1,9,0,9,58
3153,94.59667600000283,94.62667600000283,1642,0,0,0,0,131.3089579998632,True,9,50.0,8,1,0,1,9,0,9,26
3154,94.62667600000283,94.65667600000283,1593,0,0,0,0,136.26454199766158,True,9,50.0,8,1,0,1,9,0,9,40
3155,94.65667600000283,94.68667600000283,1683,0,0,0,0,129.03970799743547,True,9,50.0,8,1,0,1,9,0,9,61
3156,94.68667600000283,94.71667600000283,1710,0,0,0,0,128.70549999934155,True,9,50.0,8,1,0,1,9,0,9,48
3157,94.71667600000283,94.74667600000284,1696,0,0,0,0,129.34354200115195,True,9,50.0,8,2,0,2,18,0,18,36
3158,94.74667600000284,94.77667600000284,1672,1,0,0,0,127.7988749970973,True,9,50.0,8,2,1,1,13,4,9,82
3159,94.77667600000284,94.80667600000284,1731,2,1,0,0,128.29704199975822,True,9,50.0,8,2,1,1,13,4,9,30
3160,94.80667600000284,94.83667600000284,1766,1,0,1,0,128.19170799775748,True,9,50.0,8,2,1,1,16,7,9,51
3161,94.83667600000284,94.86667600000284,1697,0,0,0,0,129.54441699912422,True,9,50.0,8,2,1,1,10,1,9,59
3162,94.86667600000284,94.89667600000284,1731,1,0,0,0,127.27979199917172,True,9,50.0,8,3,2,1,15,6,9,53
3163,94.89667600000284,94.92667600000284,1854,1,0,0,0,126.58512499911012,True,9,50.0,8,2,2,0,13,13,0,72
3164,94.92667600000284,94.95667600000284,1876,1,0,1,0,127.75533300009556,True,9,50.0,8,2,1,1,14,5,9,73
3165,94.95667600000284,94.98667600000284,1847,1,0,1,0,128.04975000108243,True,9,50.0,8,2,1,1,13,4,9,77
3166,94.98667600000284,95.01667600000285,1856,1,1,1,0,127.991084002133,True,9,50.0,8,1,0,1,12,0,12,67
3167,95.01667600000285,95.04667600000285,1980,1,0,1,0,129.91954199969769,True,9,50.0,8,2,1,1,17,8,9,71
3168,95.04667600000285,95.07667600000285,1867,1,0,1,0,128.8444170022558,True,9,50.0,8,2,1,1,15,6,9,90
3169,95.07667600000285,95.10667600000285,1848,1,1,1,0,129.06016699707834,True,9,50.0,8,3,2,1,14,4,10,72
3170,95.10667600000285,95.13667600000285,1906,1,0,1,0,126.70395900204312,True,9,50.0,8,3,3,0,11,11,0,55
3171,95.13667600000285,95.16667600000285,1978,1,1,1,1,129.03162500151666,True,9,50.0,8,1,0,1,22,0,22,59
3172,95.16667600000285,95.19667600000285,2007,1,1,1,1,128.9416670006176,True,9,50.0,8,3,1,2,22,3,19,91
3173,95.19667600000285,95.22667600000285,1941,1,0,1,0,126.98549999913666,True,9,50.0,8,2,2,0,6,6,0,68
3174,95.22667600000285,95.25667600000286,1903,0,0,0,0,127.20925000030547,True,9,50.0,8,3,2,1,12,3,9,93
3175,95.25667600000286,95.28667600000286,2008,1,1,1,0,127.96170799992979,True,9,50.0,8,2,1,1,13,4,9,90
3176,95.28667600000286,95.31667600000286,1977,1,0,1,0,125.67120799940312,True,9,50.0,8,5,5,0,18,18,0,87
3177,95.31667600000286,95.34667600000286,1937,0,0,0,0,128.19533400033833,True,9,50.0,8,2,1,1,10,1,9,89
3178,95.34667600000286,95.37667600000286,1917,1,0,1,0,131.15662500058534,True,9,50.0,8,3,1,2,26,8,18,68
3179,95.37667600000286,95.40667600000286,1912,1,0,1,0,130.50633400052902,True,9,50.0,8,3,2,1,14,5,9,90
3180,95.40667600000286,95.43667600000286,1891,0,0,0,0,131.1185420017864,True,9,50.0,8,3,2,1,11,2,9,68
3181,95.43667600000286,95.46667600000286,1935,0,0,0,0,128.19541700082482,True,9,50.0,8,0,0,0,0,0,0,95
3182,95.46667600000286,95.49667600000286,1845,0,0,0,0,127.03987499844516,True,9,50.0,8,1,1,0,5,5,0,81
3183,95.49667600000286,95.52667600000287,1866,0,0,0,0,128.30891699923086,True,9,50.0,8,2,1,1,12,3,9,47
3184,95.52667600000287,95.55667600000287,1773,1,1,0,0,127.92854199869907,True,9,50.0,8,2,0,2,20,0,20,48
3185,95.55667600000287,95.58667600000287,1779,1,0,0,0,128.24033400102053,True,9,50.0,8,3,3,0,11,11,0,84
3186,95.58667600000287,95.61667600000287,1813,1,0,1,0,127.08487499912735,True,9,50.0,8,2,2,0,8,8,0,71
3187,95.61667600000287,95.64667600000287,1714,1,1,0,0,128.64362500113202,True,9,50.0,8,4,3,1,12,3,9,66
3188,95.64667600000287,95.67667600000287,1745,1,0,0,0,127.61195799976122,True,9,50.0,8,5,5,0,12,12,0,107
3189,95.67667600000287,95.70667600000287,1809,1,1,0,0,129.79587500012713,True,9,50.0,8,5,3,2,39,4,35,92
3190,95.70667600000287,95.73667600000287,1864,2,2,1,1,128.50808399889502,True,9,50.0,8,4,2,2,42,7,35,93
3191,95.73667600000287,95.76667600000287,1959,1,1,1,1,127.83120799940662,True,9,50.0,8,2,0,2,54,0,54,106
3192,95.76667600000287,95.79667600000288,1942,1,1,1,1,129.9900419980986,True,9,50.0,8,3,0,3,46,0,46,80
3193,95.79667600000288,95.82667600000288,1808,1,0,1,0,128.4002500033239,True,9,50.0,8,3,2,1,20,11,9,63
3194,95.82667600000288,95.85667600000288,1813,2,1,1,0,128.2876250006666,True,9,50.0,8,8,5,3,40,13,27,127
3195,95.85667600000288,95.88667600000288,1768,1,1,1,1,127.20412500129896,True,9,50.0,8,3,2,1,17,6,11,66
3196,95.88667600000288,95.91667600000288,1761,1,0,1,0,125.89975000082632,True,9,50.0,8,5,5,0,29,29,0,70
3197,95.91667600000288,95.94667600000288,1829,1,0,1,0,125.56891699932748,True,9,50.0,8,3,3,0,16,16,0,92
3198,95.94667600000288,95.97667600000288,1834,1,1,1,0,128.8133750022098,True,9,50.0,8,3,2,1,18,8,10,80
3199,95.97667600000288,96.00667600000288,1865,1,0,1,0,124.69654099913896,True,9,50.0,8,2,2,0,10,10,0,121
3200,96.00667600000288,96.03667600000288,1957,1,0,0,0,128.23170800038497,True,9,50.0,8,3,2,1,19,10,9,97
3201,96.03667600000288,96.06667600000289,1988,0,0,0,0,127.65774999934365,True,9,50.0,8,3,2,1,14,5,9,84
3202,96.06667600000289,96.09667600000289,2054,0,0,0,0,124.58200000037323,True,9,50.0,8,2,2,0,5,5,0,110
3203,96.09667600000289,96.12667600000289,2036,0,0,0,0,125.94275000083144,True,9,50.0,8,1,1,0,1,1,0,98
3204,96.12667600000289,96.15667600000289,2096,0,0,0,0,125.5380000002333,True,9,50.0,8,2,2,0,3,3,0,89
3205,96.15667600000289,96.18667600000289,2011,0,0,0,0,127.1331249990908,True,9,50.0,8,1,1,0,4,4,0,56
3206,96.18667600000289,96.21667600000289,2128,0,0,0,0,126.39341699832585,True,9,50.0,8,3,3,0,4,4,0,44
3207,96.21667600000289,96.24667600000289,2058,0,0,0,0,132.41225000092527,True,9,50.0,8,4,3,1,13,4,9,81
3208,96.24667600000289,96.2766760000029,2083,0,0,0,0,128.89316600194434,True,9,50.0,8,2,1,1,14,5,9,80
3209,96.2766760000029,96.3066760000029,2050,0,0,0,0,125.47025000094436,True,9,50.0,8,0,0,0,0,0,0,75
3210,96.3066760000029,96.3366760000029,2090,0,0,0,0,128.65954199878615,True,9,50.0,8,1,0,1,9,0,9,149
3211,96.3366760000029,96.3666760000029,2122,1,1,0,0,132.1191249990079,True,9,50.0,8,2,1,1,10,1,9,51
3212,96.3666760000029,96.3966760000029,2140,0,0,0,0,126.36729099904187,True,9,50.0,8,0,0,0,0,0,0,68
3213,96.3966760000029,96.4266760000029,1987,0,0,0,0,126.40558299972326,True,9,50.0,8,0,0,0,0,0,0,41
3214,96.4266760000029,96.4566760000029,2081,0,0,0,0,126.87233299948275,True,9,50.0,8,2,1,1,10,1,9,43
3215,96.4566760000029,96.4866760000029,2057,1,1,0,0,128.35733300016727,True,9,50.0,8,2,1,1,11,2,9,28
3216,96.4866760000029,96.5166760000029,2134,0,0,0,0,124.44124999819905,True,9,50.0,8,2,2,0,2,2,0,83
3217,96.5166760000029,96.5466760000029,2114,0,0,0,0,127.84854200072004,True,9,50.0,8,1,1,0,3,3,0,67
3218,96.5466760000029,96.5766760000029,2015,0,0,0,0,126.01258399809012,True,9,50.0,8,0,0,0,0,0,0,86
3219,96.5766760000029,96.6066760000029,2125,1,0,0,0,129.50520899903495,True,9,50.0,8,2,1,1,14,5,9,63
3220,96.6066760000029,96.63667600000291,2230,1,1,0,0,134.97670800279593,True,9,50.0,8,1,0,1,13,0,13,83
3221,96.63667600000291,96.66667600000291,2176,1,0,0,0,129.70395799857215,True,9,50.0,8,5,5,0,16,16,0,90
3222,96.66667600000291,96.69667600000291,2288,2,2,0,0,128.9918750007928,True,9,50.0,8,6,3,3,51,6,45,96
3223,96.69667600000291,96.72667600000291,2395,2,2,1,1,129.91508299819543,True,9,50.0,8,6,3,3,57,9,48,143
3224,96.72667600000291,96.75667600000291,2325,2,2,2,0,128.67070799984504,True,9,50.0,8,6,2,4,61,10,51,135
3225,96.75667600000291,96.78667600000291,2245,1,1,1,0,130.12466600048356,True,9,50.0,8,3,2,1,29,3,26,115
3226,96.78667600000291,96.81667600000291,2318,2,2,2,1,132.0141659998626,True,9,50.0,8,8,5,3,65,13,52,104
3227,96.81667600000291,96.84667600000292,2264,1,0,1,0,128.69708300058846,True,9,50.0,8,3,3,0,7,7,0,104
3228,96.84667600000292,96.87667600000292,2304,2,0,2,0,129.72966700181132,True,9,50.0,8,4,3,1,21,10,11,137
3229,96.87667600000292,96.90667600000292,2309,1,1,1,1,130.8352090018161,True,9,50.0,8,3,2,1,40,7,33,106
3230,96.90667600000292,96.93667600000292,2407,1,1,1,1,130.98204199923202,True,9,50.0,8,5,4,1,40,11,29,123
3231,96.93667600000292,96.96667600000292,2393,0,0,0,0,128.0765830015298,True,9,50.0,8,6,5,1,16,7,9,82
3232,96.96667600000292,96.99667600000292,2325,0,0,0,0,126.98529100089218,True,9,50.0,8,5,5,0,8,8,0,77
3233,96.99667600000292,97.02667600000292,2521,2,0,1,0,126.37129100039601,True,9,50.0,8,4,4,0,10,10,0,112
3234,97.02667600000292,97.05667600000292,2497,2,0,0,0,125.60591700093937,True,9,50.0,8,5,5,0,17,17,0,103
3235,97.05667600000292,97.08667600000292,2677,1,1,1,0,132.1995420003077,True,9,50.0,8,7,6,1,35,24,11,128
3236,97.08667600000292,97.11667600000293,2757,1,1,1,0,129.7902089972922,True,9,50.0,8,2,1,1,45,1,44,133
3237,97.11667600000293,97.14667600000293,2580,1,1,1,1,130.78762499935692,True,9,50.0,8,5,4,1,22,7,15,138
3238,97.14667600000293,97.17667600000293,2687,1,0,1,0,127.77149999965332,True,9,50.0,8,7,7,0,24,24,0,154
3239,97.17667600000293,97.20667600000293,2697,1,1,1,0,127.46608299858053,True,9,50.0,8,10,7,3,52,10,42,174
3240,97.20667600000293,97.23667600000293,2720,2,2,1,1,129.4744169972546,True,9,50.0,8,8,5,3,48,9,39,156
3241,97.23667600000293,97.26667600000293,2729,1,1,1,1,132.255291002366,True,9,50.0,8,4,3,1,40,4,36,161
3242,97.26667600000293,97.29667600000293,2787,1,1,1,1,129.9834169985843,True,9,50.0,8,3,2,1,34,3,31,171
3243,97.29667600000293,97.32667600000293,2813,1,1,1,1,128.25012499888544,True,9,50.0,8,5,2,3,34,2,32,167
3244,97.32667600000293,97.35667600000293,2694,1,0,1,0,127.57883400263381,True,9,50.0,8,5,4,1,22,13,9,153
3245,97.35667600000293,97.38667600000294,2723,1,1,1,1,128.6969169996155,True,9,50.0,8,4,3,1,23,6,17,160
3246,97.38667600000294,97.41667600000294,2800,2,1,1,1,130.29841700335965,True,9,50.0,8,6,5,1,25,11,14,173
3247,97.41667600000294,97.44667600000294,2777,1,1,1,1,129.89024999842513,True,9,50.0,8,2,1,1,33,3,30,133
3248,97.44667600000294,97.47667600000294,2957,2,1,1,1,129.37999999849126,True,9,50.0,8,6,4,2,31,11,20,200
3249,97.47667600000294,97.50667600000294,2894,1,1,1,1,129.22149999940302,True,9,50.0,8,4,3,1,34,5,29,216
3250,97.50667600000294,97.53667600000294,2522,1,0,1,0,127.16374999945401,True,9,50.0,8,4,4,0,16,16,0,148
3251,97.53667600000294,97.56667600000294,2653,1,1,1,1,129.2555829968478,True,9,50.0,8,2,1,1,26,1,25,117
3252,97.56667600000294,97.59667600000294,2619,1,1,1,1,128.16587499764864,True,9,50.0,8,3,1,2,28,1,27,110
3253,97.59667600000294,97.62667600000294,2512,1,1,1,1,129.06816699978663,True,9,50.0,8,5,4,1,21,6,15,187
3254,97.62667600000294,97.65667600000295,2444,2,1,1,1,128.58441600110382,True,9,50.0,8,6,3,3,53,8,45,126
3255,97.65667600000295,97.68667600000295,2433,1,1,1,1,128.22120800046832,True,9,50.0,8,2,1,1,15,6,9,176
3256,97.68667600000295,97.71667600000295,2424,2,2,1,1,128.98425000093994,True,9,50.0,8,3,1,2,26,2,24,145
3257,97.71667600000295,97.74667600000295,2323,1,1,1,1,133.0127920009545,True,9,50.0,8,1,0,1,14,0,14,91
3258,97.74667600000295,97.77667600000295,2148,1,0,1,0,126.48133299808251,True,9,50.0,8,1,1,0,8,8,0,113
3259,97.77667600000295,97.80667600000295,2157,1,0,1,0,125.67024999952991,True,9,50.0,8,1,1,0,4,4,0,104
3260,97.80667600000295,97.83667600000295,2223,1,0,1,0,126.63883300047019,True,9,50.0,8,3,3,0,6,6,0,64
3261,97.83667600000295,97.86667600000295,2142,1,0,1,0,126.93645899707917,True,9,50.0,8,3,3,0,8,8,0,90
3262,97.86667600000295,97.89667600000296,2377,1,1,1,0,128.93929200072307,True,9,50.0,8,2,1,1,23,1,22,71
3263,97.89667600000296,97.92667600000296,2425,1,1,1,0,128.35908299894072,True,9,50.0,8,2,1,1,21,1,20,103
3264,97.92667600000296,97.95667600000296,2376,1,1,1,1,128.02229199951398,True,9,50.0,8,2,1,1,18,2,16,104
3265,97.95667600000296,97.98667600000296,2421,1,1,1,1,130.02608399983728,True,9,50.0,8,3,1,2,20,1,19,135
3266,97.98667600000296,98.01667600000296,2337,1,1,1,1,129.61812499997905,True,9,50.0,8,7,5,2,32,11,21,155
3267,98.01667600000296,98.04667600000296,2392,1,1,1,1,127.70045900106197,True,9,50.0,8,4,2,2,27,3,24,92
3268,98.04667600000296,98.07667600000296,2383,0,0,0,0,125.48958399929688,True,9,50.0,8,4,4,0,5,5,0,95
3269,98.07667600000296,98.10667600000296,2295,1,0,1,0,129.84183399748872,True,9,50.0,8,2,2,0,6,6,0,119
3270,98.10667600000296,98.13667600000296,2390,1,1,1,0,132.0520840017707,True,9,50.0,8,4,3,1,18,8,10,88
3271,98.13667600000296,98.16667600000297,2342,0,0,0,0,128.8410000015574,True,9,50.0,8,2,2,0,3,3,0,141
3272,98.16667600000297,98.19667600000297,2370,0,0,0,0,127.94845899770735,True,9,50.0,8,3,3,0,4,4,0,137
3273,98.19667600000297,98.22667600000297,2306,0,0,0,0,127.14937499913503,True,9,50.0,8,7,5,2,24,6,18,115
3274,98.22667600000297,98.25667600000297,2241,0,0,0,0,129.53341600223212,True,9,50.0,8,2,1,1,11,2,9,101
3275,98.25667600000297,98.28667600000297,2260,0,0,0,0,127.51945800118847,True,9,50.0,8,4,3,1,14,5,9,97
3276,98.28667600000297,98.31667600000297,2304,0,0,0,0,127.43041700014146,True,9,50.0,8,3,2,1,11,2,9,120
3277,98.31667600000297,98.34667600000297,2205,0,0,0,0,126.91695800094749,True,9,50.0,8,1,0,1,9,0,9,104
3278,98.34667600000297,98.37667600000297,2191,0,0,0,0,126.10670800131629,True,9,50.0,8,1,1,0,1,1,0,68
3279,98.37667600000297,98.40667600000297,2097,0,0,0,0,160.92395799933,True,9,50.0,8,1,0,1,9,0,9,59
3280,98.40667600000297,98.43667600000298,2126,1,1,0,0,128.0962089986133,True,9,50.0,8,1,0,1,9,0,9,63
3281,98.43667600000298,98.46667600000298,2146,0,0,0,0,125.67937499989057,True,9,50.0,8,1,1,0,1,1,0,74
3282,98.46667600000298,98.49667600000298,2138,0,0,0,0,127.2722089997842,True,9,50.0,8,2,2,0,2,2,0,73
3283,98.49667600000298,98.52667600000298,2300,0,0,0,0,125.86758299948997,True,9,50.0,8,0,0,0,0,0,0,98
3284,98.52667600000298,98.55667600000298,2847,0,0,0,0,130.3703330013377,True,9,50.0,8,8,7,1,19,10,9,505
3285,98.55667600000298,98.58667600000298,2852,2,0,0,0,143.51695900040795,True,9,50.0,8,8,6,2,39,21,18,503
3286,98.58667600000298,98.61667600000298,2870,2,0,0,0,127.0602910008165,True,9,50.0,8,8,8,0,19,19,0,528
3287,98.61667600000298,98.64667600000298,2872,1,1,1,0,126.56216699906508,True,9,50.0,8,11,9,2,32,13,19,485
3288,98.64667600000298,98.67667600000298,2283,1,0,1,0,125.5922919990553,True,9,50.0,8,1,1,0,6,6,0,107
3289,98.67667600000298,98.70667600000299,2227,0,0,0,0,126.85899999996764,True,9,50.0,8,0,0,0,0,0,0,84
3290,98.70667600000299,98.73667600000299,2160,0,0,0,0,129.06179199853796,True,9,50.0,8,1,1,0,2,2,0,72
3291,98.73667600000299,98.76667600000299,2239,1,0,0,0,130.445916998724,True,9,50.0,8,2,1,1,13,4,9,90
3292,98.76667600000299,98.79667600000299,2270,0,0,0,0,128.19554199813865,True,9,50.0,8,2,1,1,11,2,9,99
3293,98.79667600000299,98.82667600000299,2335,0,0,0,0,128.58762500036391,True,9,50.0,8,1,0,1,9,0,9,120
3294,98.82667600000299,98.85667600000299,2328,1,1,0,0,129.59174999923562,True,9,50.0,8,4,1,3,37,1,36,77
3295,98.85667600000299,98.88667600000299,2293,1,1,0,0,128.31945799916866,True,9,50.0,8,7,3,4,41,5,36,91
3296,98.88667600000299,98.916676000003,2221,1,1,0,0,128.23391699930653,True,9,50.0,8,1,0,1,15,0,15,49
3297,98.916676000003,98.946676000003,2148,0,0,0,0,127.66949999786448,True,9,50.0,8,2,2,0,2,2,0,96
3298,98.946676000003,98.976676000003,2135,1,0,1,0,128.28312500278116,True,9,50.0,8,3,1,2,25,7,18,69
3299,98.976676000003,99.006676000003,2100,1,1,1,0,128.35925000035786,True,9,50.0,8,2,0,2,23,0,23,75
3300,99.006676000003,99.036676000003,2061,1,0,1,0,127.5241660005122,True,9,50.0,8,3,2,1,15,6,9,54
3301,99.036676000003,99.066676000003,2061,1,1,1,1,129.0211250016,True,9,50.0,8,1,0,1,9,0,9,72
3302,99.066676000003,99.096676000003,2063,1,0,1,0,127.33687500076485,True,9,50.0,8,2,1,1,14,5,9,58
3303,99.096676000003,99.126676000003,2045,1,0,1,0,125.0602500003879,True,9,50.0,8,1,1,0,7,7,0,106
3304,99.126676000003,99.156676000003,2180,1,0,1,0,127.542459002143,True,9,50.0,8,2,1,1,14,5,9,82
3305,99.156676000003,99.186676000003,2157,1,1,1,0,127.76687500081607,True,9,50.0,8,2,0,2,26,0,26,68
3306,99.186676000003,99.216676000003,2172,1,1,1,0,128.7451250027516,True,9,50.0,8,1,0,1,10,0,10,60
3307,99.216676000003,99.246676000003,2133,1,0,1,0,126.70449999859557,True,9,50.0,8,1,1,0,6,6,0,76
3308,99.246676000003,99.27667600000301,2260,1,1,1,1,129.9757499982661,True,9,50.0,8,1,0,1,10,0,10,104
3309,99.27667600000301,99.30667600000301,2192,1,0,1,0,125.61662499865633,True,9,50.0,8,2,2,0,7,7,0,115
3310,99.30667600000301,99.33667600000301,2215,1,0,1,0,126.08850000106031,True,9,50.0,8,3,3,0,7,7,0,112
3311,99.33667600000301,99.36667600000301,2218,2,0,1,0,136.02541699947324,True,9,50.0,8,3,3,0,12,12,0,77
3312,99.36667600000301,99.39667600000301,2151,1,0,1,0,130.1362079975661,True,9,50.0,8,3,2,1,21,12,9,111
3313,99.39667600000301,99.42667600000301,2199,1,1,1,0,128.82633300250745,True,9,50.0,8,3,1,2,22,2,20,48
3314,99.42667600000301,99.45667600000301,2190,0,0,0,0,128.65795800098567,True,9,50.0,8,2,1,1,11,2,9,72
3315,99.45667600000301,99.48667600000302,2093,1,0,1,0,127.09220800024923,True,9,50.0,8,1,1,0,3,3,0,66
3316,99.48667600000302,99.51667600000302,2085,1,0,1,0,126.01195900060702,True,9,50.0,8,1,1,0,5,5,0,88
3317,99.51667600000302,99.54667600000302,2118,1,1,1,0,128.46266699853004,True,9,50.0,8,2,0,2,21,0,21,59
3318,99.54667600000302,99.57667600000302,1907,1,0,1,0,129.59458400291624,True,9,50.0,8,6,3,3,35,8,27,59
3319,99.57667600000302,99.60667600000302,1949,1,1,1,0,127.65637499978766,True,9,50.0,8,2,0,2,25,0,25,38
3320,99.60667600000302,99.63667600000302,1889,1,1,1,1,126.62695800099755,True,9,50.0,8,2,1,1,10,1,9,66
3321,99.63667600000302,99.66667600000302,1925,0,0,0,0,124.39875000200118,True,9,50.0,8,1,1,0,2,2,0,42
3322,99.66667600000302,99.69667600000302,1873,0,0,0,0,126.7286670008616,True,9,50.0,8,2,1,1,10,1,9,40
3323,99.69667600000302,99.72667600000302,1960,0,0,0,0,125.77412500104401,True,9,50.0,8,0,0,0,0,0,0,69
3324,99.72667600000302,99.75667600000303,1843,0,0,0,0,125.28779199783457,True,9,50.0,8,0,0,0,0,0,0,41
3325,99.75667600000303,99.78667600000303,1921,0,0,0,0,125.28479100001277,True,9,50.0,8,2,2,0,3,3,0,72
3326,99.78667600000303,99.81667600000303,1850,0,0,0,0,127.78370799787808,True,9,50.0,8,2,1,1,10,1,9,27
3327,99.81667600000303,99.84667600000303,1870,0,0,0,0,128.60587500108522,True,9,50.0,8,1,0,1,9,0,9,64
3328,99.84667600000303,99.87667600000303,2086,0,0,0,0,126.24862499797018,True,9,50.0,8,2,2,0,4,4,0,77
3329,99.87667600000303,99.90667600000303,1975,0,0,0,0,126.67783300275914,True,9,50.0,8,1,0,1,9,0,9,93
3330,99.90667600000303,99.93667600000303,2170,0,0,0,0,126.93220900109736,True,9,50.0,8,2,2,0,4,4,0,80
3331,99.93667600000303,99.96667600000303,2051,0,0,0,0,125.13275000310387,True,9,50.0,8,1,1,0,1,1,0,69
3332,99.96667600000303,99.99667600000303,2013,1,0,0,0,125.30254199737101,True,9,50.0,8,1,1,0,3,3,0,73
3333,99.99667600000303,100.02667600000304,2005,0,0,0,0,125.85158400179353,True,9,50.0,8,1,1,0,2,2,0,78
3334,100.02667600000304,100.05667600000304,2055,1,0,0,0,128.55274999674293,True,9,50.0,8,3,1,2,24,6,18,80
3335,100.05667600000304,100.08667600000304,1834,0,0,0,0,126.03770900022937,True,9,50.0,8,1,1,0,2,2,0,70
3336,100.08667600000304,100.11667600000304,2035,1,1,1,0,128.0298749989015,True,9,50.0,8,3,1,2,28,6,22,67
3337,100.11667600000304,100.14667600000304,2021,1,1,1,0,129.87924999833922,True,9,50.0,8,3,0,3,31,0,31,85
3338,100.14667600000304,100.17667600000304,2092,1,1,1,1,129.64499999725376,True,9,50.0,8,7,4,3,36,7,29,116
3339,100.17667600000304,100.20667600000304,2125,2,1,1,1,129.54720800189534,True,9,50.0,8,5,3,2,39,8,31,128
3340,100.20667600000304,100.23667600000304,2092,2,1,1,1,129.4959580009163,True,9,50.0,8,6,4,2,40,12,28,144
3341,100.23667600000304,100.26667600000305,2047,1,1,1,1,127.48750000173459,True,9,50.0,8,5,4,1,25,12,13,105
3342,100.26667600000305,100.29667600000305,2202,2,1,1,1,128.58125000275322,True,9,50.0,8,6,5,1,41,20,21,181
3343,100.29667600000305,100.32667600000305,2058,1,1,1,1,130.9892499994021,True,9,50.0,8,1,0,1,20,0,20,64
3344,100.32667600000305,100.35667600000305,2169,2,2,1,1,129.0151249995688,True,9,50.0,8,3,1,2,31,5,26,103
3345,100.35667600000305,100.38667600000305,2304,2,1,1,1,128.84170899997116,True,9,50.0,8,3,2,1,35,10,25,183
3346,100.38667600000305,100.41667600000305,2322,1,1,1,1,128.28404199899524,True,9,50.0,8,2,1,1,27,2,25,139
3347,100.41667600000305,100.44667600000305,2310,1,1,1,1,128.82262499988428,True,9,50.0,8,1,0,1,24,0,24,79
3348,100.44667600000305,100.47667600000305,2353,1,1,1,1,128.1002499999886,True,9,50.0,8,2,1,1,26,1,25,66
3349,100.47667600000305,100.50667600000305,2556,1,1,1,1,127.18870800017612,True,9,50.0,8,1,0,1,23,0,23,150
3350,100.50667600000305,100.53667600000306,2585,1,1,1,1,126.39574999775505,True,9,50.0,8,2,0,2,30,0,30,131
3351,100.53667600000306,100.56667600000306,2691,1,1,1,1,129.47395799710648,True,9,50.0,8,1,0,1,34,0,34,152
3352,100.56667600000306,100.59667600000306,2524,1,1,1,1,128.74791699869093,True,9,50.0,8,2,1,1,37,3,34,135
3353,100.59667600000306,100.62667600000306,2544,1,1,1,1,129.0623749991937,True,9,50.0,8,1,0,1,22,0,22,132
3354,100.62667600000306,100.65667600000306,2556,1,1,1,1,128.09920799918473,True,9,50.0,8,1,0,1,22,0,22,129
3355,100.65667600000306,100.68667600000306,2396,1,1,1,1,128.09391699920525,True,9,50.0,8,1,0,1,17,0,17,101
3356,100.68667600000306,100.71667600000306,2327,0,0,0,0,125.77674999920418,True,9,50.0,8,3,3,0,5,5,0,57
3357,100.71667600000306,100.74667600000306,2394,1,1,1,1,128.65258300007554,True,9,50.0,8,2,1,1,15,1,14,106
3358,100.74667600000306,100.77667600000306,2302,1,1,1,1,129.28733300213935,True,9,50.0,8,2,1,1,10,1,9,83
3359,100.77667600000306,100.80667600000307,2245,1,1,1,1,131.09112500023912,True,9,50.0,8,1,0,1,9,0,9,68
3360,100.80667600000307,100.83667600000307,2105,0,0,0,0,126.08225000076345,True,9,50.0,8,1,1,0,2,2,0,99
3361,100.83667600000307,100.86667600000307,2233,1,1,1,1,128.0136669993226,True,9,50.0,8,2,1,1,12,1,11,104
3362,100.86667600000307,100.89667600000307,2130,1,1,1,1,128.23912499879953,True,9,50.0,8,2,1,1,14,2,12,97
3363,100.89667600000307,100.92667600000307,2222,1,0,1,0,127.68754200078547,True,9,50.0,8,3,3,0,10,10,0,91
3364,100.92667600000307,100.95667600000307,2266,1,1,1,1,129.62379099917598,True,9,50.0,8,1,0,1,16,0,16,94
3365,100.95667600000307,100.98667600000307,2114,1,0,1,0,127.70549999913783,True,9,50.0,8,3,2,1,18,9,9,71
3366,100.98667600000307,101.01667600000307,2248,1,1,1,1,127.7284999996482,True,9,50.0,8,1,0,1,19,0,19,82
3367,101.01667600000307,101.04667600000307,2251,1,0,1,0,125.16025000149966,True,9,50.0,8,1,1,0,5,5,0,79
3368,101.04667600000307,101.07667600000308,2335,1,1,1,1,131.03729199792724,True,9,50.0,8,2,1,1,23,1,22,80
3369,101.07667600000308,101.10667600000308,2421,1,1,1,1,129.48820800011163,True,9,50.0,8,1,0,1,11,0,11,94
3370,101.10667600000308,101.13667600000308,2421,1,1,1,1,127.95562499741209,True,9,50.0,8,3,2,1,22,10,12,111
3371,101.13667600000308,101.16667600000308,2322,1,1,1,1,127.95783399997163,True,9,50.0,8,1,0,1,13,0,13,121
3372,101.16667600000308,101.19667600000308,2316,1,1,1,1,128.32216599781532,True,9,50.0,8,1,0,1,15,0,15,74
3373,101.19667600000308,101.22667600000308,2230,1,0,1,0,126.9192079998902,True,9,50.0,8,3,3,0,14,14,0,84
3374,101.22667600000308,101.25667600000308,2329,1,1,1,1,128.4340419988439,True,9,50.0,8,1,0,1,17,0,17,102
3375,101.25667600000308,101.28667600000308,2146,1,1,1,1,128.42233300034422,True,9,50.0,8,1,0,1,12,0,12,100
3376,101.28667600000308,101.31667600000308,2087,1,1,1,1,128.71741600247333,True,9,50.0,8,3,1,2,27,2,25,64
3377,101.31667600000308,101.34667600000309,2073,1,0,1,0,126.53816699821618,True,9,50.0,8,2,2,0,7,7,0,64
3378,101.34667600000309,101.37667600000309,1964,1,0,1,0,127.2987500015006,True,9,50.0,8,2,1,1,15,6,9,62
3379,101.37667600000309,101.40667600000309,2061,0,0,0,0,128.74216699856333,True,9,50.0,8,4,2,2,21,3,18,56
3380,101.40667600000309,101.43667600000309,2007,0,0,0,0,126.20691700067255,True,9,50.0,8,3,1,2,20,2,18,94
3381,101.43667600000309,101.46667600000309,1988,0,0,0,0,127.09312500010128,True,9,50.0,8,0,0,0,0,0,0,65
3382,101.46667600000309,101.49667600000309,2105,1,0,0,0,126.70829200214939,True,9,50.0,8,1,1,0,7,7,0,67
3383,101.49667600000309,101.52667600000309,2078,1,0,0,0,126.02879199766903,True,9,50.0,8,1,1,0,5,5,0,82
3384,101.52667600000309,101.5566760000031,2041,1,0,1,0,126.29187499987893,True,9,50.0,8,4,2,2,23,5,18,84
3385,101.5566760000031,101.5866760000031,1976,1,1,0,0,129.35208300041268,True,9,50.0,8,3,2,1,12,3,9,70
3386,101.5866760000031,101.6166760000031,1921,0,0,0,0,125.54749999981141,True,9,50.0,8,1,1,0,2,2,0,39
3387,101.6166760000031,101.6466760000031,2058,0,0,0,0,124.60241700318875,True,9,50.0,8,1,1,0,1,1,0,62
3388,101.6466760000031,101.6766760000031,1994,0,0,0,0,126.42016599784256,True,9,50.0,8,0,0,0,0,0,0,51
3389,101.6766760000031,101.7066760000031,2025,0,0,0,0,127.57979100206285,True,9,50.0,8,1,0,1,9,0,9,23
3390,101.7066760000031,101.7366760000031,2122,0,0,0,0,126.38329200126464,True,9,50.0,8,1,1,0,1,1,0,45
3391,101.7366760000031,101.7666760000031,2115,0,0,0,0,124.87520899958326,True,9,50.0,8,0,0,0,0,0,0,87
3392,101.7666760000031,101.7966760000031,2061,0,0,0,0,126.49175000115065,True,9,50.0,8,0,0,0,0,0,0,76
3393,101.7966760000031,101.8266760000031,1986,0,0,0,0,125.3173750010319,True,9,50.0,8,0,0,0,0,0,0,39
3394,101.8266760000031,101.8566760000031,2129,0,0,0,0,125.71849999949336,True,9,50.0,8,0,0,0,0,0,0,56
3395,101.8566760000031,101.8866760000031,2202,0,0,0,0,126.3538340026571,True,9,50.0,8,1,1,0,1,1,0,63
3396,101.8866760000031,101.91667600000311,2062,0,0,0,0,124.90995800180826,True,9,50.0,8,0,0,0,0,0,0,67
3397,101.91667600000311,101.94667600000311,2205,0,0,0,0,124.87699999837787,True,9,50.0,8,0,0,0,0,0,0,79
3398,101.94667600000311,101.97667600000311,2190,1,1,0,0,128.40191700161085,True,9,50.0,8,2,1,1,11,2,9,70
3399,101.97667600000311,102.00667600000311,2155,0,0,0,0,127.32662500275183,True,9,50.0,8,4,2,2,20,2,18,48
3400,102.00667600000311,102.03667600000311,2199,0,0,0,0,128.00454199896194,True,9,50.0,8,1,0,1,9,0,9,77
3401,102.03667600000311,102.06667600000311,2126,0,0,0,0,126.89441700058524,True,9,50.0,8,3,1,2,19,1,18,129
3402,102.06667600000311,102.09667600000311,2111,0,0,0,0,126.92916699961643,True,9,50.0,8,4,2,2,22,4,18,124
3403,102.09667600000311,102.12667600000312,2206,0,0,0,0,125.1546249986859,True,9,50.0,8,1,1,0,2,2,0,101
3404,102.12667600000312,102.15667600000312,2205,0,0,0,0,126.62245899991831,True,9,50.0,8,1,0,1,9,0,9,74
3405,102.15667600000312,102.18667600000312,2251,0,0,0,0,125.20525000218186,True,9,50.0,8,2,2,0,2,2,0,86
3406,102.18667600000312,102.21667600000312,2255,0,0,0,0,126.17250000039348,True,9,50.0,8,2,2,0,2,2,0,120
3407,102.21667600000312,102.24667600000312,2365,0,0,0,0,126.32366600155365,True,9,50.0,8,1,1,0,2,2,0,210
3408,102.24667600000312,102.27667600000312,2181,0,0,0,0,127.70912500127451,True,9,50.0,8,1,0,1,9,0,9,198
3409,102.27667600000312,102.30667600000312,2090,0,0,0,0,124.04637500003446,True,9,50.0,8,0,0,0,0,0,0,186
3410,102.30667600000312,102.33667600000312,1801,0,0,0,0,124.82241600082489,True,9,50.0,8,0,0,0,0,0,0,13
3411,102.33667600000312,102.36667600000312,1968,0,0,0,0,128.6547090021486,True,9,50.0,8,1,0,1,9,0,9,66
3412,102.36667600000312,102.39667600000313,1822,0,0,0,0,128.82216700018034,True,9,50.0,8,0,0,0,0,0,0,33
3413,102.39667600000313,102.42667600000313,1809,0,0,0,0,127.96875000276486,True,9,50.0,8,0,0,0,0,0,0,47
3414,102.42667600000313,102.45667600000313,1919,0,0,0,0,125.77704100112896,True,9,50.0,8,2,2,0,3,3,0,53
3415,102.45667600000313,102.48667600000313,1885,1,1,0,0,128.9567919993715,True,9,50.0,8,2,1,1,10,1,9,65
3416,102.48667600000313,102.51667600000313,1702,0,0,0,0,128.0149159974826,True,9,50.0,8,1,0,1,9,0,9,56
3417,102.51667600000313,102.54667600000313,1684,0,0,0,0,126.75241599936271,True,9,50.0,8,0,0,0,0,0,0,72
3418,102.54667600000313,102.57667600000313,1781,1,0,0,0,127.80566600122256,True,9,50.0,8,1,1,0,3,3,0,64
3419,102.57667600000313,102.60667600000313,1671,0,0,0,0,126.5602499988745,True,9,50.0,8,2,2,0,3,3,0,67
3420,102.60667600000313,102.63667600000313,1786,0,0,0,0,125.53658300021198,True,9,50.0,8,0,0,0,0,0,0,107
3421,102.63667600000313,102.66667600000314,1713,1,0,0,0,125.97154200193472,True,9,50.0,8,1,1,0,3,3,0,36
3422,102.66667600000314,102.69667600000314,1679,0,0,0,0,126.39912500162609,True,9,50.0,8,0,0,0,0,0,0,84
3423,102.69667600000314,102.72667600000314,1742,0,0,0,0,127.65741700059152,True,9,50.0,8,1,0,1,9,0,9,58
3424,102.72667600000314,102.75667600000314,1807,0,0,0,0,129.53120800011675,True,9,50.0,8,4,2,2,22,4,18,60
3425,102.75667600000314,102.78667600000314,1857,0,0,0,0,128.1037499975355,True,9,50.0,8,0,0,0,0,0,0,40
3426,102.78667600000314,102.81667600000314,1858,0,0,0,0,128.0887499997334,True,9,50.0,8,0,0,0,0,0,0,71
3427,102.81667600000314,102.84667600000314,1710,0,0,0,0,129.67762499829405,True,9,50.0,8,1,0,1,9,0,9,32
3428,102.84667600000314,102.87667600000314,1785,0,0,0,0,130.57429100081208,True,9,50.0,8,1,0,1,9,0,9,102
3429,102.87667600000314,102.90667600000315,1852,0,0,0,0,128.9575410010002,True,9,50.0,8,0,0,0,0,0,0,51
3430,102.90667600000315,102.93667600000315,1911,1,0,0,0,127.85608400008641,True,9,50.0,8,1,1,0,3,3,0,46
3431,102.93667600000315,102.96667600000315,1879,1,0,0,0,130.14829200255917,True,9,50.0,8,3,2,1,13,4,9,102
3432,102.96667600000315,102.99667600000315,2004,1,0,0,0,128.50833300035447,True,9,50.0,8,3,1,2,24,6,18,30
3433,102.99667600000315,103.02667600000315,1876,2,0,0,0,128.64466600149171,True,9,50.0,8,5,3,2,27,9,18,39
3434,103.02667600000315,103.05667600000315,1939,1,0,1,0,128.58300000152667,True,9,50.0,8,3,2,1,17,8,9,68
3435,103.05667600000315,103.08667600000315,1950,1,0,1,0,127.19420900248224,True,9,50.0,8,2,1,1,14,5,9,61
3436,103.08667600000315,103.11667600000315,1902,1,0,1,0,125.27587500153459,True,9,50.0,8,2,2,0,6,6,0,61
3437,103.11667600000315,103.14667600000315,1861,0,0,0,0,125.79862500206218,True,9,50.0,8,1,1,0,2,2,0,36
3438,103.14667600000315,103.17667600000316,1775,1,0,1,0,128.49404100052197,True,9,50.0,8,2,1,1,16,7,9,25
3439,103.17667600000316,103.20667600000316,1759,1,0,1,0,128.41183300042758,True,9,50.0,8,3,2,1,15,6,9,51
3440,103.20667600000316,103.23667600000316,1719,0,0,0,0,127.23441699927207,True,9,50.0,8,2,1,1,10,1,9,57
3441,103.23667600000316,103.26667600000316,1709,1,0,0,0,125.10095800098497,True,9,50.0,8,2,2,0,6,6,0,66
3442,103.26667600000316,103.29667600000316,1693,0,0,0,0,125.30775000050198,True,9,50.0,8,0,0,0,0,0,0,55
3443,103.29667600000316,103.32667600000316,1779,0,0,0,0,124.63845800084528,True,9,50.0,8,0,0,0,0,0,0,82
3444,103.32667600000316,103.35667600000316,1696,0,0,0,0,128.56187500074157,True,9,50.0,8,1,0,1,9,0,9,80
3445,103.35667600000316,103.38667600000316,1673,0,0,0,0,127.32037499881699,True,9,50.0,8,1,1,0,2,2,0,84
3446,103.38667600000316,103.41667600000316,1703,1,0,0,0,130.70483300180058,True,9,50.0,8,2,1,1,12,3,9,92
3447,103.41667600000316,103.44667600000317,1767,0,0,0,0,127.92516699846601,True,9,50.0,8,3,2,1,14,5,9,75
3448,103.44667600000317,103.47667600000317,1721,0,0,0,0,127.32162499742117,True,9,50.0,8,3,3,0,6,6,0,109
3449,103.47667600000317,103.50667600000317,1702,1,0,0,0,125.02191699968535,True,9,50.0,8,3,3,0,14,14,0,63
3450,103.50667600000317,103.53667600000317,1688,1,0,1,0,125.19487499957904,True,9,50.0,8,6,6,0,21,21,0,84
3451,103.53667600000317,103.56667600000317,1728,1,1,1,0,128.12891700014006,True,9,50.0,8,4,3,1,28,15,13,101
3452,103.56667600000317,103.59667600000317,1748,1,0,1,0,126.04958299925784,True,9,50.0,8,4,4,0,16,16,0,71
3453,103.59667600000317,103.62667600000317,1656,1,1,1,0,126.62837500101887,True,9,50.0,8,3,2,1,22,7,15,85
3454,103.62667600000317,103.65667600000317,1766,1,1,1,0,128.18041600257857,True,9,50.0,8,4,3,1,20,9,11,101
3455,103.65667600000317,103.68667600000317,1789,1,1,1,1,127.44220899912762,True,9,50.0,8,3,2,1,15,6,9,98
3456,103.68667600000317,103.71667600000318,1726,1,1,1,0,128.3109579999291,True,9,50.0,8,2,1,1,17,8,9,77
3457,103.71667600000318,103.74667600000318,1722,1,1,1,1,129.9899160003406,True,9,50.0,8,6,4,2,33,6,27,87
3458,103.74667600000318,103.77667600000318,1791,0,1,0,1,128.53541599906748,True,9,50.0,8,7,6,1,25,15,10,98
3459,103.77667600000318,103.80667600000318,1758,1,1,1,1,127.76454199774889,True,9,50.0,8,6,5,1,29,12,17,103
3460,103.80667600000318,103.83667600000318,1731,1,0,1,0,126.41291699765134,True,9,50.0,8,3,3,0,8,8,0,111
3461,103.83667600000318,103.86667600000318,1673,0,0,0,0,126.31941699874005,True,9,50.0,8,5,5,0,9,9,0,70
3462,103.86667600000318,103.89667600000318,1739,1,1,0,0,127.43562499963446,True,9,50.0,8,7,5,2,41,12,29,92
3463,103.89667600000318,103.92667600000318,1653,1,1,0,1,126.30454200188979,True,9,50.0,8,3,2,1,22,8,14,99
3464,103.92667600000318,103.95667600000318,1666,1,0,1,0,126.0614999991958,True,9,50.0,8,5,5,0,16,16,0,125
3465,103.95667600000318,103.98667600000319,1700,1,1,1,0,127.34991599791101,True,9,50.0,8,3,2,1,24,11,13,98
3466,103.98667600000319,104.01667600000319,1758,1,0,1,0,127.86841699926299,True,9,50.0,8,6,6,0,18,18,0,125
3467,104.01667600000319,104.04667600000319,1934,0,0,0,0,125.65591699967626,True,9,50.0,8,5,5,0,11,11,0,120
3468,104.04667600000319,104.07667600000319,1900,1,0,0,0,127.29162499817903,True,9,50.0,8,7,6,1,24,15,9,159
3469,104.07667600000319,104.10667600000319,1967,1,1,1,0,126.40179200025159,True,9,50.0,8,7,5,2,39,18,21,200
3470,104.10667600000319,104.13667600000319,2017,1,0,1,0,124.34787500023958,True,9,50.0,8,9,9,0,34,34,0,199
3471,104.13667600000319,104.16667600000319,2096,2,0,1,0,125.83516599988798,True,9,50.0,8,8,8,0,27,27,0,162
3472,104.16667600000319,104.1966760000032,2137,2,1,1,0,127.11312499959604,True,9,50.0,8,10,8,2,45,26,19,168
3473,104.1966760000032,104.2266760000032,2101,1,0,1,0,125.25108299814747,True,9,50.0,8,9,9,0,25,25,0,160
3474,104.2266760000032,104.2566760000032,2205,1,1,1,0,128.08891700115055,True,9,50.0,8,9,6,3,47,18,29,132
3475,104.2566760000032,104.2866760000032,2283,2,0,1,0,126.54133300020476,True,9,50.0,8,12,11,1,47,38,9,204
3476,104.2866760000032,104.3166760000032,2225,2,1,0,0,128.39687500309083,True,9,50.0,8,7,5,2,64,9,55,132
3477,104.3166760000032,104.3466760000032,2350,1,0,1,0,125.67445799868437,True,9,50.0,8,13,12,1,36,27,9,225
3478,104.3466760000032,104.3766760000032,2444,1,1,1,1,127.34724999972968,True,9,50.0,8,10,8,2,64,25,39,178
3479,104.3766760000032,104.4066760000032,2517,1,1,1,1,127.58899999971618,True,9,50.0,8,11,9,2,58,22,36,209
3480,104.4066760000032,104.4366760000032,2676,1,1,1,1,128.87012499777484,True,9,50.0,8,11,7,4,120,19,101,200
3481,104.4366760000032,104.4666760000032,2646,1,1,1,1,127.22941699757939,True,9,50.0,8,12,7,5,127,20,107,216
3482,104.4666760000032,104.4966760000032,2606,2,1,1,1,127.41699999969569,True,9,50.0,8,17,13,4,106,24,82,236
3483,104.4966760000032,104.5266760000032,2661,1,1,1,1,127.8092500033381,True,9,50.0,8,8,7,1,163,18,145,209
3484,104.5266760000032,104.55667600000321,2882,1,1,1,1,127.71074999909615,True,9,50.0,8,12,11,1,181,34,147,250
3485,104.55667600000321,104.58667600000321,3085,1,1,1,1,128.24095800169744,True,9,50.0,8,11,7,4,169,16,153,319
3486,104.58667600000321,104.61667600000321,3095,1,2,0,1,128.12858300094376,True,9,50.0,8,6,2,4,238,7,231,272
3487,104.61667600000321,104.64667600000321,3205,1,1,1,1,127.60679200073355,True,9,50.0,8,12,9,3,274,17,257,214
3488,104.64667600000321,104.67667600000321,3346,1,1,1,1,131.66516600176692,True,9,50.0,8,6,4,2,331,10,321,251
3489,104.67667600000321,104.70667600000321,3393,1,1,1,1,130.3887920003035,True,9,50.0,8,8,3,5,311,8,303,276
3490,104.70667600000321,104.73667600000321,3630,1,1,1,1,130.11583400293603,True,9,50.0,8,9,6,3,346,15,331,293
3491,104.73667600000321,104.76667600000322,3512,3,2,1,1,129.34145799954422,True,9,50.0,8,11,7,4,329,22,307,282
3492,104.76667600000322,104.79667600000322,3781,2,1,1,1,129.91150000016205,True,9,50.0,8,11,7,4,329,11,318,292
3493,104.79667600000322,104.82667600000322,3873,0,0,0,0,128.14191600045888,True,9,50.0,8,9,5,4,310,13,297,322
3494,104.82667600000322,104.85667600000322,4067,2,1,2,1,128.02062500122702,True,9,50.0,8,12,11,1,270,35,235,335
3495,104.85667600000322,104.88667600000322,4225,1,1,1,1,128.78208300026017,True,9,50.0,8,10,7,3,246,21,225,347
3496,104.88667600000322,104.91667600000322,4337,2,1,2,1,128.12758300060523,True,9,50.0,8,12,10,2,293,32,261,345
3497,104.91667600000322,104.94667600000322,4573,0,0,0,0,129.40850000086357,True,9,50.0,8,11,8,3,353,23,330,376
3498,104.94667600000322,104.97667600000322,4718,1,1,1,1,129.78279099843348,True,9,50.0,8,12,9,3,419,34,385,366
3499,104.97667600000322,105.00667600000322,5149,2,2,2,1,129.63075000152458,True,9,50.0,8,14,12,2,488,27,461,394
3500,105.00667600000322,105.03667600000323,5581,1,1,0,0,129.10933400053182,True,9,50.0,8,18,14,4,481,38,443,644
3501,105.03667600000323,105.06667600000323,5817,3,1,2,1,128.80225000117207,True,9,50.0,8,15,12,3,552,32,520,570
3502,105.06667600000323,105.09667600000323,6267,3,1,1,1,129.1799999999057,True,9,50.0,8,17,14,3,580,49,531,726
3503,105.09667600000323,105.12667600000323,6323,3,2,2,1,127.92229100159602,True,9,50.0,8,20,15,5,669,45,624,618
3504,105.12667600000323,105.15667600000323,6604,0,0,0,0,130.09470800170675,True,9,50.0,8,8,6,2,673,19,654,604
3505,105.15667600000323,105.18667600000323,7009,1,1,1,0,130.52416700156755,True,9,50.0,8,12,9,3,886,32,854,510
3506,105.18667600000323,105.21667600000323,5896,2,1,2,1,130.03691600169986,True,9,50.0,8,6,5,1,698,11,687,352
3507,105.21667600000323,105.24667600000323,1933,2,1,2,1,125.71029199898476,True,9,50.0,8,5,4,1,28,13,15,128
3508,105.24667600000323,105.27667600000323,1715,1,1,1,0,127.30858299983083,True,9,50.0,8,4,2,2,25,4,21,32
3509,105.27667600000323,105.30667600000324,1690,2,2,1,0,131.55158299923642,True,9,50.0,8,3,0,3,34,0,34,42
3510,105.30667600000324,105.33667600000324,1662,1,1,1,1,129.33945799886715,True,9,50.0,8,4,2,2,23,2,21,60
3511,105.33667600000324,105.36667600000324,1645,2,2,1,1,128.23008300256333,True,9,50.0,8,2,0,2,27,0,27,72
3512,105.36667600000324,105.39667600000324,1624,1,0,0,0,128.07366600100067,True,9,50.0,8,3,2,1,14,5,9,51
3513,105.39667600000324,105.42667600000324,1630,0,0,0,0,127.94141700214823,True,9,50.0,8,3,1,2,20,2,18,35
3514,105.42667600000324,105.45667600000324,1636,0,0,0,0,127.35054099903209,True,9,50.0,8,2,0,2,18,0,18,63
3515,105.45667600000324,105.48667600000324,1586,1,1,0,0,127.12558299972443,True,9,50.0,8,3,2,1,13,4,9,66
3516,105.48667600000324,105.51667600000324,1567,0,0,0,0,127.44220799868344,True,9,50.0,8,1,0,1,9,0,9,49
3517,105.51667600000324,105.54667600000325,1572,0,0,0,0,129.43983299919637,True,9,50.0,8,1,0,1,9,0,9,27
3518,105.54667600000325,105.57667600000325,1533,0,0,0,0,125.05670799873769,True,9,50.0,8,0,0,0,0,0,0,59
3519,105.57667600000325,105.60667600000325,1569,0,0,0,0,125.72187499972642,True,9,50.0,8,0,0,0,0,0,0,74
3520,105.60667600000325,105.63667600000325,1632,0,0,0,0,126.98866700156941,True,9,50.0,8,0,0,0,0,0,0,91
3521,105.63667600000325,105.66667600000325,1495,0,0,0,0,126.65670799833606,True,9,50.0,8,0,0,0,0,0,0,44
3522,105.66667600000325,105.69667600000325,1428,0,0,0,0,126.64695900093648,True,9,50.0,8,0,0,0,0,0,0,41
3523,105.69667600000325,105.72667600000325,1400,0,0,0,0,152.2308339990559,True,9,50.0,8,0,0,0,0,0,0,67
3524,105.72667600000325,105.75667600000325,1412,0,0,0,0,138.49158300217823,True,9,50.0,8,0,0,0,0,0,0,38
3525,105.75667600000325,105.78667600000325,1411,0,0,0,0,154.5430000005581,True,9,50.0,8,0,0,0,0,0,0,46
3526,105.78667600000325,105.81667600000326,1396,0,0,0,0,134.91983299900312,True,9,50.0,8,0,0,0,0,0,0,61
3527,105.81667600000326,105.84667600000326,1399,0,0,0,0,163.80791700066766,True,9,50.0,8,1,0,1,9,0,9,35
3528,105.84667600000326,105.87667600000326,1366,0,0,0,0,148.14254100201651,True,9,50.0,8,0,0,0,0,0,0,27
3529,105.87667600000326,105.90667600000326,1334,0,0,0,0,229.9626249987341,True,9,50.0,8,0,0,0,0,0,0,64
3530,105.90667600000326,105.93667600000326,1384,0,0,0,0,138.4079590025067,True,9,50.0,8,0,0,0,0,0,0,55
3531,105.93667600000326,105.96667600000326,1408,0,0,0,0,183.96820799898705,True,9,50.0,8,1,0,1,9,0,9,46
3532,105.96667600000326,105.99667600000326,1382,0,0,0,0,170.2999999979511,True,9,50.0,8,1,0,1,9,0,9,32
3533,105.99667600000326,106.02667600000326,1424,0,0,0,0,127.71854099992197,True,9,50.0,8,2,1,1,11,2,9,60
3534,106.02667600000326,106.05667600000326,1464,0,0,0,0,126.37637499938137,True,9,50.0,8,1,0,1,9,0,9,21
3535,106.05667600000326,106.08667600000327,1413,0,0,0,0,145.61000000321656,True,9,50.0,8,1,0,1,9,0,9,40
3536,106.08667600000327,106.11667600000327,1458,0,0,0,0,122.27612499918905,True,9,50.0,8,0,0,0,0,0,0,48
3537,106.11667600000327,106.14667600000327,1402,0,0,0,0,118.32329100070638,True,9,50.0,8,0,0,0,0,0,0,48
3538,106.14667600000327,106.17667600000327,1386,0,0,0,0,118.67579099998693,True,9,50.0,8,1,1,0,2,2,0,56
3539,106.17667600000327,106.20667600000327,1341,0,0,0,0,121.01712500225403,True,9,50.0,8,0,0,0,0,0,0,43
3540,106.20667600000327,106.23667600000327,1358,0,0,0,0,119.2597500012198,True,9,50.0,8,0,0,0,0,0,0,48
3541,106.23667600000327,106.26667600000327,1491,0,0,0,0,118.09166600141907,True,9,50.0,8,0,0,0,0,0,0,96
3542,106.26667600000327,106.29667600000327,1435,0,0,0,0,118.27508299757028,True,9,50.0,8,0,0,0,0,0,0,19
3543,106.29667600000327,106.32667600000327,1427,0,0,0,0,121.25483299678308,True,9,50.0,8,0,0,0,0,0,0,42
3544,106.32667600000327,106.35667600000328,1363,0,0,0,0,119.74645800000872,True,9,50.0,8,0,0,0,0,0,0,66
3545,106.35667600000328,106.38667600000328,1341,0,0,0,0,121.2468749981781,True,9,50.0,8,0,0,0,0,0,0,43
3546,106.38667600000328,106.41667600000328,1345,0,0,0,0,118.58379200202762,True,9,50.0,8,0,0,0,0,0,0,35
3547,106.41667600000328,106.44667600000328,1366,0,0,0,0,118.16737499975716,True,9,50.0,8,0,0,0,0,0,0,42
3548,106.44667600000328,106.47667600000328,1374,0,0,0,0,120.22195899771759,True,9,50.0,8,2,1,1,11,2,9,24
3549,106.47667600000328,106.50667600000328,1442,0,0,0,0,120.71137499879114,True,9,50.0,8,3,2,1,11,2,9,29
3550,106.50667600000328,106.53667600000328,1435,1,0,0,0,123.51266699988628,True,9,50.0,8,2,1,1,12,3,9,60
3551,106.53667600000328,106.56667600000328,1462,0,0,0,0,121.10045900044497,True,9,50.0,8,3,0,3,27,0,27,55
3552,106.56667600000328,106.59667600000328,1555,0,0,0,0,119.32512500061421,True,9,50.0,8,0,0,0,0,0,0,45
3553,106.59667600000328,106.62667600000329,1593,0,0,0,0,118.6737499992887,True,9,50.0,8,1,1,0,2,2,0,35
3554,106.62667600000329,106.65667600000329,1617,0,0,0,0,118.6117090001062,True,9,50.0,8,0,0,0,0,0,0,72
3555,106.65667600000329,106.68667600000329,1655,0,0,0,0,118.05470800027251,True,9,50.0,8,1,1,0,2,2,0,101
3556,106.68667600000329,106.71667600000329,1627,0,0,0,0,119.55233299886459,True,9,50.0,8,1,1,0,8,8,0,112
3557,106.71667600000329,106.74667600000329,1685,0,0,0,0,119.77233300058288,True,9,50.0,8,0,0,0,0,0,0,86
3558,106.74667600000329,106.77667600000329,1656,0,0,0,0,119.30033300086507,True,9,50.0,8,1,1,0,8,8,0,174
3559,106.77667600000329,106.80667600000329,1936,1,1,0,0,124.96941700010211,True,9,50.0,8,6,4,2,32,13,19,257
3560,106.80667600000329,106.8366760000033,1775,0,0,0,0,121.5711669974553,True,9,50.0,8,3,2,1,17,8,9,211
3561,106.8366760000033,106.8666760000033,1728,1,1,0,0,121.23958300071536,True,9,50.0,8,4,2,2,26,8,18,125
3562,106.8666760000033,106.8966760000033,1645,0,0,0,0,122.25304100138601,True,9,50.0,8,2,1,1,10,1,9,88
3563,106.8966760000033,106.9266760000033,1679,0,0,0,0,122.73454100068193,True,9,50.0,8,3,1,2,21,3,18,44
3564,106.9266760000033,106.9566760000033,1677,0,0,0,0,121.48808300116798,True,9,50.0,8,2,1,1,10,1,9,67
3565,106.9566760000033,106.9866760000033,1729,0,0,0,0,120.70791700170957,True,9,50.0,8,1,0,1,9,0,9,91
3566,106.9866760000033,107.0166760000033,1609,0,0,0,0,119.28291600270313,True,9,50.0,8,2,2,0,2,2,0,98
3567,107.0166760000033,107.0466760000033,1735,0,0,0,0,117.8844999994908,True,9,50.0,8,0,0,0,0,0,0,71
3568,107.0466760000033,107.0766760000033,1680,0,0,0,0,118.62641600237112,True,9,50.0,8,2,2,0,4,4,0,70
3569,107.0766760000033,107.1066760000033,1653,1,1,0,0,122.78499999956694,True,9,50.0,8,3,1,2,26,4,22,72
3570,107.1066760000033,107.1366760000033,1640,1,1,0,0,122.10062500162167,True,9,50.0,8,3,2,1,12,2,10,64
3571,107.1366760000033,107.1666760000033,1582,1,0,1,0,119.98037499870406,True,9,50.0,8,3,3,0,15,15,0,103
3572,107.1666760000033,107.19667600000331,1581,1,1,1,1,122.17895800131373,True,9,50.0,8,2,1,1,13,1,12,72
3573,107.19667600000331,107.22667600000331,1593,2,0,1,0,120.93191699750605,True,9,50.0,8,2,2,0,9,9,0,84
3574,107.22667600000331,107.25667600000331,1549,1,1,1,1,121.20470800073235,True,9,50.0,8,1,0,1,11,0,11,85
3575,107.25667600000331,107.28667600000331,1653,1,1,1,1,121.14308300078847,True,9,50.0,8,6,5,1,19,8,11,134
3576,107.28667600000331,107.31667600000331,1629,2,0,1,0,120.7067499999539,True,9,50.0,8,2,2,0,9,9,0,122
3577,107.31667600000331,107.34667600000331,1446,0,0,0,0,123.95854200076428,True,9,50.0,8,3,2,1,13,4,9,79
3578,107.34667600000331,107.36556999999999,867,0,0,0,0,121.24362499889685,True,9,50.0,8,2,1,1,11,2,9,40
