timestamp,window_id,tp,fp,fn,matches,lag_sec
0.066666,1,0,4,0,[],0.0017220000000000013
0.09999899999999999,2,0,1,0,[],0.00505499999999999
0.133332,3,0,4,0,[],0.008388000000000007
0.16666499999999998,4,0,4,0,[],0.011720999999999981
0.19999799999999998,5,0,4,0,[],0.015053999999999984
0.23333099999999998,6,0,4,0,[],0.018386999999999987
0.266664,7,0,4,0,[],0.021720000000000017
0.299997,8,0,3,0,[],0.025053000000000047
0.33332999999999996,9,0,2,0,[],0.028385999999999967
0.36666299999999996,11,0,2,0,[],0.001718999999999915
0.39999599999999996,12,0,4,0,[],0.00505199999999989
0.43332899999999996,13,0,4,0,[],0.008384999999999865
0.46666199999999997,14,0,1,0,[],0.01171799999999984
0.49999499999999997,15,0,2,0,[],0.015050999999999815
0.533328,16,0,1,0,[],0.018383999999999845
0.566661,17,0,1,0,[],0.021716999999999764
0.599994,18,0,0,0,[],0.025049999999999795
0.633327,19,0,0,0,[],0.028382999999999714
0.6666599999999999,21,0,2,0,[],0.0017159999999996067
0.699993,22,0,0,0,[],0.005048999999999637
0.7333259999999999,23,0,0,0,[],0.008381999999999556
0.766659,24,0,0,0,[],0.011714999999999587
0.7999919999999999,25,0,0,0,[],0.015047999999999506
0.833325,26,0,1,0,[],0.018380999999999537
0.8666579999999999,27,0,0,0,[],0.021713999999999456
0.899991,28,0,0,0,[],0.025046999999999486
0.9333239999999999,29,0,0,0,[],0.028379999999999406
0.966657,31,0,0,0,[],0.0017129999999994094
0.9999899999999999,32,0,0,0,[],0.005045999999999329
1.033323,33,0,1,0,[],0.00837899999999947
1.066656,34,0,0,0,[],0.0117119999999995
1.0999889999999999,35,0,0,0,[],0.015044999999999309
1.133322,36,0,0,0,[],0.01837799999999934
1.166655,37,0,1,0,[],0.02171099999999937
1.199988,38,0,0,0,[],0.0250439999999994
1.233321,39,0,0,0,[],0.02837699999999921
1.266654,41,0,0,0,[],0.0017099999999992122
1.299987,42,0,1,0,[],0.0050429999999992425
1.3333199999999998,43,0,0,0,[],0.008375999999999051
1.366653,44,0,0,0,[],0.011708999999999081
1.399986,45,0,0,0,[],0.015041999999999112
1.433319,46,0,0,0,[],0.018374999999999142
1.4666519999999998,47,0,1,0,[],0.02170799999999895
1.499985,48,0,1,0,[],0.02504099999999898
1.533318,49,0,0,0,[],0.02837399999999901
1.566651,51,0,0,0,[],0.0017069999999990149
1.5999839999999999,52,0,0,0,[],0.005039999999998823
1.633317,53,0,0,0,[],0.008372999999998854
1.66665,54,0,0,0,[],0.011705999999998884
1.699983,55,0,0,0,[],0.015038999999998914
1.7333159999999999,56,0,0,0,[],0.018371999999998723
1.766649,57,0,0,0,[],0.021704999999998753
1.799982,58,0,0,0,[],0.025037999999998783
1.833315,59,0,0,0,[],0.028370999999998814
1.8666479999999999,61,0,1,0,[],0.0017039999999985955
1.899981,62,0,0,0,[],0.005036999999998626
1.933314,63,0,0,0,[],0.008369999999998656
1.9666469999999998,64,0,0,0,[],0.011702999999998465
1.9999799999999999,65,0,0,0,[],0.015035999999998495
2.0333129999999997,66,0,0,0,[],0.018368999999998525
2.066646,67,0,0,0,[],0.021701999999999
2.099979,68,0,0,0,[],0.02503499999999903
2.133312,69,0,0,0,[],0.028367999999999505
2.166645,71,0,0,0,[],0.0017009999999997305
2.1999779999999998,72,0,0,0,[],0.005033999999999761
2.233311,73,0,1,0,[],0.008367000000000235
2.266644,74,0,0,0,[],0.011700000000000266
2.2999769999999997,75,0,1,0,[],0.015033000000000296
2.33331,76,0,0,0,[],0.01836600000000077
2.366643,77,0,1,0,[],0.0216990000000008
2.399976,78,0,0,0,[],0.025032000000001275
2.433309,79,0,0,0,[],0.028365000000001306
2.466642,81,0,1,0,[],0.0016980000000015316
2.499975,82,0,0,0,[],0.005031000000002006
2.533308,83,0,0,0,[],0.008364000000002036
2.5666409999999997,84,0,0,0,[],0.011697000000002067
2.599974,85,0,0,0,[],0.015030000000002541
2.633307,86,0,0,0,[],0.01836300000000257
2.6666399999999997,87,0,1,0,[],0.021696000000002602
2.699973,88,0,0,0,[],0.025029000000003077
2.733306,89,0,0,0,[],0.028362000000003107
2.766639,91,0,0,0,[],0.0016950000000037768
2.799972,92,0,0,0,[],0.005028000000003807
2.8333049999999997,93,0,0,0,[],0.008361000000003838
2.866638,94,0,0,0,[],0.011694000000004312
2.899971,95,0,0,0,[],0.015027000000004342
2.9333039999999997,96,0,1,0,[],0.018360000000004373
2.966637,97,0,0,0,[],0.021693000000004847
2.99997,98,0,1,0,[],0.025026000000004878
3.033303,99,0,0,0,[],0.028359000000005352
3.066636,101,0,1,0,[],0.001692000000005578
3.0999689999999998,102,0,1,0,[],0.005025000000005608
3.133302,103,0,0,0,[],0.008358000000006083
3.166635,104,0,0,0,[],0.011691000000006113
3.1999679999999997,105,0,0,0,[],0.015024000000006144
3.233301,106,0,0,0,[],0.018357000000006618
3.266634,107,0,1,0,[],0.02169000000000665
3.2999669999999997,108,0,0,0,[],0.02502300000000668
3.3333,109,0,0,0,[],0.028356000000007153
3.3666329999999998,111,0,0,0,[],0.001689000000007379
3.399966,112,0,0,0,[],0.0050220000000078535
3.433299,113,0,1,0,[],0.008355000000007884
3.4666319999999997,114,0,0,0,[],0.011688000000007914
3.499965,115,0,1,0,[],0.015021000000008389
3.533298,116,0,0,0,[],0.01835400000000842
3.5666309999999997,117,0,0,0,[],0.02168700000000845
3.599964,118,0,0,0,[],0.025020000000008924
3.6332969999999998,119,0,0,0,[],0.028353000000008954
3.66663,121,0,0,0,[],0.0016860000000096242
3.699963,122,0,0,0,[],0.005019000000009655
3.7332959999999997,123,0,0,0,[],0.008352000000009685
3.766629,124,0,0,0,[],0.01168500000001016
3.799962,125,0,0,0,[],0.01501800000001019
3.8332949999999997,126,0,0,0,[],0.01835100000001022
3.866628,127,0,1,0,[],0.021684000000010695
3.899961,128,0,0,0,[],0.025017000000010725
3.9332939999999996,129,0,0,0,[],0.028350000000010755
3.966627,131,0,0,0,[],0.0016830000000114254
3.9999599999999997,132,0,2,0,[],0.005016000000011456
4.033293,133,0,1,0,[],0.008349000000011486
4.066625999999999,134,0,1,0,[],0.011682000000011072
4.099959,135,0,1,0,[],0.015015000000011547
4.133292,136,0,1,0,[],0.018348000000011133
4.166625,137,0,1,0,[],0.02168100000001072
4.199958,138,0,0,0,[],0.025014000000010306
4.2332909999999995,139,0,0,0,[],0.028347000000009892
4.266624,141,0,0,0,[],0.0016800000000101178
4.299957,142,0,0,0,[],0.005013000000009704
4.33329,143,0,0,0,[],0.00834600000000929
4.366623,144,0,0,0,[],0.011679000000008877
4.3999559999999995,145,0,1,0,[],0.015012000000008463
4.433288999999999,146,0,0,0,[],0.01834500000000805
4.466622,147,0,1,0,[],0.021678000000008524
4.499955,148,0,0,0,[],0.02501100000000811
4.533288,149,0,0,0,[],0.028344000000007696
4.566621,151,0,0,0,[],0.001677000000007034
4.599953999999999,152,0,0,0,[],0.00501000000000662
4.633287,153,0,0,0,[],0.008343000000007095
4.66662,154,0,0,0,[],0.011676000000006681
4.699953,155,0,0,0,[],0.015009000000006267
4.733286,156,0,0,0,[],0.018342000000005854
4.7666189999999995,157,0,0,0,[],0.02167500000000544
4.799952,158,0,0,0,[],0.025008000000005914
4.833285,159,0,0,0,[],0.0283410000000055
4.866618,161,0,0,0,[],0.0016740000000048383
4.899951,162,0,1,0,[],0.005007000000004425
4.933284,163,0,2,0,[],0.008340000000004011
4.966616999999999,164,0,0,0,[],0.011673000000003597
4.99995,165,0,0,0,[],0.015006000000004072
5.033283,166,0,0,0,[],0.018339000000003658
5.066616,167,0,1,0,[],0.021672000000003244
5.099949,168,0,0,0,[],0.02500500000000283
5.1332819999999995,169,0,0,0,[],0.028338000000002417
5.166615,171,0,1,0,[],0.0016710000000026426
5.199948,172,0,0,0,[],0.005004000000002229
5.233281,173,0,0,0,[],0.008337000000001815
5.266614,174,0,1,0,[],0.011670000000001401
5.2999469999999995,175,0,0,0,[],0.015003000000000988
5.333279999999999,176,0,1,0,[],0.018336000000000574
5.366613,177,0,0,0,[],0.02166900000000105
5.399946,178,0,1,0,[],0.025002000000000635
5.433279,179,0,1,0,[],0.02833500000000022
5.466612,181,0,0,0,[],0.0016679999999995587
5.499944999999999,182,0,0,0,[],0.005000999999999145
5.533278,183,0,0,0,[],0.00833399999999962
5.566611,184,0,1,0,[],0.011666999999999206
5.599944,185,0,0,0,[],0.014999999999998792
5.633277,186,0,0,0,[],0.01833299999999838
5.6666099999999995,187,0,0,0,[],0.021665999999997965
5.699942999999999,188,0,1,0,[],0.02499899999999755
5.733276,189,0,0,0,[],0.028331999999998025
5.766609,191,0,0,0,[],0.001664999999997363
5.799942,192,0,0,0,[],0.004997999999996949
5.8332749999999995,193,0,0,0,[],0.008330999999996536
5.866607999999999,194,0,1,0,[],0.011663999999996122
5.899941,195,0,0,0,[],0.014996999999996596
5.933274,196,0,1,0,[],0.018329999999996183
5.966607,197,0,1,0,[],0.02166299999999577
5.99994,198,0,1,0,[],0.024995999999995355
6.033272999999999,199,0,0,0,[],0.02832899999999494
6.066606,201,0,0,0,[],0.0016619999999951673
6.099939,202,0,1,0,[],0.004994999999994754
6.133272,203,0,0,0,[],0.00832799999999434
6.166605,204,0,0,0,[],0.011660999999993926
6.1999379999999995,205,0,0,0,[],0.014993999999993513
6.233270999999999,206,0,1,0,[],0.0183269999999931
6.266604,207,0,0,0,[],0.021659999999993573
6.299937,208,0,0,0,[],0.02499299999999316
6.33327,209,0,0,0,[],0.028325999999992746
6.366603,211,0,1,0,[],0.0016589999999920835
6.399935999999999,212,0,1,0,[],0.00499199999999167
6.433269,213,0,1,0,[],0.008324999999992144
6.466602,214,0,1,0,[],0.01165799999999173
6.499935,215,0,1,0,[],0.014990999999991317
6.533268,216,0,1,0,[],0.018323999999990903
6.5666009999999995,217,0,0,0,[],0.02165699999999049
6.599933999999999,218,0,1,0,[],0.024989999999990076
6.633267,219,0,0,0,[],0.02832299999999055
6.6666,221,0,0,0,[],0.0016559999999898878
6.699933,222,0,0,0,[],0.004988999999989474
6.7332659999999995,223,0,0,0,[],0.00832199999998906
6.766598999999999,224,0,0,0,[],0.011654999999988647
6.799932,225,0,1,0,[],0.014987999999989121
6.833265,226,0,1,0,[],0.018320999999988707
6.866598,227,0,0,0,[],0.021653999999988294
6.899931,228,0,0,0,[],0.02498699999998788
6.933263999999999,229,0,0,0,[],0.028319999999987466
6.966596999999999,231,0,0,0,[],0.001652999999986804
6.99993,232,0,0,0,[],0.004985999999987278
7.033263,233,0,1,0,[],0.008318999999986865
7.066596,234,0,1,0,[],0.011651999999986451
7.0999289999999995,235,0,1,0,[],0.014984999999986037
7.133261999999999,236,0,0,0,[],0.018317999999985624
7.166595,237,0,0,0,[],0.021650999999986098
7.199928,238,0,0,0,[],0.024983999999985684
7.233261,239,0,0,0,[],0.02831699999998527
7.2665939999999996,241,0,0,0,[],0.0016499999999846082
7.299926999999999,242,0,0,0,[],0.0049829999999841945
7.33326,243,0,0,0,[],0.008315999999984669
7.366593,244,0,0,0,[],0.011648999999984255
7.399926,245,0,0,0,[],0.014981999999983842
7.433259,246,0,1,0,[],0.018314999999983428
7.4665919999999995,247,0,1,0,[],0.021647999999983014
7.499924999999999,248,0,0,0,[],0.0249809999999826
7.533258,249,0,1,0,[],0.028313999999983075
7.566591,251,0,0,0,[],0.0016469999999824125
7.599924,252,0,0,0,[],0.004979999999981999
7.6332569999999995,253,0,0,0,[],0.008312999999981585
7.666589999999999,254,0,0,0,[],0.011645999999981171
7.699923,255,0,0,0,[],0.014978999999981646
7.733256,256,0,1,0,[],0.018311999999981232
7.766589,257,0,1,0,[],0.02164499999998082
7.799922,258,0,0,0,[],0.024977999999980405
7.833254999999999,259,0,0,0,[],0.02831099999997999
7.866587999999999,261,0,0,0,[],0.0016439999999793287
7.899921,262,0,0,0,[],0.004976999999979803
7.933254,263,0,1,0,[],0.00830999999997939
7.966587,264,0,0,0,[],0.011642999999978976
7.9999199999999995,265,0,1,0,[],0.014975999999978562
8.033253,266,0,2,0,[],0.018308999999979036
8.066586,267,0,0,0,[],0.021641999999978623
8.099919,268,0,0,0,[],0.024974999999979985
8.133251999999999,269,0,1,0,[],0.02830799999997957
8.166585,271,0,0,0,[],0.0016409999999815739
8.199918,272,0,0,0,[],0.0049739999999829365
8.233251,273,0,0,0,[],0.008306999999982523
8.266584,274,0,1,0,[],0.011639999999983885
8.299916999999999,275,0,0,0,[],0.014972999999983472
8.33325,276,0,1,0,[],0.018305999999984834
8.366583,277,0,0,0,[],0.021638999999986197
8.399916,278,0,0,0,[],0.024971999999985783
8.433249,279,0,1,0,[],0.028304999999987146
8.466581999999999,281,0,1,1,[],0.0016379999999873718
8.499915,282,0,1,1,[],0.004970999999988734
8.533248,283,0,1,1,[],0.008303999999990097
8.566581,284,0,1,1,[],0.011636999999989683
8.599914,285,0,2,1,[],0.014969999999991046
8.633246999999999,286,0,2,1,[],0.018302999999990632
8.66658,287,0,2,1,[],0.021635999999991995
8.699913,288,0,1,1,[],0.024968999999993358
8.733246,289,0,2,1,[],0.028301999999992944
8.766579,291,0,1,1,[],0.001634999999994946
8.799911999999999,292,0,0,1,[],0.004967999999994532
8.833245,293,0,1,1,[],0.008300999999995895
8.866577999999999,294,0,2,1,[],0.011633999999995481
8.899911,295,0,1,1,[],0.014966999999996844
8.933244,296,0,2,1,[],0.018299999999998207
8.966577,297,0,2,1,[],0.021632999999997793
8.99991,298,0,1,1,[],0.024965999999999156
9.033242999999999,299,0,2,1,[],0.028298999999998742
9.066576,301,0,1,1,[],0.001632000000000744
9.099909,302,0,1,1,[],0.004965000000002107
9.133242,303,0,1,1,[],0.008298000000001693
9.166575,304,0,1,1,[],0.011631000000003056
9.199907999999999,305,0,2,1,[],0.014964000000002642
9.233241,306,0,2,1,[],0.018297000000004005
9.266574,307,0,1,1,[],0.021630000000005367
9.299907,308,0,2,1,[],0.024963000000004953
9.33324,309,0,1,1,[],0.028296000000006316
9.366572999999999,311,0,1,1,[],0.0016290000000065419
9.399906,312,0,1,1,[],0.0049620000000079045
9.433239,313,0,1,1,[],0.008295000000009267
9.466572,314,0,1,1,[],0.011628000000008853
9.499905,315,0,2,1,[],0.014961000000010216
9.533237999999999,316,0,2,1,[],0.018294000000009802
9.566571,317,0,1,1,[],0.021627000000011165
9.599904,318,0,2,1,[],0.024960000000012528
9.633237,319,0,2,1,[],0.028293000000012114
9.66657,321,0,2,1,[],0.0016260000000141162
9.699902999999999,322,0,2,1,[],0.0049590000000137024
9.733236,323,0,2,1,[],0.008292000000015065
9.766568999999999,324,0,1,1,[],0.011625000000014651
9.799902,325,0,1,1,[],0.014958000000016014
9.833235,326,0,1,1,[],0.018291000000017377
9.866568,327,0,1,1,[],0.021624000000016963
9.899901,328,0,2,1,[],0.024957000000018326
9.933233999999999,329,0,2,1,[],0.028290000000017912
9.966567,331,0,1,1,[],0.001623000000019914
9.9999,332,0,2,1,[],0.004956000000021277
10.033233,333,0,2,1,[],0.008289000000020863
10.066566,334,0,1,1,[],0.011622000000022226
10.099898999999999,335,0,1,1,[],0.014955000000021812
10.133232,336,0,1,1,[],0.018288000000023175
10.166565,337,0,1,1,[],0.021621000000024537
10.199898,338,0,1,1,[],0.024954000000024124
10.233231,339,0,1,1,[],0.028287000000025486
10.266563999999999,341,0,2,1,[],0.001620000000025712
10.299897,342,0,2,1,[],0.004953000000027075
10.33323,343,0,1,1,[],0.008286000000028437
10.366563,344,0,1,1,[],0.011619000000028024
10.399896,345,0,2,1,[],0.014952000000029386
10.433228999999999,346,0,2,1,[],0.018285000000028973
10.466562,347,0,1,1,[],0.021618000000030335
10.499894999999999,348,0,1,1,[],0.02495100000002992
10.533228,349,0,1,1,[],0.028284000000031284
10.566561,351,0,1,1,[],0.0016170000000332863
10.599893999999999,352,0,1,1,[],0.0049500000000328725
10.633227,353,0,1,1,[],0.008283000000034235
10.666559999999999,354,0,1,1,[],0.011616000000033821
10.699893,355,0,2,1,[],0.014949000000035184
10.733226,356,0,1,1,[],0.018282000000036547
10.766558999999999,357,0,1,1,[],0.021615000000036133
10.799892,358,0,1,1,[],0.024948000000037496
10.833224999999999,359,0,1,1,[],0.028281000000037082
10.866558,361,0,2,1,[],0.0016140000000390842
10.899891,362,0,1,1,[],0.004947000000040447
10.933224,363,0,1,1,[],0.008280000000040033
10.966557,364,0,1,1,[],0.011613000000041396
10.999889999999999,365,0,1,1,[],0.014946000000040982
11.033223,366,0,1,1,[],0.018279000000042345
11.066556,367,0,1,1,[],0.021612000000043707
11.099889,368,0,1,1,[],0.024945000000043294
11.133222,369,0,1,1,[],0.028278000000044656
11.166554999999999,371,0,2,1,[],0.001611000000044882
11.199888,372,0,2,1,[],0.004944000000046245
11.233221,373,0,2,1,[],0.008277000000047607
11.266554,374,0,1,1,[],0.011610000000047194
11.299887,375,0,1,1,[],0.014943000000048556
11.333219999999999,376,0,2,1,[],0.018276000000048143
11.366553,377,0,2,1,[],0.021609000000049505
11.399885999999999,378,0,1,1,[],0.02494200000004909
11.433219,379,0,1,1,[],0.028275000000050454
11.466552,381,0,2,1,[],0.0016080000000524564
11.499884999999999,382,0,2,1,[],0.004941000000052043
11.533218,383,0,1,1,[],0.008274000000053405
11.566550999999999,384,0,1,1,[],0.011607000000052992
11.599884,385,0,1,1,[],0.014940000000054354
11.633217,386,0,2,1,[],0.018273000000055717
11.666549999999999,387,0,1,1,[],0.021606000000055303
11.699883,388,0,1,1,[],0.024939000000056666
11.733215999999999,389,0,1,1,[],0.028272000000056252
11.766549,391,0,1,1,[],0.0016050000000582543
11.799882,392,0,1,1,[],0.004938000000059617
11.833215,393,0,2,1,[],0.008271000000059203
11.866548,394,0,1,1,[],0.011604000000060566
11.899880999999999,395,0,1,1,[],0.014937000000060152
11.933214,396,0,1,1,[],0.018270000000061515
11.966547,397,0,1,1,[],0.021603000000062877
11.99988,398,0,1,1,[],0.024936000000062464
12.033213,399,0,1,1,[],0.028269000000063826
12.066545999999999,401,0,1,1,[],0.0016020000000640522
12.099879,402,0,1,1,[],0.004935000000065415
12.133212,403,0,1,1,[],0.008268000000066777
12.166545,404,0,1,1,[],0.011601000000066364
12.199878,405,0,1,1,[],0.014934000000067726
12.233210999999999,406,0,1,1,[],0.018267000000067313
12.266544,407,0,2,1,[],0.021600000000068675
12.299876999999999,408,0,1,1,[],0.02493300000006826
12.33321,409,0,2,1,[],0.028266000000069624
12.366543,411,0,3,1,[],0.0015990000000716265
12.399875999999999,412,0,1,1,[],0.004932000000071213
12.433209,413,0,1,1,[],0.008265000000072575
12.466541999999999,414,0,1,1,[],0.011598000000072162
12.499875,415,0,1,1,[],0.014931000000073524
12.533208,416,0,0,1,[],0.018264000000074887
12.566540999999999,417,0,0,1,[],0.021597000000074473
12.599874,418,0,0,1,[],0.024930000000075836
12.633206999999999,419,0,1,1,[],0.028263000000075422
12.66654,421,0,2,1,[],0.0015960000000774244
12.699873,422,0,2,1,[],0.004929000000078787
12.733206,423,0,3,1,[],0.008262000000078373
12.766539,424,0,2,1,[],0.011595000000079736
12.799871999999999,425,0,1,1,[],0.014928000000079322
12.833205,426,0,2,1,[],0.018261000000080685
12.866538,427,0,2,1,[],0.021594000000082048
12.899871,428,0,1,1,[],0.024927000000081634
12.933204,429,0,1,1,[],0.028260000000082997
12.966536999999999,431,0,1,1,[],0.0015930000000832223
12.99987,432,0,1,1,[],0.004926000000084585
13.033202999999999,433,0,1,1,[],0.008259000000084171
13.066536,434,0,1,1,[],0.011592000000085534
13.099869,435,0,1,1,[],0.014925000000086897
13.133201999999999,436,0,1,1,[],0.018258000000086483
13.166535,437,0,1,1,[],0.021591000000087845
13.199867999999999,438,0,1,1,[],0.024924000000087432
13.233201,439,0,1,1,[],0.028257000000088794
13.266534,441,0,2,1,[],0.0015900000000907966
13.299866999999999,442,0,1,1,[],0.004923000000090383
13.3332,443,0,2,1,[],0.008256000000091746
13.366532999999999,444,0,2,1,[],0.011589000000091332
13.399866,445,0,1,1,[],0.014922000000092694
13.433199,446,0,2,1,[],0.018255000000094057
13.466531999999999,447,0,1,0,[],0.021588000000093643
13.499865,448,0,1,0,[],0.024921000000095006
13.533197999999999,449,0,0,0,[],0.028254000000094592
13.566531,451,0,1,1,[],0.0015870000000965945
13.599864,452,0,1,1,[],0.004920000000097957
13.633197,453,0,1,1,[],0.008253000000097543
13.66653,454,0,1,1,[],0.011586000000098906
13.699862999999999,455,0,1,1,[],0.014919000000098492
13.733196,456,0,1,1,[],0.018252000000099855
13.766529,457,0,1,1,[],0.021585000000101218
13.799862,458,0,0,1,[],0.024918000000100804
13.833195,459,0,3,1,[],0.028251000000102167
13.866527999999999,461,1,0,0,"[[0, 0]]",0.0015840000001023924
13.899861,462,0,3,1,[],0.004917000000103755
13.933193999999999,463,0,0,0,[],0.008250000000103341
13.966527,464,0,0,0,[],0.011583000000104704
13.99986,465,0,0,0,[],0.014916000000106067
14.033192999999999,466,0,0,0,[],0.018249000000105653
14.066526,467,0,0,0,[],0.021582000000107016
14.099858999999999,468,0,0,0,[],0.024915000000106602
14.133192,469,0,0,0,[],0.028248000000107965
14.166525,471,0,0,0,[],0.0015810000001099667
14.199857999999999,472,0,0,0,[],0.004914000000109553
14.233191,473,0,0,0,[],0.008247000000110916
14.266523999999999,474,0,1,0,[],0.011580000000110502
14.299857,475,0,1,0,[],0.014913000000111865
14.33319,476,0,0,0,[],0.018246000000113227
14.366522999999999,477,0,0,0,[],0.021579000000112813
14.399856,478,0,0,0,[],0.024912000000114176
14.433188999999999,479,0,1,0,[],0.028245000000113762
14.466522,481,0,1,0,[],0.0015780000001157646
14.499855,482,0,0,0,[],0.004911000000117127
14.533187999999999,483,0,0,0,[],0.008244000000116714
14.566521,484,0,0,0,[],0.011577000000118076
14.599853999999999,485,0,0,0,[],0.014910000000117662
14.633187,486,0,0,0,[],0.018243000000119025
14.66652,487,0,1,0,[],0.021576000000120388
14.699853,488,0,0,0,[],0.024909000000119974
14.733186,489,0,0,0,[],0.028242000000121337
14.766518999999999,491,0,0,0,[],0.0015750000001215625
14.799852,492,0,0,0,[],0.004908000000122925
14.833184999999999,493,0,0,0,[],0.008241000000122511
14.866518,494,0,1,0,[],0.011574000000123874
14.899851,495,0,0,0,[],0.014907000000125237
14.933183999999999,496,0,0,0,[],0.018240000000124823
14.966517,497,0,0,0,[],0.021573000000126186
14.999849999999999,498,0,0,0,[],0.024906000000125772
15.033183,499,0,1,0,[],0.028239000000127135
15.066516,501,0,0,0,[],0.0015720000001291368
15.099848999999999,502,0,1,0,[],0.004905000000128723
15.133182,503,0,0,0,[],0.008238000000130086
15.166514999999999,504,0,1,0,[],0.011571000000129672
15.199848,505,0,0,1,[],0.014904000000131035
15.233181,506,0,1,1,[],0.018237000000132397
15.266513999999999,507,0,1,1,[],0.021570000000131984
15.299847,508,0,1,1,[],0.024903000000133346
15.333179999999999,509,0,0,1,[],0.028236000000132933
15.366513,511,0,1,1,[],0.0015690000001349347
15.399846,512,0,1,1,[],0.004902000000136297
15.433178999999999,513,0,2,1,[],0.008235000000135884
15.466512,514,0,2,1,[],0.011568000000137246
15.499844999999999,515,0,2,1,[],0.014901000000136833
15.533178,516,0,1,1,[],0.018234000000138195
15.566510999999998,517,0,1,1,[],0.02156700000013778
15.599844,518,0,2,1,[],0.024900000000139144
15.633177,519,0,0,1,[],0.028233000000140507
15.666509999999999,521,0,2,1,[],0.0015660000001407326
15.699843,522,0,2,1,[],0.004899000000142095
15.733175999999998,523,0,1,1,[],0.008232000000141682
15.766509,524,0,1,1,[],0.011565000000143044
15.799842,525,0,1,1,[],0.014898000000144407
15.833174999999999,526,0,1,1,[],0.018231000000143993
15.866508,527,0,2,1,[],0.021564000000145356
15.899840999999999,528,0,1,1,[],0.024897000000144942
15.933174,529,0,1,1,[],0.028230000000146305
15.966507,531,0,1,1,[],0.0015630000001483069
15.999839999999999,532,0,1,1,[],0.004896000000147893
16.033172999999998,533,0,1,1,[],0.008229000000145703
16.066506,534,0,2,1,[],0.011562000000147066
16.099839,535,0,1,1,[],0.014895000000144876
16.133172,536,0,1,1,[],0.018228000000142686
16.166505,537,0,2,1,[],0.02156100000014405
16.199838,538,0,1,1,[],0.024894000000141858
16.233171,539,0,1,1,[],0.028227000000139668
16.266503999999998,541,0,1,1,[],0.0015600000001363412
16.299837,542,0,1,1,[],0.004893000000137704
16.33317,543,0,1,1,[],0.008226000000135514
16.366502999999998,544,0,1,1,[],0.011559000000133324
16.399836,545,0,2,1,[],0.014892000000134686
16.433169,546,0,1,1,[],0.018225000000132496
16.466502,547,0,0,1,[],0.021558000000130306
16.499835,548,0,2,1,[],0.02489100000013167
16.533168,549,0,1,1,[],0.02822400000012948
16.566501,551,0,1,1,[],0.001557000000126152
16.599833999999998,552,0,1,1,[],0.004890000000123962
16.633167,553,0,1,1,[],0.008223000000125325
16.6665,554,0,1,1,[],0.011556000000123134
16.699832999999998,555,0,2,1,[],0.014889000000120944
16.733166,556,0,1,1,[],0.018222000000122307
16.766499,557,0,1,1,[],0.021555000000120117
16.799832,558,0,1,1,[],0.024888000000117927
16.833164999999997,559,0,0,1,[],0.028221000000115737
16.866498,561,0,1,1,[],0.0015540000001159626
16.899831,562,0,2,1,[],0.0048870000001137726
16.933163999999998,563,0,2,1,[],0.008220000000111582
16.966497,564,0,2,1,[],0.011553000000112945
16.99983,565,0,1,1,[],0.014886000000110755
17.033163,566,0,0,1,[],0.018219000000108565
17.066496,567,0,1,1,[],0.021552000000109928
17.099829,568,0,1,1,[],0.024885000000107738
17.133162,569,0,1,1,[],0.028218000000105548
17.166494999999998,571,0,1,1,[],0.0015510000001022206
17.199828,572,0,1,1,[],0.004884000000103583
17.233161,573,0,2,1,[],0.008217000000101393
17.266493999999998,574,0,2,1,[],0.011550000000099203
17.299827,575,0,2,1,[],0.014883000000100566
17.33316,576,0,2,1,[],0.018216000000098376
17.366493,577,0,1,1,[],0.021549000000096186
17.399826,578,0,1,1,[],0.02488200000009755
17.433159,579,0,2,1,[],0.028215000000095358
17.466492,581,0,1,1,[],0.0015480000000920313
17.499824999999998,582,0,1,1,[],0.004881000000089841
17.533158,583,0,2,1,[],0.008214000000091204
17.566491,584,0,1,1,[],0.011547000000089014
17.599823999999998,585,0,2,1,[],0.014880000000086824
17.633157,586,0,2,1,[],0.018213000000088186
17.66649,587,0,2,1,[],0.021546000000085996
17.699823,588,0,2,1,[],0.024879000000083806
17.733155999999997,589,0,2,1,[],0.028212000000081616
17.766489,591,0,1,1,[],0.001545000000081842
17.799822,592,0,1,1,[],0.004878000000079652
17.833154999999998,593,0,1,1,[],0.008211000000077462
17.866488,594,0,1,1,[],0.011544000000078825
17.899821,595,0,1,1,[],0.014877000000076634
17.933154,596,0,2,1,[],0.018210000000074444
17.966487,597,0,1,1,[],0.021543000000075807
17.99982,598,0,1,1,[],0.024876000000073617
18.033153,599,0,1,1,[],0.028209000000071427
18.066485999999998,601,0,2,1,[],0.0015420000000681
18.099819,602,0,1,1,[],0.004875000000069463
18.133152,603,0,1,1,[],0.008208000000067273
18.166484999999998,604,0,1,1,[],0.011541000000065083
18.199818,605,0,1,1,[],0.014874000000066445
18.233151,606,0,1,1,[],0.018207000000064255
18.266484,607,0,1,1,[],0.021540000000062065
18.299817,608,0,1,1,[],0.024873000000063428
18.33315,609,0,1,1,[],0.028206000000061238
18.366483,611,0,1,1,[],0.0015390000000579107
18.399815999999998,612,0,1,1,[],0.004872000000055721
18.433149,613,0,1,1,[],0.008205000000057083
18.466482,614,0,1,1,[],0.011538000000054893
18.499814999999998,615,0,2,1,[],0.014871000000052703
18.533148,616,0,1,1,[],0.018204000000054066
18.566481,617,0,1,1,[],0.021537000000051876
18.599814,618,0,2,1,[],0.024870000000049686
18.633146999999997,619,0,1,1,[],0.028203000000047496
18.66648,621,0,1,1,[],0.0015360000000477214
18.699813,622,0,1,1,[],0.004869000000045531
18.733145999999998,623,0,1,1,[],0.008202000000043341
18.766479,624,0,1,1,[],0.011535000000044704
18.799812,625,0,1,1,[],0.014868000000042514
18.833145,626,0,1,1,[],0.018201000000040324
18.866478,627,0,1,1,[],0.021534000000041686
18.899811,628,0,1,1,[],0.024867000000039496
18.933144,629,0,1,1,[],0.028200000000037306
18.966476999999998,631,0,1,1,[],0.0015330000000339794
18.99981,632,0,1,1,[],0.004866000000035342
19.033143,633,0,3,1,[],0.008199000000033152
19.066475999999998,634,0,0,1,[],0.011532000000030962
19.099809,635,0,1,1,[],0.014865000000032325
19.133142,636,0,1,1,[],0.018198000000030135
19.166475,637,0,0,1,[],0.021531000000027944
19.199808,638,0,2,1,[],0.024864000000029307
19.233141,639,0,2,1,[],0.028197000000027117
19.266474,641,0,2,1,[],0.00153000000002379
19.299806999999998,642,0,1,1,[],0.0048630000000216
19.33314,643,0,2,1,[],0.008196000000022963
19.366473,644,0,1,1,[],0.011529000000020773
19.399805999999998,645,0,1,1,[],0.014862000000018583
19.433139,646,0,1,1,[],0.018195000000019945
19.466472,647,0,0,1,[],0.021528000000017755
19.499805,648,0,1,1,[],0.024861000000015565
19.533137999999997,649,0,1,1,[],0.028194000000013375
19.566471,651,0,1,1,[],0.0015270000000136008
19.599804,652,0,1,1,[],0.004860000000011411
19.633136999999998,653,0,1,1,[],0.00819300000000922
19.66647,654,0,1,1,[],0.011526000000010583
19.699803,655,0,1,1,[],0.014859000000008393
19.733136,656,0,2,1,[],0.018192000000006203
19.766469,657,0,2,1,[],0.021525000000007566
19.799802,658,0,1,1,[],0.024858000000005376
19.833135,659,0,2,1,[],0.028191000000003186
19.866467999999998,661,0,2,1,[],0.0015239999999998588
19.899801,662,0,1,1,[],0.0048570000000012215
19.933134,663,0,3,1,[],0.008189999999999031
19.966466999999998,664,0,2,1,[],0.011522999999996841
19.9998,665,0,1,1,[],0.014855999999998204
20.033133,666,0,1,1,[],0.018188999999996014
20.066466,667,0,1,1,[],0.021521999999993824
20.099799,668,0,1,1,[],0.024854999999995186
20.133132,669,0,1,1,[],0.028187999999992996
20.166465,671,0,1,1,[],0.0015209999999896695
20.199797999999998,672,0,2,1,[],0.0048539999999874794
20.233131,673,0,3,1,[],0.008186999999988842
20.266464,674,0,1,1,[],0.011519999999986652
20.299796999999998,675,0,1,1,[],0.014852999999984462
20.33313,676,0,1,1,[],0.018185999999985825
20.366463,677,0,1,1,[],0.021518999999983635
20.399796,678,0,1,1,[],0.024851999999981444
20.433128999999997,679,0,1,1,[],0.028184999999979254
20.466462,681,0,1,1,[],0.0015179999999794802
20.499795,682,0,1,1,[],0.00485099999997729
20.533127999999998,683,0,1,1,[],0.0081839999999751
20.566461,684,0,1,1,[],0.011516999999976463
20.599794,685,0,1,1,[],0.014849999999974273
20.633126999999998,686,0,1,1,[],0.018182999999972083
20.66646,687,0,1,1,[],0.021515999999973445
20.699793,688,0,0,1,[],0.024848999999971255
20.733126,689,0,1,1,[],0.028181999999969065
20.766458999999998,691,0,3,1,[],0.0015149999999657382
20.799792,692,0,1,1,[],0.004847999999967101
20.833125,693,0,2,1,[],0.00818099999996491
20.866457999999998,694,0,2,1,[],0.01151399999996272
20.899791,695,0,1,1,[],0.014846999999964083
20.933124,696,0,1,1,[],0.018179999999961893
20.966457,697,0,1,1,[],0.021512999999959703
20.999789999999997,698,0,1,1,[],0.024845999999957513
21.033123,699,0,1,1,[],0.028178999999958876
21.066456,701,0,2,1,[],0.001511999999955549
21.099788999999998,702,0,1,1,[],0.004844999999953359
21.133122,703,0,1,1,[],0.008177999999954721
21.166455,704,0,0,1,[],0.011510999999952531
21.199787999999998,705,0,1,1,[],0.014843999999950341
21.233121,706,0,0,1,[],0.018176999999951704
21.266454,707,0,1,1,[],0.021509999999949514
21.299787,708,0,3,1,[],0.024842999999947324
21.333119999999997,709,0,2,1,[],0.028175999999945134
21.366453,711,0,2,1,[],0.0015089999999453596
21.399786,712,0,1,1,[],0.0048419999999431695
21.433118999999998,713,0,2,1,[],0.00817499999994098
21.466452,714,0,1,1,[],0.011507999999942342
21.499785,715,0,1,1,[],0.014840999999940152
21.533117999999998,716,0,1,1,[],0.018173999999937962
21.566451,717,0,1,1,[],0.021506999999939325
21.599784,718,0,1,1,[],0.024839999999937135
21.633117,719,0,2,1,[],0.028172999999934945
21.666449999999998,721,0,2,1,[],0.0015059999999316176
21.699783,722,0,2,1,[],0.00483899999993298
21.733116,723,0,0,1,[],0.00817199999993079
21.766448999999998,724,0,0,1,[],0.0115049999999286
21.799782,725,0,0,1,[],0.014837999999929963
21.833115,726,0,1,1,[],0.018170999999927773
21.866448,727,0,0,1,[],0.021503999999925583
21.899780999999997,728,0,2,1,[],0.024836999999923393
21.933114,729,0,0,1,[],0.028169999999924755
21.966447,731,0,1,1,[],0.0015029999999214283
21.999779999999998,732,0,2,1,[],0.004835999999919238
22.033113,733,0,1,1,[],0.008168999999920601
22.066446,734,0,1,1,[],0.01150199999991841
22.099778999999998,735,0,0,1,[],0.01483499999991622
22.133112,736,0,0,1,[],0.018167999999917583
22.166445,737,0,2,1,[],0.021500999999915393
22.199778,738,0,0,1,[],0.024833999999913203
22.233110999999997,739,0,1,1,[],0.028166999999911013
22.266444,741,0,0,1,[],0.001499999999911239
22.299777,742,0,0,1,[],0.004832999999909049
22.333109999999998,743,0,0,1,[],0.008165999999906859
22.366443,744,0,1,1,[],0.011498999999908222
22.399776,745,0,0,1,[],0.014831999999906031
22.433108999999998,746,0,2,1,[],0.01816499999990384
22.466442,747,0,1,1,[],0.021497999999905204
22.499775,748,0,1,1,[],0.024830999999903014
22.533108,749,0,1,1,[],0.028163999999900824
22.566440999999998,751,0,2,1,[],0.001496999999897497
22.599774,752,0,1,1,[],0.00482999999989886
22.633107,753,0,1,1,[],0.00816299999989667
22.666439999999998,754,0,1,1,[],0.01149599999989448
22.699773,755,0,1,1,[],0.014828999999895842
22.733106,756,0,2,1,[],0.018161999999893652
22.766439,757,0,2,1,[],0.021494999999891462
22.799771999999997,758,0,1,1,[],0.024827999999889272
22.833105,759,0,1,1,[],0.028160999999890635
22.866438,761,0,1,1,[],0.0014939999998873077
22.899770999999998,762,0,2,1,[],0.004826999999885118
22.933104,763,0,1,1,[],0.00815999999988648
22.966437,764,0,2,1,[],0.01149299999988429
22.999769999999998,765,0,1,1,[],0.0148259999998821
23.033103,766,0,1,1,[],0.018158999999883463
23.066436,767,0,1,1,[],0.021491999999881273
23.099769,768,0,1,1,[],0.024824999999879083
23.133101999999997,769,0,2,1,[],0.028157999999876893
23.166435,771,0,1,1,[],0.0014909999998771184
23.199768,772,0,1,1,[],0.004823999999874928
23.233100999999998,773,0,1,1,[],0.008156999999872738
23.266434,774,0,1,1,[],0.011489999999874101
23.299767,775,0,1,1,[],0.01482299999987191
23.333099999999998,776,0,1,1,[],0.01815599999986972
23.366433,777,0,1,1,[],0.021488999999871083
23.399766,778,0,1,1,[],0.024821999999868893
23.433099,779,0,1,1,[],0.028154999999866703
23.466431999999998,781,0,1,1,[],0.0014879999998633764
23.499765,782,0,1,1,[],0.004820999999864739
23.533098,783,0,0,1,[],0.008153999999862549
23.566430999999998,784,0,1,1,[],0.011486999999860359
23.599764,785,0,1,1,[],0.014819999999861722
23.633097,786,0,2,1,[],0.01815299999985953
23.66643,787,0,0,1,[],0.02148599999985734
23.699762999999997,788,0,1,1,[],0.02481899999985515
23.733096,789,0,2,1,[],0.028151999999856514
23.766429,791,0,1,1,[],0.001484999999853187
23.799761999999998,792,0,2,1,[],0.004817999999850997
23.833095,793,0,2,1,[],0.00815099999985236
23.866428,794,0,0,1,[],0.01148399999985017
23.899760999999998,795,0,1,1,[],0.01481699999984798
23.933094,796,0,1,1,[],0.018149999999849342
23.966427,797,0,3,1,[],0.021482999999847152
23.99976,798,0,1,1,[],0.024815999999844962
24.033092999999997,799,0,2,1,[],0.028148999999842772
24.066426,801,0,1,1,[],0.0014819999998429978
24.099759,802,0,0,1,[],0.004814999999840808
24.133091999999998,803,0,1,1,[],0.008147999999838618
24.166425,804,0,0,1,[],0.01148099999983998
24.199758,805,0,1,1,[],0.01481399999983779
24.233090999999998,806,0,0,1,[],0.0181469999998356
24.266424,807,0,1,1,[],0.021479999999836963
24.299757,808,0,1,1,[],0.024812999999834773
24.33309,809,0,1,1,[],0.028145999999832583
24.366422999999998,811,0,1,1,[],0.0014789999998292558
24.399756,812,0,1,1,[],0.0048119999998306184
24.433089,813,0,1,1,[],0.008144999999828428
24.466421999999998,814,0,1,1,[],0.011477999999826238
24.499755,815,0,2,1,[],0.014810999999827601
24.533088,816,0,2,1,[],0.01814399999982541
24.566421,817,0,2,1,[],0.02147699999982322
24.599753999999997,818,0,1,1,[],0.02480999999982103
24.633087,819,0,1,1,[],0.028142999999822393
24.66642,821,0,1,1,[],0.0014759999998190665
24.699752999999998,822,0,1,1,[],0.004808999999816876
24.733086,823,0,2,1,[],0.008141999999818239
24.766419,824,0,1,1,[],0.011474999999816049
24.799751999999998,825,0,1,1,[],0.014807999999813859
24.833085,826,0,2,1,[],0.01814099999981522
24.866418,827,0,1,1,[],0.02147399999981303
24.899751,828,0,1,1,[],0.02480699999981084
24.933083999999997,829,0,2,1,[],0.02813999999980865
24.966417,831,0,3,1,[],0.0014729999998088772
24.99975,832,0,3,1,[],0.004805999999806687
25.033082999999998,833,0,1,1,[],0.008138999999804497
25.066416,834,0,1,1,[],0.01147199999980586
25.099749,835,0,2,1,[],0.01480499999980367
25.133081999999998,836,0,1,1,[],0.01813799999980148
25.166414999999997,837,0,2,1,[],0.02147099999979929
25.199748,838,0,2,1,[],0.024803999999800652
25.233081,839,0,2,1,[],0.028136999999798462
25.266413999999997,841,0,3,1,[],0.0014699999997951352
25.299747,842,0,2,1,[],0.004802999999796498
25.33308,843,0,1,1,[],0.008135999999794308
25.366412999999998,844,0,1,1,[],0.011468999999792118
25.399746,845,0,1,1,[],0.01480199999979348
25.433079,846,0,1,1,[],0.01813499999979129
25.466412,847,0,1,1,[],0.0214679999997891
25.499744999999997,848,0,1,1,[],0.02480099999978691
25.533078,849,0,1,1,[],0.028133999999788273
25.566411,851,0,1,1,[],0.0014669999997849459
25.599743999999998,852,1,0,0,"[[0, 0]]",0.004799999999782756
25.633077,853,0,1,1,[],0.008132999999784118
25.66641,854,0,0,1,[],0.011465999999781928
25.699742999999998,855,0,1,1,[],0.014798999999779738
25.733076,856,0,0,1,[],0.0181319999997811
25.766409,857,0,0,1,[],0.02146499999977891
25.799742,858,0,2,1,[],0.02479799999977672
25.833074999999997,859,0,1,1,[],0.02813099999977453
25.866408,861,0,0,1,[],0.0014639999997747566
25.899741,862,0,2,1,[],0.0047969999997725665
25.933073999999998,863,0,1,1,[],0.008129999999770376
25.966407,864,0,1,1,[],0.011462999999771739
25.99974,865,0,1,1,[],0.014795999999769549
26.033072999999998,866,0,1,1,[],0.01812899999976736
26.066405999999997,867,0,0,1,[],0.02146199999976517
26.099739,868,0,2,1,[],0.02479499999976653
26.133072,869,0,1,1,[],0.02812799999976434
26.166404999999997,871,0,1,1,[],0.0014609999997610146
26.199738,872,0,1,1,[],0.004793999999762377
26.233071,873,0,3,1,[],0.008126999999760187
26.266403999999998,874,0,1,1,[],0.011459999999757997
26.299737,875,0,2,1,[],0.01479299999975936
26.33307,876,0,1,1,[],0.01812599999975717
26.366403,877,0,3,1,[],0.02145899999975498
26.399735999999997,878,0,0,1,[],0.02479199999975279
26.433069,879,0,2,1,[],0.028124999999754152
26.466402,881,0,2,1,[],0.0014579999997508253
26.499734999999998,882,0,0,1,[],0.004790999999748635
26.533068,883,0,2,1,[],0.008123999999749998
26.566401,884,0,3,1,[],0.011456999999747808
26.599733999999998,885,0,1,1,[],0.014789999999745618
26.633067,886,0,1,1,[],0.01812299999974698
26.6664,887,0,1,1,[],0.02145599999974479
26.699733,888,0,1,1,[],0.0247889999997426
26.733065999999997,889,0,2,1,[],0.02812199999974041
26.766399,891,0,2,1,[],0.001454999999740636
26.799732,892,0,2,1,[],0.004787999999738446
26.833064999999998,893,0,2,1,[],0.008120999999736256
26.866398,894,0,2,1,[],0.011453999999737619
26.899731,895,0,2,1,[],0.014786999999735428
26.933063999999998,896,0,1,1,[],0.01811999999973324
26.966396999999997,897,0,1,1,[],0.02145299999973105
26.99973,898,0,1,1,[],0.02478599999973241
27.033063,899,0,1,1,[],0.02811899999973022
27.066395999999997,901,0,2,1,[],0.001451999999726894
27.099729,902,0,1,1,[],0.004784999999728257
27.133062,903,0,2,1,[],0.008117999999726067
27.166394999999998,904,0,2,1,[],0.011450999999723876
27.199728,905,0,3,1,[],0.01478399999972524
27.233061,906,0,0,1,[],0.01811699999972305
27.266394,907,0,1,1,[],0.02144999999972086
27.299726999999997,908,0,1,1,[],0.02478299999971867
27.33306,909,0,1,1,[],0.02811599999972003
27.366393,911,0,1,1,[],0.0014489999997167047
27.399725999999998,912,0,2,1,[],0.004781999999714515
27.433059,913,0,1,1,[],0.008114999999715877
27.466392,914,0,2,1,[],0.011447999999713687
27.499724999999998,915,0,2,1,[],0.014780999999711497
27.533058,916,0,2,1,[],0.01811399999971286
27.566391,917,0,1,1,[],0.02144699999971067
27.599724,918,0,1,1,[],0.02477999999970848
27.633056999999997,919,0,2,1,[],0.02811299999970629
27.66639,921,0,1,1,[],0.0014459999997065154
27.699723,922,0,2,1,[],0.004778999999704325
27.733055999999998,923,0,1,1,[],0.008111999999702135
27.766389,924,0,1,1,[],0.011444999999703498
27.799722,925,0,2,1,[],0.014777999999701308
27.833054999999998,926,0,1,1,[],0.018110999999699118
27.866387999999997,927,0,1,1,[],0.021443999999696928
27.899721,928,0,0,1,[],0.02477699999969829
27.933054,929,0,1,1,[],0.0281099999996961
27.966386999999997,931,0,1,1,[],0.0014429999996927734
27.99972,932,0,2,1,[],0.004775999999694136
28.033053,933,0,2,1,[],0.008108999999691946
28.066385999999998,934,0,3,1,[],0.011441999999689756
28.099719,935,0,3,1,[],0.014774999999691119
28.133052,936,0,1,1,[],0.01810799999968893
28.166385,937,0,2,1,[],0.02144099999968674
28.199717999999997,938,0,1,1,[],0.02477399999968455
28.233051,939,0,2,1,[],0.02810699999968591
28.266384,941,0,2,1,[],0.001439999999682584
28.299716999999998,942,0,1,1,[],0.004772999999680394
28.33305,943,0,2,1,[],0.008105999999681757
28.366383,944,0,2,1,[],0.011438999999679567
28.399715999999998,945,0,2,1,[],0.014771999999677377
28.433049,946,0,1,1,[],0.01810499999967874
28.466382,947,0,1,1,[],0.02143799999967655
28.499715,948,0,1,1,[],0.02477099999967436
28.533047999999997,949,0,1,1,[],0.02810399999967217
28.566381,951,0,3,1,[],0.0014369999996723948
28.599714,952,0,2,1,[],0.004769999999670205
28.633046999999998,953,0,2,1,[],0.008102999999668015
28.66638,954,0,1,1,[],0.011435999999669377
28.699713,955,0,1,1,[],0.014768999999667187
28.733045999999998,956,0,2,1,[],0.018101999999664997
28.766378999999997,957,0,1,1,[],0.021434999999662807
28.799712,958,0,0,1,[],0.02476799999966417
28.833045,959,0,1,1,[],0.02810099999966198
28.866377999999997,961,0,0,1,[],0.0014339999996586528
28.899711,962,0,1,1,[],0.004766999999660015
28.933044,963,0,0,1,[],0.008099999999657825
28.966376999999998,964,0,0,1,[],0.011432999999655635
28.99971,965,0,0,1,[],0.014765999999656998
29.033043,966,0,1,1,[],0.018098999999654808
29.066375999999998,967,0,0,1,[],0.021431999999652618
29.099708999999997,968,0,1,1,[],0.024764999999650428
29.133042,969,0,0,1,[],0.02809799999965179
29.166375,971,0,0,1,[],0.0014309999996484635
29.199707999999998,972,0,1,1,[],0.004763999999646273
29.233041,973,0,0,1,[],0.008096999999647636
29.266374,974,0,1,1,[],0.011429999999645446
29.299706999999998,975,0,1,1,[],0.014762999999643256
29.33304,976,0,0,1,[],0.01809599999964462
29.366373,977,0,0,1,[],0.02142899999964243
29.399706,978,0,0,1,[],0.02476199999964024
29.433038999999997,979,0,0,1,[],0.02809499999963805
29.466372,981,0,1,1,[],0.0014279999996382742
29.499705,982,0,0,1,[],0.004760999999636084
29.533037999999998,983,0,0,1,[],0.008093999999633894
29.566371,984,0,0,1,[],0.011426999999635257
29.599704,985,0,0,1,[],0.014759999999633067
29.633036999999998,986,0,0,1,[],0.018092999999630877
29.666369999999997,987,0,0,1,[],0.021425999999628687
29.699703,988,0,0,1,[],0.02475899999963005
29.733036,989,0,0,1,[],0.02809199999962786
29.766368999999997,991,0,0,1,[],0.0014249999996245322
29.799702,992,0,0,1,[],0.004757999999625895
29.833035,993,0,2,1,[],0.008090999999623705
29.866367999999998,994,0,1,1,[],0.011423999999621515
29.899701,995,0,0,1,[],0.014756999999622877
29.933034,996,0,0,1,[],0.018089999999620687
29.966366999999998,997,0,0,1,[],0.021422999999618497
29.999699999999997,998,0,0,1,[],0.024755999999616307
30.033033,999,0,1,1,[],0.02808899999961767
30.066366,1001,0,0,1,[],0.0014219999996143429
30.099698999999998,1002,0,0,1,[],0.004754999999612153
30.133032,1003,0,0,1,[],0.008087999999613515
30.166365,1004,0,0,1,[],0.011420999999611325
30.199697999999998,1005,0,1,1,[],0.014753999999609135
30.233030999999997,1006,0,1,1,[],0.018086999999606945
30.266364,1007,0,2,1,[],0.021419999999608308
30.299697,1008,0,1,1,[],0.024752999999606118
30.333029999999997,1009,0,1,1,[],0.028085999999603928
30.366363,1011,0,0,1,[],0.0014189999996041536
30.399696,1012,0,1,1,[],0.0047519999996019635
30.433028999999998,1013,0,0,1,[],0.008084999999599773
30.466362,1014,0,1,1,[],0.011417999999601136
30.499695,1015,0,1,1,[],0.014750999999598946
30.533027999999998,1016,0,1,1,[],0.018083999999596756
30.566360999999997,1017,0,1,1,[],0.021416999999594566
30.599694,1018,0,2,1,[],0.02474999999959593
30.633027,1019,0,1,1,[],0.02808299999959374
30.666359999999997,1021,0,1,1,[],0.0014159999995904116
30.699693,1022,0,1,1,[],0.004748999999591774
30.733026,1023,0,1,1,[],0.008081999999589584
30.766358999999998,1024,0,1,1,[],0.011414999999587394
30.799692,1025,0,1,1,[],0.014747999999588757
30.833025,1026,0,1,1,[],0.018080999999586567
30.866357999999998,1027,0,1,1,[],0.021413999999584377
30.899690999999997,1028,0,1,1,[],0.024746999999582187
30.933024,1029,0,1,1,[],0.02807999999958355
30.966357,1031,0,1,1,[],0.0014129999995802223
30.999689999999998,1032,0,1,1,[],0.004745999999578032
31.033023,1033,0,2,1,[],0.008078999999579395
31.066356,1034,0,1,1,[],0.011411999999577205
31.099688999999998,1035,0,2,1,[],0.014744999999575015
31.133021999999997,1036,0,2,1,[],0.018077999999572825
31.166355,1037,0,1,1,[],0.021410999999574187
31.199688,1038,0,1,1,[],0.024743999999571997
31.233020999999997,1039,0,1,1,[],0.028076999999569807
31.266354,1041,0,1,1,[],0.001409999999570033
31.299687,1042,0,1,1,[],0.004742999999567843
31.333019999999998,1043,0,1,1,[],0.008075999999565653
31.366353,1044,0,2,1,[],0.011408999999567015
31.399686,1045,0,1,1,[],0.014741999999564825
31.433018999999998,1046,0,2,1,[],0.018074999999562635
31.466351999999997,1047,0,1,1,[],0.021407999999560445
31.499685,1048,0,1,1,[],0.024740999999561808
31.533018,1049,0,1,1,[],0.028073999999559618
31.566350999999997,1051,0,1,1,[],0.001406999999556291
31.599684,1052,0,1,1,[],0.004739999999557654
31.633017,1053,0,3,1,[],0.008072999999555464
31.666349999999998,1054,0,1,1,[],0.011405999999553273
31.699683,1055,0,2,1,[],0.014738999999554636
31.733016,1056,0,1,1,[],0.018071999999552446
31.766348999999998,1057,0,2,1,[],0.021404999999550256
31.799681999999997,1058,0,1,1,[],0.024737999999548066
31.833015,1059,0,2,1,[],0.02807099999954943
31.866348,1061,0,0,1,[],0.0014039999995461017
31.899680999999998,1062,0,1,1,[],0.004736999999543912
31.933014,1063,0,2,1,[],0.008069999999545274
31.966347,1064,0,2,1,[],0.011402999999543084
31.999679999999998,1065,0,2,1,[],0.014735999999540894
32.033013,1066,0,1,1,[],0.018068999999542257
32.066345999999996,1067,0,2,1,[],0.021401999999540067
32.099679,1068,0,2,1,[],0.024734999999544982
32.133012,1069,0,1,1,[],0.028067999999542792
32.166345,1071,0,1,1,[],0.001400999999539465
32.199678,1072,0,2,1,[],0.004733999999537275
32.233011,1073,0,1,1,[],0.008066999999535085
32.266344,1074,0,1,1,[],0.011399999999532895
32.299676999999996,1075,0,1,1,[],0.014732999999530705
32.33301,1076,0,2,1,[],0.01806599999953562
32.366343,1077,0,1,1,[],0.02139899999953343
32.399676,1078,0,2,1,[],0.02473199999953124
32.433009,1079,0,2,1,[],0.02806499999952905
32.466342,1081,0,1,1,[],0.001397999999525723
32.499674999999996,1082,0,2,1,[],0.004730999999523533
32.533007999999995,1083,0,2,1,[],0.008063999999521343
32.566341,1084,0,1,1,[],0.011396999999526258
32.599674,1085,0,1,1,[],0.014729999999524068
32.633007,1086,0,1,1,[],0.018062999999521878
32.66634,1087,0,2,1,[],0.021395999999519688
32.699673,1088,0,2,1,[],0.024728999999517498
32.733005999999996,1089,0,3,1,[],0.028061999999515308
32.766338999999995,1091,0,1,1,[],0.001394999999511981
32.799672,1092,0,1,1,[],0.004727999999516896
32.833005,1093,0,1,1,[],0.008060999999514706
32.866338,1094,0,1,1,[],0.011393999999512516
32.899671,1095,0,1,1,[],0.014726999999510326
32.933004,1096,0,1,1,[],0.018059999999508136
32.966336999999996,1097,0,1,1,[],0.021392999999505946
32.99967,1098,0,2,1,[],0.02472599999951086
33.033003,1099,0,1,1,[],0.02805899999950867
33.066336,1101,0,1,1,[],0.0013919999995053445
33.099669,1102,0,0,1,[],0.004724999999503154
33.133002,1103,0,1,1,[],0.008057999999500964
33.166335,1104,0,2,1,[],0.011390999999498774
33.199667999999996,1105,0,1,1,[],0.014723999999496584
33.233001,1106,0,1,1,[],0.0180569999995015
33.266334,1107,0,1,1,[],0.02138999999949931
33.299667,1108,0,1,1,[],0.02472299999949712
33.333,1109,0,1,1,[],0.02805599999949493
33.366333,1111,0,2,1,[],0.0013889999994916025
33.399665999999996,1112,0,1,1,[],0.004721999999489412
33.432998999999995,1113,0,1,1,[],0.008054999999487222
33.466332,1114,0,1,1,[],0.011387999999492138
33.499665,1115,0,1,1,[],0.014720999999489948
33.532998,1116,0,1,1,[],0.018053999999487758
33.566331,1117,0,1,1,[],0.021386999999485568
33.599664,1118,0,2,1,[],0.024719999999483377
33.632996999999996,1119,0,2,1,[],0.028052999999481187
33.666329999999995,1121,0,2,1,[],0.0013859999994778605
33.699663,1122,0,1,1,[],0.004718999999482776
33.732996,1123,0,3,1,[],0.008051999999480586
33.766329,1124,0,0,1,[],0.011384999999478396
33.799662,1125,0,0,1,[],0.014717999999476206
33.832995,1126,0,0,1,[],0.018050999999474016
33.866327999999996,1127,0,2,1,[],0.021383999999471826
33.899661,1128,0,2,1,[],0.02471699999947674
33.932994,1129,0,1,1,[],0.02804999999947455
33.966327,1131,0,1,1,[],0.0013829999994712239
33.99966,1132,0,1,1,[],0.004715999999469034
34.032993,1133,0,1,1,[],0.008048999999466844
34.066326,1134,0,2,1,[],0.011381999999464654
34.099658999999996,1135,0,1,1,[],0.014714999999462464
34.132992,1136,0,1,1,[],0.01804799999946738
34.166325,1137,0,1,1,[],0.02138099999946519
34.199658,1138,0,1,1,[],0.024713999999463
34.232991,1139,0,1,1,[],0.02804699999946081
34.266324,1141,0,0,1,[],0.0013799999994574819
34.299656999999996,1142,0,3,1,[],0.004712999999455292
34.332989999999995,1143,0,0,1,[],0.008045999999453102
34.366323,1144,0,1,1,[],0.011378999999458017
34.399656,1145,0,2,1,[],0.014711999999455827
34.432989,1146,0,2,1,[],0.018044999999453637
34.466322,1147,0,2,1,[],0.021377999999451447
34.499655,1148,0,1,1,[],0.024710999999449257
34.532987999999996,1149,0,2,1,[],0.028043999999447067
34.566320999999995,1151,0,1,1,[],0.0013769999994437399
34.599654,1152,0,0,1,[],0.004709999999448655
34.632987,1153,0,2,1,[],0.008042999999446465
34.66632,1154,0,2,1,[],0.011375999999444275
34.699653,1155,0,2,1,[],0.014708999999442085
34.732986,1156,0,2,1,[],0.018041999999439895
34.766318999999996,1157,0,2,1,[],0.021374999999437705
34.799652,1158,0,2,1,[],0.02470799999944262
34.832985,1159,0,0,1,[],0.02804099999944043
34.866318,1161,0,1,1,[],0.0013739999994371033
34.899651,1162,0,1,1,[],0.004706999999434913
34.932984,1163,0,2,1,[],0.008039999999432723
34.966317,1164,0,1,1,[],0.011372999999430533
34.999649999999995,1165,0,1,1,[],0.014705999999428343
35.032983,1166,0,1,1,[],0.01803899999943326
35.066316,1167,0,2,1,[],0.02137199999943107
35.099649,1168,0,1,1,[],0.024704999999428878
35.132982,1169,0,1,1,[],0.028037999999426688
35.166315,1171,0,1,1,[],0.0013709999994233613
35.199647999999996,1172,0,1,1,[],0.004703999999421171
35.232980999999995,1173,0,1,1,[],0.008036999999418981
35.266314,1174,0,2,1,[],0.011369999999423896
35.299647,1175,0,2,1,[],0.014702999999421706
35.33298,1176,0,1,1,[],0.018035999999419516
35.366313,1177,0,1,1,[],0.021368999999417326
35.399646,1178,0,1,1,[],0.024701999999415136
35.432978999999996,1179,0,1,1,[],0.028034999999412946
35.466311999999995,1181,0,1,1,[],0.0013679999994096192
35.499645,1182,0,1,1,[],0.004700999999414535
35.532978,1183,0,1,1,[],0.008033999999412345
35.566311,1184,0,1,1,[],0.011366999999410154
35.599644,1185,0,1,1,[],0.014699999999407964
35.632977,1186,0,1,1,[],0.018032999999405774
35.666309999999996,1187,0,1,1,[],0.021365999999403584
35.699643,1188,0,1,1,[],0.0246989999994085
35.732976,1189,0,1,1,[],0.02803199999940631
35.766309,1191,0,1,1,[],0.0013649999994029827
35.799642,1192,0,1,1,[],0.004697999999400793
35.832975,1193,0,1,1,[],0.008030999999398603
35.866308,1194,0,1,1,[],0.011363999999396412
35.899640999999995,1195,0,1,1,[],0.014696999999394222
35.932974,1196,0,1,1,[],0.018029999999399138
35.966307,1197,0,1,1,[],0.021362999999396948
35.99964,1198,0,1,1,[],0.024695999999394758
36.032973,1199,0,1,1,[],0.028028999999392568
36.066306,1201,0,1,1,[],0.0013619999993892407
36.099638999999996,1202,0,1,1,[],0.004694999999387051
36.132971999999995,1203,0,2,1,[],0.00802799999938486
36.166305,1204,0,1,1,[],0.011360999999389776
36.199638,1205,0,0,1,[],0.014693999999387586
36.232971,1206,0,1,1,[],0.018026999999385396
36.266304,1207,0,1,1,[],0.021359999999383206
36.299637,1208,0,2,1,[],0.024692999999381016
36.332969999999996,1209,0,1,1,[],0.028025999999378826
36.366302999999995,1211,0,0,1,[],0.0013589999993754986
36.399636,1212,0,0,1,[],0.004691999999380414
36.432969,1213,0,2,1,[],0.008024999999378224
36.466302,1214,0,1,1,[],0.011357999999376034
36.499635,1215,0,1,1,[],0.014690999999373844
36.532968,1216,0,1,1,[],0.018023999999371654
36.566300999999996,1217,0,2,1,[],0.021356999999369464
36.599634,1218,0,1,1,[],0.02468999999937438
36.632967,1219,0,1,1,[],0.02802299999937219
36.6663,1221,1,0,0,"[[0, 0]]",0.001355999999368862
36.699633,1222,1,0,0,"[[0, 0]]",0.004688999999366672
36.732966,1223,0,1,1,[],0.008021999999364482
36.766299,1224,0,0,1,[],0.011354999999362292
36.799631999999995,1225,0,0,1,[],0.014687999999360102
36.832965,1226,0,0,1,[],0.018020999999365017
36.866298,1227,0,0,1,[],0.021353999999362827
36.899631,1228,0,1,1,[],0.024686999999360637
36.932964,1229,0,0,1,[],0.028019999999358447
36.966297,1231,0,0,1,[],0.00135299999935512
36.999629999999996,1232,0,0,1,[],0.00468599999935293
37.032962999999995,1233,0,1,1,[],0.00801899999935074
37.066296,1234,0,0,1,[],0.011351999999355655
37.099629,1235,0,0,1,[],0.014684999999353465
37.132962,1236,0,0,1,[],0.018017999999351275
37.166295,1237,0,1,1,[],0.021350999999349085
37.199628,1238,0,0,1,[],0.024683999999346895
37.232960999999996,1239,0,0,1,[],0.028016999999344705
37.266293999999995,1241,0,0,1,[],0.001349999999341378
37.299627,1242,0,1,1,[],0.004682999999346293
37.33296,1243,0,0,1,[],0.008015999999344103
37.366293,1244,0,0,1,[],0.011348999999341913
37.399626,1245,0,0,1,[],0.014681999999339723
37.432959,1246,0,0,1,[],0.018014999999337533
37.466291999999996,1247,0,0,1,[],0.021347999999335343
37.499625,1248,0,0,1,[],0.02468099999934026
37.532958,1249,0,1,1,[],0.02801399999933807
37.566291,1251,0,1,1,[],0.0013469999993347415
37.599624,1252,0,2,1,[],0.004679999999332551
37.632957,1253,0,2,1,[],0.008012999999330361
37.66629,1254,0,1,1,[],0.011345999999328171
37.699622999999995,1255,0,1,1,[],0.014678999999325981
37.732956,1256,0,2,1,[],0.018011999999330897
37.766289,1257,0,1,1,[],0.021344999999328707
37.799622,1258,0,1,1,[],0.024677999999326516
37.832955,1259,0,1,1,[],0.028010999999324326
37.866288,1261,0,2,1,[],0.0013439999993209994
37.899620999999996,1262,0,1,1,[],0.004676999999318809
37.932953999999995,1263,0,1,1,[],0.00800999999931662
37.966287,1264,0,1,1,[],0.011342999999321535
37.99962,1265,0,1,1,[],0.014675999999319345
38.032953,1266,0,2,1,[],0.018008999999317155
38.066286,1267,0,1,1,[],0.021341999999314964
38.099619,1268,0,1,1,[],0.024674999999312774
38.132951999999996,1269,0,2,1,[],0.028007999999310584
38.166284999999995,1271,0,2,1,[],0.0013409999993072574
38.199618,1272,0,1,1,[],0.004673999999312173
38.232951,1273,0,1,1,[],0.008006999999309983
38.266284,1274,0,2,1,[],0.011339999999307793
38.299617,1275,0,1,1,[],0.014672999999305603
38.33295,1276,0,2,1,[],0.018005999999303413
38.366282999999996,1277,0,3,1,[],0.021338999999301222
38.399616,1278,0,1,1,[],0.024671999999306138
38.432949,1279,0,1,1,[],0.028004999999303948
38.466282,1281,0,2,1,[],0.0013379999993006209
38.499615,1282,0,1,1,[],0.004670999999298431
38.532948,1283,0,3,1,[],0.00800399999929624
38.566281,1284,0,3,1,[],0.01133699999929405
38.599613999999995,1285,0,3,1,[],0.01466999999929186
38.632947,1286,0,1,1,[],0.018002999999296776
38.66628,1287,0,1,1,[],0.021335999999294586
38.699613,1288,0,2,1,[],0.024668999999292396
38.732946,1289,0,1,1,[],0.028001999999290206
38.766279,1291,0,2,1,[],0.0013349999992868788
38.799611999999996,1292,0,1,1,[],0.004667999999284689
38.832944999999995,1293,0,0,1,[],0.008000999999282499
38.866278,1294,0,1,1,[],0.011333999999287414
38.899611,1295,0,2,1,[],0.014666999999285224
38.932944,1296,0,1,1,[],0.017999999999283034
38.966277,1297,0,1,1,[],0.021332999999280844
38.99961,1298,0,1,1,[],0.024665999999278654
39.032942999999996,1299,0,1,1,[],0.027998999999276464
39.066275999999995,1301,0,1,1,[],0.0013319999992731368
39.099609,1302,0,1,1,[],0.004664999999278052
39.132942,1303,0,0,1,[],0.007997999999275862
39.166275,1304,0,0,1,[],0.011330999999273672
39.199608,1305,0,0,1,[],0.014663999999271482
39.232941,1306,0,0,1,[],0.017996999999269292
39.266273999999996,1307,0,0,1,[],0.021329999999267102
39.299607,1308,0,2,1,[],0.024662999999272017
39.33294,1309,0,1,1,[],0.027995999999269827
39.366273,1311,0,1,1,[],0.0013289999992665003
39.399606,1312,0,1,1,[],0.00466199999926431
39.432939,1313,0,1,1,[],0.00799499999926212
39.466272,1314,0,1,1,[],0.01132799999925993
39.499604999999995,1315,0,1,1,[],0.01466099999925774
39.532938,1316,0,1,1,[],0.017993999999262655
39.566271,1317,0,1,1,[],0.021326999999260465
39.599604,1318,0,1,1,[],0.024659999999258275
39.632937,1319,0,2,1,[],0.027992999999256085
39.66627,1321,0,1,1,[],0.0013259999992527582
39.699602999999996,1322,0,1,1,[],0.004658999999250568
39.732935999999995,1323,0,2,1,[],0.007991999999248378
39.766269,1324,0,2,1,[],0.011324999999253293
39.799602,1325,0,1,1,[],0.014657999999251103
39.832935,1326,0,1,1,[],0.017990999999248913
39.866268,1327,0,1,1,[],0.021323999999246723
39.899601,1328,0,1,1,[],0.024656999999244533
39.932933999999996,1329,0,1,1,[],0.027989999999242343
39.966266999999995,1331,0,1,1,[],0.0013229999992390162
39.9996,1332,0,2,1,[],0.004655999999243932
40.032933,1333,0,2,1,[],0.007988999999241742
40.066266,1334,0,2,1,[],0.011321999999239551
40.099599,1335,0,2,1,[],0.014654999999237361
40.132932,1336,0,1,1,[],0.01798799999923517
40.166264999999996,1337,0,3,1,[],0.02132099999923298
40.199598,1338,0,1,1,[],0.024653999999237897
40.232931,1339,0,1,1,[],0.027986999999235707
40.266264,1341,0,1,1,[],0.0013199999992323797
40.299597,1342,0,1,1,[],0.00465299999923019
40.33293,1343,0,1,1,[],0.007985999999228
40.366263,1344,0,1,1,[],0.01131899999922581
40.399595999999995,1345,0,1,1,[],0.01465199999922362
40.432929,1346,0,1,1,[],0.017984999999228535
40.466262,1347,0,1,1,[],0.021317999999226345
40.499595,1348,0,1,1,[],0.024650999999224155
40.532928,1349,0,1,1,[],0.027983999999221965
40.566261,1351,0,1,1,[],0.0013169999992186376
40.599593999999996,1352,0,1,1,[],0.004649999999216448
40.632926999999995,1353,0,1,1,[],0.007982999999214258
40.66626,1354,0,1,1,[],0.011315999999219173
40.699593,1355,0,2,1,[],0.014648999999216983
40.732926,1356,0,2,1,[],0.017981999999214793
40.766259,1357,0,1,1,[],0.021314999999212603
40.799592,1358,0,1,1,[],0.024647999999210413
40.832924999999996,1359,0,1,1,[],0.027980999999208223
40.866257999999995,1361,0,1,1,[],0.0013139999992048956
40.899591,1362,0,1,1,[],0.004646999999209811
40.932924,1363,0,2,1,[],0.007979999999207621
40.966257,1364,0,2,1,[],0.011312999999205431
40.99959,1365,0,1,1,[],0.01464599999920324
41.032923,1366,0,1,1,[],0.01797899999920105
41.066255999999996,1367,1,0,0,"[[0, 0]]",0.02131199999919886
41.099588999999995,1368,0,0,1,[],0.02464499999919667
41.132922,1369,0,0,0,[],0.027977999999201586
41.166255,1371,0,1,0,[],0.001310999999198259
41.199588,1372,0,0,0,[],0.004643999999196069
41.232921,1373,0,0,0,[],0.007976999999193879
41.266253999999996,1374,0,1,0,[],0.011309999999191689
41.299586999999995,1375,0,0,0,[],0.014642999999189499
41.33292,1376,0,0,0,[],0.017975999999194414
41.366253,1377,0,0,0,[],0.021308999999192224
41.399586,1378,0,0,0,[],0.024641999999190034
41.432919,1379,0,0,0,[],0.027974999999187844
41.466252,1381,0,1,0,[],0.001307999999184517
41.499584999999996,1382,0,0,0,[],0.004640999999182327
41.532917999999995,1383,0,0,0,[],0.007973999999180137
41.566251,1384,0,0,0,[],0.011306999999185052
41.599584,1385,0,0,0,[],0.014639999999182862
41.632917,1386,0,0,0,[],0.017972999999180672
41.66625,1387,0,1,0,[],0.021305999999178482
41.699583,1388,0,0,0,[],0.024638999999176292
41.732915999999996,1389,0,0,0,[],0.027971999999174102
41.766248999999995,1391,0,0,0,[],0.001304999999170775
41.799582,1392,0,0,0,[],0.00463799999917569
41.832915,1393,0,0,0,[],0.0079709999991735
41.866248,1394,0,0,0,[],0.01130399999917131
41.899581,1395,0,0,0,[],0.01463699999916912
41.932914,1396,0,0,0,[],0.01796999999916693
41.966246999999996,1397,0,0,1,[],0.02130299999916474
41.999579999999995,1398,0,3,1,[],0.02463599999916255
42.032913,1399,0,1,1,[],0.027968999999167465
42.066246,1401,0,1,1,[],0.0013019999991641384
42.099579,1402,0,1,1,[],0.004634999999161948
42.132912,1403,0,2,1,[],0.007967999999159758
42.166244999999996,1404,0,2,1,[],0.011300999999157568
42.199577999999995,1405,0,1,1,[],0.014633999999155378
42.232911,1406,0,2,1,[],0.017966999999160294
42.266244,1407,0,2,1,[],0.021299999999158103
42.299577,1408,0,1,1,[],0.024632999999155913
42.33291,1409,0,2,1,[],0.027965999999153723
42.366243,1411,0,1,1,[],0.0012989999991503964
42.399575999999996,1412,0,1,1,[],0.004631999999148206
42.432908999999995,1413,0,1,1,[],0.007964999999146016
42.466242,1414,0,1,1,[],0.011297999999150932
42.499575,1415,0,2,1,[],0.014630999999148742
42.532908,1416,0,1,1,[],0.01796399999914655
42.566241,1417,0,1,1,[],0.02129699999914436
42.599574,1418,0,1,1,[],0.02462999999914217
42.632906999999996,1419,0,2,1,[],0.02796299999913998
42.666239999999995,1421,0,1,1,[],0.0012959999991366544
42.699573,1422,0,1,1,[],0.00462899999914157
42.732906,1423,0,1,1,[],0.00796199999913938
42.766239,1424,0,1,1,[],0.01129499999913719
42.799572,1425,0,1,1,[],0.014627999999135
42.832905,1426,0,1,1,[],0.01796099999913281
42.866237999999996,1427,0,1,1,[],0.02129399999913062
42.899570999999995,1428,0,1,1,[],0.02462699999912843
42.932904,1429,0,1,1,[],0.027959999999133345
42.966237,1431,0,1,1,[],0.0012929999991300178
42.99957,1432,0,1,1,[],0.004625999999127828
43.032903,1433,0,1,1,[],0.007958999999125638
43.066235999999996,1434,0,1,1,[],0.011291999999123448
43.099568999999995,1435,0,2,1,[],0.014624999999121258
43.132902,1436,0,1,1,[],0.017957999999126173
43.166235,1437,0,1,1,[],0.021290999999123983
43.199568,1438,0,1,1,[],0.024623999999121793
43.232901,1439,0,2,1,[],0.027956999999119603
43.266234,1441,0,1,1,[],0.0012899999991162758
43.299566999999996,1442,0,2,1,[],0.004622999999114086
43.332899999999995,1443,0,1,1,[],0.007955999999111896
43.366233,1444,0,1,1,[],0.011288999999116811
43.399566,1445,0,2,1,[],0.014621999999114621
43.432899,1446,0,1,1,[],0.01795499999911243
43.466232,1447,0,1,1,[],0.02128799999911024
43.499565,1448,0,1,1,[],0.02462099999910805
43.532897999999996,1449,0,2,1,[],0.02795399999910586
43.566230999999995,1451,0,1,1,[],0.0012869999991025338
43.599564,1452,0,1,1,[],0.004619999999107449
43.632897,1453,0,1,1,[],0.007952999999105259
43.66623,1454,0,1,1,[],0.011285999999103069
43.699563,1455,0,1,1,[],0.014618999999100879
43.732896,1456,0,2,1,[],0.01795199999909869
43.766228999999996,1457,0,1,1,[],0.0212849999990965
43.799561999999995,1458,0,1,1,[],0.02461799999909431
43.832895,1459,0,2,1,[],0.027950999999099224
43.866228,1461,0,1,1,[],0.0012839999990958972
43.899561,1462,0,1,1,[],0.004616999999093707
43.932894,1463,0,2,1,[],0.007949999999091517
43.966226999999996,1464,0,1,1,[],0.011282999999089327
43.999559999999995,1465,0,1,1,[],0.014615999999087137
44.032893,1466,0,2,1,[],0.017948999999092052
44.066226,1467,0,1,1,[],0.021281999999089862
44.099559,1468,0,1,1,[],0.024614999999087672
44.132892,1469,0,1,1,[],0.027947999999085482
44.166225,1471,0,2,1,[],0.0012809999990821552
44.199557999999996,1472,0,2,1,[],0.004613999999079965
44.232890999999995,1473,0,1,1,[],0.007946999999077775
44.266224,1474,0,1,1,[],0.01127999999908269
44.299557,1475,0,1,1,[],0.0146129999990805
44.33289,1476,0,1,1,[],0.01794599999907831
44.366223,1477,0,1,1,[],0.02127899999907612
44.399556,1478,0,1,1,[],0.02461199999907393
44.432888999999996,1479,0,1,1,[],0.02794499999907174
44.466221999999995,1481,0,1,1,[],0.0012779999990684132
44.499555,1482,0,1,1,[],0.004610999999073329
44.532888,1483,0,1,1,[],0.007943999999071139
44.566221,1484,0,2,1,[],0.011276999999068948
44.599554,1485,0,2,1,[],0.014609999999066758
44.632887,1486,0,1,1,[],0.01794299999906457
44.666219999999996,1487,0,1,1,[],0.021275999999062378
44.699552999999995,1488,0,1,1,[],0.024608999999060188
44.732886,1489,0,2,1,[],0.027941999999065104
44.766219,1491,0,1,1,[],0.0012749999990617766
44.799552,1492,0,2,1,[],0.004607999999059587
44.832885,1493,0,2,1,[],0.007940999999057397
44.866217999999996,1494,0,1,1,[],0.011273999999055206
44.899550999999995,1495,0,1,1,[],0.014606999999053016
44.932884,1496,0,1,1,[],0.017939999999057932
44.966217,1497,0,2,1,[],0.02127299999905574
44.99955,1498,0,1,1,[],0.02460599999905355
45.032883,1499,0,0,1,[],0.02793899999905136
45.066216,1501,0,1,1,[],0.0012719999990480346
45.099548999999996,1502,0,1,1,[],0.0046049999990458446
45.132881999999995,1503,0,1,1,[],0.007937999999043654
45.166215,1504,0,1,1,[],0.01127099999904857
45.199548,1505,0,1,1,[],0.01460399999904638
45.232881,1506,0,2,1,[],0.01793699999904419
45.266214,1507,0,2,1,[],0.021269999999042
45.299547,1508,0,2,1,[],0.02460299999903981
45.332879999999996,1509,0,1,1,[],0.02793599999903762
45.366212999999995,1511,0,1,1,[],0.0012689999990342926
45.399546,1512,0,1,1,[],0.004601999999039208
45.432879,1513,0,2,1,[],0.007934999999037018
45.466212,1514,0,1,1,[],0.011267999999034828
45.499545,1515,0,1,1,[],0.014600999999032638
45.532878,1516,0,1,1,[],0.017933999999030448
45.566210999999996,1517,0,1,1,[],0.021266999999028258
45.599543999999995,1518,0,1,1,[],0.024599999999026068
45.632877,1519,0,1,1,[],0.027932999999030983
45.66621,1521,0,1,1,[],0.001265999999027656
45.699543,1522,0,1,1,[],0.004598999999025466
45.732876,1523,0,1,1,[],0.007931999999023276
45.766208999999996,1524,0,1,1,[],0.011264999999021086
45.799541999999995,1525,0,1,1,[],0.014597999999018896
45.832875,1526,0,2,1,[],0.01793099999902381
45.866208,1527,0,2,1,[],0.02126399999902162
45.899541,1528,0,1,1,[],0.02459699999901943
45.932874,1529,0,1,1,[],0.02792999999901724
45.966207,1531,0,1,1,[],0.001262999999013914
45.999539999999996,1532,0,1,1,[],0.004595999999011724
46.032872999999995,1533,0,1,1,[],0.007928999999009534
46.066206,1534,0,1,1,[],0.01126199999901445
46.099539,1535,0,1,1,[],0.01459499999901226
46.132872,1536,0,0,1,[],0.01792799999901007
46.166205,1537,0,1,1,[],0.02126099999900788
46.199538,1538,0,1,1,[],0.02459399999900569
46.232870999999996,1539,0,1,1,[],0.0279269999990035
46.266203999999995,1541,0,1,1,[],0.001259999999000172
46.299537,1542,0,2,1,[],0.004592999999005087
46.33287,1543,0,2,1,[],0.007925999999002897
46.366203,1544,0,1,1,[],0.011258999999000707
46.399536,1545,0,1,1,[],0.014591999998998517
46.432869,1546,0,2,1,[],0.017924999998996327
46.466201999999996,1547,0,1,1,[],0.021257999998994137
46.499534999999995,1548,0,2,1,[],0.024590999998991947
46.532868,1549,0,1,1,[],0.027923999998996862
46.566201,1551,0,2,1,[],0.0012569999989935354
46.599534,1552,0,1,1,[],0.004589999998991345
46.632867,1553,0,1,1,[],0.007922999998989155
46.666199999999996,1554,0,1,1,[],0.011255999998986965
46.699532999999995,1555,0,1,1,[],0.014588999998984775
46.732866,1556,0,1,1,[],0.01792199999898969
46.766199,1557,0,1,1,[],0.0212549999989875
46.799532,1558,0,2,1,[],0.02458799999898531
46.832865,1559,0,1,1,[],0.02792099999898312
46.866198,1561,0,1,1,[],0.0012539999989797934
46.899530999999996,1562,0,1,1,[],0.004586999998977603
46.932863999999995,1563,0,1,1,[],0.007919999998975413
46.966197,1564,0,1,1,[],0.011252999998980329
46.99953,1565,0,1,1,[],0.014585999998978139
47.032863,1566,0,1,1,[],0.01791899999897595
47.066196,1567,0,1,1,[],0.02125199999897376
47.099529,1568,0,1,1,[],0.02458499999897157
47.132861999999996,1569,0,1,1,[],0.02791799999896938
47.166194999999995,1571,0,1,1,[],0.0012509999989660514
47.199528,1572,0,1,1,[],0.004583999998970967
47.232861,1573,0,2,1,[],0.007916999998968777
47.266194,1574,0,2,1,[],0.011249999998966587
47.299527,1575,0,2,1,[],0.014582999998964397
47.33286,1576,0,2,1,[],0.017915999998962207
47.366192999999996,1577,0,2,1,[],0.021248999998960016
47.399525999999994,1578,0,2,1,[],0.024581999998957826
47.432859,1579,0,2,1,[],0.027914999998962742
47.466192,1581,0,1,1,[],0.0012479999989594148
47.499525,1582,0,1,1,[],0.004580999998957225
47.532858,1583,0,1,1,[],0.007913999998955035
47.566190999999996,1584,0,1,1,[],0.011246999998952845
47.599523999999995,1585,0,1,1,[],0.014579999998950655
47.632857,1586,0,3,1,[],0.01791299999895557
47.66619,1587,0,1,1,[],0.02124599999895338
47.699523,1588,0,2,1,[],0.02457899999895119
47.732856,1589,0,2,1,[],0.027911999998949
47.766189,1591,0,1,1,[],0.0012449999989456728
47.799521999999996,1592,0,1,1,[],0.004577999998943483
47.832854999999995,1593,0,1,1,[],0.007910999998941293
47.866188,1594,0,1,1,[],0.011243999998946208
47.899521,1595,0,2,1,[],0.014576999998944018
47.932854,1596,0,2,1,[],0.017909999998941828
47.966187,1597,0,3,1,[],0.021242999998939638
47.99952,1598,0,1,1,[],0.024575999998937448
48.032852999999996,1599,0,1,1,[],0.027908999998935258
48.066185999999995,1601,0,1,1,[],0.0012419999989319308
48.099519,1602,0,2,1,[],0.004574999998936846
48.132852,1603,0,2,1,[],0.007907999998934656
48.166185,1604,0,1,1,[],0.011240999998932466
48.199518,1605,0,1,1,[],0.014573999998930276
48.232851,1606,0,2,1,[],0.017906999998928086
48.266183999999996,1607,0,1,1,[],0.021239999998925896
48.299516999999994,1608,0,1,1,[],0.024572999998923706
48.33285,1609,0,1,1,[],0.02790599999892862
48.366183,1611,0,1,1,[],0.0012389999989252942
48.399516,1612,0,3,1,[],0.004571999998923104
48.432849,1613,0,2,1,[],0.007904999998920914
48.466181999999996,1614,0,1,1,[],0.011237999998918724
48.499514999999995,1615,0,2,1,[],0.014570999998916534
48.532848,1616,0,1,1,[],0.01790399999892145
48.566181,1617,0,0,1,[],0.02123699999891926
48.599514,1618,0,1,1,[],0.02456999999891707
48.632847,1619,0,2,1,[],0.02790299999891488
48.66618,1621,0,0,1,[],0.0012359999989115522
48.699512999999996,1622,0,1,1,[],0.004568999998909362
48.732845999999995,1623,0,2,1,[],0.007901999998907172
48.766179,1624,0,2,1,[],0.011234999998912087
48.799512,1625,0,1,1,[],0.014567999998909897
48.832845,1626,0,1,1,[],0.017900999998907707
48.866178,1627,0,1,1,[],0.021233999998905517
48.899511,1628,0,1,1,[],0.024566999998903327
48.932843999999996,1629,0,2,1,[],0.027899999998901137
48.966176999999995,1631,0,1,1,[],0.0012329999988978102
48.99951,1632,0,1,1,[],0.0045659999989027256
49.032843,1633,0,1,1,[],0.007898999998900536
49.066176,1634,0,1,1,[],0.011231999998898345
49.099509,1635,0,1,1,[],0.014564999998896155
49.132842,1636,0,1,1,[],0.017897999998893965
49.166174999999996,1637,0,1,1,[],0.021230999998891775
49.199507999999994,1638,0,1,1,[],0.024563999998889585
49.232841,1639,0,1,1,[],0.0278969999988945
49.266174,1641,0,1,1,[],0.0012299999988911736
49.299507,1642,0,0,1,[],0.0045629999988889836
49.33284,1643,0,3,1,[],0.007895999998886793
49.366172999999996,1644,0,1,1,[],0.011228999998884603
49.399505999999995,1645,0,0,1,[],0.014561999998882413
49.432839,1646,0,2,1,[],0.01789499999888733
49.466172,1647,0,1,1,[],0.02122799999888514
49.499505,1648,0,1,1,[],0.02456099999888295
49.532838,1649,0,2,1,[],0.02789399999888076
49.566171,1651,0,1,1,[],0.0012269999988774316
49.599503999999996,1652,0,0,1,[],0.0045599999988752415
49.632836999999995,1653,0,0,1,[],0.007892999998873051
49.66617,1654,0,1,1,[],0.011225999998877967
49.699503,1655,0,1,1,[],0.014558999998875777
49.732836,1656,0,1,1,[],0.017891999998873587
49.766169,1657,0,1,1,[],0.021224999998871397
49.799502,1658,0,1,1,[],0.024557999998869207
49.832834999999996,1659,0,1,1,[],0.027890999998867017
49.866167999999995,1661,0,1,1,[],0.0012239999988636896
49.899501,1662,0,1,1,[],0.004556999998868605
49.932834,1663,0,2,1,[],0.007889999998866415
49.966167,1664,0,2,1,[],0.011222999998864225
49.9995,1665,0,1,1,[],0.014555999998862035
50.032833,1666,0,1,1,[],0.017888999998859845
50.066165999999996,1667,0,2,1,[],0.021221999998857655
50.099498999999994,1668,0,1,1,[],0.024554999998855465
50.132832,1669,0,3,1,[],0.02788799999886038
50.166165,1671,0,2,1,[],0.001220999998857053
50.199498,1672,0,1,1,[],0.004553999998854863
50.232831,1673,0,1,1,[],0.007886999998852673
50.266163999999996,1674,0,2,1,[],0.011219999998850483
50.299496999999995,1675,0,1,1,[],0.014552999998848293
50.332829999999994,1676,0,0,1,[],0.017885999998846103
50.366163,1677,0,1,1,[],0.021218999998851018
50.399496,1678,0,2,1,[],0.024551999998848828
50.432829,1679,0,1,1,[],0.027884999998846638
50.466162,1681,0,1,1,[],0.001217999998843311
50.499494999999996,1682,0,1,1,[],0.004550999998841121
50.532827999999995,1683,0,1,1,[],0.007883999998838931
50.566161,1684,0,2,1,[],0.011216999998843846
50.599494,1685,0,1,1,[],0.014549999998841656
50.632827,1686,0,1,1,[],0.017882999998839466
50.66616,1687,0,1,1,[],0.021215999998837276
50.699493,1688,0,1,1,[],0.024548999998835086
50.732825999999996,1689,0,0,1,[],0.027881999998832896
50.766158999999995,1691,0,0,1,[],0.001214999998829569
50.799492,1692,0,0,1,[],0.004547999998834484
50.832825,1693,0,1,1,[],0.007880999998832294
50.866158,1694,0,1,1,[],0.011213999998830104
50.899491,1695,0,1,1,[],0.014546999998827914
50.932824,1696,0,1,1,[],0.017879999998825724
50.966156999999995,1697,0,1,1,[],0.021212999998823534
50.999489999999994,1698,0,1,1,[],0.024545999998821344
51.032823,1699,0,1,1,[],0.02787899999882626
51.066156,1701,0,1,1,[],0.0012119999988229324
51.099489,1702,0,1,1,[],0.004544999998820742
51.132822,1703,0,0,1,[],0.007877999998818552
51.166154999999996,1704,0,1,1,[],0.011210999998816362
51.199487999999995,1705,0,2,1,[],0.014543999998814172
51.232820999999994,1706,0,1,1,[],0.017876999998811982
51.266154,1707,0,1,1,[],0.021209999998816897
51.299487,1708,0,1,1,[],0.024542999998814707
51.33282,1709,0,1,1,[],0.027875999998812517
51.366153,1711,0,1,1,[],0.0012089999988091904
51.399485999999996,1712,0,1,1,[],0.004541999998807
51.432818999999995,1713,0,1,1,[],0.00787499999880481
51.466152,1714,0,1,1,[],0.011207999998809726
51.499485,1715,0,1,1,[],0.014540999998807536
51.532818,1716,0,1,1,[],0.017873999998805346
51.566151,1717,0,0,1,[],0.021206999998803155
51.599484,1718,0,1,1,[],0.024539999998800965
51.632816999999996,1719,0,1,1,[],0.027872999998798775
51.666149999999995,1721,0,1,1,[],0.0012059999987954484
51.699483,1722,0,1,1,[],0.004538999998800364
51.732816,1723,0,1,1,[],0.007871999998798174
51.766149,1724,0,1,1,[],0.011204999998795984
51.799482,1725,0,1,1,[],0.014537999998793794
51.832815,1726,0,1,1,[],0.017870999998791604
51.866147999999995,1727,0,1,1,[],0.021203999998789413
51.899480999999994,1728,0,2,1,[],0.024536999998787223
51.932814,1729,0,1,1,[],0.02786999999879214
51.966147,1731,0,1,1,[],0.0012029999987888118
51.99948,1732,0,1,1,[],0.004535999998786622
52.032813,1733,0,1,1,[],0.007868999998784432
52.066145999999996,1734,0,1,1,[],0.011201999998782242
52.099478999999995,1735,0,1,1,[],0.014534999998780052
52.132811999999994,1736,0,1,1,[],0.01786799999877786
52.166145,1737,0,1,1,[],0.021200999998782777
52.199478,1738,0,1,1,[],0.024533999998780587
52.232811,1739,0,1,1,[],0.027866999998778397
52.266144,1741,0,1,1,[],0.0011999999987750698
52.299476999999996,1742,0,2,1,[],0.00453299999877288
52.332809999999995,1743,0,1,1,[],0.00786599999877069
52.366143,1744,0,3,1,[],0.011198999998775605
52.399476,1745,0,2,1,[],0.014531999998773415
52.432809,1746,0,1,1,[],0.017864999998771225
52.466142,1747,0,2,1,[],0.021197999998769035
52.499475,1748,0,1,1,[],0.024530999998766845
52.532807999999996,1749,0,1,1,[],0.027863999998764655
52.566140999999995,1751,0,1,1,[],0.0011969999987613278
52.599474,1752,0,2,1,[],0.004529999998766243
52.632807,1753,0,2,1,[],0.007862999998764053
52.66614,1754,0,2,1,[],0.011195999998761863
52.699473,1755,0,1,1,[],0.014528999998759673
52.732806,1756,0,1,1,[],0.017861999998757483
52.766138999999995,1757,0,1,1,[],0.021194999998755293
52.799471999999994,1758,0,1,1,[],0.024527999998753103
52.832805,1759,0,0,1,[],0.027860999998758018
52.866138,1761,0,2,1,[],0.0011939999987546912
52.899471,1762,0,2,1,[],0.004526999998752501
52.932804,1763,0,1,1,[],0.007859999998750311
52.966136999999996,1764,0,1,1,[],0.011192999998748121
52.999469999999995,1765,0,2,1,[],0.014525999998745931
53.032802999999994,1766,0,1,1,[],0.01785899999874374
53.066136,1767,0,2,1,[],0.021191999998748656
53.099469,1768,0,1,1,[],0.024524999998746466
53.132802,1769,0,1,1,[],0.027857999998744276
53.166135,1771,0,2,1,[],0.0011909999987409492
53.199467999999996,1772,0,1,1,[],0.004523999998738759
53.232800999999995,1773,0,1,1,[],0.007856999998736569
53.266134,1774,0,1,1,[],0.011189999998741484
53.299467,1775,0,1,1,[],0.014522999998739294
53.3328,1776,0,1,1,[],0.017855999998737104
53.366133,1777,0,1,1,[],0.021188999998734914
53.399466,1778,0,1,1,[],0.024521999998732724
53.432798999999996,1779,0,1,1,[],0.027854999998730534
53.466131999999995,1781,0,1,1,[],0.0011879999987272072
53.499465,1782,0,2,1,[],0.0045209999987321225
53.532798,1783,0,2,1,[],0.007853999998729932
53.566131,1784,0,1,1,[],0.011186999998727742
53.599464,1785,0,1,1,[],0.014519999998725552
53.632797,1786,0,1,1,[],0.017852999998723362
53.666129999999995,1787,0,1,1,[],0.021185999998721172
53.699462999999994,1788,0,1,1,[],0.024518999998718982
53.732796,1789,0,1,1,[],0.027851999998723898
53.766129,1791,0,1,1,[],0.0011849999987205706
53.799462,1792,0,2,1,[],0.0045179999987183805
53.832795,1793,0,1,1,[],0.00785099999871619
53.866127999999996,1794,0,1,1,[],0.011183999998714
53.899460999999995,1795,0,1,1,[],0.01451699999871181
53.932793999999994,1796,0,1,1,[],0.01784999999870962
53.966127,1797,0,1,1,[],0.021182999998714536
53.99946,1798,0,2,1,[],0.024515999998712346
54.032793,1799,0,1,1,[],0.027848999998710156
54.066126,1801,0,1,1,[],0.0011819999987068286
54.099458999999996,1802,0,1,1,[],0.0045149999987046385
54.132791999999995,1803,0,1,1,[],0.007847999998702448
54.166125,1804,0,2,1,[],0.011180999998707364
54.199458,1805,0,1,1,[],0.014513999998705174
54.232791,1806,0,2,1,[],0.017846999998702984
54.266124,1807,0,1,1,[],0.021179999998700794
54.299457,1808,0,1,1,[],0.024512999998698604
54.332789999999996,1809,0,1,1,[],0.027845999998696414
54.366122999999995,1811,0,1,1,[],0.0011789999986930866
54.399456,1812,0,1,1,[],0.004511999998698002
54.432789,1813,0,1,1,[],0.007844999998695812
54.466122,1814,0,2,1,[],0.011177999998693622
54.499455,1815,0,1,1,[],0.014510999998691432
54.532788,1816,0,1,1,[],0.01784399999868924
54.566120999999995,1817,0,1,1,[],0.02117699999868705
54.599453999999994,1818,0,1,1,[],0.02450999999868486
54.632787,1819,0,1,1,[],0.027842999998689777
54.66612,1821,0,2,1,[],0.00117599999868645
54.699453,1822,0,1,1,[],0.00450899999868426
54.732786,1823,0,2,1,[],0.00784199999868207
54.766118999999996,1824,0,1,1,[],0.01117499999867988
54.799451999999995,1825,0,1,1,[],0.01450799999867769
54.832784999999994,1826,0,1,1,[],0.0178409999986755
54.866118,1827,0,1,1,[],0.021173999998680415
54.899451,1828,0,1,1,[],0.024506999998678225
54.932784,1829,0,1,1,[],0.027839999998676035
54.966117,1831,0,0,1,[],0.001172999998672708
54.999449999999996,1832,0,1,1,[],0.004505999998670518
55.032782999999995,1833,0,1,1,[],0.007838999998668328
55.066116,1834,0,2,1,[],0.011171999998673243
55.099449,1835,0,3,1,[],0.014504999998671053
55.132782,1836,0,2,1,[],0.017837999998668863
55.166115,1837,0,2,1,[],0.021170999998666673
55.199448,1838,0,2,1,[],0.024503999998664483
55.232780999999996,1839,0,1,1,[],0.027836999998662293
55.266113999999995,1841,0,3,1,[],0.001169999998658966
55.299447,1842,0,1,1,[],0.004502999998663881
55.33278,1843,0,1,1,[],0.007835999998661691
55.366113,1844,0,1,1,[],0.011168999998659501
55.399446,1845,0,1,1,[],0.014501999998657311
55.432779,1846,0,2,1,[],0.01783499999865512
55.466111999999995,1847,0,1,1,[],0.02116799999865293
55.499444999999994,1848,0,2,1,[],0.02450099999865074
55.532778,1849,0,1,1,[],0.027833999998655656
55.566111,1851,0,2,1,[],0.0011669999986523294
55.599444,1852,0,1,1,[],0.004499999998650139
55.632777,1853,0,2,1,[],0.00783299999864795
55.666109999999996,1854,0,1,1,[],0.01116599999864576
55.699442999999995,1855,0,2,1,[],0.01449899999864357
55.732775999999994,1856,0,2,1,[],0.01783199999864138
55.766109,1857,0,3,1,[],0.021164999998646294
55.799442,1858,0,3,1,[],0.024497999998644104
55.832775,1859,0,1,1,[],0.027830999998641914
55.866108,1861,0,1,1,[],0.0011639999986385874
55.899440999999996,1862,0,1,1,[],0.004496999998636397
55.932773999999995,1863,0,1,1,[],0.007829999998634207
55.966107,1864,0,1,1,[],0.011162999998639123
55.99944,1865,0,1,1,[],0.014495999998636933
56.032773,1866,0,2,1,[],0.017828999998634742
56.066106,1867,0,1,1,[],0.021161999998632552
56.099439,1868,0,1,1,[],0.024494999998630362
56.132771999999996,1869,0,1,1,[],0.027827999998628172
56.166104999999995,1871,0,1,1,[],0.0011609999986248454
56.199438,1872,0,4,1,[],0.004493999998629761
56.232771,1873,0,2,1,[],0.00782699999862757
56.266104,1874,0,0,1,[],0.01115999999862538
56.299437,1875,0,0,1,[],0.01449299999862319
56.33277,1876,0,3,1,[],0.017825999998621
56.366102999999995,1877,0,1,1,[],0.02115899999861881
56.399435999999994,1878,0,1,1,[],0.02449199999861662
56.432769,1879,0,1,1,[],0.027824999998621536
56.466102,1881,0,1,1,[],0.0011579999986182088
56.499435,1882,0,1,1,[],0.004490999998616019
56.532768,1883,0,1,1,[],0.007823999998613829
56.566100999999996,1884,0,2,1,[],0.011156999998611639
56.599433999999995,1885,0,1,1,[],0.014489999998609449
56.632766999999994,1886,0,1,1,[],0.01782299999860726
56.6661,1887,0,2,1,[],0.021155999998612174
56.699433,1888,0,1,1,[],0.024488999998609984
56.732766,1889,0,1,1,[],0.027821999998607794
56.766099,1891,0,2,1,[],0.0011549999986044668
56.799431999999996,1892,0,1,1,[],0.004487999998602277
56.832764999999995,1893,0,1,1,[],0.007820999998600087
56.866098,1894,0,1,1,[],0.011153999998605002
56.899431,1895,0,2,1,[],0.014486999998602812
56.932764,1896,0,1,1,[],0.017819999998600622
56.966097,1897,0,1,1,[],0.021152999998598432
56.99943,1898,0,1,1,[],0.024485999998596242
57.032762999999996,1899,0,1,1,[],0.02781899999859405
57.066095999999995,1901,0,1,1,[],0.0011519999985907248
57.099429,1902,0,1,1,[],0.00448499999859564
57.132762,1903,0,2,1,[],0.00781799999859345
57.166095,1904,0,1,1,[],0.01115099999859126
57.199428,1905,0,4,1,[],0.01448399999858907
57.232760999999996,1906,0,1,1,[],0.01781699999858688
57.266093999999995,1907,0,3,1,[],0.02114999999858469
57.299426999999994,1908,0,3,1,[],0.0244829999985825
57.33276,1909,0,1,1,[],0.027815999998587415
57.366093,1911,0,1,1,[],0.0011489999985840882
57.399426,1912,0,3,1,[],0.004481999998581898
57.432759,1913,0,2,1,[],0.007814999998579708
57.466091999999996,1914,0,1,1,[],0.011147999998577518
57.499424999999995,1915,0,1,1,[],0.014480999998575328
57.532757999999994,1916,0,1,1,[],0.017813999998573138
57.566091,1917,0,0,1,[],0.021146999998578053
57.599424,1918,0,1,1,[],0.024479999998575863
57.632757,1919,0,2,1,[],0.027812999998573673
57.66609,1921,0,1,1,[],0.0011459999985703462
57.699422999999996,1922,0,1,1,[],0.004478999998568156
57.732755999999995,1923,0,1,1,[],0.007811999998565966
57.766089,1924,0,3,1,[],0.011144999998570881
57.799422,1925,0,1,1,[],0.014477999998568691
57.832755,1926,0,1,1,[],0.0178109999985665
57.866088,1927,0,1,1,[],0.02114399999856431
57.899421,1928,0,1,1,[],0.02447699999856212
57.932753999999996,1929,0,1,1,[],0.02780999999855993
57.966086999999995,1931,0,2,1,[],0.0011429999985566042
57.99942,1932,0,1,1,[],0.0044759999985615195
58.032753,1933,0,1,1,[],0.0078089999985593295
58.066086,1934,0,1,1,[],0.01114199999855714
58.099419,1935,0,2,1,[],0.01447499999855495
58.132751999999996,1936,0,1,1,[],0.01780799999855276
58.166084999999995,1937,0,2,1,[],0.02114099999855057
58.199417999999994,1938,0,2,1,[],0.02447399999854838
58.232751,1939,0,1,1,[],0.027806999998553295
58.266084,1941,0,1,1,[],0.0011399999985499676
58.299417,1942,0,0,1,[],0.0044729999985477775
58.33275,1943,0,2,1,[],0.0078059999985455875
58.366082999999996,1944,0,1,1,[],0.011138999998543397
58.399415999999995,1945,0,2,1,[],0.014471999998541207
58.432748999999994,1946,0,0,1,[],0.017804999998539017
58.466082,1947,0,1,1,[],0.021137999998543933
58.499415,1948,0,1,1,[],0.024470999998541743
58.532748,1949,0,0,1,[],0.027803999998539553
58.566081,1951,0,0,1,[],0.0011369999985362256
58.599413999999996,1952,0,0,1,[],0.0044699999985340355
58.632746999999995,1953,0,0,1,[],0.0078029999985318454
58.66608,1954,0,1,1,[],0.01113599999853676
58.699413,1955,0,0,1,[],0.01446899999853457
58.732746,1956,0,1,1,[],0.01780199999853238
58.766079,1957,0,0,1,[],0.02113499999853019
58.799412,1958,0,0,1,[],0.024467999998528
58.832744999999996,1959,0,0,1,[],0.02780099999852581
58.866077999999995,1961,0,0,1,[],0.0011339999985224836
58.899411,1962,0,1,1,[],0.004466999998527399
58.932744,1963,0,1,1,[],0.007799999998525209
58.966077,1964,0,1,1,[],0.011132999998523019
58.99941,1965,0,1,1,[],0.014465999998520829
59.032742999999996,1966,0,1,1,[],0.01779899999851864
59.066075999999995,1967,0,1,1,[],0.02113199999851645
59.099408999999994,1968,0,2,1,[],0.02446499999851426
59.132742,1969,0,1,1,[],0.027797999998519174
59.166075,1971,0,2,1,[],0.001130999998515847
59.199408,1972,0,1,1,[],0.004463999998513657
59.232741,1973,0,2,1,[],0.007796999998511467
59.266073999999996,1974,0,1,1,[],0.011129999998509277
59.299406999999995,1975,0,3,1,[],0.014462999998507087
59.332739999999994,1976,0,1,1,[],0.017795999998504897
59.366073,1977,0,1,1,[],0.021128999998509812
59.399406,1978,0,1,1,[],0.024461999998507622
59.432739,1979,0,1,1,[],0.027794999998505432
59.466072,1981,0,1,1,[],0.001127999998502105
59.499404999999996,1982,0,2,1,[],0.004460999998499915
59.532737999999995,1983,0,1,1,[],0.007793999998497725
59.566070999999994,1984,0,1,1,[],0.011126999998495535
59.599404,1985,0,1,1,[],0.01445999999850045
59.632737,1986,0,1,1,[],0.01779299999849826
59.66607,1987,0,1,1,[],0.02112599999849607
59.699403,1988,0,1,1,[],0.02445899999849388
59.732735999999996,1989,0,1,1,[],0.02779199999849169
59.766068999999995,1991,0,1,1,[],0.001124999998488363
59.799402,1992,0,1,1,[],0.004457999998493278
59.832735,1993,0,1,1,[],0.007790999998491088
59.866068,1994,0,1,1,[],0.011123999998488898
59.899401,1995,0,1,1,[],0.014456999998486708
59.932733999999996,1996,0,1,1,[],0.017789999998484518
59.966066999999995,1997,0,3,1,[],0.021122999998482328
59.999399999999994,1998,0,2,1,[],0.024455999998480138
60.032733,1999,0,1,1,[],0.027788999998485053
60.066066,2001,0,1,1,[],0.0011219999984817264
60.099399,2002,0,1,1,[],0.004454999998479536
60.132732,2003,0,1,1,[],0.007787999998477346
60.166064999999996,2004,0,1,1,[],0.011120999998475156
60.199397999999995,2005,0,1,1,[],0.014453999998472966
60.232730999999994,2006,0,2,1,[],0.017786999998470776
60.266064,2007,0,2,1,[],0.02111999999847569
60.299397,2008,0,2,1,[],0.0244529999984735
60.33273,2009,0,1,1,[],0.02778599999847131
60.366063,2011,0,1,1,[],0.0011189999984679844
60.399395999999996,2012,0,1,1,[],0.004451999998465794
60.432728999999995,2013,0,1,1,[],0.007784999998463604
60.466061999999994,2014,0,1,1,[],0.011117999998461414
60.499395,2015,0,1,1,[],0.01445099999846633
60.532728,2016,0,1,1,[],0.01778399999846414
60.566061,2017,0,0,1,[],0.02111699999846195
60.599394,2018,0,1,1,[],0.02444999999845976
60.632726999999996,2019,0,3,1,[],0.02778299999845757
60.666059999999995,2021,0,1,1,[],0.0011159999984542424
60.699393,2022,0,2,1,[],0.004448999998459158
60.732726,2023,0,2,1,[],0.007781999998456968
60.766059,2024,0,1,1,[],0.011114999998454778
60.799392,2025,0,1,1,[],0.014447999998452588
60.832724999999996,2026,0,1,1,[],0.017780999998450397
60.866057999999995,2027,0,1,1,[],0.021113999998448207
60.899390999999994,2028,0,1,1,[],0.024446999998446017
60.932724,2029,0,1,1,[],0.027779999998450933
60.966057,2031,0,0,1,[],0.0011129999984476058
60.99939,2032,0,1,1,[],0.004445999998445416
61.032723,2033,0,2,1,[],0.007778999998443226
61.066055999999996,2034,0,0,1,[],0.011111999998441036
61.099388999999995,2035,0,1,1,[],0.014444999998438846
61.132721999999994,2036,0,0,1,[],0.017777999998436655
61.166055,2037,0,0,1,[],0.02111099999844157
61.199388,2038,0,1,1,[],0.02444399999843938
61.232721,2039,0,1,1,[],0.02777699999843719
61.266054,2041,0,3,1,[],0.0011099999984338638
61.299386999999996,2042,0,1,1,[],0.004442999998431674
61.332719999999995,2043,0,1,1,[],0.007775999998429484
61.366052999999994,2044,0,1,1,[],0.011108999998427294
61.399386,2045,0,2,1,[],0.014441999998432209
61.432719,2046,0,1,1,[],0.01777499999843002
61.466052,2047,0,1,1,[],0.02110799999842783
61.499385,2048,0,2,1,[],0.02444099999842564
61.532717999999996,2049,0,2,1,[],0.02777399999842345
61.566050999999995,2051,0,2,1,[],0.0011069999984201218
61.599384,2052,0,1,1,[],0.004439999998425037
61.632717,2053,0,1,1,[],0.007772999998422847
61.66605,2054,0,1,1,[],0.011105999998420657
61.699383,2055,0,2,1,[],0.014438999998418467
61.732715999999996,2056,0,2,1,[],0.017771999998416277
61.766048999999995,2057,0,1,1,[],0.021104999998414087
61.799381999999994,2058,0,0,1,[],0.024437999998411897
61.832715,2059,0,1,1,[],0.027770999998416812
61.866048,2061,0,1,1,[],0.0011039999984134852
61.899381,2062,0,1,1,[],0.004436999998411295
61.932714,2063,0,2,1,[],0.007769999998409105
61.966046999999996,2064,0,2,1,[],0.011102999998406915
61.999379999999995,2065,0,1,1,[],0.014435999998404725
62.032712999999994,2066,0,1,1,[],0.017768999998402535
62.066046,2067,0,1,1,[],0.02110199999840745
62.099379,2068,0,1,1,[],0.02443499999840526
62.132712,2069,0,2,1,[],0.02776799999840307
62.166045,2071,0,1,1,[],0.0011009999983997432
62.199377999999996,2072,0,1,1,[],0.004433999998397553
62.232710999999995,2073,0,2,1,[],0.007766999998395363
62.266043999999994,2074,0,1,1,[],0.011099999998393173
62.299377,2075,0,1,1,[],0.014432999998398088
62.33271,2076,0,2,1,[],0.0177659999983959
62.366043,2077,0,0,1,[],0.021098999998393708
62.399376,2078,0,1,1,[],0.024431999998391518
62.432708999999996,2079,0,0,1,[],0.027764999998389328
62.466041999999995,2081,0,1,1,[],0.0010979999983860012
62.499375,2082,0,1,1,[],0.0044309999983909165
62.532708,2083,0,2,1,[],0.0077639999983887265
62.566041,2084,0,1,1,[],0.011096999998386536
62.599374,2085,0,1,1,[],0.014429999998384346
62.632706999999996,2086,0,2,1,[],0.017762999998382156
62.666039999999995,2087,0,2,1,[],0.021095999998379966
62.699372999999994,2088,0,1,1,[],0.024428999998377776
62.732706,2089,0,1,1,[],0.02776199999838269
62.766039,2091,0,2,1,[],0.0010949999983793646
62.799372,2092,0,1,1,[],0.0044279999983771745
62.832705,2093,0,1,1,[],0.0077609999983749844
62.866037999999996,2094,0,0,1,[],0.011093999998372794
62.899370999999995,2095,0,2,1,[],0.014426999998370604
62.932703999999994,2096,0,1,1,[],0.017759999998368414
62.966037,2097,0,1,1,[],0.02109299999837333
62.99937,2098,0,1,1,[],0.02442599999837114
63.032703,2099,0,1,1,[],0.02775899999836895
63.066036,2101,0,1,1,[],0.0010919999983656226
63.099368999999996,2102,0,1,1,[],0.0044249999983634325
63.132701999999995,2103,0,1,1,[],0.007757999998361242
63.166034999999994,2104,0,1,1,[],0.011090999998359052
63.199368,2105,0,1,1,[],0.014423999998363968
63.232701,2106,0,1,1,[],0.017756999998361778
63.266034,2107,0,1,1,[],0.021089999998359588
63.299367,2108,0,1,1,[],0.024422999998357398
63.332699999999996,2109,0,2,1,[],0.027755999998355207
63.366032999999995,2111,0,1,1,[],0.0010889999983518805
63.399366,2112,0,0,1,[],0.004421999998356796
63.432699,2113,0,0,1,[],0.007754999998354606
63.466032,2114,0,1,1,[],0.011087999998352416
63.499365,2115,0,0,1,[],0.014420999998350226
63.532697999999996,2116,0,0,1,[],0.017753999998348036
63.566030999999995,2117,0,0,1,[],0.021086999998345846
63.599363999999994,2118,0,0,1,[],0.024419999998343656
63.632697,2119,0,0,1,[],0.02775299999834857
63.66603,2121,0,0,1,[],0.001085999998345244
63.699363,2122,0,0,1,[],0.004418999998343054
63.732696,2123,0,0,1,[],0.007751999998340864
63.766028999999996,2124,0,0,1,[],0.011084999998338674
63.799361999999995,2125,0,0,1,[],0.014417999998336484
63.832694999999994,2126,0,1,1,[],0.017750999998334294
63.866028,2127,0,0,1,[],0.02108399999833921
63.899361,2128,0,0,1,[],0.02441699999833702
63.932694,2129,0,0,1,[],0.02774999999833483
63.966027,2131,0,1,1,[],0.001082999998331502
63.999359999999996,2132,0,1,1,[],0.004415999998329312
64.032693,2133,0,0,1,[],0.007748999998327122
64.066026,2134,0,0,1,[],0.011081999998324932
64.09935899999999,2135,0,0,1,[],0.014414999998322742
64.13269199999999,2136,0,1,1,[],0.01774799999832055
64.16602499999999,2137,0,0,1,[],0.02108099999831836
64.199358,2138,0,2,1,[],0.024413999998330382
64.232691,2139,0,0,1,[],0.027746999998328192
64.266024,2141,0,1,1,[],0.0010799999983248654
64.299357,2142,0,0,1,[],0.004412999998322675
64.33269,2143,0,1,1,[],0.007745999998320485
64.366023,2144,0,0,1,[],0.011078999998318295
64.399356,2145,0,0,1,[],0.014411999998316105
64.432689,2146,0,0,1,[],0.017744999998313915
64.466022,2147,0,0,1,[],0.021077999998311725
64.499355,2148,0,0,1,[],0.024410999998309535
64.532688,2149,0,0,1,[],0.027743999998307345
64.56602099999999,2151,0,1,1,[],0.001076999998304018
64.59935399999999,2152,0,0,1,[],0.004409999998301828
64.63268699999999,2153,0,0,1,[],0.007742999998299638
64.66602,2154,0,0,1,[],0.011075999998311659
64.699353,2155,0,0,1,[],0.014408999998309469
64.732686,2156,0,0,1,[],0.01774199999830728
64.766019,2157,0,1,1,[],0.02107499999830509
64.799352,2158,0,1,1,[],0.0244079999983029
64.832685,2159,0,0,1,[],0.02774099999830071
64.866018,2161,0,1,1,[],0.0010739999982973814
64.899351,2162,0,0,1,[],0.004406999998295191
64.932684,2163,0,0,1,[],0.007739999998293001
64.966017,2164,0,0,1,[],0.011072999998290811
64.99934999999999,2165,0,0,1,[],0.014405999998288621
65.03268299999999,2166,0,1,1,[],0.01773899999828643
65.06601599999999,2167,1,0,0,"[[0, 0]]",0.02107199999828424
65.099349,2168,0,2,1,[],0.024404999998296262
65.132682,2169,0,1,1,[],0.02773799999829407
65.166015,2171,0,1,1,[],0.0010709999982907448
65.199348,2172,0,2,1,[],0.004403999998288555
65.232681,2173,0,1,1,[],0.007736999998286365
65.266014,2174,0,1,1,[],0.011069999998284175
65.299347,2175,0,1,1,[],0.014402999998281985
65.33268,2176,0,1,1,[],0.017735999998279794
65.366013,2177,0,1,1,[],0.021068999998277604
65.399346,2178,0,2,1,[],0.024401999998275414
65.432679,2179,0,1,1,[],0.027734999998273224
65.46601199999999,2181,0,0,1,[],0.0010679999982698973
65.49934499999999,2182,0,0,1,[],0.004400999998267707
65.53267799999999,2183,0,1,1,[],0.007733999998265517
65.566011,2184,0,0,1,[],0.011066999998277538
65.599344,2185,0,2,1,[],0.014399999998275348
65.632677,2186,0,3,1,[],0.017732999998273158
65.66601,2187,0,0,1,[],0.021065999998270968
65.699343,2188,0,0,1,[],0.024398999998268778
65.732676,2189,0,2,1,[],0.027731999998266588
65.766009,2191,0,1,1,[],0.0010649999982632607
65.799342,2192,0,2,1,[],0.004397999998261071
65.832675,2193,0,2,1,[],0.007730999998258881
65.866008,2194,0,1,1,[],0.01106399999825669
65.89934099999999,2195,0,1,1,[],0.0143969999982545
65.93267399999999,2196,0,1,1,[],0.01772999999825231
65.96600699999999,2197,0,1,1,[],0.02106299999825012
65.99934,2198,0,1,1,[],0.02439599999826214
66.032673,2199,0,1,1,[],0.02772899999825995
66.066006,2201,0,3,1,[],0.0010619999982566242
66.099339,2202,0,1,1,[],0.004394999998254434
66.132672,2203,0,1,1,[],0.007727999998252244
66.166005,2204,0,2,1,[],0.011060999998250054
66.199338,2205,0,2,1,[],0.014393999998247864
66.232671,2206,0,1,1,[],0.017726999998245674
66.266004,2207,0,1,1,[],0.021059999998243484
66.299337,2208,0,1,1,[],0.024392999998241294
66.33267,2209,0,2,1,[],0.027725999998239104
66.36600299999999,2211,0,2,1,[],0.0010589999982357767
66.39933599999999,2212,0,2,1,[],0.004391999998233587
66.43266899999999,2213,0,2,1,[],0.007724999998231397
66.466002,2214,0,2,1,[],0.011057999998243417
66.499335,2215,0,1,1,[],0.014390999998241227
66.532668,2216,0,2,1,[],0.017723999998239037
66.566001,2217,0,1,1,[],0.021056999998236847
66.599334,2218,0,2,1,[],0.024389999998234657
66.632667,2219,0,1,1,[],0.027722999998232467
66.666,2221,0,1,1,[],0.0010559999982291401
66.699333,2222,0,1,1,[],0.00438899999822695
66.732666,2223,0,1,1,[],0.00772199999822476
66.765999,2224,0,2,1,[],0.01105499999822257
66.79933199999999,2225,0,1,1,[],0.01438799999822038
66.83266499999999,2226,0,1,1,[],0.01772099999821819
66.86599799999999,2227,0,2,1,[],0.021053999998216
66.899331,2228,0,1,1,[],0.02438699999822802
66.932664,2229,0,1,1,[],0.02771999999822583
66.965997,2231,0,2,1,[],0.0010529999982225036
66.99933,2232,0,1,1,[],0.0043859999982203135
67.032663,2233,0,1,1,[],0.0077189999982181234
67.065996,2234,0,1,1,[],0.011051999998215933
67.099329,2235,0,2,1,[],0.014384999998213743
67.132662,2236,0,1,1,[],0.017717999998211553
67.165995,2237,0,2,1,[],0.021050999998209363
67.199328,2238,0,2,1,[],0.024383999998207173
67.232661,2239,0,1,1,[],0.027716999998204983
67.26599399999999,2241,0,1,1,[],0.0010499999982016561
67.29932699999999,2242,0,1,1,[],0.004382999998199466
67.33265999999999,2243,0,2,1,[],0.007715999998197276
67.365993,2244,0,1,1,[],0.011048999998209297
67.399326,2245,0,1,1,[],0.014381999998207107
67.432659,2246,0,1,1,[],0.017714999998204917
67.465992,2247,0,1,1,[],0.021047999998202727
67.499325,2248,0,1,1,[],0.024380999998200537
67.532658,2249,0,1,1,[],0.027713999998198346
67.565991,2251,0,1,1,[],0.0010469999981950195
67.599324,2252,0,2,1,[],0.0043799999981928295
67.632657,2253,0,1,1,[],0.007712999998190639
67.66599,2254,0,1,1,[],0.01104599999818845
67.69932299999999,2255,0,1,1,[],0.01437899999818626
67.73265599999999,2256,0,1,1,[],0.01771199999818407
67.76598899999999,2257,0,1,1,[],0.02104499999818188
67.799322,2258,0,1,1,[],0.0243779999981939
67.832655,2259,0,2,1,[],0.02771099999819171
67.865988,2261,0,1,1,[],0.001043999998188383
67.899321,2262,0,1,1,[],0.004376999998186193
67.932654,2263,0,2,1,[],0.007709999998184003
67.965987,2264,0,1,1,[],0.011042999998181813
67.99932,2265,0,1,1,[],0.014375999998179623
68.032653,2266,0,1,1,[],0.017708999998177433
68.065986,2267,0,1,1,[],0.021041999998175243
68.099319,2268,0,1,1,[],0.024374999998173053
68.132652,2269,0,1,1,[],0.027707999998170862
68.16598499999999,2271,0,1,1,[],0.0010409999981675355
68.19931799999999,2272,0,1,1,[],0.0043739999981653455
68.23265099999999,2273,0,2,1,[],0.007706999998163155
68.265984,2274,0,1,1,[],0.011039999998175176
68.299317,2275,0,1,1,[],0.014372999998172986
68.33265,2276,0,2,1,[],0.017705999998170796
68.365983,2277,0,1,1,[],0.021038999998168606
68.399316,2278,0,1,1,[],0.024371999998166416
68.432649,2279,0,1,1,[],0.027704999998164226
68.465982,2281,0,1,1,[],0.001037999998160899
68.499315,2282,0,2,1,[],0.004370999998158709
68.532648,2283,0,2,1,[],0.007703999998156519
68.565981,2284,0,1,1,[],0.011036999998154329
68.59931399999999,2285,0,2,1,[],0.014369999998152139
68.63264699999999,2286,0,1,1,[],0.01770299999814995
68.66597999999999,2287,0,4,1,[],0.02103599999814776
68.699313,2288,0,4,1,[],0.02436899999815978
68.732646,2289,0,2,1,[],0.02770199999815759
68.765979,2291,0,2,1,[],0.0010349999981542624
68.799312,2292,0,1,1,[],0.004367999998152072
68.832645,2293,0,1,1,[],0.007700999998149882
68.865978,2294,0,1,1,[],0.011033999998147692
68.899311,2295,0,1,1,[],0.014366999998145502
68.932644,2296,0,2,1,[],0.017699999998143312
68.965977,2297,0,2,1,[],0.021032999998141122
68.99931,2298,0,1,1,[],0.024365999998138932
69.032643,2299,0,1,1,[],0.027698999998136742
69.06597599999999,2301,0,2,1,[],0.001031999998133415
69.09930899999999,2302,0,1,1,[],0.004364999998131225
69.13264199999999,2303,0,1,1,[],0.007697999998129035
69.165975,2304,0,1,1,[],0.011030999998141056
69.199308,2305,0,1,1,[],0.014363999998138866
69.232641,2306,0,1,1,[],0.017696999998136675
69.265974,2307,0,1,1,[],0.021029999998134485
69.299307,2308,0,1,1,[],0.024362999998132295
69.33264,2309,0,1,1,[],0.027695999998130105
69.365973,2311,0,1,1,[],0.0010289999981267783
69.399306,2312,0,1,1,[],0.004361999998124588
69.432639,2313,0,1,1,[],0.007694999998122398
69.465972,2314,0,2,1,[],0.011027999998120208
69.49930499999999,2315,0,1,1,[],0.014360999998118018
69.53263799999999,2316,0,1,1,[],0.017693999998115828
69.56597099999999,2317,0,2,1,[],0.021026999998113638
69.599304,2318,0,1,1,[],0.02435999999812566
69.632637,2319,0,1,1,[],0.02769299999812347
69.66597,2321,0,2,1,[],0.0010259999981201418
69.699303,2322,0,1,1,[],0.004358999998117952
69.732636,2323,0,1,1,[],0.007691999998115762
69.765969,2324,0,1,1,[],0.011024999998113572
69.799302,2325,0,1,1,[],0.014357999998111382
69.832635,2326,0,1,1,[],0.01769099999810919
69.865968,2327,0,1,1,[],0.021023999998107
69.899301,2328,0,1,1,[],0.02435699999810481
69.932634,2329,0,1,1,[],0.02768999999810262
69.96596699999999,2331,0,1,1,[],0.0010229999980992943
69.99929999999999,2332,0,2,1,[],0.004355999998097104
70.03263299999999,2333,0,1,1,[],0.007688999998094914
70.065966,2334,0,2,1,[],0.011021999998106935
70.099299,2335,0,1,1,[],0.014354999998104745
70.132632,2336,0,1,1,[],0.017687999998102555
70.165965,2337,0,2,1,[],0.021020999998100365
70.199298,2338,0,1,1,[],0.024353999998098175
70.232631,2339,0,1,1,[],0.027686999998095985
70.265964,2341,0,1,1,[],0.0010199999980926577
70.299297,2342,0,1,1,[],0.004352999998090468
70.33263,2343,0,1,1,[],0.007685999998088278
70.365963,2344,0,1,1,[],0.011018999998086088
70.39929599999999,2345,0,1,1,[],0.014351999998083897
70.43262899999999,2346,0,1,1,[],0.017684999998081707
70.46596199999999,2347,0,1,1,[],0.021017999998079517
70.499295,2348,0,2,1,[],0.024350999998091538
70.532628,2349,0,1,1,[],0.027683999998089348
70.565961,2351,0,1,1,[],0.0010169999980860212
70.599294,2352,0,1,1,[],0.004349999998083831
70.632627,2353,0,1,1,[],0.007682999998081641
70.66596,2354,0,1,1,[],0.011015999998079451
70.699293,2355,0,1,1,[],0.014348999998077261
70.732626,2356,0,1,1,[],0.01768199999807507
70.765959,2357,0,1,1,[],0.02101499999807288
70.799292,2358,0,1,1,[],0.02434799999807069
70.832625,2359,0,1,1,[],0.0276809999980685
70.86595799999999,2361,0,1,1,[],0.0010139999980651737
70.89929099999999,2362,0,1,1,[],0.004346999998062984
70.93262399999999,2363,0,3,1,[],0.007679999998060794
70.965957,2364,0,2,1,[],0.011012999998072814
70.99929,2365,0,2,1,[],0.014345999998070624
71.032623,2366,0,1,1,[],0.017678999998068434
71.065956,2367,0,1,1,[],0.021011999998066244
71.099289,2368,0,1,1,[],0.024344999998064054
71.132622,2369,0,2,1,[],0.027677999998061864
71.165955,2371,0,1,1,[],0.0010109999980585371
71.199288,2372,0,1,1,[],0.004343999998056347
71.232621,2373,0,1,1,[],0.007676999998054157
71.265954,2374,0,2,1,[],0.011009999998051967
71.29928699999999,2375,0,1,1,[],0.014342999998049777
71.33261999999999,2376,0,2,1,[],0.017675999998047587
71.36595299999999,2377,0,1,1,[],0.021008999998045397
71.399286,2378,0,1,1,[],0.024341999998057418
71.432619,2379,0,1,1,[],0.027674999998055227
71.465952,2381,0,1,1,[],0.0010079999980519005
71.499285,2382,0,1,1,[],0.0043409999980497105
71.532618,2383,0,1,1,[],0.00767399999804752
71.565951,2384,0,2,1,[],0.01100699999804533
71.599284,2385,0,2,1,[],0.01433999999804314
71.632617,2386,0,1,1,[],0.01767299999804095
71.66595,2387,0,2,1,[],0.02100599999803876
71.699283,2388,0,2,1,[],0.02433899999803657
71.732616,2389,0,0,1,[],0.02767199999803438
71.76594899999999,2391,0,3,1,[],0.0010049999980310531
71.79928199999999,2392,0,1,1,[],0.004337999998028863
71.83261499999999,2393,0,2,1,[],0.007670999998026673
71.865948,2394,0,3,1,[],0.011003999998038694
71.899281,2395,0,1,1,[],0.014336999998036504
71.932614,2396,0,1,1,[],0.017669999998034314
71.965947,2397,0,1,1,[],0.021002999998032124
71.99928,2398,0,1,1,[],0.024335999998029934
72.032613,2399,0,3,1,[],0.027668999998027743
72.065946,2401,0,2,1,[],0.0010019999980244165
72.099279,2402,0,1,1,[],0.0043349999980222265
72.132612,2403,0,1,1,[],0.007667999998020036
72.165945,2404,0,2,1,[],0.011000999998017846
72.19927799999999,2405,0,1,1,[],0.014333999998015656
72.23261099999999,2406,0,1,1,[],0.017666999998013466
72.26594399999999,2407,0,1,1,[],0.020999999998011276
72.299277,2408,0,1,1,[],0.024332999998023297
72.33261,2409,0,1,1,[],0.027665999998021107
72.365943,2411,0,0,1,[],0.00099899999801778
72.399276,2412,0,3,1,[],0.00433199999801559
72.432609,2413,0,0,1,[],0.0076649999980134
72.465942,2414,0,2,1,[],0.01099799999801121
72.499275,2415,0,0,1,[],0.01433099999800902
72.532608,2416,0,0,1,[],0.01766399999800683
72.565941,2417,0,1,1,[],0.02099699999800464
72.599274,2418,0,1,1,[],0.02432999999800245
72.632607,2419,0,1,1,[],0.02766299999800026
72.66593999999999,2421,0,1,1,[],0.0009959999979969325
72.69927299999999,2422,0,0,1,[],0.0043289999979947424
72.73260599999999,2423,0,1,1,[],0.007661999997992552
72.765939,2424,0,1,1,[],0.010994999998004573
72.799272,2425,0,0,1,[],0.014327999998002383
72.832605,2426,0,1,1,[],0.017660999998000193
72.865938,2427,0,0,1,[],0.020993999997998003
72.899271,2428,0,1,1,[],0.024326999997995813
72.932604,2429,0,2,1,[],0.027659999997993623
72.965937,2431,0,2,1,[],0.000992999997990296
72.99927,2432,0,2,1,[],0.004325999997988106
73.032603,2433,0,1,1,[],0.007658999997985916
73.065936,2434,0,1,1,[],0.010991999997983726
73.09926899999999,2435,0,1,1,[],0.014324999997981536
73.13260199999999,2436,0,1,1,[],0.017657999997979346
73.16593499999999,2437,0,1,1,[],0.020990999997977156
73.199268,2438,0,1,1,[],0.024323999997989176
73.232601,2439,0,2,1,[],0.027656999997986986
73.265934,2441,0,1,1,[],0.0009899999979836593
73.299267,2442,0,1,1,[],0.004322999997981469
73.3326,2443,0,1,1,[],0.007655999997979279
73.365933,2444,0,1,1,[],0.01098899999797709
73.399266,2445,0,1,1,[],0.014321999997974899
73.432599,2446,0,1,1,[],0.01765499999797271
73.465932,2447,0,1,1,[],0.02098799999797052
73.499265,2448,0,1,1,[],0.02432099999796833
73.532598,2449,0,1,1,[],0.02765399999796614
73.56593099999999,2451,0,1,1,[],0.000986999997962812
73.59926399999999,2452,0,1,1,[],0.004319999997960622
73.63259699999999,2453,0,1,1,[],0.007652999997958432
73.66593,2454,0,2,1,[],0.010985999997970453
73.699263,2455,0,1,1,[],0.014318999997968263
73.732596,2456,0,1,1,[],0.017651999997966072
73.765929,2457,0,1,1,[],0.020984999997963882
73.799262,2458,0,1,1,[],0.024317999997961692
73.832595,2459,0,1,1,[],0.027650999997959502
73.865928,2461,0,1,1,[],0.0009839999979561753
73.899261,2462,0,1,1,[],0.004316999997953985
73.932594,2463,0,1,1,[],0.007649999997951795
73.965927,2464,0,1,1,[],0.010982999997949605
73.99925999999999,2465,0,2,1,[],0.014315999997947415
74.03259299999999,2466,0,1,1,[],0.017648999997945225
74.06592599999999,2467,0,1,1,[],0.020981999997943035
74.099259,2468,0,1,1,[],0.024314999997955056
74.132592,2469,0,2,1,[],0.027647999997952866
74.165925,2471,0,1,1,[],0.0009809999979495387
74.199258,2472,0,1,1,[],0.004313999997947349
74.232591,2473,0,1,1,[],0.007646999997945159
74.265924,2474,0,1,1,[],0.010979999997942969
74.299257,2475,0,1,1,[],0.014312999997940778
74.33259,2476,0,2,1,[],0.01764599999793859
74.365923,2477,0,1,1,[],0.0209789999979364
74.399256,2478,0,1,1,[],0.02431199999793421
74.432589,2479,0,1,1,[],0.027644999997932018
74.46592199999999,2481,0,0,1,[],0.0009779999979286913
74.49925499999999,2482,0,2,1,[],0.004310999997926501
74.53258799999999,2483,0,1,1,[],0.007643999997924311
74.565921,2484,0,1,1,[],0.010976999997936332
74.599254,2485,0,1,1,[],0.014309999997934142
74.632587,2486,0,1,1,[],0.017642999997931952
74.66592,2487,0,2,1,[],0.020975999997929762
74.699253,2488,0,1,1,[],0.02430899999792757
74.732586,2489,0,1,1,[],0.02764199999792538
74.765919,2491,0,1,1,[],0.0009749999979220547
74.799252,2492,0,2,1,[],0.004307999997919865
74.832585,2493,0,2,1,[],0.007640999997917675
74.865918,2494,0,2,1,[],0.010973999997915485
74.89925099999999,2495,0,1,1,[],0.014306999997913294
74.93258399999999,2496,0,2,1,[],0.017639999997911104
74.96591699999999,2497,0,0,1,[],0.020972999997908914
74.99925,2498,0,1,1,[],0.024305999997920935
75.032583,2499,0,1,1,[],0.027638999997918745
75.065916,2501,0,1,1,[],0.0009719999979154181
75.099249,2502,0,1,1,[],0.004304999997913228
75.132582,2503,0,1,1,[],0.007637999997911038
75.165915,2504,0,2,1,[],0.010970999997908848
75.199248,2505,0,0,1,[],0.014303999997906658
75.232581,2506,0,1,1,[],0.017636999997904468
75.265914,2507,0,1,1,[],0.020969999997902278
75.299247,2508,0,0,1,[],0.024302999997900088
75.33258,2509,0,3,1,[],0.027635999997897898
75.36591299999999,2511,0,1,1,[],0.0009689999978945707
75.39924599999999,2512,0,1,1,[],0.004301999997892381
75.43257899999999,2513,0,1,1,[],0.007634999997890191
75.465912,2514,0,1,1,[],0.010967999997902211
75.499245,2515,0,1,1,[],0.014300999997900021
75.532578,2516,0,0,1,[],0.01763399999789783
75.565911,2517,0,1,1,[],0.02096699999789564
75.599244,2518,0,1,1,[],0.02429999999789345
75.632577,2519,0,1,1,[],0.02763299999789126
75.66591,2521,0,1,1,[],0.0009659999978879341
75.699243,2522,0,0,1,[],0.004298999997885744
75.732576,2523,0,1,1,[],0.007631999997883554
75.765909,2524,0,0,1,[],0.010964999997881364
75.79924199999999,2525,0,1,1,[],0.014297999997879174
75.83257499999999,2526,0,1,1,[],0.017630999997876984
75.86590799999999,2527,0,1,1,[],0.020963999997874794
75.899241,2528,0,0,1,[],0.024296999997886815
75.932574,2529,0,0,1,[],0.027629999997884624
75.965907,2531,0,1,1,[],0.0009629999978812975
75.99924,2532,0,1,1,[],0.0042959999978791075
76.032573,2533,0,1,1,[],0.007628999997876917
76.065906,2534,0,1,1,[],0.010961999997874727
76.099239,2535,0,1,1,[],0.014294999997872537
76.132572,2536,0,1,1,[],0.017627999997870347
76.165905,2537,0,1,1,[],0.020960999997868157
76.199238,2538,0,1,1,[],0.024293999997865967
76.232571,2539,0,1,1,[],0.027626999997863777
76.26590399999999,2541,0,1,1,[],0.0009599999978604501
76.29923699999999,2542,0,2,1,[],0.00429299999785826
76.33256999999999,2543,0,1,1,[],0.00762599999785607
76.365903,2544,0,1,1,[],0.01095899999786809
76.399236,2545,0,1,1,[],0.0142919999978659
76.432569,2546,0,1,1,[],0.01762499999786371
76.465902,2547,0,1,1,[],0.02095799999786152
76.499235,2548,0,1,1,[],0.02429099999785933
76.532568,2549,0,1,1,[],0.02762399999785714
76.565901,2551,0,0,1,[],0.0009569999978538135
76.599234,2552,0,1,1,[],0.0042899999978516234
76.632567,2553,0,1,1,[],0.007622999997849433
76.6659,2554,0,1,1,[],0.010955999997847243
76.69923299999999,2555,0,2,1,[],0.014288999997845053
76.73256599999999,2556,0,1,1,[],0.017621999997842863
76.76589899999999,2557,0,1,1,[],0.020954999997840673
76.799232,2558,0,2,1,[],0.024287999997852694
76.832565,2559,0,2,1,[],0.027620999997850504
76.865898,2561,0,1,1,[],0.0009539999978471769
76.899231,2562,0,1,1,[],0.004286999997844987
76.932564,2563,0,1,1,[],0.007619999997842797
76.965897,2564,0,2,1,[],0.010952999997840607
76.99923,2565,0,1,1,[],0.014285999997838417
77.032563,2566,0,1,1,[],0.017618999997836227
77.065896,2567,0,1,1,[],0.020951999997834037
77.099229,2568,0,1,1,[],0.024284999997831846
77.132562,2569,0,2,1,[],0.027617999997829656
77.16589499999999,2571,0,1,1,[],0.0009509999978263295
77.19922799999999,2572,0,1,1,[],0.004283999997824139
77.23256099999999,2573,0,2,1,[],0.007616999997821949
77.265894,2574,0,1,1,[],0.01094999999783397
77.299227,2575,0,2,1,[],0.01428299999783178
77.33256,2576,0,1,1,[],0.01761599999782959
77.365893,2577,0,1,1,[],0.0209489999978274
77.399226,2578,0,1,1,[],0.02428199999782521
77.432559,2579,0,1,1,[],0.02761499999782302
77.465892,2581,0,1,1,[],0.0009479999978196929
77.499225,2582,0,2,1,[],0.004280999997817503
77.532558,2583,0,1,1,[],0.007613999997815313
77.565891,2584,0,1,1,[],0.010946999997813123
77.59922399999999,2585,0,1,1,[],0.014279999997810933
77.63255699999999,2586,0,1,1,[],0.017612999997808743
77.66588999999999,2587,0,1,1,[],0.020945999997806553
77.699223,2588,0,1,1,[],0.024278999997818573
77.732556,2589,0,1,1,[],0.027611999997816383
77.765889,2591,0,1,1,[],0.0009449999978130563
77.799222,2592,0,1,1,[],0.004277999997810866
77.832555,2593,0,1,1,[],0.007610999997808676
77.865888,2594,0,1,1,[],0.010943999997806486
77.899221,2595,0,1,1,[],0.014276999997804296
77.932554,2596,0,2,1,[],0.017609999997802106
77.965887,2597,0,2,1,[],0.020942999997799916
77.99922,2598,0,1,1,[],0.024275999997797726
78.032553,2599,0,2,1,[],0.027608999997795536
78.06588599999999,2601,0,2,1,[],0.0009419999977922089
78.09921899999999,2602,0,1,1,[],0.004274999997790019
78.13255199999999,2603,0,1,1,[],0.007607999997787829
78.165885,2604,0,1,1,[],0.01094099999779985
78.199218,2605,0,1,1,[],0.01427399999779766
78.232551,2606,0,1,1,[],0.01760699999779547
78.265884,2607,0,1,1,[],0.02093999999779328
78.299217,2608,0,1,1,[],0.02427299999779109
78.33255,2609,0,1,1,[],0.0276059999977889
78.365883,2611,0,1,1,[],0.0009389999977855723
78.399216,2612,0,1,1,[],0.004271999997783382
78.432549,2613,0,2,1,[],0.007604999997781192
78.465882,2614,0,1,1,[],0.010937999997779002
78.49921499999999,2615,0,0,1,[],0.014270999997776812
78.53254799999999,2616,0,1,1,[],0.017603999997774622
78.56588099999999,2617,0,0,1,[],0.020936999997772432
78.599214,2618,0,0,1,[],0.024269999997784453
78.632547,2619,0,0,1,[],0.027602999997782263
78.66588,2621,0,1,1,[],0.0009359999977789357
78.699213,2622,0,1,1,[],0.004268999997776746
78.732546,2623,0,1,1,[],0.007601999997774556
78.765879,2624,0,2,1,[],0.010934999997772366
78.799212,2625,0,1,1,[],0.014267999997770175
78.832545,2626,0,1,1,[],0.017600999997767985
78.865878,2627,0,2,1,[],0.020933999997765795
78.899211,2628,0,1,1,[],0.024266999997763605
78.932544,2629,0,1,1,[],0.027599999997761415
78.96587699999999,2631,0,1,1,[],0.0009329999977580883
78.99920999999999,2632,0,2,1,[],0.004265999997755898
79.03254299999999,2633,0,1,1,[],0.007598999997753708
79.065876,2634,0,1,1,[],0.010931999997765729
79.099209,2635,0,1,1,[],0.014264999997763539
79.132542,2636,0,1,1,[],0.01759799999776135
79.165875,2637,0,2,1,[],0.02093099999775916
79.199208,2638,0,2,1,[],0.02426399999775697
79.232541,2639,0,1,1,[],0.02759699999775478
79.265874,2641,0,1,1,[],0.0009299999977514517
79.299207,2642,0,1,1,[],0.004262999997749262
79.33254,2643,0,0,1,[],0.007595999997747072
79.365873,2644,0,1,1,[],0.010928999997744882
79.39920599999999,2645,0,1,1,[],0.014261999997742691
79.43253899999999,2646,0,1,1,[],0.0175949999977405
79.46587199999999,2647,0,1,1,[],0.02092799999773831
79.499205,2648,0,1,1,[],0.024260999997750332
79.532538,2649,0,1,1,[],0.027593999997748142
79.565871,2651,0,1,1,[],0.0009269999977448151
79.599204,2652,0,1,1,[],0.004259999997742625
79.632537,2653,0,2,1,[],0.007592999997740435
79.66587,2654,0,1,1,[],0.010925999997738245
79.699203,2655,0,1,1,[],0.014258999997736055
79.732536,2656,0,1,1,[],0.017591999997733865
79.765869,2657,0,2,1,[],0.020924999997731675
79.799202,2658,0,1,1,[],0.024257999997729485
79.832535,2659,0,3,1,[],0.027590999997727295
79.86586799999999,2661,0,1,1,[],0.0009239999977239677
79.89920099999999,2662,0,1,1,[],0.004256999997721778
79.93253399999999,2663,0,3,1,[],0.0075899999977195876
79.965867,2664,0,1,1,[],0.010922999997731608
79.9992,2665,0,1,1,[],0.014255999997729418
80.032533,2666,0,1,1,[],0.017588999997727228
80.065866,2667,0,2,1,[],0.020921999997725038
80.099199,2668,0,1,1,[],0.024254999997722848
80.132532,2669,0,2,1,[],0.027587999997720658
80.165865,2671,0,2,1,[],0.0009209999977173311
80.199198,2672,0,1,1,[],0.004253999997715141
80.232531,2673,0,0,1,[],0.007586999997712951
80.265864,2674,0,2,1,[],0.010919999997710761
80.29919699999999,2675,0,1,1,[],0.01425299999770857
80.33252999999999,2676,0,1,1,[],0.01758599999770638
80.36586299999999,2677,0,1,1,[],0.02091899999770419
80.399196,2678,0,1,1,[],0.02425199999771621
80.432529,2679,0,1,1,[],0.02758499999771402
80.465862,2681,0,2,1,[],0.0009179999977106945
80.499195,2682,0,1,1,[],0.0042509999977085045
80.532528,2683,0,1,1,[],0.007583999997706314
80.565861,2684,0,2,1,[],0.010916999997704124
80.599194,2685,0,1,1,[],0.014249999997701934
80.632527,2686,0,1,1,[],0.017582999997699744
80.66586,2687,0,1,1,[],0.020915999997697554
80.699193,2688,0,2,1,[],0.024248999997695364
80.732526,2689,0,1,1,[],0.027581999997693174
80.76585899999999,2691,0,1,1,[],0.0009149999976898471
80.79919199999999,2692,0,1,1,[],0.004247999997687657
80.83252499999999,2693,0,1,1,[],0.007580999997685467
80.865858,2694,0,1,1,[],0.010913999997697488
80.899191,2695,0,1,1,[],0.014246999997695298
80.932524,2696,0,1,1,[],0.017579999997693108
80.965857,2697,0,1,1,[],0.020912999997690918
80.99919,2698,0,1,1,[],0.024245999997688727
81.032523,2699,0,1,1,[],0.027578999997686537
81.065856,2701,0,1,1,[],0.0009119999976832105
81.099189,2702,0,1,1,[],0.00424499999768102
81.132522,2703,0,1,1,[],0.00757799999767883
81.165855,2704,0,0,1,[],0.01091099999767664
81.19918799999999,2705,0,1,1,[],0.01424399999767445
81.23252099999999,2706,0,1,1,[],0.01757699999767226
81.26585399999999,2707,0,1,1,[],0.02090999999767007
81.299187,2708,0,2,1,[],0.02424299999768209
81.33252,2709,0,1,1,[],0.0275759999976799
81.365853,2711,0,1,1,[],0.0009089999976765739
81.399186,2712,0,2,1,[],0.004241999997674384
81.432519,2713,0,1,1,[],0.007574999997672194
81.465852,2714,0,1,1,[],0.010907999997670004
81.499185,2715,0,2,1,[],0.014240999997667814
81.532518,2716,0,1,1,[],0.017573999997665624
81.565851,2717,0,2,1,[],0.020906999997663434
81.599184,2718,0,2,1,[],0.024239999997661243
81.63251699999999,2719,0,1,1,[],0.027572999997659053
81.66584999999999,2721,0,2,1,[],0.0009059999976557265
81.69918299999999,2722,0,1,1,[],0.004238999997653536
81.73251599999999,2723,0,1,1,[],0.007571999997651346
81.765849,2724,0,2,1,[],0.010904999997663367
81.799182,2725,0,1,1,[],0.014237999997661177
81.832515,2726,0,1,1,[],0.017570999997658987
81.865848,2727,0,2,1,[],0.020903999997656797
81.899181,2728,0,0,1,[],0.024236999997654607
81.932514,2729,0,2,1,[],0.027569999997652417
81.965847,2731,0,2,1,[],0.0009029999976490899
81.99918,2732,0,2,1,[],0.0042359999976469
82.032513,2733,0,0,1,[],0.00756899999764471
82.065846,2734,0,1,1,[],0.01090199999764252
82.09917899999999,2735,0,0,1,[],0.01423499999764033
82.13251199999999,2736,0,0,1,[],0.01756799999763814
82.16584499999999,2737,0,1,1,[],0.02090099999763595
82.19917799999999,2738,0,1,1,[],0.02423399999763376
82.232511,2739,0,2,1,[],0.02756699999764578
82.265844,2741,0,1,1,[],0.0008999999976424533
82.299177,2742,0,1,1,[],0.004232999997640263
82.33251,2743,0,1,1,[],0.007565999997638073
82.365843,2744,0,1,1,[],0.010898999997635883
82.399176,2745,0,1,1,[],0.014231999997633693
82.432509,2746,0,1,1,[],0.017564999997631503
82.465842,2747,0,1,1,[],0.020897999997629313
82.499175,2748,0,1,1,[],0.024230999997627123
82.53250799999999,2749,0,1,1,[],0.027563999997624933
82.56584099999999,2751,0,2,1,[],0.0008969999976216059
82.59917399999999,2752,0,0,1,[],0.004229999997619416
82.63250699999999,2753,0,1,1,[],0.007562999997617226
82.66584,2754,0,2,1,[],0.010895999997629247
82.699173,2755,0,2,1,[],0.014228999997627056
82.732506,2756,0,3,1,[],0.017561999997624866
82.765839,2757,0,0,1,[],0.020894999997622676
82.799172,2758,0,0,1,[],0.024227999997620486
82.832505,2759,0,1,1,[],0.027560999997618296
82.865838,2761,0,1,1,[],0.0008939999976149693
82.899171,2762,0,1,1,[],0.004226999997612779
82.932504,2763,0,0,1,[],0.007559999997610589
82.965837,2764,0,1,1,[],0.010892999997608399
82.99916999999999,2765,0,0,1,[],0.014225999997606209
83.03250299999999,2766,0,0,1,[],0.01755899999760402
83.06583599999999,2767,0,1,1,[],0.02089199999760183
83.09916899999999,2768,0,0,1,[],0.02422499999759964
83.132502,2769,0,0,1,[],0.02755799999761166
83.165835,2771,0,0,1,[],0.0008909999976083327
83.199168,2772,0,1,1,[],0.004223999997606143
83.232501,2773,0,1,1,[],0.007556999997603953
83.265834,2774,0,1,1,[],0.010889999997601763
83.299167,2775,0,0,1,[],0.014222999997599572
83.3325,2776,0,0,1,[],0.017555999997597382
83.365833,2777,0,1,1,[],0.020888999997595192
83.399166,2778,0,1,1,[],0.024221999997593002
83.43249899999999,2779,0,1,1,[],0.027554999997590812
83.46583199999999,2781,0,1,1,[],0.0008879999975874853
83.49916499999999,2782,0,1,1,[],0.004220999997585295
83.53249799999999,2783,0,1,1,[],0.007553999997583105
83.565831,2784,0,1,1,[],0.010886999997595126
83.599164,2785,0,3,1,[],0.014219999997592936
83.632497,2786,0,2,1,[],0.017552999997590746
83.66583,2787,0,2,1,[],0.020885999997588556
83.699163,2788,0,3,1,[],0.024218999997586366
83.732496,2789,0,1,1,[],0.027551999997584176
83.765829,2791,0,1,1,[],0.0008849999975808487
83.799162,2792,0,1,1,[],0.004217999997578659
83.832495,2793,0,1,1,[],0.0075509999975764686
83.865828,2794,0,2,1,[],0.010883999997574278
83.89916099999999,2795,0,2,1,[],0.014216999997572088
83.93249399999999,2796,0,1,1,[],0.0175499999975699
83.96582699999999,2797,0,2,1,[],0.02088299999756771
83.99915999999999,2798,0,1,1,[],0.024215999997565518
84.032493,2799,0,1,1,[],0.02754899999757754
84.065826,2801,0,2,1,[],0.0008819999975742121
84.099159,2802,0,1,1,[],0.004214999997572022
84.132492,2803,0,1,1,[],0.007547999997569832
84.165825,2804,0,1,1,[],0.010880999997567642
84.199158,2805,0,3,1,[],0.014213999997565452
84.232491,2806,0,2,1,[],0.017546999997563262
84.265824,2807,0,1,1,[],0.02087999999756107
84.299157,2808,0,1,1,[],0.02421299999755888
84.33248999999999,2809,0,2,1,[],0.02754599999755669
84.36582299999999,2811,0,1,1,[],0.0008789999975533647
84.39915599999999,2812,0,1,1,[],0.004211999997551175
84.43248899999999,2813,0,1,1,[],0.0075449999975489845
84.465822,2814,0,1,1,[],0.010877999997561005
84.499155,2815,0,1,1,[],0.014210999997558815
84.532488,2816,0,1,1,[],0.017543999997556625
84.565821,2817,0,1,1,[],0.020876999997554435
84.599154,2818,0,1,1,[],0.024209999997552245
84.632487,2819,0,1,1,[],0.027542999997550055
84.66582,2821,0,1,1,[],0.0008759999975467281
84.699153,2822,0,2,1,[],0.004208999997544538
84.732486,2823,0,1,1,[],0.007541999997542348
84.765819,2824,0,1,1,[],0.010874999997540158
84.79915199999999,2825,0,2,1,[],0.014207999997537968
84.83248499999999,2826,0,1,1,[],0.017540999997535778
84.86581799999999,2827,0,1,1,[],0.020873999997533588
84.89915099999999,2828,0,1,1,[],0.024206999997531398
84.932484,2829,0,1,1,[],0.02753999999754342
84.965817,2831,0,0,1,[],0.0008729999975400915
84.99915,2832,0,3,1,[],0.0042059999975379014
85.032483,2833,0,2,1,[],0.007538999997535711
85.065816,2834,0,2,1,[],0.010871999997533521
85.099149,2835,0,2,1,[],0.014204999997531331
85.132482,2836,0,2,1,[],0.01753799999752914
85.165815,2837,0,1,1,[],0.02087099999752695
85.199148,2838,0,2,1,[],0.02420399999752476
85.23248099999999,2839,0,1,1,[],0.02753699999752257
85.26581399999999,2841,0,1,1,[],0.0008699999975192441
85.29914699999999,2842,0,1,1,[],0.004202999997517054
85.33247999999999,2843,0,1,1,[],0.007535999997514864
85.365813,2844,0,1,1,[],0.010868999997526885
85.399146,2845,0,1,1,[],0.014201999997524695
85.432479,2846,0,1,1,[],0.017534999997522505
85.465812,2847,0,2,1,[],0.020867999997520315
85.499145,2848,0,1,1,[],0.024200999997518124
85.532478,2849,0,0,1,[],0.027533999997515934
85.565811,2851,0,2,1,[],0.0008669999975126075
85.599144,2852,0,1,1,[],0.004199999997510417
85.632477,2853,0,1,1,[],0.007532999997508227
85.66581,2854,0,1,1,[],0.010865999997506037
85.69914299999999,2855,0,2,1,[],0.014198999997503847
85.73247599999999,2856,0,1,1,[],0.017531999997501657
85.76580899999999,2857,0,1,1,[],0.020864999997499467
85.79914199999999,2858,0,1,1,[],0.024197999997497277
85.832475,2859,0,1,1,[],0.027530999997509298
85.865808,2861,0,1,1,[],0.0008639999975059709
85.899141,2862,0,1,1,[],0.004196999997503781
85.932474,2863,0,1,1,[],0.007529999997501591
85.965807,2864,0,1,1,[],0.0108629999974994
85.99914,2865,0,0,1,[],0.01419599999749721
86.032473,2866,0,1,1,[],0.01752899999749502
86.065806,2867,0,1,1,[],0.02086199999749283
86.099139,2868,0,1,1,[],0.02419499999749064
86.13247199999999,2869,0,0,1,[],0.02752799999748845
86.16580499999999,2871,0,1,1,[],0.0008609999974851235
86.19913799999999,2872,0,1,1,[],0.004193999997482933
86.23247099999999,2873,0,1,1,[],0.007526999997480743
86.265804,2874,0,1,1,[],0.010859999997492764
86.299137,2875,0,1,1,[],0.014192999997490574
86.33247,2876,0,1,1,[],0.017525999997488384
86.365803,2877,0,2,1,[],0.020858999997486194
86.399136,2878,0,0,1,[],0.024191999997484004
86.432469,2879,0,1,1,[],0.027524999997481814
86.465802,2881,0,1,1,[],0.0008579999974784869
86.499135,2882,0,1,1,[],0.004190999997476297
86.532468,2883,0,1,1,[],0.007523999997474107
86.565801,2884,0,0,1,[],0.010856999997471917
86.59913399999999,2885,0,0,1,[],0.014189999997469727
86.63246699999999,2886,0,0,1,[],0.017522999997467537
86.66579999999999,2887,0,2,1,[],0.020855999997465346
86.69913299999999,2888,0,1,1,[],0.024188999997463156
86.732466,2889,0,1,1,[],0.027521999997475177
86.765799,2891,0,2,1,[],0.0008549999974718503
86.799132,2892,0,1,1,[],0.00418799999746966
86.832465,2893,0,0,1,[],0.00752099999746747
86.865798,2894,0,2,1,[],0.01085399999746528
86.899131,2895,0,1,1,[],0.01418699999746309
86.932464,2896,0,1,1,[],0.0175199999974609
86.965797,2897,0,1,1,[],0.02085299999745871
86.99913,2898,0,2,1,[],0.02418599999745652
87.03246299999999,2899,0,1,1,[],0.02751899999745433
87.06579599999999,2901,0,2,1,[],0.0008519999974510029
87.09912899999999,2902,0,1,1,[],0.004184999997448813
87.13246199999999,2903,0,1,1,[],0.007517999997446623
87.165795,2904,0,2,1,[],0.010850999997458644
87.199128,2905,0,1,1,[],0.014183999997456453
87.232461,2906,0,1,1,[],0.017516999997454263
87.265794,2907,0,1,1,[],0.020849999997452073
87.299127,2908,0,1,1,[],0.024182999997449883
87.33246,2909,0,1,1,[],0.027515999997447693
87.365793,2911,0,2,1,[],0.0008489999974443663
87.399126,2912,0,2,1,[],0.004181999997442176
87.432459,2913,0,2,1,[],0.007514999997439986
87.465792,2914,0,2,1,[],0.010847999997437796
87.49912499999999,2915,0,1,1,[],0.014180999997435606
87.53245799999999,2916,0,1,1,[],0.017513999997433416
87.56579099999999,2917,0,1,1,[],0.020846999997431226
87.59912399999999,2918,0,1,1,[],0.024179999997429036
87.632457,2919,0,1,1,[],0.027512999997441057
87.66579,2921,0,1,1,[],0.0008459999974377297
87.699123,2922,0,1,1,[],0.00417899999743554
87.732456,2923,0,2,1,[],0.0075119999974333496
87.765789,2924,0,2,1,[],0.01084499999743116
87.799122,2925,0,1,1,[],0.01417799999742897
87.832455,2926,0,1,1,[],0.01751099999742678
87.865788,2927,0,2,1,[],0.02084399999742459
87.899121,2928,0,1,1,[],0.0241769999974224
87.93245399999999,2929,0,2,1,[],0.02750999999742021
87.96578699999999,2931,0,1,1,[],0.0008429999974168823
87.99911999999999,2932,0,1,1,[],0.004175999997414692
88.03245299999999,2933,0,1,1,[],0.007508999997412502
88.065786,2934,0,2,1,[],0.010841999997424523
88.099119,2935,0,1,1,[],0.014174999997422333
88.132452,2936,0,1,1,[],0.017507999997420143
88.165785,2937,0,1,1,[],0.020840999997417953
88.199118,2938,0,1,1,[],0.024173999997415763
88.232451,2939,0,2,1,[],0.027506999997413573
88.265784,2941,0,1,1,[],0.0008399999974102457
88.299117,2942,0,3,1,[],0.004172999997408056
88.33245,2943,0,1,1,[],0.0075059999974058655
88.365783,2944,0,1,1,[],0.010838999997403675
88.39911599999999,2945,0,1,1,[],0.014171999997401485
88.43244899999999,2946,0,1,1,[],0.017504999997399295
88.46578199999999,2947,0,1,1,[],0.020837999997397105
88.49911499999999,2948,0,1,1,[],0.024170999997394915
88.532448,2949,0,0,1,[],0.027503999997406936
88.565781,2951,0,1,1,[],0.0008369999974036091
88.599114,2952,0,1,1,[],0.004169999997401419
88.632447,2953,0,0,1,[],0.007502999997399229
88.66578,2954,0,1,1,[],0.010835999997397039
88.699113,2955,0,2,1,[],0.014168999997394849
88.732446,2956,0,1,1,[],0.01750199999739266
88.765779,2957,0,1,1,[],0.02083499999739047
88.799112,2958,0,1,1,[],0.02416799999738828
88.83244499999999,2959,0,1,1,[],0.02750099999738609
88.86577799999999,2961,0,1,1,[],0.0008339999973827616
88.89911099999999,2962,0,1,1,[],0.004166999997380572
88.93244399999999,2963,0,1,1,[],0.0074999999973783815
88.965777,2964,0,1,1,[],0.010832999997390402
88.99911,2965,0,1,1,[],0.014165999997388212
89.032443,2966,0,1,1,[],0.017498999997386022
89.065776,2967,0,1,1,[],0.020831999997383832
89.099109,2968,0,2,1,[],0.024164999997381642
89.132442,2969,0,1,1,[],0.027497999997379452
89.165775,2971,0,1,1,[],0.0008309999973761251
89.199108,2972,0,1,1,[],0.004163999997373935
89.232441,2973,0,1,1,[],0.007496999997371745
89.265774,2974,0,0,1,[],0.010829999997369555
89.29910699999999,2975,0,1,1,[],0.014162999997367365
89.33243999999999,2976,0,1,1,[],0.017495999997365175
89.36577299999999,2977,0,1,1,[],0.020828999997362985
89.39910599999999,2978,0,1,1,[],0.024161999997360795
89.432439,2979,0,1,1,[],0.027494999997372815
89.465772,2981,0,1,1,[],0.0008279999973694885
89.499105,2982,0,2,1,[],0.004160999997367298
89.532438,2983,0,1,1,[],0.007493999997365108
89.565771,2984,0,1,1,[],0.010826999997362918
89.599104,2985,0,1,1,[],0.014159999997360728
89.632437,2986,0,1,1,[],0.017492999997358538
89.66577,2987,0,1,1,[],0.020825999997356348
89.699103,2988,0,1,1,[],0.024158999997354158
89.73243599999999,2989,0,1,1,[],0.027491999997351968
89.76576899999999,2991,0,1,1,[],0.000824999997348641
89.79910199999999,2992,0,1,1,[],0.004157999997346451
89.83243499999999,2993,0,1,1,[],0.007490999997344261
89.865768,2994,0,1,1,[],0.010823999997356282
89.899101,2995,0,2,1,[],0.014156999997354092
89.932434,2996,0,2,1,[],0.0174899999973519
89.965767,2997,0,2,1,[],0.02082299999734971
89.9991,2998,0,2,1,[],0.02415599999734752
90.032433,2999,0,2,1,[],0.02748899999734533
90.065766,3001,0,1,1,[],0.0008219999973420045
90.099099,3002,0,1,1,[],0.004154999997339814
90.132432,3003,0,1,1,[],0.007487999997337624
90.165765,3004,0,2,1,[],0.010820999997335434
90.19909799999999,3005,0,1,1,[],0.014153999997333244
90.23243099999999,3006,0,1,1,[],0.017486999997331054
90.26576399999999,3007,0,2,1,[],0.020819999997328864
90.29909699999999,3008,0,1,1,[],0.024152999997326674
90.33243,3009,0,1,1,[],0.027485999997338695
90.365763,3011,0,2,1,[],0.0008189999973353679
90.399096,3012,0,1,1,[],0.004151999997333178
90.432429,3013,0,0,1,[],0.007484999997330988
90.465762,3014,0,1,1,[],0.010817999997328798
90.499095,3015,0,2,1,[],0.014150999997326608
90.532428,3016,0,1,1,[],0.017483999997324418
90.565761,3017,0,1,1,[],0.020816999997322228
90.599094,3018,0,2,1,[],0.024149999997320037
90.63242699999999,3019,0,0,1,[],0.027482999997317847
90.66575999999999,3021,0,1,1,[],0.0008159999973145204
90.69909299999999,3022,0,1,1,[],0.00414899999731233
90.73242599999999,3023,0,1,1,[],0.00748199999731014
90.765759,3024,0,1,1,[],0.010814999997322161
90.799092,3025,0,1,1,[],0.014147999997319971
90.832425,3026,0,1,1,[],0.01748099999731778
90.865758,3027,0,1,1,[],0.02081399999731559
90.899091,3028,0,1,1,[],0.0241469999973134
90.932424,3029,0,2,1,[],0.02747999999731121
90.965757,3031,0,2,1,[],0.0008129999973078839
90.99909,3032,0,1,1,[],0.004145999997305694
91.032423,3033,0,1,1,[],0.007478999997303504
91.065756,3034,0,1,1,[],0.010811999997301314
91.09908899999999,3035,0,1,1,[],0.014144999997299124
91.13242199999999,3036,0,2,1,[],0.017477999997296934
91.16575499999999,3037,0,1,1,[],0.020810999997294743
91.19908799999999,3038,0,2,1,[],0.024143999997292553
91.232421,3039,0,1,1,[],0.027476999997304574
91.265754,3041,0,0,1,[],0.0008099999973012473
91.299087,3042,0,2,1,[],0.004142999997299057
91.33242,3043,0,1,1,[],0.007475999997296867
91.365753,3044,0,1,1,[],0.010808999997294677
91.399086,3045,0,1,1,[],0.014141999997292487
91.432419,3046,0,1,1,[],0.017474999997290297
91.465752,3047,0,2,1,[],0.020807999997288107
91.499085,3048,0,1,1,[],0.024140999997285917
91.53241799999999,3049,0,1,1,[],0.027473999997283727
91.56575099999999,3051,0,1,1,[],0.0008069999972803998
91.59908399999999,3052,0,2,1,[],0.00413999999727821
91.63241699999999,3053,0,1,1,[],0.00747299999727602
91.66575,3054,0,2,1,[],0.01080599999728804
91.699083,3055,0,1,1,[],0.01413899999728585
91.732416,3056,0,1,1,[],0.01747199999728366
91.765749,3057,0,2,1,[],0.02080499999728147
91.799082,3058,0,1,1,[],0.02413799999727928
91.832415,3059,0,1,1,[],0.02747099999727709
91.865748,3061,0,1,1,[],0.0008039999972737633
91.899081,3062,0,1,1,[],0.004136999997271573
91.932414,3063,0,1,1,[],0.007469999997269383
91.965747,3064,0,1,1,[],0.010802999997267193
91.99907999999999,3065,0,1,1,[],0.014135999997265003
92.03241299999999,3066,0,1,1,[],0.017468999997262813
92.06574599999999,3067,0,2,1,[],0.020801999997260623
92.09907899999999,3068,0,1,1,[],0.024134999997258433
92.132412,3069,0,2,1,[],0.027467999997270454
92.165745,3071,0,1,1,[],0.0008009999972671267
92.199078,3072,0,2,1,[],0.004133999997264937
92.232411,3073,0,2,1,[],0.0074669999972627465
92.265744,3074,0,1,1,[],0.010799999997260556
92.299077,3075,0,1,1,[],0.014132999997258366
92.33241,3076,0,1,1,[],0.017465999997256176
92.365743,3077,0,1,1,[],0.020798999997253986
92.399076,3078,0,1,1,[],0.024131999997251796
92.43240899999999,3079,0,1,1,[],0.027464999997249606
92.46574199999999,3081,0,1,1,[],0.0007979999972462792
92.49907499999999,3082,0,1,1,[],0.004130999997244089
92.53240799999999,3083,0,2,1,[],0.007463999997241899
92.565741,3084,0,1,1,[],0.01079699999725392
92.599074,3085,0,1,1,[],0.01412999999725173
92.632407,3086,0,1,1,[],0.01746299999724954
92.66574,3087,0,1,1,[],0.02079599999724735
92.699073,3088,0,1,1,[],0.02412899999724516
92.732406,3089,0,2,1,[],0.02746199999724297
92.765739,3091,0,1,1,[],0.0007949999972396427
92.799072,3092,0,2,1,[],0.004127999997237453
92.832405,3093,0,1,1,[],0.0074609999972352625
92.865738,3094,0,1,1,[],0.010793999997233072
92.89907099999999,3095,0,1,1,[],0.014126999997230882
92.93240399999999,3096,0,1,1,[],0.017459999997228692
92.96573699999999,3097,0,1,1,[],0.020792999997226502
92.99906999999999,3098,0,2,1,[],0.024125999997224312
93.032403,3099,0,1,1,[],0.027458999997236333
93.065736,3101,0,0,1,[],0.0007919999972330061
93.099069,3102,0,1,1,[],0.004124999997230816
93.132402,3103,0,1,1,[],0.007457999997228626
93.165735,3104,0,1,1,[],0.010790999997226436
93.199068,3105,0,1,1,[],0.014123999997224246
93.232401,3106,0,1,1,[],0.017456999997222056
93.265734,3107,0,1,1,[],0.020789999997219866
93.299067,3108,0,1,1,[],0.024122999997217676
93.33239999999999,3109,0,1,1,[],0.027455999997215486
93.36573299999999,3111,0,1,1,[],0.0007889999972121586
93.39906599999999,3112,0,1,1,[],0.004121999997209969
93.43239899999999,3113,0,2,1,[],0.0074549999972077785
93.465732,3114,0,2,1,[],0.0107879999972198
93.499065,3115,0,1,1,[],0.01412099999721761
93.532398,3116,0,1,1,[],0.01745399999721542
93.565731,3117,0,1,1,[],0.02078699999721323
93.599064,3118,0,1,1,[],0.02411999999721104
93.632397,3119,0,2,1,[],0.02745299999720885
93.66573,3121,0,2,1,[],0.000785999997205522
93.699063,3122,0,1,1,[],0.004118999997203332
93.732396,3123,0,1,1,[],0.007451999997201142
93.765729,3124,0,1,1,[],0.010784999997198952
93.79906199999999,3125,0,1,1,[],0.014117999997196762
93.83239499999999,3126,0,2,1,[],0.01745099999719457
93.86572799999999,3127,0,1,1,[],0.02078399999719238
93.89906099999999,3128,0,1,1,[],0.02411699999719019
93.932394,3129,0,1,1,[],0.027449999997202212
93.965727,3131,0,1,1,[],0.0007829999971988855
93.99906,3132,0,1,1,[],0.004115999997196695
94.032393,3133,0,2,1,[],0.007448999997194505
94.065726,3134,0,1,1,[],0.010781999997192315
94.099059,3135,0,1,1,[],0.014114999997190125
94.132392,3136,0,1,1,[],0.017447999997187935
94.165725,3137,0,1,1,[],0.020780999997185745
94.199058,3138,0,1,1,[],0.024113999997183555
94.23239099999999,3139,0,1,1,[],0.027446999997181365
94.26572399999999,3141,0,1,1,[],0.000779999997178038
94.29905699999999,3142,0,1,1,[],0.004112999997175848
94.33238999999999,3143,0,1,1,[],0.007445999997173658
94.365723,3144,0,2,1,[],0.010778999997185679
94.399056,3145,0,2,1,[],0.014111999997183489
94.432389,3146,0,1,1,[],0.0174449999971813
94.465722,3147,0,2,1,[],0.02077799999717911
94.499055,3148,0,1,1,[],0.02411099999717692
94.532388,3149,0,1,1,[],0.02744399999717473
94.565721,3151,0,1,1,[],0.0007769999971714014
94.599054,3152,0,2,1,[],0.004109999997169211
94.632387,3153,0,1,1,[],0.007442999997167021
94.66572,3154,0,1,1,[],0.010775999997164831
94.69905299999999,3155,0,2,1,[],0.014108999997162641
94.73238599999999,3156,0,2,1,[],0.01744199999716045
94.76571899999999,3157,0,1,1,[],0.02077499999715826
94.79905199999999,3158,0,2,1,[],0.02410799999715607
94.832385,3159,0,2,1,[],0.027440999997168092
94.865718,3161,0,1,1,[],0.0007739999971647649
94.899051,3162,0,1,1,[],0.004106999997162575
94.932384,3163,0,1,1,[],0.007439999997160385
94.965717,3164,0,2,1,[],0.010772999997158195
94.99905,3165,0,2,1,[],0.014105999997156005
95.032383,3166,0,3,1,[],0.017438999997153815
95.065716,3167,0,1,1,[],0.020771999997151624
95.099049,3168,0,1,1,[],0.024104999997149434
95.13238199999999,3169,0,1,1,[],0.027437999997147244
95.16571499999999,3171,0,1,1,[],0.0007709999971439174
95.19904799999999,3172,0,1,1,[],0.004103999997141727
95.23238099999999,3173,0,1,1,[],0.007436999997139537
95.265714,3174,0,2,1,[],0.010769999997151558
95.299047,3175,0,2,1,[],0.014102999997149368
95.33238,3176,0,2,1,[],0.017435999997147178
95.365713,3177,0,1,1,[],0.020768999997144988
95.399046,3178,0,1,1,[],0.024101999997142798
95.432379,3179,0,1,1,[],0.027434999997140608
95.465712,3181,0,1,1,[],0.0007679999971372808
95.499045,3182,0,1,1,[],0.004100999997135091
95.532378,3183,0,1,1,[],0.007433999997132901
95.565711,3184,0,1,1,[],0.01076699999713071
95.59904399999999,3185,0,1,1,[],0.01409999999712852
95.63237699999999,3186,0,2,1,[],0.01743299999712633
95.66570999999999,3187,0,2,1,[],0.02076599999712414
95.69904299999999,3188,0,1,1,[],0.02409899999712195
95.732376,3189,0,1,1,[],0.02743199999713397
95.765709,3191,0,1,1,[],0.0007649999971306443
95.799042,3192,0,1,1,[],0.004097999997128454
95.832375,3193,0,1,1,[],0.007430999997126264
95.865708,3194,0,2,1,[],0.010763999997124074
95.899041,3195,0,2,1,[],0.014096999997121884
95.932374,3196,0,1,1,[],0.017429999997119694
95.965707,3197,0,3,1,[],0.020762999997117504
95.99904,3198,0,3,1,[],0.024095999997115314
96.03237299999999,3199,0,1,1,[],0.027428999997113124
96.06570599999999,3201,0,0,1,[],0.0007619999971097968
96.09903899999999,3202,0,0,1,[],0.004094999997107607
96.13237199999999,3203,0,0,1,[],0.007427999997105417
96.165705,3204,0,1,1,[],0.010760999997117437
96.199038,3205,0,0,1,[],0.014093999997115247
96.232371,3206,0,1,1,[],0.017426999997113057
96.265704,3207,0,1,0,[],0.020759999997110867
96.299037,3208,0,0,0,[],0.024092999997108677
96.33237,3209,0,0,0,[],0.027425999997106487
96.365703,3211,0,0,0,[],0.0007589999971031602
96.399036,3212,0,0,0,[],0.00409199999710097
96.432369,3213,0,0,0,[],0.00742499999709878
96.465702,3214,0,0,0,[],0.01075799999709659
96.49903499999999,3215,0,0,0,[],0.0140909999970944
96.53236799999999,3216,0,0,0,[],0.01742399999709221
96.56570099999999,3217,0,0,0,[],0.02075699999709002
96.59903399999999,3218,0,0,0,[],0.02408999999708783
96.632367,3219,0,1,0,[],0.02742299999709985
96.6657,3221,0,0,0,[],0.0007559999970965237
96.699033,3222,0,0,1,[],0.004088999997094334
96.732366,3223,0,0,1,[],0.0074219999970921435
96.765699,3224,0,1,1,[],0.010754999997089953
96.799032,3225,0,1,1,[],0.014087999997087763
96.832365,3226,0,1,1,[],0.017420999997085573
96.865698,3227,0,1,1,[],0.020753999997083383
96.899031,3228,0,1,1,[],0.024086999997081193
96.93236399999999,3229,0,1,1,[],0.027419999997079003
96.96569699999999,3231,0,1,1,[],0.0007529999970756762
96.99902999999999,3232,0,1,1,[],0.004085999997073486
97.03236299999999,3233,0,1,1,[],0.007418999997071296
97.065696,3234,0,1,1,[],0.010751999997083317
97.099029,3235,0,1,1,[],0.014084999997081127
97.132362,3236,0,1,1,[],0.017417999997078937
97.165695,3237,0,1,0,[],0.020750999997076747
97.199028,3238,0,2,0,[],0.024083999997074557
97.232361,3239,0,2,0,[],0.027416999997072367
97.265694,3241,0,1,0,[],0.0007499999970690396
97.299027,3242,0,1,1,[],0.00408299999706685
97.33236,3243,0,1,1,[],0.0074159999970646595
97.365693,3244,0,1,1,[],0.01074899999706247
97.39902599999999,3245,0,1,1,[],0.01408199999706028
97.43235899999999,3246,0,1,1,[],0.01741499999705809
97.46569199999999,3247,0,1,1,[],0.0207479999970559
97.49902499999999,3248,0,0,1,[],0.02408099999705371
97.532358,3249,0,1,1,[],0.02741399999706573
97.565691,3251,0,0,1,[],0.000746999997062403
97.599024,3252,0,1,1,[],0.004079999997060213
97.632357,3253,0,1,1,[],0.007412999997058023
97.66569,3254,0,2,1,[],0.010745999997055833
97.699023,3255,0,2,1,[],0.014078999997053643
97.732356,3256,0,0,1,[],0.017411999997051453
97.765689,3257,0,1,1,[],0.020744999997049263
97.799022,3258,0,1,1,[],0.024077999997047073
97.83235499999999,3259,0,1,1,[],0.027410999997044883
97.86568799999999,3261,0,3,1,[],0.0007439999970415556
97.89902099999999,3262,0,1,1,[],0.0040769999970393656
97.93235399999999,3263,0,1,1,[],0.0074099999970371755
97.965687,3264,0,0,1,[],0.010742999997049196
97.99902,3265,0,0,1,[],0.014075999997047006
98.032353,3266,0,0,1,[],0.017408999997044816
98.065686,3267,0,1,1,[],0.020741999997042626
98.099019,3268,0,1,1,[],0.024074999997040436
98.132352,3269,0,1,1,[],0.027407999997038246
98.165685,3271,0,0,1,[],0.000740999997034919
98.199018,3272,0,0,1,[],0.004073999997032729
98.232351,3273,0,0,1,[],0.007406999997030539
98.265684,3274,0,0,1,[],0.010739999997028349
98.29901699999999,3275,0,0,1,[],0.014072999997026159
98.33234999999999,3276,0,0,1,[],0.01740599999702397
98.36568299999999,3277,0,1,1,[],0.02073899999702178
98.39901599999999,3278,0,0,1,[],0.02407199999701959
98.432349,3279,0,0,1,[],0.02740499999703161
98.465682,3281,0,0,1,[],0.0007379999970282825
98.499015,3282,0,0,1,[],0.004070999997026092
98.532348,3283,0,1,1,[],0.007403999997023902
98.565681,3284,0,1,1,[],0.010736999997021712
98.599014,3285,0,0,1,[],0.014069999997019522
98.632347,3286,0,0,1,[],0.017402999997017332
98.66568,3287,0,0,1,[],0.020735999997015142
98.699013,3288,0,0,1,[],0.024068999997012952
98.73234599999999,3289,0,1,1,[],0.027401999997010762
98.76567899999999,3291,0,0,1,[],0.000734999997007435
98.79901199999999,3292,0,0,1,[],0.004067999997005245
98.83234499999999,3293,0,0,1,[],0.007400999997003055
98.865678,3294,0,0,1,[],0.010733999997015076
98.899011,3295,0,0,1,[],0.014066999997012886
98.932344,3296,0,0,1,[],0.017399999997010696
98.965677,3297,0,0,1,[],0.020732999997008505
98.99901,3298,0,0,1,[],0.024065999997006315
99.032343,3299,0,0,1,[],0.027398999997004125
99.065676,3301,0,2,1,[],0.0007319999970007984
99.099009,3302,0,1,1,[],0.004064999996998608
99.132342,3303,0,1,1,[],0.007397999996996418
99.165675,3304,0,0,1,[],0.010730999996994228
99.19900799999999,3305,0,0,1,[],0.014063999996992038
99.23234099999999,3306,0,1,1,[],0.017396999996989848
99.26567399999999,3307,0,1,1,[],0.020729999996987658
99.29900699999999,3308,0,1,1,[],0.024062999996985468
99.33234,3309,0,1,1,[],0.02739599999699749
99.365673,3311,0,1,1,[],0.0007289999969941618
99.399006,3312,0,2,1,[],0.004061999996991972
99.432339,3313,0,1,1,[],0.007394999996989782
99.465672,3314,0,2,1,[],0.010727999996987592
99.499005,3315,0,2,1,[],0.014060999996985402
99.532338,3316,0,1,1,[],0.01739399999698321
99.565671,3317,0,1,1,[],0.02072699999698102
99.599004,3318,0,2,1,[],0.02405999999697883
99.63233699999999,3319,0,1,1,[],0.02739299999697664
99.66566999999999,3321,0,1,1,[],0.0007259999969733144
99.69900299999999,3322,0,1,1,[],0.004058999996971124
99.73233599999999,3323,0,1,1,[],0.007391999996968934
99.76566899999999,3324,0,1,1,[],0.010724999996966744
99.799002,3325,0,2,1,[],0.014057999996978765
99.832335,3326,0,2,1,[],0.017390999996976575
99.865668,3327,0,2,1,[],0.020723999996974385
99.899001,3328,0,1,1,[],0.024056999996972195
99.932334,3329,0,1,1,[],0.027389999996970005
99.965667,3331,0,1,1,[],0.0007229999969666778
99.999,3332,0,1,1,[],0.004055999996964488
100.032333,3333,0,1,1,[],0.007388999996962298
100.065666,3334,0,1,1,[],0.010721999996960108
100.09899899999999,3335,0,2,1,[],0.014054999996957918
100.13233199999999,3336,0,1,1,[],0.017387999996955728
100.16566499999999,3337,0,1,1,[],0.020720999996953537
100.19899799999999,3338,0,1,1,[],0.024053999996951347
100.232331,3339,0,1,1,[],0.027386999996963368
100.265664,3341,0,1,1,[],0.0007199999969600412
100.298997,3342,0,1,1,[],0.004052999996957851
100.33233,3343,0,3,1,[],0.007385999996955661
100.365663,3344,0,2,1,[],0.010718999996953471
100.398996,3345,0,2,1,[],0.014051999996951281
100.432329,3346,0,1,1,[],0.01738499999694909
100.465662,3347,0,1,1,[],0.0207179999969469
100.498995,3348,0,1,1,[],0.02405099999694471
100.53232799999999,3349,0,2,1,[],0.02738399999694252
100.56566099999999,3351,0,1,1,[],0.0007169999969391938
100.59899399999999,3352,0,1,1,[],0.004049999996937004
100.63232699999999,3353,0,1,1,[],0.007382999996934814
100.66565999999999,3354,0,1,1,[],0.010715999996932624
100.698993,3355,0,1,1,[],0.014048999996944644
100.732326,3356,0,1,1,[],0.017381999996942454
100.765659,3357,0,1,1,[],0.020714999996940264
100.798992,3358,0,1,1,[],0.024047999996938074
100.832325,3359,0,1,1,[],0.027380999996935884
100.865658,3361,0,1,1,[],0.0007139999969325572
100.898991,3362,0,1,1,[],0.004046999996930367
100.932324,3363,0,1,1,[],0.007379999996928177
100.965657,3364,0,1,1,[],0.010712999996925987
100.99898999999999,3365,0,1,1,[],0.014045999996923797
101.03232299999999,3366,0,1,1,[],0.017378999996921607
101.06565599999999,3367,0,2,1,[],0.020711999996919417
101.09898899999999,3368,0,1,1,[],0.024044999996917227
101.132322,3369,0,1,1,[],0.027377999996929248
101.165655,3371,0,1,1,[],0.0007109999969259206
101.198988,3372,0,1,1,[],0.004043999996923731
101.232321,3373,0,2,1,[],0.0073769999969215405
101.265654,3374,0,1,1,[],0.01070999999691935
101.298987,3375,0,1,1,[],0.01404299999691716
101.33232,3376,0,1,1,[],0.01737599999691497
101.365653,3377,0,1,1,[],0.02070899999691278
101.398986,3378,0,1,1,[],0.02404199999691059
101.43231899999999,3379,0,1,1,[],0.0273749999969084
101.46565199999999,3381,0,1,1,[],0.0007079999969050732
101.49898499999999,3382,0,2,1,[],0.004040999996902883
101.53231799999999,3383,0,1,1,[],0.007373999996900693
101.56565099999999,3384,0,1,1,[],0.010706999996898503
101.598984,3385,0,1,1,[],0.014039999996910524
101.632317,3386,0,1,1,[],0.017372999996908334
101.66565,3387,0,1,1,[],0.020705999996906144
101.698983,3388,0,2,1,[],0.024038999996903954
101.732316,3389,0,1,1,[],0.027371999996901764
101.765649,3391,0,1,1,[],0.0007049999968984366
101.798982,3392,0,1,1,[],0.0040379999968962466
101.832315,3393,0,0,1,[],0.0073709999968940565
101.865648,3394,0,0,1,[],0.010703999996891866
101.89898099999999,3395,0,1,1,[],0.014036999996889676
101.93231399999999,3396,0,0,1,[],0.017369999996887486
101.96564699999999,3397,0,1,1,[],0.020702999996885296
101.99897999999999,3398,0,0,1,[],0.024035999996883106
102.032313,3399,0,1,1,[],0.027368999996895127
102.065646,3401,0,1,1,[],0.0007019999968918
102.098979,3402,0,1,1,[],0.00403499999688961
102.132312,3403,0,1,1,[],0.00736799999688742
102.165645,3404,0,1,1,[],0.01070099999688523
102.198978,3405,0,2,1,[],0.01403399999688304
102.232311,3406,0,1,1,[],0.01736699999688085
102.265644,3407,0,2,1,[],0.02069999999687866
102.298977,3408,0,1,1,[],0.02403299999687647
102.33230999999999,3409,0,0,1,[],0.02736599999687428
102.36564299999999,3411,0,1,1,[],0.0006989999968709526
102.39897599999999,3412,0,1,1,[],0.0040319999968687625
102.43230899999999,3413,0,1,1,[],0.0073649999968665725
102.46564199999999,3414,0,1,1,[],0.010697999996864382
102.498975,3415,0,1,1,[],0.014030999996876403
102.532308,3416,0,1,1,[],0.017363999996874213
102.565641,3417,0,1,1,[],0.020696999996872023
102.598974,3418,0,1,1,[],0.024029999996869833
102.632307,3419,0,1,1,[],0.027362999996867643
102.66564,3421,0,1,1,[],0.000695999996864316
102.698973,3422,0,2,1,[],0.004028999996862126
102.732306,3423,0,2,1,[],0.007361999996859936
102.765639,3424,0,2,1,[],0.010694999996857746
102.79897199999999,3425,0,1,1,[],0.014027999996855556
102.83230499999999,3426,0,1,1,[],0.017360999996853366
102.86563799999999,3427,0,1,1,[],0.020693999996851176
102.89897099999999,3428,0,1,1,[],0.024026999996848986
102.932304,3429,0,0,1,[],0.027359999996861006
102.965637,3431,0,1,1,[],0.0006929999968576794
102.99897,3432,0,1,1,[],0.004025999996855489
103.032303,3433,0,1,1,[],0.007358999996853299
103.065636,3434,0,1,1,[],0.01069199999685111
103.098969,3435,0,1,1,[],0.01402499999684892
103.132302,3436,0,1,1,[],0.01735799999684673
103.165635,3437,0,1,1,[],0.02069099999684454
103.198968,3438,0,1,1,[],0.02402399999684235
103.23230099999999,3439,0,1,1,[],0.02735699999684016
103.26563399999999,3441,0,0,1,[],0.000689999996836832
103.29896699999999,3442,0,0,1,[],0.004022999996834642
103.33229999999999,3443,0,0,1,[],0.007355999996832452
103.36563299999999,3444,0,0,1,[],0.010688999996830262
103.398966,3445,0,0,1,[],0.014021999996842283
103.432299,3446,1,1,0,"[[0, 0]]",0.017354999996840093
103.465632,3447,1,0,0,"[[0, 0]]",0.020687999996837902
103.498965,3448,0,0,1,[],0.024020999996835712
103.532298,3449,0,0,0,[],0.027353999996833522
103.565631,3451,0,0,0,[],0.0006869999968301954
103.598964,3452,0,1,0,[],0.004019999996828005
103.632297,3453,0,1,0,[],0.007352999996825815
103.66563,3454,0,0,0,[],0.010685999996823625
103.69896299999999,3455,0,0,0,[],0.014018999996821435
103.73229599999999,3456,0,1,0,[],0.017351999996819245
103.76562899999999,3457,0,1,0,[],0.020684999996817055
103.79896199999999,3458,0,0,0,[],0.024017999996814865
103.832295,3459,0,1,0,[],0.027350999996826886
103.865628,3461,0,0,0,[],0.0006839999968235588
103.898961,3462,0,0,0,[],0.004016999996821369
103.932294,3463,0,0,0,[],0.007349999996819179
103.965627,3464,0,0,0,[],0.010682999996816989
103.99896,3465,0,0,0,[],0.014015999996814799
104.032293,3466,0,1,0,[],0.01734899999681261
104.065626,3467,0,0,0,[],0.02068199999681042
104.098959,3468,0,0,0,[],0.02401499999680823
104.13229199999999,3469,0,0,0,[],0.02734799999680604
104.16562499999999,3471,0,0,0,[],0.0006809999968027114
104.19895799999999,3472,0,0,0,[],0.004013999996800521
104.23229099999999,3473,0,0,0,[],0.007346999996798331
104.26562399999999,3474,0,0,0,[],0.010679999996796141
104.298957,3475,0,0,0,[],0.014012999996808162
104.33229,3476,0,0,0,[],0.017345999996805972
104.365623,3477,0,1,0,[],0.020678999996803782
104.398956,3478,0,0,0,[],0.024011999996801592
104.432289,3479,0,0,0,[],0.027344999996799402
104.465622,3481,0,0,0,[],0.0006779999967960748
104.498955,3482,0,1,0,[],0.004010999996793885
104.532288,3483,0,1,0,[],0.007343999996791695
104.565621,3484,0,0,0,[],0.010676999996789505
104.59895399999999,3485,0,0,0,[],0.014009999996787315
104.63228699999999,3486,0,1,0,[],0.017342999996785124
104.66561999999999,3487,0,0,0,[],0.020675999996782934
104.69895299999999,3488,0,0,0,[],0.024008999996780744
104.732286,3489,0,0,0,[],0.027341999996792765
104.765619,3491,0,0,0,[],0.0006749999967894382
104.798952,3492,0,0,0,[],0.004007999996787248
104.832285,3493,0,0,0,[],0.007340999996785058
104.865618,3494,0,2,0,[],0.010673999996782868
104.898951,3495,0,1,0,[],0.014006999996780678
104.932284,3496,0,0,0,[],0.017339999996778488
104.965617,3497,0,0,0,[],0.020672999996776298
104.99895,3498,0,0,0,[],0.024005999996774108
105.03228299999999,3499,0,1,0,[],0.027338999996771918
105.06561599999999,3501,0,0,0,[],0.0006719999967685908
105.09894899999999,3502,0,0,0,[],0.004004999996766401
105.13228199999999,3503,0,1,0,[],0.007337999996764211
105.16561499999999,3504,0,2,0,[],0.01067099999676202
105.198948,3505,0,1,0,[],0.014003999996774041
105.232281,3506,0,1,0,[],0.01733699999677185
105.265614,3507,0,1,1,[],0.02066999999676966
105.298947,3508,0,1,1,[],0.02400299999676747
105.33228,3509,0,3,1,[],0.02733599999676528
105.365613,3511,0,1,1,[],0.0006689999967619542
105.398946,3512,0,1,1,[],0.004001999996759764
105.432279,3513,0,1,1,[],0.007334999996757574
105.465612,3514,0,1,1,[],0.010667999996755384
105.49894499999999,3515,0,1,1,[],0.014000999996753194
105.53227799999999,3516,0,1,1,[],0.017333999996751004
105.56561099999999,3517,0,1,1,[],0.020666999996748814
105.59894399999999,3518,0,1,1,[],0.023999999996746624
105.632277,3519,0,1,1,[],0.027332999996758645
105.66561,3521,0,1,1,[],0.0006659999967553176
105.698943,3522,0,2,1,[],0.0039989999967531276
105.732276,3523,0,1,1,[],0.0073319999967509375
105.765609,3524,0,2,1,[],0.010664999996748747
105.798942,3525,0,1,1,[],0.013997999996746557
105.832275,3526,0,0,1,[],0.017330999996744367
105.865608,3527,0,1,1,[],0.020663999996742177
105.898941,3528,0,1,1,[],0.023996999996739987
105.93227399999999,3529,0,2,1,[],0.027329999996737797
105.96560699999999,3531,0,2,1,[],0.0006629999967344702
105.99893999999999,3532,0,2,1,[],0.00399599999673228
106.03227299999999,3533,0,2,1,[],0.00732899999673009
106.06560599999999,3534,0,1,1,[],0.0106619999967279
106.098939,3535,0,2,1,[],0.01399499999673992
106.132272,3536,0,1,1,[],0.01732799999673773
106.165605,3537,0,1,1,[],0.02066099999673554
106.198938,3538,0,2,1,[],0.02399399999673335
106.232271,3539,0,1,1,[],0.02732699999673116
106.265604,3541,0,1,1,[],0.0006599999967278336
106.298937,3542,0,1,1,[],0.0039929999967256435
106.33227,3543,0,1,1,[],0.0073259999967234535
106.365603,3544,0,1,1,[],0.010658999996721263
106.39893599999999,3545,0,2,1,[],0.013991999996719073
106.43226899999999,3546,0,1,1,[],0.017324999996716883
106.46560199999999,3547,0,2,1,[],0.020657999996714693
106.49893499999999,3548,0,1,1,[],0.023990999996712503
106.532268,3549,0,1,1,[],0.027323999996724524
106.565601,3551,0,1,1,[],0.000656999996721197
106.598934,3552,0,2,1,[],0.003989999996719007
106.632267,3553,0,0,1,[],0.007322999996716817
106.6656,3554,0,1,1,[],0.010655999996714627
106.698933,3555,0,1,1,[],0.013988999996712437
106.732266,3556,0,1,1,[],0.017321999996710247
106.765599,3557,0,2,1,[],0.020654999996708057
106.798932,3558,0,1,1,[],0.023987999996705867
106.83226499999999,3559,0,1,1,[],0.027320999996703677
106.86559799999999,3561,0,1,1,[],0.0006539999967003496
106.89893099999999,3562,0,0,1,[],0.0039869999966981595
106.93226399999999,3563,0,1,1,[],0.0073199999966959695
106.96559699999999,3564,0,0,1,[],0.01065299999669378
106.99893,3565,0,0,1,[],0.0139859999967058
107.032263,3566,0,0,1,[],0.01731899999670361
107.065596,3567,0,1,1,[],0.02065199999670142
107.098929,3568,0,1,1,[],0.02398499999669923
107.132262,3569,0,0,1,[],0.02731799999669704
107.165595,3571,0,1,1,[],0.000650999996693713
107.198928,3572,0,1,1,[],0.003983999996691523
107.232261,3573,0,1,1,[],0.007316999996689333
107.265594,3574,0,1,1,[],0.010649999996687143
107.29892699999999,3575,0,1,1,[],0.013982999996684953
107.33225999999999,3576,0,1,1,[],0.017315999996682763
107.36559299999999,3577,0,2,1,[],0.020648999996680573
107.39892599999999,3578,0,2,1,[],0.023981999996678383
107.432259,3579,0,2,1,[],0.027314999996690403
107.465592,3581,0,1,1,[],0.0006479999966870764
107.498925,3582,0,1,1,[],0.003980999996684886
107.532258,3583,0,1,1,[],0.007313999996682696
107.565591,3584,0,1,1,[],0.010646999996680506
107.598924,3585,0,2,1,[],0.013979999996678316
107.632257,3586,0,2,1,[],0.017312999996676126
107.66559,3587,0,1,1,[],0.020645999996673936
107.698923,3588,0,0,1,[],0.023978999996671746
107.73225599999999,3589,0,1,1,[],0.027311999996669556
107.76558899999999,3591,0,1,1,[],0.000644999996666229
107.79892199999999,3592,0,1,1,[],0.003977999996664039
107.83225499999999,3593,0,1,1,[],0.007310999996661849
107.86558799999999,3594,0,1,1,[],0.010643999996659659
107.898921,3595,0,1,1,[],0.01397699999667168
107.932254,3596,0,1,1,[],0.01730999999666949
107.965587,3597,0,1,1,[],0.0206429999966673
107.99892,3598,0,1,1,[],0.02397599999666511
108.032253,3599,0,1,1,[],0.02730899999666292
108.065586,3601,0,1,1,[],0.0006419999966595924
108.098919,3602,0,2,1,[],0.003974999996657402
108.132252,3603,0,1,1,[],0.007307999996655212
108.165585,3604,0,1,1,[],0.010640999996653022
108.19891799999999,3605,0,1,1,[],0.013973999996650832
108.23225099999999,3606,0,2,1,[],0.017306999996648642
108.26558399999999,3607,0,1,1,[],0.020639999996646452
108.29891699999999,3608,0,1,1,[],0.023972999996644262
108.33225,3609,0,1,1,[],0.027305999996656283
108.365583,3611,0,1,1,[],0.0006389999966529558
108.398916,3612,0,1,1,[],0.003971999996650766
108.432249,3613,0,1,1,[],0.007304999996648576
108.465582,3614,0,1,1,[],0.010637999996646386
108.498915,3615,0,1,1,[],0.013970999996644196
108.532248,3616,0,1,1,[],0.017303999996642005
108.565581,3617,0,1,1,[],0.020636999996639815
108.598914,3618,0,1,1,[],0.023969999996637625
108.63224699999999,3619,0,0,1,[],0.027302999996635435
108.66557999999999,3621,0,1,1,[],0.0006359999966321084
108.69891299999999,3622,0,1,1,[],0.003968999996629918
108.73224599999999,3623,0,1,1,[],0.007301999996627728
108.76557899999999,3624,0,1,1,[],0.010634999996625538
108.798912,3625,0,1,1,[],0.013967999996637559
108.832245,3626,0,3,1,[],0.01730099999663537
108.865578,3627,0,1,1,[],0.02063399999663318
108.898911,3628,0,1,1,[],0.02396699999663099
108.932244,3629,0,2,1,[],0.0272999999966288
108.965577,3631,0,1,1,[],0.0006329999966254718
108.99891,3632,0,1,1,[],0.003965999996623282
109.032243,3633,0,1,1,[],0.007298999996621092
109.065576,3634,0,1,1,[],0.010631999996618902
109.09890899999999,3635,0,1,1,[],0.013964999996616712
109.13224199999999,3636,0,1,1,[],0.01729799999661452
109.16557499999999,3637,0,1,1,[],0.02063099999661233
109.19890799999999,3638,0,1,1,[],0.02396399999661014
109.232241,3639,0,1,1,[],0.027296999996622162
109.265574,3641,0,1,1,[],0.0006299999966188352
109.298907,3642,0,1,1,[],0.003962999996616645
109.33224,3643,0,1,1,[],0.007295999996614455
109.365573,3644,0,1,1,[],0.010628999996612265
109.398906,3645,0,1,1,[],0.013961999996610075
109.432239,3646,0,2,1,[],0.017294999996607885
109.465572,3647,0,1,1,[],0.020627999996605695
109.498905,3648,0,2,1,[],0.023960999996603505
109.53223799999999,3649,0,1,1,[],0.027293999996601315
109.56557099999999,3651,0,1,1,[],0.0006269999965979878
109.59890399999999,3652,0,1,1,[],0.003959999996595798
109.63223699999999,3653,0,1,1,[],0.007292999996593608
109.66556999999999,3654,0,1,1,[],0.010625999996591418
109.698903,3655,0,1,1,[],0.013958999996603438
109.732236,3656,0,1,1,[],0.01729199999660125
109.765569,3657,0,2,1,[],0.020624999996599058
109.798902,3658,0,1,1,[],0.023957999996596868
109.832235,3659,0,1,1,[],0.027290999996594678
109.865568,3661,0,0,1,[],0.0006239999965913512
109.898901,3662,0,2,1,[],0.003956999996589161
109.932234,3663,0,1,1,[],0.007289999996586971
109.965567,3664,0,1,1,[],0.010622999996584781
109.99889999999999,3665,0,0,1,[],0.013955999996582591
110.03223299999999,3666,0,0,1,[],0.0172889999965804
110.06556599999999,3667,0,0,1,[],0.02062199999657821
110.09889899999999,3668,0,1,1,[],0.02395499999657602
110.132232,3669,0,1,1,[],0.02728799999658804
110.165565,3671,0,2,1,[],0.0006209999965847146
110.198898,3672,0,0,1,[],0.0039539999965825245
110.232231,3673,0,1,1,[],0.0072869999965803345
110.265564,3674,0,1,1,[],0.010619999996578144
110.298897,3675,0,1,1,[],0.013952999996575954
110.33223,3676,0,2,1,[],0.017285999996573764
110.365563,3677,0,1,1,[],0.020618999996571574
110.398896,3678,0,1,1,[],0.023951999996569384
110.43222899999999,3679,0,1,1,[],0.027284999996567194
110.46556199999999,3681,0,1,1,[],0.0006179999965638672
110.49889499999999,3682,0,2,1,[],0.003950999996561677
110.53222799999999,3683,0,1,1,[],0.007283999996559487
110.56556099999999,3684,0,1,1,[],0.010616999996557297
110.598894,3685,0,1,1,[],0.013949999996569318
110.632227,3686,0,1,1,[],0.017282999996567128
110.66556,3687,0,1,1,[],0.020615999996564938
110.698893,3688,0,2,1,[],0.023948999996562748
110.732226,3689,0,1,1,[],0.027281999996560558
110.765559,3691,0,1,1,[],0.0006149999965572306
110.798892,3692,0,2,1,[],0.0039479999965550405
110.832225,3693,0,3,1,[],0.0072809999965528505
110.865558,3694,0,1,1,[],0.01061399999655066
110.89889099999999,3695,0,2,1,[],0.01394699999654847
110.93222399999999,3696,0,1,1,[],0.01727999999654628
110.96555699999999,3697,0,2,1,[],0.02061299999654409
110.99888999999999,3698,0,1,1,[],0.0239459999965419
111.032223,3699,0,1,1,[],0.02727899999655392
111.065556,3701,0,1,1,[],0.000611999996550594
111.098889,3702,0,1,1,[],0.003944999996548404
111.132222,3703,0,1,1,[],0.007277999996546214
111.165555,3704,0,1,1,[],0.010610999996544024
111.198888,3705,0,1,1,[],0.013943999996541834
111.232221,3706,0,1,1,[],0.017276999996539644
111.265554,3707,0,1,1,[],0.020609999996537454
111.298887,3708,0,1,1,[],0.023942999996535264
111.33221999999999,3709,0,1,1,[],0.027275999996533073
111.36555299999999,3711,0,1,1,[],0.0006089999965297466
111.39888599999999,3712,0,2,1,[],0.0039419999965275565
111.43221899999999,3713,0,2,1,[],0.0072749999965253664
111.46555199999999,3714,0,1,1,[],0.010607999996523176
111.498885,3715,0,1,1,[],0.013940999996535197
111.532218,3716,0,1,1,[],0.017273999996533007
111.565551,3717,0,2,1,[],0.020606999996530817
111.598884,3718,0,2,1,[],0.023939999996528627
111.632217,3719,0,2,1,[],0.027272999996526437
111.66555,3721,0,1,1,[],0.00060599999652311
111.698883,3722,0,0,1,[],0.00393899999652092
111.732216,3723,0,0,1,[],0.00727199999651873
111.765549,3724,0,1,1,[],0.01060499999651654
111.79888199999999,3725,0,2,1,[],0.01393799999651435
111.83221499999999,3726,0,1,1,[],0.01727099999651216
111.86554799999999,3727,0,2,1,[],0.02060399999650997
111.89888099999999,3728,0,2,1,[],0.02393699999650778
111.932214,3729,0,0,1,[],0.0272699999965198
111.965547,3731,0,1,1,[],0.0006029999965164734
111.99888,3732,0,1,1,[],0.003935999996514283
112.032213,3733,0,2,1,[],0.007268999996512093
112.065546,3734,0,1,1,[],0.010601999996509903
112.098879,3735,0,2,1,[],0.013934999996507713
112.132212,3736,0,1,1,[],0.017267999996505523
112.165545,3737,0,1,1,[],0.020600999996503333
112.198878,3738,0,1,1,[],0.023933999996501143
112.23221099999999,3739,0,1,1,[],0.027266999996498953
112.26554399999999,3741,0,1,1,[],0.000599999996495626
112.29887699999999,3742,0,1,1,[],0.003932999996493436
112.33220999999999,3743,0,1,1,[],0.007265999996491246
112.36554299999999,3744,0,2,1,[],0.010598999996489056
112.398876,3745,0,1,1,[],0.013931999996501077
112.432209,3746,0,1,1,[],0.017264999996498887
112.465542,3747,0,1,1,[],0.020597999996496696
112.498875,3748,0,1,1,[],0.023930999996494506
112.532208,3749,0,1,1,[],0.027263999996492316
112.565541,3751,0,2,1,[],0.0005969999964889894
112.598874,3752,0,1,1,[],0.003929999996486799
112.632207,3753,0,1,1,[],0.007262999996484609
112.66554,3754,0,0,1,[],0.01059599999648242
112.69887299999999,3756,0,0,1,[],7.999999994012796e-06
