window_id,start_sec,end_sec,event_count,original_candidates,filtered_candidates,original_accepted,filtered_accepted,detection_ms,enabled,min_area_px,raw_support_enabled,raw_support_min_pixels,raw_components_before,raw_components_removed,raw_unique_pixels_before,raw_unique_pixels_removed,raw_events_before,raw_events_removed
0,0.007488,0.037488,412154,2,2,0,0,169.36949999944773,False,0,True,3,18109,15619,184880,18351,412154,19658
1,0.037488,0.06748799999999999,539565,4,4,0,0,178.15420900296886,False,0,True,3,18353,15908,211440,18511,539565,19923
2,0.06748799999999999,0.09748799999999999,680804,4,4,0,0,205.1865000030375,False,0,True,3,18256,15903,251085,18602,680804,20221
3,0.09748799999999999,0.127488,886735,4,4,0,0,241.65166699822294,False,0,True,3,18902,16377,316426,19200,886735,20834
4,0.127488,0.157488,1236793,3,3,0,0,384.82708299852675,False,0,True,3,20116,17013,391006,20360,1236793,22002
5,0.157488,0.187488,1381193,4,4,0,0,592.2746659998666,False,0,True,3,21602,17768,428257,21542,1381193,23117
6,0.187488,0.217488,1387363,3,3,0,0,607.3278749972815,False,0,True,3,23498,19015,426868,23030,1387363,24311
7,0.217488,0.24748799999999999,1530761,4,4,0,0,523.740832999465,False,0,True,3,12461,9395,617136,11559,1530761,12317
8,0.24748799999999999,0.27748799999999996,1210465,4,4,0,0,449.26554200355895,False,0,True,3,20560,14911,512008,18648,1210465,20303
9,0.27748799999999996,0.307488,1584898,4,4,0,0,583.9425000012852,False,0,True,3,26487,19921,457106,24830,1584898,27118
10,0.307488,0.337488,1243591,4,4,0,0,479.6419589983998,False,0,True,3,25384,20034,383737,24519,1243591,27283
11,0.337488,0.36748800000000004,946611,3,3,0,0,414.51533299550647,False,0,True,3,19291,15765,317949,18752,946611,20296
12,0.36748800000000004,0.39748800000000006,814058,2,2,0,0,485.7016659952933,False,0,True,3,17466,15126,244259,17696,814058,18796
13,0.39748800000000006,0.4274880000000001,855977,3,3,0,0,592.0831249968614,False,0,True,3,11975,10895,223918,12300,855977,13224
14,0.4274880000000001,0.4574880000000001,859212,1,1,0,0,515.8915830033948,False,0,True,3,9265,8743,167557,9735,859212,9778
15,0.4574880000000001,0.48748800000000014,12876,0,0,0,0,131.74095799331553,False,0,True,3,10980,10702,12660,11639,12876,11834
16,0.48748800000000014,0.5174880000000002,6638,0,0,0,0,132.2837499974412,False,0,True,3,6090,6058,6448,6339,6638,6525
17,0.5174880000000002,0.5474880000000002,4439,0,0,0,0,69.85841700225137,False,0,True,3,4144,4134,4295,4264,4439,4406
18,0.5474880000000002,0.5774880000000002,3261,0,0,0,0,31.09904200391611,False,0,True,3,3083,3079,3158,3145,3261,3247
19,0.5774880000000002,0.6074880000000003,2622,0,0,0,0,7.268957997439429,False,0,True,3,2449,2448,2506,2503,2622,2619
20,0.6074880000000003,0.6374880000000003,2196,0,0,0,0,6.4364579957327805,False,0,True,3,2064,2062,2115,2106,2196,2187
21,0.6374880000000003,0.6674880000000003,1759,0,0,0,0,6.332707998808473,False,0,True,3,1666,1665,1692,1689,1759,1756
22,0.6674880000000003,0.6974880000000003,1574,0,0,0,0,6.211499996425118,False,0,True,3,1496,1494,1511,1505,1574,1568
23,0.6974880000000003,0.7274880000000004,1405,0,0,0,0,21.12479200150119,False,0,True,3,1337,1335,1352,1346,1405,1399
24,0.7274880000000004,0.7574880000000004,1172,0,0,0,0,9.687166995718144,False,0,True,3,1108,1108,1121,1121,1172,1172
25,0.7574880000000004,0.7874880000000004,1149,0,0,0,0,6.182416997035034,False,0,True,3,1090,1088,1108,1099,1149,1139
26,0.7874880000000004,0.8174880000000004,1022,0,0,0,0,31.64983399619814,False,0,True,3,953,950,973,956,1022,1005
27,0.8174880000000004,0.8474880000000005,1004,0,0,0,0,57.61795800208347,False,0,True,3,934,928,956,935,1004,983
28,0.8474880000000005,0.8774880000000005,890,0,0,0,0,20.31691600132035,False,0,True,3,833,830,851,839,890,877
29,0.8774880000000005,0.9074880000000005,818,0,0,0,0,6.455334005295299,False,0,True,3,773,772,779,776,818,815
30,0.9074880000000005,0.9374880000000005,757,0,0,0,0,6.539540998346638,False,0,True,3,712,711,719,716,757,754
31,0.9374880000000005,0.9674880000000006,695,0,0,0,0,20.713708996481728,False,0,True,3,659,658,666,662,695,690
32,0.9674880000000006,0.9974880000000006,680,0,0,0,0,6.0362079966580495,False,0,True,3,643,643,647,647,680,680
33,0.9974880000000006,1.0274880000000006,628,0,0,0,0,6.866750001790933,False,0,True,3,601,601,605,605,628,628
34,1.0274880000000006,1.0574880000000006,620,0,0,0,0,7.325209000555333,False,0,True,3,583,582,594,587,620,613
35,1.0574880000000006,1.0874880000000007,558,0,0,0,0,6.658958998741582,False,0,True,3,523,522,537,528,558,549
36,1.0874880000000007,1.1174880000000007,616,0,0,0,0,6.475665999460034,False,0,True,3,577,576,588,580,616,608
37,1.1174880000000007,1.1474880000000007,596,0,0,0,0,58.02320799557492,False,0,True,3,530,526,565,530,596,552
38,1.1474880000000007,1.1774880000000008,602,0,0,0,0,111.47554100170964,False,0,True,3,511,499,562,513,602,540
39,1.1774880000000008,1.2074880000000008,611,0,0,0,0,129.1619580006227,False,0,True,3,515,502,575,508,611,527
40,1.2074880000000008,1.2374880000000008,613,1,1,0,0,116.48925000190502,False,0,True,3,493,484,568,497,613,521
41,1.2374880000000008,1.2674880000000008,712,1,1,0,0,127.95720800204435,False,0,True,3,495,480,620,488,712,507
42,1.2674880000000008,1.2974880000000009,655,1,1,0,0,128.22199999936856,False,0,True,3,475,464,575,473,655,489
43,1.2974880000000009,1.327488000000001,622,1,1,0,0,126.3645830040332,False,0,True,3,472,461,548,467,622,487
44,1.327488000000001,1.357488000000001,663,1,1,0,0,126.77974999678554,False,0,True,3,468,462,569,476,663,498
45,1.357488000000001,1.387488000000001,545,0,0,0,0,114.04637500527315,False,0,True,3,449,439,505,452,545,480
46,1.387488000000001,1.417488000000001,492,0,0,0,0,115.0984999985667,False,0,True,3,409,394,463,402,492,426
47,1.417488000000001,1.447488000000001,470,0,0,0,0,113.32362500252202,False,0,True,3,382,369,448,380,470,395
48,1.447488000000001,1.477488000000001,537,0,0,0,0,123.6423329974059,False,0,True,3,430,420,491,429,537,465
49,1.477488000000001,1.507488000000001,501,0,0,0,0,112.10279099759646,False,0,True,3,420,410,468,420,501,448
50,1.507488000000001,1.537488000000001,439,1,1,0,0,126.19820899999468,False,0,True,3,374,366,415,376,439,392
51,1.537488000000001,1.567488000000001,439,0,0,0,0,101.3962079960038,False,0,True,3,383,375,419,380,439,399
52,1.567488000000001,1.5974880000000011,407,0,0,0,0,29.347915995458607,False,0,True,3,356,349,384,362,407,385
53,1.5974880000000011,1.6274880000000012,437,0,0,0,0,99.66337499645306,False,0,True,3,339,330,398,346,437,373
54,1.6274880000000012,1.6574880000000012,443,0,0,0,0,103.66495799826225,False,0,True,3,359,350,409,360,443,383
55,1.6574880000000012,1.6874880000000012,485,0,0,0,0,126.71954100369476,False,0,True,3,373,362,440,372,485,390
56,1.6874880000000012,1.7174880000000012,440,0,0,0,0,65.29466599749867,False,0,True,3,375,369,413,379,440,397
57,1.7174880000000012,1.7474880000000013,379,1,0,0,0,64.97404199762968,False,0,True,3,318,312,350,320,379,346
58,1.7474880000000013,1.7774880000000013,388,0,0,0,0,5.950375001702923,False,0,True,3,354,351,365,354,388,374
59,1.7774880000000013,1.8074880000000013,343,0,0,0,0,17.718082999635953,False,0,True,3,307,303,324,310,343,327
60,1.8074880000000013,1.8374880000000013,347,0,0,0,0,29.423207997751888,False,0,True,3,304,299,319,304,347,332
61,1.8374880000000013,1.8674880000000014,323,0,0,0,0,5.816625001898501,False,0,True,3,292,291,305,302,323,320
62,1.8674880000000014,1.8974880000000014,354,0,0,0,0,52.757416997337714,False,0,True,3,302,294,331,302,354,325
63,1.8974880000000014,1.9274880000000014,366,0,0,0,0,53.35662500147009,False,0,True,3,321,316,351,330,366,345
64,1.9274880000000014,1.9574880000000014,356,0,0,0,0,77.79199999640696,False,0,True,3,309,302,334,309,356,331
65,1.9574880000000014,1.9874880000000015,309,0,0,0,0,17.461916999309324,False,0,True,3,278,274,296,283,309,296
66,1.9874880000000015,2.0174880000000015,317,0,0,0,0,5.908457998884842,False,0,True,3,291,290,299,294,317,312
67,2.0174880000000015,2.0474880000000013,314,0,0,0,0,5.838083001435734,False,0,True,3,288,287,292,289,314,311
68,2.0474880000000013,2.077488000000001,262,0,0,0,0,5.76720800017938,False,0,True,3,246,246,248,248,262,262
69,2.077488000000001,2.107488000000001,293,0,0,0,0,17.678791999060195,False,0,True,3,265,264,275,270,293,288
70,2.107488000000001,2.1374880000000007,285,0,0,0,0,18.107415999111254,False,0,True,3,256,253,268,257,285,274
71,2.1374880000000007,2.1674880000000005,247,0,0,0,0,5.841541998961475,False,0,True,3,227,226,236,233,247,244
72,2.1674880000000005,2.1974880000000003,278,0,0,0,0,41.36116700101411,False,0,True,3,243,240,260,244,278,262
73,2.1974880000000003,2.227488,299,0,0,0,0,52.99212500540307,False,0,True,3,267,261,289,263,299,273
74,2.227488,2.257488,273,0,0,0,0,6.061583000700921,False,0,True,3,239,237,252,239,273,260
75,2.257488,2.2874879999999997,248,0,0,0,0,30.001749997609295,False,0,True,3,222,220,234,225,248,237
76,2.2874879999999997,2.3174879999999995,273,0,0,0,0,5.8695409970823675,False,0,True,3,251,251,252,252,273,273
77,2.3174879999999995,2.3474879999999994,226,0,0,0,0,5.87433400505688,False,0,True,3,208,207,213,209,226,222
78,2.3474879999999994,2.377487999999999,229,0,0,0,0,5.826749998959713,False,0,True,3,217,217,217,217,229,229
79,2.377487999999999,2.407487999999999,203,0,0,0,0,32.22058300161734,False,0,True,3,185,183,194,183,203,192
80,2.407487999999999,2.4374879999999988,236,0,0,0,0,5.903833996853791,False,0,True,3,226,225,232,229,236,233
81,2.4374879999999988,2.4674879999999986,230,0,0,0,0,6.064791996323038,False,0,True,3,212,211,217,214,230,227
82,2.4674879999999986,2.4974879999999984,264,0,0,0,0,6.024166003044229,False,0,True,3,242,242,249,249,264,264
83,2.4974879999999984,2.527487999999998,218,0,0,0,0,5.8472920063650236,False,0,True,3,200,198,210,204,218,212
84,2.527487999999998,2.557487999999998,229,0,0,0,0,42.63870899740141,False,0,True,3,210,207,219,208,229,218
85,2.557487999999998,2.587487999999998,251,0,0,0,0,66.25024999812013,False,0,True,3,209,203,229,209,251,218
86,2.587487999999998,2.6174879999999976,224,0,0,0,0,6.043209003109951,False,0,True,3,205,204,213,210,224,221
87,2.6174879999999976,2.6474879999999974,204,0,0,0,0,5.979166002362035,False,0,True,3,185,184,189,186,204,201
88,2.6474879999999974,2.677487999999997,216,0,0,0,0,5.677541994373314,False,0,True,3,202,202,203,203,216,216
89,2.677487999999997,2.707487999999997,213,0,0,0,0,5.857875003130175,False,0,True,3,196,196,196,196,213,213
90,2.707487999999997,2.737487999999997,206,0,0,0,0,5.86079200002132,False,0,True,3,191,191,192,192,206,206
91,2.737487999999997,2.7674879999999966,202,0,0,0,0,5.832041999383364,False,0,True,3,188,188,188,188,202,202
92,2.7674879999999966,2.7974879999999964,194,0,0,0,0,5.857749994902406,False,0,True,3,188,188,189,189,194,194
93,2.7974879999999964,2.8274879999999962,225,0,0,0,0,5.843667000590358,False,0,True,3,207,206,212,209,225,222
94,2.8274879999999962,2.857487999999996,228,0,0,0,0,5.833832998177968,False,0,True,3,209,209,213,213,228,228
95,2.857487999999996,2.887487999999996,184,0,0,0,0,5.800708000606392,False,0,True,3,171,171,173,173,184,184
96,2.887487999999996,2.9174879999999956,203,0,0,0,0,5.8757500009960495,False,0,True,3,194,194,198,198,203,203
97,2.9174879999999956,2.9474879999999954,170,0,0,0,0,5.85312500334112,False,0,True,3,155,155,158,158,170,170
98,2.9474879999999954,2.9774879999999952,168,0,0,0,0,5.821165999805089,False,0,True,3,151,151,155,155,168,168
99,2.9774879999999952,3.007487999999995,187,0,0,0,0,5.935667002631817,False,0,True,3,173,173,174,174,187,187
100,3.007487999999995,3.037487999999995,185,0,0,0,0,5.793959004222415,False,0,True,3,165,164,170,167,185,182
101,3.037487999999995,3.0674879999999947,159,0,0,0,0,5.791708004835527,False,0,True,3,155,155,156,156,159,159
102,3.0674879999999947,3.0974879999999945,179,0,0,0,0,5.670250000548549,False,0,True,3,167,167,169,169,179,179
103,3.0974879999999945,3.1274879999999943,181,0,0,0,0,5.832541995914653,False,0,True,3,170,170,171,171,181,181
104,3.1274879999999943,3.157487999999994,203,0,0,0,0,5.833417002577335,False,0,True,3,192,192,194,194,203,203
105,3.157487999999994,3.187487999999994,182,0,0,0,0,5.8570420005708,False,0,True,3,175,175,177,177,182,182
106,3.187487999999994,3.2174879999999937,200,0,0,0,0,5.850749999808613,False,0,True,3,187,186,192,189,200,196
107,3.2174879999999937,3.2474879999999935,179,0,0,0,0,6.397333003405947,False,0,True,3,163,161,168,162,179,173
108,3.2474879999999935,3.2774879999999933,188,0,0,0,0,5.855249997694045,False,0,True,3,170,170,173,173,188,188
109,3.2774879999999933,3.307487999999993,196,0,0,0,0,5.844708997756243,False,0,True,3,185,185,189,189,196,196
110,3.307487999999993,3.337487999999993,191,0,0,0,0,5.81883400445804,False,0,True,3,178,176,186,180,191,185
111,3.337487999999993,3.3674879999999927,209,0,0,0,0,28.952000000572298,False,0,True,3,192,190,199,193,209,203
112,3.3674879999999927,3.3974879999999925,217,0,0,0,0,5.869708002137486,False,0,True,3,199,198,206,202,217,213
113,3.3974879999999925,3.4274879999999923,231,0,0,0,0,5.875625000044238,False,0,True,3,212,212,215,215,231,231
114,3.4274879999999923,3.457487999999992,205,0,0,0,0,5.802041996503249,False,0,True,3,185,184,194,190,205,201
115,3.457487999999992,3.487487999999992,183,0,0,0,0,5.974292005703319,False,0,True,3,169,169,173,173,183,183
116,3.487487999999992,3.5174879999999917,218,0,0,0,0,5.973750005068723,False,0,True,3,200,199,206,203,218,215
117,3.5174879999999917,3.5474879999999915,187,0,0,0,0,5.943791999015957,False,0,True,3,175,174,177,174,187,184
118,3.5474879999999915,3.5774879999999913,231,0,0,0,0,42.607416995451786,False,0,True,3,189,184,206,188,231,207
119,3.5774879999999913,3.607487999999991,232,0,0,0,0,78.60312500270084,False,0,True,3,190,186,208,188,232,200
120,3.607487999999991,3.637487999999991,205,0,0,0,0,41.64054200373357,False,0,True,3,160,156,185,158,205,173
121,3.637487999999991,3.6674879999999908,215,0,0,0,0,29.88737499981653,False,0,True,3,181,179,196,186,215,202
122,3.6674879999999908,3.6974879999999906,249,0,0,0,0,113.55087500123773,False,0,True,3,172,168,216,171,249,179
123,3.6974879999999906,3.7274879999999904,319,0,0,0,0,125.53833400306758,False,0,True,3,174,168,254,170,319,181
124,3.7274879999999904,3.75748799999999,435,0,0,0,0,127.05416699463967,False,0,True,3,216,212,336,218,435,234
125,3.75748799999999,3.78748799999999,435,0,0,0,0,126.10970899550011,False,0,True,3,190,187,322,190,435,206
126,3.78748799999999,3.81748799999999,184,0,0,0,0,52.19666600169148,False,0,True,3,168,167,172,169,184,178
127,3.81748799999999,3.8474879999999896,199,0,0,0,0,13.69074999820441,False,0,True,3,187,186,192,189,199,196
128,3.8474879999999896,3.8774879999999894,165,0,0,0,0,6.249040998227429,False,0,True,3,152,152,153,153,165,165
129,3.8774879999999894,3.907487999999989,241,1,1,0,0,93.37724999932107,False,0,True,3,188,184,208,185,241,197
130,3.907487999999989,3.937487999999989,188,0,0,0,0,5.890000000363216,False,0,True,3,167,167,173,173,188,188
131,3.937487999999989,3.967487999999989,197,0,0,0,0,19.356374999915715,False,0,True,3,182,180,189,183,197,191
132,3.967487999999989,3.9974879999999886,183,0,0,0,0,55.44483300036518,False,0,True,3,160,156,173,160,183,164
133,3.9974879999999886,4.027487999999988,200,0,0,0,0,53.90274999808753,False,0,True,3,159,154,177,157,200,174
134,4.027487999999988,4.057487999999989,186,0,0,0,0,5.943832999037113,False,0,True,3,173,173,174,174,186,186
135,4.057487999999989,4.087487999999989,175,0,0,0,0,5.609374995401595,False,0,True,3,161,161,164,164,175,175
136,4.087487999999989,4.117487999999989,184,0,0,0,0,6.4931249944493175,False,0,True,3,176,176,177,177,184,184
137,4.117487999999989,4.147487999999989,196,0,0,0,0,5.873665999388322,False,0,True,3,179,178,190,186,196,192
138,4.147487999999989,4.17748799999999,200,0,0,0,0,5.801874998724088,False,0,True,3,184,182,192,185,200,193
139,4.17748799999999,4.20748799999999,205,0,0,0,0,29.261542003951035,False,0,True,3,188,186,194,187,205,198
140,4.20748799999999,4.23748799999999,203,0,0,0,0,17.627958994125947,False,0,True,3,183,181,187,181,203,197
141,4.23748799999999,4.26748799999999,196,0,0,0,0,5.8254579998902045,False,0,True,3,176,174,189,180,196,187
142,4.26748799999999,4.297487999999991,209,0,0,0,0,6.032833996869158,False,0,True,3,181,179,193,183,209,198
143,4.297487999999991,4.327487999999991,194,0,0,0,0,6.305292001343332,False,0,True,3,180,179,186,182,194,190
144,4.327487999999991,4.357487999999991,198,0,0,0,0,17.912332994455937,False,0,True,3,180,177,193,182,198,187
145,4.357487999999991,4.387487999999991,166,0,0,0,0,5.801792001875583,False,0,True,3,156,156,159,159,166,166
146,4.387487999999991,4.417487999999992,197,0,0,0,0,5.942292002146132,False,0,True,3,174,173,181,175,197,190
147,4.417487999999992,4.447487999999992,201,0,0,0,0,64.16108400298981,False,0,True,3,166,161,189,165,201,177
148,4.447487999999992,4.477487999999992,186,0,0,0,0,87.82849999988684,False,0,True,3,153,149,179,152,186,158
149,4.477487999999992,4.507487999999992,189,0,0,0,0,52.70379200374009,False,0,True,3,160,157,180,159,189,167
150,4.507487999999992,4.537487999999993,180,0,0,0,0,5.818666999402922,False,0,True,3,170,168,178,172,180,174
151,4.537487999999993,4.567487999999993,179,0,0,0,0,5.873166999663226,False,0,True,3,161,159,167,161,179,173
152,4.567487999999993,4.597487999999993,171,0,0,0,0,5.824665997351985,False,0,True,3,156,155,160,157,171,168
153,4.597487999999993,4.627487999999993,192,0,0,0,0,17.718542003422044,False,0,True,3,175,172,183,172,192,181
154,4.627487999999993,4.657487999999994,179,0,0,0,0,17.624292006075848,False,0,True,3,161,160,164,161,179,176
155,4.657487999999994,4.687487999999994,200,0,0,0,0,43.202250002650544,False,0,True,3,166,164,177,166,200,182
156,4.687487999999994,4.717487999999994,215,1,1,0,0,102.15595799672883,False,0,True,3,169,166,188,167,215,176
157,4.717487999999994,4.747487999999994,211,1,1,0,0,65.78745899605565,False,0,True,3,177,176,192,177,211,185
158,4.747487999999994,4.777487999999995,204,0,0,0,0,5.900625001231674,False,0,True,3,175,172,188,174,204,190
159,4.777487999999995,4.807487999999995,192,0,0,0,0,29.608333003125153,False,0,True,3,165,160,184,161,192,166
160,4.807487999999995,4.837487999999995,176,0,0,0,0,30.080458003794774,False,0,True,3,160,158,169,159,176,164
161,4.837487999999995,4.867487999999995,186,0,0,0,0,29.443124993122183,False,0,True,3,160,158,175,161,186,171
162,4.867487999999995,4.897487999999996,182,0,0,0,0,5.840792000526562,False,0,True,3,168,167,170,167,182,178
163,4.897487999999996,4.927487999999996,167,0,0,0,0,17.6062090031337,False,0,True,3,146,144,151,144,167,160
164,4.927487999999996,4.957487999999996,174,0,0,0,0,5.9125830011907965,False,0,True,3,154,152,161,153,174,166
165,4.957487999999996,4.987487999999996,182,0,0,0,0,5.888624997169245,False,0,True,3,159,156,168,158,182,172
166,4.987487999999996,5.017487999999997,158,0,0,0,0,17.560457999934442,False,0,True,3,136,134,142,134,158,150
167,5.017487999999997,5.047487999999997,149,0,0,0,0,6.1169590044301,False,0,True,3,126,124,134,127,149,140
168,5.047487999999997,5.077487999999997,188,0,0,0,0,29.47029200004181,False,0,True,3,167,164,176,167,188,178
169,5.077487999999997,5.107487999999997,169,0,0,0,0,29.942957997263875,False,0,True,3,153,151,164,157,169,162
170,5.107487999999997,5.137487999999998,185,0,0,0,0,29.524417004722636,False,0,True,3,156,152,173,155,185,163
171,5.137487999999998,5.167487999999998,169,0,0,0,0,5.7981669961009175,False,0,True,3,156,155,160,156,169,163
172,5.167487999999998,5.197487999999998,149,0,0,0,0,17.648957997153047,False,0,True,3,137,135,143,135,149,141
173,5.197487999999998,5.227487999999998,170,0,0,0,0,5.85750000027474,False,0,True,3,161,161,163,163,170,170
174,5.227487999999998,5.257487999999999,149,0,0,0,0,5.885417005629279,False,0,True,3,145,145,146,146,149,149
175,5.257487999999999,5.287487999999999,139,0,0,0,0,5.97766600549221,False,0,True,3,131,131,132,132,139,139
176,5.287487999999999,5.317487999999999,132,0,0,0,0,5.80358399747638,False,0,True,3,128,128,129,129,132,132
177,5.317487999999999,5.347487999999999,124,0,0,0,0,6.00312500318978,False,0,True,3,111,110,115,112,124,121
178,5.347487999999999,5.377488,139,0,0,0,0,5.950291000772268,False,0,True,3,128,127,133,128,139,133
179,5.377488,5.407488,150,0,0,0,0,18.16079200216336,False,0,True,3,145,143,149,143,150,144
180,5.407488,5.437488,139,0,0,0,0,5.768124996393453,False,0,True,3,127,126,130,126,139,135
181,5.437488,5.467488,155,0,0,0,0,5.8110829995712265,False,0,True,3,141,141,142,142,155,155
182,5.467488,5.497488000000001,158,0,0,0,0,5.980624999210704,False,0,True,3,150,150,150,150,158,158
183,5.497488000000001,5.527488000000001,117,0,0,0,0,5.864124999789055,False,0,True,3,113,113,114,114,117,117
184,5.527488000000001,5.557488000000001,129,0,0,0,0,5.878874995687511,False,0,True,3,124,124,124,124,129,129
185,5.557488000000001,5.587488000000001,153,0,0,0,0,5.943709002167452,False,0,True,3,145,145,147,147,153,153
186,5.587488000000001,5.617488000000002,146,0,0,0,0,5.8393750005052425,False,0,True,3,134,133,137,134,146,141
187,5.617488000000002,5.647488000000002,150,0,0,0,0,5.5879579958855174,False,0,True,3,145,145,147,147,150,150
188,5.647488000000002,5.677488000000002,145,0,0,0,0,29.890375000832137,False,0,True,3,126,124,133,124,145,132
189,5.677488000000002,5.707488000000002,145,0,0,0,0,5.6398750020889565,False,0,True,3,126,125,133,127,145,136
190,5.707488000000002,5.737488000000003,157,0,0,0,0,17.734833003487438,False,0,True,3,137,134,148,137,157,143
191,5.737488000000003,5.767488000000003,161,0,0,0,0,5.856499999936204,False,0,True,3,148,147,153,148,161,155
192,5.767488000000003,5.797488000000003,195,0,0,0,0,56.073917003232054,False,0,True,3,162,159,178,159,195,168
193,5.797488000000003,5.827488000000003,170,0,0,0,0,52.99916699732421,False,0,True,3,144,140,158,143,170,150
194,5.827488000000003,5.857488000000004,201,0,0,0,0,41.594999995140824,False,0,True,3,165,161,192,166,201,172
195,5.857488000000004,5.887488000000004,214,0,0,0,0,77.1279170003254,False,0,True,3,178,171,199,173,214,185
196,5.887488000000004,5.917488000000004,161,0,0,0,0,5.82162500359118,False,0,True,3,139,138,148,142,161,153
197,5.917488000000004,5.947488000000004,181,0,0,0,0,29.636833001859486,False,0,True,3,150,147,164,149,181,161
198,5.947488000000004,5.977488000000005,178,0,0,0,0,29.44916600245051,False,0,True,3,157,155,167,157,178,163
199,5.977488000000005,6.007488000000005,187,1,1,0,0,44.33341700496385,False,0,True,3,163,162,174,162,187,168
200,6.007488000000005,6.037488000000005,191,1,1,0,0,79.3930830041063,False,0,True,3,152,150,165,152,191,161
201,6.037488000000005,6.067488000000005,186,0,0,0,0,52.87974999373546,False,0,True,3,139,137,153,137,186,157
202,6.067488000000005,6.097488000000006,155,0,0,0,0,42.84620899852598,False,0,True,3,127,125,134,125,155,141
203,6.097488000000006,6.127488000000006,160,0,0,0,0,42.664000000513624,False,0,True,3,140,139,151,140,160,144
204,6.127488000000006,6.157488000000006,204,0,0,0,0,65.33812500128988,False,0,True,3,170,167,188,171,204,183
205,6.157488000000006,6.187488000000006,177,0,0,0,0,54.82750000373926,False,0,True,3,140,136,168,139,177,142
206,6.187488000000006,6.217488000000007,168,0,0,0,0,5.894583999179304,False,0,True,3,144,143,152,146,168,157
207,6.217488000000007,6.247488000000007,170,0,0,0,0,17.664166996837594,False,0,True,3,147,146,153,147,170,161
208,6.247488000000007,6.277488000000007,177,0,0,0,0,18.89787500113016,False,0,True,3,159,158,165,159,177,167
209,6.277488000000007,6.307488000000007,190,0,0,0,0,17.74433300306555,False,0,True,3,163,162,170,164,190,180
210,6.307488000000007,6.337488000000008,194,0,0,0,0,5.738708001445048,False,0,True,3,167,166,176,168,194,179
211,6.337488000000008,6.367488000000008,182,0,0,0,0,5.954249994829297,False,0,True,3,166,165,173,167,182,173
212,6.367488000000008,6.397488000000008,181,0,0,0,0,5.84329100092873,False,0,True,3,162,161,173,166,181,170
213,6.397488000000008,6.427488000000008,169,0,0,0,0,54.489249996549916,False,0,True,3,144,142,157,148,169,153
214,6.427488000000008,6.4574880000000086,192,0,0,0,0,53.1916670006467,False,0,True,3,161,157,177,158,192,163
215,6.4574880000000086,6.487488000000009,167,0,0,0,0,42.35204200085718,False,0,True,3,147,144,159,146,167,150
216,6.487488000000009,6.517488000000009,194,0,0,0,0,17.442582997318823,False,0,True,3,169,167,178,168,194,178
217,6.517488000000009,6.547488000000009,207,0,0,0,0,79.52574999944773,False,0,True,3,163,159,185,159,207,164
218,6.547488000000009,6.5774880000000095,169,0,0,0,0,64.87879100313876,False,0,True,3,141,137,160,139,169,143
219,6.5774880000000095,6.60748800000001,197,0,0,0,0,30.29041700210655,False,0,True,3,171,169,180,171,197,183
220,6.60748800000001,6.63748800000001,152,0,0,0,0,17.386458996043075,False,0,True,3,128,127,137,128,152,139
221,6.63748800000001,6.66748800000001,165,0,0,0,0,41.04137499962235,False,0,True,3,147,145,158,146,165,149
222,6.66748800000001,6.6974880000000105,163,0,0,0,0,5.913250002777204,False,0,True,3,140,139,146,139,163,152
223,6.6974880000000105,6.727488000000011,154,0,0,0,0,17.591042000276502,False,0,True,3,126,125,134,127,154,142
224,6.727488000000011,6.757488000000011,199,0,0,0,0,17.763083000318147,False,0,True,3,169,168,176,171,199,188
225,6.757488000000011,6.787488000000011,184,0,0,0,0,18.17291600309545,False,0,True,3,157,155,163,157,184,175
226,6.787488000000011,6.8174880000000115,191,0,0,0,0,17.64516700495733,False,0,True,3,154,151,166,154,191,175
227,6.8174880000000115,6.847488000000012,219,1,1,0,0,78.53700000123354,False,0,True,3,161,155,186,162,219,179
228,6.847488000000012,6.877488000000012,226,0,0,0,0,112.40020800323691,False,0,True,3,165,158,192,163,226,179
229,6.877488000000012,6.907488000000012,204,1,1,0,0,90.75983399816323,False,0,True,3,155,151,174,155,204,168
230,6.907488000000012,6.9374880000000125,191,0,0,0,0,53.68625000119209,False,0,True,3,157,153,176,158,191,165
231,6.9374880000000125,6.967488000000013,151,0,0,0,0,5.859332995896693,False,0,True,3,131,129,136,130,151,143
232,6.967488000000013,6.997488000000013,186,0,0,0,0,42.90879199834308,False,0,True,3,161,158,173,161,186,169
233,6.997488000000013,7.027488000000013,201,0,0,0,0,29.605875002744142,False,0,True,3,157,153,174,160,201,181
234,7.027488000000013,7.0574880000000135,172,0,0,0,0,66.92741600272711,False,0,True,3,147,143,159,145,172,152
235,7.0574880000000135,7.087488000000014,222,0,0,0,0,41.490083996905014,False,0,True,3,177,174,191,181,222,206
236,7.087488000000014,7.117488000000014,187,0,0,0,0,64.6298330029822,False,0,True,3,147,142,166,145,187,161
237,7.117488000000014,7.147488000000014,162,0,0,0,0,6.152083995402791,False,0,True,3,154,154,156,156,162,162
238,7.147488000000014,7.1774880000000145,162,0,0,0,0,17.781041999114677,False,0,True,3,153,151,157,151,162,156
239,7.1774880000000145,7.207488000000015,186,0,0,0,0,17.588333001185674,False,0,True,3,170,168,178,170,186,175
240,7.207488000000015,7.237488000000015,181,0,0,0,0,17.958374999579974,False,0,True,3,156,155,165,157,181,165
241,7.237488000000015,7.267488000000015,202,0,0,0,0,53.807999996934086,False,0,True,3,162,160,177,162,202,181
242,7.267488000000015,7.2974880000000155,196,0,0,0,0,43.82329199870583,False,0,True,3,156,155,165,157,196,177
243,7.2974880000000155,7.327488000000016,155,0,0,0,0,5.813499999931082,False,0,True,3,135,133,143,133,155,141
244,7.327488000000016,7.357488000000016,186,0,0,0,0,5.857874995854218,False,0,True,3,168,167,173,170,186,179
245,7.357488000000016,7.387488000000016,161,0,0,0,0,5.8473750032135285,False,0,True,3,145,144,152,148,161,155
246,7.387488000000016,7.4174880000000165,168,0,0,0,0,5.836417003592942,False,0,True,3,145,144,152,149,168,165
247,7.4174880000000165,7.447488000000017,152,0,0,0,0,29.409417002170812,False,0,True,3,139,136,146,137,152,143
248,7.447488000000017,7.477488000000017,142,0,0,0,0,6.037041996023618,False,0,True,3,126,125,132,129,142,137
249,7.477488000000017,7.507488000000017,157,0,0,0,0,5.869083994184621,False,0,True,3,139,139,142,142,157,157
250,7.507488000000017,7.5374880000000175,173,0,0,0,0,5.855041999893729,False,0,True,3,150,149,155,151,173,169
251,7.5374880000000175,7.567488000000018,183,0,0,0,0,5.788457994640339,False,0,True,3,164,163,170,166,183,179
252,7.567488000000018,7.597488000000018,177,0,0,0,0,17.500582995126024,False,0,True,3,155,154,162,157,177,167
253,7.597488000000018,7.627488000000018,150,0,0,0,0,5.7849170043482445,False,0,True,3,139,139,141,141,150,150
254,7.627488000000018,7.6574880000000185,157,0,0,0,0,5.885083002795,False,0,True,3,144,143,149,145,157,153
255,7.6574880000000185,7.687488000000019,165,0,0,0,0,5.860750003193971,False,0,True,3,145,143,152,146,165,156
256,7.687488000000019,7.717488000000019,173,0,0,0,0,5.797458994493354,False,0,True,3,158,158,160,160,173,173
257,7.717488000000019,7.747488000000019,163,0,0,0,0,5.837000004248694,False,0,True,3,154,153,157,153,163,159
258,7.747488000000019,7.7774880000000195,182,0,0,0,0,5.843541999638546,False,0,True,3,169,167,174,167,182,175
259,7.7774880000000195,7.80748800000002,170,0,0,0,0,6.006167001032736,False,0,True,3,158,158,160,160,170,170
260,7.80748800000002,7.83748800000002,157,0,0,0,0,18.3228340029018,False,0,True,3,147,146,150,147,157,151
261,7.83748800000002,7.86748800000002,137,0,0,0,0,5.978374996630009,False,0,True,3,126,126,129,129,137,137
262,7.86748800000002,7.8974880000000205,147,0,0,0,0,5.876750001334585,False,0,True,3,130,128,139,132,147,140
263,7.8974880000000205,7.927488000000021,140,0,0,0,0,5.974082996544894,False,0,True,3,129,127,136,127,140,131
264,7.927488000000021,7.957488000000021,149,0,0,0,0,5.830624999362044,False,0,True,3,137,136,141,138,149,146
265,7.957488000000021,7.987488000000021,133,0,0,0,0,5.9745000035036355,False,0,True,3,123,122,129,123,133,127
266,7.987488000000021,8.017488000000021,153,0,0,0,0,5.871166002179962,False,0,True,3,146,146,146,146,153,153
267,8.017488000000021,8.04748800000002,143,0,0,0,0,5.783708002127241,False,0,True,3,137,137,137,137,143,143
268,8.04748800000002,8.07748800000002,746,0,0,0,0,31.75129200099036,False,0,True,3,171,170,434,171,746,185
269,8.07748800000002,8.10748800000002,12398,1,1,0,0,129.8407079957542,False,0,True,3,154,153,1847,155,12398,163
270,8.10748800000002,8.137488000000019,20274,1,1,0,0,131.84808300138684,False,0,True,3,145,143,3182,147,20274,152
271,8.137488000000019,8.167488000000018,15821,1,1,1,1,127.61391700041713,False,0,True,3,165,162,2637,170,15821,181
272,8.167488000000018,8.197488000000018,9436,1,1,1,1,125.96183399728034,False,0,True,3,185,176,1654,183,9436,187
273,8.197488000000018,8.227488000000017,2476,1,1,1,1,124.75624999933643,False,0,True,3,202,200,707,204,2476,207
274,8.227488000000017,8.257488000000016,212,0,0,0,0,5.892624998523388,False,0,True,3,195,193,204,196,212,204
275,8.257488000000016,8.287488000000016,186,0,0,0,0,5.848124994372483,False,0,True,3,175,174,178,175,186,183
276,8.287488000000016,8.317488000000015,160,0,0,0,0,17.707374994643033,False,0,True,3,144,141,151,142,160,151
277,8.317488000000015,8.347488000000014,143,0,0,0,0,17.72049999999581,False,0,True,3,130,129,137,129,143,135
278,8.347488000000014,8.377488000000014,184,0,0,0,0,5.928040998696815,False,0,True,3,177,177,178,178,184,184
279,8.377488000000014,8.407488000000013,147,0,0,0,0,5.9888750038226135,False,0,True,3,139,138,145,140,147,142
280,8.407488000000013,8.437488000000013,157,0,0,0,0,6.0132919970783405,False,0,True,3,145,143,152,146,157,151
281,8.437488000000013,8.467488000000012,199,0,0,0,0,5.9804170014103875,False,0,True,3,170,167,187,173,199,185
282,8.467488000000012,8.497488000000011,177,0,0,0,0,6.16545799857704,False,0,True,3,160,158,168,162,177,171
283,8.497488000000011,8.52748800000001,170,0,0,0,0,5.980542002362199,False,0,True,3,158,158,160,160,170,170
284,8.52748800000001,8.55748800000001,142,0,0,0,0,6.085791996156331,False,0,True,3,131,131,132,132,142,142
285,8.55748800000001,8.58748800000001,211,0,0,0,0,43.31804200046463,False,0,True,3,148,145,168,148,211,174
286,8.58748800000001,8.617488000000009,168,0,0,0,0,5.830583999340888,False,0,True,3,145,143,152,146,168,162
287,8.617488000000009,8.647488000000008,164,0,0,0,0,5.8601669952622615,False,0,True,3,153,152,155,152,164,159
288,8.647488000000008,8.677488000000007,185,0,0,0,0,5.608041996310931,False,0,True,3,177,177,179,179,185,185
289,8.677488000000007,8.707488000000007,170,0,0,0,0,5.8717089996207505,False,0,True,3,156,154,163,157,170,163
290,8.707488000000007,8.737488000000006,152,0,0,0,0,5.790041999716777,False,0,True,3,139,139,141,141,152,152
291,8.737488000000006,8.767488000000005,174,0,0,0,0,6.038624997017905,False,0,True,3,165,164,167,164,174,171
292,8.767488000000005,8.797488000000005,185,0,0,0,0,17.804165996494703,False,0,True,3,171,170,175,171,185,181
293,8.797488000000005,8.827488000000004,194,0,0,0,0,17.804916999011766,False,0,True,3,173,172,180,177,194,190
294,8.827488000000004,8.857488000000004,170,0,0,0,0,5.821708000439685,False,0,True,3,161,160,166,163,170,167
295,8.857488000000004,8.887488000000003,150,0,0,0,0,5.837042001076043,False,0,True,3,140,140,144,144,150,150
296,8.887488000000003,8.917488000000002,183,1,1,0,0,43.89954199723434,False,0,True,3,165,164,170,165,183,173
297,8.917488000000002,8.947488000000002,202,0,0,0,0,41.790041999774985,False,0,True,3,160,157,170,157,202,176
298,8.947488000000002,8.977488000000001,179,0,0,0,0,5.9378329970058985,False,0,True,3,168,168,170,170,179,179
299,8.977488000000001,9.007488,169,0,0,0,0,5.857417003426235,False,0,True,3,157,157,159,159,169,169
300,9.007488,9.037488,189,0,0,0,0,17.785709002055228,False,0,True,3,173,171,181,172,189,180
301,9.037488,9.067487999999999,154,0,0,0,0,18.481541999790352,False,0,True,3,136,134,141,135,154,147
302,9.067487999999999,9.097487999999998,174,0,0,0,0,5.905042002268601,False,0,True,3,158,158,161,161,174,174
303,9.097487999999998,9.127487999999998,144,0,0,0,0,5.809541005874053,False,0,True,3,135,134,139,136,144,141
304,9.127487999999998,9.157487999999997,156,0,0,0,0,5.851957997947466,False,0,True,3,149,149,149,149,156,156
305,9.157487999999997,9.187487999999997,155,0,0,0,0,5.997166001179721,False,0,True,3,144,144,146,146,155,155
306,9.187487999999997,9.217487999999996,153,0,0,0,0,6.001583002216648,False,0,True,3,146,146,148,148,153,153
307,9.217487999999996,9.247487999999995,145,0,0,0,0,6.002458001603372,False,0,True,3,138,138,138,138,145,145
308,9.247487999999995,9.277487999999995,191,0,0,0,0,6.030374999681953,False,0,True,3,183,183,185,185,191,191
309,9.277487999999995,9.307487999999994,185,0,0,0,0,6.1624169975402765,False,0,True,3,172,170,176,170,185,179
310,9.307487999999994,9.337487999999993,206,0,0,0,0,65.44683300307952,False,0,True,3,162,161,183,162,206,165
311,9.337487999999993,9.367487999999993,165,0,0,0,0,5.88600000628503,False,0,True,3,157,156,160,157,165,162
312,9.367487999999993,9.397487999999992,154,0,0,0,0,5.782457999885082,False,0,True,3,146,146,146,146,154,154
313,9.397487999999992,9.427487999999991,178,0,0,0,0,5.887207997147925,False,0,True,3,161,161,164,164,178,178
314,9.427487999999991,9.45748799999999,177,0,0,0,0,5.8865000028163195,False,0,True,3,164,163,171,168,177,174
315,9.45748799999999,9.48748799999999,188,0,0,0,0,5.924541997956112,False,0,True,3,173,172,176,173,188,185
316,9.48748799999999,9.51748799999999,165,0,0,0,0,5.812499999592546,False,0,True,3,151,151,154,154,165,165
317,9.51748799999999,9.547487999999989,181,0,0,0,0,5.853541006217711,False,0,True,3,172,171,175,172,181,178
318,9.547487999999989,9.577487999999988,220,0,0,0,0,52.86991699540522,False,0,True,3,147,144,190,145,220,152
319,9.577487999999988,9.607487999999988,387,1,1,0,0,102.85083299822873,False,0,True,3,146,145,254,146,387,158
320,9.607487999999988,9.637487999999987,468,1,1,0,0,128.05949999892619,False,0,True,3,165,163,317,165,468,178
321,9.637487999999987,9.667487999999986,508,1,1,1,1,126.34237499878509,False,0,True,3,188,185,361,191,508,200
322,9.667487999999986,9.697487999999986,457,1,1,1,1,126.34741699730512,False,0,True,3,161,159,320,160,457,163
323,9.697487999999986,9.727487999999985,418,1,1,1,1,126.48595800419571,False,0,True,3,143,142,296,142,418,146
324,9.727487999999985,9.757487999999984,454,1,1,1,1,128.13254100183258,False,0,True,3,162,160,323,162,454,169
325,9.757487999999984,9.787487999999984,447,0,0,0,0,125.16520799545106,False,0,True,3,174,172,325,173,447,184
326,9.787487999999984,9.817487999999983,470,1,1,1,1,125.76308400457492,False,0,True,3,168,167,325,167,470,173
327,9.817487999999983,9.847487999999982,468,1,1,1,1,128.06545900093624,False,0,True,3,162,161,321,162,468,171
328,9.847487999999982,9.877487999999982,505,2,1,1,1,127.34170899784658,False,0,True,3,163,161,339,162,505,177
329,9.877487999999982,9.907487999999981,503,1,1,1,1,125.58824999723583,False,0,True,3,192,191,356,194,503,206
330,9.907487999999981,9.93748799999998,483,1,1,0,0,125.32412500149803,False,0,True,3,173,171,337,172,483,182
331,9.93748799999998,9.96748799999998,493,1,1,1,1,127.72974999825237,False,0,True,3,189,186,354,189,493,206
332,9.96748799999998,9.99748799999998,489,1,1,1,1,126.80249999539228,False,0,True,3,165,164,330,165,489,173
333,9.99748799999998,10.027487999999979,507,1,1,1,1,126.58204100443982,False,0,True,3,183,182,348,184,507,194
334,10.027487999999979,10.057487999999978,511,1,1,1,1,127.32074999803444,False,0,True,3,193,192,360,195,511,205
335,10.057487999999978,10.087487999999977,511,1,1,1,1,125.96912500157487,False,0,True,3,177,174,342,176,511,183
336,10.087487999999977,10.117487999999977,457,1,1,1,1,127.32229099492542,False,0,True,3,143,141,309,141,457,156
337,10.117487999999977,10.147487999999976,450,1,1,1,1,127.02995899599046,False,0,True,3,154,151,322,153,450,160
338,10.147487999999976,10.177487999999975,475,1,1,1,1,126.54208399908384,False,0,True,3,180,177,340,181,475,195
339,10.177487999999975,10.207487999999975,468,1,1,1,1,127.40758400468621,False,0,True,3,152,148,320,153,468,160
340,10.207487999999975,10.237487999999974,468,1,1,1,1,128.00599999900442,False,0,True,3,148,145,324,147,468,160
341,10.237487999999974,10.267487999999974,442,1,1,1,1,126.22241700591985,False,0,True,3,157,155,315,156,442,162
342,10.267487999999974,10.297487999999973,375,1,1,1,1,128.03537500440143,False,0,True,3,178,175,296,177,375,183
343,10.297487999999973,10.327487999999972,306,0,0,0,0,127.10445799893932,False,0,True,3,181,180,270,183,306,190
344,10.327487999999972,10.357487999999972,307,0,0,0,0,125.16820900054881,False,0,True,3,158,155,262,157,307,163
345,10.357487999999972,10.387487999999971,461,1,1,0,0,126.73333299608203,False,0,True,3,153,150,367,153,461,160
346,10.387487999999971,10.41748799999997,610,0,0,0,0,124.87633300042944,False,0,True,3,146,142,457,142,610,151
347,10.41748799999997,10.44748799999997,600,1,1,1,1,125.59075000172015,False,0,True,3,161,156,507,156,600,160
348,10.44748799999997,10.477487999999969,552,1,1,1,1,124.51958299789112,False,0,True,3,178,174,443,175,552,188
349,10.477487999999969,10.507487999999968,588,1,1,1,1,125.89545899390941,False,0,True,3,173,170,463,174,588,180
350,10.507487999999968,10.537487999999968,686,1,1,1,1,125.38979200326139,False,0,True,3,190,188,520,189,686,200
351,10.537487999999968,10.567487999999967,673,1,1,1,1,125.386375002563,False,0,True,3,205,202,533,206,673,213
352,10.567487999999967,10.597487999999966,698,0,0,0,0,124.41775000479538,False,0,True,3,209,207,533,214,698,224
353,10.597487999999966,10.627487999999966,764,1,1,0,0,125.01629199687159,False,0,True,3,198,195,538,197,764,207
354,10.627487999999966,10.657487999999965,765,1,1,1,1,123.62166599632474,False,0,True,3,169,167,503,170,765,177
355,10.657487999999965,10.687487999999965,731,1,1,1,1,125.25770800129976,False,0,True,3,186,181,533,183,731,191
356,10.687487999999965,10.717487999999964,747,1,1,1,1,126.57174999912968,False,0,True,3,207,204,541,206,747,217
357,10.717487999999964,10.747487999999963,768,1,1,1,1,127.53883300320012,False,0,True,3,213,210,544,213,768,218
358,10.747487999999963,10.777487999999963,826,1,1,1,1,126.45204100408591,False,0,True,3,221,214,577,217,826,221
359,10.777487999999963,10.807487999999962,926,1,1,1,1,126.8495000040275,False,0,True,3,188,185,552,187,926,193
360,10.807487999999962,10.837487999999961,1040,1,1,1,1,127.23554099648027,False,0,True,3,203,200,564,202,1040,210
361,10.837487999999961,10.86748799999996,827,1,1,1,1,125.04287499905331,False,0,True,3,231,229,567,233,827,244
362,10.86748799999996,10.89748799999996,686,1,1,1,1,123.73179200221784,False,0,True,3,216,213,523,219,686,224
363,10.89748799999996,10.92748799999996,662,1,1,1,1,126.67641599546187,False,0,True,3,224,220,520,222,662,224
364,10.92748799999996,10.957487999999959,688,1,1,1,1,125.98395799432183,False,0,True,3,223,218,497,222,688,241
365,10.957487999999959,10.987487999999958,641,1,1,1,1,125.67850000050385,False,0,True,3,189,183,450,185,641,193
366,10.987487999999958,11.017487999999958,654,1,1,1,1,126.87987499521114,False,0,True,3,192,189,456,190,654,201
367,11.017487999999958,11.047487999999957,697,1,1,1,1,124.5521250020829,False,0,True,3,211,208,487,214,697,231
368,11.047487999999957,11.077487999999956,619,1,1,1,1,126.04241700319108,False,0,True,3,211,209,438,212,619,215
369,11.077487999999956,11.107487999999956,525,1,1,1,1,127.17562499892665,False,0,True,3,191,189,362,189,525,197
370,11.107487999999956,11.137487999999955,439,1,1,1,1,126.9044170039706,False,0,True,3,166,165,293,167,439,169
371,11.137487999999955,11.167487999999954,455,1,1,1,1,127.14054100069916,False,0,True,3,168,167,291,167,455,173
372,11.167487999999954,11.197487999999954,543,1,1,1,1,127.94345900329063,False,0,True,3,237,236,377,236,543,244
373,11.197487999999954,11.227487999999953,592,1,1,1,1,125.01962499663932,False,0,True,3,241,240,392,242,592,251
374,11.227487999999953,11.257487999999952,734,1,1,1,1,125.82824999844888,False,0,True,3,234,233,407,238,734,254
375,11.257487999999952,11.287487999999952,874,1,1,1,1,125.85512499936158,False,0,True,3,219,216,403,217,874,228
376,11.287487999999952,11.317487999999951,766,1,1,1,1,126.50604200462112,False,0,True,3,207,203,401,204,766,216
377,11.317487999999951,11.34748799999995,595,1,1,1,1,126.4572909931303,False,0,True,3,200,199,352,201,595,203
378,11.34748799999995,11.37748799999995,568,1,1,1,1,124.23295799817424,False,0,True,3,206,202,357,205,568,214
379,11.37748799999995,11.40748799999995,561,1,1,1,1,125.9068750005099,False,0,True,3,217,216,356,219,561,230
380,11.40748799999995,11.437487999999949,505,1,1,1,1,127.36587499966845,False,0,True,3,206,202,344,203,505,213
381,11.437487999999949,11.467487999999948,690,1,1,1,1,126.2452500013751,False,0,True,3,207,206,369,209,690,213
382,11.467487999999948,11.497487999999947,1005,1,1,1,1,126.61875000048894,False,0,True,3,211,210,410,212,1005,222
383,11.497487999999947,11.527487999999947,1228,1,1,1,1,125.14479200035566,False,0,True,3,196,194,444,199,1228,208
384,11.527487999999947,11.557487999999946,1189,1,1,1,1,129.76899999921443,False,0,True,3,197,195,434,196,1189,201
385,11.557487999999946,11.587487999999945,1204,1,1,1,1,127.62420799845131,False,0,True,3,199,196,451,197,1204,204
386,11.587487999999945,11.617487999999945,1213,1,1,1,1,126.36241700238315,False,0,True,3,212,211,460,213,1213,228
387,11.617487999999945,11.647487999999944,1337,1,1,1,1,127.80962500255555,False,0,True,3,247,244,512,248,1337,265
388,11.647487999999944,11.677487999999943,1227,1,1,1,1,127.92529100261163,False,0,True,3,240,237,489,241,1227,249
389,11.677487999999943,11.707487999999943,837,1,1,1,1,125.53841699991608,False,0,True,3,220,217,405,220,837,231
390,11.707487999999943,11.737487999999942,461,1,1,1,1,126.0000409965869,False,0,True,3,215,213,326,216,461,225
391,11.737487999999942,11.767487999999942,365,1,1,1,1,129.3319589967723,False,0,True,3,212,208,291,209,365,217
392,11.767487999999942,11.797487999999941,313,1,1,1,1,125.37504200008698,False,0,True,3,172,169,242,170,313,176
393,11.797487999999941,11.82748799999994,329,1,1,1,1,125.54616600391455,False,0,True,3,176,175,255,176,329,181
394,11.82748799999994,11.85748799999994,352,1,1,1,1,125.04566699499264,False,0,True,3,209,206,276,209,352,228
395,11.85748799999994,11.887487999999939,342,1,1,1,1,126.75495800067438,False,0,True,3,201,199,275,202,342,212
396,11.887487999999939,11.917487999999938,367,0,0,0,0,125.85979200230213,False,0,True,3,193,192,280,193,367,206
397,11.917487999999938,11.947487999999938,426,1,1,1,1,125.75037499482278,False,0,True,3,240,239,335,241,426,257
398,11.947487999999938,11.977487999999937,443,1,1,1,1,126.90058299631346,False,0,True,3,205,204,335,204,443,216
399,11.977487999999937,12.007487999999936,553,1,1,1,1,127.3658330028411,False,0,True,3,203,201,368,204,553,214
400,12.007487999999936,12.037487999999936,651,1,1,1,1,125.82045899762306,False,0,True,3,204,203,395,205,651,212
401,12.037487999999936,12.067487999999935,763,1,1,1,1,125.94929199985927,False,0,True,3,217,216,419,219,763,226
402,12.067487999999935,12.097487999999935,787,1,1,1,1,127.58741600555368,False,0,True,3,214,213,429,216,787,226
403,12.097487999999935,12.127487999999934,775,1,1,1,1,125.7493329976569,False,0,True,3,213,212,429,213,775,236
404,12.127487999999934,12.157487999999933,744,1,1,1,1,125.63108400354395,False,0,True,3,198,197,418,201,744,219
405,12.157487999999933,12.187487999999933,847,1,1,1,1,126.38195799809182,False,0,True,3,235,233,470,238,847,249
406,12.187487999999933,12.217487999999932,807,1,1,1,1,127.9647080009454,False,0,True,3,214,212,443,216,807,221
407,12.217487999999932,12.247487999999931,728,1,1,1,1,125.67691699950956,False,0,True,3,229,228,453,231,728,246
408,12.247487999999931,12.27748799999993,688,1,1,1,1,125.22070800332585,False,0,True,3,235,234,465,238,688,245
409,12.27748799999993,12.30748799999993,635,1,1,1,1,125.66429200523999,False,0,True,3,236,232,446,235,635,243
410,12.30748799999993,12.33748799999993,706,1,1,1,1,125.62891600100556,False,0,True,3,206,203,426,204,706,215
411,12.33748799999993,12.367487999999929,685,1,1,1,1,125.75541700061876,False,0,True,3,198,197,418,200,685,206
412,12.367487999999929,12.397487999999928,669,1,1,1,1,125.90637499670265,False,0,True,3,222,220,441,224,669,233
413,12.397487999999928,12.427487999999927,640,1,1,1,1,127.28770900139352,False,0,True,3,206,204,422,207,640,217
414,12.427487999999927,12.457487999999927,615,1,1,1,1,126.69874999846797,False,0,True,3,217,216,407,219,615,230
415,12.457487999999927,12.487487999999926,609,2,2,1,1,126.62499999714782,False,0,True,3,244,239,453,239,609,251
416,12.487487999999926,12.517487999999926,676,1,1,0,0,126.98166700283764,False,0,True,3,251,249,496,250,676,266
417,12.517487999999926,12.547487999999925,588,1,1,0,0,127.58045800001128,False,0,True,3,239,237,451,238,588,254
418,12.547487999999925,12.577487999999924,544,1,1,1,1,125.73491700459272,False,0,True,3,234,233,422,234,544,246
419,12.577487999999924,12.607487999999924,489,1,1,0,0,125.62445799994748,False,0,True,3,230,229,401,230,489,239
420,12.607487999999924,12.637487999999923,442,1,1,1,1,127.07475000206614,False,0,True,3,221,219,371,219,442,226
421,12.637487999999923,12.667487999999922,405,1,1,1,1,126.91554199409438,False,0,True,3,229,225,351,225,405,238
422,12.667487999999922,12.697487999999922,460,1,1,0,0,125.28237499645911,False,0,True,3,242,236,380,237,460,257
423,12.697487999999922,12.727487999999921,339,0,0,0,0,125.23262500326382,False,0,True,3,212,207,306,209,339,215
424,12.727487999999921,12.75748799999992,605,0,0,0,0,127.4847079985193,False,0,True,3,240,235,474,239,605,247
425,12.75748799999992,12.78748799999992,877,0,0,0,0,126.22433400247246,False,0,True,3,237,235,620,238,877,244
426,12.78748799999992,12.81748799999992,541,2,2,0,0,126.20350000361213,False,0,True,3,230,229,423,231,541,238
427,12.81748799999992,12.847487999999919,636,1,1,0,0,126.76166700111935,False,0,True,3,234,231,447,232,636,245
428,12.847487999999919,12.877487999999918,738,2,2,0,0,127.9044580005575,False,0,True,3,254,251,495,257,738,273
429,12.877487999999918,12.907487999999917,775,1,1,1,1,125.9549579990562,False,0,True,3,240,238,498,241,775,252
430,12.907487999999917,12.937487999999917,890,1,1,1,1,125.52533300186042,False,0,True,3,230,228,510,235,890,260
431,12.937487999999917,12.967487999999916,992,1,1,1,1,127.03850000252714,False,0,True,3,218,216,508,218,992,232
432,12.967487999999916,12.997487999999915,1446,1,1,1,1,127.31512500613462,False,0,True,3,257,256,614,257,1446,271
433,12.997487999999915,13.027487999999915,2630,1,1,1,1,127.18983299419051,False,0,True,3,247,245,651,248,2630,256
434,13.027487999999915,13.057487999999914,3114,2,2,1,1,127.19891699816799,False,0,True,3,251,247,731,252,3114,258
435,13.057487999999914,13.087487999999913,2543,2,2,1,1,128.82141699810745,False,0,True,3,241,239,772,244,2543,251
436,13.087487999999913,13.117487999999913,2624,2,2,1,1,127.48170900158584,False,0,True,3,278,271,832,275,2624,286
437,13.117487999999913,13.147487999999912,2832,1,1,1,1,126.48225000157254,False,0,True,3,254,250,817,256,2832,267
438,13.147487999999912,13.177487999999911,2547,1,1,1,1,127.52037499740254,False,0,True,3,258,255,798,259,2547,267
439,13.177487999999911,13.20748799999991,1900,1,1,1,1,128.12625000515254,False,0,True,3,235,231,740,232,1900,242
440,13.20748799999991,13.23748799999991,1764,1,1,1,1,126.0462499994901,False,0,True,3,257,255,722,258,1764,266
441,13.23748799999991,13.26748799999991,1747,1,1,1,1,125.78958400263218,False,0,True,3,236,234,713,240,1747,252
442,13.26748799999991,13.297487999999909,1919,1,1,1,1,127.23987500066869,False,0,True,3,239,235,734,239,1919,249
443,13.297487999999909,13.327487999999908,1920,1,1,1,1,127.42616700415965,False,0,True,3,274,271,782,278,1920,284
444,13.327487999999908,13.357487999999908,2960,1,1,1,1,126.8999169988092,False,0,True,3,275,273,901,278,2960,290
445,13.357487999999908,13.387487999999907,4070,1,1,1,1,127.0379999987199,False,0,True,3,252,251,975,257,4070,266
446,13.387487999999907,13.417487999999906,3967,1,1,1,1,128.36808399879374,False,0,True,3,218,213,1001,219,3967,228
447,13.417487999999906,13.447487999999906,3749,1,1,1,1,128.38491699949373,False,0,True,3,260,256,982,264,3749,274
448,13.447487999999906,13.477487999999905,2310,1,1,1,1,125.21025000023656,False,0,True,3,282,277,854,289,2310,298
449,13.477487999999905,13.507487999999904,1798,1,1,1,1,122.59670899948105,False,0,True,3,296,292,729,298,1798,312
450,13.507487999999904,13.537487999999904,2428,1,1,1,1,124.19708399829688,False,0,True,3,303,300,959,304,2428,320
451,13.537487999999904,13.567487999999903,2767,1,1,1,1,125.19270800112281,False,0,True,3,275,267,960,272,2767,277
452,13.567487999999903,13.597487999999903,1936,1,1,1,1,127.57291700108908,False,0,True,3,292,283,821,291,1936,302
453,13.597487999999903,13.627487999999902,1855,1,1,1,1,127.14058299752651,False,0,True,3,283,281,755,289,1855,298
454,13.627487999999902,13.657487999999901,1777,1,1,1,1,126.54370800009929,False,0,True,3,292,289,775,294,1777,309
455,13.657487999999901,13.6874879999999,1734,1,1,1,1,126.11437500163447,False,0,True,3,270,267,762,276,1734,289
456,13.6874879999999,13.7174879999999,1702,1,1,1,1,126.02212499768939,False,0,True,3,311,309,803,316,1702,324
457,13.7174879999999,13.7474879999999,1875,1,1,1,1,126.11162499524653,False,0,True,3,271,270,825,275,1875,285
458,13.7474879999999,13.777487999999899,2543,1,1,1,1,127.31245900067734,False,0,True,3,277,275,829,280,2543,293
459,13.777487999999899,13.807487999999898,2777,1,1,1,1,127.6100420000148,False,0,True,3,252,251,866,254,2777,276
460,13.807487999999898,13.837487999999897,2791,1,1,1,1,127.10929199965904,False,0,True,3,300,296,900,299,2791,326
461,13.837487999999897,13.867487999999897,2913,0,0,0,0,127.1569169985014,False,0,True,3,264,262,866,268,2913,293
462,13.867487999999897,13.897487999999896,2793,1,1,1,1,127.61958400369622,False,0,True,3,258,253,856,259,2793,274
463,13.897487999999896,13.927487999999896,2562,1,1,1,1,127.22741700417828,False,0,True,3,286,282,874,287,2562,310
464,13.927487999999896,13.957487999999895,2184,1,1,1,1,126.59720800002106,False,0,True,3,284,282,833,287,2184,296
465,13.957487999999895,13.987487999999894,1764,1,1,1,1,125.6340830004774,False,0,True,3,301,300,791,309,1764,317
466,13.987487999999894,14.017487999999894,1503,1,1,1,1,126.3472919963533,False,0,True,3,263,260,717,262,1503,269
467,14.017487999999894,14.047487999999893,1352,0,0,0,0,125.98554100259207,False,0,True,3,269,268,704,270,1352,287
468,14.047487999999893,14.077487999999892,1395,1,1,1,1,126.22220800403738,False,0,True,3,289,288,723,291,1395,302
469,14.077487999999892,14.107487999999892,1489,1,1,1,1,127.53212499956135,False,0,True,3,293,291,751,291,1489,310
470,14.107487999999892,14.137487999999891,1555,1,1,1,1,126.51850000111153,False,0,True,3,293,292,732,294,1555,308
471,14.137487999999891,14.16748799999989,1427,1,1,1,1,126.03058300010161,False,0,True,3,258,256,689,258,1427,268
472,14.16748799999989,14.19748799999989,1397,1,1,1,1,126.7639580037212,False,0,True,3,285,284,693,284,1397,292
473,14.19748799999989,14.22748799999989,1280,1,1,1,1,127.72120799490949,False,0,True,3,283,281,664,281,1280,299
474,14.22748799999989,14.257487999999888,1189,1,1,1,1,124.2377500020666,False,0,True,3,270,269,634,270,1189,285
475,14.257487999999888,14.287487999999888,1105,1,1,1,1,125.90591700427467,False,0,True,3,250,249,592,250,1105,256
476,14.287487999999888,14.317487999999887,1034,1,1,1,1,127.19091700273566,False,0,True,3,259,258,595,261,1034,275
477,14.317487999999887,14.347487999999887,962,1,1,1,1,124.40862500079675,False,0,True,3,262,261,570,262,962,271
478,14.347487999999887,14.377487999999886,871,1,1,1,1,125.6780829935451,False,0,True,3,270,269,551,272,871,283
479,14.377487999999886,14.407487999999885,794,1,1,1,1,126.69066600210499,False,0,True,3,295,294,548,296,794,311
480,14.407487999999885,14.437487999999885,713,1,1,1,1,127.3447909989045,False,0,True,3,268,265,502,266,713,278
481,14.437487999999885,14.467487999999884,687,1,1,1,1,127.44191600359045,False,0,True,3,257,256,471,256,687,269
482,14.467487999999884,14.497487999999883,978,1,1,1,1,126.07462500454858,False,0,True,3,235,234,456,236,978,246
483,14.497487999999883,14.527487999999883,983,1,1,1,1,125.7810419992893,False,0,True,3,269,267,475,267,983,273
484,14.527487999999883,14.557487999999882,993,1,1,1,1,151.70295800635358,False,0,True,3,250,249,421,249,993,255
485,14.557487999999882,14.587487999999881,579,1,1,1,1,123.85341699700803,False,0,True,3,290,289,443,290,579,298
486,14.587487999999881,14.61748799999988,485,1,1,1,1,125.47491599980276,False,0,True,3,249,248,387,249,485,258
487,14.61748799999988,14.64748799999988,424,1,1,1,1,125.05545900057768,False,0,True,3,233,232,362,233,424,245
488,14.64748799999988,14.67748799999988,437,1,1,1,1,126.15012499736622,False,0,True,3,267,266,380,266,437,279
489,14.67748799999988,14.707487999999879,380,1,1,1,1,124.98458300251514,False,0,True,3,247,246,341,246,380,255
490,14.707487999999879,14.737487999999878,407,1,1,1,1,126.72433300031116,False,0,True,3,276,274,367,275,407,288
491,14.737487999999878,14.767487999999878,375,0,0,0,0,124.07600000005914,False,0,True,3,258,256,345,256,375,265
492,14.767487999999878,14.797487999999877,412,1,1,1,1,127.52324999746634,False,0,True,3,272,270,369,271,412,288
493,14.797487999999877,14.827487999999876,397,0,0,0,0,125.6194579982548,False,0,True,3,254,252,360,254,397,265
494,14.827487999999876,14.857487999999876,420,0,0,0,0,124.49691600340884,False,0,True,3,258,256,373,256,420,259
495,14.857487999999876,14.887487999999875,434,0,0,0,0,123.80545800260734,False,0,True,3,250,249,368,249,434,265
496,14.887487999999875,14.917487999999874,445,0,0,0,0,123.9825419979752,False,0,True,3,267,266,380,266,445,269
497,14.917487999999874,14.947487999999874,446,0,0,0,0,125.54400000226451,False,0,True,3,262,261,376,261,446,275
498,14.947487999999874,14.977487999999873,471,0,0,0,0,125.03999999898952,False,0,True,3,261,260,381,262,471,276
499,14.977487999999873,15.007487999999872,503,0,0,0,0,124.61745899781818,False,0,True,3,281,279,401,280,503,300
500,15.007487999999872,15.037487999999872,549,0,0,0,0,125.53154199849814,False,0,True,3,313,310,449,311,549,322
501,15.037487999999872,15.067487999999871,517,1,1,0,0,125.310208000883,False,0,True,3,280,278,413,282,517,294
502,15.067487999999871,15.09748799999987,476,1,1,0,0,125.43300000106683,False,0,True,3,249,246,382,249,476,254
503,15.09748799999987,15.12748799999987,521,1,1,0,0,126.74812499608379,False,0,True,3,279,277,403,278,521,288
504,15.12748799999987,15.15748799999987,560,1,1,1,1,124.89962499967078,False,0,True,3,302,299,440,302,560,315
505,15.15748799999987,15.187487999999869,564,1,1,1,1,127.03191699984018,False,0,True,3,312,309,448,310,564,320
506,15.187487999999869,15.217487999999868,564,1,1,1,1,126.55595799878938,False,0,True,3,307,306,442,307,564,318
507,15.217487999999868,15.247487999999867,547,1,1,1,1,126.29050000396091,False,0,True,3,272,270,414,270,547,276
508,15.247487999999867,15.277487999999867,570,1,1,1,1,126.1339160046191,False,0,True,3,287,285,445,287,570,298
509,15.277487999999867,15.307487999999866,544,1,1,1,1,124.12695799866924,False,0,True,3,255,253,407,254,544,267
510,15.307487999999866,15.337487999999865,581,1,1,1,1,125.83224999980303,False,0,True,3,270,267,427,267,581,276
511,15.337487999999865,15.367487999999865,597,1,1,1,1,126.5725840057712,False,0,True,3,307,306,451,307,597,311
512,15.367487999999865,15.397487999999864,568,1,1,1,1,126.20241600234294,False,0,True,3,272,271,426,272,568,276
513,15.397487999999864,15.427487999999864,501,1,1,1,1,127.41466700390447,False,0,True,3,316,314,437,322,501,332
514,15.427487999999864,15.457487999999863,461,1,1,1,1,127.04991699865786,False,0,True,3,300,299,410,302,461,313
515,15.457487999999863,15.487487999999862,468,1,1,1,1,126.72091599961277,False,0,True,3,286,284,411,285,468,294
516,15.487487999999862,15.517487999999862,532,1,1,1,1,126.5157919988269,False,0,True,3,320,318,456,320,532,334
517,15.517487999999862,15.547487999999861,497,1,1,1,1,125.14129199553281,False,0,True,3,297,295,423,298,497,307
518,15.547487999999861,15.57748799999986,519,0,0,0,0,125.82462499995017,False,0,True,3,306,303,435,304,519,319
519,15.57748799999986,15.60748799999986,498,0,0,0,0,123.70395799371181,False,0,True,3,297,296,419,299,498,309
520,15.60748799999986,15.637487999999859,536,1,1,0,0,124.2032090012799,False,0,True,3,323,321,449,325,536,336
521,15.637487999999859,15.667487999999858,551,1,1,1,1,124.30866700015031,False,0,True,3,316,315,452,316,551,322
522,15.667487999999858,15.697487999999858,595,1,1,1,1,122.55512500269106,False,0,True,3,358,356,497,357,595,366
523,15.697487999999858,15.727487999999857,583,1,1,1,1,126.06479200621834,False,0,True,3,307,305,469,309,583,323
524,15.727487999999857,15.757487999999856,581,1,1,1,1,126.59212499420391,False,0,True,3,321,320,480,321,581,329
525,15.757487999999856,15.787487999999856,582,1,1,1,1,125.84149999747751,False,0,True,3,317,316,470,318,582,330
526,15.787487999999856,15.817487999999855,670,1,1,1,1,124.20174999715528,False,0,True,3,334,333,518,335,670,338
527,15.817487999999855,15.847487999999855,742,1,1,1,1,125.96599999960745,False,0,True,3,335,332,524,335,742,346
528,15.847487999999855,15.877487999999854,737,1,1,1,1,126.63854099810123,False,0,True,3,319,317,508,319,737,334
529,15.877487999999854,15.907487999999853,744,1,1,1,1,126.01675000041723,False,0,True,3,305,301,507,306,744,314
530,15.907487999999853,15.937487999999853,752,1,1,1,1,126.10974999552127,False,0,True,3,299,295,508,298,752,306
531,15.937487999999853,15.967487999999852,757,1,1,1,1,125.84979100211058,False,0,True,3,334,331,543,339,757,351
532,15.967487999999852,15.997487999999851,767,1,1,1,1,125.6703330000164,False,0,True,3,322,317,524,320,767,326
533,15.997487999999851,16.027487999999853,705,1,1,1,1,126.49541599967051,False,0,True,3,317,315,486,316,705,324
534,16.027487999999853,16.057487999999854,784,1,1,1,1,127.28100000094855,False,0,True,3,346,342,540,346,784,358
535,16.057487999999854,16.087487999999855,794,1,1,1,1,127.29016700177453,False,0,True,3,354,352,543,357,794,370
536,16.087487999999855,16.117487999999856,846,1,1,1,1,123.82541700208094,False,0,True,3,362,360,563,368,846,396
537,16.117487999999856,16.147487999999857,834,2,1,1,1,125.52724999841303,False,0,True,3,346,343,548,346,834,373
538,16.147487999999857,16.177487999999858,824,1,1,1,1,125.43666700366884,False,0,True,3,353,349,557,351,824,372
539,16.177487999999858,16.20748799999986,814,1,1,1,1,126.9016250007553,False,0,True,3,330,329,532,332,814,346
540,16.20748799999986,16.23748799999986,845,1,1,1,1,125.87216700194404,False,0,True,3,340,338,548,344,845,352
541,16.23748799999986,16.26748799999986,842,1,1,1,1,124.58112499734852,False,0,True,3,315,313,520,314,842,328
542,16.26748799999986,16.297487999999863,858,1,1,1,1,124.22733399580466,False,0,True,3,334,331,538,334,858,344
543,16.297487999999863,16.327487999999864,1079,1,1,1,1,126.85495799814817,False,0,True,3,360,358,596,366,1079,383
544,16.327487999999864,16.357487999999865,1316,1,1,1,1,127.2207090005395,False,0,True,3,327,325,569,328,1316,345
545,16.357487999999865,16.387487999999866,1262,1,1,1,1,126.17195799975889,False,0,True,3,385,384,615,385,1262,399
546,16.387487999999866,16.417487999999867,1023,1,1,1,1,123.42958299996099,False,0,True,3,365,364,578,367,1023,375
547,16.417487999999867,16.44748799999987,988,1,1,1,1,124.6229169992148,False,0,True,3,359,358,566,363,988,377
548,16.44748799999987,16.47748799999987,986,1,1,1,1,124.46100000670413,False,0,True,3,386,385,591,390,986,404
549,16.47748799999987,16.50748799999987,1065,1,1,1,1,124.75841699779266,False,0,True,3,358,356,585,357,1065,374
550,16.50748799999987,16.537487999999872,1512,1,1,1,1,126.69283300056122,False,0,True,3,329,328,601,333,1512,341
551,16.537487999999872,16.567487999999873,1995,1,1,1,1,125.60654200206045,False,0,True,3,385,384,701,388,1995,396
552,16.567487999999873,16.597487999999874,1981,1,1,1,1,125.94116699619917,False,0,True,3,337,335,665,337,1981,348
553,16.597487999999874,16.627487999999875,2003,1,1,1,1,128.40179199702106,False,0,True,3,400,399,732,404,2003,413
554,16.627487999999875,16.657487999999876,2201,1,1,1,1,126.75812499946915,False,0,True,3,419,418,759,423,2201,444
555,16.657487999999876,16.687487999999878,2014,1,1,1,1,127.40204100555275,False,0,True,3,361,360,690,364,2014,376
556,16.687487999999878,16.71748799999988,1578,1,1,1,1,124.6657919982681,False,0,True,3,400,399,691,403,1578,410
557,16.71748799999988,16.74748799999988,1109,1,1,1,1,126.75141699583037,False,0,True,3,382,379,628,382,1109,401
558,16.74748799999988,16.77748799999988,1046,1,1,1,1,126.81183299719123,False,0,True,3,357,356,597,362,1046,376
559,16.77748799999988,16.807487999999882,1112,1,1,1,1,126.75850000232458,False,0,True,3,384,382,622,385,1112,394
560,16.807487999999882,16.837487999999883,1095,1,1,1,1,126.05966699629789,False,0,True,3,366,364,614,365,1095,379
561,16.837487999999883,16.867487999999884,1050,1,1,1,1,125.36150000232738,False,0,True,3,364,363,593,368,1050,380
562,16.867487999999884,16.897487999999885,1113,1,1,1,1,125.89575000311015,False,0,True,3,422,419,673,421,1113,439
563,16.897487999999885,16.927487999999887,1100,1,1,1,1,127.85525000072084,False,0,True,3,412,410,663,413,1100,434
564,16.927487999999887,16.957487999999888,977,1,1,1,1,127.26808300067205,False,0,True,3,352,351,596,358,977,379
565,16.957487999999888,16.98748799999989,974,1,1,1,1,125.0726250000298,False,0,True,3,380,376,619,378,974,394
566,16.98748799999989,17.01748799999989,947,1,1,1,1,125.75187499896856,False,0,True,3,387,386,621,391,947,406
567,17.01748799999989,17.04748799999989,1030,1,1,1,1,125.07904099766165,False,0,True,3,458,457,698,465,1030,477
568,17.04748799999989,17.077487999999892,1063,1,1,1,1,125.716000002285,False,0,True,3,435,434,685,437,1063,450
569,17.077487999999892,17.107487999999893,1036,1,1,1,1,128.12683399533853,False,0,True,3,377,374,629,379,1036,390
570,17.107487999999893,17.137487999999895,1015,1,1,1,1,126.15650000225287,False,0,True,3,381,378,639,382,1015,392
571,17.137487999999895,17.167487999999896,1026,1,1,1,1,126.52474999777041,False,0,True,3,423,419,686,421,1026,436
572,17.167487999999896,17.197487999999897,981,1,1,1,1,127.08104199555237,False,0,True,3,408,403,660,408,981,424
573,17.197487999999897,17.227487999999898,1009,1,1,1,1,126.21145899902331,False,0,True,3,379,375,676,378,1009,388
574,17.227487999999898,17.2574879999999,1033,1,1,1,1,125.4917500045849,False,0,True,3,397,393,681,397,1033,408
575,17.2574879999999,17.2874879999999,999,1,1,1,1,125.466666999273,False,0,True,3,375,372,638,379,999,393
576,17.2874879999999,17.3174879999999,1181,1,1,1,1,126.97016700258246,False,0,True,3,451,450,727,456,1181,469
577,17.3174879999999,17.347487999999903,1140,1,1,1,1,128.18220800545532,False,0,True,3,386,384,669,390,1140,397
578,17.347487999999903,17.377487999999904,1242,1,1,1,1,126.65845800074749,False,0,True,3,421,420,715,427,1242,437
579,17.377487999999904,17.407487999999905,1357,1,1,1,1,131.62666700372938,False,0,True,3,444,443,758,445,1357,458
580,17.407487999999905,17.437487999999906,1365,1,1,1,1,126.54166599531891,False,0,True,3,437,435,754,439,1365,447
581,17.437487999999906,17.467487999999907,1450,1,1,1,1,123.82958400121424,False,0,True,3,437,436,772,440,1450,449
582,17.467487999999907,17.49748799999991,1531,1,1,1,1,126.031542000419,False,0,True,3,414,411,775,416,1531,432
583,17.49748799999991,17.52748799999991,1742,1,1,1,1,128.72108299779939,False,0,True,3,441,439,829,447,1742,464
584,17.52748799999991,17.55748799999991,1922,1,1,1,1,126.38608300039778,False,0,True,3,514,511,892,516,1922,531
585,17.55748799999991,17.58748799999991,1821,1,1,1,1,126.64845799736213,False,0,True,3,466,462,849,469,1821,481
586,17.58748799999991,17.617487999999913,1785,1,1,1,1,127.02533300034702,False,0,True,3,466,462,852,466,1785,477
587,17.617487999999913,17.647487999999914,1672,1,1,1,1,126.5246249968186,False,0,True,3,441,440,825,446,1672,459
588,17.647487999999914,17.677487999999915,1754,1,1,1,1,127.22845800453797,False,0,True,3,468,465,845,468,1754,480
589,17.677487999999915,17.707487999999916,2175,1,1,1,1,126.14595800550887,False,0,True,3,474,471,881,484,2175,503
590,17.707487999999916,17.737487999999917,2856,1,1,1,1,126.1649580046651,False,0,True,3,503,496,912,500,2856,515
591,17.737487999999917,17.76748799999992,2608,1,1,1,1,124.7704999987036,False,0,True,3,453,449,876,456,2608,477
592,17.76748799999992,17.79748799999992,2137,1,1,1,1,124.74379099876387,False,0,True,3,485,482,914,489,2137,504
593,17.79748799999992,17.82748799999992,2064,1,1,1,1,127.20029100455577,False,0,True,3,471,467,936,475,2064,498
594,17.82748799999992,17.857487999999922,2216,1,1,1,1,125.42408300214447,False,0,True,3,480,475,984,481,2216,499
595,17.857487999999922,17.887487999999923,2355,1,1,1,1,126.22558399743866,False,0,True,3,491,488,1020,492,2355,501
596,17.887487999999923,17.917487999999924,2445,1,1,1,1,128.081499999098,False,0,True,3,476,472,1035,485,2445,498
597,17.917487999999924,17.947487999999925,2435,1,1,1,1,126.78112499997951,False,0,True,3,497,495,1090,504,2435,517
598,17.947487999999925,17.977487999999926,2595,1,1,1,1,125.47687500045868,False,0,True,3,493,490,1120,495,2595,506
599,17.977487999999926,18.007487999999928,2790,1,1,1,1,126.82583400601288,False,0,True,3,502,500,1157,507,2790,518
600,18.007487999999928,18.03748799999993,2850,1,1,1,1,126.07008299528388,False,0,True,3,476,475,1143,484,2850,499
601,18.03748799999993,18.06748799999993,2516,1,1,1,1,126.84341699787183,False,0,True,3,503,500,1121,511,2516,521
602,18.06748799999993,18.09748799999993,2304,1,1,1,1,151.6486670006998,False,0,True,3,504,499,1091,513,2304,528
603,18.09748799999993,18.127487999999932,2405,0,0,0,0,132.91141700028675,False,0,True,3,529,526,1101,538,2405,543
604,18.127487999999932,18.157487999999933,2306,1,1,1,1,127.32987499475712,False,0,True,3,506,502,1102,509,2306,518
605,18.157487999999933,18.187487999999934,2404,1,1,1,1,127.7973340038443,False,0,True,3,505,500,1053,507,2404,524
606,18.187487999999934,18.217487999999936,3026,1,1,1,1,126.15029200242134,False,0,True,3,542,536,1241,545,3026,561
607,18.217487999999936,18.247487999999937,3591,1,1,1,1,127.74437500047497,False,0,True,3,544,540,1229,549,3591,565
608,18.247487999999937,18.277487999999938,2553,1,1,1,1,127.96466700092424,False,0,True,3,506,503,1140,511,2553,531
609,18.277487999999938,18.30748799999994,2515,1,1,1,1,127.18325000605546,False,0,True,3,554,549,1186,555,2515,582
610,18.30748799999994,18.33748799999994,2552,1,1,1,1,127.69404199934797,False,0,True,3,518,516,1163,526,2552,537
611,18.33748799999994,18.36748799999994,2495,1,1,1,1,125.44966700079385,False,0,True,3,535,531,1189,534,2495,546
612,18.36748799999994,18.397487999999942,2547,1,1,1,1,126.13541600148892,False,0,True,3,545,543,1227,553,2547,569
613,18.397487999999942,18.427487999999943,2558,1,1,1,1,126.94929199642502,False,0,True,3,523,521,1191,528,2558,554
614,18.427487999999943,18.457487999999945,2474,1,1,1,1,127.40533299802337,False,0,True,3,547,544,1212,553,2474,569
615,18.457487999999945,18.487487999999946,2576,0,0,0,0,125.18166700465372,False,0,True,3,556,552,1228,559,2576,575
616,18.487487999999946,18.517487999999947,2502,1,1,1,1,125.22283400176093,False,0,True,3,536,534,1215,543,2502,556
617,18.517487999999947,18.547487999999948,2504,1,1,1,1,124.44766700355103,False,0,True,3,502,497,1179,504,2504,517
618,18.547487999999948,18.57748799999995,2590,1,1,1,1,127.19766599911964,False,0,True,3,528,526,1284,531,2590,553
619,18.57748799999995,18.60748799999995,3266,1,1,1,1,128.15141699684318,False,0,True,3,485,484,1250,494,3266,512
620,18.60748799999995,18.63748799999995,3665,1,1,1,1,126.59254200116266,False,0,True,3,551,549,1378,555,3665,567
621,18.63748799999995,18.667487999999953,3627,1,1,0,0,126.82166699960362,False,0,True,3,565,562,1401,569,3627,577
622,18.667487999999953,18.697487999999954,3389,1,1,1,1,128.10808399808593,False,0,True,3,552,549,1357,555,3389,574
623,18.697487999999954,18.727487999999955,3098,1,1,1,1,128.10041700140573,False,0,True,3,485,482,1280,486,3098,508
624,18.727487999999955,18.757487999999956,3042,1,1,1,1,126.8570419997559,False,0,True,3,492,486,1289,490,3042,516
625,18.757487999999956,18.787487999999957,2975,2,2,1,1,127.38254199939547,False,0,True,3,499,496,1278,503,2975,525
626,18.787487999999957,18.81748799999996,2955,1,1,1,1,127.67475000146078,False,0,True,3,493,491,1259,497,2955,510
627,18.81748799999996,18.84748799999996,2974,2,2,1,1,126.62329200247768,False,0,True,3,519,513,1272,520,2974,536
628,18.84748799999996,18.87748799999996,3080,2,2,1,1,126.57104099343996,False,0,True,3,480,476,1232,477,3080,490
629,18.87748799999996,18.90748799999996,3299,2,2,1,1,126.52612500096438,False,0,True,3,461,458,1165,465,3299,481
630,18.90748799999996,18.937487999999963,2350,2,2,2,2,128.47070800489746,False,0,True,3,491,486,1167,493,2350,506
631,18.937487999999963,18.967487999999964,1794,2,2,2,2,126.64349999977276,False,0,True,3,507,502,1027,511,1794,527
632,18.967487999999964,18.997487999999965,1801,1,1,1,1,126.06466699799057,False,0,True,3,517,513,1021,517,1801,531
633,18.997487999999965,19.027487999999966,1682,1,1,1,1,127.73079200269422,False,0,True,3,523,522,1002,528,1682,541
634,19.027487999999966,19.057487999999967,1580,1,1,1,1,127.21841700113146,False,0,True,3,501,498,932,502,1580,524
635,19.057487999999967,19.08748799999997,1487,1,1,1,1,127.46654199872864,False,0,True,3,490,488,909,493,1487,514
636,19.08748799999997,19.11748799999997,1417,2,2,1,1,125.18070799706038,False,0,True,3,513,511,913,513,1417,525
637,19.11748799999997,19.14748799999997,1385,2,2,1,1,126.86845799908042,False,0,True,3,545,542,934,546,1385,558
638,19.14748799999997,19.177487999999972,1228,2,2,2,2,126.40349999855971,False,0,True,3,468,466,808,471,1228,482
639,19.177487999999972,19.207487999999973,1004,1,1,1,1,128.28854100371245,False,0,True,3,488,485,718,488,1004,500
640,19.207487999999973,19.237487999999974,716,1,1,1,1,129.00783300574403,False,0,True,3,551,547,660,551,716,563
641,19.237487999999974,19.267487999999975,581,0,0,0,0,78.60820800124202,False,0,True,3,532,527,561,532,581,545
642,19.267487999999975,19.297487999999976,580,0,0,0,0,17.62770800269209,False,0,True,3,545,543,567,544,580,556
643,19.297487999999976,19.327487999999978,538,0,0,0,0,17.636042000958696,False,0,True,3,502,500,519,504,538,522
644,19.327487999999978,19.35748799999998,518,0,0,0,0,5.890417000046,False,0,True,3,477,475,498,481,518,499
645,19.35748799999998,19.38748799999998,531,0,0,0,0,5.872084002476186,False,0,True,3,500,499,510,503,531,524
646,19.38748799999998,19.41748799999998,468,0,0,0,0,5.874624999705702,False,0,True,3,438,437,446,441,468,462
647,19.41748799999998,19.447487999999982,550,0,0,0,0,41.13199999846984,False,0,True,3,499,496,517,500,550,524
648,19.447487999999982,19.477487999999983,525,1,0,0,0,67.67812500038417,False,0,True,3,464,461,484,466,525,497
649,19.477487999999983,19.507487999999984,606,0,0,0,0,42.556250002235174,False,0,True,3,549,548,565,551,606,588
650,19.507487999999984,19.537487999999986,523,0,0,0,0,17.97370799613418,False,0,True,3,474,471,494,474,523,503
651,19.537487999999986,19.567487999999987,503,0,0,0,0,6.302041998424102,False,0,True,3,472,471,479,474,503,496
652,19.567487999999987,19.597487999999988,493,0,0,0,0,19.162791002599988,False,0,True,3,468,466,477,469,493,483
653,19.597487999999988,19.62748799999999,553,0,0,0,0,78.75570900068851,False,0,True,3,493,492,510,493,553,513
654,19.62748799999999,19.65748799999999,547,1,1,0,0,66.60137499420671,False,0,True,3,493,492,510,496,547,514
655,19.65748799999999,19.68748799999999,522,0,0,0,0,5.863915997906588,False,0,True,3,493,492,497,494,522,519
656,19.68748799999999,19.717487999999992,561,1,1,0,0,78.98329199815635,False,0,True,3,485,483,528,485,561,503
657,19.717487999999992,19.747487999999993,782,2,2,0,0,125.92395799583755,False,0,True,3,521,514,671,522,782,530
658,19.747487999999993,19.777487999999995,880,2,2,0,0,126.42516699997941,False,0,True,3,545,541,723,549,880,566
659,19.777487999999995,19.807487999999996,817,2,2,2,2,128.18020800477825,False,0,True,3,492,488,672,496,817,512
660,19.807487999999996,19.837487999999997,805,2,2,2,2,126.2130420000176,False,0,True,3,505,501,684,505,805,515
661,19.837487999999997,19.867487999999998,792,1,1,1,1,125.66008300200338,False,0,True,3,557,555,697,557,792,577
662,19.867487999999998,19.897488,791,1,1,1,1,128.07208300364437,False,0,True,3,488,487,660,491,791,511
663,19.897488,19.927488,813,0,0,0,0,126.0145839987672,False,0,True,3,489,488,665,490,813,506
664,19.927488,19.957488,832,0,0,0,0,126.19504200119991,False,0,True,3,500,497,692,501,832,516
665,19.957488,19.987488000000003,874,0,0,0,0,123.71795799845131,False,0,True,3,544,541,727,549,874,568
666,19.987488000000003,20.017488000000004,835,0,0,0,0,125.76733299647458,False,0,True,3,497,493,684,500,835,520
667,20.017488000000004,20.047488000000005,866,0,0,0,0,124.29758299549576,False,0,True,3,565,561,741,564,866,581
668,20.047488000000005,20.077488000000006,838,0,0,0,0,123.90829200012377,False,0,True,3,535,533,707,541,838,556
669,20.077488000000006,20.107488000000007,838,0,0,0,0,123.64312499994412,False,0,True,3,554,553,716,554,838,576
670,20.107488000000007,20.13748800000001,785,0,0,0,0,125.12866700126324,False,0,True,3,489,487,646,490,785,503
671,20.13748800000001,20.16748800000001,787,0,0,0,0,124.81062499864493,False,0,True,3,500,498,659,499,787,512
672,20.16748800000001,20.19748800000001,821,0,0,0,0,124.32249999983469,False,0,True,3,506,504,688,506,821,520
673,20.19748800000001,20.22748800000001,846,0,0,0,0,125.96220800332958,False,0,True,3,488,485,672,492,846,506
674,20.22748800000001,20.257488000000013,797,0,0,0,0,125.34108300314983,False,0,True,3,486,484,649,485,797,500
675,20.257488000000013,20.287488000000014,817,0,0,0,0,124.95412499993108,False,0,True,3,499,498,666,501,817,520
676,20.287488000000014,20.317488000000015,837,0,0,0,0,125.24629099789308,False,0,True,3,523,522,681,525,837,548
677,20.317488000000015,20.347488000000016,865,1,1,0,0,126.65679099882254,False,0,True,3,568,566,726,567,865,579
678,20.347488000000016,20.377488000000017,799,0,0,0,0,126.66179199732142,False,0,True,3,496,495,648,498,799,515
679,20.377488000000017,20.40748800000002,765,0,0,0,0,124.72654200246325,False,0,True,3,481,480,622,483,765,500
680,20.40748800000002,20.43748800000002,775,0,0,0,0,124.9976670005708,False,0,True,3,479,477,632,479,775,487
681,20.43748800000002,20.46748800000002,861,0,0,0,0,127.01741699856939,False,0,True,3,567,563,727,568,861,575
682,20.46748800000002,20.497488000000022,812,1,1,0,0,126.97691699577263,False,0,True,3,514,511,672,516,812,529
683,20.497488000000022,20.527488000000023,807,0,0,0,0,125.56362499890383,False,0,True,3,549,545,694,547,807,561
684,20.527488000000023,20.557488000000024,673,0,0,0,0,126.5140830000746,False,0,True,3,530,529,627,535,673,547
685,20.557488000000024,20.587488000000025,662,1,1,0,0,127.83004200173309,False,0,True,3,530,529,614,532,662,542
686,20.587488000000025,20.617488000000026,651,1,1,1,1,125.55174999579322,False,0,True,3,495,493,589,496,651,509
687,20.617488000000026,20.647488000000028,641,1,1,1,1,125.9479169966653,False,0,True,3,481,480,575,485,641,504
688,20.647488000000028,20.67748800000003,724,1,1,1,1,126.14787499478552,False,0,True,3,557,555,655,557,724,568
689,20.67748800000003,20.70748800000003,707,2,2,1,1,127.50524999864865,False,0,True,3,506,504,621,506,707,520
690,20.70748800000003,20.73748800000003,748,2,2,1,1,126.33454199385596,False,0,True,3,537,533,653,537,748,558
691,20.73748800000003,20.767488000000032,746,2,2,2,2,126.06979099655291,False,0,True,3,518,515,639,517,746,544
692,20.767488000000032,20.797488000000033,770,1,1,1,1,128.14899999648333,False,0,True,3,505,500,684,505,770,515
693,20.797488000000033,20.827488000000034,689,2,2,1,1,126.89600000157952,False,0,True,3,441,436,611,440,689,457
694,20.827488000000034,20.857488000000036,755,2,2,1,1,126.42475000029663,False,0,True,3,510,506,659,508,755,517
695,20.857488000000036,20.887488000000037,739,1,1,1,1,127.27241699758451,False,0,True,3,493,490,636,492,739,509
696,20.887488000000037,20.917488000000038,733,2,2,1,1,128.43741600227077,False,0,True,3,477,474,621,476,733,497
697,20.917488000000038,20.94748800000004,765,1,1,1,1,125.54004100093152,False,0,True,3,518,514,656,522,765,536
698,20.94748800000004,20.97748800000004,705,1,1,1,1,126.10841599962441,False,0,True,3,460,455,598,461,705,480
699,20.97748800000004,21.00748800000004,753,1,1,1,1,126.77445900044404,False,0,True,3,487,485,653,491,753,503
700,21.00748800000004,21.037488000000042,708,1,1,1,1,128.07462499768008,False,0,True,3,476,473,612,475,708,487
701,21.037488000000042,21.067488000000044,757,1,1,1,1,125.714916997822,False,0,True,3,488,486,631,492,757,511
702,21.067488000000044,21.097488000000045,769,1,1,1,1,124.59749999834457,False,0,True,3,485,484,635,487,769,499
703,21.097488000000045,21.127488000000046,744,1,1,1,1,127.6714589985204,False,0,True,3,478,477,622,480,744,491
704,21.127488000000046,21.157488000000047,744,1,1,1,1,125.66908299777424,False,0,True,3,492,490,624,498,744,517
705,21.157488000000047,21.187488000000048,843,1,1,1,1,125.43316699884599,False,0,True,3,546,544,699,549,843,564
706,21.187488000000048,21.21748800000005,828,1,1,1,1,126.80458300019382,False,0,True,3,536,535,685,539,828,545
707,21.21748800000005,21.24748800000005,840,1,1,1,1,126.81599999632454,False,0,True,3,537,536,687,539,840,552
708,21.24748800000005,21.27748800000005,838,1,1,1,1,125.60924999706913,False,0,True,3,529,528,686,532,838,547
709,21.27748800000005,21.307488000000053,850,1,1,1,1,125.45404100092128,False,0,True,3,525,522,686,528,850,540
710,21.307488000000053,21.337488000000054,846,1,1,1,1,127.11445900640683,False,0,True,3,505,503,680,505,846,522
711,21.337488000000054,21.367488000000055,869,1,1,1,1,126.94479100173339,False,0,True,3,500,498,679,501,869,521
712,21.367488000000055,21.397488000000056,797,1,1,1,1,125.63941600092221,False,0,True,3,451,448,611,451,797,460
713,21.397488000000056,21.427488000000057,828,1,1,1,1,126.48720900324406,False,0,True,3,489,484,652,493,828,504
714,21.427488000000057,21.45748800000006,809,1,1,1,1,127.63674999587238,False,0,True,3,521,520,650,530,809,550
715,21.45748800000006,21.48748800000006,745,1,1,1,1,126.70591699861689,False,0,True,3,531,529,632,532,745,549
716,21.48748800000006,21.51748800000006,764,1,1,1,1,125.62158299988369,False,0,True,3,535,533,665,540,764,564
717,21.51748800000006,21.54748800000006,892,1,1,1,1,127.51775000651833,False,0,True,3,555,552,708,557,892,573
718,21.54748800000006,21.577488000000063,870,1,1,1,1,127.76445799681824,False,0,True,3,539,535,674,538,870,551
719,21.577488000000063,21.607488000000064,715,1,1,1,1,126.05241699930048,False,0,True,3,517,514,619,521,715,538
720,21.607488000000064,21.637488000000065,714,1,1,1,1,127.66145799832884,False,0,True,3,507,502,612,506,714,522
721,21.637488000000065,21.667488000000066,727,1,1,1,1,128.5352499980945,False,0,True,3,550,545,647,553,727,574
722,21.667488000000066,21.697488000000067,791,1,1,1,1,127.34283300233074,False,0,True,3,571,567,694,575,791,592
723,21.697488000000067,21.72748800000007,794,1,1,1,1,126.81045800127322,False,0,True,3,546,541,681,544,794,561
724,21.72748800000007,21.75748800000007,908,0,0,0,0,126.66699999681441,False,0,True,3,577,573,739,579,908,596
725,21.75748800000007,21.78748800000007,1133,1,1,1,1,129.63529199623736,False,0,True,3,520,517,732,521,1133,532
726,21.78748800000007,21.817488000000072,1561,1,1,1,1,126.23374999384396,False,0,True,3,618,614,870,616,1561,635
727,21.817488000000072,21.847488000000073,1654,1,1,1,1,125.79708299745107,False,0,True,3,504,501,783,505,1654,528
728,21.847488000000073,21.877488000000074,1711,1,1,1,1,126.34799999796087,False,0,True,3,542,540,839,546,1711,571
729,21.877488000000074,21.907488000000075,1704,1,1,1,1,126.07841699355049,False,0,True,3,559,555,854,559,1704,576
730,21.907488000000075,21.937488000000076,1555,1,1,1,1,126.36837500031106,False,0,True,3,528,524,811,527,1555,541
731,21.937488000000076,21.967488000000078,1529,1,1,1,1,126.42679100099485,False,0,True,3,564,559,848,566,1529,582
732,21.967488000000078,21.99748800000008,1623,1,1,1,1,127.59291599650169,False,0,True,3,580,577,887,580,1623,591
733,21.99748800000008,22.02748800000008,1523,1,1,1,1,126.98520800040569,False,0,True,3,569,565,862,571,1523,586
734,22.02748800000008,22.05748800000008,1471,1,1,1,1,126.81270799657796,False,0,True,3,555,552,850,556,1471,572
735,22.05748800000008,22.087488000000082,1326,1,1,1,1,127.21429099474335,False,0,True,3,552,549,820,555,1326,575
736,22.087488000000082,22.117488000000083,1139,1,1,1,1,127.83716700505465,False,0,True,3,536,530,798,538,1139,543
737,22.117488000000083,22.147488000000084,1019,1,1,1,1,125.69475000054808,False,0,True,3,541,535,760,540,1019,553
738,22.147488000000084,22.177488000000086,859,1,1,1,1,125.75954200292472,False,0,True,3,508,504,703,507,859,523
739,22.177488000000086,22.207488000000087,861,1,1,1,1,127.99195800471352,False,0,True,3,563,559,731,565,861,585
740,22.207488000000087,22.237488000000088,888,1,1,1,1,126.60729100025492,False,0,True,3,594,590,774,596,888,608
741,22.237488000000088,22.26748800000009,802,1,1,1,1,125.25620800442994,False,0,True,3,539,536,689,541,802,556
742,22.26748800000009,22.29748800000009,875,1,1,1,1,126.08025000372436,False,0,True,3,587,584,739,591,875,609
743,22.29748800000009,22.32748800000009,827,1,1,1,1,127.62208400090458,False,0,True,3,570,568,721,573,827,585
744,22.32748800000009,22.357488000000092,869,1,1,1,1,127.28079200314824,False,0,True,3,565,562,728,564,869,583
745,22.357488000000092,22.387488000000094,902,1,1,1,1,125.57829199795378,False,0,True,3,601,599,767,600,902,620
746,22.387488000000094,22.417488000000095,972,1,1,1,1,126.4647909993073,False,0,True,3,614,613,796,619,972,630
747,22.417488000000095,22.447488000000096,927,1,1,1,1,127.43145899730735,False,0,True,3,561,559,752,563,927,581
748,22.447488000000096,22.477488000000097,972,1,1,1,1,126.05400000029476,False,0,True,3,554,552,785,562,972,582
749,22.477488000000097,22.507488000000098,1045,1,1,1,1,125.72950000321725,False,0,True,3,561,557,827,562,1045,569
750,22.507488000000098,22.5374880000001,1065,1,1,1,1,127.58908300020266,False,0,True,3,608,604,833,608,1065,628
751,22.5374880000001,22.5674880000001,1097,1,1,1,1,126.46495799708646,False,0,True,3,619,618,826,624,1097,640
752,22.5674880000001,22.5974880000001,1064,1,1,1,1,125.76845900184708,False,0,True,3,570,565,793,568,1064,586
753,22.5974880000001,22.627488000000103,1119,1,1,1,1,126.3986250050948,False,0,True,3,609,608,838,615,1119,635
754,22.627488000000103,22.657488000000104,1147,1,1,1,1,127.31483399693388,False,0,True,3,618,615,845,620,1147,642
755,22.657488000000104,22.687488000000105,1254,1,1,1,1,126.1328330001561,False,0,True,3,638,636,885,645,1254,665
756,22.687488000000105,22.717488000000106,1297,1,1,1,1,125.85975000547478,False,0,True,3,561,559,825,565,1297,580
757,22.717488000000106,22.747488000000107,1313,1,1,1,1,127.60429199988721,False,0,True,3,589,586,848,590,1313,604
758,22.747488000000107,22.77748800000011,1346,1,1,1,1,127.37249999918276,False,0,True,3,566,564,839,566,1346,579
759,22.77748800000011,22.80748800000011,1334,1,1,1,1,126.18649999785703,False,0,True,3,550,549,834,552,1334,567
760,22.80748800000011,22.83748800000011,1389,1,1,1,1,125.87925000116229,False,0,True,3,621,619,926,629,1389,646
761,22.83748800000011,22.86748800000011,1335,1,1,1,1,126.91779200395104,False,0,True,3,625,622,913,628,1335,642
762,22.86748800000011,22.897488000000113,1401,1,1,1,1,127.61145900003612,False,0,True,3,654,653,942,658,1401,679
763,22.897488000000113,22.927488000000114,1431,1,1,1,1,125.80770799831953,False,0,True,3,655,654,950,660,1431,675
764,22.927488000000114,22.957488000000115,1534,1,1,1,1,126.80370899761328,False,0,True,3,663,659,963,663,1534,681
765,22.957488000000115,22.987488000000116,1662,1,1,1,1,128.2476670021424,False,0,True,3,640,638,954,644,1662,668
766,22.987488000000116,23.017488000000117,1982,1,1,1,1,126.35912500263657,False,0,True,3,684,682,1035,689,1982,707
767,23.017488000000117,23.04748800000012,2570,1,1,1,1,126.04395800008206,False,0,True,3,622,619,1000,631,2570,656
768,23.04748800000012,23.07748800000012,2470,1,1,1,1,126.83183300396195,False,0,True,3,625,621,1052,632,2470,664
769,23.07748800000012,23.10748800000012,1980,1,1,1,1,128.4490839971113,False,0,True,3,599,592,995,599,1980,623
770,23.10748800000012,23.137488000000122,2320,1,1,1,1,126.18754099821672,False,0,True,3,635,632,1079,637,2320,661
771,23.137488000000122,23.167488000000123,2350,1,1,1,1,127.56395899486961,False,0,True,3,623,619,1125,630,2350,658
772,23.167488000000123,23.197488000000124,1942,2,1,1,1,128.52112500695512,False,0,True,3,592,588,1018,597,1942,624
773,23.197488000000124,23.227488000000125,1963,1,1,1,1,127.1755839989055,False,0,True,3,636,634,1066,642,1963,655
774,23.227488000000125,23.257488000000127,1933,0,0,0,0,126.01295800413936,False,0,True,3,631,630,1075,639,1933,655
775,23.257488000000127,23.287488000000128,1975,1,1,1,1,127.12733299849788,False,0,True,3,697,693,1143,704,1975,728
776,23.287488000000128,23.31748800000013,1932,0,0,0,0,127.58366700290935,False,0,True,3,648,644,1076,654,1932,665
777,23.31748800000013,23.34748800000013,1950,1,1,1,1,125.95529099780833,False,0,True,3,655,654,1103,664,1950,694
778,23.34748800000013,23.37748800000013,1967,1,1,1,1,126.09329100087052,False,0,True,3,686,684,1146,689,1967,711
779,23.37748800000013,23.407488000000132,2396,1,1,1,1,127.29045799642336,False,0,True,3,645,643,1175,653,2396,672
780,23.407488000000132,23.437488000000133,2426,1,1,1,1,127.1737920033047,False,0,True,3,714,709,1292,714,2426,737
781,23.437488000000133,23.467488000000134,2733,0,0,0,0,126.56520900054602,False,0,True,3,641,636,1232,647,2733,656
782,23.467488000000134,23.497488000000136,2982,1,1,1,1,126.52704100037226,False,0,True,3,716,715,1345,723,2982,745
783,23.497488000000136,23.527488000000137,2982,0,0,0,0,128.40337499801535,False,0,True,3,697,695,1352,701,2982,718
784,23.527488000000137,23.557488000000138,3017,1,1,1,1,128.08558299730066,False,0,True,3,654,653,1292,660,3017,684
785,23.557488000000138,23.58748800000014,2281,1,1,1,1,126.26437500148313,False,0,True,3,579,576,1146,585,2281,600
786,23.58748800000014,23.61748800000014,1974,1,1,1,1,126.69916600134457,False,0,True,3,682,680,1213,682,1974,702
787,23.61748800000014,23.64748800000014,2613,1,1,1,1,128.3300000068266,False,0,True,3,624,621,1252,626,2613,638
788,23.64748800000014,23.677488000000142,3009,1,1,1,1,126.15041699609719,False,0,True,3,638,635,1328,641,3009,653
789,23.677488000000142,23.707488000000144,2971,1,1,1,1,126.8148330054828,False,0,True,3,693,692,1388,698,2971,718
790,23.707488000000144,23.737488000000145,2926,1,1,1,1,128.129374999844,False,0,True,3,642,640,1334,648,2926,664
791,23.737488000000145,23.767488000000146,2805,1,1,1,1,127.25804199726554,False,0,True,3,639,638,1330,651,2805,666
792,23.767488000000146,23.797488000000147,2808,1,1,1,1,126.48633399658138,False,0,True,3,654,653,1342,656,2808,676
793,23.797488000000147,23.827488000000148,2729,1,1,1,1,126.66458300373051,False,0,True,3,673,672,1315,675,2729,695
794,23.827488000000148,23.85748800000015,2766,1,1,1,1,128.29808400420006,False,0,True,3,625,622,1235,626,2766,638
795,23.85748800000015,23.88748800000015,2087,1,1,1,1,127.01237500004936,False,0,True,3,630,627,1182,639,2087,659
796,23.88748800000015,23.91748800000015,2065,1,1,1,1,126.08975000330247,False,0,True,3,686,684,1207,690,2065,699
797,23.91748800000015,23.947488000000153,1920,1,1,1,1,126.90275000204565,False,0,True,3,556,553,1051,553,1920,570
798,23.947488000000153,23.977488000000154,1891,1,1,1,1,127.85083300695987,False,0,True,3,606,604,1101,611,1891,622
799,23.977488000000154,24.007488000000155,1861,1,1,1,1,125.89158299670089,False,0,True,3,661,659,1149,664,1861,680
800,24.007488000000155,24.037488000000156,1330,1,1,1,1,125.81683400640031,False,0,True,3,645,643,923,654,1330,673
801,24.037488000000156,24.067488000000157,696,0,0,0,0,17.91899999807356,False,0,True,3,642,640,675,643,696,662
802,24.067488000000157,24.09748800000016,702,0,0,0,0,6.177708994073328,False,0,True,3,663,662,671,668,702,699
803,24.09748800000016,24.12748800000016,618,0,0,0,0,5.9549169964157045,False,0,True,3,584,583,590,587,618,615
804,24.12748800000016,24.15748800000016,695,0,0,0,0,5.846791995281819,False,0,True,3,666,664,675,668,695,688
805,24.15748800000016,24.18748800000016,636,0,0,0,0,5.890375003218651,False,0,True,3,590,590,593,593,636,636
806,24.18748800000016,24.217488000000163,629,0,0,0,0,5.9262079957989044,False,0,True,3,605,605,610,610,629,629
807,24.217488000000163,24.247488000000164,600,0,0,0,0,6.0935420042369515,False,0,True,3,586,586,591,591,600,600
808,24.247488000000164,24.277488000000165,604,0,0,0,0,5.991958001686726,False,0,True,3,581,581,583,583,604,604
809,24.277488000000165,24.307488000000166,667,0,0,0,0,6.217417001607828,False,0,True,3,639,638,645,641,667,663
810,24.307488000000166,24.337488000000167,606,0,0,0,0,5.980666996038053,False,0,True,3,585,584,592,588,606,602
811,24.337488000000167,24.36748800000017,604,0,0,0,0,5.9521250004763715,False,0,True,3,588,588,589,589,604,604
812,24.36748800000017,24.39748800000017,627,0,0,0,0,5.80637499660952,False,0,True,3,608,607,612,609,627,624
813,24.39748800000017,24.42748800000017,592,0,0,0,0,5.830166999658104,False,0,True,3,570,570,575,575,592,592
814,24.42748800000017,24.457488000000172,630,0,0,0,0,6.291584002610762,False,0,True,3,612,612,613,613,630,630
815,24.457488000000172,24.487488000000173,500,0,0,0,0,5.786625006294344,False,0,True,3,486,486,488,488,500,500
816,24.487488000000173,24.517488000000174,549,0,0,0,0,5.807957997603808,False,0,True,3,534,534,538,538,549,549
817,24.517488000000174,24.547488000000175,516,0,0,0,0,6.028750001860317,False,0,True,3,501,501,505,505,516,516
818,24.547488000000175,24.577488000000177,540,0,0,0,0,6.479791998572182,False,0,True,3,522,522,524,524,540,540
819,24.577488000000177,24.607488000000178,523,0,0,0,0,5.817167002533097,False,0,True,3,507,507,510,510,523,523
820,24.607488000000178,24.63748800000018,596,0,0,0,0,5.9274579980410635,False,0,True,3,569,569,572,572,596,596
821,24.63748800000018,24.66748800000018,560,0,0,0,0,5.840041994815692,False,0,True,3,537,536,544,539,560,555
822,24.66748800000018,24.69748800000018,542,0,0,0,0,5.914540997764561,False,0,True,3,516,515,522,517,542,537
823,24.69748800000018,24.727488000000182,555,0,0,0,0,5.816625001898501,False,0,True,3,538,538,539,539,555,555
824,24.727488000000182,24.757488000000183,555,0,0,0,0,5.828499997733161,False,0,True,3,542,542,543,543,555,555
825,24.757488000000183,24.787488000000184,565,0,0,0,0,5.8969169986085035,False,0,True,3,549,549,552,552,565,565
826,24.787488000000184,24.817488000000186,637,0,0,0,0,5.941125004028436,False,0,True,3,606,606,612,612,637,637
827,24.817488000000186,24.847488000000187,582,0,0,0,0,5.973458006337751,False,0,True,3,559,559,563,563,582,582
828,24.847488000000187,24.877488000000188,587,0,0,0,0,6.006167001032736,False,0,True,3,561,561,564,564,587,587
829,24.877488000000188,24.90748800000019,601,0,0,0,0,6.032666999089997,False,0,True,3,578,578,580,580,601,601
830,24.90748800000019,24.93748800000019,611,0,0,0,0,6.030666001606733,False,0,True,3,586,582,599,583,611,595
831,24.93748800000019,24.96748800000019,623,0,0,0,0,5.911792002734728,False,0,True,3,590,589,602,595,623,615
832,24.96748800000019,24.997488000000192,604,0,0,0,0,5.893458001082763,False,0,True,3,585,584,591,588,604,601
833,24.997488000000192,25.027488000000194,561,0,0,0,0,6.078291000449099,False,0,True,3,543,541,550,544,561,555
834,25.027488000000194,25.057488000000195,540,0,0,0,0,6.012042002112139,False,0,True,3,511,510,518,515,540,537
835,25.057488000000195,25.087488000000196,609,0,0,0,0,6.473165994975716,False,0,True,3,582,581,588,585,609,606
836,25.087488000000196,25.117488000000197,517,0,0,0,0,6.337874998280313,False,0,True,3,503,502,506,503,517,514
837,25.117488000000197,25.147488000000198,538,1,0,0,0,42.9253750044154,False,0,True,3,506,503,519,506,538,525
838,25.147488000000198,25.1774880000002,559,0,0,0,0,6.198458002472762,False,0,True,3,545,545,548,548,559,559
839,25.1774880000002,25.2074880000002,612,0,0,0,0,6.409125002392102,False,0,True,3,590,590,592,592,612,612
840,25.2074880000002,25.2374880000002,538,0,0,0,0,6.003916998452041,False,0,True,3,519,519,521,521,538,538
841,25.2374880000002,25.267488000000203,605,0,0,0,0,6.172625006001908,False,0,True,3,579,578,588,582,605,599
842,25.267488000000203,25.297488000000204,780,0,0,0,0,31.05808399413945,False,0,True,3,575,574,672,579,780,605
843,25.297488000000204,25.327488000000205,943,0,0,0,0,125.97504199948162,False,0,True,3,592,590,767,592,943,615
844,25.327488000000205,25.357488000000206,1004,0,0,0,0,125.62512500153389,False,0,True,3,609,607,810,608,1004,629
845,25.357488000000206,25.387488000000207,984,1,1,0,0,127.38891600019997,False,0,True,3,597,595,796,597,984,614
846,25.387488000000207,25.41748800000021,973,0,0,0,0,127.40137500077253,False,0,True,3,595,594,794,599,973,621
847,25.41748800000021,25.44748800000021,953,0,0,0,0,125.16416700236732,False,0,True,3,590,589,785,591,953,603
848,25.44748800000021,25.47748800000021,945,0,0,0,0,125.40550000267103,False,0,True,3,579,577,770,579,945,593
849,25.47748800000021,25.50748800000021,954,0,0,0,0,126.07041699811816,False,0,True,3,583,581,783,584,954,604
850,25.50748800000021,25.537488000000213,881,0,0,0,0,124.48912499530707,False,0,True,3,527,525,725,528,881,541
851,25.537488000000213,25.567488000000214,905,1,1,0,0,124.78037500113714,False,0,True,3,555,550,745,551,905,562
852,25.567488000000214,25.597488000000215,956,0,0,0,0,125.0551249977434,False,0,True,3,588,586,789,591,956,608
853,25.597488000000215,25.627488000000216,989,0,0,0,0,125.05733300349675,False,0,True,3,621,619,816,626,989,647
854,25.627488000000216,25.657488000000217,848,1,1,0,0,125.0837080006022,False,0,True,3,505,503,688,506,848,519
855,25.657488000000217,25.68748800000022,901,0,0,0,0,125.89229199511465,False,0,True,3,561,558,740,564,901,585
856,25.68748800000022,25.71748800000022,883,0,0,0,0,125.70399999822257,False,0,True,3,562,560,736,564,883,578
857,25.71748800000022,25.74748800000022,881,0,0,0,0,126.01650000578957,False,0,True,3,551,550,727,553,881,577
858,25.74748800000022,25.777488000000222,828,0,0,0,0,125.06237500201678,False,0,True,3,514,513,677,515,828,534
859,25.777488000000222,25.807488000000223,847,1,1,0,0,125.96745900373207,False,0,True,3,530,529,694,533,847,551
860,25.807488000000223,25.837488000000224,886,0,0,0,0,127.42229199648136,False,0,True,3,554,553,720,557,886,570
861,25.837488000000224,25.867488000000225,846,0,0,0,0,126.80262500362005,False,0,True,3,521,519,691,525,846,541
862,25.867488000000225,25.897488000000227,887,1,1,0,0,125.8494170033373,False,0,True,3,548,543,725,544,887,558
863,25.897488000000227,25.927488000000228,968,0,0,0,0,125.15112500113901,False,0,True,3,541,537,779,542,968,566
864,25.927488000000228,25.95748800000023,831,0,0,0,0,126.88899999920977,False,0,True,3,546,542,732,549,831,565
865,25.95748800000023,25.98748800000023,735,0,0,0,0,125.72345900116488,False,0,True,3,545,539,679,542,735,554
866,25.98748800000023,26.01748800000023,743,1,1,0,0,124.16545899759512,False,0,True,3,558,554,678,557,743,575
867,26.01748800000023,26.047488000000232,739,0,0,0,0,125.16000000323402,False,0,True,3,556,553,687,556,739,575
868,26.047488000000232,26.077488000000233,758,1,1,0,0,128.8019159983378,False,0,True,3,533,529,673,536,758,564
869,26.077488000000233,26.107488000000235,687,0,0,0,0,125.9976250003092,False,0,True,3,506,501,631,501,687,513
870,26.107488000000235,26.137488000000236,671,1,1,1,1,127.30145800014725,False,0,True,3,513,507,609,512,671,532
871,26.137488000000236,26.167488000000237,623,0,0,0,0,127.65241700253682,False,0,True,3,480,476,574,480,623,498
872,26.167488000000237,26.197488000000238,722,1,1,1,1,128.98770900210366,False,0,True,3,548,546,659,553,722,576
873,26.197488000000238,26.22748800000024,742,1,1,1,1,125.9818339967751,False,0,True,3,573,572,679,576,742,586
874,26.22748800000024,26.25748800000024,691,1,1,1,1,127.53229200461647,False,0,True,3,525,523,629,527,691,541
875,26.25748800000024,26.28748800000024,737,1,1,1,1,127.64979199710069,False,0,True,3,559,557,668,561,737,578
876,26.28748800000024,26.317488000000242,729,1,1,1,1,125.91362500097603,False,0,True,3,540,537,666,542,729,557
877,26.317488000000242,26.347488000000244,741,0,0,0,0,125.82770900189644,False,0,True,3,555,553,668,555,741,571
878,26.347488000000244,26.377488000000245,739,1,1,0,0,127.19804199878126,False,0,True,3,563,561,672,566,739,578
879,26.377488000000245,26.407488000000246,752,1,1,1,1,126.90516699512955,False,0,True,3,553,551,665,551,752,569
880,26.407488000000246,26.437488000000247,739,1,1,1,1,126.97808299708413,False,0,True,3,544,542,661,546,739,559
881,26.437488000000247,26.467488000000248,755,1,1,1,1,125.86504100181628,False,0,True,3,558,556,676,559,755,581
882,26.467488000000248,26.49748800000025,703,1,1,1,1,129.39033300062874,False,0,True,3,497,493,622,498,703,512
883,26.49748800000025,26.52748800000025,719,1,1,1,1,126.29925000510411,False,0,True,3,522,519,641,525,719,535
884,26.52748800000025,26.55748800000025,726,1,1,1,1,126.0227919992758,False,0,True,3,508,505,646,511,726,525
885,26.55748800000025,26.587488000000253,711,1,1,1,1,126.6948750053416,False,0,True,3,513,509,643,514,711,528
886,26.587488000000253,26.617488000000254,741,1,1,1,1,127.79399999999441,False,0,True,3,510,507,651,509,741,524
887,26.617488000000254,26.647488000000255,742,1,1,1,1,125.6844169984106,False,0,True,3,545,540,676,547,742,556
888,26.647488000000255,26.677488000000256,778,1,1,1,1,124.96970900247106,False,0,True,3,552,549,687,551,778,566
889,26.677488000000256,26.707488000000257,813,1,1,1,1,127.7512079977896,False,0,True,3,579,576,719,579,813,596
890,26.707488000000257,26.73748800000026,828,1,1,1,1,125.77979100024095,False,0,True,3,551,545,720,549,828,567
891,26.73748800000026,26.76748800000026,824,1,1,1,1,126.37341699883109,False,0,True,3,528,520,705,526,824,548
892,26.76748800000026,26.79748800000026,800,1,1,1,1,126.99362500279676,False,0,True,3,550,545,693,554,800,579
893,26.79748800000026,26.827488000000262,791,1,1,1,1,128.413874997932,False,0,True,3,549,544,690,551,791,566
894,26.827488000000262,26.857488000000263,758,1,1,1,1,127.93383299867855,False,0,True,3,524,521,660,527,758,544
895,26.857488000000263,26.887488000000264,752,1,1,1,1,126.21341599879088,False,0,True,3,548,544,680,547,752,566
896,26.887488000000264,26.917488000000265,628,0,0,0,0,126.05316699773539,False,0,True,3,465,461,570,464,628,475
897,26.917488000000265,26.947488000000266,635,1,1,1,1,127.83529199805344,False,0,True,3,490,486,579,490,635,511
898,26.947488000000266,26.977488000000267,692,1,1,1,1,126.0608750017127,False,0,True,3,541,537,636,538,692,553
899,26.977488000000267,27.00748800000027,731,1,1,1,1,126.43816600029822,False,0,True,3,532,529,650,531,731,548
900,27.00748800000027,27.03748800000027,659,1,1,1,1,128.12562500039348,False,0,True,3,494,491,595,494,659,510
901,27.03748800000027,27.06748800000027,668,1,1,1,1,127.21550000424031,False,0,True,3,493,489,597,490,668,502
902,27.06748800000027,27.097488000000272,734,1,1,1,1,126.61012500029756,False,0,True,3,561,558,665,561,734,571
903,27.097488000000272,27.127488000000273,655,1,1,1,1,126.3652500056196,False,0,True,3,494,489,592,493,655,506
904,27.127488000000273,27.157488000000274,735,1,1,1,1,127.42333300411701,False,0,True,3,540,536,661,542,735,553
905,27.157488000000274,27.187488000000275,711,1,1,1,1,125.4759580042446,False,0,True,3,508,503,622,505,711,523
906,27.187488000000275,27.217488000000277,717,1,1,1,1,125.85708299593534,False,0,True,3,497,491,616,492,717,510
907,27.217488000000277,27.247488000000278,737,1,1,1,1,126.74070900538936,False,0,True,3,531,525,637,533,737,557
908,27.247488000000278,27.27748800000028,650,1,1,1,1,126.41116700251587,False,0,True,3,521,516,586,518,650,538
909,27.27748800000028,27.30748800000028,687,1,1,1,1,128.05337499594316,False,0,True,3,534,531,618,535,687,556
910,27.30748800000028,27.33748800000028,668,1,1,1,1,126.22291599836899,False,0,True,3,517,515,609,518,668,533
911,27.33748800000028,27.367488000000282,655,1,1,1,1,129.8753340015537,False,0,True,3,484,481,585,485,655,501
912,27.367488000000282,27.397488000000283,741,1,1,1,1,128.38291699881665,False,0,True,3,558,556,662,562,741,574
913,27.397488000000283,27.427488000000285,705,1,1,1,1,128.89570799598005,False,0,True,3,513,511,615,515,705,533
914,27.427488000000285,27.457488000000286,760,1,1,1,1,126.34641699696658,False,0,True,3,553,550,665,552,760,566
915,27.457488000000286,27.487488000000287,824,1,1,1,1,125.16379099542974,False,0,True,3,545,541,692,544,824,561
916,27.487488000000287,27.517488000000288,893,1,1,1,1,124.43508399883285,False,0,True,3,540,536,693,540,893,550
917,27.517488000000288,27.54748800000029,937,1,1,1,1,128.64283300586976,False,0,True,3,496,490,683,492,937,506
918,27.54748800000029,27.57748800000029,1009,1,1,1,1,131.35258299735142,False,0,True,3,478,476,684,478,1009,494
919,27.57748800000029,27.60748800000029,1126,1,1,1,1,125.98629200510914,False,0,True,3,517,515,741,520,1126,530
920,27.60748800000029,27.637488000000292,1176,1,1,1,1,126.4882499963278,False,0,True,3,532,529,765,533,1176,543
921,27.637488000000292,27.667488000000294,1098,1,1,1,1,127.56420799996704,False,0,True,3,452,448,697,451,1098,468
922,27.667488000000294,27.697488000000295,1099,1,1,1,1,126.59149999672081,False,0,True,3,473,469,733,474,1099,490
923,27.697488000000295,27.727488000000296,1132,1,1,1,1,128.289667001809,False,0,True,3,508,505,744,508,1132,531
924,27.727488000000296,27.757488000000297,1066,1,1,1,1,127.49708300543716,False,0,True,3,454,450,706,453,1066,471
925,27.757488000000297,27.787488000000298,1066,1,1,1,1,126.85733399848687,False,0,True,3,453,450,700,455,1066,467
926,27.787488000000298,27.8174880000003,1047,1,1,1,1,126.63099999917904,False,0,True,3,462,459,706,459,1047,466
927,27.8174880000003,27.8474880000003,1139,1,1,1,1,128.99720799759962,False,0,True,3,491,485,748,487,1139,500
928,27.8474880000003,27.8774880000003,1155,1,1,1,1,128.18524999602232,False,0,True,3,497,493,754,495,1155,506
929,27.8774880000003,27.907488000000303,1145,1,1,1,1,126.27937499928521,False,0,True,3,503,500,742,501,1145,517
930,27.907488000000303,27.937488000000304,1141,1,1,1,1,123.29487500392133,False,0,True,3,524,521,773,528,1141,541
931,27.937488000000304,27.967488000000305,1075,1,1,1,1,125.24404199939454,False,0,True,3,502,500,722,507,1075,523
932,27.967488000000305,27.997488000000306,1013,1,1,1,1,126.10425000457326,False,0,True,3,509,508,713,510,1013,530
933,27.997488000000306,28.027488000000307,914,1,1,1,1,125.98466700001154,False,0,True,3,483,482,666,485,914,501
934,28.027488000000307,28.05748800000031,859,1,1,1,1,126.17212499753805,False,0,True,3,495,491,675,498,859,513
935,28.05748800000031,28.08748800000031,786,1,1,1,1,127.65270799718564,False,0,True,3,485,484,647,487,786,501
936,28.08748800000031,28.11748800000031,767,1,1,1,1,129.04191699635703,False,0,True,3,483,482,642,486,767,504
937,28.11748800000031,28.147488000000312,761,1,1,1,1,126.55391699809115,False,0,True,3,502,500,654,503,761,517
938,28.147488000000312,28.177488000000313,747,1,1,1,1,126.90591700084042,False,0,True,3,468,467,619,467,747,482
939,28.177488000000313,28.207488000000314,751,1,1,1,1,126.91595799697097,False,0,True,3,480,479,629,482,751,498
940,28.207488000000314,28.237488000000315,798,1,1,1,1,126.36170799669344,False,0,True,3,508,505,666,507,798,527
941,28.237488000000315,28.267488000000316,861,1,1,1,1,128.02012500469573,False,0,True,3,497,494,706,495,861,511
942,28.267488000000316,28.297488000000317,761,1,1,1,1,127.38499999977648,False,0,True,3,469,467,648,473,761,485
943,28.297488000000317,28.32748800000032,772,1,1,1,1,126.63545900431927,False,0,True,3,496,491,649,493,772,510
944,28.32748800000032,28.35748800000032,773,1,1,1,1,126.256415998796,False,0,True,3,514,512,653,517,773,541
945,28.35748800000032,28.38748800000032,727,1,1,1,1,125.95833399973344,False,0,True,3,467,466,607,474,727,491
946,28.38748800000032,28.417488000000322,721,1,1,1,1,128.33062499703374,False,0,True,3,451,449,600,455,721,466
947,28.417488000000322,28.447488000000323,718,1,1,1,1,126.7126249949797,False,0,True,3,450,447,595,449,718,464
948,28.447488000000323,28.477488000000324,792,1,1,1,1,157.91012499539647,False,0,True,3,494,492,630,494,792,517
949,28.477488000000324,28.507488000000325,745,1,1,1,1,129.05812499957392,False,0,True,3,499,498,632,503,745,512
950,28.507488000000325,28.537488000000327,786,1,1,1,1,128.87429200054612,False,0,True,3,529,526,651,530,786,547
951,28.537488000000327,28.567488000000328,769,1,1,1,1,128.75200000416953,False,0,True,3,492,489,620,494,769,509
952,28.567488000000328,28.59748800000033,786,1,1,1,1,127.61191699974006,False,0,True,3,526,523,641,526,786,540
953,28.59748800000033,28.62748800000033,707,1,1,1,1,127.86295800469816,False,0,True,3,459,457,570,458,707,477
954,28.62748800000033,28.65748800000033,825,1,1,1,1,127.81141699815635,False,0,True,3,520,518,650,522,825,544
955,28.65748800000033,28.687488000000332,813,1,1,1,1,126.25575000129174,False,0,True,3,517,511,641,514,813,524
956,28.687488000000332,28.717488000000333,797,1,1,1,1,127.52345800254261,False,0,True,3,514,513,620,516,797,530
957,28.717488000000333,28.747488000000335,797,1,1,1,1,127.41345800168347,False,0,True,3,535,534,642,537,797,551
958,28.747488000000335,28.777488000000336,779,1,1,1,1,128.1959170009941,False,0,True,3,527,525,636,527,779,536
959,28.777488000000336,28.807488000000337,731,1,1,1,1,128.07170900487108,False,0,True,3,481,480,596,484,731,501
960,28.807488000000337,28.837488000000338,681,1,1,1,1,128.05070899776183,False,0,True,3,495,490,600,493,681,507
961,28.837488000000338,28.86748800000034,765,1,1,1,1,126.55591699876823,False,0,True,3,549,546,687,554,765,570
962,28.86748800000034,28.89748800000034,737,1,1,1,1,126.32691699400311,False,0,True,3,534,530,667,537,737,561
963,28.89748800000034,28.92748800000034,710,1,1,1,1,129.0819170026225,False,0,True,3,476,471,633,477,710,500
964,28.92748800000034,28.957488000000343,759,1,1,1,1,128.07633299962617,False,0,True,3,508,504,667,508,759,526
965,28.957488000000343,28.987488000000344,788,1,1,1,1,127.64295800297987,False,0,True,3,493,490,674,494,788,511
966,28.987488000000344,29.017488000000345,824,1,1,1,1,126.53270800365135,False,0,True,3,508,505,702,509,824,528
967,29.017488000000345,29.047488000000346,830,1,1,1,1,128.07716699899174,False,0,True,3,510,506,699,508,830,526
968,29.047488000000346,29.077488000000347,885,1,1,1,1,125.19279200205347,False,0,True,3,550,545,747,547,885,563
969,29.077488000000347,29.107488000000348,891,1,1,1,1,127.00125000264961,False,0,True,3,522,518,728,523,891,539
970,29.107488000000348,29.13748800000035,1047,1,1,1,1,126.90383399603888,False,0,True,3,574,571,819,575,1047,590
971,29.13748800000035,29.16748800000035,1064,1,1,1,1,125.61550000100397,False,0,True,3,489,483,764,489,1064,505
972,29.16748800000035,29.19748800000035,1157,1,1,1,1,125.4397919983603,False,0,True,3,511,507,813,512,1157,527
973,29.19748800000035,29.227488000000353,1262,1,1,1,1,127.05875000392552,False,0,True,3,546,539,847,545,1262,555
974,29.227488000000353,29.257488000000354,1322,1,1,1,1,126.29595800535753,False,0,True,3,544,539,863,550,1322,562
975,29.257488000000354,29.287488000000355,1350,1,1,1,1,128.0806249997113,False,0,True,3,494,492,846,501,1350,506
976,29.287488000000355,29.317488000000356,1474,1,1,1,1,125.57037499936996,False,0,True,3,535,531,890,541,1474,553
977,29.317488000000356,29.347488000000357,1574,1,1,1,1,123.81504099903395,False,0,True,3,528,524,898,529,1574,554
978,29.347488000000357,29.37748800000036,1561,1,1,1,1,123.78950000129407,False,0,True,3,468,459,854,460,1561,473
979,29.37748800000036,29.40748800000036,1593,1,1,1,1,125.00849999923958,False,0,True,3,486,480,882,487,1593,501
980,29.40748800000036,29.43748800000036,1492,1,1,1,1,127.21649999730289,False,0,True,3,514,509,877,516,1492,530
981,29.43748800000036,29.467488000000362,1418,1,1,1,1,127.07741600024747,False,0,True,3,521,518,909,523,1418,533
982,29.467488000000362,29.497488000000363,1214,2,2,1,1,124.96920900593977,False,0,True,3,486,480,807,488,1214,501
983,29.497488000000363,29.527488000000364,1062,1,1,1,1,127.40362499607727,False,0,True,3,523,520,786,526,1062,542
984,29.527488000000364,29.557488000000365,1126,1,1,1,1,130.2602920040954,False,0,True,3,535,529,813,535,1126,554
985,29.557488000000365,29.587488000000366,1162,1,1,1,1,127.337207995879,False,0,True,3,501,497,824,502,1162,531
986,29.587488000000366,29.617488000000368,1121,1,1,1,1,128.54641699959757,False,0,True,3,478,475,775,480,1121,508
987,29.617488000000368,29.64748800000037,1179,1,1,1,1,128.28191600419814,False,0,True,3,518,511,798,513,1179,540
988,29.64748800000037,29.67748800000037,1256,2,2,1,1,136.79070900252555,False,0,True,3,525,520,827,524,1256,541
989,29.67748800000037,29.70748800000037,1285,1,1,1,1,129.886249997071,False,0,True,3,537,528,843,533,1285,548
990,29.70748800000037,29.737488000000372,1329,1,1,1,1,127.25987500016345,False,0,True,3,518,510,879,515,1329,528
991,29.737488000000372,29.767488000000373,1252,1,1,1,1,128.48025000130292,False,0,True,3,495,489,885,496,1252,508
992,29.767488000000373,29.797488000000374,1213,1,1,1,1,127.19516699871747,False,0,True,3,491,487,799,487,1213,502
993,29.797488000000374,29.827488000000375,1235,1,1,1,1,127.13758400059305,False,0,True,3,510,508,825,514,1235,530
994,29.827488000000375,29.857488000000377,1143,1,1,1,1,127.98533299792325,False,0,True,3,490,486,766,491,1143,507
995,29.857488000000377,29.887488000000378,1154,1,1,1,1,129.80287499522092,False,0,True,3,507,504,786,510,1154,531
996,29.887488000000378,29.91748800000038,1187,1,1,1,1,126.79708300129278,False,0,True,3,542,538,813,541,1187,557
997,29.91748800000038,29.94748800000038,1163,1,1,1,1,128.65949999832083,False,0,True,3,474,472,783,475,1163,493
998,29.94748800000038,29.97748800000038,1236,2,2,1,1,128.78025000100024,False,0,True,3,481,477,833,481,1236,497
999,29.97748800000038,30.007488000000382,1378,1,1,1,1,128.89883299794747,False,0,True,3,536,530,912,531,1378,556
1000,30.007488000000382,30.037488000000383,1398,1,1,1,1,129.0169589992729,False,0,True,3,514,509,923,514,1398,535
1001,30.037488000000383,30.067488000000385,1562,1,1,1,1,128.7032089967397,False,0,True,3,556,551,1054,554,1562,565
1002,30.067488000000385,30.097488000000386,1299,1,1,1,1,125.7604580023326,False,0,True,3,513,507,861,513,1299,543
1003,30.097488000000386,30.127488000000387,1251,1,1,1,1,128.06766699941363,False,0,True,3,535,531,798,534,1251,553
1004,30.127488000000387,30.157488000000388,1160,1,1,1,1,128.81241599825444,False,0,True,3,483,481,698,486,1160,504
1005,30.157488000000388,30.18748800000039,1329,1,1,1,1,128.79966699983925,False,0,True,3,485,482,707,486,1329,503
1006,30.18748800000039,30.21748800000039,1345,1,1,1,1,126.79750000097556,False,0,True,3,489,488,726,491,1345,512
1007,30.21748800000039,30.24748800000039,1356,1,1,1,1,128.18304199754493,False,0,True,3,500,499,734,502,1356,522
1008,30.24748800000039,30.277488000000393,1533,1,1,1,1,129.65554199763574,False,0,True,3,540,538,772,540,1533,558
1009,30.277488000000393,30.307488000000394,1608,1,1,1,1,127.8957500035176,False,0,True,3,511,509,748,515,1608,529
1010,30.307488000000394,30.337488000000395,1478,2,1,1,1,129.39083399396623,False,0,True,3,511,508,728,513,1478,539
1011,30.337488000000395,30.367488000000396,1549,1,1,1,1,126.66462500055786,False,0,True,3,499,495,721,499,1549,517
1012,30.367488000000396,30.397488000000397,1496,1,1,1,1,126.94424999790499,False,0,True,3,462,457,687,460,1496,472
1013,30.397488000000397,30.427488000000398,1580,1,1,1,1,126.24308300291887,False,0,True,3,497,496,705,503,1580,519
1014,30.427488000000398,30.4574880000004,1452,1,1,1,1,127.65237499843352,False,0,True,3,454,452,667,455,1452,470
1015,30.4574880000004,30.4874880000004,1392,1,1,1,1,126.13075000263052,False,0,True,3,467,466,667,472,1392,479
1016,30.4874880000004,30.5174880000004,1301,1,1,1,1,126.8893329979619,False,0,True,3,435,431,633,436,1301,449
1017,30.5174880000004,30.547488000000403,1292,1,1,1,1,126.24145800509723,False,0,True,3,496,491,699,499,1292,508
1018,30.547488000000403,30.577488000000404,1222,1,1,1,1,128.9782079984434,False,0,True,3,500,499,690,504,1222,529
1019,30.577488000000404,30.607488000000405,1059,1,1,1,1,126.18237500282703,False,0,True,3,476,471,659,475,1059,489
1020,30.607488000000405,30.637488000000406,984,1,1,1,1,127.00070799473906,False,0,True,3,464,461,647,465,984,477
1021,30.637488000000406,30.667488000000407,944,1,1,1,1,124.40429099660832,False,0,True,3,498,494,666,499,944,524
1022,30.667488000000407,30.69748800000041,846,1,1,1,1,125.11691599502228,False,0,True,3,457,454,621,454,846,465
1023,30.69748800000041,30.72748800000041,758,1,1,1,1,127.91275000199676,False,0,True,3,428,426,586,430,758,445
1024,30.72748800000041,30.75748800000041,848,1,1,1,1,129.56266599940136,False,0,True,3,470,468,632,469,848,479
1025,30.75748800000041,30.787488000000412,889,1,1,1,1,127.13512500340585,False,0,True,3,495,494,664,497,889,515
1026,30.787488000000412,30.817488000000413,878,1,1,1,1,127.55720799759729,False,0,True,3,471,469,659,473,878,485
1027,30.817488000000413,30.847488000000414,975,1,1,1,1,129.0753749999567,False,0,True,3,507,505,704,507,975,525
1028,30.847488000000414,30.877488000000415,1069,1,1,1,1,126.23404199985089,False,0,True,3,515,514,754,519,1069,533
1029,30.877488000000415,30.907488000000416,986,1,1,1,1,126.100082998164,False,0,True,3,537,535,770,536,986,557
1030,30.907488000000416,30.937488000000418,912,0,0,0,0,127.3675840056967,False,0,True,3,526,523,746,525,912,539
1031,30.937488000000418,30.96748800000042,874,1,1,1,1,128.88137499976438,False,0,True,3,517,514,739,515,874,530
1032,30.96748800000042,30.99748800000042,881,1,1,1,1,128.81675000244286,False,0,True,3,510,508,739,512,881,524
1033,30.99748800000042,31.02748800000042,890,1,1,1,1,128.59920800110558,False,0,True,3,511,509,726,510,890,543
1034,31.02748800000042,31.057488000000422,781,1,1,1,1,128.23245800245786,False,0,True,3,511,508,692,512,781,528
1035,31.057488000000422,31.087488000000423,792,1,1,1,1,129.38829199993052,False,0,True,3,547,543,730,544,792,555
1036,31.087488000000423,31.117488000000424,743,1,1,1,1,129.12658300047042,False,0,True,3,510,506,668,514,743,534
1037,31.117488000000424,31.147488000000426,763,1,1,1,1,128.8951669994276,False,0,True,3,509,504,672,506,763,522
1038,31.147488000000426,31.177488000000427,757,1,1,1,1,129.582333000144,False,0,True,3,532,526,703,531,757,541
1039,31.177488000000427,31.207488000000428,701,0,0,0,0,126.62441699649207,False,0,True,3,500,496,636,499,701,517
1040,31.207488000000428,31.23748800000043,738,0,0,0,0,127.80245800240664,False,0,True,3,552,548,688,553,738,563
1041,31.23748800000043,31.26748800000043,777,0,0,0,0,127.63233400619356,False,0,True,3,592,588,717,594,777,613
1042,31.26748800000043,31.29748800000043,715,0,0,0,0,125.22795899712946,False,0,True,3,566,562,673,567,715,581
1043,31.29748800000043,31.327488000000432,598,0,0,0,0,103.42949999903794,False,0,True,3,478,475,561,479,598,495
1044,31.327488000000432,31.357488000000433,664,0,0,0,0,127.98754200048279,False,0,True,3,538,534,627,534,664,557
1045,31.357488000000433,31.387488000000435,599,0,0,0,0,102.92945800028974,False,0,True,3,498,495,569,498,599,519
1046,31.387488000000435,31.417488000000436,597,0,0,0,0,128.3759169964469,False,0,True,3,504,501,576,501,597,514
1047,31.417488000000436,31.447488000000437,568,0,0,0,0,102.2475000063423,False,0,True,3,486,482,547,483,568,499
1048,31.447488000000437,31.477488000000438,561,0,0,0,0,115.96775000361959,False,0,True,3,487,481,541,485,561,504
1049,31.477488000000438,31.50748800000044,542,0,0,0,0,78.37283400294837,False,0,True,3,469,466,519,472,542,494
1050,31.50748800000044,31.53748800000044,535,0,0,0,0,65.85729200014612,False,0,True,3,479,475,525,481,535,490
1051,31.53748800000044,31.56748800000044,571,0,0,0,0,102.87712499848567,False,0,True,3,491,479,559,481,571,493
1052,31.56748800000044,31.597488000000443,596,0,0,0,0,113.25366699747974,False,0,True,3,515,509,570,513,596,537
1053,31.597488000000443,31.627488000000444,599,0,0,0,0,126.60170899471268,False,0,True,3,501,498,585,501,599,512
1054,31.627488000000444,31.657488000000445,557,0,0,0,0,123.35029200039571,False,0,True,3,453,449,533,450,557,468
1055,31.657488000000445,31.687488000000446,588,0,0,0,0,113.70799999713199,False,0,True,3,478,473,569,479,588,490
1056,31.687488000000446,31.717488000000447,610,0,0,0,0,117.23866700049257,False,0,True,3,440,433,562,435,610,448
1057,31.717488000000447,31.74748800000045,628,0,0,0,0,103.03129200474359,False,0,True,3,474,469,587,472,628,482
1058,31.74748800000045,31.77748800000045,647,0,0,0,0,114.20270900271134,False,0,True,3,517,512,608,516,647,524
1059,31.77748800000045,31.80748800000045,650,0,0,0,0,126.91358300071442,False,0,True,3,490,486,594,487,650,506
1060,31.80748800000045,31.83748800000045,578,0,0,0,0,129.14416599960532,False,0,True,3,456,453,540,458,578,474
1061,31.83748800000045,31.867488000000453,622,0,0,0,0,115.01070899976185,False,0,True,3,478,474,575,477,622,491
1062,31.867488000000453,31.897488000000454,581,0,0,0,0,126.84204099787166,False,0,True,3,413,412,525,416,581,435
1063,31.897488000000454,31.927488000000455,595,0,0,0,0,127.92133400216699,False,0,True,3,447,445,551,448,595,453
1064,31.927488000000455,31.957488000000456,667,0,0,0,0,130.97449999622768,False,0,True,3,468,466,586,469,667,491
1065,31.957488000000456,31.987488000000457,656,0,0,0,0,126.17220800166251,False,0,True,3,464,462,577,464,656,482
1066,31.987488000000457,32.017488000000455,616,0,0,0,0,126.44504100171616,False,0,True,3,414,411,538,413,616,429
1067,32.017488000000455,32.047488000000456,698,0,0,0,0,127.28612500359304,False,0,True,3,501,500,617,502,698,514
1068,32.047488000000456,32.07748800000046,688,1,1,0,0,129.567957999825,False,0,True,3,459,458,586,461,688,493
1069,32.07748800000046,32.10748800000046,663,1,1,0,0,128.2855829995242,False,0,True,3,449,447,573,452,663,466
1070,32.10748800000046,32.13748800000046,684,1,1,1,1,127.99616700067418,False,0,True,3,475,474,597,474,684,492
1071,32.13748800000046,32.16748800000046,686,1,1,1,1,129.877082996245,False,0,True,3,469,467,593,472,686,487
1072,32.16748800000046,32.19748800000046,764,1,1,1,1,129.3253330004518,False,0,True,3,535,529,675,536,764,551
1073,32.19748800000046,32.22748800000046,699,1,1,1,1,127.13104100112105,False,0,True,3,470,463,609,468,699,482
1074,32.22748800000046,32.257488000000464,751,1,1,1,1,128.50866700318875,False,0,True,3,505,498,663,505,751,522
1075,32.257488000000464,32.287488000000465,692,1,1,1,1,130.32316700264346,False,0,True,3,455,452,599,454,692,466
1076,32.287488000000465,32.317488000000466,747,1,1,1,1,128.22454100387404,False,0,True,3,513,509,652,510,747,519
1077,32.317488000000466,32.34748800000047,763,1,1,1,1,127.50104199949419,False,0,True,3,508,505,645,505,763,526
1078,32.34748800000047,32.37748800000047,747,1,1,1,1,128.76137500279583,False,0,True,3,523,520,655,526,747,538
1079,32.37748800000047,32.40748800000047,710,1,1,1,1,129.179124996881,False,0,True,3,504,499,614,502,710,524
1080,32.40748800000047,32.43748800000047,638,0,0,0,0,128.6965830004192,False,0,True,3,506,502,590,505,638,520
1081,32.43748800000047,32.46748800000047,622,0,0,0,0,114.32333400443895,False,0,True,3,525,517,603,526,622,538
1082,32.46748800000047,32.49748800000047,635,0,0,0,0,128.9003749989206,False,0,True,3,533,530,609,538,635,554
1083,32.49748800000047,32.527488000000474,611,0,0,0,0,129.78404099703766,False,0,True,3,496,495,571,499,611,523
1084,32.527488000000474,32.557488000000475,573,0,0,0,0,127.72512499941513,False,0,True,3,479,477,544,479,573,492
1085,32.557488000000475,32.58748800000048,600,0,0,0,0,128.464042005362,False,0,True,3,506,503,570,505,600,519
1086,32.58748800000048,32.61748800000048,545,1,1,0,0,129.32350000482984,False,0,True,3,454,451,525,453,545,462
1087,32.61748800000048,32.64748800000048,622,1,1,0,0,127.29354199836962,False,0,True,3,513,510,586,514,622,527
1088,32.64748800000048,32.67748800000048,600,0,0,0,0,127.49662499845726,False,0,True,3,480,477,560,480,600,498
1089,32.67748800000048,32.70748800000048,629,0,0,0,0,127.3851250007283,False,0,True,3,519,512,593,518,629,533
1090,32.70748800000048,32.73748800000048,570,0,0,0,0,129.46279199968558,False,0,True,3,456,453,531,457,570,472
1091,32.73748800000048,32.76748800000048,591,0,0,0,0,128.30891699559288,False,0,True,3,474,471,558,475,591,489
1092,32.76748800000048,32.797488000000484,558,1,1,0,0,129.22712500585476,False,0,True,3,433,430,515,432,558,450
1093,32.797488000000484,32.827488000000486,576,0,0,0,0,130.3247920004651,False,0,True,3,421,415,538,416,576,429
1094,32.827488000000486,32.85748800000049,574,0,0,0,0,129.36345899652224,False,0,True,3,436,429,537,431,574,445
1095,32.85748800000049,32.88748800000049,627,1,1,0,0,128.71791700308677,False,0,True,3,472,461,564,468,627,499
1096,32.88748800000049,32.91748800000049,572,1,1,1,1,129.75887500215322,False,0,True,3,446,439,525,443,572,458
1097,32.91748800000049,32.94748800000049,562,1,1,1,0,119.41291699622525,False,0,True,3,444,438,508,446,562,474
1098,32.94748800000049,32.97748800000049,560,1,1,1,1,127.32512499496806,False,0,True,3,429,425,508,429,560,442
1099,32.97748800000049,33.00748800000049,550,1,1,1,1,127.69154200213961,False,0,True,3,410,407,500,410,550,417
1100,33.00748800000049,33.037488000000494,582,1,1,1,1,129.86545800231397,False,0,True,3,439,435,520,439,582,458
1101,33.037488000000494,33.067488000000495,564,0,0,0,0,129.2874999999185,False,0,True,3,431,430,513,434,564,443
1102,33.067488000000495,33.097488000000496,541,1,1,1,1,129.49425000260817,False,0,True,3,398,397,486,402,541,411
1103,33.097488000000496,33.1274880000005,625,1,1,1,1,130.87549999909243,False,0,True,3,444,443,562,446,625,459
1104,33.1274880000005,33.1574880000005,637,1,1,1,1,131.11908399878303,False,0,True,3,406,405,534,408,637,435
1105,33.1574880000005,33.1874880000005,708,1,1,1,1,130.34983399847988,False,0,True,3,474,470,609,471,708,494
1106,33.1874880000005,33.2174880000005,618,1,1,1,1,129.86220799939474,False,0,True,3,407,404,528,409,618,433
1107,33.2174880000005,33.2474880000005,551,1,1,1,1,130.30854200042086,False,0,True,3,396,394,483,400,551,412
1108,33.2474880000005,33.2774880000005,593,1,1,1,1,128.55754199699732,False,0,True,3,439,433,520,437,593,459
1109,33.2774880000005,33.307488000000504,595,1,1,1,1,128.94245800271165,False,0,True,3,424,422,506,425,595,438
1110,33.307488000000504,33.337488000000505,614,1,1,1,1,129.40304200310493,False,0,True,3,449,446,538,450,614,462
1111,33.337488000000505,33.367488000000506,631,1,1,1,1,130.53416599723278,False,0,True,3,449,448,550,450,631,458
1112,33.367488000000506,33.39748800000051,619,1,1,1,1,129.86520800041035,False,0,True,3,448,447,554,449,619,455
1113,33.39748800000051,33.42748800000051,546,1,1,1,1,127.85154199809767,False,0,True,3,371,370,473,373,546,377
1114,33.42748800000051,33.45748800000051,624,1,1,1,1,128.9237500022864,False,0,True,3,409,406,534,407,624,416
1115,33.45748800000051,33.48748800000051,635,1,1,1,1,128.98012500227196,False,0,True,3,411,408,544,413,635,425
1116,33.48748800000051,33.51748800000051,670,1,1,1,1,129.60158299392788,False,0,True,3,442,437,563,439,670,461
1117,33.51748800000051,33.54748800000051,648,1,1,1,1,127.70479200116824,False,0,True,3,434,431,553,433,648,443
1118,33.54748800000051,33.577488000000514,623,1,1,1,1,130.9015000006184,False,0,True,3,400,398,518,398,623,412
1119,33.577488000000514,33.607488000000515,641,1,1,1,1,129.52904099802254,False,0,True,3,422,419,550,423,641,434
1120,33.607488000000515,33.637488000000516,660,1,1,1,1,129.72970800183248,False,0,True,3,437,435,556,438,660,451
1121,33.637488000000516,33.66748800000052,686,1,1,1,1,128.97645799966995,False,0,True,3,390,386,540,390,686,398
1122,33.66748800000052,33.69748800000052,796,1,1,1,1,131.5092500008177,False,0,True,3,453,450,598,458,796,468
1123,33.69748800000052,33.72748800000052,681,1,1,1,1,129.33062500087544,False,0,True,3,405,400,537,407,681,417
1124,33.72748800000052,33.75748800000052,587,1,1,1,1,128.7780000056955,False,0,True,3,427,426,508,432,587,441
1125,33.75748800000052,33.78748800000052,635,1,1,1,1,130.8225409957231,False,0,True,3,458,454,550,456,635,468
1126,33.78748800000052,33.81748800000052,577,1,1,1,1,130.04437500057975,False,0,True,3,396,393,488,395,577,404
1127,33.81748800000052,33.847488000000524,627,1,1,1,1,129.61558399547357,False,0,True,3,447,443,541,447,627,456
1128,33.847488000000524,33.877488000000525,717,1,1,1,1,128.47274999512592,False,0,True,3,451,449,565,453,717,465
1129,33.877488000000525,33.90748800000053,865,1,1,1,1,128.25120799971046,False,0,True,3,413,412,583,417,865,430
1130,33.90748800000053,33.93748800000053,1002,1,1,1,1,130.66870799957542,False,0,True,3,391,388,612,389,1002,406
1131,33.93748800000053,33.96748800000053,977,1,1,1,1,131.47812499664724,False,0,True,3,429,428,642,432,977,450
1132,33.96748800000053,33.99748800000053,1051,1,1,1,1,129.11116600298556,False,0,True,3,479,477,688,479,1051,491
1133,33.99748800000053,34.02748800000053,1025,1,1,1,1,129.3962079944322,False,0,True,3,404,402,617,406,1025,419
1134,34.02748800000053,34.05748800000053,1114,1,1,1,1,130.04362500214484,False,0,True,3,504,501,715,505,1114,518
1135,34.05748800000053,34.08748800000053,923,1,1,1,1,129.75320899568032,False,0,True,3,462,458,633,463,923,475
1136,34.08748800000053,34.117488000000534,716,1,1,1,1,128.168082999764,False,0,True,3,483,482,601,493,716,502
1137,34.117488000000534,34.147488000000536,592,1,1,1,1,130.7089160036412,False,0,True,3,454,450,529,453,592,462
1138,34.147488000000536,34.17748800000054,584,2,2,1,1,129.57545799872605,False,0,True,3,391,387,484,392,584,412
1139,34.17748800000054,34.20748800000054,585,2,2,1,1,129.4923750028829,False,0,True,3,416,412,500,415,585,430
1140,34.20748800000054,34.23748800000054,590,1,1,1,1,129.32458300201688,False,0,True,3,417,413,504,419,590,437
1141,34.23748800000054,34.26748800000054,570,1,1,1,1,129.61441699735587,False,0,True,3,420,418,493,423,570,438
1142,34.26748800000054,34.29748800000054,595,1,1,1,1,128.88050000037765,False,0,True,3,442,439,528,441,595,448
1143,34.29748800000054,34.32748800000054,649,2,2,1,1,129.6034580009291,False,0,True,3,452,449,563,451,649,472
1144,34.32748800000054,34.357488000000544,628,2,2,1,1,130.7838749999064,False,0,True,3,421,419,525,425,628,437
1145,34.357488000000544,34.387488000000545,699,1,1,1,1,131.24724999943282,False,0,True,3,411,405,568,408,699,419
1146,34.387488000000545,34.417488000000546,792,1,1,1,1,129.84499999583932,False,0,True,3,410,407,580,410,792,421
1147,34.417488000000546,34.44748800000055,980,1,1,1,1,129.52204199973494,False,0,True,3,455,451,662,456,980,476
1148,34.44748800000055,34.47748800000055,1023,1,1,1,1,131.17008299741428,False,0,True,3,423,421,657,425,1023,449
1149,34.47748800000055,34.50748800000055,955,1,1,1,1,129.54049999825656,False,0,True,3,450,445,651,449,955,464
1150,34.50748800000055,34.53748800000055,862,1,1,1,1,130.00937499600695,False,0,True,3,404,402,596,409,862,418
1151,34.53748800000055,34.56748800000055,810,1,1,1,1,129.00129199988442,False,0,True,3,419,416,598,418,810,443
1152,34.56748800000055,34.59748800000055,737,0,0,0,0,129.22787500428967,False,0,True,3,404,399,594,403,737,408
1153,34.59748800000055,34.627488000000554,712,1,1,1,1,129.36366599751636,False,0,True,3,431,425,611,427,712,438
1154,34.627488000000554,34.657488000000555,627,1,1,1,1,129.123292004806,False,0,True,3,401,397,558,403,627,417
1155,34.657488000000555,34.687488000000556,619,0,0,0,0,128.91674999991665,False,0,True,3,402,399,560,400,619,415
1156,34.687488000000556,34.71748800000056,726,1,1,0,0,130.6873329958762,False,0,True,3,455,451,629,452,726,468
1157,34.71748800000056,34.74748800000056,737,1,1,1,1,128.9572500027134,False,0,True,3,431,426,624,429,737,454
1158,34.74748800000056,34.77748800000056,739,1,1,1,1,128.8008749979781,False,0,True,3,447,443,605,452,739,480
1159,34.77748800000056,34.80748800000056,678,0,0,0,0,129.837000000407,False,0,True,3,441,440,574,447,678,466
1160,34.80748800000056,34.83748800000056,663,1,1,1,1,128.41187499725493,False,0,True,3,436,435,554,438,663,454
1161,34.83748800000056,34.86748800000056,694,1,1,1,1,128.7891660031164,False,0,True,3,439,436,562,439,694,451
1162,34.86748800000056,34.897488000000564,672,1,1,1,1,129.74920800479595,False,0,True,3,417,416,540,419,672,440
1163,34.897488000000564,34.927488000000565,701,1,1,1,1,129.46691700199153,False,0,True,3,425,422,561,422,701,443
1164,34.927488000000565,34.957488000000566,679,1,1,1,1,129.04516600247007,False,0,True,3,425,423,550,427,679,445
1165,34.957488000000566,34.98748800000057,704,1,1,1,1,129.8517500035814,False,0,True,3,413,410,553,413,704,431
1166,34.98748800000057,35.01748800000057,976,1,1,1,1,131.39087499439484,False,0,True,3,449,443,684,446,976,467
1167,35.01748800000057,35.04748800000057,786,1,1,1,1,129.2651659969124,False,0,True,3,394,390,563,392,786,413
1168,35.04748800000057,35.07748800000057,822,1,1,1,1,129.1451249999227,False,0,True,3,418,412,600,414,822,432
1169,35.07748800000057,35.10748800000057,929,1,1,1,1,129.97141700179782,False,0,True,3,457,453,692,459,929,478
1170,35.10748800000057,35.13748800000057,908,1,1,1,1,129.95691700052703,False,0,True,3,492,488,690,496,908,519
1171,35.13748800000057,35.167488000000574,872,1,1,1,1,129.37220800085925,False,0,True,3,426,419,653,424,872,436
1172,35.167488000000574,35.197488000000575,1048,1,1,1,1,129.03999999980442,False,0,True,3,455,453,787,456,1048,470
1173,35.197488000000575,35.22748800000058,1103,0,0,0,0,130.67299999966053,False,0,True,3,412,409,800,411,1103,422
1174,35.22748800000058,35.25748800000058,1224,1,1,1,1,129.35687500430504,False,0,True,3,440,434,863,440,1224,463
1175,35.25748800000058,35.28748800000058,996,1,1,1,1,130.0392909979564,False,0,True,3,427,424,717,431,996,451
1176,35.28748800000058,35.31748800000058,918,1,1,1,1,131.4782080007717,False,0,True,3,425,423,647,426,918,443
1177,35.31748800000058,35.34748800000058,970,1,1,1,1,130.60104200121714,False,0,True,3,443,442,672,446,970,463
1178,35.34748800000058,35.37748800000058,1037,1,1,1,1,129.6813749941066,False,0,True,3,441,438,694,441,1037,456
1179,35.37748800000058,35.40748800000058,992,1,1,1,1,129.40837499627378,False,0,True,3,412,411,659,418,992,435
1180,35.40748800000058,35.437488000000585,1025,1,1,1,1,130.55991599685512,False,0,True,3,400,397,647,400,1025,415
1181,35.437488000000585,35.467488000000586,1076,1,1,1,1,129.73124999552965,False,0,True,3,460,459,715,463,1076,491
1182,35.467488000000586,35.49748800000059,997,1,1,1,1,129.04016700485954,False,0,True,3,408,407,652,411,997,422
1183,35.49748800000059,35.52748800000059,1061,1,1,1,1,129.87224999960745,False,0,True,3,445,443,707,449,1061,466
1184,35.52748800000059,35.55748800000059,1014,1,1,1,1,130.38500000402564,False,0,True,3,432,431,688,434,1014,444
1185,35.55748800000059,35.58748800000059,1077,1,1,1,1,128.53600000380538,False,0,True,3,447,444,706,447,1077,460
1186,35.58748800000059,35.61748800000059,1065,1,1,1,1,129.56950000079814,False,0,True,3,417,414,673,419,1065,439
1187,35.61748800000059,35.64748800000059,1084,1,1,1,1,130.29070899938233,False,0,True,3,431,429,698,434,1084,441
1188,35.64748800000059,35.677488000000594,1117,1,1,1,1,129.8922499991022,False,0,True,3,446,442,724,448,1117,462
1189,35.677488000000594,35.707488000000595,1131,1,1,1,1,130.29758299671812,False,0,True,3,462,456,738,461,1131,474
1190,35.707488000000595,35.737488000000596,1131,1,1,1,1,129.45620800019242,False,0,True,3,452,448,736,452,1131,477
1191,35.737488000000596,35.7674880000006,1119,1,1,1,1,131.58804199338192,False,0,True,3,449,448,713,456,1119,469
1192,35.7674880000006,35.7974880000006,1112,1,1,1,1,130.72391600144329,False,0,True,3,408,405,688,410,1112,422
1193,35.7974880000006,35.8274880000006,1070,1,1,1,1,130.88495900592534,False,0,True,3,392,390,661,395,1070,413
1194,35.8274880000006,35.8574880000006,1059,1,1,1,1,130.54879199626157,False,0,True,3,380,374,662,376,1059,381
1195,35.8574880000006,35.8874880000006,1153,1,1,1,1,130.4799589997856,False,0,True,3,425,422,687,424,1153,436
1196,35.8874880000006,35.9174880000006,1138,1,1,1,1,130.032166998717,False,0,True,3,428,425,683,426,1138,440
1197,35.9174880000006,35.947488000000604,1136,1,1,1,1,132.75187500403263,False,0,True,3,431,425,718,435,1136,454
1198,35.947488000000604,35.977488000000605,1079,1,1,1,1,132.1042089984985,False,0,True,3,408,403,667,407,1079,421
1199,35.977488000000605,36.007488000000606,1001,1,1,1,1,131.26508300047135,False,0,True,3,366,365,622,371,1001,386
1200,36.007488000000606,36.03748800000061,1052,1,1,1,1,132.07970799703617,False,0,True,3,371,370,622,376,1052,380
1201,36.03748800000061,36.06748800000061,1123,1,1,1,1,130.9025410009781,False,0,True,3,393,391,652,393,1123,407
1202,36.06748800000061,36.09748800000061,1160,1,1,1,1,131.78000000334578,False,0,True,3,355,353,625,355,1160,357
1203,36.09748800000061,36.12748800000061,1260,1,1,1,1,129.91891700221458,False,0,True,3,372,370,659,375,1260,381
1204,36.12748800000061,36.15748800000061,1284,1,1,1,1,130.9349579969421,False,0,True,3,383,382,658,383,1284,390
1205,36.15748800000061,36.18748800000061,1493,1,1,1,1,133.8300409988733,False,0,True,3,356,353,645,357,1493,368
1206,36.18748800000061,36.217488000000614,1877,1,1,1,1,129.15662500017788,False,0,True,3,370,367,673,369,1877,377
1207,36.217488000000614,36.247488000000615,1770,1,1,1,1,128.43887499911943,False,0,True,3,426,425,748,431,1770,438
1208,36.247488000000615,36.277488000000616,1716,1,1,1,1,130.07095899956767,False,0,True,3,390,389,696,395,1716,405
1209,36.277488000000616,36.30748800000062,1869,1,1,1,1,130.44020899542375,False,0,True,3,455,454,783,459,1869,474
1210,36.30748800000062,36.33748800000062,1835,1,1,1,1,130.40662500134204,False,0,True,3,438,434,807,438,1835,454
1211,36.33748800000062,36.36748800000062,1529,1,1,1,1,129.5287079992704,False,0,True,3,417,408,794,412,1529,431
1212,36.36748800000062,36.39748800000062,1423,1,1,1,1,131.10191700252471,False,0,True,3,465,461,807,467,1423,485
1213,36.39748800000062,36.42748800000062,1337,1,1,1,1,130.37774999975227,False,0,True,3,412,409,732,413,1337,420
1214,36.42748800000062,36.45748800000062,1408,1,1,1,1,130.74525000411086,False,0,True,3,445,441,748,445,1408,457
1215,36.45748800000062,36.487488000000624,1357,1,1,1,1,131.05925000127172,False,0,True,3,412,409,703,413,1357,425
1216,36.487488000000624,36.517488000000625,1376,1,1,1,1,131.64204100030474,False,0,True,3,424,421,743,428,1376,441
1217,36.517488000000625,36.54748800000063,1439,1,1,1,1,130.92758299899288,False,0,True,3,473,469,795,471,1439,486
1218,36.54748800000063,36.57748800000063,1304,1,1,1,1,129.94774999970105,False,0,True,3,361,359,692,362,1304,378
1219,36.57748800000063,36.60748800000063,1416,1,1,1,1,130.9963340027025,False,0,True,3,418,416,765,416,1416,430
1220,36.60748800000063,36.63748800000063,1680,1,1,1,1,129.83954200171866,False,0,True,3,418,416,807,420,1680,436
1221,36.63748800000063,36.66748800000063,1934,2,2,1,1,130.3091250010766,False,0,True,3,433,428,895,434,1934,446
1222,36.66748800000063,36.69748800000063,1853,1,1,1,1,130.80920799984597,False,0,True,3,403,401,866,404,1853,419
1223,36.69748800000063,36.72748800000063,1729,1,1,1,1,131.70370899752015,False,0,True,3,400,396,862,405,1729,414
1224,36.72748800000063,36.757488000000635,1778,1,1,1,1,130.1785830000881,False,0,True,3,379,376,850,378,1778,406
1225,36.757488000000635,36.787488000000636,1735,1,1,1,1,130.57033299992327,False,0,True,3,351,348,828,352,1735,368
1226,36.787488000000636,36.81748800000064,1746,1,1,1,1,131.31062500178814,False,0,True,3,359,356,842,359,1746,375
1227,36.81748800000064,36.84748800000064,1731,1,1,1,1,131.4407499958179,False,0,True,3,392,389,864,394,1731,420
1228,36.84748800000064,36.87748800000064,1725,1,1,1,1,129.62045799940825,False,0,True,3,385,383,855,386,1725,394
1229,36.87748800000064,36.90748800000064,1599,1,1,1,1,129.5793750032317,False,0,True,3,385,383,808,388,1599,393
1230,36.90748800000064,36.93748800000064,1277,1,1,1,1,131.29470800049603,False,0,True,3,381,380,731,385,1277,397
1231,36.93748800000064,36.96748800000064,1025,1,1,1,1,128.17945799906738,False,0,True,3,399,396,662,399,1025,415
1232,36.96748800000064,36.997488000000644,947,1,1,1,1,128.55695799953537,False,0,True,3,395,394,630,397,947,413
1233,36.997488000000644,37.027488000000645,924,1,1,1,1,129.97958400228526,False,0,True,3,392,391,618,394,924,405
1234,37.027488000000645,37.057488000000646,939,1,1,1,1,130.3447079990292,False,0,True,3,404,402,661,406,939,417
1235,37.057488000000646,37.08748800000065,1109,1,1,1,1,128.67904199811164,False,0,True,3,386,382,684,385,1109,401
1236,37.08748800000065,37.11748800000065,1168,1,1,1,1,129.7685419995105,False,0,True,3,347,344,696,347,1168,356
1237,37.11748800000065,37.14748800000065,1214,1,1,1,1,131.9341250055004,False,0,True,3,398,395,752,396,1214,406
1238,37.14748800000065,37.17748800000065,1148,1,1,1,1,129.60908300010487,False,0,True,3,374,373,714,377,1148,389
1239,37.17748800000065,37.20748800000065,1071,1,1,1,1,129.38683399988804,False,0,True,3,356,355,684,359,1071,372
1240,37.20748800000065,37.23748800000065,1099,1,1,1,1,131.73504199949093,False,0,True,3,377,375,709,377,1099,383
1241,37.23748800000065,37.267488000000654,1062,1,1,1,1,131.894915997691,False,0,True,3,353,352,687,352,1062,360
1242,37.267488000000654,37.297488000000655,1004,1,1,1,1,131.11929199658334,False,0,True,3,331,330,650,335,1004,344
1243,37.297488000000655,37.327488000000656,1015,1,1,1,1,130.41229100053897,False,0,True,3,366,365,672,366,1015,373
1244,37.327488000000656,37.35748800000066,957,1,1,1,1,133.60970799840288,False,0,True,3,337,335,629,336,957,349
1245,37.35748800000066,37.38748800000066,957,1,1,1,1,130.0427500027581,False,0,True,3,363,362,642,364,957,371
1246,37.38748800000066,37.41748800000066,941,1,1,1,1,130.62183300644392,False,0,True,3,384,383,658,384,941,387
1247,37.41748800000066,37.44748800000066,871,1,1,1,1,131.15087500045775,False,0,True,3,344,343,627,344,871,349
1248,37.44748800000066,37.47748800000066,808,1,1,1,1,129.9804160007625,False,0,True,3,316,315,582,318,808,327
1249,37.47748800000066,37.50748800000066,750,1,1,1,1,130.64333299553255,False,0,True,3,305,304,548,304,750,317
1250,37.50748800000066,37.537488000000664,740,1,1,1,1,130.03433299309108,False,0,True,3,337,336,558,339,740,346
1251,37.537488000000664,37.567488000000665,775,0,0,0,0,131.05062500108033,False,0,True,3,365,363,591,363,775,375
1252,37.567488000000665,37.597488000000666,754,1,1,1,1,129.82516700139968,False,0,True,3,370,369,584,370,754,383
1253,37.597488000000666,37.62748800000067,693,1,1,1,1,130.83804200141458,False,0,True,3,338,337,544,338,693,345
1254,37.62748800000067,37.65748800000067,684,1,1,1,1,130.5298750012298,False,0,True,3,367,366,550,366,684,373
1255,37.65748800000067,37.68748800000067,580,0,0,0,0,129.153125002631,False,0,True,3,302,301,480,303,580,312
1256,37.68748800000067,37.71748800000067,574,0,0,0,0,128.56700000702403,False,0,True,3,327,326,484,327,574,338
1257,37.71748800000067,37.74748800000067,571,0,0,0,0,128.8020419960958,False,0,True,3,344,343,480,343,571,355
1258,37.74748800000067,37.77748800000067,539,0,0,0,0,129.7979589944589,False,0,True,3,340,339,473,342,539,349
1259,37.77748800000067,37.807488000000674,506,0,0,0,0,128.92129099782323,False,0,True,3,326,325,449,329,506,339
1260,37.807488000000674,37.837488000000675,526,0,0,0,0,129.6890000012354,False,0,True,3,369,367,479,370,526,385
1261,37.837488000000675,37.86748800000068,457,1,1,0,0,130.48366700240877,False,0,True,3,323,320,417,322,457,334
1262,37.86748800000068,37.89748800000068,443,0,0,0,0,130.7931249975809,False,0,True,3,334,330,420,331,443,344
1263,37.89748800000068,37.92748800000068,454,0,0,0,0,115.55991600471316,False,0,True,3,359,356,436,359,454,370
1264,37.92748800000068,37.95748800000068,443,0,0,0,0,104.77987500053132,False,0,True,3,352,348,417,352,443,371
1265,37.95748800000068,37.98748800000068,402,0,0,0,0,128.22487499943236,False,0,True,3,326,318,383,323,402,340
1266,37.98748800000068,38.01748800000068,440,0,0,0,0,117.80741700204089,False,0,True,3,359,353,417,362,440,378
1267,38.01748800000068,38.04748800000068,421,1,1,0,0,92.58416599914199,False,0,True,3,348,343,399,347,421,360
1268,38.04748800000068,38.077488000000685,419,1,1,0,0,130.4354589956347,False,0,True,3,330,328,399,330,419,340
1269,38.077488000000685,38.107488000000686,434,1,1,1,1,118.90191699785646,False,0,True,3,299,297,374,301,434,347
1270,38.107488000000686,38.13748800000069,422,1,1,1,1,131.59279200044693,False,0,True,3,313,311,390,313,422,329
1271,38.13748800000069,38.16748800000069,439,1,1,1,1,130.7798330017249,False,0,True,3,319,317,402,318,439,332
1272,38.16748800000069,38.19748800000069,444,0,0,0,0,128.11262500326848,False,0,True,3,317,314,411,315,444,323
1273,38.19748800000069,38.22748800000069,434,0,0,0,0,130.22800000180723,False,0,True,3,303,301,395,301,434,311
1274,38.22748800000069,38.25748800000069,472,0,0,0,0,115.95570799545385,False,0,True,3,320,319,420,322,472,336
1275,38.25748800000069,38.28748800000069,471,0,0,0,0,127.84575000114273,False,0,True,3,327,324,421,324,471,332
1276,38.28748800000069,38.317488000000694,440,0,0,0,0,130.59970900212647,False,0,True,3,292,291,397,292,440,297
1277,38.317488000000694,38.347488000000695,507,0,0,0,0,131.56049999815878,False,0,True,3,337,336,449,337,507,343
1278,38.347488000000695,38.377488000000696,490,0,0,0,0,127.0543330028886,False,0,True,3,338,337,436,338,490,345
1279,38.377488000000696,38.4074880000007,543,0,0,0,0,129.1574579954613,False,0,True,3,362,361,473,363,543,380
1280,38.4074880000007,38.4374880000007,563,0,0,0,0,130.04212499799905,False,0,True,3,379,378,487,379,563,399
1281,38.4374880000007,38.4674880000007,562,0,0,0,0,130.27387500187615,False,0,True,3,374,373,487,375,562,394
1282,38.4674880000007,38.4974880000007,559,0,0,0,0,129.94225000147708,False,0,True,3,366,365,490,366,559,381
1283,38.4974880000007,38.5274880000007,530,0,0,0,0,129.53637500322657,False,0,True,3,339,338,446,338,530,356
1284,38.5274880000007,38.5574880000007,542,0,0,0,0,129.602959001204,False,0,True,3,352,351,466,351,542,364
1285,38.5574880000007,38.587488000000704,547,0,0,0,0,129.49962500715628,False,0,True,3,365,364,478,364,547,373
1286,38.587488000000704,38.617488000000705,587,0,0,0,0,128.12949999351986,False,0,True,3,388,386,513,387,587,401
1287,38.617488000000705,38.647488000000706,569,1,1,0,0,129.89241600007517,False,0,True,3,377,375,500,375,569,385
1288,38.647488000000706,38.67748800000071,547,0,0,0,0,128.61045799945714,False,0,True,3,356,354,469,356,547,373
1289,38.67748800000071,38.70748800000071,502,0,0,0,0,128.37149999540998,False,0,True,3,311,310,420,311,502,333
1290,38.70748800000071,38.73748800000071,540,0,0,0,0,129.24233399826335,False,0,True,3,350,348,465,349,540,362
1291,38.73748800000071,38.76748800000071,545,0,0,0,0,129.28983400342986,False,0,True,3,363,362,472,364,545,378
1292,38.76748800000071,38.79748800000071,582,0,0,0,0,132.1392910031136,False,0,True,3,382,380,490,384,582,406
1293,38.79748800000071,38.82748800000071,536,0,0,0,0,129.66054199932842,False,0,True,3,354,353,467,354,536,366
1294,38.82748800000071,38.857488000000714,477,0,0,0,0,129.0660000013304,False,0,True,3,310,309,410,311,477,324
1295,38.857488000000714,38.887488000000715,540,0,0,0,0,132.64291700033937,False,0,True,3,359,358,473,359,540,369
1296,38.887488000000715,38.917488000000716,544,0,0,0,0,128.33562499872642,False,0,True,3,342,341,455,342,544,365
1297,38.917488000000716,38.94748800000072,515,0,0,0,0,129.36645800073165,False,0,True,3,334,333,439,334,515,353
1298,38.94748800000072,38.97748800000072,566,0,0,0,0,130.60358299844665,False,0,True,3,369,368,484,369,566,386
1299,38.97748800000072,39.00748800000072,506,0,0,0,0,129.54166599956807,False,0,True,3,305,304,424,307,506,323
1300,39.00748800000072,39.03748800000072,494,0,0,0,0,128.9298339979723,False,0,True,3,300,298,415,300,494,309
1301,39.03748800000072,39.06748800000072,534,0,0,0,0,128.60145800368628,False,0,True,3,330,329,442,333,534,353
1302,39.06748800000072,39.09748800000072,500,0,0,0,0,130.82358300016494,False,0,True,3,333,332,428,335,500,359
1303,39.09748800000072,39.127488000000724,467,0,0,0,0,129.40166600310476,False,0,True,3,317,314,406,314,467,326
1304,39.127488000000724,39.157488000000725,424,1,1,0,0,129.69870799861383,False,0,True,3,318,315,384,317,424,334
1305,39.157488000000725,39.18748800000073,386,0,0,0,0,117.15362499671755,False,0,True,3,275,271,338,273,386,292
1306,39.18748800000073,39.21748800000073,379,0,0,0,0,130.45925000187708,False,0,True,3,298,292,347,294,379,310
1307,39.21748800000073,39.24748800000073,389,0,0,0,0,116.79395900137024,False,0,True,3,314,309,366,313,389,324
1308,39.24748800000073,39.27748800000073,393,1,1,0,0,118.21895900357049,False,0,True,3,325,323,371,325,393,331
1309,39.27748800000073,39.30748800000073,412,0,0,0,0,130.8084170013899,False,0,True,3,331,327,379,331,412,344
1310,39.30748800000073,39.33748800000073,399,0,0,0,0,130.8376670058351,False,0,True,3,333,331,373,333,399,346
1311,39.33748800000073,39.36748800000073,416,0,0,0,0,128.32995799544733,False,0,True,3,339,336,387,338,416,350
1312,39.36748800000073,39.397488000000735,427,0,0,0,0,130.00079199991887,False,0,True,3,352,349,397,355,427,366
1313,39.397488000000735,39.427488000000736,396,0,0,0,0,131.12141699821223,False,0,True,3,309,308,359,310,396,324
1314,39.427488000000736,39.45748800000074,420,0,0,0,0,129.15937500656582,False,0,True,3,315,313,389,316,420,324
1315,39.45748800000074,39.48748800000074,444,0,0,0,0,129.30779199814424,False,0,True,3,334,332,400,334,444,350
1316,39.48748800000074,39.51748800000074,401,1,1,0,0,134.3322079992504,False,0,True,3,299,298,369,300,401,309
1317,39.51748800000074,39.54748800000074,419,1,1,0,0,133.27416600077413,False,0,True,3,310,307,377,309,419,317
1318,39.54748800000074,39.57748800000074,376,1,1,1,1,130.549041001359,False,0,True,3,282,278,333,278,376,288
1319,39.57748800000074,39.60748800000074,421,1,1,1,1,132.15170900366502,False,0,True,3,299,294,369,297,421,306
1320,39.60748800000074,39.637488000000744,499,1,1,1,1,132.10958400304662,False,0,True,3,340,336,432,338,499,350
1321,39.637488000000744,39.667488000000745,501,1,1,1,1,131.37762500264216,False,0,True,3,371,368,448,370,501,383
1322,39.667488000000745,39.697488000000746,483,0,0,0,0,129.60291700437665,False,0,True,3,340,339,428,344,483,362
1323,39.697488000000746,39.72748800000075,403,1,1,1,1,130.11354099580785,False,0,True,3,293,291,367,291,403,300
1324,39.72748800000075,39.75748800000075,441,1,1,1,1,131.254625004658,False,0,True,3,316,315,397,317,441,329
1325,39.75748800000075,39.78748800000075,443,1,1,1,1,130.19312499818625,False,0,True,3,313,310,396,311,443,320
1326,39.78748800000075,39.81748800000075,442,1,1,1,1,130.5982089979807,False,0,True,3,302,299,390,302,442,307
1327,39.81748800000075,39.84748800000075,474,1,1,1,1,131.3190420041792,False,0,True,3,315,312,423,315,474,326
1328,39.84748800000075,39.87748800000075,461,1,1,1,1,133.6111249984242,False,0,True,3,307,305,414,310,461,316
1329,39.87748800000075,39.907488000000754,487,1,1,1,1,131.08025000110501,False,0,True,3,335,333,428,335,487,346
1330,39.907488000000754,39.937488000000755,510,1,1,1,1,132.64804200298386,False,0,True,3,330,329,433,331,510,342
1331,39.937488000000755,39.967488000000756,492,1,1,1,1,132.7077919995645,False,0,True,3,327,325,421,327,492,335
1332,39.967488000000756,39.99748800000076,493,1,1,1,1,130.8405000017956,False,0,True,3,340,338,423,339,493,353
1333,39.99748800000076,40.02748800000076,466,1,1,1,1,130.29525000456488,False,0,True,3,315,314,399,314,466,326
1334,40.02748800000076,40.05748800000076,466,1,1,1,1,131.6467919969,False,0,True,3,301,297,391,297,466,313
1335,40.05748800000076,40.08748800000076,458,1,1,1,1,130.83104199904483,False,0,True,3,294,293,382,293,458,303
1336,40.08748800000076,40.11748800000076,449,1,1,1,1,130.69062499562278,False,0,True,3,317,315,392,316,449,324
1337,40.11748800000076,40.14748800000076,451,1,1,1,1,130.8986670046579,False,0,True,3,301,299,390,302,451,305
1338,40.14748800000076,40.177488000000764,490,1,1,1,1,133.24495800043223,False,0,True,3,349,348,420,350,490,365
1339,40.177488000000764,40.207488000000765,437,1,1,1,1,131.51275000564056,False,0,True,3,314,311,378,313,437,328
1340,40.207488000000765,40.237488000000766,459,1,1,1,1,130.97775000642287,False,0,True,3,308,307,384,309,459,322
1341,40.237488000000766,40.26748800000077,494,1,1,1,1,132.0754170010332,False,0,True,3,340,339,415,340,494,357
1342,40.26748800000077,40.29748800000077,456,1,1,1,1,130.85854199744062,False,0,True,3,307,306,377,307,456,321
1343,40.29748800000077,40.32748800000077,471,1,1,1,1,131.16237500071293,False,0,True,3,309,308,389,309,471,327
1344,40.32748800000077,40.35748800000077,465,1,1,1,1,132.0430000050692,False,0,True,3,319,318,390,318,465,337
1345,40.35748800000077,40.38748800000077,464,1,1,1,1,132.41983300395077,False,0,True,3,329,327,396,329,464,337
1346,40.38748800000077,40.41748800000077,470,1,1,1,1,130.29370800359175,False,0,True,3,299,296,391,297,470,308
1347,40.41748800000077,40.447488000000774,456,1,1,1,1,130.96037500508828,False,0,True,3,311,310,380,312,456,325
1348,40.447488000000774,40.477488000000776,502,1,1,1,1,132.0957499992801,False,0,True,3,293,291,397,291,502,303
1349,40.477488000000776,40.50748800000078,447,1,1,1,1,131.55225000082282,False,0,True,3,310,309,377,309,447,326
1350,40.50748800000078,40.53748800000078,423,1,1,1,1,129.83654200070305,False,0,True,3,283,281,356,283,423,293
1351,40.53748800000078,40.56748800000078,452,1,1,1,1,131.48395900498144,False,0,True,3,325,321,393,324,452,338
1352,40.56748800000078,40.59748800000078,446,1,1,1,1,131.9483749975916,False,0,True,3,319,317,387,319,446,327
1353,40.59748800000078,40.62748800000078,427,1,1,1,1,130.15979200281436,False,0,True,3,300,297,366,298,427,306
1354,40.62748800000078,40.65748800000078,491,1,1,1,1,131.2743749949732,False,0,True,3,319,315,413,319,491,343
1355,40.65748800000078,40.68748800000078,595,1,1,1,1,133.15029200020945,False,0,True,3,326,325,447,326,595,340
1356,40.68748800000078,40.717488000000785,808,1,1,1,1,130.87212500249734,False,0,True,3,352,351,517,351,808,367
1357,40.717488000000785,40.747488000000786,959,1,1,1,1,129.79074999748264,False,0,True,3,322,321,530,321,959,325
1358,40.747488000000786,40.77748800000079,978,1,1,1,1,130.6224169966299,False,0,True,3,301,299,517,301,978,313
1359,40.77748800000079,40.80748800000079,1049,1,1,1,1,131.787375001295,False,0,True,3,326,325,547,328,1049,337
1360,40.80748800000079,40.83748800000079,1132,1,1,1,1,130.8417910040589,False,0,True,3,318,315,560,318,1132,330
1361,40.83748800000079,40.86748800000079,1064,1,1,1,1,131.13608300045598,False,0,True,3,305,301,546,306,1064,316
1362,40.86748800000079,40.89748800000079,1100,1,1,1,1,132.12154200300574,False,0,True,3,311,310,547,312,1100,319
1363,40.89748800000079,40.92748800000079,1105,1,1,1,1,133.22087500273483,False,0,True,3,327,326,561,326,1105,335
1364,40.92748800000079,40.957488000000794,992,1,1,1,1,131.66062499658437,False,0,True,3,334,333,550,336,992,354
1365,40.957488000000794,40.987488000000795,859,1,1,1,1,131.58458299585618,False,0,True,3,319,318,511,319,859,333
1366,40.987488000000795,41.017488000000796,756,1,1,1,1,134.00108300265856,False,0,True,3,319,318,488,321,756,324
1367,41.017488000000796,41.0474880000008,631,1,1,1,1,131.75745899934554,False,0,True,3,300,299,446,301,631,311
1368,41.0474880000008,41.0774880000008,615,1,1,1,1,130.87629200163065,False,0,True,3,273,271,415,274,615,285
1369,41.0774880000008,41.1074880000008,657,1,1,1,1,131.85054199857404,False,0,True,3,283,282,430,285,657,295
1370,41.1074880000008,41.1374880000008,699,1,1,1,1,131.1889579956187,False,0,True,3,328,326,481,329,699,358
1371,41.1374880000008,41.1674880000008,644,1,1,1,1,129.25066699972376,False,0,True,3,312,311,461,312,644,329
1372,41.1674880000008,41.1974880000008,637,2,1,1,1,131.79758300248068,False,0,True,3,299,298,453,299,637,324
1373,41.1974880000008,41.227488000000804,610,1,1,1,1,132.853957999032,False,0,True,3,300,298,461,305,610,318
1374,41.227488000000804,41.257488000000805,604,1,1,1,1,132.23604099766817,False,0,True,3,305,303,449,305,604,325
1375,41.257488000000805,41.287488000000806,594,1,1,1,1,130.85166700329864,False,0,True,3,324,322,473,322,594,331
1376,41.287488000000806,41.31748800000081,594,1,1,1,1,131.37112500407966,False,0,True,3,317,316,470,321,594,329
1377,41.31748800000081,41.34748800000081,594,1,1,1,1,131.86070800293237,False,0,True,3,307,305,460,310,594,330
1378,41.34748800000081,41.37748800000081,710,1,1,1,1,130.11908299813513,False,0,True,3,348,346,559,350,710,363
1379,41.37748800000081,41.40748800000081,585,1,1,1,1,132.8364170040004,False,0,True,3,297,295,470,296,585,313
1380,41.40748800000081,41.43748800000081,592,1,1,1,1,131.72158400266198,False,0,True,3,319,314,482,318,592,330
1381,41.43748800000081,41.46748800000081,521,1,1,1,1,130.2996250014985,False,0,True,3,297,294,431,296,521,305
1382,41.46748800000081,41.497488000000814,592,1,1,1,1,131.15945900062798,False,0,True,3,331,329,481,331,592,348
1383,41.497488000000814,41.527488000000815,585,1,1,1,1,132.87649999983842,False,0,True,3,340,338,475,341,585,356
1384,41.527488000000815,41.557488000000816,559,1,1,1,1,133.26920800318476,False,0,True,3,305,301,447,304,559,309
1385,41.557488000000816,41.58748800000082,544,1,1,1,1,131.64183300250443,False,0,True,3,273,268,431,270,544,283
1386,41.58748800000082,41.61748800000082,560,1,1,1,1,132.95204099995317,False,0,True,3,288,284,452,287,560,290
1387,41.61748800000082,41.64748800000082,572,1,1,1,1,132.4354999960633,False,0,True,3,278,274,448,275,572,281
1388,41.64748800000082,41.67748800000082,642,1,1,1,1,129.75237499631476,False,0,True,3,306,304,492,308,642,321
1389,41.67748800000082,41.70748800000082,662,1,1,1,1,130.65645900496747,False,0,True,3,273,270,488,277,662,289
1390,41.70748800000082,41.73748800000082,678,2,2,1,1,132.42758400156163,False,0,True,3,325,321,522,322,678,337
1391,41.73748800000082,41.767488000000824,754,1,1,0,0,132.13199999881908,False,0,True,3,339,337,550,341,754,354
1392,41.767488000000824,41.797488000000826,762,1,1,1,1,131.18687500536907,False,0,True,3,349,347,551,347,762,357
1393,41.797488000000826,41.82748800000083,677,0,0,0,0,130.56570800108602,False,0,True,3,264,262,475,265,677,274
1394,41.82748800000083,41.85748800000083,719,1,1,1,1,132.95333299902268,False,0,True,3,254,253,476,256,719,274
1395,41.85748800000083,41.88748800000083,810,2,1,1,1,131.50075000157813,False,0,True,3,328,327,550,330,810,353
1396,41.88748800000083,41.91748800000083,894,1,1,1,1,130.56804200459737,False,0,True,3,359,357,599,363,894,378
1397,41.91748800000083,41.94748800000083,873,1,1,1,1,131.7862089999835,False,0,True,3,296,294,527,297,873,308
1398,41.94748800000083,41.97748800000083,827,1,1,1,1,131.43962499452755,False,0,True,3,316,313,553,316,827,325
1399,41.97748800000083,42.00748800000083,789,1,1,1,1,131.15404100244632,False,0,True,3,334,332,554,335,789,345
1400,42.00748800000083,42.037488000000835,774,1,1,1,1,131.52237500617048,False,0,True,3,347,341,567,344,774,364
1401,42.037488000000835,42.067488000000836,719,1,1,1,1,132.22979200509144,False,0,True,3,321,318,539,323,719,333
1402,42.067488000000836,42.09748800000084,712,1,1,1,1,131.7815000002156,False,0,True,3,336,332,534,338,712,346
1403,42.09748800000084,42.12748800000084,694,1,1,1,1,130.87929200264625,False,0,True,3,339,338,523,343,694,357
1404,42.12748800000084,42.15748800000084,719,1,1,1,1,132.176665996667,False,0,True,3,334,329,539,330,719,342
1405,42.15748800000084,42.18748800000084,710,1,1,1,1,132.06575000367593,False,0,True,3,292,286,510,289,710,300
1406,42.18748800000084,42.21748800000084,742,1,1,1,1,130.9449160035001,False,0,True,3,301,298,518,302,742,311
1407,42.21748800000084,42.24748800000084,836,1,1,1,1,131.00720800139243,False,0,True,3,338,335,593,339,836,356
1408,42.24748800000084,42.277488000000844,886,1,1,1,1,133.91629199759336,False,0,True,3,345,342,594,343,886,356
1409,42.277488000000844,42.307488000000845,912,1,1,1,1,130.87287500093225,False,0,True,3,338,335,591,337,912,354
1410,42.307488000000845,42.337488000000846,893,1,1,1,1,132.1157500060508,False,0,True,3,314,311,569,315,893,331
1411,42.337488000000846,42.36748800000085,953,1,1,1,1,132.23999999900116,False,0,True,3,358,356,614,362,953,373
1412,42.36748800000085,42.39748800000085,1169,1,1,1,1,132.80937500530854,False,0,True,3,351,347,647,352,1169,363
1413,42.39748800000085,42.42748800000085,1529,1,1,1,1,131.65362500149058,False,0,True,3,315,311,695,318,1529,326
1414,42.42748800000085,42.45748800000085,2042,1,1,1,1,131.59095800074283,False,0,True,3,317,315,747,319,2042,328
1415,42.45748800000085,42.48748800000085,2191,1,1,1,1,132.5262499958626,False,0,True,3,313,311,793,317,2191,325
1416,42.48748800000085,42.51748800000085,2202,1,1,1,1,131.7445000022417,False,0,True,3,311,307,808,309,2202,319
1417,42.51748800000085,42.547488000000854,2330,1,1,1,1,130.95154100301443,False,0,True,3,350,349,864,358,2330,362
1418,42.547488000000854,42.577488000000855,2719,1,1,1,1,131.46033299562987,False,0,True,3,339,334,849,342,2719,353
1419,42.577488000000855,42.607488000000856,2811,1,1,1,1,132.03174999944167,False,0,True,3,304,299,817,309,2811,319
1420,42.607488000000856,42.63748800000086,2296,1,1,1,1,132.14866599446395,False,0,True,3,343,340,770,343,2296,353
1421,42.63748800000086,42.66748800000086,1537,1,1,1,1,132.04470899654552,False,0,True,3,332,331,657,339,1537,346
1422,42.66748800000086,42.69748800000086,1442,1,1,1,1,133.7520829983987,False,0,True,3,371,367,668,373,1442,384
1423,42.69748800000086,42.72748800000086,1365,1,1,1,1,132.52270800148835,False,0,True,3,350,347,646,352,1365,363
1424,42.72748800000086,42.75748800000086,1518,1,1,1,1,131.59558299958007,False,0,True,3,342,339,667,342,1518,353
1425,42.75748800000086,42.78748800000086,1618,1,1,1,1,133.6227499996312,False,0,True,3,320,317,687,319,1618,346
1426,42.78748800000086,42.817488000000864,1687,1,1,1,1,133.20100000419188,False,0,True,3,333,329,769,335,1687,355
1427,42.817488000000864,42.847488000000865,1544,1,1,1,1,131.28687500284286,False,0,True,3,334,327,813,335,1544,357
1428,42.847488000000865,42.87748800000087,1808,1,1,1,1,131.00533399847336,False,0,True,3,319,312,1029,314,1808,322
1429,42.87748800000087,42.90748800000087,1631,1,1,1,1,134.13745800062316,False,0,True,3,332,327,903,329,1631,340
1430,42.90748800000087,42.93748800000087,1490,1,1,1,1,133.74354199913796,False,0,True,3,313,308,803,312,1490,327
1431,42.93748800000087,42.96748800000087,1494,1,1,1,1,131.3411660012207,False,0,True,3,345,341,828,344,1494,347
1432,42.96748800000087,42.99748800000087,1426,1,1,1,1,133.590749996074,False,0,True,3,307,300,762,303,1426,308
1433,42.99748800000087,43.02748800000087,1399,1,1,1,1,133.57649999670684,False,0,True,3,339,336,748,340,1399,353
1434,43.02748800000087,43.05748800000087,1346,1,1,1,1,131.90633399790386,False,0,True,3,305,302,729,305,1346,311
1435,43.05748800000087,43.087488000000874,1293,1,1,1,1,131.80941699829418,False,0,True,3,333,328,716,329,1293,343
1436,43.087488000000874,43.117488000000876,1314,1,1,1,1,131.27341699873796,False,0,True,3,303,301,707,302,1314,319
1437,43.117488000000876,43.14748800000088,1469,1,1,1,1,131.28491600218695,False,0,True,3,309,305,746,309,1469,318
1438,43.14748800000088,43.17748800000088,1492,1,1,1,1,131.15762500092387,False,0,True,3,298,295,775,300,1492,308
1439,43.17748800000088,43.20748800000088,1303,1,1,1,1,132.9330420048791,False,0,True,3,349,346,730,351,1303,360
1440,43.20748800000088,43.23748800000088,1333,1,1,1,1,134.66595800127834,False,0,True,3,327,324,743,329,1333,342
1441,43.23748800000088,43.26748800000088,1269,1,1,1,1,135.829457998625,False,0,True,3,323,319,722,322,1269,325
1442,43.26748800000088,43.29748800000088,1191,1,1,1,1,132.7303750003921,False,0,True,3,299,296,662,298,1191,300
1443,43.29748800000088,43.32748800000088,1160,1,1,1,1,133.97125000483356,False,0,True,3,297,294,662,295,1160,307
1444,43.32748800000088,43.357488000000885,1096,0,0,0,0,134.20241700077895,False,0,True,3,292,283,627,289,1096,301
1445,43.357488000000885,43.387488000000886,978,1,1,1,1,133.81270899844822,False,0,True,3,268,263,573,266,978,274
1446,43.387488000000886,43.41748800000089,1017,1,1,1,1,135.63224999961676,False,0,True,3,309,305,611,311,1017,322
1447,43.41748800000089,43.44748800000089,945,1,1,1,1,134.47833299869671,False,0,True,3,284,282,546,286,945,295
1448,43.44748800000089,43.47748800000089,889,1,1,1,1,132.81162500061328,False,0,True,3,298,294,568,297,889,307
1449,43.47748800000089,43.50748800000089,910,1,1,1,1,132.99370900494978,False,0,True,3,307,304,574,309,910,322
1450,43.50748800000089,43.53748800000089,851,1,1,1,1,149.32949999638367,False,0,True,3,271,266,534,270,851,285
1451,43.53748800000089,43.56748800000089,870,1,1,1,1,131.77291700412752,False,0,True,3,295,292,557,295,870,306
1452,43.56748800000089,43.597488000000894,829,1,1,1,1,130.09770800272236,False,0,True,3,258,254,525,260,829,270
1453,43.597488000000894,43.627488000000895,963,1,1,1,1,131.85137499385746,False,0,True,3,294,291,590,292,963,299
1454,43.627488000000895,43.657488000000896,1079,1,1,1,1,131.88408400310436,False,0,True,3,324,321,646,322,1079,334
1455,43.657488000000896,43.6874880000009,1099,1,1,1,1,131.7959170046379,False,0,True,3,300,297,657,298,1099,309
1456,43.6874880000009,43.7174880000009,1048,1,1,1,1,132.46912499744212,False,0,True,3,292,290,647,298,1048,309
1457,43.7174880000009,43.7474880000009,929,1,1,1,1,133.83733400405617,False,0,True,3,263,262,614,265,929,269
1458,43.7474880000009,43.7774880000009,980,1,1,1,1,132.2119169999496,False,0,True,3,289,288,634,291,980,300
1459,43.7774880000009,43.8074880000009,943,1,1,1,1,131.70737499604002,False,0,True,3,266,265,597,266,943,279
1460,43.8074880000009,43.8374880000009,975,1,1,1,1,134.0573339984985,False,0,True,3,306,305,632,308,975,321
1461,43.8374880000009,43.867488000000904,941,1,1,1,1,133.28495799942175,False,0,True,3,269,268,588,271,941,284
1462,43.867488000000904,43.897488000000905,920,1,1,1,1,133.30025000323076,False,0,True,3,303,302,615,305,920,313
1463,43.897488000000905,43.927488000000906,913,1,1,1,1,132.40504099667305,False,0,True,3,299,296,601,298,913,317
1464,43.927488000000906,43.95748800000091,830,1,1,1,1,134.6767919967533,False,0,True,3,271,270,555,272,830,279
1465,43.95748800000091,43.98748800000091,817,1,1,1,1,133.1920419979724,False,0,True,3,283,281,556,282,817,298
1466,43.98748800000091,44.01748800000091,796,1,1,1,1,132.65099999989616,False,0,True,3,273,272,537,273,796,288
1467,44.01748800000091,44.04748800000091,747,1,1,1,1,133.48316599876853,False,0,True,3,262,261,524,262,747,277
1468,44.04748800000091,44.07748800000091,685,1,1,1,1,133.14995800465113,False,0,True,3,267,265,503,265,685,274
1469,44.07748800000091,44.10748800000091,651,1,1,1,1,133.8178340010927,False,0,True,3,268,266,488,267,651,284
1470,44.10748800000091,44.137488000000914,602,0,0,0,0,133.1735830026446,False,0,True,3,246,245,457,245,602,267
1471,44.137488000000914,44.167488000000915,584,1,1,1,1,134.04754099610727,False,0,True,3,252,251,459,253,584,273
1472,44.167488000000915,44.19748800000092,574,0,0,0,0,132.70591699983925,False,0,True,3,271,269,457,271,574,282
1473,44.19748800000092,44.22748800000092,553,0,0,0,0,130.7393340030103,False,0,True,3,290,289,460,291,553,308
1474,44.22748800000092,44.25748800000092,509,0,0,0,0,132.84787500015227,False,0,True,3,274,272,432,274,509,288
1475,44.25748800000092,44.28748800000092,471,0,0,0,0,131.98379200184718,False,0,True,3,260,259,410,260,471,270
1476,44.28748800000092,44.31748800000092,484,0,0,0,0,131.78629200410796,False,0,True,3,296,295,432,295,484,306
1477,44.31748800000092,44.34748800000092,414,0,0,0,0,132.09862499934388,False,0,True,3,258,257,380,257,414,266
1478,44.34748800000092,44.37748800000092,424,0,0,0,0,128.69537500228034,False,0,True,3,287,286,399,286,424,298
1479,44.37748800000092,44.407488000000924,401,0,0,0,0,105.77791599644115,False,0,True,3,285,282,371,285,401,304
1480,44.407488000000924,44.437488000000926,389,0,0,0,0,130.10320800094632,False,0,True,3,289,285,377,287,389,295
1481,44.437488000000926,44.46748800000093,375,0,0,0,0,104.97333300008904,False,0,True,3,303,298,356,301,375,317
1482,44.46748800000093,44.49748800000093,363,0,0,0,0,104.80841599928681,False,0,True,3,298,294,349,295,363,303
1483,44.49748800000093,44.52748800000093,334,0,0,0,0,130.7916669975384,False,0,True,3,254,249,320,251,334,260
1484,44.52748800000093,44.55748800000093,344,0,0,0,0,129.8916250016191,False,0,True,3,280,272,331,274,344,280
1485,44.55748800000093,44.58748800000093,358,0,0,0,0,107.33970900037093,False,0,True,3,253,251,325,254,358,262
1486,44.58748800000093,44.61748800000093,361,0,0,0,0,129.14304199512117,False,0,True,3,261,259,335,260,361,274
1487,44.61748800000093,44.64748800000093,405,1,1,0,0,119.18487500224728,False,0,True,3,258,257,359,257,405,277
1488,44.64748800000093,44.677488000000935,394,0,0,0,0,129.16258399491198,False,0,True,3,256,255,355,255,394,260
1489,44.677488000000935,44.707488000000936,440,0,0,0,0,131.29174999630777,False,0,True,3,274,272,379,272,440,282
1490,44.707488000000936,44.73748800000094,402,0,0,0,0,131.0904580022907,False,0,True,3,264,263,364,265,402,272
1491,44.73748800000094,44.76748800000094,434,0,0,0,0,132.44045899773482,False,0,True,3,269,268,379,272,434,282
1492,44.76748800000094,44.79748800000094,433,0,0,0,0,129.48316600522958,False,0,True,3,280,278,387,279,433,293
1493,44.79748800000094,44.82748800000094,416,1,1,0,0,133.28800000454066,False,0,True,3,277,276,367,276,416,292
1494,44.82748800000094,44.85748800000094,402,1,1,0,0,119.42583400377771,False,0,True,3,241,238,341,239,402,244
1495,44.85748800000094,44.88748800000094,461,0,0,0,0,131.39283299824456,False,0,True,3,240,239,379,243,461,251
1496,44.88748800000094,44.917488000000944,471,0,0,0,0,132.13687499955995,False,0,True,3,234,233,382,234,471,236
1497,44.917488000000944,44.947488000000945,509,1,1,0,0,133.1023750026361,False,0,True,3,269,268,407,268,509,277
1498,44.947488000000945,44.977488000000946,554,0,0,0,0,131.26954199833563,False,0,True,3,286,285,442,286,554,294
1499,44.977488000000946,45.00748800000095,541,1,1,1,1,132.95108299644198,False,0,True,3,263,261,410,262,541,268
1500,45.00748800000095,45.03748800000095,563,1,1,1,1,133.05783399846405,False,0,True,3,258,257,415,257,563,274
1501,45.03748800000095,45.06748800000095,565,1,1,1,1,132.525707995228,False,0,True,3,260,259,417,260,565,276
1502,45.06748800000095,45.09748800000095,561,1,1,1,1,132.05883299815468,False,0,True,3,261,260,411,260,561,275
1503,45.09748800000095,45.12748800000095,537,1,1,1,1,134.00683300278615,False,0,True,3,263,262,407,263,537,278
1504,45.12748800000095,45.15748800000095,580,1,1,1,1,133.33329200395383,False,0,True,3,294,293,448,295,580,303
1505,45.15748800000095,45.187488000000954,567,1,1,1,1,131.7093749967171,False,0,True,3,277,273,439,276,567,290
1506,45.187488000000954,45.217488000000955,537,1,1,1,1,132.50512500235345,False,0,True,3,256,254,412,255,537,266
1507,45.217488000000955,45.247488000000956,554,1,1,1,1,135.5081669971696,False,0,True,3,248,247,399,248,554,255
1508,45.247488000000956,45.27748800000096,538,1,1,1,1,132.95108299644198,False,0,True,3,250,249,397,251,538,260
1509,45.27748800000096,45.30748800000096,516,1,1,1,1,131.24616699496983,False,0,True,3,255,254,387,256,516,273
1510,45.30748800000096,45.33748800000096,421,1,1,1,1,133.95741600106703,False,0,True,3,261,259,363,261,421,273
1511,45.33748800000096,45.36748800000096,345,0,0,0,0,129.85520800430095,False,0,True,3,253,251,320,253,345,265
1512,45.36748800000096,45.39748800000096,348,1,1,1,1,107.946375006577,False,0,True,3,255,252,311,252,348,268
1513,45.39748800000096,45.42748800000096,355,1,1,1,1,134.41600000078324,False,0,True,3,261,259,323,260,355,270
1514,45.42748800000096,45.457488000000964,376,1,1,1,1,134.97441700019408,False,0,True,3,267,265,339,267,376,276
1515,45.457488000000964,45.487488000000965,383,1,1,1,1,132.61791699915193,False,0,True,3,283,280,347,283,383,293
1516,45.487488000000965,45.51748800000097,349,0,0,0,0,131.7240829957882,False,0,True,3,241,240,312,243,349,251
1517,45.51748800000097,45.54748800000097,380,1,1,1,1,132.69854100508383,False,0,True,3,250,248,328,249,380,255
1518,45.54748800000097,45.57748800000097,375,1,1,1,1,133.00354099919787,False,0,True,3,258,255,334,256,375,262
1519,45.57748800000097,45.60748800000097,389,1,1,1,1,131.59133300359827,False,0,True,3,257,255,334,256,389,272
1520,45.60748800000097,45.63748800000097,386,1,1,1,1,132.63754199579125,False,0,True,3,254,252,333,253,386,256
1521,45.63748800000097,45.66748800000097,436,1,1,1,1,133.3557079997263,False,0,True,3,275,272,382,274,436,282
1522,45.66748800000097,45.69748800000097,374,0,0,0,0,131.79999999556458,False,0,True,3,252,249,329,251,374,261
1523,45.69748800000097,45.727488000000974,435,1,1,1,1,133.39108299987856,False,0,True,3,294,291,371,293,435,303
1524,45.727488000000974,45.757488000000976,369,1,1,1,1,135.05733300553402,False,0,True,3,240,237,311,238,369,246
1525,45.757488000000976,45.78748800000098,368,1,1,1,1,134.60658300027717,False,0,True,3,225,224,305,225,368,244
1526,45.78748800000098,45.81748800000098,487,0,0,0,0,132.28225000057137,False,0,True,3,318,315,425,319,487,338
1527,45.81748800000098,45.84748800000098,438,1,1,1,1,132.13674999860814,False,0,True,3,273,271,384,277,438,283
1528,45.84748800000098,45.87748800000098,486,1,1,1,1,132.97562499792548,False,0,True,3,308,304,424,307,486,323
1529,45.87748800000098,45.90748800000098,463,0,0,0,0,130.2165840024827,False,0,True,3,275,274,394,274,463,287
1530,45.90748800000098,45.93748800000098,580,1,1,0,0,132.83895900531206,False,0,True,3,337,336,476,342,580,350
1531,45.93748800000098,45.967488000000984,539,1,1,1,1,133.0483329948038,False,0,True,3,283,277,430,279,539,288
1532,45.967488000000984,45.997488000000985,516,1,1,1,1,133.64241700037383,False,0,True,3,286,282,421,289,516,299
1533,45.997488000000985,46.027488000000986,508,1,1,1,1,133.7188750039786,False,0,True,3,305,301,435,302,508,310
1534,46.027488000000986,46.05748800000099,490,1,1,1,1,133.64691600145306,False,0,True,3,300,297,428,303,490,309
1535,46.05748800000099,46.08748800000099,486,1,1,1,1,134.07741699484177,False,0,True,3,285,283,410,290,486,299
1536,46.08748800000099,46.11748800000099,451,1,1,1,1,132.33233299979474,False,0,True,3,254,252,373,255,451,265
1537,46.11748800000099,46.14748800000099,432,1,1,1,1,131.27679199533304,False,0,True,3,273,272,369,274,432,286
1538,46.14748800000099,46.17748800000099,476,1,1,1,1,132.96091599477222,False,0,True,3,273,271,380,273,476,289
1539,46.17748800000099,46.20748800000099,476,1,1,1,1,132.54808299825527,False,0,True,3,298,295,391,296,476,306
1540,46.20748800000099,46.237488000000994,470,1,1,1,1,132.3507499982952,False,0,True,3,279,278,387,281,470,291
1541,46.237488000000994,46.267488000000995,446,2,2,1,1,133.73300000239396,False,0,True,3,243,240,360,243,446,254
1542,46.267488000000995,46.297488000000996,501,1,1,1,1,132.49658299901057,False,0,True,3,291,288,410,288,501,300
1543,46.297488000000996,46.327488000001,520,1,1,1,1,133.75516700034495,False,0,True,3,299,296,426,301,520,309
1544,46.327488000001,46.357488000001,503,1,1,1,1,131.68095800210722,False,0,True,3,288,285,408,289,503,304
1545,46.357488000001,46.387488000001,490,1,1,1,1,133.26183399476577,False,0,True,3,253,252,369,258,490,269
1546,46.387488000001,46.417488000001,454,1,1,1,1,132.71199999871897,False,0,True,3,232,231,345,232,454,241
1547,46.417488000001,46.447488000001,486,1,1,1,1,132.3387090014876,False,0,True,3,255,253,371,253,486,267
1548,46.447488000001,46.477488000001,489,1,1,1,1,132.52695799747016,False,0,True,3,248,247,364,250,489,262
1549,46.477488000001,46.507488000001004,505,1,1,1,1,132.91783400200075,False,0,True,3,271,269,394,270,505,279
1550,46.507488000001004,46.537488000001005,499,1,1,1,1,132.45808299689088,False,0,True,3,251,249,369,250,499,261
1551,46.537488000001005,46.567488000001006,513,1,1,1,1,132.0243340014713,False,0,True,3,249,247,378,249,513,255
1552,46.567488000001006,46.59748800000101,650,1,1,1,1,132.88199999806238,False,0,True,3,282,281,435,282,650,290
1553,46.59748800000101,46.62748800000101,673,1,1,1,1,132.19120799476514,False,0,True,3,236,235,405,237,673,256
1554,46.62748800000101,46.65748800000101,682,1,1,1,1,132.60208300198428,False,0,True,3,252,251,411,253,682,272
1555,46.65748800000101,46.68748800000101,549,1,1,1,1,132.97316699754447,False,0,True,3,238,237,375,237,549,244
1556,46.68748800000101,46.71748800000101,580,1,1,1,1,133.59154199861223,False,0,True,3,259,258,397,262,580,280
1557,46.71748800000101,46.74748800000101,533,1,1,1,1,132.29054200201062,False,0,True,3,263,262,392,263,533,270
1558,46.74748800000101,46.777488000001014,631,1,1,1,1,132.15937499626307,False,0,True,3,291,289,439,295,631,310
1559,46.777488000001014,46.807488000001015,586,1,1,1,1,133.3459590023267,False,0,True,3,273,272,406,275,586,285
1560,46.807488000001015,46.83748800000102,566,1,1,1,1,133.76883300225018,False,0,True,3,249,248,385,251,566,267
1561,46.83748800000102,46.86748800000102,745,1,1,1,1,132.64916600019205,False,0,True,3,259,257,426,260,745,273
1562,46.86748800000102,46.89748800000102,902,1,1,1,1,134.17166699946392,False,0,True,3,259,258,460,263,902,276
1563,46.89748800000102,46.92748800000102,1216,1,1,1,1,133.7514580009156,False,0,True,3,266,262,515,266,1216,278
1564,46.92748800000102,46.95748800000102,1336,1,1,1,1,133.34150000446243,False,0,True,3,260,259,537,264,1336,273
1565,46.95748800000102,46.98748800000102,1361,1,1,1,1,132.46458299545338,False,0,True,3,252,251,524,253,1361,259
1566,46.98748800000102,47.01748800000102,1415,1,1,1,1,133.837624998705,False,0,True,3,261,260,544,262,1415,265
1567,47.01748800000102,47.047488000001024,1412,1,1,1,1,133.79675000032876,False,0,True,3,271,268,560,273,1412,279
1568,47.047488000001024,47.077488000001026,1537,1,1,1,1,133.57212499977322,False,0,True,3,262,261,567,264,1537,272
1569,47.077488000001026,47.10748800000103,1561,1,1,1,1,134.28687499981606,False,0,True,3,262,259,567,260,1561,273
1570,47.10748800000103,47.13748800000103,1425,1,1,1,1,134.09583299653605,False,0,True,3,252,251,539,257,1425,262
1571,47.13748800000103,47.16748800000103,1269,1,1,1,1,132.24900000204798,False,0,True,3,246,242,508,246,1269,253
1572,47.16748800000103,47.19748800000103,893,1,1,1,1,133.1123340060003,False,0,True,3,251,249,475,257,893,262
1573,47.19748800000103,47.22748800000103,905,1,1,1,1,133.9612079973449,False,0,True,3,249,247,455,252,905,264
1574,47.22748800000103,47.25748800000103,802,1,1,1,1,131.9512910049525,False,0,True,3,213,212,421,217,802,226
1575,47.25748800000103,47.287488000001034,843,1,1,1,1,132.41941700107418,False,0,True,3,230,229,444,234,843,238
1576,47.287488000001034,47.317488000001035,934,1,1,1,1,133.28645799629157,False,0,True,3,229,227,503,229,934,243
1577,47.317488000001035,47.347488000001036,974,1,1,1,1,132.51416700222762,False,0,True,3,245,242,508,246,974,254
1578,47.347488000001036,47.37748800000104,926,1,1,1,1,132.1387499992852,False,0,True,3,264,262,481,263,926,277
1579,47.37748800000104,47.40748800000104,900,1,1,1,1,133.16650000342634,False,0,True,3,228,224,471,228,900,244
1580,47.40748800000104,47.43748800000104,885,1,1,1,1,134.17420799669344,False,0,True,3,262,259,501,263,885,279
1581,47.43748800000104,47.46748800000104,861,1,1,1,1,132.44270799623337,False,0,True,3,265,263,503,268,861,274
1582,47.46748800000104,47.49748800000104,892,1,1,1,1,133.35908400040353,False,0,True,3,230,227,475,232,892,243
1583,47.49748800000104,47.52748800000104,939,1,1,1,1,133.24716699571582,False,0,True,3,234,230,503,233,939,239
1584,47.52748800000104,47.557488000001044,1015,1,1,1,1,133.32795799942687,False,0,True,3,237,234,530,237,1015,246
1585,47.557488000001044,47.587488000001045,1074,1,1,1,1,133.3084170037182,False,0,True,3,270,264,592,269,1074,279
1586,47.587488000001045,47.617488000001046,1056,1,1,1,1,132.80050000321353,False,0,True,3,257,252,593,259,1056,264
1587,47.617488000001046,47.64748800000105,931,1,1,1,1,134.69425000221236,False,0,True,3,246,241,533,243,931,254
1588,47.64748800000105,47.67748800000105,841,1,1,1,1,132.32733400218422,False,0,True,3,231,229,503,231,841,243
1589,47.67748800000105,47.70748800000105,814,1,1,1,1,132.78770800388884,False,0,True,3,213,208,533,208,814,227
1590,47.70748800000105,47.73748800000105,760,1,1,1,1,134.24512499477714,False,0,True,3,276,270,565,273,760,298
1591,47.73748800000105,47.76748800000105,694,0,0,0,0,134.68633300362853,False,0,True,3,276,269,552,274,694,295
1592,47.76748800000105,47.79748800000105,616,1,1,1,1,132.95920800010208,False,0,True,3,236,232,508,237,616,250
1593,47.79748800000105,47.827488000001054,615,1,1,1,1,133.2306670010439,False,0,True,3,237,233,507,236,615,253
1594,47.827488000001054,47.857488000001055,719,2,2,1,1,133.57299999915995,False,0,True,3,240,237,539,238,719,250
1595,47.857488000001055,47.887488000001056,767,1,1,1,1,132.09824999648845,False,0,True,3,236,232,526,234,767,239
1596,47.887488000001056,47.91748800000106,938,1,1,1,1,132.43391700234497,False,0,True,3,236,231,544,234,938,247
1597,47.91748800000106,47.94748800000106,1091,1,1,1,1,134.56441699963761,False,0,True,3,229,224,589,227,1091,241
1598,47.94748800000106,47.97748800000106,1303,1,1,1,1,134.1247079981258,False,0,True,3,225,218,628,219,1303,229
1599,47.97748800000106,48.00748800000106,1587,1,1,1,1,133.23849999869708,False,0,True,3,224,215,702,217,1587,224
1600,48.00748800000106,48.03748800000106,1730,1,1,1,1,133.2996249984717,False,0,True,3,236,230,721,234,1730,241
1601,48.03748800000106,48.06748800000106,1922,1,1,1,1,134.28579099854687,False,0,True,3,223,218,687,223,1922,232
1602,48.06748800000106,48.097488000001064,2535,1,1,1,1,131.82012499601115,False,0,True,3,245,240,768,245,2535,250
1603,48.097488000001064,48.127488000001065,3098,1,1,1,1,133.39474999520462,False,0,True,3,227,220,755,228,3098,234
1604,48.127488000001065,48.15748800000107,2896,2,2,1,1,136.29691600363003,False,0,True,3,236,229,817,235,2896,244
1605,48.15748800000107,48.18748800000107,1896,1,1,1,1,134.3551660029334,False,0,True,3,248,239,745,249,1896,255
1606,48.18748800000107,48.21748800000107,1618,1,1,1,1,132.73150000168243,False,0,True,3,236,230,683,235,1618,243
1607,48.21748800000107,48.24748800000107,1534,1,1,1,1,133.21470800292445,False,0,True,3,220,215,688,221,1534,226
1608,48.24748800000107,48.27748800000107,1575,1,1,1,1,132.39012499980163,False,0,True,3,242,237,700,245,1575,254
1609,48.27748800000107,48.30748800000107,1681,1,1,1,1,134.36499999806983,False,0,True,3,242,239,719,247,1681,257
1610,48.30748800000107,48.33748800000107,1620,1,1,1,1,133.26466600119602,False,0,True,3,238,231,729,234,1620,240
1611,48.33748800000107,48.367488000001075,1708,1,1,1,1,134.70720800251001,False,0,True,3,251,246,789,250,1708,258
1612,48.367488000001075,48.397488000001076,2716,1,1,1,1,133.87724999483908,False,0,True,3,249,243,866,244,2716,251
1613,48.397488000001076,48.42748800000108,3775,2,2,1,1,134.19116699515143,False,0,True,3,220,215,920,220,3775,229
1614,48.42748800000108,48.45748800000108,3813,2,2,1,1,134.92516700353008,False,0,True,3,226,218,994,226,3813,230
1615,48.45748800000108,48.48748800000108,3852,1,1,1,1,135.17275000049267,False,0,True,3,270,267,1028,275,3852,283
1616,48.48748800000108,48.51748800000108,3360,1,1,1,1,133.9532079946366,False,0,True,3,255,249,939,256,3360,261
1617,48.51748800000108,48.54748800000108,2097,1,1,1,1,134.2475409983308,False,0,True,3,282,275,886,280,2097,288
1618,48.54748800000108,48.57748800000108,1771,1,1,0,0,135.49220799905015,False,0,True,3,260,251,815,256,1771,268
1619,48.57748800000108,48.607488000001084,1888,1,1,1,1,134.35179199586855,False,0,True,3,239,232,845,240,1888,251
1620,48.607488000001084,48.637488000001085,2448,1,1,1,1,134.3903750021127,False,0,True,3,281,272,948,279,2448,289
1621,48.637488000001085,48.667488000001086,2171,1,1,1,1,133.1050829976448,False,0,True,3,301,292,1006,299,2171,308
1622,48.667488000001086,48.69748800000109,1752,1,1,1,1,134.2855829934706,False,0,True,3,258,249,782,260,1752,268
1623,48.69748800000109,48.72748800000109,1769,2,2,1,1,134.07625000400003,False,0,True,3,281,274,791,277,1769,292
1624,48.72748800000109,48.75748800000109,1746,2,2,1,1,133.7130000028992,False,0,True,3,248,244,797,249,1746,259
1625,48.75748800000109,48.78748800000109,1680,1,1,1,1,135.38120900193462,False,0,True,3,265,257,800,263,1680,269
1626,48.78748800000109,48.81748800000109,1566,2,2,1,1,134.54491699667415,False,0,True,3,291,286,754,291,1566,297
1627,48.81748800000109,48.84748800000109,1491,1,1,1,1,133.41070799651789,False,0,True,3,276,270,712,276,1491,290
1628,48.84748800000109,48.877488000001094,1531,1,1,1,1,133.53695799742127,False,0,True,3,261,253,721,254,1531,267
1629,48.877488000001094,48.907488000001095,1452,1,1,1,1,135.83341599587584,False,0,True,3,258,256,704,260,1452,266
1630,48.907488000001095,48.937488000001096,1321,1,1,1,1,135.96150000375928,False,0,True,3,250,245,670,249,1321,264
1631,48.937488000001096,48.9674880000011,1250,1,1,1,1,135.70258400432067,False,0,True,3,257,253,649,259,1250,270
1632,48.9674880000011,48.9974880000011,1254,2,1,1,1,136.19595800264506,False,0,True,3,266,260,671,267,1254,280
1633,48.9974880000011,49.0274880000011,1137,1,1,1,1,134.41325000167126,False,0,True,3,228,225,598,226,1137,233
1634,49.0274880000011,49.0574880000011,1058,1,1,1,1,135.36679199751234,False,0,True,3,225,223,599,229,1058,238
1635,49.0574880000011,49.0874880000011,1074,1,1,1,1,135.99845799762988,False,0,True,3,230,226,604,231,1074,235
1636,49.0874880000011,49.1174880000011,1103,1,1,1,1,134.0730000010808,False,0,True,3,228,225,591,228,1103,241
1637,49.1174880000011,49.147488000001104,1142,1,1,1,1,135.05191700096475,False,0,True,3,230,227,603,229,1142,241
1638,49.147488000001104,49.177488000001105,1516,1,1,1,1,134.90633299807087,False,0,True,3,275,270,726,277,1516,287
1639,49.177488000001105,49.207488000001106,1723,1,1,1,1,135.36562499939464,False,0,True,3,260,255,732,262,1723,267
1640,49.207488000001106,49.23748800000111,1562,2,2,1,1,133.2856669978355,False,0,True,3,221,217,736,221,1562,231
1641,49.23748800000111,49.26748800000111,1542,1,1,1,1,133.40420800523134,False,0,True,3,240,234,746,237,1542,246
1642,49.26748800000111,49.29748800000111,1424,1,1,1,1,134.75187499716412,False,0,True,3,193,188,651,190,1424,206
1643,49.29748800000111,49.32748800000111,1397,1,1,1,1,135.24774999677902,False,0,True,3,220,215,658,218,1397,227
1644,49.32748800000111,49.35748800000111,1324,1,1,1,1,133.5350000008475,False,0,True,3,258,253,677,255,1324,271
1645,49.35748800000111,49.38748800000111,1237,2,2,1,1,134.60583300184226,False,0,True,3,218,211,640,213,1237,226
1646,49.38748800000111,49.417488000001114,21571,1,1,1,1,136.7159170040395,False,0,True,3,459,421,11990,460,21571,528
1647,49.417488000001114,49.447488000001115,68866,1,1,1,1,136.85483400331577,False,0,True,3,1097,992,31714,1143,68866,1213
1648,49.447488000001115,49.47748800000112,10582,2,2,1,1,134.32570900477003,False,0,True,3,1300,1201,6305,1326,10582,1341
1649,49.47748800000112,49.50748800000112,3780,1,1,1,1,206.89491600205656,False,0,True,3,670,651,2585,693,3780,710
1650,49.50748800000112,49.53748800000112,10355,1,1,1,1,132.96462500147754,False,0,True,3,544,520,5426,547,10355,560
1651,49.53748800000112,49.56748800000112,12089,2,2,1,1,134.43333299801452,False,0,True,3,556,531,5854,562,12089,574
1652,49.56748800000112,49.59748800000112,3849,2,2,1,1,136.69829099671915,False,0,True,3,495,479,2853,496,3849,511
1653,49.59748800000112,49.62748800000112,4802,2,2,0,0,134.3780829993193,False,0,True,3,407,387,2780,412,4802,424
1654,49.62748800000112,49.65748800000112,5087,2,2,1,1,134.898542004521,False,0,True,3,430,415,3309,448,5087,463
1655,49.65748800000112,49.687488000001125,4790,0,0,0,0,134.6185830043396,False,0,True,3,466,455,3281,487,4790,497
1656,49.687488000001125,49.717488000001126,4623,1,1,0,0,134.5555840016459,False,0,True,3,486,469,3223,490,4623,501
1657,49.717488000001126,49.74748800000113,4075,0,0,0,0,131.87404200289166,False,0,True,3,467,440,2791,472,4075,481
1658,49.74748800000113,49.77748800000113,1726,0,0,0,0,131.89245900139213,False,0,True,3,444,426,1296,441,1726,450
1659,49.77748800000113,49.80748800000113,487,0,0,0,0,133.64624999667285,False,0,True,3,338,334,474,340,487,347
1660,49.80748800000113,49.83748800000113,438,0,0,0,0,69.12679199740523,False,0,True,3,295,290,421,294,438,308
1661,49.83748800000113,49.86748800000113,388,0,0,0,0,58.72920800175052,False,0,True,3,261,257,378,259,388,265
1662,49.86748800000113,49.89748800000113,339,0,0,0,0,43.78562499914551,False,0,True,3,236,233,329,238,339,246
1663,49.89748800000113,49.927488000001134,323,0,0,0,0,43.4329580020858,False,0,True,3,215,212,306,213,323,224
1664,49.927488000001134,49.957488000001135,351,0,0,0,0,95.89974999835249,False,0,True,3,229,224,324,227,351,238
1665,49.957488000001135,49.987488000001136,310,0,0,0,0,69.85070800146786,False,0,True,3,198,196,295,198,310,207
1666,49.987488000001136,50.01748800000114,326,0,0,0,0,81.50962500076275,False,0,True,3,212,209,304,211,326,221
1667,50.01748800000114,50.04748800000114,327,0,0,0,0,81.25891599775059,False,0,True,3,199,196,308,201,327,207
1668,50.04748800000114,50.07748800000114,253,0,0,0,0,31.12445800070418,False,0,True,3,195,193,240,195,253,204
1669,50.07748800000114,50.10748800000114,328,0,0,0,0,93.85562499664957,False,0,True,3,187,185,281,186,328,192
1670,50.10748800000114,50.13748800000114,415,1,1,0,0,134.4137919950299,False,0,True,3,171,169,310,170,415,181
1671,50.13748800000114,50.16748800000114,530,1,1,0,0,133.53054199978942,False,0,True,3,199,197,389,197,530,209
1672,50.16748800000114,50.197488000001144,479,1,1,1,1,133.45695799944224,False,0,True,3,168,166,345,168,479,178
1673,50.197488000001144,50.227488000001145,527,1,1,1,1,134.69199999963166,False,0,True,3,197,196,371,197,527,208
1674,50.227488000001145,50.257488000001146,502,1,1,1,1,134.6602499979781,False,0,True,3,167,166,341,167,502,175
1675,50.257488000001146,50.28748800000115,536,1,1,1,1,132.51700000546407,False,0,True,3,194,192,380,192,536,204
1676,50.28748800000115,50.31748800000115,555,1,1,1,1,133.63591600500513,False,0,True,3,184,182,376,183,555,200
1677,50.31748800000115,50.34748800000115,545,1,1,1,1,134.20545799453976,False,0,True,3,197,194,376,194,545,202
1678,50.34748800000115,50.37748800000115,540,1,1,1,1,132.52449999708915,False,0,True,3,182,180,358,181,540,190
1679,50.37748800000115,50.40748800000115,486,1,1,1,1,133.27679200301645,False,0,True,3,147,145,325,148,486,153
1680,50.40748800000115,50.43748800000115,490,1,1,1,1,133.70508400112158,False,0,True,3,177,175,341,180,490,198
1681,50.43748800000115,50.467488000001154,546,1,1,1,1,135.61566599673824,False,0,True,3,174,169,375,171,546,180
1682,50.467488000001154,50.497488000001155,562,1,1,1,1,133.93391599674942,False,0,True,3,181,178,367,181,562,189
1683,50.497488000001155,50.527488000001156,550,1,1,1,1,133.06870799715398,False,0,True,3,175,173,364,179,550,189
1684,50.527488000001156,50.55748800000116,533,1,1,1,1,133.43391699891072,False,0,True,3,161,160,348,164,533,172
1685,50.55748800000116,50.58748800000116,528,1,1,1,1,134.46025000303052,False,0,True,3,157,154,340,156,528,163
1686,50.58748800000116,50.61748800000116,586,1,1,1,1,133.82279199868208,False,0,True,3,181,179,368,180,586,188
1687,50.61748800000116,50.64748800000116,556,1,1,1,1,133.2609999954002,False,0,True,3,164,162,356,162,556,170
1688,50.64748800000116,50.67748800000116,544,1,1,1,1,136.18433300143806,False,0,True,3,156,153,344,154,544,158
1689,50.67748800000116,50.70748800000116,547,1,1,1,1,133.20170900260564,False,0,True,3,182,180,350,180,547,191
1690,50.70748800000116,50.737488000001164,540,1,1,1,1,132.60479199379915,False,0,True,3,168,165,342,168,540,179
1691,50.737488000001164,50.767488000001165,512,1,1,1,1,132.6033750010538,False,0,True,3,168,166,337,168,512,182
1692,50.767488000001165,50.79748800000117,531,2,2,1,1,133.05770899751224,False,0,True,3,162,159,332,159,531,169
1693,50.79748800000117,50.82748800000117,543,2,2,1,1,133.33587500528665,False,0,True,3,148,145,323,146,543,150
1694,50.82748800000117,50.85748800000117,511,1,1,1,1,133.1320000026608,False,0,True,3,171,169,334,172,511,182
1695,50.85748800000117,50.88748800000117,498,1,1,1,1,133.46383399766637,False,0,True,3,165,164,317,167,498,175
1696,50.88748800000117,50.91748800000117,394,1,1,1,1,133.52962500357535,False,0,True,3,168,165,306,167,394,172
1697,50.91748800000117,50.94748800000117,336,1,1,0,0,131.1799580071238,False,0,True,3,155,150,263,151,336,163
1698,50.94748800000117,50.97748800000117,326,1,1,1,1,132.90595800208393,False,0,True,3,178,173,271,175,326,181
1699,50.97748800000117,51.007488000001175,352,0,0,0,0,133.96512500185054,False,0,True,3,189,188,288,190,352,201
1700,51.007488000001175,51.037488000001176,330,1,1,0,0,133.70004200260155,False,0,True,3,152,150,263,150,330,158
1701,51.037488000001176,51.06748800000118,324,0,0,0,0,132.04204099747585,False,0,True,3,158,156,259,156,324,168
1702,51.06748800000118,51.09748800000118,329,1,1,0,0,133.3898329976364,False,0,True,3,164,162,271,164,329,173
1703,51.09748800000118,51.12748800000118,357,1,1,1,1,132.85316599649377,False,0,True,3,169,168,281,168,357,180
1704,51.12748800000118,51.15748800000118,360,1,1,1,1,134.47150000138208,False,0,True,3,162,161,282,163,360,170
1705,51.15748800000118,51.18748800000118,370,1,1,1,1,132.92333299614256,False,0,True,3,158,157,295,158,370,166
1706,51.18748800000118,51.21748800000118,383,1,1,1,1,133.73212499573128,False,0,True,3,173,169,304,173,383,178
1707,51.21748800000118,51.247488000001184,431,1,1,1,1,133.16191699414048,False,0,True,3,184,181,329,183,431,191
1708,51.247488000001184,51.277488000001185,453,1,1,1,1,133.93441699736286,False,0,True,3,185,184,337,186,453,193
1709,51.277488000001185,51.307488000001186,468,1,1,1,1,131.673874995613,False,0,True,3,171,169,331,172,468,187
1710,51.307488000001186,51.33748800000119,491,1,1,1,1,134.56899999437155,False,0,True,3,161,160,327,165,491,175
1711,51.33748800000119,51.36748800000119,500,1,1,1,1,133.87316599983023,False,0,True,3,147,145,314,148,500,150
1712,51.36748800000119,51.39748800000119,578,1,1,1,1,133.01374999718973,False,0,True,3,144,142,318,143,578,148
1713,51.39748800000119,51.42748800000119,579,1,1,1,1,132.88441699842224,False,0,True,3,148,146,338,147,579,156
1714,51.42748800000119,51.45748800000119,562,2,2,1,1,133.47466599952895,False,0,True,3,145,142,343,142,562,145
1715,51.45748800000119,51.48748800000119,522,2,2,1,1,135.76287499745376,False,0,True,3,150,147,322,147,522,154
1716,51.48748800000119,51.517488000001194,510,1,1,1,1,134.3524170006276,False,0,True,3,141,138,300,139,510,149
1717,51.517488000001194,51.547488000001195,517,1,1,1,1,134.3201669951668,False,0,True,3,158,157,321,160,517,167
1718,51.547488000001195,51.577488000001196,563,1,1,1,1,133.43254199571675,False,0,True,3,175,170,344,174,563,184
1719,51.577488000001196,51.6074880000012,540,1,1,1,1,133.15316700027324,False,0,True,3,149,143,325,147,540,158
1720,51.6074880000012,51.6374880000012,543,1,1,1,1,132.32216600590618,False,0,True,3,179,170,357,172,543,186
1721,51.6374880000012,51.6674880000012,421,1,1,1,1,133.02458399994066,False,0,True,3,153,143,302,147,421,158
1722,51.6674880000012,51.6974880000012,388,1,1,1,1,135.691041003156,False,0,True,3,166,160,283,166,388,177
1723,51.6974880000012,51.7274880000012,366,1,1,1,1,134.33866699779173,False,0,True,3,177,176,273,180,366,187
1724,51.7274880000012,51.7574880000012,406,1,1,1,1,132.25333399896044,False,0,True,3,173,170,295,174,406,180
1725,51.7574880000012,51.787488000001204,463,1,1,1,1,132.4489589969744,False,0,True,3,173,171,291,174,463,189
1726,51.787488000001204,51.817488000001205,474,1,1,1,1,131.91391700092936,False,0,True,3,176,174,320,180,474,188
1727,51.817488000001205,51.847488000001206,391,1,1,1,1,134.03974999528145,False,0,True,3,188,186,286,188,391,203
1728,51.847488000001206,51.87748800000121,365,1,1,1,1,133.33533400145825,False,0,True,3,161,159,264,160,365,170
1729,51.87748800000121,51.90748800000121,379,1,1,1,1,133.79450000502402,False,0,True,3,169,166,278,170,379,175
1730,51.90748800000121,51.93748800000121,526,1,1,1,1,134.7963339940179,False,0,True,3,192,190,344,193,526,200
1731,51.93748800000121,51.96748800000121,782,1,1,1,1,133.0769580017659,False,0,True,3,156,153,360,155,782,156
1732,51.96748800000121,51.99748800000121,1015,1,1,1,1,135.22599999851082,False,0,True,3,163,161,413,163,1015,171
1733,51.99748800000121,52.02748800000121,981,1,1,1,1,135.65395900513977,False,0,True,3,151,150,419,155,981,166
1734,52.02748800000121,52.057488000001214,1063,1,1,1,1,132.43020799563965,False,0,True,3,173,169,437,172,1063,176
1735,52.057488000001214,52.087488000001215,1111,1,1,1,1,131.6918330048793,False,0,True,3,155,151,422,153,1111,160
1736,52.087488000001215,52.11748800000122,786,1,1,1,1,134.41129100101534,False,0,True,3,166,165,349,166,786,173
1737,52.11748800000122,52.14748800000122,399,1,1,1,1,134.72037499741418,False,0,True,3,162,160,295,164,399,169
1738,52.14748800000122,52.17748800000122,325,1,1,1,1,136.44208299956517,False,0,True,3,160,158,245,160,325,170
1739,52.17748800000122,52.20748800000122,292,1,1,1,1,135.41458299732767,False,0,True,3,133,132,206,134,292,142
1740,52.20748800000122,52.23748800000122,381,1,1,1,1,134.41091700224206,False,0,True,3,163,160,279,161,381,171
1741,52.23748800000122,52.26748800000122,354,1,1,1,1,135.5752500021481,False,0,True,3,142,141,240,144,354,152
1742,52.26748800000122,52.29748800000122,306,1,1,1,1,134.85916699573863,False,0,True,3,137,131,227,131,306,137
1743,52.29748800000122,52.327488000001225,350,1,1,1,1,134.46754200413125,False,0,True,3,125,124,226,127,350,136
1744,52.327488000001225,52.357488000001226,465,1,1,1,1,132.82804100163048,False,0,True,3,151,150,311,152,465,159
1745,52.357488000001226,52.38748800000123,649,1,1,1,1,130.6971660014824,False,0,True,3,130,128,331,129,649,135
1746,52.38748800000123,52.41748800000123,870,1,1,1,1,133.8094579987228,False,0,True,3,143,140,396,140,870,149
1747,52.41748800000123,52.44748800000123,894,1,1,1,1,136.91929200285813,False,0,True,3,164,163,423,166,894,180
1748,52.44748800000123,52.47748800000123,853,1,1,1,1,134.60441599454498,False,0,True,3,160,158,421,164,853,177
1749,52.47748800000123,52.50748800000123,786,1,1,1,1,133.59875000605825,False,0,True,3,153,152,401,158,786,178
1750,52.50748800000123,52.53748800000123,767,1,1,1,1,131.32900000346126,False,0,True,3,131,128,380,130,767,139
1751,52.53748800000123,52.567488000001234,760,1,1,1,1,133.59779099846492,False,0,True,3,157,153,417,154,760,161
1752,52.567488000001234,52.597488000001235,674,1,1,1,1,137.34879200637806,False,0,True,3,136,133,377,133,674,137
1753,52.597488000001235,52.627488000001236,690,1,1,1,1,134.93120900238864,False,0,True,3,125,123,359,124,690,132
1754,52.627488000001236,52.65748800000124,664,1,1,1,1,134.22904100298183,False,0,True,3,146,145,377,148,664,154
1755,52.65748800000124,52.68748800000124,593,1,1,1,1,133.68700000137324,False,0,True,3,139,136,354,137,593,144
1756,52.68748800000124,52.71748800000124,1017,0,0,0,0,133.7224170056288,False,0,True,3,175,160,600,164,1017,180
1757,52.71748800000124,52.74748800000124,860,1,1,1,1,133.7669169952278,False,0,True,3,211,196,561,202,860,231
1758,52.74748800000124,52.77748800000124,686,1,1,1,1,136.05229099630378,False,0,True,3,145,133,469,136,686,145
1759,52.77748800000124,52.80748800000124,754,1,1,1,1,150.82279199850745,False,0,True,3,163,154,521,158,754,163
1760,52.80748800000124,52.837488000001244,1011,1,1,1,1,142.9148749957676,False,0,True,3,170,165,659,168,1011,176
1761,52.837488000001244,52.867488000001245,889,1,1,1,1,135.74704200436827,False,0,True,3,161,158,595,161,889,167
1762,52.867488000001245,52.897488000001246,816,1,1,1,1,134.7638749939506,False,0,True,3,139,136,562,138,816,142
1763,52.897488000001246,52.92748800000125,752,1,1,1,1,131.60762500046985,False,0,True,3,172,169,533,175,752,184
1764,52.92748800000125,52.95748800000125,697,1,1,1,1,133.2036669991794,False,0,True,3,148,145,465,147,697,150
1765,52.95748800000125,52.98748800000125,731,1,1,1,1,133.61795899982098,False,0,True,3,155,151,467,151,731,155
1766,52.98748800000125,53.01748800000125,680,1,1,1,1,133.49516699963715,False,0,True,3,159,157,409,163,680,170
1767,53.01748800000125,53.04748800000125,742,1,1,1,1,133.0500830008532,False,0,True,3,151,149,406,152,742,156
1768,53.04748800000125,53.07748800000125,1403,1,1,1,1,133.09087499510497,False,0,True,3,159,156,793,161,1403,171
1769,53.07748800000125,53.107488000001254,2475,3,3,1,1,135.27483399957418,False,0,True,3,162,152,1233,163,2475,175
1770,53.107488000001254,53.137488000001255,3009,2,2,1,1,135.29649999691173,False,0,True,3,192,180,1363,192,3009,206
1771,53.137488000001255,53.167488000001256,2271,3,3,1,1,135.18404200294754,False,0,True,3,232,220,1066,231,2271,251
1772,53.167488000001256,53.19748800000126,2885,1,1,1,1,136.25904099899344,False,0,True,3,197,183,1206,195,2885,207
1773,53.19748800000126,53.22748800000126,3246,2,2,1,1,135.06691699876683,False,0,True,3,243,237,1311,251,3246,258
1774,53.22748800000126,53.25748800000126,3217,2,2,1,1,135.7590839979821,False,0,True,3,242,228,1395,248,3217,261
1775,53.25748800000126,53.28748800000126,2452,1,1,1,1,132.4267919990234,False,0,True,3,237,231,1066,245,2452,255
1776,53.28748800000126,53.31748800000126,2881,1,1,1,1,133.02104199829046,False,0,True,3,232,226,1074,237,2881,248
1777,53.31748800000126,53.34748800000126,2568,1,1,1,1,134.06962499720976,False,0,True,3,209,196,808,204,2568,224
1778,53.34748800000126,53.377488000001264,2105,1,1,1,1,135.502582998015,False,0,True,3,199,184,807,191,2105,211
1779,53.377488000001264,53.407488000001266,3024,2,2,1,1,133.50887499836972,False,0,True,3,201,197,1299,207,3024,216
1780,53.407488000001266,53.43748800000127,3674,4,4,1,1,135.99379200604744,False,0,True,3,173,168,1631,172,3674,178
1781,53.43748800000127,53.46748800000127,3427,2,2,1,1,133.62312500248663,False,0,True,3,194,186,1402,193,3427,213
1782,53.46748800000127,53.49748800000127,3096,2,2,1,1,133.03591599833453,False,0,True,3,207,200,1299,215,3096,222
1783,53.49748800000127,53.52748800000127,1875,1,1,1,1,133.25712500227382,False,0,True,3,171,165,769,171,1875,172
1784,53.52748800000127,53.55748800000127,1865,1,1,1,1,134.55141599843046,False,0,True,3,166,163,700,171,1865,176
1785,53.55748800000127,53.58748800000127,1998,1,1,1,1,134.23587499710266,False,0,True,3,208,204,759,216,1998,224
1786,53.58748800000127,53.61748800000127,2009,1,1,1,1,134.87358300335472,False,0,True,3,193,189,750,195,2009,201
1787,53.61748800000127,53.647488000001275,2085,1,1,1,1,132.85254199581686,False,0,True,3,173,168,743,172,2085,178
1788,53.647488000001275,53.677488000001276,2039,1,1,1,1,133.15104100183817,False,0,True,3,173,172,747,181,2039,186
1789,53.677488000001276,53.70748800000128,1959,0,0,0,0,134.56500000029337,False,0,True,3,193,188,760,196,1959,204
1790,53.70748800000128,53.73748800000128,2017,1,1,1,1,133.68920799985062,False,0,True,3,213,209,809,216,2017,225
1791,53.73748800000128,53.76748800000128,2099,1,1,1,1,135.85316700482508,False,0,True,3,165,162,791,166,2099,170
1792,53.76748800000128,53.79748800000128,2818,1,1,1,1,134.37612500274554,False,0,True,3,182,181,765,188,2818,194
1793,53.79748800000128,53.82748800000128,2170,1,1,1,1,133.5023329957039,False,0,True,3,176,173,772,179,2170,194
1794,53.82748800000128,53.85748800000128,2017,1,1,1,1,134.79637500131503,False,0,True,3,170,166,739,178,2017,188
1795,53.85748800000128,53.887488000001284,1994,1,1,1,1,134.33333300054073,False,0,True,3,152,149,720,157,1994,162
1796,53.887488000001284,53.917488000001285,2036,1,1,1,1,136.66949999606004,False,0,True,3,145,141,771,144,2036,157
1797,53.917488000001285,53.947488000001286,1917,1,1,1,1,134.35287500033155,False,0,True,3,178,175,771,178,1917,192
1798,53.947488000001286,53.97748800000129,1946,1,1,1,1,134.2456670026877,False,0,True,3,177,174,842,180,1946,188
1799,53.97748800000129,54.00748800000129,2883,1,1,1,1,135.33220899989828,False,0,True,3,163,161,903,165,2883,169
1800,54.00748800000129,54.03748800000129,3009,1,1,1,1,135.42458300071303,False,0,True,3,156,150,967,153,3009,161
1801,54.03748800000129,54.06748800000129,2911,0,0,0,0,134.1666250009439,False,0,True,3,156,151,940,157,2911,163
1802,54.06748800000129,54.09748800000129,3034,2,2,1,1,135.57433299865806,False,0,True,3,170,163,969,168,3034,186
1803,54.09748800000129,54.12748800000129,2983,1,1,1,1,136.0617909958819,False,0,True,3,174,167,956,175,2983,185
1804,54.12748800000129,54.157488000001294,3011,1,1,0,0,135.79475000005914,False,0,True,3,185,180,968,190,3011,207
1805,54.157488000001294,54.187488000001295,2518,1,1,1,1,134.57745799678378,False,0,True,3,193,188,843,199,2518,208
1806,54.187488000001295,54.217488000001296,1650,1,1,1,1,133.56204199953936,False,0,True,3,173,168,751,176,1650,189
1807,54.217488000001296,54.2474880000013,1364,0,0,0,0,133.98541700007627,False,0,True,3,176,170,651,180,1364,187
1808,54.2474880000013,54.2774880000013,1307,1,1,1,1,134.23654100188287,False,0,True,3,169,164,616,169,1307,177
1809,54.2774880000013,54.3074880000013,1138,1,1,1,1,133.9506669974071,False,0,True,3,153,150,569,153,1138,164
1810,54.3074880000013,54.3374880000013,1097,1,1,1,1,134.5489169980283,False,0,True,3,154,151,582,153,1097,162
1811,54.3374880000013,54.3674880000013,1259,1,1,1,1,133.69920800323598,False,0,True,3,126,122,572,124,1259,135
1812,54.3674880000013,54.3974880000013,1411,1,1,1,1,133.83770800282946,False,0,True,3,152,151,619,156,1411,171
1813,54.3974880000013,54.427488000001304,1321,1,1,1,1,131.83979199675377,False,0,True,3,124,121,593,123,1321,130
1814,54.427488000001304,54.457488000001305,1267,1,1,1,1,131.78216599771986,False,0,True,3,137,136,574,138,1267,153
1815,54.457488000001305,54.487488000001306,1114,1,1,1,1,133.00295799854212,False,0,True,3,125,123,525,124,1114,139
1816,54.487488000001306,54.51748800000131,980,1,1,1,1,133.1597909957054,False,0,True,3,122,119,491,121,980,125
1817,54.51748800000131,54.54748800000131,879,1,1,1,1,133.93433300370816,False,0,True,3,97,95,449,96,879,101
1818,54.54748800000131,54.57748800000131,847,1,1,1,1,134.07104100042488,False,0,True,3,118,117,459,119,847,127
1819,54.57748800000131,54.60748800000131,801,1,1,1,1,134.37775000056718,False,0,True,3,106,105,422,107,801,114
1820,54.60748800000131,54.63748800000131,914,1,1,1,1,133.9050419992418,False,0,True,3,97,94,381,96,914,103
1821,54.63748800000131,54.66748800000131,1004,1,1,1,1,133.0952909993357,False,0,True,3,103,101,366,103,1004,105
1822,54.66748800000131,54.697488000001314,809,1,1,1,1,134.20383400080027,False,0,True,3,103,101,355,101,809,105
1823,54.697488000001314,54.727488000001316,462,1,1,1,1,134.16770899493713,False,0,True,3,104,100,322,103,462,108
1824,54.727488000001316,54.75748800000132,451,1,1,1,1,136.1038329996518,False,0,True,3,113,111,310,111,451,121
1825,54.75748800000132,54.78748800000132,326,1,1,1,1,133.93745799839962,False,0,True,3,103,100,255,100,326,105
1826,54.78748800000132,54.81748800000132,287,1,1,1,1,133.3979580012965,False,0,True,3,94,92,237,96,287,101
1827,54.81748800000132,54.84748800000132,284,1,1,1,1,134.0976670035161,False,0,True,3,90,88,231,90,284,94
1828,54.84748800000132,54.87748800000132,249,1,1,1,1,133.05595799465664,False,0,True,3,82,80,207,83,249,88
1829,54.87748800000132,54.90748800000132,289,1,1,1,1,132.02375000400934,False,0,True,3,86,85,221,87,289,90
1830,54.90748800000132,54.93748800000132,276,0,0,0,0,133.14991700462997,False,0,True,3,88,85,212,85,276,87
1831,54.93748800000132,54.967488000001325,277,0,0,0,0,131.4537080033915,False,0,True,3,88,86,203,87,277,98
1832,54.967488000001325,54.997488000001326,280,0,0,0,0,131.58375000057276,False,0,True,3,93,92,211,93,280,99
1833,54.997488000001326,55.02748800000133,280,0,0,0,0,132.5781250052387,False,0,True,3,96,95,211,95,280,99
1834,55.02748800000133,55.05748800000133,288,0,0,0,0,134.29924999945797,False,0,True,3,84,83,206,84,288,89
1835,55.05748800000133,55.08748800000133,356,0,0,0,0,131.85087499732617,False,0,True,3,90,87,238,89,356,99
1836,55.08748800000133,55.11748800000133,343,0,0,0,0,131.228917001863,False,0,True,3,93,89,236,92,343,97
1837,55.11748800000133,55.14748800000133,327,0,0,0,0,132.41808299790137,False,0,True,3,85,83,231,83,327,87
1838,55.14748800000133,55.17748800000133,366,0,0,0,0,132.4833749968093,False,0,True,3,100,98,256,99,366,108
1839,55.17748800000133,55.207488000001334,390,1,1,0,0,135.95725000050152,False,0,True,3,77,76,257,77,390,89
1840,55.207488000001334,55.237488000001335,444,0,0,0,0,134.52695799787762,False,0,True,3,90,88,281,90,444,100
1841,55.237488000001335,55.267488000001336,442,0,0,0,0,133.01437499467283,False,0,True,3,94,92,286,93,442,98
1842,55.267488000001336,55.29748800000134,428,0,0,0,0,131.33808299608063,False,0,True,3,73,72,265,73,428,81
1843,55.29748800000134,55.32748800000134,409,0,0,0,0,130.7515419975971,False,0,True,3,57,55,241,55,409,59
1844,55.32748800000134,55.35748800000134,468,0,0,0,0,134.86600000032922,False,0,True,3,82,80,272,82,468,94
1845,55.35748800000134,55.38748800000134,428,0,0,0,0,133.15191699803108,False,0,True,3,78,76,250,78,428,91
1846,55.38748800000134,55.41748800000134,400,1,1,0,0,134.19854200037662,False,0,True,3,81,79,235,81,400,88
1847,55.41748800000134,55.44748800000134,373,1,1,0,0,134.36287499644095,False,0,True,3,79,78,206,80,373,84
1848,55.44748800000134,55.477488000001344,439,1,1,1,1,135.15195900254184,False,0,True,3,79,78,235,79,439,94
1849,55.477488000001344,55.507488000001345,483,1,1,1,1,134.90050000109477,False,0,True,3,73,70,234,74,483,97
1850,55.507488000001345,55.537488000001346,496,1,1,1,1,131.50937499449356,False,0,True,3,79,76,245,79,496,90
1851,55.537488000001346,55.56748800000135,572,1,1,1,1,133.85904199822107,False,0,True,3,101,96,291,96,572,119
1852,55.56748800000135,55.59748800000135,552,2,2,1,1,134.81145800324157,False,0,True,3,89,85,284,85,552,102
1853,55.59748800000135,55.62748800000135,523,2,2,1,1,135.32649999979185,False,0,True,3,86,83,248,86,523,90
1854,55.62748800000135,55.65748800000135,544,2,2,2,2,135.53754200256662,False,0,True,3,88,84,259,86,544,89
1855,55.65748800000135,55.68748800000135,574,2,2,2,2,134.89708299312042,False,0,True,3,88,86,267,87,574,88
1856,55.68748800000135,55.71748800000135,681,2,2,2,2,133.55395799590042,False,0,True,3,88,86,283,87,681,92
1857,55.71748800000135,55.747488000001354,615,2,2,2,2,133.6690419993829,False,0,True,3,71,69,272,74,615,78
1858,55.747488000001354,55.777488000001355,618,2,2,2,2,134.2235839983914,False,0,True,3,80,77,266,79,618,87
1859,55.777488000001355,55.80748800000136,525,1,1,1,1,133.140750003804,False,0,True,3,78,77,251,78,525,80
1860,55.80748800000136,55.83748800000136,502,1,1,1,1,134.1298750048736,False,0,True,3,75,74,258,75,502,76
1861,55.83748800000136,55.86748800000136,517,0,0,0,0,134.45170899649384,False,0,True,3,73,71,272,72,517,75
1862,55.86748800000136,55.89748800000136,544,1,1,1,1,134.32862499757903,False,0,True,3,78,74,286,77,544,84
1863,55.89748800000136,55.92748800000136,569,2,2,1,1,134.42058300279314,False,0,True,3,85,82,311,84,569,89
1864,55.92748800000136,55.95748800000136,550,3,2,1,1,131.3507090017083,False,0,True,3,105,103,332,104,550,125
1865,55.95748800000136,55.98748800000136,516,3,2,2,2,134.48679100110894,False,0,True,3,97,95,316,98,516,112
1866,55.98748800000136,56.017488000001364,486,2,2,2,2,133.41962499544024,False,0,True,3,91,88,304,88,486,105
1867,56.017488000001364,56.047488000001366,513,1,1,1,1,134.1168330036453,False,0,True,3,70,69,280,70,513,80
1868,56.047488000001366,56.07748800000137,529,1,1,1,1,134.2932080005994,False,0,True,3,99,98,301,102,529,107
1869,56.07748800000137,56.10748800000137,472,1,1,1,1,133.7022919979063,False,0,True,3,81,80,273,80,472,84
1870,56.10748800000137,56.13748800000137,488,1,1,1,1,134.745124996698,False,0,True,3,71,69,280,70,488,73
1871,56.13748800000137,56.16748800000137,442,1,1,1,1,134.37737499771174,False,0,True,3,83,80,284,81,442,89
1872,56.16748800000137,56.19748800000137,367,1,1,1,1,135.2338750002673,False,0,True,3,91,89,251,90,367,92
1873,56.19748800000137,56.22748800000137,314,1,1,1,1,132.7499160033767,False,0,True,3,90,87,243,92,314,99
1874,56.22748800000137,56.25748800000137,305,2,2,1,1,134.6005419982248,False,0,True,3,84,80,242,82,305,87
1875,56.25748800000137,56.287488000001375,185,0,0,0,0,118.76541699894005,False,0,True,3,82,78,164,80,185,88
1876,56.287488000001375,56.317488000001376,180,0,0,0,0,133.12829099595547,False,0,True,3,74,68,161,68,180,75
1877,56.317488000001376,56.34748800000138,190,0,0,0,0,131.42308299575234,False,0,True,3,83,77,169,78,190,85
1878,56.34748800000138,56.37748800000138,243,1,1,0,0,132.05708299938124,False,0,True,3,72,69,196,70,243,74
1879,56.37748800000138,56.40748800000138,311,1,1,0,0,131.3600419962313,False,0,True,3,94,93,222,96,311,101
1880,56.40748800000138,56.43748800000138,360,1,1,1,1,133.90712500404334,False,0,True,3,81,80,233,81,360,89
1881,56.43748800000138,56.46748800000138,389,1,1,1,1,134.17800000024727,False,0,True,3,72,71,244,72,389,78
1882,56.46748800000138,56.49748800000138,437,1,1,1,1,134.13012499950128,False,0,True,3,79,77,275,78,437,86
1883,56.49748800000138,56.527488000001384,563,1,1,1,1,134.1695000010077,False,0,True,3,80,79,292,82,563,89
1884,56.527488000001384,56.557488000001385,652,1,1,1,1,133.6619170033373,False,0,True,3,81,80,334,83,652,97
1885,56.557488000001385,56.587488000001386,802,1,1,1,1,132.95937499788124,False,0,True,3,77,74,380,76,802,83
1886,56.587488000001386,56.61748800000139,1090,1,1,1,1,134.4845420026104,False,0,True,3,90,86,412,89,1090,92
1887,56.61748800000139,56.64748800000139,1179,1,1,1,1,132.2335410004598,False,0,True,3,77,75,426,79,1179,88
1888,56.64748800000139,56.67748800000139,1479,1,1,1,1,131.97275000129594,False,0,True,3,76,72,520,77,1479,83
1889,56.67748800000139,56.70748800000139,1577,1,1,1,1,131.59741599520203,False,0,True,3,85,82,621,87,1577,93
1890,56.70748800000139,56.73748800000139,1584,1,1,1,1,133.21691699820803,False,0,True,3,97,93,504,98,1584,101
1891,56.73748800000139,56.76748800000139,1625,1,1,1,1,133.66574999963632,False,0,True,3,92,89,435,91,1625,94
1892,56.76748800000139,56.797488000001394,1548,1,1,1,1,134.5092499977909,False,0,True,3,71,69,426,70,1548,75
1893,56.797488000001394,56.827488000001395,1606,0,0,0,0,136.5162079964648,False,0,True,3,83,77,501,80,1606,83
1894,56.827488000001395,56.857488000001396,1530,1,1,1,1,141.25237500411458,False,0,True,3,103,99,480,101,1530,117
1895,56.857488000001396,56.8874880000014,1460,1,1,1,1,214.3508329972974,False,0,True,3,81,79,463,85,1460,95
1896,56.8874880000014,56.9174880000014,1484,0,0,0,0,144.1402919954271,False,0,True,3,91,89,474,92,1484,95
1897,56.9174880000014,56.9474880000014,1546,1,1,1,1,137.1794160004356,False,0,True,3,81,80,483,82,1546,89
1898,56.9474880000014,56.9774880000014,1789,2,1,1,1,136.9641249984852,False,0,True,3,101,100,523,103,1789,126
1899,56.9774880000014,57.0074880000014,2003,2,2,1,1,137.18633300595684,False,0,True,3,96,92,563,94,2003,103
1900,57.0074880000014,57.0374880000014,2379,2,2,1,1,140.9218749977299,False,0,True,3,96,94,574,96,2379,105
1901,57.0374880000014,57.067488000001404,2381,1,1,1,1,136.2434159964323,False,0,True,3,87,86,508,91,2381,97
1902,57.067488000001404,57.097488000001405,1601,1,1,1,1,136.9797910010675,False,0,True,3,103,101,447,103,1601,111
1903,57.097488000001405,57.12748800000141,1192,1,1,1,1,136.92583400552394,False,0,True,3,104,102,436,105,1192,117
1904,57.12748800000141,57.15748800000141,701,1,1,1,1,134.66575000347802,False,0,True,3,95,93,366,96,701,106
1905,57.15748800000141,57.18748800000141,713,1,1,1,1,134.90762500441633,False,0,True,3,101,99,398,104,713,107
1906,57.18748800000141,57.21748800000141,725,1,1,1,1,136.49258299847133,False,0,True,3,81,78,355,81,725,88
1907,57.21748800000141,57.24748800000141,863,0,0,0,0,134.73516600060975,False,0,True,3,80,78,363,79,863,86
1908,57.24748800000141,57.27748800000141,600,1,1,1,1,134.41349999629892,False,0,True,3,76,75,327,76,600,79
1909,57.27748800000141,57.30748800000141,610,1,1,1,1,136.36395900539355,False,0,True,3,81,79,287,80,610,91
1910,57.30748800000141,57.337488000001414,495,1,1,1,1,136.5864170002169,False,0,True,3,72,71,284,71,495,83
1911,57.337488000001414,57.367488000001416,406,1,1,1,1,136.55220899818232,False,0,True,3,73,71,263,71,406,76
1912,57.367488000001416,57.39748800000142,466,1,1,1,1,140.63529200211633,False,0,True,3,68,66,313,68,466,72
1913,57.39748800000142,57.42748800000142,634,1,1,1,1,136.32837500335881,False,0,True,3,77,74,367,74,634,80
1914,57.42748800000142,57.45748800000142,615,1,1,1,1,137.8558750002412,False,0,True,3,68,67,329,70,615,77
1915,57.45748800000142,57.48748800000142,805,1,1,1,1,137.22374999633757,False,0,True,3,52,50,382,52,805,55
1916,57.48748800000142,57.51748800000142,822,1,1,1,1,135.7796669981326,False,0,True,3,61,59,407,64,822,66
1917,57.51748800000142,57.54748800000142,967,1,1,1,1,134.44895800057566,False,0,True,3,61,60,440,62,967,67
1918,57.54748800000142,57.57748800000142,1177,1,1,1,1,137.61787499970524,False,0,True,3,76,74,487,78,1177,83
1919,57.57748800000142,57.607488000001425,1439,1,1,1,1,137.36662500014063,False,0,True,3,78,77,563,81,1439,83
1920,57.607488000001425,57.637488000001426,2218,1,1,1,1,137.1665420010686,False,0,True,3,80,77,683,80,2218,83
1921,57.637488000001426,57.66748800000143,2563,1,1,1,1,136.501542001497,False,0,True,3,99,95,825,104,2563,109
1922,57.66748800000143,57.69748800000143,2776,1,1,1,1,135.8931249997113,False,0,True,3,67,61,847,65,2776,67
1923,57.69748800000143,57.72748800000143,3261,1,1,1,1,136.31195799825946,False,0,True,3,85,77,934,87,3261,95
1924,57.72748800000143,57.75748800000143,3311,1,1,1,1,137.4493330004043,False,0,True,3,102,94,939,100,3311,103
1925,57.75748800000143,57.78748800000143,2883,1,1,1,1,137.1667499988689,False,0,True,3,116,113,938,121,2883,123
1926,57.78748800000143,57.81748800000143,2821,1,1,1,1,138.0068329963251,False,0,True,3,99,95,868,100,2821,106
1927,57.81748800000143,57.847488000001434,3191,1,1,1,1,137.3540829954436,False,0,True,3,134,132,914,140,3191,149
1928,57.847488000001434,57.877488000001435,3999,1,1,1,1,138.40395800070837,False,0,True,3,126,123,869,129,3999,134
1929,57.877488000001435,57.907488000001436,5477,1,1,1,1,138.7176670032204,False,0,True,3,105,98,936,104,5477,110
1930,57.907488000001436,57.93748800000144,5192,1,1,1,1,136.60504199651768,False,0,True,3,124,123,935,126,5192,133
1931,57.93748800000144,57.96748800000144,4650,2,1,1,1,137.548833998153,False,0,True,3,117,113,919,115,4650,124
1932,57.96748800000144,57.99748800000144,3934,1,1,1,1,138.98137499927543,False,0,True,3,107,103,952,110,3934,118
1933,57.99748800000144,58.02748800000144,4579,1,1,1,1,138.47104100568686,False,0,True,3,109,105,995,112,4579,118
1934,58.02748800000144,58.05748800000144,5124,1,1,1,1,140.9810830009519,False,0,True,3,113,110,1151,118,5124,122
1935,58.05748800000144,58.08748800000144,5400,1,1,1,1,139.36937499966007,False,0,True,3,130,128,1118,136,5400,139
1936,58.08748800000144,58.117488000001444,9085,1,1,1,1,140.42262500151992,False,0,True,3,115,110,1294,117,9085,122
1937,58.117488000001444,58.147488000001445,14297,1,1,1,1,140.25883300200803,False,0,True,3,93,90,1546,99,14297,101
1938,58.147488000001445,58.177488000001446,15678,1,1,1,1,140.4377500002738,False,0,True,3,122,116,1614,123,15678,127
1939,58.177488000001446,58.20748800000145,10714,1,1,1,1,139.45349999994505,False,0,True,3,158,151,1598,162,10714,179
1940,58.20748800000145,58.23748800000145,7051,0,0,0,0,137.52849999582395,False,0,True,3,182,169,1455,182,7051,187
1941,58.23748800000145,58.26748800000145,7565,0,0,0,0,139.1207909982768,False,0,True,3,148,143,1424,151,7565,157
1942,58.26748800000145,58.29748800000145,7698,1,1,1,1,138.93308299884666,False,0,True,3,164,160,1496,175,7698,179
1943,58.29748800000145,58.32748800000145,12268,1,1,1,1,139.79087499319576,False,0,True,3,157,153,1566,164,12268,168
1944,58.32748800000145,58.35748800000145,14600,1,1,1,1,139.81870799761964,False,0,True,3,147,142,1643,146,14600,158
1945,58.35748800000145,58.387488000001454,11279,1,1,1,1,140.04908399510896,False,0,True,3,155,145,1630,159,11279,164
1946,58.387488000001454,58.417488000001455,8579,1,1,1,1,139.52504099870566,False,0,True,3,181,170,1608,179,8579,183
1947,58.417488000001455,58.44748800000146,4049,1,1,1,1,137.92341700172983,False,0,True,3,198,188,1369,203,4049,218
1948,58.44748800000146,58.47748800000146,3532,1,1,1,1,137.96491599350702,False,0,True,3,196,188,1257,200,3532,212
1949,58.47748800000146,58.50748800000146,2930,1,1,1,1,137.30958300584462,False,0,True,3,180,174,1144,182,2930,200
1950,58.50748800000146,58.53748800000146,3488,1,1,1,1,137.56683400424663,False,0,True,3,165,160,1272,169,3488,180
1951,58.53748800000146,58.56748800000146,3706,1,1,1,1,136.1889580002753,False,0,True,3,146,142,1198,149,3706,162
1952,58.56748800000146,58.59748800000146,2864,2,1,1,1,137.47183300438337,False,0,True,3,146,142,1063,153,2864,167
1953,58.59748800000146,58.62748800000146,2135,0,0,0,0,135.81724999676226,False,0,True,3,143,138,920,152,2135,160
1954,58.62748800000146,58.657488000001464,3260,1,1,1,1,136.94295800087275,False,0,True,3,168,163,1420,176,3260,188
1955,58.657488000001464,58.687488000001466,3518,1,1,1,1,138.04150000214577,False,0,True,3,141,134,1718,139,3518,158
1956,58.687488000001466,58.71748800000147,2914,1,1,1,1,136.68774999678135,False,0,True,3,145,141,1491,148,2914,162
1957,58.71748800000147,58.74748800000147,2846,2,2,1,1,136.68383299955167,False,0,True,3,144,140,1234,146,2846,160
1958,58.74748800000147,58.77748800000147,2608,1,1,1,1,138.17466700129444,False,0,True,3,115,111,1184,113,2608,116
1959,58.77748800000147,58.80748800000147,2688,2,2,1,1,139.32445899990853,False,0,True,3,114,111,1188,113,2688,118
1960,58.80748800000147,58.83748800000147,2690,3,3,1,1,138.2293330025277,False,0,True,3,124,119,1159,124,2690,129
1961,58.83748800000147,58.86748800000147,2534,2,2,1,1,139.58266599365743,False,0,True,3,130,127,1093,127,2534,130
1962,58.86748800000147,58.89748800000147,2543,3,3,1,1,139.71537500037812,False,0,True,3,111,109,1024,114,2543,120
1963,58.89748800000147,58.927488000001475,2361,2,2,1,1,137.68216699827462,False,0,True,3,116,111,916,118,2361,125
1964,58.927488000001475,58.957488000001476,1687,2,2,1,1,137.20470900443615,False,0,True,3,117,110,703,114,1687,118
1965,58.957488000001476,58.98748800000148,1475,1,1,1,1,137.56662500236416,False,0,True,3,95,92,565,97,1475,100
1966,58.98748800000148,59.01748800000148,1394,1,1,1,1,139.16900000185706,False,0,True,3,109,106,551,111,1394,116
1967,59.01748800000148,59.04748800000148,1314,1,1,1,1,137.3949580010958,False,0,True,3,105,102,525,104,1314,110
1968,59.04748800000148,59.07748800000148,1299,1,1,1,1,136.8322080015787,False,0,True,3,106,105,515,109,1299,116
1969,59.07748800000148,59.10748800000148,1305,1,1,1,1,137.5302919987007,False,0,True,3,93,90,502,92,1305,101
1970,59.10748800000148,59.13748800000148,1364,1,1,1,1,137.7105420033331,False,0,True,3,102,101,505,106,1364,113
1971,59.13748800000148,59.167488000001484,1581,1,1,1,1,138.05704100377625,False,0,True,3,117,114,550,121,1581,129
1972,59.167488000001484,59.197488000001485,2098,1,1,1,1,138.17574999848148,False,0,True,3,110,108,571,113,2098,123
1973,59.197488000001485,59.227488000001486,2360,1,1,1,1,137.22883299487876,False,0,True,3,89,88,582,90,2360,102
1974,59.227488000001486,59.25748800000149,2478,1,1,1,1,138.72558400180424,False,0,True,3,100,98,631,103,2478,107
1975,59.25748800000149,59.28748800000149,2640,1,1,1,1,138.72616599837784,False,0,True,3,116,113,644,120,2640,139
1976,59.28748800000149,59.31748800000149,2221,1,1,1,1,138.05924999905983,False,0,True,3,122,119,603,128,2221,143
1977,59.31748800000149,59.34748800000149,1459,1,1,1,1,138.41616599529516,False,0,True,3,111,107,542,111,1459,130
1978,59.34748800000149,59.37748800000149,1231,1,1,1,1,139.9299170006998,False,0,True,3,106,102,493,105,1231,117
1979,59.37748800000149,59.40748800000149,1215,1,1,1,1,141.7381249993923,False,0,True,3,123,120,503,125,1215,134
1980,59.40748800000149,59.437488000001494,1155,2,2,1,1,137.22433299699333,False,0,True,3,88,86,464,90,1155,93
1981,59.437488000001494,59.467488000001495,1112,2,2,1,1,136.96354100102326,False,0,True,3,92,87,499,89,1112,90
1982,59.467488000001495,59.497488000001496,1716,1,1,1,1,137.52708399988478,False,0,True,3,92,86,568,88,1716,95
1983,59.497488000001496,59.5274880000015,2644,1,1,1,1,137.52266600204166,False,0,True,3,107,104,588,106,2644,110
1984,59.5274880000015,59.5574880000015,2451,1,1,1,1,136.89054200222017,False,0,True,3,101,94,587,96,2451,99
1985,59.5574880000015,59.5874880000015,2464,1,1,1,1,135.45012500253506,False,0,True,3,123,117,603,121,2464,127
1986,59.5874880000015,59.6174880000015,1954,1,1,1,1,135.7865829995717,False,0,True,3,109,106,521,112,1954,122
1987,59.6174880000015,59.6474880000015,965,1,1,1,1,134.71745800052304,False,0,True,3,112,108,454,113,965,118
1988,59.6474880000015,59.6774880000015,860,1,1,1,1,135.3134160017362,False,0,True,3,116,114,412,118,860,123
1989,59.6774880000015,59.707488000001504,838,1,1,1,1,136.00329099426745,False,0,True,3,101,100,400,104,838,104
1990,59.707488000001504,59.737488000001505,1050,1,1,1,1,135.60783299908508,False,0,True,3,122,120,414,125,1050,136
1991,59.737488000001505,59.76748800000151,790,1,1,1,1,136.13541599625023,False,0,True,3,114,109,358,110,790,115
1992,59.76748800000151,59.79748800000151,830,1,1,1,1,135.92933399922913,False,0,True,3,98,96,303,100,830,106
1993,59.79748800000151,59.82748800000151,577,1,1,1,1,136.54212500114227,False,0,True,3,94,92,276,94,577,104
1994,59.82748800000151,59.85748800000151,568,1,1,1,1,134.85095799842384,False,0,True,3,103,102,298,109,568,123
1995,59.85748800000151,59.88748800000151,609,1,1,1,1,135.07391599705443,False,0,True,3,86,84,304,87,609,93
1996,59.88748800000151,59.91748800000151,618,1,1,1,1,135.19970799825387,False,0,True,3,105,103,318,107,618,113
1997,59.91748800000151,59.94748800000151,555,1,1,1,1,136.37312499486143,False,0,True,3,79,78,281,81,555,89
1998,59.94748800000151,59.977488000001514,536,1,1,1,1,135.05054199777078,False,0,True,3,88,86,294,89,536,92
1999,59.977488000001514,60.007488000001516,586,1,1,1,1,136.94912499340717,False,0,True,3,89,88,302,89,586,92
2000,60.007488000001516,60.03748800000152,590,0,0,0,0,134.9172499976703,False,0,True,3,78,77,288,77,590,81
2001,60.03748800000152,60.06748800000152,554,1,1,1,1,135.35554199916078,False,0,True,3,84,83,288,86,554,94
2002,60.06748800000152,60.09748800000152,476,1,1,1,1,136.9131669998751,False,0,True,3,82,80,263,83,476,87
2003,60.09748800000152,60.12748800000152,504,1,1,1,1,136.03170800342923,False,0,True,3,87,85,263,88,504,103
2004,60.12748800000152,60.15748800000152,534,1,1,1,1,135.41812499897787,False,0,True,3,87,84,266,85,534,91
2005,60.15748800000152,60.18748800000152,551,1,1,1,1,136.00854199466994,False,0,True,3,79,78,265,79,551,84
2006,60.18748800000152,60.217488000001524,559,1,1,1,1,136.25933400180656,False,0,True,3,70,69,257,71,559,85
2007,60.217488000001524,60.247488000001525,535,1,1,1,1,135.18958399799885,False,0,True,3,65,64,240,66,535,75
2008,60.247488000001525,60.277488000001526,558,1,1,1,1,135.5658750035218,False,0,True,3,84,82,253,84,558,86
2009,60.277488000001526,60.30748800000153,471,1,1,1,1,139.14058299997123,False,0,True,3,68,67,218,68,471,75
2010,60.30748800000153,60.33748800000153,467,1,1,1,1,134.60845800000243,False,0,True,3,73,72,223,74,467,80
2011,60.33748800000153,60.36748800000153,415,1,1,1,1,133.31629100139253,False,0,True,3,62,60,200,60,415,63
2012,60.36748800000153,60.39748800000153,359,1,1,1,1,135.41816599899903,False,0,True,3,63,61,203,63,359,66
2013,60.39748800000153,60.42748800000153,430,1,1,1,1,135.76812500105007,False,0,True,3,75,72,222,72,430,82
2014,60.42748800000153,60.45748800000153,341,1,1,1,1,134.61854199704248,False,0,True,3,75,74,202,77,341,78
2015,60.45748800000153,60.487488000001534,304,1,1,1,1,135.6632500028354,False,0,True,3,68,67,173,68,304,70
2016,60.487488000001534,60.517488000001535,274,1,1,1,1,137.16841600398766,False,0,True,3,88,87,169,89,274,97
2017,60.517488000001535,60.547488000001536,232,1,1,1,1,135.67979200161062,False,0,True,3,84,82,156,84,232,90
2018,60.547488000001536,60.57748800000154,197,0,0,0,0,133.62433299334953,False,0,True,3,77,75,148,75,197,80
2019,60.57748800000154,60.60748800000154,181,0,0,0,0,134.18854199699126,False,0,True,3,67,65,135,66,181,67
2020,60.60748800000154,60.63748800000154,177,0,0,0,0,135.46762500482146,False,0,True,3,66,65,141,65,177,69
2021,60.63748800000154,60.66748800000154,178,0,0,0,0,139.30675000301562,False,0,True,3,62,59,146,60,178,61
2022,60.66748800000154,60.69748800000154,177,1,1,0,0,137.951750002685,False,0,True,3,55,53,136,53,177,58
2023,60.69748800000154,60.72748800000154,190,0,0,0,0,136.61433300148929,False,0,True,3,79,78,156,80,190,85
2024,60.72748800000154,60.757488000001544,187,1,1,0,0,134.5643749955343,False,0,True,3,44,43,139,43,187,47
2025,60.757488000001544,60.787488000001545,211,1,1,0,0,135.77700000314508,False,0,True,3,75,74,160,76,211,78
2026,60.787488000001545,60.817488000001546,243,1,1,1,1,135.78154199785786,False,0,True,3,63,61,182,61,243,61
2027,60.817488000001546,60.84748800000155,246,1,1,1,1,134.77224999951432,False,0,True,3,59,58,173,59,246,64
2028,60.84748800000155,60.87748800000155,233,1,1,1,1,134.34416700329166,False,0,True,3,50,49,161,50,233,52
2029,60.87748800000155,60.90748800000155,235,1,1,1,1,134.75566700071795,False,0,True,3,64,62,170,63,235,68
2030,60.90748800000155,60.93748800000155,212,1,1,1,1,135.65245799691183,False,0,True,3,50,48,147,49,212,52
2031,60.93748800000155,60.96748800000155,232,1,1,1,1,135.46349999523954,False,0,True,3,73,71,159,71,232,73
2032,60.96748800000155,60.99748800000155,253,1,1,1,1,136.34020899917232,False,0,True,3,70,69,160,71,253,74
2033,60.99748800000155,61.027488000001554,295,1,1,1,1,135.38429199979873,False,0,True,3,64,63,179,65,295,69
2034,61.027488000001554,61.057488000001555,307,1,1,1,1,134.29824999911943,False,0,True,3,45,44,175,44,307,50
2035,61.057488000001555,61.08748800000156,343,1,1,1,1,134.80066700140014,False,0,True,3,64,62,197,63,343,65
2036,61.08748800000156,61.11748800000156,374,1,1,1,1,136.00837500416674,False,0,True,3,57,55,191,55,374,61
2037,61.11748800000156,61.14748800000156,358,1,1,1,1,136.56025000091176,False,0,True,3,53,52,197,54,358,57
2038,61.14748800000156,61.17748800000156,406,1,1,1,1,135.55108299624408,False,0,True,3,66,65,214,66,406,76
2039,61.17748800000156,61.20748800000156,383,1,1,1,1,134.96033399860607,False,0,True,3,56,55,206,56,383,57
2040,61.20748800000156,61.23748800000156,522,1,1,1,1,137.1596250028233,False,0,True,3,73,71,259,72,522,74
2041,61.23748800000156,61.26748800000156,556,1,1,1,1,132.5666659977287,False,0,True,3,65,64,270,66,556,69
2042,61.26748800000156,61.297488000001565,651,1,1,1,1,139.44708299823105,False,0,True,3,64,63,277,64,651,65
2043,61.297488000001565,61.327488000001566,692,1,1,1,1,197.4740000005113,False,0,True,3,62,61,297,61,692,64
2044,61.327488000001566,61.35748800000157,719,1,1,1,1,138.01700000476558,False,0,True,3,71,69,309,71,719,78
2045,61.35748800000157,61.38748800000157,735,1,1,1,1,135.27983400126686,False,0,True,3,72,71,324,72,735,80
2046,61.38748800000157,61.41748800000157,796,1,1,1,1,136.75991700438317,False,0,True,3,90,87,362,90,796,97
2047,61.41748800000157,61.44748800000157,798,1,1,1,1,137.45358400046825,False,0,True,3,75,74,345,77,798,79
2048,61.44748800000157,61.47748800000157,829,1,1,1,1,137.33729199884692,False,0,True,3,74,73,338,75,829,78
2049,61.47748800000157,61.50748800000157,835,1,1,1,1,136.4089580019936,False,0,True,3,80,75,363,76,835,79
2050,61.50748800000157,61.537488000001574,806,1,1,1,1,138.5781249991851,False,0,True,3,77,72,359,74,806,83
2051,61.537488000001574,61.567488000001575,808,1,1,1,1,136.34287499735365,False,0,True,3,82,79,345,81,808,86
2052,61.567488000001575,61.597488000001576,833,1,1,1,1,136.93454200256383,False,0,True,3,79,75,363,77,833,78
2053,61.597488000001576,61.62748800000158,850,1,1,1,1,138.30616600171197,False,0,True,3,74,70,371,71,850,76
2054,61.62748800000158,61.65748800000158,779,1,1,1,1,135.28695800050627,False,0,True,3,108,104,393,110,779,113
2055,61.65748800000158,61.68748800000158,753,1,1,1,1,136.0489159997087,False,0,True,3,91,86,395,87,753,90
2056,61.68748800000158,61.71748800000158,730,1,1,1,1,136.81379100307822,False,0,True,3,78,76,349,77,730,79
2057,61.71748800000158,61.74748800000158,731,1,1,1,1,136.15274999756366,False,0,True,3,84,82,363,86,731,87
2058,61.74748800000158,61.77748800000158,755,1,1,1,1,134.3198750037118,False,0,True,3,74,73,361,76,755,78
2059,61.77748800000158,61.807488000001584,812,1,1,1,1,136.42224999784958,False,0,True,3,66,63,382,64,812,65
2060,61.807488000001584,61.837488000001585,891,1,1,1,1,136.79741600208217,False,0,True,3,71,70,384,72,891,73
2061,61.837488000001585,61.867488000001586,1180,1,1,1,1,135.54766699962784,False,0,True,3,79,77,446,81,1180,84
2062,61.867488000001586,61.89748800000159,1391,1,1,1,1,136.41829200059874,False,0,True,3,65,64,457,64,1391,67
2063,61.89748800000159,61.92748800000159,1164,1,1,1,1,137.0614170009503,False,0,True,3,91,89,462,94,1164,95
2064,61.92748800000159,61.95748800000159,1328,1,1,1,1,135.80345799709903,False,0,True,3,93,90,500,92,1328,93
2065,61.95748800000159,61.98748800000159,2505,1,1,1,1,136.5983329960727,False,0,True,3,112,107,641,111,2505,115
2066,61.98748800000159,62.01748800000159,3151,1,1,1,1,139.0540830034297,False,0,True,3,87,82,722,86,3151,90
2067,62.01748800000159,62.04748800000159,3251,1,1,1,1,136.50575000065146,False,0,True,3,110,102,762,107,3251,109
2068,62.04748800000159,62.077488000001594,2467,1,1,1,1,136.66737499443116,False,0,True,3,109,104,653,108,2467,113
2069,62.077488000001594,62.107488000001595,1433,1,1,1,1,136.29287499497877,False,0,True,3,123,116,522,122,1433,126
2070,62.107488000001595,62.137488000001596,1516,1,1,1,1,137.99833400116768,False,0,True,3,119,118,471,120,1516,125
2071,62.137488000001596,62.1674880000016,1520,1,1,1,1,135.40616699901875,False,0,True,3,102,101,470,112,1520,113
2072,62.1674880000016,62.1974880000016,2071,1,1,1,1,135.3319170011673,False,0,True,3,86,81,564,83,2071,85
2073,62.1974880000016,62.2274880000016,3147,1,1,1,1,136.71708300535101,False,0,True,3,103,100,718,104,3147,107
2074,62.2274880000016,62.2574880000016,3377,1,1,1,1,136.06245800474426,False,0,True,3,103,98,802,105,3377,108
2075,62.2574880000016,62.2874880000016,3145,1,1,1,1,135.61316700361203,False,0,True,3,117,113,772,121,3145,122
2076,62.2874880000016,62.3174880000016,2302,1,1,1,1,136.65008299722103,False,0,True,3,119,115,698,120,2302,121
2077,62.3174880000016,62.347488000001604,2058,1,1,1,1,137.9558329936117,False,0,True,3,118,109,649,116,2058,118
2078,62.347488000001604,62.377488000001605,2597,1,1,1,1,137.2092080055154,False,0,True,3,121,117,887,122,2597,124
2079,62.377488000001605,62.40748800000161,3278,1,1,1,1,137.2585839999374,False,0,True,3,137,130,1146,135,3278,139
2080,62.40748800000161,62.43748800000161,3421,1,1,1,1,138.28374999866355,False,0,True,3,124,120,1219,126,3421,129
2081,62.43748800000161,62.46748800000161,3506,1,1,1,1,137.16454200039152,False,0,True,3,143,139,1233,149,3506,155
2082,62.46748800000161,62.49748800000161,3348,1,1,1,1,135.6982080033049,False,0,True,3,126,121,1233,128,3348,130
2083,62.49748800000161,62.52748800000161,3064,1,1,1,1,137.1116250011255,False,0,True,3,136,129,1240,135,3064,137
2084,62.52748800000161,62.55748800000161,2926,1,1,1,1,137.481541998568,False,0,True,3,125,120,1253,127,2926,136
2085,62.55748800000161,62.58748800000161,2787,1,1,1,1,136.59791700047208,False,0,True,3,151,147,1269,156,2787,172
2086,62.58748800000161,62.617488000001615,2002,1,1,1,1,136.13266599713825,False,0,True,3,123,120,1088,126,2002,132
2087,62.617488000001615,62.647488000001616,2039,1,1,1,1,136.68041699565947,False,0,True,3,137,132,1050,142,2039,152
2088,62.647488000001616,62.67748800000162,1591,1,1,1,1,136.0857079998823,False,0,True,3,128,119,1042,127,1591,137
2089,62.67748800000162,62.70748800000162,1330,1,1,1,1,135.01454099605326,False,0,True,3,132,124,951,131,1330,137
2090,62.70748800000162,62.73748800000162,885,1,1,1,1,135.8234170038486,False,0,True,3,120,115,719,119,885,131
2091,62.73748800000162,62.76748800000162,564,1,1,1,1,136.1697499960428,False,0,True,3,138,124,468,134,564,145
2092,62.76748800000162,62.79748800000162,555,3,3,1,1,137.21979199908674,False,0,True,3,130,113,433,115,555,120
2093,62.79748800000162,62.82748800000162,539,0,0,0,0,134.24066699371906,False,0,True,3,123,115,386,121,539,136
2094,62.82748800000162,62.857488000001624,394,1,1,0,0,136.58708299772115,False,0,True,3,134,126,318,134,394,159
2095,62.857488000001624,62.887488000001625,528,1,1,0,0,135.89441599469865,False,0,True,3,96,93,342,101,528,125
2096,62.887488000001625,62.917488000001626,869,1,1,1,1,135.2428750033141,False,0,True,3,102,99,462,101,869,112
2097,62.917488000001626,62.94748800000163,1516,1,1,1,1,138.29095799883362,False,0,True,3,74,71,696,72,1516,77
2098,62.94748800000163,62.97748800000163,2248,1,1,1,1,136.55270799790742,False,0,True,3,78,72,873,75,2248,77
2099,62.97748800000163,63.00748800000163,2701,1,1,1,1,135.53816600324353,False,0,True,3,102,99,929,105,2701,109
2100,63.00748800000163,63.03748800000163,3552,1,1,1,1,137.15741600026377,False,0,True,3,112,107,1038,115,3552,117
2101,63.03748800000163,63.06748800000163,3741,1,1,1,1,139.50970899895765,False,0,True,3,114,107,1104,117,3741,128
2102,63.06748800000163,63.09748800000163,3651,1,1,1,1,137.19891700020526,False,0,True,3,138,129,1130,140,3651,144
2103,63.09748800000163,63.127488000001634,4638,1,1,1,1,135.53587499336572,False,0,True,3,140,133,1186,148,4638,150
2104,63.127488000001634,63.157488000001635,4730,1,1,1,1,136.65120799851138,False,0,True,3,160,149,1254,159,4730,163
2105,63.157488000001635,63.187488000001636,4251,1,1,1,1,136.75745799992,False,0,True,3,158,150,1239,162,4251,166
2106,63.187488000001636,63.21748800000164,3842,1,1,1,1,138.37533300102223,False,0,True,3,166,159,1321,171,3842,173
2107,63.21748800000164,63.24748800000164,4376,1,1,1,1,139.0869169990765,False,0,True,3,208,195,1264,208,4376,211
2108,63.24748800000164,63.27748800000164,4261,1,1,1,1,136.6642499997397,False,0,True,3,179,171,1128,181,4261,191
2109,63.27748800000164,63.30748800000164,3391,1,1,1,1,137.93479099695105,False,0,True,3,156,150,1027,161,3391,167
2110,63.30748800000164,63.33748800000164,4150,1,1,1,1,138.61341700248886,False,0,True,3,173,169,1056,178,4150,188
2111,63.33748800000164,63.36748800000164,3567,1,1,1,1,138.07420899684075,False,0,True,3,158,153,980,160,3567,172
2112,63.36748800000164,63.397488000001644,2663,0,0,0,0,135.54541600024095,False,0,True,3,145,141,902,149,2663,158
2113,63.397488000001644,63.427488000001645,3372,0,0,0,0,136.48066699533956,False,0,True,3,134,132,884,142,3372,149
2114,63.427488000001645,63.457488000001646,2443,1,1,1,1,137.05174999631708,False,0,True,3,159,154,818,158,2443,163
2115,63.457488000001646,63.48748800000165,1974,1,1,1,1,136.31079100014176,False,0,True,3,175,174,780,180,1974,195
2116,63.48748800000165,63.51748800000165,2622,1,1,1,1,136.52004199684598,False,0,True,3,149,146,950,155,2622,163
2117,63.51748800000165,63.54748800000165,3216,1,1,1,1,137.40770899312338,False,0,True,3,146,143,994,148,3216,156
2118,63.54748800000165,63.57748800000165,2861,0,0,0,0,135.6982090001111,False,0,True,3,138,133,946,140,2861,144
2119,63.57748800000165,63.60748800000165,2490,1,1,1,1,136.19362500321586,False,0,True,3,141,136,887,142,2490,147
2120,63.60748800000165,63.63748800000165,3787,1,1,1,1,137.46550000360003,False,0,True,3,128,119,1108,123,3787,127
2121,63.63748800000165,63.667488000001654,4712,1,1,1,1,136.53350000095088,False,0,True,3,163,157,1118,165,4712,171
2122,63.667488000001654,63.697488000001655,4110,1,1,1,1,136.62558299984084,False,0,True,3,150,145,944,149,4110,152
2123,63.697488000001655,63.72748800000166,3722,1,1,1,1,136.6797079972457,False,0,True,3,143,140,954,150,3722,164
2124,63.72748800000166,63.75748800000166,3811,1,1,1,1,137.42875000025379,False,0,True,3,147,143,1045,147,3811,159
2125,63.75748800000166,63.78748800000166,4335,1,1,1,1,136.19862499763258,False,0,True,3,135,134,1154,136,4335,147
2126,63.78748800000166,63.81748800000166,5694,1,1,1,1,136.33375000063097,False,0,True,3,129,125,1250,128,5694,134
2127,63.81748800000166,63.84748800000166,6711,0,0,0,0,138.10670800012304,False,0,True,3,149,147,1341,152,6711,154
2128,63.84748800000166,63.87748800000166,5960,1,1,1,1,139.4856670012814,False,0,True,3,148,144,1343,152,5960,155
2129,63.87748800000166,63.90748800000166,5082,1,1,1,1,137.83258300099988,False,0,True,3,161,156,1292,166,5082,172
2130,63.90748800000166,63.937488000001665,4587,0,0,0,0,136.7028750028112,False,0,True,3,173,169,1274,181,4587,187
2131,63.937488000001665,63.967488000001666,4529,1,1,1,1,137.32304100267356,False,0,True,3,161,154,1258,161,4529,170
2132,63.967488000001666,63.99748800000167,4343,0,0,0,0,137.4048329962534,False,0,True,3,168,164,1244,174,4343,179
2133,63.99748800000167,64.02748800000167,3643,1,1,0,0,137.15991700155428,False,0,True,3,159,155,1183,159,3643,168
2134,64.02748800000167,64.05748800000167,2516,1,1,1,1,138.71783300419338,False,0,True,3,161,151,1026,156,2516,161
2135,64.05748800000167,64.08748800000167,2522,1,1,1,1,135.6402499950491,False,0,True,3,145,139,1084,144,2522,146
2136,64.08748800000167,64.11748800000167,3714,1,1,1,1,136.60074999643257,False,0,True,3,148,141,1245,156,3714,165
2137,64.11748800000167,64.14748800000167,4529,2,2,1,1,139.9640419986099,False,0,True,3,136,132,1308,138,4529,140
2138,64.14748800000167,64.17748800000167,4622,1,1,1,1,138.76345800235868,False,0,True,3,136,133,1316,137,4622,148
2139,64.17748800000167,64.20748800000167,4707,2,2,1,1,135.87804100097856,False,0,True,3,129,126,1288,129,4707,140
2140,64.20748800000167,64.23748800000168,4210,2,2,1,1,135.6723749995581,False,0,True,3,152,148,1297,150,4210,158
2141,64.23748800000168,64.26748800000168,4713,1,1,1,1,136.67983399500372,False,0,True,3,117,115,1248,116,4713,120
2142,64.26748800000168,64.29748800000168,5078,1,1,1,1,136.74887500383193,False,0,True,3,99,98,1218,98,5078,103
2143,64.29748800000168,64.32748800000168,5343,1,1,1,1,138.92699999996694,False,0,True,3,119,116,1246,116,5343,124
2144,64.32748800000168,64.35748800000168,6161,1,1,1,1,138.63816700177267,False,0,True,3,114,113,1335,116,6161,124
2145,64.35748800000168,64.38748800000168,5516,1,1,1,1,138.34345799841685,False,0,True,3,123,119,1239,123,5516,124
2146,64.38748800000168,64.41748800000168,6268,1,1,1,1,137.78416699642548,False,0,True,3,114,113,1432,118,6268,124
2147,64.41748800000168,64.44748800000168,5436,1,1,1,1,137.5015420053387,False,0,True,3,130,129,1701,133,5436,141
2148,64.44748800000168,64.47748800000169,5890,0,0,0,0,138.52416699955938,False,0,True,3,127,124,1601,128,5890,131
2149,64.47748800000169,64.50748800000169,5902,1,1,1,1,137.11229100590572,False,0,True,3,119,116,1535,119,5902,123
2150,64.50748800000169,64.53748800000169,6983,1,1,1,1,138.70808399951784,False,0,True,3,149,144,1692,144,6983,150
2151,64.53748800000169,64.56748800000169,6828,0,0,0,0,139.2076670017559,False,0,True,3,149,145,1620,146,6828,170
2152,64.56748800000169,64.59748800000169,7217,0,0,0,0,136.99016700411448,False,0,True,3,143,141,1657,144,7217,150
2153,64.59748800000169,64.62748800000169,5990,1,1,1,1,138.5319580003852,False,0,True,3,156,153,1632,164,5990,176
2154,64.62748800000169,64.65748800000169,5102,1,1,1,1,138.7885419972008,False,0,True,3,141,136,1682,145,5102,161
2155,64.65748800000169,64.6874880000017,4416,1,1,1,1,136.70795800135238,False,0,True,3,141,137,1597,142,4416,152
2156,64.6874880000017,64.7174880000017,4344,1,1,1,1,136.80274999933317,False,0,True,3,154,151,1573,155,4344,159
2157,64.7174880000017,64.7474880000017,4398,1,1,1,1,137.34074999956647,False,0,True,3,146,143,1597,149,4398,151
2158,64.7474880000017,64.7774880000017,4146,2,1,1,1,137.84162500087405,False,0,True,3,164,153,1552,158,4146,165
2159,64.7774880000017,64.8074880000017,3757,1,1,1,1,135.1416670004255,False,0,True,3,138,135,1426,140,3757,143
2160,64.8074880000017,64.8374880000017,3605,1,1,1,1,136.00987500103656,False,0,True,3,137,135,1323,144,3605,154
2161,64.8374880000017,64.8674880000017,3278,1,1,1,1,136.08725000085542,False,0,True,3,134,128,1219,135,3278,144
2162,64.8674880000017,64.8974880000017,2528,1,1,1,1,134.80508299835492,False,0,True,3,126,125,1058,126,2528,133
2163,64.8974880000017,64.9274880000017,2053,1,1,1,1,135.18325000040932,False,0,True,3,120,117,888,119,2053,127
2164,64.9274880000017,64.9574880000017,1549,1,1,1,1,136.58191700233147,False,0,True,3,133,132,691,132,1549,135
2165,64.9574880000017,64.9874880000017,977,1,1,1,1,135.76750000356697,False,0,True,3,134,119,381,127,977,136
2166,64.9874880000017,65.0174880000017,795,1,1,1,1,134.9545830016723,False,0,True,3,111,106,319,109,795,109
2167,65.0174880000017,65.0474880000017,1200,0,0,0,0,135.70900000195252,False,0,True,3,98,96,536,97,1200,102
2168,65.0474880000017,65.07748800000171,1448,1,1,1,1,136.3211250063614,False,0,True,3,79,77,641,80,1448,85
2169,65.07748800000171,65.10748800000171,1465,1,1,1,1,135.74987500032876,False,0,True,3,97,96,655,97,1465,100
2170,65.10748800000171,65.13748800000171,1675,1,1,1,1,137.2391249969951,False,0,True,3,106,103,720,107,1675,114
2171,65.13748800000171,65.16748800000171,1647,1,1,1,1,137.979125000129,False,0,True,3,117,114,738,115,1647,121
2172,65.16748800000171,65.19748800000171,1716,1,1,1,1,136.89345800230512,False,0,True,3,109,106,726,107,1716,113
2173,65.19748800000171,65.22748800000171,1663,1,1,1,1,139.2509159995825,False,0,True,3,113,110,733,111,1663,117
2174,65.22748800000171,65.25748800000171,1586,1,1,1,1,137.9822079979931,False,0,True,3,113,110,702,114,1586,117
2175,65.25748800000171,65.28748800000172,1488,1,1,1,1,136.35316699946998,False,0,True,3,119,116,694,120,1488,126
2176,65.28748800000172,65.31748800000172,1243,1,1,1,1,135.293166997144,False,0,True,3,112,110,645,111,1243,123
2177,65.31748800000172,65.34748800000172,3506,1,1,1,1,136.2461670069024,False,0,True,3,124,120,904,129,3506,139
2178,65.34748800000172,65.37748800000172,3941,1,1,1,1,135.84583299962105,False,0,True,3,133,132,887,135,3941,144
2179,65.37748800000172,65.40748800000172,3054,1,1,1,1,135.3158749989234,False,0,True,3,138,134,948,139,3054,146
2180,65.40748800000172,65.43748800000172,2773,1,1,1,1,134.63745799526805,False,0,True,3,158,155,955,164,2773,171
2181,65.43748800000172,65.46748800000172,2717,1,1,1,1,136.76708300044993,False,0,True,3,139,137,871,144,2717,153
2182,65.46748800000172,65.49748800000172,2140,1,1,1,1,134.6362920012325,False,0,True,3,140,134,811,139,2140,143
2183,65.49748800000172,65.52748800000172,2116,1,1,1,1,136.22570900042774,False,0,True,3,122,121,725,124,2116,129
2184,65.52748800000172,65.55748800000173,1524,1,1,1,1,136.39483300357824,False,0,True,3,142,137,687,143,1524,149
2185,65.55748800000173,65.58748800000173,1154,2,2,1,1,136.875083000632,False,0,True,3,130,127,567,132,1154,141
2186,65.58748800000173,65.61748800000173,1070,1,1,1,1,136.07991699973354,False,0,True,3,142,136,562,142,1070,145
2187,65.61748800000173,65.64748800000173,950,1,1,1,1,134.98249999975087,False,0,True,3,131,126,516,132,950,145
2188,65.64748800000173,65.67748800000173,787,1,1,1,1,135.1568749960279,False,0,True,3,130,129,453,133,787,139
2189,65.67748800000173,65.70748800000173,700,1,1,1,1,134.28058299905388,False,0,True,3,134,131,443,134,700,136
2190,65.70748800000173,65.73748800000173,614,1,1,1,1,135.03412499994738,False,0,True,3,144,138,425,143,614,145
2191,65.73748800000173,65.76748800000173,519,1,1,1,1,135.5735840043053,False,0,True,3,139,134,377,138,519,151
2192,65.76748800000173,65.79748800000174,497,1,1,1,1,136.17799999337876,False,0,True,3,121,115,360,119,497,129
2193,65.79748800000174,65.82748800000174,597,1,1,1,1,135.0262920022942,False,0,True,3,130,120,421,122,597,131
2194,65.82748800000174,65.85748800000174,539,1,1,1,1,135.96154200058663,False,0,True,3,125,121,372,124,539,135
2195,65.85748800000174,65.88748800000174,518,1,1,1,1,138.06212499912363,False,0,True,3,119,111,355,114,518,116
2196,65.88748800000174,65.91748800000174,501,1,1,1,1,135.29041699803201,False,0,True,3,137,133,353,137,501,144
2197,65.91748800000174,65.94748800000174,414,1,1,1,1,136.3277080017724,False,0,True,3,103,96,305,98,414,106
2198,65.94748800000174,65.97748800000174,432,1,1,1,1,135.53300000057789,False,0,True,3,127,117,326,120,432,131
2199,65.97748800000174,66.00748800000174,376,1,1,1,1,135.26291700691218,False,0,True,3,129,120,296,122,376,136
2200,66.00748800000174,66.03748800000174,493,0,0,0,0,134.60250000207452,False,0,True,3,141,132,371,135,493,145
2201,66.03748800000174,66.06748800000175,622,1,1,1,1,137.12499999383,False,0,True,3,126,124,439,126,622,132
2202,66.06748800000175,66.09748800000175,483,1,1,1,1,135.63304200215498,False,0,True,3,124,120,365,120,483,123
2203,66.09748800000175,66.12748800000175,239,1,1,1,1,136.10245800373377,False,0,True,3,114,112,206,113,239,121
2204,66.12748800000175,66.15748800000175,227,1,1,1,1,136.3557079966995,False,0,True,3,120,116,179,116,227,124
2205,66.15748800000175,66.18748800000175,225,1,1,1,1,110.96966700279154,False,0,True,3,121,118,170,118,225,126
2206,66.18748800000175,66.21748800000175,126,0,0,0,0,6.100375001551583,False,0,True,3,105,103,119,112,126,119
2207,66.21748800000175,66.24748800000175,123,0,0,0,0,44.40041700581787,False,0,True,3,106,104,120,106,123,109
2208,66.24748800000175,66.27748800000175,135,0,0,0,0,31.711958996311296,False,0,True,3,104,101,127,103,135,111
2209,66.27748800000175,66.30748800000175,161,0,0,0,0,96.76149999722838,False,0,True,3,115,112,150,113,161,120
2210,66.30748800000175,66.33748800000176,190,0,0,0,0,132.37487500009593,False,0,True,3,104,102,176,103,190,112
2211,66.33748800000176,66.36748800000176,195,0,0,0,0,120.57987499429146,False,0,True,3,111,109,175,109,195,117
2212,66.36748800000176,66.39748800000176,228,0,0,0,0,133.51825000427198,False,0,True,3,112,111,189,111,228,131
2213,66.39748800000176,66.42748800000176,218,0,0,0,0,134.12024999706773,False,0,True,3,102,101,195,101,218,108
2214,66.42748800000176,66.45748800000176,192,0,0,0,0,133.8592910033185,False,0,True,3,92,89,169,91,192,98
2215,66.45748800000176,66.48748800000176,224,0,0,0,0,133.4198339973227,False,0,True,3,118,117,192,117,224,126
2216,66.48748800000176,66.51748800000176,174,0,0,0,0,132.57429199438775,False,0,True,3,79,78,149,78,174,85
2217,66.51748800000176,66.54748800000176,184,0,0,0,0,132.64470799913397,False,0,True,3,93,92,156,92,184,97
2218,66.54748800000176,66.57748800000176,224,0,0,0,0,135.18808299704688,False,0,True,3,119,118,187,118,224,124
2219,66.57748800000176,66.60748800000177,202,0,0,0,0,132.7136670006439,False,0,True,3,108,106,173,107,202,111
2220,66.60748800000177,66.63748800000177,184,0,0,0,0,132.99658300093142,False,0,True,3,86,85,151,86,184,92
2221,66.63748800000177,66.66748800000177,183,0,0,0,0,133.4296670029289,False,0,True,3,98,97,159,97,183,100
2222,66.66748800000177,66.69748800000177,192,0,0,0,0,135.53579199651722,False,0,True,3,103,102,170,102,192,110
2223,66.69748800000177,66.72748800000177,175,0,0,0,0,134.6092499952647,False,0,True,3,107,106,168,106,175,109
2224,66.72748800000177,66.75748800000177,169,0,0,0,0,134.10279100207845,False,0,True,3,99,97,152,98,169,104
2225,66.75748800000177,66.78748800000177,156,0,0,0,0,136.60595799592556,False,0,True,3,86,84,135,85,156,90
2226,66.78748800000177,66.81748800000177,161,0,0,0,0,133.21258300129557,False,0,True,3,82,79,141,79,161,83
2227,66.81748800000177,66.84748800000177,188,1,1,0,0,135.87504099996295,False,0,True,3,102,99,166,99,188,107
2228,66.84748800000177,66.87748800000178,192,1,1,0,0,135.25483400007943,False,0,True,3,88,86,165,87,192,92
2229,66.87748800000178,66.90748800000178,168,1,1,0,0,134.87883400375722,False,0,True,3,81,80,150,82,168,82
2230,66.90748800000178,66.93748800000178,195,1,1,0,0,136.67720800003735,False,0,True,3,100,99,167,100,195,103
2231,66.93748800000178,66.96748800000178,204,0,0,0,0,137.107583002944,False,0,True,3,99,98,169,98,204,110
2232,66.96748800000178,66.99748800000178,213,1,1,0,0,137.02875000308268,False,0,True,3,105,104,174,105,213,117
2233,66.99748800000178,67.02748800000178,195,1,1,0,0,135.91170899599092,False,0,True,3,94,93,165,95,195,97
2234,67.02748800000178,67.05748800000178,239,0,0,0,0,135.15470799757168,False,0,True,3,110,108,197,109,239,120
2235,67.05748800000178,67.08748800000178,229,1,1,0,0,136.32370800041826,False,0,True,3,110,109,190,110,229,113
2236,67.08748800000178,67.11748800000179,243,1,1,1,1,136.21641600184375,False,0,True,3,105,103,189,104,243,118
2237,67.11748800000179,67.14748800000179,226,1,1,1,1,134.4680830006837,False,0,True,3,104,101,180,105,226,111
2238,67.14748800000179,67.17748800000179,228,1,1,1,1,137.5079999997979,False,0,True,3,98,95,177,99,228,110
2239,67.17748800000179,67.20748800000179,211,1,1,1,1,144.63858299859567,False,0,True,3,91,89,165,89,211,94
2240,67.20748800000179,67.23748800000179,221,1,1,1,1,136.10545799747342,False,0,True,3,95,93,169,95,221,101
2241,67.23748800000179,67.26748800000179,264,1,1,1,1,137.72612499451498,False,0,True,3,126,125,207,125,264,132
2242,67.26748800000179,67.29748800000179,233,2,1,1,1,137.9103329963982,False,0,True,3,82,81,165,82,233,99
2243,67.29748800000179,67.3274880000018,240,1,1,1,1,187.17595899943262,False,0,True,3,102,100,180,101,240,116
2244,67.3274880000018,67.3574880000018,257,1,1,1,1,139.01412500126753,False,0,True,3,101,100,188,100,257,113
2245,67.3574880000018,67.3874880000018,293,1,1,1,1,142.390749999322,False,0,True,3,118,116,217,116,293,123
2246,67.3874880000018,67.4174880000018,317,1,1,1,1,141.83595799840987,False,0,True,3,116,114,236,116,317,119
2247,67.4174880000018,67.4474880000018,370,1,1,1,1,143.66175000031944,False,0,True,3,122,119,269,119,370,122
2248,67.4474880000018,67.4774880000018,419,1,1,1,1,140.5155000029481,False,0,True,3,110,107,259,108,419,116
2249,67.4774880000018,67.5074880000018,432,1,1,1,1,141.9676250006887,False,0,True,3,127,126,281,128,432,139
2250,67.5074880000018,67.5374880000018,316,1,1,1,1,144.14108399796532,False,0,True,3,112,111,230,112,316,120
2251,67.5374880000018,67.5674880000018,353,1,1,1,1,143.21112500329036,False,0,True,3,132,130,252,131,353,136
2252,67.5674880000018,67.5974880000018,319,1,1,1,1,144.78587500343565,False,0,True,3,112,111,226,114,319,124
2253,67.5974880000018,67.6274880000018,339,1,1,1,1,142.80395899550058,False,0,True,3,128,127,240,128,339,137
2254,67.6274880000018,67.6574880000018,325,1,1,1,1,143.19950000208337,False,0,True,3,109,107,226,108,325,112
2255,67.6574880000018,67.6874880000018,350,1,1,1,1,143.66054099809844,False,0,True,3,122,121,246,122,350,128
2256,67.6874880000018,67.71748800000181,352,1,1,1,1,142.3115420038812,False,0,True,3,133,132,256,133,352,137
2257,67.71748800000181,67.74748800000181,342,1,1,1,1,143.4328750037821,False,0,True,3,125,122,256,125,342,126
2258,67.74748800000181,67.77748800000181,343,1,1,1,1,137.60033400467364,False,0,True,3,127,126,244,127,343,133
2259,67.77748800000181,67.80748800000181,302,1,1,1,1,139.182457998686,False,0,True,3,123,122,223,124,302,126
2260,67.80748800000181,67.83748800000181,284,1,1,1,1,138.4278329933295,False,0,True,3,125,123,208,126,284,135
2261,67.83748800000181,67.86748800000181,252,1,1,1,1,139.83858300343854,False,0,True,3,132,129,203,131,252,137
2262,67.86748800000181,67.89748800000181,255,1,1,1,1,143.39333299722057,False,0,True,3,106,104,195,106,255,108
2263,67.89748800000181,67.92748800000182,253,1,1,1,1,139.74433300609235,False,0,True,3,121,119,194,121,253,126
2264,67.92748800000182,67.95748800000182,274,1,1,1,1,140.85212500503985,False,0,True,3,110,108,195,108,274,115
2265,67.95748800000182,67.98748800000182,318,1,1,1,1,141.8162920017494,False,0,True,3,135,133,233,133,318,135
2266,67.98748800000182,68.01748800000182,328,1,1,1,1,139.50941700022668,False,0,True,3,116,114,235,117,328,120
2267,68.01748800000182,68.04748800000182,285,1,1,1,1,140.74549999349983,False,0,True,3,139,136,221,138,285,141
2268,68.04748800000182,68.07748800000182,231,1,1,1,1,192.32429100520676,False,0,True,3,118,115,175,116,231,127
2269,68.07748800000182,68.10748800000182,250,1,1,1,1,144.38099999824772,False,0,True,3,122,118,187,118,250,128
2270,68.10748800000182,68.13748800000182,241,1,1,1,1,141.3511249993462,False,0,True,3,114,113,182,115,241,118
2271,68.13748800000182,68.16748800000182,255,1,1,1,1,144.3034589974559,False,0,True,3,121,119,192,120,255,127
2272,68.16748800000182,68.19748800000183,333,1,1,1,1,144.41408299899194,False,0,True,3,124,123,218,123,333,133
2273,68.19748800000183,68.22748800000183,429,1,1,1,1,143.94225000432925,False,0,True,3,124,123,256,125,429,131
2274,68.22748800000183,68.25748800000183,545,1,1,1,1,143.0981250014156,False,0,True,3,124,123,290,124,545,133
2275,68.25748800000183,68.28748800000183,563,1,1,1,1,140.76874999591382,False,0,True,3,119,118,293,118,563,137
2276,68.28748800000183,68.31748800000183,494,1,1,1,1,140.84879199799616,False,0,True,3,126,124,281,127,494,131
2277,68.31748800000183,68.34748800000183,493,1,1,1,1,140.4347499992582,False,0,True,3,126,125,296,128,493,134
2278,68.34748800000183,68.37748800000183,502,1,1,1,1,141.80075000331271,False,0,True,3,106,103,268,104,502,107
2279,68.37748800000183,68.40748800000183,563,1,1,1,1,141.5294170001289,False,0,True,3,128,127,306,130,563,137
2280,68.40748800000183,68.43748800000184,479,1,1,1,1,141.9710829941323,False,0,True,3,132,131,282,132,479,139
2281,68.43748800000184,68.46748800000184,406,1,1,1,1,140.14679200045066,False,0,True,3,140,137,260,139,406,146
2282,68.46748800000184,68.49748800000184,248,0,0,0,0,139.53483299701475,False,0,True,3,131,130,202,133,248,137
2283,68.49748800000184,68.52748800000184,231,1,1,1,1,139.23279200389516,False,0,True,3,150,145,198,146,231,153
2284,68.52748800000184,68.55748800000184,200,0,0,0,0,126.35120900085894,False,0,True,3,116,113,162,114,200,121
2285,68.55748800000184,68.58748800000184,224,1,1,0,0,139.17920800304273,False,0,True,3,138,134,186,135,224,137
2286,68.58748800000184,68.61748800000184,241,0,0,0,0,137.8698330008774,False,0,True,3,149,146,203,147,241,152
2287,68.61748800000184,68.64748800000184,224,0,0,0,0,140.55233300314285,False,0,True,3,154,151,193,154,224,157
2288,68.64748800000184,68.67748800000184,224,0,0,0,0,141.02299999649404,False,0,True,3,129,128,183,131,224,138
2289,68.67748800000184,68.70748800000185,242,1,1,0,0,139.96620800025994,False,0,True,3,160,158,211,160,242,167
2290,68.70748800000185,68.73748800000185,219,0,0,0,0,139.32754199777264,False,0,True,3,139,136,191,139,219,142
2291,68.73748800000185,68.76748800000185,238,1,1,0,0,138.43987499421928,False,0,True,3,137,134,200,136,238,140
2292,68.76748800000185,68.79748800000185,237,0,0,0,0,138.54491699748905,False,0,True,3,131,127,200,128,237,137
2293,68.79748800000185,68.82748800000185,259,0,0,0,0,140.39087499986636,False,0,True,3,146,143,223,149,259,162
2294,68.82748800000185,68.85748800000185,259,0,0,0,0,140.44229200226255,False,0,True,3,144,141,225,144,259,149
2295,68.85748800000185,68.88748800000185,261,1,1,0,0,143.09070899616927,False,0,True,3,123,121,213,123,261,125
2296,68.88748800000185,68.91748800000185,317,0,0,0,0,142.80666699778521,False,0,True,3,135,133,235,133,317,147
2297,68.91748800000185,68.94748800000185,264,0,0,0,0,143.70791699911933,False,0,True,3,94,92,197,95,264,97
2298,68.94748800000185,68.97748800000186,304,1,1,0,0,160.5965830021887,False,0,True,3,135,132,240,135,304,142
2299,68.97748800000186,69.00748800000186,318,1,1,0,0,154.70429199922364,False,0,True,3,119,116,249,116,318,119
2300,69.00748800000186,69.03748800000186,346,1,1,0,0,144.13520899688592,False,0,True,3,131,126,268,126,346,132
2301,69.03748800000186,69.06748800000186,314,0,0,0,0,143.46612499502953,False,0,True,3,126,124,253,125,314,132
2302,69.06748800000186,69.09748800000186,310,0,0,0,0,138.41162499738857,False,0,True,3,147,144,265,145,310,152
2303,69.09748800000186,69.12748800000186,259,0,0,0,0,126.9173340042471,False,0,True,3,127,122,223,125,259,128
2304,69.12748800000186,69.15748800000186,281,0,0,0,0,140.25012499769218,False,0,True,3,130,128,244,128,281,130
2305,69.15748800000186,69.18748800000186,324,2,2,0,0,139.33541599544697,False,0,True,3,132,131,266,132,324,137
2306,69.18748800000186,69.21748800000186,422,1,1,0,0,143.48074999725213,False,0,True,3,152,150,315,151,422,154
2307,69.21748800000186,69.24748800000187,439,1,1,0,0,139.46162500360515,False,0,True,3,127,126,301,127,439,133
2308,69.24748800000187,69.27748800000187,495,1,1,1,1,141.74716699926648,False,0,True,3,123,122,311,124,495,135
2309,69.27748800000187,69.30748800000187,610,1,1,1,1,140.07141700130887,False,0,True,3,162,159,377,162,610,169
2310,69.30748800000187,69.33748800000187,675,1,1,1,1,140.97070800198708,False,0,True,3,146,143,365,147,675,158
2311,69.33748800000187,69.36748800000187,756,1,1,1,1,141.67633299803128,False,0,True,3,145,142,375,143,756,154
2312,69.36748800000187,69.39748800000187,860,1,1,1,1,140.0165829982143,False,0,True,3,155,154,389,159,860,179
2313,69.39748800000187,69.42748800000187,888,1,1,1,1,138.53412499884143,False,0,True,3,159,156,394,157,888,170
2314,69.42748800000187,69.45748800000187,850,1,1,1,1,138.0185829984839,False,0,True,3,137,135,371,141,850,148
2315,69.45748800000187,69.48748800000187,1075,1,1,1,1,143.34829099971103,False,0,True,3,160,156,391,158,1075,163
2316,69.48748800000187,69.51748800000188,884,1,1,1,1,143.25066699529998,False,0,True,3,158,156,378,158,884,162
2317,69.51748800000188,69.54748800000188,659,1,1,1,1,139.93208300234983,False,0,True,3,161,158,380,163,659,169
2318,69.54748800000188,69.57748800000188,675,1,1,1,1,140.9797090018401,False,0,True,3,175,172,382,177,675,182
2319,69.57748800000188,69.60748800000188,643,2,2,1,1,141.98504199885065,False,0,True,3,132,126,361,131,643,136
2320,69.60748800000188,69.63748800000188,653,1,1,1,1,138.912333000917,False,0,True,3,151,148,365,154,653,165
2321,69.63748800000188,69.66748800000188,681,1,1,1,1,140.06179200077895,False,0,True,3,148,145,374,153,681,166
2322,69.66748800000188,69.69748800000188,680,1,1,1,1,140.6712499956484,False,0,True,3,152,150,367,152,680,168
2323,69.69748800000188,69.72748800000188,708,1,1,1,1,140.36241600115318,False,0,True,3,144,142,377,143,708,148
2324,69.72748800000188,69.75748800000189,673,1,1,1,1,137.3787499978789,False,0,True,3,138,137,356,139,673,145
2325,69.75748800000189,69.78748800000189,711,1,1,1,1,138.4840839964454,False,0,True,3,136,135,358,135,711,139
2326,69.78748800000189,69.81748800000189,1193,1,1,1,1,141.6518750047544,False,0,True,3,177,175,476,181,1193,193
2327,69.81748800000189,69.84748800000189,1907,1,1,1,1,139.96479100023862,False,0,True,3,138,136,480,140,1907,143
2328,69.84748800000189,69.87748800000189,2407,1,1,1,1,140.47787500021514,False,0,True,3,189,186,553,189,2407,196
2329,69.87748800000189,69.90748800000189,2579,1,1,1,1,143.23708400479518,False,0,True,3,174,173,556,175,2579,183
2330,69.90748800000189,69.93748800000189,2086,1,1,1,1,142.85537499381462,False,0,True,3,169,167,547,174,2086,181
2331,69.93748800000189,69.9674880000019,1843,1,1,1,1,141.81729199481197,False,0,True,3,177,175,536,177,1843,183
2332,69.9674880000019,69.9974880000019,1204,1,1,1,1,142.6986250007758,False,0,True,3,150,144,426,147,1204,149
2333,69.9974880000019,70.0274880000019,781,1,1,1,1,181.22866700286977,False,0,True,3,164,162,390,166,781,175
2334,70.0274880000019,70.0574880000019,768,1,1,1,1,141.79629200225463,False,0,True,3,161,158,389,161,768,175
2335,70.0574880000019,70.0874880000019,712,1,1,1,1,139.5131249955739,False,0,True,3,158,155,379,156,712,162
2336,70.0874880000019,70.1174880000019,1063,1,1,1,1,141.22070799930952,False,0,True,3,193,190,450,195,1063,209
2337,70.1174880000019,70.1474880000019,842,1,1,1,1,136.92404200264718,False,0,True,3,188,187,438,189,842,199
2338,70.1474880000019,70.1774880000019,648,1,1,1,1,143.90779100358486,False,0,True,3,165,163,379,167,648,171
2339,70.1774880000019,70.2074880000019,699,1,1,1,1,143.05029199749697,False,0,True,3,200,199,405,201,699,211
2340,70.2074880000019,70.2374880000019,643,1,1,1,1,138.54216699837707,False,0,True,3,180,177,395,181,643,188
2341,70.2374880000019,70.2674880000019,623,1,1,1,1,140.01145899965195,False,0,True,3,172,170,367,173,623,177
2342,70.2674880000019,70.2974880000019,649,1,1,1,1,142.5358749984298,False,0,True,3,176,175,378,178,649,195
2343,70.2974880000019,70.3274880000019,666,1,1,1,1,138.09074999880977,False,0,True,3,169,167,391,174,666,185
2344,70.3274880000019,70.35748800000191,728,1,1,1,1,142.95112500258256,False,0,True,3,210,209,434,215,728,228
2345,70.35748800000191,70.38748800000191,801,1,1,1,1,140.8305000004475,False,0,True,3,168,166,417,170,801,179
2346,70.38748800000191,70.41748800000191,1135,1,1,1,1,143.95195900578983,False,0,True,3,179,176,479,179,1135,182
2347,70.41748800000191,70.44748800000191,1274,1,1,1,1,142.53350000217324,False,0,True,3,176,173,504,174,1274,179
2348,70.44748800000191,70.47748800000191,1298,1,1,1,1,143.1180409999797,False,0,True,3,187,182,552,183,1298,189
2349,70.47748800000191,70.50748800000191,1391,1,1,1,1,141.8380420000176,False,0,True,3,188,185,529,190,1391,194
2350,70.50748800000191,70.53748800000191,1522,1,1,1,1,141.13750000251457,False,0,True,3,181,176,558,187,1522,189
2351,70.53748800000191,70.56748800000192,1606,1,1,1,1,141.5218330002972,False,0,True,3,194,191,590,198,1606,208
2352,70.56748800000192,70.59748800000192,1766,1,1,1,1,141.1219159999746,False,0,True,3,163,159,583,163,1766,171
2353,70.59748800000192,70.62748800000192,1842,1,1,1,1,136.07587500155205,False,0,True,3,166,163,577,167,1842,175
2354,70.62748800000192,70.65748800000192,1884,1,1,1,1,145.0399169989396,False,0,True,3,213,211,620,217,1884,224
2355,70.65748800000192,70.68748800000192,1554,1,1,1,1,142.1998750010971,False,0,True,3,192,188,563,192,1554,204
2356,70.68748800000192,70.71748800000192,1238,1,1,1,1,138.56708299863385,False,0,True,3,194,187,501,190,1238,194
2357,70.71748800000192,70.74748800000192,1088,1,1,1,1,140.92008400621125,False,0,True,3,198,193,466,198,1088,205
2358,70.74748800000192,70.77748800000192,1032,1,1,1,1,144.426624996413,False,0,True,3,218,217,461,224,1032,232
2359,70.77748800000192,70.80748800000192,912,1,1,1,1,141.09537500189617,False,0,True,3,194,193,426,199,912,208
2360,70.80748800000192,70.83748800000193,757,1,1,1,1,142.15108400094323,False,0,True,3,200,198,414,199,757,208
2361,70.83748800000193,70.86748800000193,527,1,1,1,1,147.2505830024602,False,0,True,3,182,181,348,189,527,202
2362,70.86748800000193,70.89748800000193,451,1,1,1,1,140.663833997678,False,0,True,3,191,190,345,193,451,202
2363,70.89748800000193,70.92748800000193,460,0,0,0,0,138.46833300340222,False,0,True,3,176,173,348,174,460,184
2364,70.92748800000193,70.95748800000193,459,1,1,1,1,142.34174999728566,False,0,True,3,216,214,359,215,459,224
2365,70.95748800000193,70.98748800000193,340,1,1,1,1,139.16920799965737,False,0,True,3,162,161,281,162,340,164
2366,70.98748800000193,71.01748800000193,319,0,0,0,0,137.70220899459673,False,0,True,3,170,168,273,168,319,177
2367,71.01748800000193,71.04748800000193,286,0,0,0,0,138.36304199503502,False,0,True,3,181,180,252,181,286,183
2368,71.04748800000193,71.07748800000194,281,1,1,0,0,140.14708300237544,False,0,True,3,159,157,248,158,281,167
2369,71.07748800000194,71.10748800000194,342,1,1,0,0,140.85679200070444,False,0,True,3,191,188,301,189,342,202
2370,71.10748800000194,71.13748800000194,316,1,1,0,0,142.42224999907194,False,0,True,3,178,175,279,178,316,181
2371,71.13748800000194,71.16748800000194,416,1,1,1,1,139.67737500206567,False,0,True,3,178,174,332,178,416,186
2372,71.16748800000194,71.19748800000194,549,1,1,1,1,142.90470800187904,False,0,True,3,173,172,394,175,549,180
2373,71.19748800000194,71.22748800000194,644,1,1,1,1,193.48162499954924,False,0,True,3,181,179,416,183,644,191
2374,71.22748800000194,71.25748800000194,768,0,0,0,0,146.22133300144924,False,0,True,3,159,154,421,157,768,162
2375,71.25748800000194,71.28748800000194,954,1,1,1,1,143.66520900512114,False,0,True,3,182,179,474,185,954,191
2376,71.28748800000194,71.31748800000194,1129,1,1,1,1,140.2098329999717,False,0,True,3,154,152,487,155,1129,160
2377,71.31748800000194,71.34748800000195,1551,1,1,1,1,141.9159579963889,False,0,True,3,186,184,533,190,1551,197
2378,71.34748800000195,71.37748800000195,1882,1,1,1,1,141.72691700514406,False,0,True,3,205,203,546,206,1882,212
2379,71.37748800000195,71.40748800000195,2503,1,1,1,1,142.2182079986669,False,0,True,3,180,174,577,179,2503,184
2380,71.40748800000195,71.43748800000195,1474,1,1,1,1,143.57366599870147,False,0,True,3,200,195,518,208,1474,217
2381,71.43748800000195,71.46748800000195,1122,1,1,1,1,141.76258299994515,False,0,True,3,196,192,516,199,1122,202
2382,71.46748800000195,71.49748800000195,984,1,1,1,1,142.85545799793908,False,0,True,3,182,181,473,183,984,188
2383,71.49748800000195,71.52748800000195,881,1,1,1,1,145.23225000448292,False,0,True,3,200,198,476,201,881,212
2384,71.52748800000195,71.55748800000195,730,1,1,1,1,142.32558300136589,False,0,True,3,195,192,463,196,730,201
2385,71.55748800000195,71.58748800000195,759,2,2,1,1,140.0167079991661,False,0,True,3,208,201,477,204,759,214
2386,71.58748800000195,71.61748800000196,659,1,1,1,1,139.34962500206893,False,0,True,3,178,175,414,177,659,184
2387,71.61748800000196,71.64748800000196,745,1,1,1,1,140.4048749973299,False,0,True,3,209,205,479,208,745,219
2388,71.64748800000196,71.67748800000196,810,1,1,1,1,143.4562919966993,False,0,True,3,219,213,501,220,810,235
2389,71.67748800000196,71.70748800000196,999,2,2,1,1,142.48924999992596,False,0,True,3,202,195,557,200,999,220
2390,71.70748800000196,71.73748800000196,1114,2,2,1,1,143.28625000052853,False,0,True,3,193,188,596,192,1114,204
2391,71.73748800000196,71.76748800000196,991,2,2,1,1,141.35145899490453,False,0,True,3,210,198,557,201,991,209
2392,71.76748800000196,71.79748800000196,945,3,3,2,2,141.82729199819732,False,0,True,3,203,195,525,200,945,210
2393,71.79748800000196,71.82748800000196,909,3,3,2,2,143.1126250026864,False,0,True,3,181,173,513,177,909,192
2394,71.82748800000196,71.85748800000196,800,1,1,1,1,143.23245899868198,False,0,True,3,186,174,498,177,800,184
2395,71.85748800000196,71.88748800000197,706,1,1,1,1,141.61512500140816,False,0,True,3,202,194,446,199,706,206
2396,71.88748800000197,71.91748800000197,661,1,1,1,1,140.4387910006335,False,0,True,3,175,171,403,175,661,184
2397,71.91748800000197,71.94748800000197,649,1,1,1,1,141.9322090005153,False,0,True,3,208,200,403,204,649,222
2398,71.94748800000197,71.97748800000197,640,2,2,1,1,141.41991699580103,False,0,True,3,200,191,416,193,640,202
2399,71.97748800000197,72.00748800000197,534,2,2,1,1,142.87012499698903,False,0,True,3,208,202,418,205,534,210
2400,72.00748800000197,72.03748800000197,412,2,2,1,1,146.26916699489811,False,0,True,3,205,196,354,202,412,208
2401,72.03748800000197,72.06748800000197,420,1,1,1,1,140.35441700252704,False,0,True,3,206,200,336,206,420,220
2402,72.06748800000197,72.09748800000197,648,2,2,1,1,143.9183749971562,False,0,True,3,210,205,459,209,648,222
2403,72.09748800000197,72.12748800000197,704,2,2,1,1,146.09650000056718,False,0,True,3,182,178,453,181,704,191
2404,72.12748800000197,72.15748800000198,874,3,3,2,2,144.54283400118584,False,0,True,3,201,197,534,202,874,216
2405,72.15748800000198,72.18748800000198,811,2,2,2,2,140.86679199681384,False,0,True,3,188,185,527,192,811,200
2406,72.18748800000198,72.21748800000198,810,1,1,1,1,143.69695800269255,False,0,True,3,204,200,536,205,810,211
2407,72.21748800000198,72.24748800000198,770,1,1,1,1,144.2855419954867,False,0,True,3,176,173,508,179,770,185
2408,72.24748800000198,72.27748800000198,781,1,1,1,1,142.88824999675853,False,0,True,3,192,190,521,192,781,196
2409,72.27748800000198,72.30748800000198,831,1,1,1,1,142.04904100188287,False,0,True,3,205,201,548,203,831,211
2410,72.30748800000198,72.33748800000198,801,2,2,1,1,199.31550000183051,False,0,True,3,186,182,502,185,801,196
2411,72.33748800000198,72.36748800000198,840,2,2,1,1,143.528291999246,False,0,True,3,189,187,505,190,840,209
2412,72.36748800000198,72.39748800000199,861,1,1,1,1,145.35666599840624,False,0,True,3,197,194,492,195,861,210
2413,72.39748800000199,72.42748800000199,1326,1,1,1,1,143.64012500300305,False,0,True,3,195,188,501,191,1326,201
2414,72.42748800000199,72.45748800000199,946,1,1,1,1,144.3870840012096,False,0,True,3,179,176,452,179,946,191
2415,72.45748800000199,72.48748800000199,739,1,1,1,1,142.11679200525396,False,0,True,3,160,158,432,159,739,167
2416,72.48748800000199,72.51748800000199,695,1,1,1,1,144.27758300007554,False,0,True,3,197,195,454,199,695,202
2417,72.51748800000199,72.54748800000199,758,1,1,1,1,141.87616699928185,False,0,True,3,197,195,488,197,758,205
2418,72.54748800000199,72.57748800000199,722,1,1,1,1,139.67270799912512,False,0,True,3,168,166,447,169,722,181
2419,72.57748800000199,72.607488000002,722,1,1,1,1,143.39679200202227,False,0,True,3,174,172,442,177,722,188
2420,72.607488000002,72.637488000002,824,2,2,1,1,144.8689579992788,False,0,True,3,221,216,513,216,824,231
2421,72.637488000002,72.667488000002,810,1,1,1,1,140.6495420014835,False,0,True,3,203,199,514,200,810,210
2422,72.667488000002,72.697488000002,802,1,1,1,1,145.07266699365573,False,0,True,3,216,213,507,213,802,222
2423,72.697488000002,72.727488000002,716,1,1,1,1,142.0085419958923,False,0,True,3,218,213,483,216,716,223
2424,72.727488000002,72.757488000002,674,1,1,1,1,144.37762500165263,False,0,True,3,190,187,441,192,674,202
2425,72.757488000002,72.787488000002,705,1,1,1,1,143.0223749994184,False,0,True,3,190,187,454,192,705,199
2426,72.787488000002,72.817488000002,673,0,0,0,0,144.03062500059605,False,0,True,3,209,204,437,209,673,214
2427,72.817488000002,72.847488000002,596,1,1,1,1,145.1547910037334,False,0,True,3,204,201,405,202,596,210
2428,72.847488000002,72.877488000002,577,1,1,1,1,145.68204199895263,False,0,True,3,197,192,384,197,577,208
2429,72.877488000002,72.907488000002,681,1,1,1,1,144.99408400297398,False,0,True,3,201,198,428,199,681,208
2430,72.907488000002,72.937488000002,799,1,1,1,1,140.80412500334205,False,0,True,3,194,192,461,195,799,204
2431,72.937488000002,72.967488000002,774,1,1,1,1,141.9298330001766,False,0,True,3,224,221,469,222,774,228
2432,72.967488000002,72.99748800000201,773,1,1,1,1,145.14025000244146,False,0,True,3,210,206,454,207,773,218
2433,72.99748800000201,73.02748800000201,862,1,1,1,1,144.4488339984673,False,0,True,3,216,212,526,213,862,224
2434,73.02748800000201,73.05748800000201,821,1,1,1,1,142.72224999876926,False,0,True,3,229,224,500,229,821,246
2435,73.05748800000201,73.08748800000201,720,1,1,1,1,143.32741699763574,False,0,True,3,231,226,440,229,720,239
2436,73.08748800000201,73.11748800000201,585,1,1,1,1,140.59662499494152,False,0,True,3,224,222,432,226,585,230
2437,73.11748800000201,73.14748800000201,606,0,0,0,0,139.38991699978942,False,0,True,3,230,228,424,229,606,240
2438,73.14748800000201,73.17748800000201,602,1,1,0,0,140.0950839961297,False,0,True,3,191,189,418,190,602,199
2439,73.17748800000201,73.20748800000202,567,1,1,1,1,142.822250003519,False,0,True,3,207,203,420,206,567,208
2440,73.20748800000202,73.23748800000202,530,0,0,0,0,142.92591599951265,False,0,True,3,203,200,408,204,530,214
2441,73.23748800000202,73.26748800000202,537,0,0,0,0,143.4468330044183,False,0,True,3,230,226,422,226,537,240
2442,73.26748800000202,73.29748800000202,598,1,1,0,0,144.47879200452007,False,0,True,3,206,203,400,208,598,217
2443,73.29748800000202,73.32748800000202,510,1,1,0,0,162.22733400354628,False,0,True,3,196,194,380,198,510,206
2444,73.32748800000202,73.35748800000202,469,1,1,0,0,156.20024999952875,False,0,True,3,207,205,368,211,469,222
2445,73.35748800000202,73.38748800000202,466,1,1,0,0,141.10891599557362,False,0,True,3,201,199,356,204,466,231
2446,73.38748800000202,73.41748800000202,418,1,1,1,1,143.5487499984447,False,0,True,3,181,178,327,179,418,192
2447,73.41748800000202,73.44748800000202,457,1,1,1,1,140.95799999631708,False,0,True,3,210,205,369,205,457,215
2448,73.44748800000202,73.47748800000203,436,1,1,1,1,140.53716600028565,False,0,True,3,192,188,348,191,436,206
2449,73.47748800000203,73.50748800000203,392,0,0,0,0,142.16250000026776,False,0,True,3,178,175,327,175,392,186
2450,73.50748800000203,73.53748800000203,432,0,0,0,0,143.58233300299617,False,0,True,3,200,198,355,200,432,207
2451,73.53748800000203,73.56748800000203,456,0,0,0,0,144.64425000187475,False,0,True,3,203,201,373,203,456,210
2452,73.56748800000203,73.59748800000203,529,1,1,0,0,142.7889589976985,False,0,True,3,230,227,429,229,529,235
2453,73.59748800000203,73.62748800000203,507,0,0,0,0,139.52916600101162,False,0,True,3,183,179,402,179,507,190
2454,73.62748800000203,73.65748800000203,597,0,0,0,0,137.03512500069337,False,0,True,3,186,184,441,188,597,205
2455,73.65748800000203,73.68748800000203,640,0,0,0,0,140.66879200254334,False,0,True,3,210,208,474,214,640,218
2456,73.68748800000203,73.71748800000204,589,1,1,0,0,142.6957079966087,False,0,True,3,175,173,378,175,589,185
2457,73.71748800000204,73.74748800000204,929,1,1,0,0,143.89254200068535,False,0,True,3,162,161,376,161,929,167
2458,73.74748800000204,73.77748800000204,1097,1,1,1,1,145.40695900359424,False,0,True,3,182,181,411,183,1097,201
2459,73.77748800000204,73.80748800000204,1084,1,1,1,1,141.65891699667554,False,0,True,3,197,196,429,199,1084,208
2460,73.80748800000204,73.83748800000204,1167,1,1,1,1,145.4399580034078,False,0,True,3,186,183,438,186,1167,195
2461,73.83748800000204,73.86748800000204,1239,1,1,1,1,140.82366700313287,False,0,True,3,183,182,437,185,1239,194
2462,73.86748800000204,73.89748800000204,1163,1,1,1,1,143.59200000035344,False,0,True,3,169,166,431,167,1163,170
2463,73.89748800000204,73.92748800000204,1344,1,1,1,1,145.42274999985239,False,0,True,3,199,197,452,199,1344,208
2464,73.92748800000204,73.95748800000204,1027,1,1,1,1,146.1207079992164,False,0,True,3,190,188,422,192,1027,209
2465,73.95748800000204,73.98748800000205,570,1,1,1,1,144.12295800138963,False,0,True,3,166,160,355,166,570,171
2466,73.98748800000205,74.01748800000205,635,1,1,1,1,142.3175000018091,False,0,True,3,206,199,414,200,635,214
2467,74.01748800000205,74.04748800000205,606,1,1,1,1,144.94350000313716,False,0,True,3,191,189,387,193,606,200
2468,74.04748800000205,74.07748800000205,679,1,1,1,1,138.8977500027977,False,0,True,3,231,227,447,230,679,236
2469,74.07748800000205,74.10748800000205,719,1,1,1,1,141.6823750041658,False,0,True,3,226,223,437,225,719,232
2470,74.10748800000205,74.13748800000205,777,1,1,1,1,146.09454199671745,False,0,True,3,202,199,455,201,777,204
2471,74.13748800000205,74.16748800000205,735,1,1,1,1,142.2655839996878,False,0,True,3,197,192,463,193,735,200
2472,74.16748800000205,74.19748800000205,661,1,1,1,1,142.92229100101395,False,0,True,3,211,210,440,213,661,219
2473,74.19748800000205,74.22748800000205,621,1,1,1,1,140.6356669976958,False,0,True,3,219,218,424,225,621,239
2474,74.22748800000205,74.25748800000206,604,1,1,1,1,138.051333000476,False,0,True,3,180,176,400,179,604,183
2475,74.25748800000206,74.28748800000206,639,1,1,1,1,144.4435829980648,False,0,True,3,226,222,443,226,639,231
2476,74.28748800000206,74.31748800000206,565,1,1,1,1,144.82658299675677,False,0,True,3,223,219,416,220,565,228
2477,74.31748800000206,74.34748800000206,550,1,1,1,1,145.6552500021644,False,0,True,3,237,232,417,238,550,242
2478,74.34748800000206,74.37748800000206,521,1,1,1,1,144.44079199893167,False,0,True,3,216,211,387,214,521,225
2479,74.37748800000206,74.40748800000206,557,1,1,1,1,141.48008299525827,False,0,True,3,235,231,410,235,557,245
2480,74.40748800000206,74.43748800000206,524,1,1,1,1,197.5190000011935,False,0,True,3,241,237,395,240,524,252
2481,74.43748800000206,74.46748800000206,434,1,1,1,1,140.48708300106227,False,0,True,3,206,202,349,204,434,225
2482,74.46748800000206,74.49748800000206,351,1,1,1,1,147.0083749954938,False,0,True,3,182,179,295,180,351,193
2483,74.49748800000206,74.52748800000207,404,1,1,1,1,147.08716700260993,False,0,True,3,199,196,328,197,404,205
2484,74.52748800000207,74.55748800000207,421,1,1,1,1,141.81429200107232,False,0,True,3,210,207,331,211,421,224
2485,74.55748800000207,74.58748800000207,406,1,1,1,1,143.11020800232654,False,0,True,3,210,204,322,206,406,217
2486,74.58748800000207,74.61748800000207,361,1,1,1,1,145.15391600434668,False,0,True,3,200,195,299,195,361,205
2487,74.61748800000207,74.64748800000207,385,1,1,1,1,142.7881250056089,False,0,True,3,199,195,316,195,385,201
2488,74.64748800000207,74.67748800000207,401,1,1,1,1,142.85504200233845,False,0,True,3,205,201,327,205,401,212
2489,74.67748800000207,74.70748800000207,412,1,1,1,1,146.8509579935926,False,0,True,3,218,213,324,213,412,225
2490,74.70748800000207,74.73748800000207,369,1,1,1,1,146.40216699626762,False,0,True,3,182,178,283,179,369,191
2491,74.73748800000207,74.76748800000207,370,1,1,1,1,145.94670799851883,False,0,True,3,185,181,279,183,370,188
2492,74.76748800000207,74.79748800000208,411,1,1,1,1,145.18566699553048,False,0,True,3,216,211,330,215,411,225
2493,74.79748800000208,74.82748800000208,389,0,0,0,0,143.36404200003017,False,0,True,3,204,202,305,207,389,214
2494,74.82748800000208,74.85748800000208,399,1,1,1,1,144.55208299477817,False,0,True,3,199,195,311,197,399,208
2495,74.85748800000208,74.88748800000208,432,1,1,1,1,141.9000000023516,False,0,True,3,234,230,340,231,432,243
2496,74.88748800000208,74.91748800000208,429,1,1,1,1,141.6898340030457,False,0,True,3,214,211,322,214,429,228
2497,74.91748800000208,74.94748800000208,446,1,1,1,1,140.94966699485667,False,0,True,3,219,218,328,222,446,233
2498,74.94748800000208,74.97748800000208,479,1,1,1,1,140.10487499763258,False,0,True,3,201,200,318,201,479,204
2499,74.97748800000208,75.00748800000208,489,1,1,1,1,140.57720800337847,False,0,True,3,186,185,316,186,489,190
2500,75.00748800000208,75.03748800000209,490,1,1,1,1,139.65274999645771,False,0,True,3,188,187,323,188,490,197
2501,75.03748800000209,75.06748800000209,489,1,1,1,1,145.0868750034715,False,0,True,3,207,206,327,209,489,215
2502,75.06748800000209,75.09748800000209,451,1,1,1,1,140.92070900369436,False,0,True,3,186,185,303,185,451,193
2503,75.09748800000209,75.12748800000209,398,1,1,1,1,142.34658299392322,False,0,True,3,189,188,290,188,398,194
2504,75.12748800000209,75.15748800000209,392,1,1,1,1,140.8502909980598,False,0,True,3,198,197,306,198,392,209
2505,75.15748800000209,75.18748800000209,369,1,1,1,1,139.78825000231154,False,0,True,3,190,189,290,189,369,207
2506,75.18748800000209,75.21748800000209,355,1,1,1,1,143.5114159976365,False,0,True,3,195,193,302,194,355,200
2507,75.21748800000209,75.2474880000021,385,1,1,1,1,143.1102499991539,False,0,True,3,203,201,306,202,385,215
2508,75.2474880000021,75.2774880000021,404,1,1,1,1,146.59183299954748,False,0,True,3,227,226,330,226,404,241
2509,75.2774880000021,75.3074880000021,388,1,1,1,1,144.7087089982233,False,0,True,3,211,210,320,211,388,221
2510,75.3074880000021,75.3374880000021,377,1,1,1,1,143.9721660062787,False,0,True,3,195,194,298,196,377,201
2511,75.3374880000021,75.3674880000021,403,1,1,1,1,180.27554100262932,False,0,True,3,209,207,324,209,403,222
2512,75.3674880000021,75.3974880000021,395,1,1,1,1,145.20058299967786,False,0,True,3,208,206,313,208,395,214
2513,75.3974880000021,75.4274880000021,391,1,1,1,1,143.85383300395915,False,0,True,3,219,218,317,219,391,224
2514,75.4274880000021,75.4574880000021,365,1,1,0,0,144.1912919981405,False,0,True,3,178,176,269,177,365,187
2515,75.4574880000021,75.4874880000021,367,1,1,1,1,141.6952079962357,False,0,True,3,216,214,311,216,367,221
2516,75.4874880000021,75.5174880000021,377,1,1,1,1,146.31949999602512,False,0,True,3,237,233,294,238,377,263
2517,75.5174880000021,75.5474880000021,309,1,1,1,1,146.50791600433877,False,0,True,3,195,190,243,193,309,197
2518,75.5474880000021,75.5774880000021,307,0,0,0,0,147.97737499611685,False,0,True,3,203,199,250,201,307,209
2519,75.5774880000021,75.6074880000021,288,1,1,0,1,103.30754100141348,False,0,True,3,244,240,259,241,288,247
2520,75.6074880000021,75.63748800000211,311,1,1,1,0,144.22241700231098,False,0,True,3,201,198,216,200,311,232
2521,75.63748800000211,75.66748800000211,365,1,1,1,1,144.50820799538633,False,0,True,3,239,236,256,239,365,254
2522,75.66748800000211,75.69748800000211,276,1,0,1,0,121.78233300073771,False,0,True,3,203,199,215,201,276,235
2523,75.69748800000211,75.72748800000211,299,0,0,0,0,143.66100000188453,False,0,True,3,211,208,241,210,299,223
2524,75.72748800000211,75.75748800000211,390,1,1,0,1,146.2012079937267,False,0,True,3,232,227,303,227,390,232
2525,75.75748800000211,75.78748800000211,349,1,1,1,0,146.1197919998085,False,0,True,3,238,234,294,238,349,267
2526,75.78748800000211,75.81748800000211,420,1,1,1,0,145.6087079932331,False,0,True,3,216,209,270,211,420,224
2527,75.81748800000211,75.84748800000212,426,1,1,1,1,146.06225000170525,False,0,True,3,250,247,321,247,426,258
2528,75.84748800000212,75.87748800000212,452,1,1,1,1,196.92937500076368,False,0,True,3,214,212,316,212,452,217
2529,75.87748800000212,75.90748800000212,507,1,1,1,1,147.03029100201093,False,0,True,3,227,226,344,226,507,230
2530,75.90748800000212,75.93748800000212,475,1,1,1,1,145.24691700353287,False,0,True,3,175,173,301,174,475,190
2531,75.93748800000212,75.96748800000212,508,1,1,1,1,147.35491699684644,False,0,True,3,192,191,335,192,508,210
2532,75.96748800000212,75.99748800000212,544,3,2,1,1,146.0337079988676,False,0,True,3,199,197,355,198,544,219
2533,75.99748800000212,76.02748800000212,532,2,2,1,1,152.5499170020339,False,0,True,3,208,206,365,207,532,218
2534,76.02748800000212,76.05748800000212,586,2,2,2,2,145.33933399798116,False,0,True,3,240,238,400,243,586,248
2535,76.05748800000212,76.08748800000212,612,1,1,1,1,148.36037500208477,False,0,True,3,244,238,442,245,612,263
2536,76.08748800000212,76.11748800000213,514,1,1,1,1,146.94183300161967,False,0,True,3,214,208,388,211,514,224
2537,76.11748800000213,76.14748800000213,570,1,1,1,1,143.10479100095108,False,0,True,3,265,261,433,265,570,275
2538,76.14748800000213,76.17748800000213,497,1,1,1,1,155.66574999684235,False,0,True,3,243,238,396,240,497,254
2539,76.17748800000213,76.20748800000213,533,2,2,1,1,146.47237499593757,False,0,True,3,250,245,421,247,533,262
2540,76.20748800000213,76.23748800000213,602,1,1,1,1,144.70120899932226,False,0,True,3,222,218,443,220,602,227
2541,76.23748800000213,76.26748800000213,567,1,1,1,1,144.2215839997516,False,0,True,3,221,215,426,221,567,232
2542,76.26748800000213,76.29748800000213,652,1,1,1,1,178.21912500221515,False,0,True,3,258,255,469,256,652,270
2543,76.29748800000213,76.32748800000213,627,1,1,1,1,145.3841670008842,False,0,True,3,248,243,449,243,627,249
2544,76.32748800000213,76.35748800000214,613,1,1,1,1,140.70733299740823,False,0,True,3,255,252,435,252,613,260
2545,76.35748800000214,76.38748800000214,542,1,1,1,1,140.55566600291058,False,0,True,3,237,236,403,239,542,243
2546,76.38748800000214,76.41748800000214,508,1,1,1,1,141.10504199925344,False,0,True,3,266,265,405,267,508,284
2547,76.41748800000214,76.44748800000214,460,2,2,1,1,144.03866700013168,False,0,True,3,237,234,368,234,460,239
2548,76.44748800000214,76.47748800000214,482,1,1,1,1,138.3459579956252,False,0,True,3,247,245,375,245,482,253
2549,76.47748800000214,76.50748800000214,522,1,1,1,1,140.26641700183973,False,0,True,3,246,244,400,247,522,250
2550,76.50748800000214,76.53748800000214,546,1,1,1,1,138.23816700460156,False,0,True,3,227,225,385,227,546,240
2551,76.53748800000214,76.56748800000214,691,2,2,1,1,143.62966699991375,False,0,True,3,235,233,419,234,691,253
2552,76.56748800000214,76.59748800000214,918,0,0,0,0,138.93625000491738,False,0,True,3,230,227,457,230,918,238
2553,76.59748800000214,76.62748800000215,1607,2,2,1,1,139.0987079939805,False,0,True,3,222,219,474,222,1607,231
2554,76.62748800000215,76.65748800000215,1472,1,1,1,1,138.24454200221226,False,0,True,3,241,237,499,238,1472,247
2555,76.65748800000215,76.68748800000215,1125,1,1,1,1,136.80304100125795,False,0,True,3,244,241,527,246,1125,259
2556,76.68748800000215,76.71748800000215,1116,1,1,1,1,137.8836660005618,False,0,True,3,270,264,563,269,1116,283
2557,76.71748800000215,76.74748800000215,1161,1,1,1,1,137.166000000434,False,0,True,3,261,255,598,256,1161,265
2558,76.74748800000215,76.77748800000215,1096,2,1,1,1,140.54849999956787,False,0,True,3,282,279,584,281,1096,302
2559,76.77748800000215,76.80748800000215,1149,1,1,1,1,139.0024580032332,False,0,True,3,242,238,610,241,1149,246
2560,76.80748800000215,76.83748800000215,1231,1,1,1,1,135.5989169969689,False,0,True,3,244,238,624,243,1231,250
2561,76.83748800000215,76.86748800000215,1291,1,1,1,1,143.3907079990604,False,0,True,3,301,298,662,299,1291,308
2562,76.86748800000215,76.89748800000216,1223,1,1,1,1,138.83095900382614,False,0,True,3,258,255,637,259,1223,269
2563,76.89748800000216,76.92748800000216,1196,1,1,1,1,136.02720799826784,False,0,True,3,288,286,665,289,1196,297
2564,76.92748800000216,76.95748800000216,1076,1,1,1,1,135.07291700079804,False,0,True,3,268,266,611,272,1076,283
2565,76.95748800000216,76.98748800000216,1034,1,1,1,1,135.14174999727402,False,0,True,3,233,231,564,235,1034,247
2566,76.98748800000216,77.01748800000216,1008,1,1,1,1,136.35262499883538,False,0,True,3,272,270,589,276,1008,286
2567,77.01748800000216,77.04748800000216,1034,1,1,1,1,137.41233399923658,False,0,True,3,279,276,589,282,1034,290
2568,77.04748800000216,77.07748800000216,1066,1,1,1,1,136.7770830038353,False,0,True,3,250,248,578,249,1066,262
2569,77.07748800000216,77.10748800000216,1153,1,1,1,1,138.64649999595713,False,0,True,3,310,309,627,312,1153,326
2570,77.10748800000216,77.13748800000216,1076,1,1,1,1,137.83949999924516,False,0,True,3,299,297,597,303,1076,316
2571,77.13748800000216,77.16748800000217,1022,1,1,1,1,141.27191699662944,False,0,True,3,317,315,605,319,1022,327
2572,77.16748800000217,77.19748800000217,1010,1,1,1,1,141.15212500473717,False,0,True,3,323,322,620,324,1010,338
2573,77.19748800000217,77.22748800000217,925,1,1,1,1,138.74820800265297,False,0,True,3,310,305,596,306,925,319
2574,77.22748800000217,77.25748800000217,885,1,1,1,1,136.902000005648,False,0,True,3,295,293,585,297,885,304
2575,77.25748800000217,77.28748800000217,791,1,1,1,1,137.83804200647864,False,0,True,3,285,282,542,285,791,294
2576,77.28748800000217,77.31748800000217,831,1,1,1,1,138.30274999781977,False,0,True,3,283,281,551,284,831,294
2577,77.31748800000217,77.34748800000217,888,1,1,1,1,136.7849579983158,False,0,True,3,277,274,578,277,888,283
2578,77.34748800000217,77.37748800000217,938,1,1,1,1,137.33891599986237,False,0,True,3,309,307,594,309,938,320
2579,77.37748800000217,77.40748800000217,976,1,1,1,1,137.72254099603742,False,0,True,3,333,332,633,336,976,349
2580,77.40748800000217,77.43748800000218,889,1,1,1,1,137.0442080005887,False,0,True,3,308,306,601,307,889,314
2581,77.43748800000218,77.46748800000218,704,1,1,1,1,136.96437500038883,False,0,True,3,253,252,513,253,704,263
2582,77.46748800000218,77.49748800000218,672,1,1,1,1,138.37825000518933,False,0,True,3,277,276,522,277,672,291
2583,77.49748800000218,77.52748800000218,654,1,1,1,1,137.62491699890234,False,0,True,3,280,279,495,280,654,293
2584,77.52748800000218,77.55748800000218,963,1,1,1,1,138.0447909978102,False,0,True,3,292,289,458,290,963,302
2585,77.55748800000218,77.58748800000218,686,1,1,1,1,137.7837499967427,False,0,True,3,268,267,414,270,686,279
2586,77.58748800000218,77.61748800000218,521,1,1,1,1,138.81404199491953,False,0,True,3,273,270,352,273,521,283
2587,77.61748800000218,77.64748800000218,313,0,0,0,0,70.54887499543838,False,0,True,3,252,248,296,251,313,263
2588,77.64748800000218,77.67748800000219,362,1,1,1,1,136.5107919991715,False,0,True,3,277,270,335,272,362,282
2589,77.67748800000219,77.70748800000219,398,1,1,1,1,136.90450000285637,False,0,True,3,245,242,345,245,398,253
2590,77.70748800000219,77.73748800000219,444,1,1,1,1,136.09849999920698,False,0,True,3,264,262,391,263,444,265
2591,77.73748800000219,77.76748800000219,493,1,1,1,1,135.68704100180184,False,0,True,3,273,272,419,272,493,276
2592,77.76748800000219,77.79748800000219,534,0,0,0,0,134.73166699986905,False,0,True,3,272,271,433,271,534,280
2593,77.79748800000219,77.82748800000219,571,0,0,0,0,134.92629100073827,False,0,True,3,286,285,455,287,571,296
2594,77.82748800000219,77.85748800000219,608,1,1,0,0,137.00008399609942,False,0,True,3,286,285,466,285,608,292
2595,77.85748800000219,77.8874880000022,582,0,0,0,0,135.84958399587777,False,0,True,3,268,267,440,268,582,278
2596,77.8874880000022,77.9174880000022,590,1,1,0,0,138.44470900221495,False,0,True,3,314,312,470,312,590,319
2597,77.9174880000022,77.9474880000022,479,1,1,1,1,138.0544169951463,False,0,True,3,246,245,401,245,479,254
2598,77.9474880000022,77.9774880000022,572,0,0,0,0,135.3713750067982,False,0,True,3,332,331,468,332,572,345
2599,77.9774880000022,78.0074880000022,582,1,1,1,1,137.2750000009546,False,0,True,3,319,318,464,318,582,339
2600,78.0074880000022,78.0374880000022,626,1,1,1,1,137.4797500029672,False,0,True,3,368,366,521,367,626,376
2601,78.0374880000022,78.0674880000022,562,1,1,1,1,135.75941599992802,False,0,True,3,309,307,461,309,562,319
2602,78.0674880000022,78.0974880000022,560,1,1,1,1,136.5435420011636,False,0,True,3,328,326,471,327,560,339
2603,78.0974880000022,78.1274880000022,552,1,1,1,1,138.2282499980647,False,0,True,3,304,302,437,306,552,326
2604,78.1274880000022,78.1574880000022,586,1,1,1,1,137.89033299690345,False,0,True,3,358,356,495,361,586,372
2605,78.1574880000022,78.1874880000022,603,1,1,1,1,136.86945800145622,False,0,True,3,342,338,502,340,603,348
2606,78.1874880000022,78.2174880000022,666,1,1,1,1,136.75454199983506,False,0,True,3,344,340,560,346,666,357
2607,78.2174880000022,78.2474880000022,687,1,1,1,1,135.78387499728706,False,0,True,3,373,366,557,374,687,396
2608,78.2474880000022,78.27748800000221,683,1,1,1,1,134.18470800388604,False,0,True,3,315,312,554,314,683,329
2609,78.27748800000221,78.30748800000221,725,1,1,1,1,134.8299160017632,False,0,True,3,367,362,578,368,725,384
2610,78.30748800000221,78.33748800000221,694,1,1,1,1,137.21220899606124,False,0,True,3,357,350,542,352,694,370
2611,78.33748800000221,78.36748800000221,671,1,1,1,1,136.70429099875037,False,0,True,3,314,311,506,312,671,328
2612,78.36748800000221,78.39748800000221,759,1,1,1,1,136.20116699894425,False,0,True,3,368,361,602,365,759,384
2613,78.39748800000221,78.42748800000221,817,1,1,1,1,135.59425000130432,False,0,True,3,340,338,627,342,817,357
2614,78.42748800000221,78.45748800000221,875,1,1,1,1,135.60100000177044,False,0,True,3,397,391,695,399,875,402
2615,78.45748800000221,78.48748800000222,868,0,0,0,0,134.05320799938636,False,0,True,3,391,386,681,388,868,395
2616,78.48748800000222,78.51748800000222,807,1,1,1,1,135.9816670010332,False,0,True,3,405,400,630,408,807,416
2617,78.51748800000222,78.54748800000222,738,1,1,1,1,137.64429099683184,False,0,True,3,375,374,557,377,738,393
2618,78.54748800000222,78.57748800000222,763,1,1,1,1,135.40512500185287,False,0,True,3,364,360,574,363,763,377
2619,78.57748800000222,78.60748800000222,858,1,1,1,1,136.33979099540738,False,0,True,3,384,378,624,383,858,395
2620,78.60748800000222,78.63748800000222,909,1,1,1,1,136.70420800190186,False,0,True,3,397,392,646,397,909,411
2621,78.63748800000222,78.66748800000222,897,1,1,1,1,136.50491699809209,False,0,True,3,372,365,610,371,897,378
2622,78.66748800000222,78.69748800000222,996,1,1,1,1,135.5401660039206,False,0,True,3,375,369,620,373,996,384
2623,78.69748800000222,78.72748800000223,1076,1,1,1,1,136.24937500571832,False,0,True,3,363,359,619,362,1076,366
2624,78.72748800000223,78.75748800000223,1260,1,1,1,1,137.19900000432972,False,0,True,3,412,408,704,418,1260,429
2625,78.75748800000223,78.78748800000223,1619,1,1,1,1,135.31383300141897,False,0,True,3,384,380,700,387,1619,398
2626,78.78748800000223,78.81748800000223,1938,1,1,1,1,134.65687499410706,False,0,True,3,377,372,705,375,1938,389
2627,78.81748800000223,78.84748800000223,1465,1,1,1,1,138.58329199865693,False,0,True,3,381,378,666,380,1465,398
2628,78.84748800000223,78.87748800000223,1290,1,1,1,1,137.7767500016489,False,0,True,3,396,393,690,398,1290,403
2629,78.87748800000223,78.90748800000223,1284,1,1,1,1,136.60358299966902,False,0,True,3,378,377,669,382,1284,399
2630,78.90748800000223,78.93748800000223,1341,1,1,1,1,136.3925420009764,False,0,True,3,335,333,634,335,1341,351
2631,78.93748800000223,78.96748800000223,1305,1,1,1,1,136.6642499997397,False,0,True,3,354,353,653,362,1305,373
2632,78.96748800000223,78.99748800000224,966,1,1,1,1,135.98716600245098,False,0,True,3,374,373,586,377,966,387
2633,78.99748800000224,79.02748800000224,571,1,1,1,1,135.20537500153296,False,0,True,3,368,366,475,367,571,376
2634,79.02748800000224,79.05748800000224,473,1,1,1,1,137.84904199565062,False,0,True,3,347,345,409,348,473,370
2635,79.05748800000224,79.08748800000224,410,0,0,0,0,134.98945799801731,False,0,True,3,326,325,375,326,410,340
2636,79.08748800000224,79.11748800000224,450,0,0,0,0,134.88841700018384,False,0,True,3,387,384,422,388,450,400
2637,79.11748800000224,79.14748800000224,488,0,0,0,0,133.69049999892013,False,0,True,3,400,399,442,407,488,429
2638,79.14748800000224,79.17748800000224,473,1,1,0,0,135.85012499970617,False,0,True,3,372,371,417,374,473,386
2639,79.17748800000224,79.20748800000224,504,1,1,0,0,135.40095899952576,False,0,True,3,410,409,453,411,504,423
2640,79.20748800000224,79.23748800000224,511,0,0,0,0,82.09904200339224,False,0,True,3,442,441,473,442,511,465
2641,79.23748800000224,79.26748800000225,458,0,0,0,0,135.62575000105426,False,0,True,3,394,391,433,392,458,405
2642,79.26748800000225,79.29748800000225,449,0,0,0,0,107.60825000033947,False,0,True,3,390,388,431,393,449,403
2643,79.29748800000225,79.32748800000225,461,0,0,0,0,69.79458299610997,False,0,True,3,410,408,437,410,461,431
2644,79.32748800000225,79.35748800000225,459,0,0,0,0,31.51241700106766,False,0,True,3,420,419,441,426,459,443
2645,79.35748800000225,79.38748800000225,418,0,0,0,0,44.74258299887879,False,0,True,3,375,374,395,379,418,401
2646,79.38748800000225,79.41748800000225,470,0,0,0,0,57.187999998859596,False,0,True,3,431,428,446,429,470,452
2647,79.41748800000225,79.44748800000225,459,0,0,0,0,19.439290997979697,False,0,True,3,429,427,437,430,459,452
2648,79.44748800000225,79.47748800000225,490,0,0,0,0,45.129583006200846,False,0,True,3,454,452,474,456,490,472
2649,79.47748800000225,79.50748800000225,500,0,0,0,0,19.28941599908285,False,0,True,3,471,469,481,471,500,489
2650,79.50748800000225,79.53748800000226,445,0,0,0,0,44.4453749951208,False,0,True,3,415,413,430,417,445,432
2651,79.53748800000226,79.56748800000226,445,0,0,0,0,19.104958002571948,False,0,True,3,421,419,433,425,445,437
2652,79.56748800000226,79.59748800000226,458,0,0,0,0,57.38329200539738,False,0,True,3,437,435,450,437,458,445
2653,79.59748800000226,79.62748800000226,468,0,0,0,0,44.81095800292678,False,0,True,3,444,442,458,444,468,453
2654,79.62748800000226,79.65748800000226,478,0,0,0,0,31.729292000818532,False,0,True,3,457,455,472,456,478,462
2655,79.65748800000226,79.68748800000226,449,0,0,0,0,82.87416699749883,False,0,True,3,411,410,435,413,449,425
2656,79.68748800000226,79.71748800000226,459,0,0,0,0,83.0100829989533,False,0,True,3,428,427,445,428,459,438
2657,79.71748800000226,79.74748800000226,467,0,0,0,0,96.25750000122935,False,0,True,3,429,427,458,430,467,437
2658,79.74748800000226,79.77748800000226,464,0,0,0,0,32.01891699427506,False,0,True,3,433,430,452,433,464,445
2659,79.77748800000226,79.80748800000227,466,0,0,0,0,83.28666599845747,False,0,True,3,426,424,448,425,466,438
2660,79.80748800000227,79.83748800000227,440,0,0,0,0,82.94529200065881,False,0,True,3,410,407,431,408,440,415
2661,79.83748800000227,79.86748800000227,489,0,0,0,0,69.91654200101038,False,0,True,3,436,433,462,436,489,458
2662,79.86748800000227,79.89748800000227,434,0,0,0,0,96.6328330032411,False,0,True,3,385,382,414,385,434,404
2663,79.89748800000227,79.92748800000227,443,0,0,0,0,70.3282920003403,False,0,True,3,389,387,419,388,443,409
2664,79.92748800000227,79.95748800000227,511,0,0,0,0,71.63966599910054,False,0,True,3,460,457,488,459,511,480
2665,79.95748800000227,79.98748800000227,469,0,0,0,0,70.185999997193,False,0,True,3,417,416,451,420,469,436
2666,79.98748800000227,80.01748800000227,481,0,0,0,0,85.23120800236939,False,0,True,3,418,416,457,418,481,437
2667,80.01748800000227,80.04748800000228,413,0,0,0,0,95.54854100133525,False,0,True,3,357,356,395,360,413,375
2668,80.04748800000228,80.07748800000228,477,0,0,0,0,110.45537499740021,False,0,True,3,414,413,459,415,477,425
2669,80.07748800000228,80.10748800000228,479,0,0,0,0,142.41479199699825,False,0,True,3,415,414,454,415,479,430
2670,80.10748800000228,80.13748800000228,509,0,0,0,0,109.1198340000119,False,0,True,3,435,434,482,439,509,452
2671,80.13748800000228,80.16748800000228,501,1,1,0,0,122.98837499838555,False,0,True,3,431,428,477,429,501,440
2672,80.16748800000228,80.19748800000228,549,0,0,0,0,122.33174999710172,False,0,True,3,452,449,511,457,549,475
2673,80.19748800000228,80.22748800000228,550,1,1,0,0,135.10312499420252,False,0,True,3,417,415,494,417,550,432
2674,80.22748800000228,80.25748800000228,682,1,1,1,1,136.53024999803165,False,0,True,3,474,472,571,472,682,486
2675,80.25748800000228,80.28748800000228,699,1,1,1,1,136.90541600226425,False,0,True,3,447,445,566,451,699,466
2676,80.28748800000228,80.31748800000229,747,1,1,1,1,135.56604200130096,False,0,True,3,453,451,625,457,747,471
2677,80.31748800000229,80.34748800000229,798,1,1,1,1,134.54529199952958,False,0,True,3,487,486,641,489,798,499
2678,80.34748800000229,80.37748800000229,716,1,1,1,1,136.07679200504208,False,0,True,3,487,484,614,486,716,503
2679,80.37748800000229,80.40748800000229,666,1,1,1,1,136.31633300246904,False,0,True,3,500,497,602,503,666,520
2680,80.40748800000229,80.43748800000229,602,0,0,0,0,133.32916700164787,False,0,True,3,487,486,558,489,602,497
2681,80.43748800000229,80.46748800000229,634,1,1,1,1,134.69045799865853,False,0,True,3,521,518,582,520,634,534
2682,80.46748800000229,80.49748800000229,683,1,1,1,1,136.9581670005573,False,0,True,3,529,528,625,532,683,546
2683,80.49748800000229,80.5274880000023,859,1,1,1,1,135.0232499971753,False,0,True,3,511,510,674,517,859,532
2684,80.5274880000023,80.5574880000023,1195,1,1,1,1,136.32341699849349,False,0,True,3,521,519,749,524,1195,543
2685,80.5574880000023,80.5874880000023,1316,1,1,1,1,136.12666699918918,False,0,True,3,483,480,753,484,1316,501
2686,80.5874880000023,80.6174880000023,1416,1,1,1,1,137.01004200265743,False,0,True,3,491,487,792,492,1416,501
2687,80.6174880000023,80.6474880000023,1454,1,1,1,1,136.13066599646118,False,0,True,3,503,497,810,499,1454,515
2688,80.6474880000023,80.6774880000023,1446,2,1,1,1,136.94208400556818,False,0,True,3,497,492,835,496,1446,517
2689,80.6774880000023,80.7074880000023,1306,1,1,1,1,135.92116599465953,False,0,True,3,467,463,771,471,1306,487
2690,80.7074880000023,80.7374880000023,1254,1,1,1,1,134.97533299960196,False,0,True,3,494,489,837,495,1254,516
2691,80.7374880000023,80.7674880000023,1201,1,1,1,1,135.577209002804,False,0,True,3,498,490,900,492,1201,497
2692,80.7674880000023,80.7974880000023,1330,1,1,1,1,137.48437500180444,False,0,True,3,535,527,983,531,1330,558
2693,80.7974880000023,80.8274880000023,1308,1,1,1,1,135.12454200099455,False,0,True,3,536,529,922,535,1308,551
2694,80.8274880000023,80.8574880000023,1352,1,1,1,1,135.34616600372829,False,0,True,3,523,517,903,519,1352,531
2695,80.8574880000023,80.8874880000023,1330,1,1,1,1,137.2147500005667,False,0,True,3,554,548,935,554,1330,570
2696,80.8874880000023,80.91748800000231,1252,1,1,1,1,136.14454199705506,False,0,True,3,559,553,946,562,1252,571
2697,80.91748800000231,80.94748800000231,1295,1,1,1,1,134.7768330015242,False,0,True,3,597,592,978,595,1295,608
2698,80.94748800000231,80.97748800000231,1306,1,1,1,1,135.4949590022443,False,0,True,3,551,546,953,550,1306,581
2699,80.97748800000231,81.00748800000231,1390,1,1,1,1,135.99054199585225,False,0,True,3,559,555,989,560,1390,573
2700,81.00748800000231,81.03748800000231,1331,1,1,1,1,135.4207080003107,False,0,True,3,567,563,974,573,1331,588
2701,81.03748800000231,81.06748800000231,1197,1,1,1,1,134.47458400332835,False,0,True,3,541,535,878,540,1197,556
2702,81.06748800000231,81.09748800000231,1271,1,1,1,1,135.62304199876962,False,0,True,3,570,566,882,570,1271,591
2703,81.09748800000231,81.12748800000232,1283,1,1,1,1,135.10720799968112,False,0,True,3,549,544,846,555,1283,582
2704,81.12748800000232,81.15748800000232,1232,1,1,1,1,133.0500000040047,False,0,True,3,577,573,867,578,1232,596
2705,81.15748800000232,81.18748800000232,1148,1,1,1,1,134.0072910024901,False,0,True,3,615,611,904,617,1148,638
2706,81.18748800000232,81.21748800000232,1009,1,1,1,1,136.3084590047947,False,0,True,3,551,545,828,554,1009,573
2707,81.21748800000232,81.24748800000232,1026,1,1,1,1,133.52591600414598,False,0,True,3,576,570,822,571,1026,583
2708,81.24748800000232,81.27748800000232,1162,1,1,1,1,134.10433299577562,False,0,True,3,572,569,872,572,1162,582
2709,81.27748800000232,81.30748800000232,1416,1,1,1,1,136.6038749984,False,0,True,3,577,573,894,578,1416,590
2710,81.30748800000232,81.33748800000232,2037,1,1,1,1,135.04345800174633,False,0,True,3,613,609,962,612,2037,628
2711,81.33748800000232,81.36748800000233,1531,1,1,1,1,134.33066699508345,False,0,True,3,607,601,969,609,1531,623
2712,81.36748800000233,81.39748800000233,1464,2,2,1,1,135.15570800518617,False,0,True,3,558,554,963,560,1464,575
2713,81.39748800000233,81.42748800000233,1369,1,1,1,1,136.80608400318306,False,0,True,3,607,600,942,605,1369,621
2714,81.42748800000233,81.45748800000233,1258,1,1,1,1,136.20112499484094,False,0,True,3,596,590,927,596,1258,608
2715,81.45748800000233,81.48748800000233,1158,0,0,0,0,134.21529100014595,False,0,True,3,600,592,865,596,1158,617
2716,81.48748800000233,81.51748800000233,1150,1,1,1,1,136.01954199839383,False,0,True,3,601,596,890,604,1150,619
2717,81.51748800000233,81.54748800000233,1236,1,1,1,1,134.59616700129118,False,0,True,3,619,616,933,622,1236,645
2718,81.54748800000233,81.57748800000233,1187,1,1,1,1,134.4777080012136,False,0,True,3,621,616,933,622,1187,644
2719,81.57748800000233,81.60748800000233,1132,1,1,1,1,135.8949169953121,False,0,True,3,599,595,910,602,1132,608
2720,81.60748800000233,81.63748800000234,1107,1,1,1,1,134.7292499995092,False,0,True,3,588,580,896,584,1107,601
2721,81.63748800000234,81.66748800000234,1302,1,1,1,1,135.0426669960143,False,0,True,3,627,623,943,631,1302,644
2722,81.66748800000234,81.69748800000234,1662,1,1,1,1,136.07858299656073,False,0,True,3,606,602,969,605,1662,630
2723,81.69748800000234,81.72748800000234,1731,1,1,1,1,137.5212500061025,False,0,True,3,643,641,1039,647,1731,663
2724,81.72748800000234,81.75748800000234,1644,2,1,1,1,134.3487910053227,False,0,True,3,626,624,1023,629,1644,651
2725,81.75748800000234,81.78748800000234,1594,1,1,1,1,135.1415419994737,False,0,True,3,628,626,1013,629,1594,646
2726,81.78748800000234,81.81748800000234,1552,1,1,1,1,136.42891599738505,False,0,True,3,605,603,989,609,1552,617
2727,81.81748800000234,81.84748800000234,1594,1,1,1,1,134.81783300085226,False,0,True,3,678,676,1084,682,1594,697
2728,81.84748800000234,81.87748800000234,1638,1,1,1,1,134.7292079954059,False,0,True,3,736,734,1113,739,1638,752
2729,81.87748800000234,81.90748800000235,1471,1,1,1,1,135.44112499948824,False,0,True,3,604,602,974,608,1471,621
2730,81.90748800000235,81.93748800000235,1382,1,1,1,1,134.76195799739799,False,0,True,3,595,593,922,597,1382,611
2731,81.93748800000235,81.96748800000235,1362,1,1,1,1,134.69637499656528,False,0,True,3,660,657,973,661,1362,676
2732,81.96748800000235,81.99748800000235,1280,1,1,1,1,134.07637499767588,False,0,True,3,611,610,919,617,1280,631
2733,81.99748800000235,82.02748800000235,1271,1,1,1,1,134.21258400194347,False,0,True,3,627,625,940,628,1271,642
2734,82.02748800000235,82.05748800000235,1228,1,1,1,1,134.44279100076528,False,0,True,3,611,610,903,611,1228,627
2735,82.05748800000235,82.08748800000235,1242,0,0,0,0,132.96029199409531,False,0,True,3,669,668,950,672,1242,686
2736,82.08748800000235,82.11748800000235,1233,1,1,1,1,137.812541994208,False,0,True,3,687,684,961,689,1233,709
2737,82.11748800000235,82.14748800000235,1111,0,0,0,0,135.88349999918137,False,0,True,3,638,636,896,648,1111,670
2738,82.14748800000235,82.17748800000236,1015,1,1,0,0,197.00591700529912,False,0,True,3,613,610,855,613,1015,630
2739,82.17748800000236,82.20748800000236,983,0,0,0,0,139.1512919944944,False,0,True,3,651,650,864,652,983,663
2740,82.20748800000236,82.23748800000236,977,0,0,0,0,137.11075000173878,False,0,True,3,686,685,878,690,977,710
2741,82.23748800000236,82.26748800000236,869,0,0,0,0,133.47208400227828,False,0,True,3,620,618,797,622,869,642
2742,82.26748800000236,82.29748800000236,800,1,1,0,0,137.97954099572962,False,0,True,3,610,609,753,612,800,625
2743,82.29748800000236,82.32748800000236,869,1,1,0,0,143.63404199684737,False,0,True,3,684,683,818,685,869,696
2744,82.32748800000236,82.35748800000236,978,1,1,1,1,135.26300000376068,False,0,True,3,689,685,769,691,978,715
2745,82.35748800000236,82.38748800000236,797,1,1,1,1,135.02716700168094,False,0,True,3,654,648,690,650,797,668
2746,82.38748800000236,82.41748800000236,691,0,0,0,0,6.879458996991161,False,0,True,3,662,662,667,667,691,691
2747,82.41748800000236,82.44748800000237,713,0,0,0,0,60.70683299913071,False,0,True,3,666,663,681,668,713,686
2748,82.44748800000237,82.47748800000237,758,0,0,0,0,86.58558299794095,False,0,True,3,692,686,726,693,758,717
2749,82.47748800000237,82.50748800000237,765,0,0,0,0,136.47091700113378,False,0,True,3,676,672,737,677,765,694
2750,82.50748800000237,82.53748800000237,831,1,1,0,0,135.3323330040439,False,0,True,3,714,710,798,719,831,737
2751,82.53748800000237,82.56748800000237,856,1,1,0,0,135.6551249991753,False,0,True,3,714,711,808,715,856,735
2752,82.56748800000237,82.59748800000237,854,0,0,0,0,121.96649999532383,False,0,True,3,690,687,799,692,854,721
2753,82.59748800000237,82.62748800000237,870,0,0,0,0,119.92108300182736,False,0,True,3,720,719,817,723,870,746
2754,82.62748800000237,82.65748800000237,824,0,0,0,0,133.1475000042701,False,0,True,3,654,653,759,661,824,688
2755,82.65748800000237,82.68748800000238,922,0,0,0,0,134.62474999687402,False,0,True,3,738,737,845,743,922,766
2756,82.68748800000238,82.71748800000238,924,0,0,0,0,134.9307080017752,False,0,True,3,759,758,863,761,924,784
2757,82.71748800000238,82.74748800000238,942,1,1,0,0,134.7409579975647,False,0,True,3,770,769,875,774,942,797
2758,82.74748800000238,82.77748800000238,980,0,0,0,0,136.4335830003256,False,0,True,3,783,782,896,789,980,812
2759,82.77748800000238,82.80748800000238,978,0,0,0,0,134.91479199728929,False,0,True,3,777,776,892,783,978,814
2760,82.80748800000238,82.83748800000238,964,0,0,0,0,227.48120900359936,False,0,True,3,761,760,874,766,964,798
2761,82.83748800000238,82.86748800000238,977,0,0,0,0,139.59170800080756,False,0,True,3,781,780,903,794,977,811
2762,82.86748800000238,82.89748800000238,964,0,0,0,0,137.95295899763005,False,0,True,3,762,760,880,760,964,771
2763,82.89748800000238,82.92748800000238,1001,0,0,0,0,133.45500000286847,False,0,True,3,787,786,919,793,1001,808
2764,82.92748800000238,82.95748800000239,1025,0,0,0,0,131.6967079983442,False,0,True,3,791,790,923,798,1025,815
2765,82.95748800000239,82.98748800000239,997,0,0,0,0,132.4611250020098,False,0,True,3,755,754,882,756,997,780
2766,82.98748800000239,83.01748800000239,934,0,0,0,0,131.79108299664222,False,0,True,3,683,682,821,684,934,696
2767,83.01748800000239,83.04748800000239,994,0,0,0,0,164.81545900023775,False,0,True,3,717,716,864,719,994,739
2768,83.04748800000239,83.07748800000239,1022,0,0,0,0,132.65633300034096,False,0,True,3,755,754,900,758,1022,777
2769,83.07748800000239,83.10748800000239,1106,0,0,0,0,130.24191600561608,False,0,True,3,834,833,982,837,1106,856
2770,83.10748800000239,83.13748800000239,1053,0,0,0,0,131.99754200468305,False,0,True,3,773,772,922,777,1053,804
2771,83.13748800000239,83.1674880000024,1093,0,0,0,0,130.5052079987945,False,0,True,3,813,812,963,816,1093,834
2772,83.1674880000024,83.1974880000024,1132,0,0,0,0,130.8536249998724,False,0,True,3,822,821,983,831,1132,856
2773,83.1974880000024,83.2274880000024,1175,0,0,0,0,129.9704999983078,False,0,True,3,862,861,1010,864,1175,893
2774,83.2274880000024,83.2574880000024,1110,0,0,0,0,130.11399999959394,False,0,True,3,811,810,958,816,1110,849
2775,83.2574880000024,83.2874880000024,1127,0,0,0,0,132.24320800509304,False,0,True,3,812,810,973,819,1127,840
2776,83.2874880000024,83.3174880000024,1096,0,0,0,0,132.77745799859986,False,0,True,3,790,789,940,792,1096,811
2777,83.3174880000024,83.3474880000024,1053,0,0,0,0,132.99791699682828,False,0,True,3,760,759,908,765,1053,785
2778,83.3474880000024,83.3774880000024,1061,1,1,0,0,134.6185830043396,False,0,True,3,775,774,906,777,1061,795
2779,83.3774880000024,83.4074880000024,1073,0,0,0,0,132.54175000474788,False,0,True,3,827,826,951,830,1073,857
2780,83.4074880000024,83.4374880000024,953,1,1,0,0,131.69699999707518,False,0,True,3,782,781,883,786,953,802
2781,83.4374880000024,83.4674880000024,998,1,1,0,0,134.89541699527763,False,0,True,3,859,858,918,862,998,886
2782,83.4674880000024,83.4974880000024,1007,0,0,0,0,133.06166700203903,False,0,True,3,875,874,952,880,1007,903
2783,83.4974880000024,83.5274880000024,1030,1,1,0,0,133.50866599648725,False,0,True,3,882,881,973,891,1030,909
2784,83.5274880000024,83.55748800000241,1070,0,0,0,0,131.55299999925774,False,0,True,3,913,912,1007,919,1070,940
2785,83.55748800000241,83.58748800000241,1029,1,1,1,1,133.6015420019976,False,0,True,3,874,873,966,879,1029,890
2786,83.58748800000241,83.61748800000241,1049,0,0,0,0,135.366750000685,False,0,True,3,882,881,974,887,1049,910
2787,83.61748800000241,83.64748800000241,1050,1,1,1,1,134.3196249945322,False,0,True,3,881,879,986,889,1050,913
2788,83.64748800000241,83.67748800000241,1073,1,1,0,0,134.81250000040745,False,0,True,3,899,898,997,903,1073,922
2789,83.67748800000241,83.70748800000241,1041,1,1,0,0,134.81641699763713,False,0,True,3,863,862,963,868,1041,882
2790,83.70748800000241,83.73748800000241,1077,1,1,1,1,135.1777910022065,False,0,True,3,880,878,988,891,1077,915
2791,83.73748800000241,83.76748800000242,1116,1,1,1,1,133.56999999814434,False,0,True,3,903,901,1016,905,1116,939
2792,83.76748800000242,83.79748800000242,1115,1,1,1,1,133.7193750005099,False,0,True,3,907,906,1019,911,1115,935
2793,83.79748800000242,83.82748800000242,1113,1,1,1,1,134.01412500388687,False,0,True,3,900,898,1020,903,1113,922
2794,83.82748800000242,83.85748800000242,1238,1,1,1,1,135.319958004402,False,0,True,3,1020,1019,1140,1031,1238,1049
2795,83.85748800000242,83.88748800000242,1216,1,1,1,1,134.3738330033375,False,0,True,3,987,986,1113,992,1216,1009
2796,83.88748800000242,83.91748800000242,1200,1,1,1,1,134.37183399946662,False,0,True,3,952,951,1076,960,1200,991
2797,83.91748800000242,83.94748800000242,1235,1,1,1,1,134.32558399654226,False,0,True,3,992,991,1114,998,1235,1032
2798,83.94748800000242,83.97748800000242,1208,1,1,1,1,154.3315419985447,False,0,True,3,942,940,1071,948,1208,990
2799,83.97748800000242,84.00748800000243,1233,1,1,1,1,134.5737090014154,False,0,True,3,949,948,1082,958,1233,993
2800,84.00748800000243,84.03748800000243,1132,1,1,1,1,133.9710419997573,False,0,True,3,901,900,1023,907,1132,939
2801,84.03748800000243,84.06748800000243,1139,1,1,1,1,136.7745419993298,False,0,True,3,891,890,1019,897,1139,923
2802,84.06748800000243,84.09748800000243,1253,1,1,1,1,133.89824999467237,False,0,True,3,1001,1000,1131,1010,1253,1029
2803,84.09748800000243,84.12748800000243,1275,1,1,1,1,131.76229200325906,False,0,True,3,996,994,1154,1007,1275,1025
2804,84.12748800000243,84.15748800000243,1300,1,1,1,1,133.58966699888697,False,0,True,3,1007,1003,1164,1011,1300,1036
2805,84.15748800000243,84.18748800000243,1245,1,1,1,1,134.74683400272625,False,0,True,3,966,965,1104,970,1245,997
2806,84.18748800000243,84.21748800000243,1338,1,1,1,1,134.69591600005515,False,0,True,3,1042,1041,1190,1052,1338,1082
2807,84.21748800000243,84.24748800000243,1280,1,1,1,1,133.29987500037532,False,0,True,3,984,982,1132,993,1280,1023
2808,84.24748800000243,84.27748800000244,1237,1,1,1,1,133.82745899434667,False,0,True,3,971,968,1101,975,1237,1000
2809,84.27748800000244,84.30748800000244,1255,1,1,1,1,134.3399170000339,False,0,True,3,980,978,1119,982,1255,1002
2810,84.30748800000244,84.33748800000244,1373,1,1,1,1,133.94683300430188,False,0,True,3,1066,1065,1209,1075,1373,1100
2811,84.33748800000244,84.36748800000244,1298,1,1,1,1,133.81583299633348,False,0,True,3,1020,1018,1158,1028,1298,1053
2812,84.36748800000244,84.39748800000244,1367,1,1,1,1,133.76791599876015,False,0,True,3,1068,1064,1219,1075,1367,1101
2813,84.39748800000244,84.42748800000244,1397,1,1,1,1,133.33733299805317,False,0,True,3,1052,1050,1236,1061,1397,1084
2814,84.42748800000244,84.45748800000244,1400,1,1,1,1,132.82620799873257,False,0,True,3,1039,1033,1220,1045,1400,1071
2815,84.45748800000244,84.48748800000244,1377,1,1,1,1,133.55008399958024,False,0,True,3,1012,1007,1174,1013,1377,1040
2816,84.48748800000244,84.51748800000244,1399,1,1,1,1,134.09800000226824,False,0,True,3,978,974,1163,984,1399,1007
2817,84.51748800000244,84.54748800000245,1559,1,1,1,1,134.50704099523136,False,0,True,3,1053,1048,1298,1055,1559,1084
2818,84.54748800000245,84.57748800000245,1610,1,1,1,1,135.38537499698577,False,0,True,3,1080,1076,1302,1086,1610,1115
2819,84.57748800000245,84.60748800000245,1713,1,1,1,1,133.51020799746038,False,0,True,3,1047,1045,1315,1053,1713,1078
2820,84.60748800000245,84.63748800000245,1819,1,1,1,1,134.08008399710525,False,0,True,3,995,992,1270,1003,1819,1023
2821,84.63748800000245,84.66748800000245,1662,1,1,1,1,133.73624999803724,False,0,True,3,977,976,1208,979,1662,1006
2822,84.66748800000245,84.69748800000245,1600,1,1,1,1,135.20916699781083,False,0,True,3,976,974,1193,986,1600,997
2823,84.69748800000245,84.72748800000245,1782,1,1,1,1,134.63554199552163,False,0,True,3,1123,1122,1348,1134,1782,1172
2824,84.72748800000245,84.75748800000245,1848,1,1,1,1,136.99779200396733,False,0,True,3,1144,1143,1384,1149,1848,1171
2825,84.75748800000245,84.78748800000245,2340,1,1,1,1,132.9575829950045,False,0,True,3,1073,1072,1401,1080,2340,1105
2826,84.78748800000245,84.81748800000246,2903,1,1,1,1,134.4136250045267,False,0,True,3,992,991,1409,995,2903,1019
2827,84.81748800000246,84.84748800000246,3179,1,1,1,1,133.1316659998265,False,0,True,3,1106,1103,1561,1111,3179,1134
2828,84.84748800000246,84.87748800000246,3726,1,1,1,1,133.18983300268883,False,0,True,3,1057,1054,1539,1061,3726,1081
2829,84.87748800000246,84.90748800000246,3259,1,1,1,1,134.09616600256413,False,0,True,3,990,987,1468,1000,3259,1023
2830,84.90748800000246,84.93748800000246,2684,1,1,1,1,132.5998750035069,False,0,True,3,1058,1055,1489,1063,2684,1083
2831,84.93748800000246,84.96748800000246,2126,1,1,1,1,132.61833299475256,False,0,True,3,1167,1162,1515,1173,2126,1190
2832,84.96748800000246,84.99748800000246,1945,1,1,1,1,133.7702079981682,False,0,True,3,1100,1098,1405,1108,1945,1136
2833,84.99748800000246,85.02748800000246,2009,1,1,1,1,133.0314169972553,False,0,True,3,1104,1102,1420,1115,2009,1152
2834,85.02748800000246,85.05748800000246,2027,1,1,1,1,134.5267500000773,False,0,True,3,1088,1087,1415,1098,2027,1133
2835,85.05748800000246,85.08748800000247,1967,1,1,1,1,134.43458400433883,False,0,True,3,1037,1034,1372,1045,1967,1065
2836,85.08748800000247,85.11748800000247,2010,1,1,1,1,132.9382080002688,False,0,True,3,1061,1059,1394,1070,2010,1098
2837,85.11748800000247,85.14748800000247,1949,1,1,1,1,132.85054200241575,False,0,True,3,1069,1068,1403,1078,1949,1108
2838,85.14748800000247,85.17748800000247,2039,1,1,1,1,133.93579099647468,False,0,True,3,1059,1058,1402,1068,2039,1083
2839,85.17748800000247,85.20748800000247,2174,1,1,1,1,133.72029099991778,False,0,True,3,1068,1065,1423,1074,2174,1090
2840,85.20748800000247,85.23748800000247,2180,1,1,1,1,134.10462500178255,False,0,True,3,1011,1009,1374,1017,2180,1037
2841,85.23748800000247,85.26748800000247,2199,1,1,1,1,133.63995800318662,False,0,True,3,1071,1069,1438,1081,2199,1104
2842,85.26748800000247,85.29748800000247,2005,1,1,1,1,134.6232500000042,False,0,True,3,992,991,1343,1001,2005,1021
2843,85.29748800000247,85.32748800000248,1933,1,1,1,1,134.57508300052723,False,0,True,3,1096,1093,1422,1106,1933,1138
2844,85.32748800000248,85.35748800000248,1798,1,1,1,1,134.27108299947577,False,0,True,3,1066,1063,1369,1077,1798,1098
2845,85.35748800000248,85.38748800000248,1647,1,1,1,1,134.81237499945564,False,0,True,3,1039,1037,1315,1047,1647,1062
2846,85.38748800000248,85.41748800000248,1576,1,1,1,1,134.29037499736296,False,0,True,3,1075,1073,1326,1085,1576,1110
2847,85.41748800000248,85.44748800000248,1357,2,2,1,1,133.91541600140044,False,0,True,3,989,986,1204,995,1357,1022
2848,85.44748800000248,85.47748800000248,1382,1,1,0,0,134.2211670053075,False,0,True,3,1121,1118,1282,1129,1382,1158
2849,85.47748800000248,85.50748800000248,1356,1,1,1,1,133.94379099918297,False,0,True,3,1157,1155,1297,1175,1356,1201
2850,85.50748800000248,85.53748800000248,1244,0,0,0,0,420.9582500043325,False,0,True,3,1073,1069,1208,1085,1244,1108
2851,85.53748800000248,85.56748800000248,1361,0,0,0,0,145.28216700273333,False,0,True,3,1190,1183,1320,1199,1361,1218
2852,85.56748800000248,85.59748800000249,1331,2,2,1,1,145.25941699685063,False,0,True,3,1125,1121,1262,1126,1331,1154
2853,85.59748800000249,85.62748800000249,1535,0,0,0,0,137.69958400371252,False,0,True,3,1251,1247,1427,1254,1535,1276
2854,85.62748800000249,85.65748800000249,1596,1,1,0,0,137.75287500175182,False,0,True,3,1236,1235,1420,1244,1596,1268
2855,85.65748800000249,85.68748800000249,1760,1,1,0,0,136.3821250051842,False,0,True,3,1347,1342,1549,1356,1760,1384
2856,85.68748800000249,85.71748800000249,1773,1,1,1,1,135.32983299955959,False,0,True,3,1314,1311,1547,1330,1773,1366
2857,85.71748800000249,85.74748800000249,1731,1,1,0,0,134.68324999848846,False,0,True,3,1261,1259,1499,1274,1731,1308
2858,85.74748800000249,85.77748800000249,1886,1,1,1,1,133.40316700487165,False,0,True,3,1370,1367,1615,1377,1886,1409
2859,85.77748800000249,85.8074880000025,1842,1,1,1,1,136.09974999417318,False,0,True,3,1312,1309,1562,1320,1842,1352
2860,85.8074880000025,85.8374880000025,1784,1,1,1,1,134.45429199782666,False,0,True,3,1233,1232,1476,1242,1784,1270
2861,85.8374880000025,85.8674880000025,1791,2,1,1,1,134.78954099991824,False,0,True,3,1158,1154,1417,1161,1791,1213
2862,85.8674880000025,85.8974880000025,1814,2,1,1,1,134.47433399414876,False,0,True,3,1239,1237,1500,1249,1814,1281
2863,85.8974880000025,85.9274880000025,1748,1,1,1,1,135.31854099710472,False,0,True,3,1258,1257,1492,1273,1748,1288
2864,85.9274880000025,85.9574880000025,1789,1,1,1,1,135.94866699713748,False,0,True,3,1300,1297,1519,1310,1789,1335
2865,85.9574880000025,85.9874880000025,1773,1,1,1,1,135.07529200433055,False,0,True,3,1275,1273,1485,1292,1773,1327
2866,85.9874880000025,86.0174880000025,1634,1,1,1,1,133.44320800388232,False,0,True,3,1237,1236,1403,1245,1634,1282
2867,86.0174880000025,86.0474880000025,1545,1,1,1,1,135.74599999992643,False,0,True,3,1172,1171,1344,1179,1545,1200
2868,86.0474880000025,86.0774880000025,1588,1,1,1,1,134.54762500623474,False,0,True,3,1251,1249,1397,1261,1588,1307
2869,86.0774880000025,86.1074880000025,1550,1,1,1,1,134.95087499904912,False,0,True,3,1295,1292,1431,1305,1550,1339
2870,86.1074880000025,86.1374880000025,1423,1,1,1,1,134.91979100217577,False,0,True,3,1162,1155,1290,1170,1423,1198
2871,86.1374880000025,86.1674880000025,1471,1,1,1,1,133.3082499986631,False,0,True,3,1187,1182,1319,1197,1471,1229
2872,86.1674880000025,86.19748800000251,1595,1,1,1,1,134.1109580025659,False,0,True,3,1229,1226,1389,1241,1595,1268
2873,86.19748800000251,86.22748800000251,1537,1,1,1,1,134.80991699907463,False,0,True,3,1146,1143,1316,1154,1537,1182
2874,86.22748800000251,86.25748800000251,1564,1,1,1,1,133.25045900273835,False,0,True,3,1202,1200,1366,1208,1564,1229
2875,86.25748800000251,86.28748800000251,1527,1,1,1,1,131.79050000326242,False,0,True,3,1202,1201,1366,1219,1527,1248
2876,86.28748800000251,86.31748800000251,1520,1,1,1,1,133.94174999848474,False,0,True,3,1221,1220,1384,1231,1520,1257
2877,86.31748800000251,86.34748800000251,1550,1,1,1,1,135.2139160007937,False,0,True,3,1265,1263,1426,1276,1550,1306
2878,86.34748800000251,86.37748800000251,1774,1,1,1,1,134.6859589975793,False,0,True,3,1384,1383,1571,1401,1774,1442
2879,86.37748800000251,86.40748800000252,1869,1,1,1,1,146.18699999846285,False,0,True,3,1298,1296,1525,1311,1869,1350
2880,86.40748800000252,86.43748800000252,1940,1,1,1,1,135.68591700459365,False,0,True,3,1282,1279,1535,1294,1940,1323
2881,86.43748800000252,86.46748800000252,2058,1,1,1,1,432.86920899845427,False,0,True,3,1359,1355,1621,1367,2058,1390
2882,86.46748800000252,86.49748800000252,2091,1,1,1,1,185.16904200077988,False,0,True,3,1333,1330,1596,1345,2091,1379
2883,86.49748800000252,86.52748800000252,1970,2,2,1,1,138.02333299827296,False,0,True,3,1354,1351,1616,1371,1970,1397
2884,86.52748800000252,86.55748800000252,1921,1,1,1,1,135.6229169978178,False,0,True,3,1355,1353,1599,1366,1921,1395
2885,86.55748800000252,86.58748800000252,2155,1,1,1,1,139.71791699441383,False,0,True,3,1360,1357,1622,1371,2155,1404
2886,86.58748800000252,86.61748800000252,2119,1,1,1,1,140.07279200450284,False,0,True,3,1408,1406,1659,1421,2119,1453
2887,86.61748800000252,86.64748800000253,1901,1,1,1,1,134.34612499986542,False,0,True,3,1427,1423,1643,1438,1901,1468
2888,86.64748800000253,86.67748800000253,1873,1,1,1,1,135.82404099724954,False,0,True,3,1362,1360,1576,1372,1873,1402
2889,86.67748800000253,86.70748800000253,1991,1,1,1,1,136.25662499543978,False,0,True,3,1438,1435,1644,1450,1991,1490
2890,86.70748800000253,86.73748800000253,1859,2,2,1,1,135.14066700008698,False,0,True,3,1321,1318,1521,1327,1859,1358
2891,86.73748800000253,86.76748800000253,1937,1,1,1,1,134.37775000056718,False,0,True,3,1417,1415,1621,1437,1937,1468
2892,86.76748800000253,86.79748800000253,1916,2,1,1,1,134.00095899851294,False,0,True,3,1382,1380,1578,1397,1916,1443
2893,86.79748800000253,86.82748800000253,1895,1,1,1,1,135.2730420039734,False,0,True,3,1398,1396,1589,1407,1895,1448
2894,86.82748800000253,86.85748800000253,1792,1,1,1,1,134.35724999726517,False,0,True,3,1333,1328,1529,1338,1792,1373
2895,86.85748800000253,86.88748800000253,1740,1,1,1,1,135.6296670055599,False,0,True,3,1323,1320,1508,1331,1740,1364
2896,86.88748800000253,86.91748800000254,1856,1,1,1,1,134.32162500248523,False,0,True,3,1421,1419,1615,1436,1856,1463
2897,86.91748800000254,86.94748800000254,1821,1,1,1,1,134.0263340025558,False,0,True,3,1405,1403,1593,1419,1821,1448
2898,86.94748800000254,86.97748800000254,1908,1,1,1,1,136.7376249982044,False,0,True,3,1448,1445,1647,1461,1908,1500
2899,86.97748800000254,87.00748800000254,1965,1,1,1,1,134.53758399555227,False,0,True,3,1462,1455,1674,1477,1965,1531
2900,87.00748800000254,87.03748800000254,1947,1,1,1,1,135.1228749990696,False,0,True,3,1468,1463,1688,1475,1947,1504
2901,87.03748800000254,87.06748800000254,1944,1,1,1,1,136.50733300164575,False,0,True,3,1551,1548,1735,1567,1944,1584
2902,87.06748800000254,87.09748800000254,1956,1,1,1,1,135.54945899522863,False,0,True,3,1591,1588,1754,1608,1956,1641
2903,87.09748800000254,87.12748800000254,1988,1,1,1,1,135.49966699793003,False,0,True,3,1652,1648,1803,1670,1988,1707
2904,87.12748800000254,87.15748800000254,2034,2,2,1,1,136.76999999734107,False,0,True,3,1679,1675,1841,1693,2034,1717
2905,87.15748800000254,87.18748800000255,1870,1,1,1,1,133.89979200292146,False,0,True,3,1587,1583,1721,1597,1870,1625
2906,87.18748800000255,87.21748800000255,2047,1,1,1,1,133.7078329961514,False,0,True,3,1720,1715,1870,1737,2047,1774
2907,87.21748800000255,87.24748800000255,1879,1,1,1,1,134.77529199735727,False,0,True,3,1586,1581,1741,1608,1879,1641
2908,87.24748800000255,87.27748800000255,1842,1,1,1,1,134.35491699783597,False,0,True,3,1604,1602,1721,1616,1842,1651
2909,87.27748800000255,87.30748800000255,1806,1,1,1,1,136.64474999677623,False,0,True,3,1594,1593,1697,1610,1806,1642
2910,87.30748800000255,87.33748800000255,1872,1,1,1,1,135.0326660030987,False,0,True,3,1649,1647,1777,1669,1872,1705
2911,87.33748800000255,87.36748800000255,2072,1,1,1,1,133.63783399836393,False,0,True,3,1619,1610,1816,1628,2072,1670
2912,87.36748800000255,87.39748800000255,1996,0,0,0,0,132.59104199823923,False,0,True,3,1537,1535,1751,1550,1996,1587
2913,87.39748800000255,87.42748800000255,1952,1,1,1,1,135.9832500020275,False,0,True,3,1527,1525,1731,1534,1952,1561
2914,87.42748800000255,87.45748800000256,2012,0,0,0,0,138.3762920013396,False,0,True,3,1581,1579,1782,1595,2012,1630
2915,87.45748800000256,87.48748800000256,2066,0,0,0,0,133.0771669963724,False,0,True,3,1655,1651,1860,1669,2066,1703
2916,87.48748800000256,87.51748800000256,1942,0,0,0,0,132.92887499846984,False,0,True,3,1565,1563,1753,1574,1942,1610
2917,87.51748800000256,87.54748800000256,1893,0,0,0,0,136.91745899996022,False,0,True,3,1547,1544,1722,1553,1893,1589
2918,87.54748800000256,87.57748800000256,1996,0,0,0,0,190.02104100218276,False,0,True,3,1671,1669,1848,1686,1996,1722
2919,87.57748800000256,87.60748800000256,1891,0,0,0,0,135.52112499746727,False,0,True,3,1597,1596,1759,1610,1891,1635
2920,87.60748800000256,87.63748800000256,1887,0,0,0,0,134.0016249960172,False,0,True,3,1623,1622,1773,1632,1887,1651
2921,87.63748800000256,87.66748800000256,1884,1,1,0,0,134.1754589957418,False,0,True,3,1619,1618,1770,1631,1884,1671
2922,87.66748800000256,87.69748800000256,1828,0,0,0,0,134.21416600613156,False,0,True,3,1590,1588,1739,1604,1828,1630
2923,87.69748800000256,87.72748800000257,1901,1,1,0,0,122.36533399845939,False,0,True,3,1691,1689,1822,1707,1901,1744
2924,87.72748800000257,87.75748800000257,1812,0,0,0,0,131.5982919986709,False,0,True,3,1599,1593,1753,1610,1812,1640
2925,87.75748800000257,87.78748800000257,1823,0,0,0,0,132.83033299376257,False,0,True,3,1636,1632,1762,1647,1823,1684
2926,87.78748800000257,87.81748800000257,1751,0,0,0,0,121.32295899937162,False,0,True,3,1601,1598,1707,1613,1751,1645
2927,87.81748800000257,87.84748800000257,1873,0,0,0,0,95.14366700022947,False,0,True,3,1732,1724,1835,1747,1873,1780
2928,87.84748800000257,87.87748800000257,1811,0,0,0,0,56.16800000279909,False,0,True,3,1696,1690,1773,1704,1811,1740
2929,87.87748800000257,87.90748800000257,1785,0,0,0,0,43.588458000158425,False,0,True,3,1715,1708,1755,1723,1785,1752
2930,87.90748800000257,87.93748800000257,1906,0,0,0,0,6.376958001055755,False,0,True,3,1810,1806,1872,1831,1906,1865
2931,87.93748800000257,87.96748800000258,1938,0,0,0,0,44.5677079987945,False,0,True,3,1813,1808,1889,1830,1938,1879
2932,87.96748800000258,87.99748800000258,1963,0,0,0,0,106.2503330031177,False,0,True,3,1811,1807,1932,1825,1963,1853
2933,87.99748800000258,88.02748800000258,1969,0,0,0,0,122.34362500021234,False,0,True,3,1799,1793,1915,1814,1969,1858
2934,88.02748800000258,88.05748800000258,1974,0,0,0,0,133.6495420036954,False,0,True,3,1756,1752,1917,1770,1974,1799
2935,88.05748800000258,88.08748800000258,2069,0,0,0,0,134.09454099746654,False,0,True,3,1827,1824,1984,1847,2069,1887
2936,88.08748800000258,88.11748800000258,2082,0,0,0,0,133.35025000560563,False,0,True,3,1794,1788,1980,1810,2082,1856
2937,88.11748800000258,88.14748800000258,1979,0,0,0,0,134.16775000223424,False,0,True,3,1666,1663,1863,1687,1979,1725
2938,88.14748800000258,88.17748800000258,2130,1,1,0,0,133.44574999791803,False,0,True,3,1796,1794,1995,1814,2130,1848
2939,88.17748800000258,88.20748800000258,2177,1,1,0,0,135.41204200009815,False,0,True,3,1773,1772,1991,1796,2177,1836
2940,88.20748800000258,88.23748800000259,2106,0,0,0,0,141.93108399922494,False,0,True,3,1710,1707,1921,1721,2106,1751
2941,88.23748800000259,88.26748800000259,2307,1,1,1,1,140.00466700235847,False,0,True,3,1836,1833,2062,1849,2307,1885
2942,88.26748800000259,88.29748800000259,2289,1,1,1,1,144.26662500045495,False,0,True,3,1812,1809,2046,1824,2289,1856
2943,88.29748800000259,88.32748800000259,2329,1,1,1,1,143.72895799897378,False,0,True,3,1808,1807,2051,1827,2329,1865
2944,88.32748800000259,88.35748800000259,2326,1,1,1,1,136.60441699903458,False,0,True,3,1783,1782,2043,1805,2326,1841
2945,88.35748800000259,88.38748800000259,2398,1,1,1,1,136.20404199900804,False,0,True,3,1816,1814,2084,1838,2398,1870
2946,88.38748800000259,88.41748800000259,2436,1,1,1,1,135.79916600428987,False,0,True,3,1777,1774,2114,1785,2436,1811
2947,88.41748800000259,88.4474880000026,2383,1,1,1,1,135.03816600132268,False,0,True,3,1722,1718,2040,1737,2383,1777
2948,88.4474880000026,88.4774880000026,2322,1,1,1,1,139.35020800272468,False,0,True,3,1739,1734,2009,1745,2322,1779
2949,88.4774880000026,88.5074880000026,2202,0,0,0,0,136.332374997437,False,0,True,3,1810,1802,2024,1818,2202,1859
2950,88.5074880000026,88.5374880000026,2095,1,1,1,1,135.87254099547863,False,0,True,3,1797,1792,1989,1806,2095,1834
2951,88.5374880000026,88.5674880000026,2210,1,1,1,1,135.60479100124212,False,0,True,3,1846,1842,2065,1863,2210,1892
2952,88.5674880000026,88.5974880000026,2265,2,2,1,1,136.00300000689458,False,0,True,3,1866,1857,2085,1877,2265,1911
2953,88.5974880000026,88.6274880000026,2338,2,2,1,1,140.89262500056066,False,0,True,3,1855,1847,2102,1875,2338,1927
2954,88.6274880000026,88.6574880000026,2410,2,2,2,2,138.19974999933038,False,0,True,3,1849,1841,2122,1858,2410,1906
2955,88.6574880000026,88.6874880000026,2660,2,2,2,2,138.68695800192654,False,0,True,3,1812,1804,2153,1826,2660,1871
2956,88.6874880000026,88.7174880000026,2892,1,1,1,1,138.07154100504704,False,0,True,3,1935,1929,2313,1950,2892,1990
2957,88.7174880000026,88.7474880000026,2775,1,1,1,1,137.00941699789837,False,0,True,3,1810,1803,2201,1831,2775,1884
2958,88.7474880000026,88.7774880000026,2822,2,2,1,1,133.78537499374943,False,0,True,3,1813,1806,2207,1822,2822,1867
2959,88.7774880000026,88.8074880000026,2832,2,2,1,1,134.5051250027609,False,0,True,3,1715,1709,2151,1733,2832,1781
2960,88.8074880000026,88.83748800000261,3028,2,2,2,2,134.93258300150046,False,0,True,3,1827,1822,2273,1844,3028,1891
2961,88.83748800000261,88.86748800000261,2905,1,1,1,1,134.1485000011744,False,0,True,3,1884,1875,2281,1916,2905,1947
2962,88.86748800000261,88.89748800000261,2871,1,1,1,1,133.01833299919963,False,0,True,3,1908,1904,2260,1927,2871,1977
2963,88.89748800000261,88.92748800000261,2814,1,1,1,1,133.6850419975235,False,0,True,3,1854,1848,2203,1875,2814,1914
2964,88.92748800000261,88.95748800000261,2912,1,1,1,1,133.6199579964159,False,0,True,3,1905,1901,2275,1922,2912,1964
2965,88.95748800000261,88.98748800000261,2791,1,1,1,1,134.6975830019801,False,0,True,3,1955,1949,2266,1971,2791,2012
2966,88.98748800000261,89.01748800000261,2611,1,1,1,1,133.47837499895832,False,0,True,3,1933,1926,2208,1957,2611,2002
2967,89.01748800000261,89.04748800000262,2616,1,1,1,1,134.34766700083856,False,0,True,3,1930,1916,2218,1941,2616,1979
2968,89.04748800000262,89.07748800000262,2692,1,1,1,1,133.35274999553803,False,0,True,3,2048,2038,2315,2068,2692,2115
2969,89.07748800000262,89.10748800000262,2800,2,2,1,1,135.32262499938952,False,0,True,3,2050,2042,2357,2070,2800,2104
2970,89.10748800000262,89.13748800000262,2730,1,1,1,1,134.17237499379553,False,0,True,3,2031,2022,2309,2045,2730,2080
2971,89.13748800000262,89.16748800000262,2466,1,1,1,1,132.13720799831208,False,0,True,3,1951,1947,2162,1971,2466,1998
2972,89.16748800000262,89.19748800000262,2493,2,2,1,1,140.82425000378862,False,0,True,3,1909,1902,2127,1923,2493,1972
2973,89.19748800000262,89.22748800000262,2610,1,1,1,1,141.3721249991795,False,0,True,3,2059,2056,2269,2087,2610,2130
2974,89.22748800000262,89.25748800000262,2608,1,1,1,1,137.1005420005531,False,0,True,3,2069,2064,2283,2092,2608,2134
2975,89.25748800000262,89.28748800000263,2598,1,1,1,1,136.39037500252016,False,0,True,3,1959,1954,2239,1983,2598,2009
2976,89.28748800000263,89.31748800000263,2664,1,1,1,1,133.97545899351826,False,0,True,3,1848,1843,2186,1869,2664,1912
2977,89.31748800000263,89.34748800000263,2534,1,1,1,1,151.04491699457867,False,0,True,3,2005,2000,2260,2025,2534,2075
2978,89.34748800000263,89.37748800000263,2389,1,1,1,1,166.78866700385697,False,0,True,3,2063,2061,2221,2085,2389,2124
2979,89.37748800000263,89.40748800000263,2372,1,1,1,1,140.92949999758275,False,0,True,3,2050,2047,2214,2070,2372,2100
2980,89.40748800000263,89.43748800000263,2360,1,1,1,1,133.5629590030294,False,0,True,3,2014,2012,2169,2035,2360,2067
2981,89.43748800000263,89.46748800000263,2744,1,1,1,1,137.81912500417093,False,0,True,3,2055,2053,2290,2084,2744,2116
2982,89.46748800000263,89.49748800000263,3147,1,1,1,1,135.98266699409578,False,0,True,3,2064,2062,2387,2084,3147,2116
2983,89.49748800000263,89.52748800000263,3296,1,1,1,1,136.28212500043446,False,0,True,3,2153,2151,2505,2177,3296,2204
2984,89.52748800000263,89.55748800000264,3331,1,1,1,1,133.1402080031694,False,0,True,3,2047,2044,2428,2074,3331,2095
2985,89.55748800000264,89.58748800000264,3439,1,1,1,1,133.91970800148556,False,0,True,3,2094,2092,2458,2113,3439,2161
2986,89.58748800000264,89.61748800000264,2910,1,1,1,1,134.92716700420715,False,0,True,3,2070,2068,2345,2103,2910,2144
2987,89.61748800000264,89.64748800000264,2509,1,1,1,1,133.74070799909532,False,0,True,3,2251,2248,2390,2280,2509,2314
2988,89.64748800000264,89.67748800000264,2431,1,1,1,1,132.57962499483256,False,0,True,3,2191,2186,2312,2224,2431,2252
2989,89.67748800000264,89.70748800000264,2407,1,1,1,1,132.7071249979781,False,0,True,3,2166,2164,2283,2199,2407,2232
2990,89.70748800000264,89.73748800000264,2394,1,1,1,1,133.4654579986818,False,0,True,3,2175,2171,2282,2202,2394,2239
2991,89.73748800000264,89.76748800000264,2332,1,1,1,1,133.3512499986682,False,0,True,3,2065,2062,2202,2095,2332,2124
2992,89.76748800000264,89.79748800000264,2388,1,1,1,1,133.74250000197208,False,0,True,3,2137,2131,2254,2154,2388,2192
2993,89.79748800000264,89.82748800000265,2558,2,2,1,1,133.7696250047884,False,0,True,3,2139,2134,2342,2164,2558,2200
2994,89.82748800000265,89.85748800000265,2824,1,1,1,1,135.950750001939,False,0,True,3,2092,2091,2358,2110,2824,2138
2995,89.85748800000265,89.88748800000265,2934,1,1,1,1,134.39849999849685,False,0,True,3,2183,2179,2487,2205,2934,2250
2996,89.88748800000265,89.91748800000265,2760,1,1,1,1,134.32250000187196,False,0,True,3,2172,2169,2441,2186,2760,2218
2997,89.91748800000265,89.94748800000265,2537,1,1,1,1,134.24137500260258,False,0,True,3,2103,2102,2355,2136,2537,2170
2998,89.94748800000265,89.97748800000265,2508,1,1,1,1,133.98870899982285,False,0,True,3,2090,2086,2325,2107,2508,2136
2999,89.97748800000265,90.00748800000265,2724,1,1,1,1,140.75591700384393,False,0,True,3,2276,2273,2521,2301,2724,2332
3000,90.00748800000265,90.03748800000265,2660,0,0,0,0,139.03620799828786,False,0,True,3,2200,2197,2455,2216,2660,2259
3001,90.03748800000265,90.06748800000265,2620,1,1,1,1,137.44325000152458,False,0,True,3,2165,2162,2422,2191,2620,2228
3002,90.06748800000265,90.09748800000266,2860,1,1,1,1,136.62745900364826,False,0,True,3,2382,2380,2643,2414,2860,2454
3003,90.09748800000266,90.12748800000266,2910,1,1,1,1,135.18395899882307,False,0,True,3,2379,2374,2648,2397,2910,2435
3004,90.12748800000266,90.15748800000266,2995,1,1,1,1,136.97183299518656,False,0,True,3,2362,2359,2645,2389,2995,2438
3005,90.15748800000266,90.18748800000266,2969,1,1,1,1,134.90020899917,False,0,True,3,2190,2188,2499,2222,2969,2255
3006,90.18748800000266,90.21748800000266,3283,1,1,1,1,136.03774999501184,False,0,True,3,2382,2381,2701,2423,3283,2475
3007,90.21748800000266,90.24748800000266,3164,1,1,1,1,133.84045899874764,False,0,True,3,2356,2352,2687,2385,3164,2408
3008,90.24748800000266,90.27748800000266,2925,1,1,1,1,133.92695900256513,False,0,True,3,2188,2185,2490,2215,2925,2254
3009,90.27748800000266,90.30748800000266,3058,1,1,1,1,135.40825000382029,False,0,True,3,2297,2294,2602,2334,3058,2378
3010,90.30748800000266,90.33748800000266,2817,1,1,1,1,134.25937500142027,False,0,True,3,2106,2104,2395,2142,2817,2189
3011,90.33748800000266,90.36748800000267,2763,1,1,1,1,131.9290829997044,False,0,True,3,2102,2099,2379,2132,2763,2160
3012,90.36748800000267,90.39748800000267,2658,1,1,1,1,136.78583299770253,False,0,True,3,2093,2088,2360,2114,2658,2137
3013,90.39748800000267,90.42748800000267,2634,1,1,1,1,136.5525420042104,False,0,True,3,2110,2108,2363,2144,2634,2176
3014,90.42748800000267,90.45748800000267,2615,1,1,1,1,136.38250000076368,False,0,True,3,2166,2164,2402,2195,2615,2235
3015,90.45748800000267,90.48748800000267,2727,1,1,1,1,140.08470800035866,False,0,True,3,2349,2348,2562,2382,2727,2427
3016,90.48748800000267,90.51748800000267,2552,1,1,1,1,138.41675000003306,False,0,True,3,2251,2249,2440,2276,2552,2314
3017,90.51748800000267,90.54748800000267,2569,0,0,0,0,135.7580420008162,False,0,True,3,2306,2305,2479,2344,2569,2379
3018,90.54748800000267,90.57748800000267,2641,0,0,0,0,132.29462500021327,False,0,True,3,2416,2410,2563,2436,2641,2467
3019,90.57748800000267,90.60748800000268,2606,0,0,0,0,135.70016699668486,False,0,True,3,2408,2406,2540,2440,2606,2478
3020,90.60748800000268,90.63748800000268,2608,0,0,0,0,137.2300000002724,False,0,True,3,2377,2375,2536,2403,2608,2437
3021,90.63748800000268,90.66748800000268,2732,0,0,0,0,134.23387499642558,False,0,True,3,2444,2441,2632,2475,2732,2516
3022,90.66748800000268,90.69748800000268,2597,1,1,0,0,134.72529200225836,False,0,True,3,2235,2233,2440,2262,2597,2303
3023,90.69748800000268,90.72748800000268,2760,1,1,0,0,134.6984159972635,False,0,True,3,2311,2309,2540,2350,2760,2383
3024,90.72748800000268,90.75748800000268,2757,1,1,1,1,134.6468750052736,False,0,True,3,2288,2285,2523,2314,2757,2347
3025,90.75748800000268,90.78748800000268,3008,1,1,1,1,136.83874999696855,False,0,True,3,2518,2513,2774,2553,3008,2594
3026,90.78748800000268,90.81748800000268,2840,0,0,0,0,134.37495900143404,False,0,True,3,2359,2354,2618,2393,2840,2427
3027,90.81748800000268,90.84748800000268,2803,1,1,1,1,135.06541599781485,False,0,True,3,2392,2389,2632,2422,2803,2461
3028,90.84748800000268,90.87748800000269,2799,0,0,0,0,134.41370900545735,False,0,True,3,2382,2380,2636,2406,2799,2435
3029,90.87748800000269,90.90748800000269,2934,0,0,0,0,136.35891699959757,False,0,True,3,2465,2461,2738,2497,2934,2528
3030,90.90748800000269,90.93748800000269,2929,1,1,1,1,133.84108299942454,False,0,True,3,2424,2423,2718,2459,2929,2490
3031,90.93748800000269,90.96748800000269,3019,1,1,1,1,138.59429099829867,False,0,True,3,2428,2424,2717,2451,3019,2487
3032,90.96748800000269,90.99748800000269,3040,1,1,1,1,141.05483300227206,False,0,True,3,2313,2307,2618,2330,3040,2361
3033,90.99748800000269,91.02748800000269,3072,1,1,1,1,136.07216700620484,False,0,True,3,2385,2384,2704,2424,3072,2463
3034,91.02748800000269,91.05748800000269,3237,1,1,1,1,134.500542000751,False,0,True,3,2548,2544,2875,2574,3237,2627
3035,91.05748800000269,91.0874880000027,3328,1,1,1,1,135.15295799879823,False,0,True,3,2368,2365,2707,2408,3328,2436
3036,91.0874880000027,91.1174880000027,3277,1,1,1,1,133.333459001733,False,0,True,3,2479,2475,2807,2508,3277,2550
3037,91.1174880000027,91.1474880000027,2843,1,1,1,1,133.4501250021276,False,0,True,3,2294,2291,2589,2325,2843,2358
3038,91.1474880000027,91.1774880000027,2816,1,1,1,1,133.77174999914132,False,0,True,3,2200,2198,2488,2227,2816,2265
3039,91.1774880000027,91.2074880000027,3171,1,1,1,1,136.27287500275997,False,0,True,3,2301,2294,2614,2324,3171,2364
3040,91.2074880000027,91.2374880000027,3505,1,1,1,1,136.01533399923937,False,0,True,3,2604,2602,2937,2645,3505,2691
3041,91.2374880000027,91.2674880000027,3175,1,1,1,1,149.1956250029034,False,0,True,3,2484,2482,2783,2514,3175,2567
3042,91.2674880000027,91.2974880000027,2989,1,1,1,1,135.70554200123297,False,0,True,3,2424,2421,2709,2454,2989,2509
3043,91.2974880000027,91.3274880000027,2996,1,1,1,1,135.52800000616116,False,0,True,3,2379,2376,2639,2399,2996,2442
3044,91.3274880000027,91.3574880000027,3259,1,1,1,1,134.67699999455363,False,0,True,3,2421,2415,2720,2446,3259,2486
3045,91.3574880000027,91.3874880000027,3327,1,1,1,1,135.07399999798508,False,0,True,3,2468,2465,2765,2498,3327,2535
3046,91.3874880000027,91.4174880000027,3476,1,1,1,1,136.0420420023729,False,0,True,3,2578,2573,2899,2611,3476,2634
3047,91.4174880000027,91.4474880000027,3817,2,2,1,1,135.23279200308025,False,0,True,3,2526,2519,2911,2553,3817,2592
3048,91.4474880000027,91.47748800000271,3904,1,1,1,1,133.6959999971441,False,0,True,3,2368,2360,2746,2397,3904,2443
3049,91.47748800000271,91.50748800000271,3754,1,1,1,1,133.57545799954096,False,0,True,3,2409,2402,2752,2440,3754,2502
3050,91.50748800000271,91.53748800000271,2976,1,1,1,1,133.53895899490453,False,0,True,3,2222,2216,2509,2242,2976,2276
3051,91.53748800000271,91.56748800000271,2974,1,1,1,1,133.1685000041034,False,0,True,3,2394,2390,2652,2416,2974,2453
3052,91.56748800000271,91.59748800000271,3300,3,2,1,1,133.86308299959637,False,0,True,3,2638,2632,2921,2666,3300,2712
3053,91.59748800000271,91.62748800000271,3189,2,1,1,1,134.43454099615337,False,0,True,3,2560,2554,2836,2602,3189,2649
3054,91.62748800000271,91.65748800000272,3315,1,1,1,1,135.44512499356642,False,0,True,3,2540,2537,2821,2571,3315,2611
3055,91.65748800000272,91.68748800000272,3468,1,1,1,1,133.65074999455828,False,0,True,3,2589,2586,2887,2635,3468,2681
3056,91.68748800000272,91.71748800000272,2978,1,1,1,1,133.3693749984377,False,0,True,3,2378,2374,2642,2408,2978,2462
3057,91.71748800000272,91.74748800000272,3094,2,1,1,1,134.18345800164388,False,0,True,3,2531,2527,2777,2569,3094,2619
3058,91.74748800000272,91.77748800000272,3057,1,1,1,1,133.23608299833722,False,0,True,3,2518,2515,2766,2547,3057,2574
3059,91.77748800000272,91.80748800000272,3086,1,1,1,1,134.74858299741754,False,0,True,3,2560,2558,2795,2593,3086,2635
3060,91.80748800000272,91.83748800000272,2973,1,1,1,1,133.0056250008056,False,0,True,3,2476,2475,2709,2508,2973,2547
3061,91.83748800000272,91.86748800000272,2936,1,1,1,1,133.19179100653855,False,0,True,3,2468,2465,2700,2490,2936,2521
3062,91.86748800000272,91.89748800000272,2920,1,1,1,1,132.00487499852898,False,0,True,3,2440,2439,2659,2468,2920,2499
3063,91.89748800000272,91.92748800000273,3023,1,1,1,1,133.8495000018156,False,0,True,3,2573,2571,2792,2601,3023,2630
3064,91.92748800000273,91.95748800000273,2879,1,1,1,1,134.1112499940209,False,0,True,3,2423,2417,2656,2458,2879,2491
3065,91.95748800000273,91.98748800000273,2853,1,1,1,1,134.33687499491498,False,0,True,3,2426,2423,2620,2452,2853,2480
3066,91.98748800000273,92.01748800000273,2943,1,1,1,1,134.2267920044833,False,0,True,3,2492,2491,2713,2531,2943,2562
3067,92.01748800000273,92.04748800000273,3022,1,1,1,1,133.05562500318047,False,0,True,3,2577,2575,2788,2604,3022,2641
3068,92.04748800000273,92.07748800000273,2983,1,1,1,1,133.54904200241435,False,0,True,3,2528,2527,2753,2568,2983,2606
3069,92.07748800000273,92.10748800000273,3129,1,1,1,1,134.15179200092098,False,0,True,3,2699,2697,2919,2734,3129,2778
3070,92.10748800000273,92.13748800000273,3214,1,1,1,1,134.36966699373443,False,0,True,3,2746,2745,2958,2786,3214,2832
3071,92.13748800000273,92.16748800000273,2945,1,1,1,1,132.90224999946076,False,0,True,3,2478,2476,2683,2511,2945,2554
3072,92.16748800000273,92.19748800000274,2967,1,1,1,1,132.28979099949356,False,0,True,3,2514,2511,2730,2538,2967,2564
3073,92.19748800000274,92.22748800000274,2999,2,2,1,1,133.6533749999944,False,0,True,3,2466,2464,2700,2498,2999,2533
3074,92.22748800000274,92.25748800000274,2840,1,1,1,1,133.5278330006986,False,0,True,3,2360,2353,2580,2377,2840,2400
3075,92.25748800000274,92.28748800000274,2940,1,1,1,1,132.22320899512852,False,0,True,3,2352,2348,2639,2375,2940,2411
3076,92.28748800000274,92.31748800000274,3032,1,1,1,1,132.5126670053578,False,0,True,3,2524,2519,2747,2545,3032,2581
3077,92.31748800000274,92.34748800000274,3298,1,1,1,1,134.08133300254121,False,0,True,3,2806,2801,3023,2843,3298,2874
3078,92.34748800000274,92.37748800000274,3053,1,1,1,1,134.93166700209258,False,0,True,3,2612,2608,2829,2646,3053,2683
3079,92.37748800000274,92.40748800000274,3090,1,1,1,1,132.97975000023143,False,0,True,3,2502,2500,2777,2540,3090,2571
3080,92.40748800000274,92.43748800000274,3536,1,1,1,1,133.00483399507357,False,0,True,3,2783,2780,3118,2818,3536,2852
3081,92.43748800000274,92.46748800000275,3408,1,1,1,1,133.34554100583773,False,0,True,3,2674,2672,3005,2707,3408,2745
3082,92.46748800000275,92.49748800000275,3282,1,1,1,1,134.27745799708646,False,0,True,3,2561,2556,2908,2593,3282,2627
3083,92.49748800000275,92.52748800000275,3008,1,1,1,1,134.73495800280944,False,0,True,3,2292,2290,2630,2321,3008,2366
3084,92.52748800000275,92.55748800000275,3070,0,0,0,0,131.80275000195252,False,0,True,3,2411,2409,2742,2439,3070,2478
3085,92.55748800000275,92.58748800000275,2915,1,0,0,0,131.80724999983795,False,0,True,3,2251,2249,2573,2279,2915,2327
3086,92.58748800000275,92.61748800000275,2909,1,1,1,1,132.5805419983226,False,0,True,3,2298,2295,2606,2319,2909,2361
3087,92.61748800000275,92.64748800000275,2860,0,0,0,0,132.52741600445006,False,0,True,3,2314,2313,2594,2331,2860,2355
3088,92.64748800000275,92.67748800000275,2917,1,1,0,0,133.8939159977599,False,0,True,3,2401,2400,2691,2432,2917,2460
3089,92.67748800000275,92.70748800000275,2830,0,0,0,0,133.06933299463708,False,0,True,3,2359,2358,2620,2392,2830,2422
3090,92.70748800000275,92.73748800000276,2762,0,0,0,0,130.70533300196985,False,0,True,3,2334,2330,2590,2360,2762,2391
3091,92.73748800000276,92.76748800000276,2649,1,1,0,0,133.232832995418,False,0,True,3,2262,2260,2492,2288,2649,2323
3092,92.76748800000276,92.79748800000276,2789,0,0,0,0,132.26125000073807,False,0,True,3,2455,2454,2665,2480,2789,2520
3093,92.79748800000276,92.82748800000276,2700,1,1,1,1,131.29000000481028,False,0,True,3,2381,2378,2584,2407,2700,2441
3094,92.82748800000276,92.85748800000276,2600,0,0,0,0,131.29108399880351,False,0,True,3,2298,2296,2493,2326,2600,2369
3095,92.85748800000276,92.88748800000276,2562,0,0,0,0,129.490416002227,False,0,True,3,2261,2260,2442,2279,2562,2319
3096,92.88748800000276,92.91748800000276,2623,0,0,0,0,131.46345800487325,False,0,True,3,2324,2322,2495,2342,2623,2382
3097,92.91748800000276,92.94748800000276,2772,1,1,0,0,132.6878750041942,False,0,True,3,2445,2443,2630,2456,2772,2511
3098,92.94748800000276,92.97748800000277,2855,1,1,0,0,133.59195800148882,False,0,True,3,2522,2520,2734,2549,2855,2587
3099,92.97748800000277,93.00748800000277,2583,0,0,0,0,131.3417909987038,False,0,True,3,2274,2271,2478,2300,2583,2339
3100,93.00748800000277,93.03748800000277,2496,0,0,0,0,131.95754199841758,False,0,True,3,2221,2219,2409,2244,2496,2275
3101,93.03748800000277,93.06748800000277,2552,0,0,0,0,131.13608300045598,False,0,True,3,2306,2304,2475,2331,2552,2351
3102,93.06748800000277,93.09748800000277,2347,1,1,0,0,132.84783300332492,False,0,True,3,2063,2060,2239,2081,2347,2126
3103,93.09748800000277,93.12748800000277,2485,0,0,0,0,130.4560419957852,False,0,True,3,2191,2189,2388,2211,2485,2240
3104,93.12748800000277,93.15748800000277,2560,0,0,0,0,132.38733299658634,False,0,True,3,2223,2222,2435,2248,2560,2274
3105,93.15748800000277,93.18748800000277,2565,0,0,0,0,131.768084000214,False,0,True,3,2194,2192,2416,2208,2565,2237
3106,93.18748800000277,93.21748800000277,2775,1,1,0,0,133.89287500467617,False,0,True,3,2318,2315,2582,2334,2775,2363
3107,93.21748800000277,93.24748800000278,2803,1,1,0,0,132.06966699362965,False,0,True,3,2239,2235,2540,2264,2803,2297
3108,93.24748800000278,93.27748800000278,2773,1,1,1,1,133.390374998271,False,0,True,3,2173,2172,2487,2196,2773,2221
3109,93.27748800000278,93.30748800000278,2937,1,1,1,1,132.84258299972862,False,0,True,3,2197,2196,2571,2229,2937,2258
3110,93.30748800000278,93.33748800000278,3018,1,1,1,1,132.92974999785656,False,0,True,3,2249,2248,2618,2275,3018,2301
3111,93.33748800000278,93.36748800000278,3167,1,1,1,1,132.68691700068302,False,0,True,3,2298,2297,2709,2329,3167,2363
3112,93.36748800000278,93.39748800000278,3089,2,2,1,1,132.57200000225566,False,0,True,3,2113,2110,2543,2131,3089,2153
3113,93.39748800000278,93.42748800000278,3438,1,1,1,1,132.27425000513904,False,0,True,3,2360,2359,2812,2392,3438,2429
3114,93.42748800000278,93.45748800000278,3371,1,1,1,1,133.00283300486626,False,0,True,3,2236,2232,2690,2262,3371,2295
3115,93.45748800000278,93.48748800000278,3585,1,1,1,1,132.76258399855578,False,0,True,3,2325,2323,2819,2357,3585,2385
3116,93.48748800000278,93.51748800000279,3504,1,1,1,1,133.00804200116545,False,0,True,3,2150,2149,2660,2181,3504,2225
3117,93.51748800000279,93.54748800000279,3412,1,1,1,1,130.9892499994021,False,0,True,3,2310,2308,2751,2340,3412,2368
3118,93.54748800000279,93.57748800000279,2959,1,1,1,1,132.55529099842533,False,0,True,3,2267,2264,2620,2300,2959,2345
3119,93.57748800000279,93.60748800000279,2955,1,1,1,1,132.52441700024065,False,0,True,3,2198,2196,2524,2230,2955,2271
3120,93.60748800000279,93.63748800000279,3243,1,1,1,1,132.44695899629733,False,0,True,3,2334,2326,2718,2364,3243,2404
3121,93.63748800000279,93.66748800000279,3338,1,1,1,1,133.1367919992772,False,0,True,3,2301,2297,2696,2330,3338,2357
3122,93.66748800000279,93.69748800000279,3530,1,1,1,1,133.40808400243986,False,0,True,3,2299,2296,2743,2338,3530,2367
3123,93.69748800000279,93.7274880000028,3658,1,1,1,1,131.6557919999468,False,0,True,3,2336,2333,2758,2362,3658,2394
3124,93.7274880000028,93.7574880000028,3745,1,1,1,1,132.78895899566123,False,0,True,3,2279,2274,2740,2309,3745,2343
3125,93.7574880000028,93.7874880000028,3781,1,1,1,1,132.71916699886788,False,0,True,3,2193,2189,2677,2218,3781,2248
3126,93.7874880000028,93.8174880000028,3975,1,1,1,1,132.70358400041005,False,0,True,3,2203,2199,2684,2224,3975,2265
3127,93.8174880000028,93.8474880000028,4330,1,1,1,1,132.32816699746763,False,0,True,3,2164,2161,2684,2190,4330,2224
3128,93.8474880000028,93.8774880000028,4690,1,1,1,1,132.966375000251,False,0,True,3,2235,2229,2811,2259,4690,2297
3129,93.8774880000028,93.9074880000028,5437,1,1,1,1,133.34466699598124,False,0,True,3,2291,2279,3027,2306,5437,2354
3130,93.9074880000028,93.9374880000028,5959,1,1,1,1,133.3054999995511,False,0,True,3,2202,2196,2905,2233,5959,2269
3131,93.9374880000028,93.9674880000028,6240,1,1,1,1,132.8148750035325,False,0,True,3,2226,2222,2843,2247,6240,2281
3132,93.9674880000028,93.9974880000028,5998,1,1,1,1,132.95445800031302,False,0,True,3,2012,2010,2610,2035,5998,2062
3133,93.9974880000028,94.0274880000028,4774,1,1,1,1,132.12670799839543,False,0,True,3,2070,2066,2676,2101,4774,2146
3134,94.0274880000028,94.0574880000028,5301,1,1,1,1,131.81004200305324,False,0,True,3,2133,2130,2796,2163,5301,2201
3135,94.0574880000028,94.0874880000028,5266,1,1,1,1,132.9577500000596,False,0,True,3,2197,2189,2915,2225,5266,2255
3136,94.0874880000028,94.11748800000281,4957,1,1,1,1,131.28816700191237,False,0,True,3,2162,2156,2859,2196,4957,2229
3137,94.11748800000281,94.14748800000281,5323,1,1,1,1,131.4728750003269,False,0,True,3,2056,2054,2803,2091,5323,2121
3138,94.14748800000281,94.17748800000281,6304,1,1,1,1,134.06112500524614,False,0,True,3,1957,1954,2720,1977,6304,2003
3139,94.17748800000281,94.20748800000281,6249,1,1,1,1,132.73654200020246,False,0,True,3,2116,2112,2922,2140,6249,2171
3140,94.20748800000281,94.23748800000281,5537,1,1,1,1,133.231166000769,False,0,True,3,2018,2012,2878,2030,5537,2058
3141,94.23748800000281,94.26748800000281,4981,1,1,1,1,131.916790996911,False,0,True,3,2073,2068,2911,2096,4981,2126
3142,94.26748800000281,94.29748800000282,4583,0,0,0,0,132.82804199843667,False,0,True,3,1932,1925,2680,1944,4583,1963
3143,94.29748800000282,94.32748800000282,4596,1,1,1,1,132.81025000469526,False,0,True,3,2247,2243,3003,2270,4596,2298
3144,94.32748800000282,94.35748800000282,4164,1,1,1,1,132.47508399945218,False,0,True,3,2059,2050,2778,2074,4164,2106
3145,94.35748800000282,94.38748800000282,4280,1,1,1,1,132.77108300098917,False,0,True,3,2107,2103,2836,2120,4280,2142
3146,94.38748800000282,94.41748800000282,4220,1,1,1,1,131.9002080053906,False,0,True,3,2182,2175,2880,2207,4220,2238
3147,94.41748800000282,94.44748800000282,3906,1,1,1,1,131.88358300249092,False,0,True,3,2129,2122,2738,2138,3906,2173
3148,94.44748800000282,94.47748800000282,3783,1,1,1,1,133.0871250029304,False,0,True,3,2164,2157,2757,2186,3783,2230
3149,94.47748800000282,94.50748800000282,3454,1,1,1,1,131.93083299847785,False,0,True,3,2035,2026,2587,2054,3454,2086
3150,94.50748800000282,94.53748800000282,3374,1,1,1,1,136.32516699726693,False,0,True,3,2101,2090,2638,2130,3374,2160
3151,94.53748800000282,94.56748800000283,3127,1,1,1,1,139.07287499750964,False,0,True,3,2002,1995,2479,2024,3127,2057
3152,94.56748800000283,94.59748800000283,3105,1,1,1,1,136.90804100042442,False,0,True,3,2065,2056,2512,2076,3105,2111
3153,94.59748800000283,94.62748800000283,2912,1,1,1,1,137.0664999994915,False,0,True,3,1976,1969,2405,1994,2912,2029
3154,94.62748800000283,94.65748800000283,2704,1,1,1,1,133.815458000754,False,0,True,3,1838,1830,2245,1858,2704,1888
3155,94.65748800000283,94.68748800000283,2565,1,1,1,1,131.31425000028685,False,0,True,3,1896,1892,2232,1912,2565,1945
3156,94.68748800000283,94.71748800000283,2423,1,1,1,1,132.01120800658828,False,0,True,3,1856,1855,2130,1866,2423,1897
3157,94.71748800000283,94.74748800000283,2450,1,1,1,1,132.11149999551708,False,0,True,3,1962,1961,2216,1979,2450,2015
3158,94.74748800000283,94.77748800000283,2301,1,1,1,1,132.22787499398692,False,0,True,3,1932,1931,2139,1947,2301,1986
3159,94.77748800000283,94.80748800000283,2062,1,1,1,1,130.9259999979986,False,0,True,3,1797,1796,1965,1819,2062,1846
3160,94.80748800000283,94.83748800000284,2162,1,1,1,1,131.8974169989815,False,0,True,3,1981,1977,2113,2004,2162,2027
3161,94.83748800000284,94.86748800000284,2194,1,1,1,1,131.36554099764908,False,0,True,3,1989,1985,2103,2002,2194,2044
3162,94.86748800000284,94.89748800000284,2379,2,2,1,1,132.62774999748217,False,0,True,3,2072,2069,2247,2096,2379,2130
3163,94.89748800000284,94.92748800000284,2306,1,1,0,0,132.06991699553328,False,0,True,3,2025,2024,2183,2046,2306,2071
3164,94.92748800000284,94.95748800000284,2193,1,1,0,0,132.00854099704884,False,0,True,3,1942,1940,2095,1961,2193,1996
3165,94.95748800000284,94.98748800000284,2310,0,0,0,0,131.4548750015092,False,0,True,3,2027,2026,2204,2047,2310,2082
3166,94.98748800000284,95.01748800000284,2280,1,1,0,0,132.13795900082914,False,0,True,3,1975,1972,2157,1992,2280,2019
3167,95.01748800000284,95.04748800000284,2155,0,0,0,0,130.37462499778485,False,0,True,3,1876,1875,2055,1892,2155,1922
3168,95.04748800000284,95.07748800000284,2349,1,1,0,0,131.8424170021899,False,0,True,3,2084,2081,2266,2102,2349,2122
3169,95.07748800000284,95.10748800000285,2279,1,1,0,0,131.91270799870836,False,0,True,3,1966,1963,2163,1985,2279,2033
3170,95.10748800000285,95.13748800000285,2266,0,0,0,0,131.68687500001397,False,0,True,3,1947,1945,2159,1976,2266,2001
3171,95.13748800000285,95.16748800000285,2210,1,1,0,0,130.87220799934585,False,0,True,3,1878,1876,2096,1897,2210,1931
3172,95.16748800000285,95.19748800000285,2422,2,2,1,1,133.20966700121062,False,0,True,3,2068,2066,2280,2094,2422,2128
3173,95.19748800000285,95.22748800000285,2314,1,1,1,1,132.15199999831384,False,0,True,3,2022,2018,2210,2037,2314,2061
3174,95.22748800000285,95.25748800000285,2193,1,1,1,1,133.9780839989544,False,0,True,3,1879,1875,2079,1907,2193,1942
3175,95.25748800000285,95.28748800000285,2166,1,1,1,1,132.0772079998278,False,0,True,3,1855,1852,2051,1880,2166,1903
3176,95.28748800000285,95.31748800000285,2040,1,1,1,1,132.64375000289874,False,0,True,3,1748,1742,1926,1760,2040,1790
3177,95.31748800000285,95.34748800000285,2179,1,1,1,1,132.4619579972932,False,0,True,3,1876,1872,2060,1891,2179,1923
3178,95.34748800000285,95.37748800000286,2338,0,0,0,0,131.00891700014472,False,0,True,3,2023,2019,2199,2034,2338,2068
3179,95.37748800000286,95.40748800000286,2173,1,1,1,1,131.13629100553226,False,0,True,3,1926,1922,2058,1948,2173,1986
3180,95.40748800000286,95.43748800000286,2155,2,2,1,1,131.9670830052928,False,0,True,3,1900,1895,2042,1919,2155,1947
3181,95.43748800000286,95.46748800000286,2180,1,1,1,1,134.03525000467198,False,0,True,3,1974,1967,2096,1982,2180,2002
3182,95.46748800000286,95.49748800000286,2129,1,1,1,1,133.47095800418174,False,0,True,3,1936,1931,2049,1958,2129,1990
3183,95.49748800000286,95.52748800000286,2267,1,1,1,1,132.28125000023283,False,0,True,3,2047,2041,2163,2061,2267,2100
3184,95.52748800000286,95.55748800000286,2132,1,1,1,1,133.21479099977296,False,0,True,3,1921,1916,2034,1933,2132,1967
3185,95.55748800000286,95.58748800000286,2076,2,2,1,1,133.08637499721954,False,0,True,3,1863,1857,1969,1869,2076,1901
3186,95.58748800000286,95.61748800000287,2169,2,2,1,1,131.7669170020963,False,0,True,3,1900,1896,2054,1915,2169,1948
3187,95.61748800000287,95.64748800000287,2427,1,1,1,1,131.35695799428504,False,0,True,3,1955,1952,2177,1970,2427,1996
3188,95.64748800000287,95.67748800000287,2549,1,1,1,1,132.16304099478293,False,0,True,3,2001,2000,2244,2024,2549,2060
3189,95.67748800000287,95.70748800000287,2383,1,1,1,1,131.8342499944265,False,0,True,3,1906,1902,2142,1924,2383,1951
3190,95.70748800000287,95.73748800000287,2145,1,1,1,1,130.84904100105632,False,0,True,3,1738,1736,1949,1754,2145,1786
3191,95.73748800000287,95.76748800000287,2145,1,1,1,1,132.07141699967906,False,0,True,3,1769,1765,1953,1784,2145,1820
3192,95.76748800000287,95.79748800000287,1994,2,2,1,1,133.17037500382867,False,0,True,3,1762,1758,1876,1767,1994,1795
3193,95.79748800000287,95.82748800000287,2067,1,1,1,1,132.26937500439817,False,0,True,3,1834,1831,1947,1852,2067,1889
3194,95.82748800000287,95.85748800000287,2193,2,2,1,1,131.48616700345883,False,0,True,3,1912,1909,2063,1928,2193,1950
3195,95.85748800000287,95.88748800000288,2089,1,1,1,1,132.16174999979557,False,0,True,3,1783,1780,1947,1800,2089,1818
3196,95.88748800000288,95.91748800000288,2156,1,1,1,1,131.4944999976433,False,0,True,3,1928,1925,2037,1937,2156,1968
3197,95.91748800000288,95.94748800000288,2098,1,1,1,1,132.51387500349665,False,0,True,3,1847,1846,1976,1866,2098,1882
3198,95.94748800000288,95.97748800000288,2108,1,1,1,1,131.45508299930952,False,0,True,3,1808,1804,1953,1817,2108,1844
3199,95.97748800000288,96.00748800000288,2097,1,1,1,1,132.15525000123307,False,0,True,3,1832,1829,1961,1843,2097,1870
3200,96.00748800000288,96.03748800000288,2071,1,1,1,1,131.59191599697806,False,0,True,3,1809,1808,1942,1825,2071,1844
3201,96.03748800000288,96.06748800000288,2113,1,1,1,1,131.95379200624302,False,0,True,3,1845,1844,1993,1865,2113,1882
3202,96.06748800000288,96.09748800000288,2147,2,2,1,1,131.48020899825497,False,0,True,3,1865,1861,2001,1882,2147,1908
3203,96.09748800000288,96.12748800000288,2009,1,1,1,1,131.06866699672537,False,0,True,3,1798,1796,1894,1808,2009,1839
3204,96.12748800000288,96.15748800000289,2114,1,1,1,1,130.99720899481326,False,0,True,3,1830,1828,1952,1843,2114,1876
3205,96.15748800000289,96.18748800000289,2146,1,1,1,1,132.4452909975662,False,0,True,3,1848,1846,1994,1872,2146,1900
3206,96.18748800000289,96.21748800000289,2115,2,1,1,1,131.73879199894145,False,0,True,3,1765,1761,1922,1779,2115,1815
3207,96.21748800000289,96.24748800000289,2136,1,1,1,1,130.63304100069217,False,0,True,3,1808,1804,1971,1819,2136,1840
3208,96.24748800000289,96.27748800000289,2041,1,1,1,1,132.90937499550637,False,0,True,3,1707,1704,1857,1720,2041,1745
3209,96.27748800000289,96.30748800000289,2067,1,1,1,1,132.05908400414046,False,0,True,3,1749,1745,1886,1758,2067,1795
3210,96.30748800000289,96.33748800000289,2071,1,1,1,1,131.13008299842477,False,0,True,3,1726,1723,1891,1736,2071,1766
3211,96.33748800000289,96.3674880000029,1981,1,1,1,1,131.01095800084295,False,0,True,3,1636,1634,1821,1647,1981,1671
3212,96.3674880000029,96.3974880000029,2118,1,1,1,1,132.272249997186,False,0,True,3,1823,1821,1967,1840,2118,1861
3213,96.3974880000029,96.4274880000029,2087,1,1,1,1,131.05450000148267,False,0,True,3,1782,1779,1931,1795,2087,1828
3214,96.4274880000029,96.4574880000029,2066,1,1,1,1,130.46504199883202,False,0,True,3,1704,1701,1909,1718,2066,1741
3215,96.4574880000029,96.4874880000029,2117,1,1,1,1,130.35200000012992,False,0,True,3,1793,1789,1957,1809,2117,1839
3216,96.4874880000029,96.5174880000029,2075,1,1,1,1,131.48083300620783,False,0,True,3,1748,1747,1902,1758,2075,1779
3217,96.5174880000029,96.5474880000029,1928,1,1,1,1,132.51366700569633,False,0,True,3,1619,1617,1765,1634,1928,1662
3218,96.5474880000029,96.5774880000029,1934,1,1,1,1,131.29391700203996,False,0,True,3,1659,1657,1794,1669,1934,1691
3219,96.5774880000029,96.6074880000029,2008,1,1,1,1,132.23816699610325,False,0,True,3,1718,1716,1850,1730,2008,1760
3220,96.6074880000029,96.6374880000029,2113,1,1,1,1,130.36591700074496,False,0,True,3,1805,1803,1951,1820,2113,1848
3221,96.6374880000029,96.6674880000029,2180,1,1,1,1,130.7410829977016,False,0,True,3,1873,1871,2024,1889,2180,1916
3222,96.6674880000029,96.6974880000029,2226,1,1,1,1,132.00258299912093,False,0,True,3,1885,1882,2052,1904,2226,1933
3223,96.6974880000029,96.72748800000291,2202,1,1,1,1,128.67945900507038,False,0,True,3,1726,1722,1948,1731,2202,1763
3224,96.72748800000291,96.75748800000291,2436,1,1,1,1,127.61458300519735,False,0,True,3,1894,1892,2142,1913,2436,1943
3225,96.75748800000291,96.78748800000291,2450,0,0,0,0,123.84558300254866,False,0,True,3,1919,1918,2174,1935,2450,1964
3226,96.78748800000291,96.81748800000291,2389,1,1,1,1,125.10962499800371,False,0,True,3,1879,1876,2135,1897,2389,1923
3227,96.81748800000291,96.84748800000291,2357,1,1,1,1,126.46220799797447,False,0,True,3,1843,1841,2099,1857,2357,1888
3228,96.84748800000291,96.87748800000291,2373,0,0,0,0,126.26333299704129,False,0,True,3,1864,1862,2125,1886,2373,1919
3229,96.87748800000291,96.90748800000291,2255,0,0,0,0,124.37150000187103,False,0,True,3,1768,1767,2023,1788,2255,1812
3230,96.90748800000291,96.93748800000292,2415,0,0,0,0,122.08937499963213,False,0,True,3,1906,1905,2152,1921,2415,1964
3231,96.93748800000292,96.96748800000292,2254,1,1,0,0,123.17079200147418,False,0,True,3,1711,1709,1969,1727,2254,1762
3232,96.96748800000292,96.99748800000292,2259,1,1,0,0,122.22195800131885,False,0,True,3,1731,1727,1990,1746,2259,1774
3233,96.99748800000292,97.02748800000292,2339,0,0,0,0,121.64704099996015,False,0,True,3,1849,1848,2097,1858,2339,1886
3234,97.02748800000292,97.05748800000292,2255,1,1,1,1,122.04662499425467,False,0,True,3,1766,1763,2027,1788,2255,1812
3235,97.05748800000292,97.08748800000292,2307,0,0,0,0,121.24358299479354,False,0,True,3,1813,1810,2065,1829,2307,1859
3236,97.08748800000292,97.11748800000292,2440,1,1,1,1,124.22116699599428,False,0,True,3,1975,1972,2218,1986,2440,2011
3237,97.11748800000292,97.14748800000292,2302,1,1,1,1,123.62312500044936,False,0,True,3,1865,1862,2102,1878,2302,1905
3238,97.14748800000292,97.17748800000292,2221,1,1,1,1,124.15983300161315,False,0,True,3,1804,1803,2012,1822,2221,1844
3239,97.17748800000292,97.20748800000293,2158,1,1,1,1,124.13291599659715,False,0,True,3,1808,1807,1986,1818,2158,1844
3240,97.20748800000293,97.23748800000293,2192,1,1,1,1,123.55283400393091,False,0,True,3,1874,1871,2047,1885,2192,1922
3241,97.23748800000293,97.26748800000293,2046,1,1,1,1,124.01975000102539,False,0,True,3,1638,1633,1857,1654,2046,1681
3242,97.26748800000293,97.29748800000293,2164,1,1,1,1,123.99187499977415,False,0,True,3,1735,1733,1954,1746,2164,1769
3243,97.29748800000293,97.32748800000293,2126,1,1,1,1,123.76387500262354,False,0,True,3,1653,1652,1883,1673,2126,1698
3244,97.32748800000293,97.35748800000293,2324,1,1,1,1,123.97283299651463,False,0,True,3,1829,1828,2066,1844,2324,1871
3245,97.35748800000293,97.38748800000293,2333,1,1,1,1,124.22958399838535,False,0,True,3,1826,1824,2064,1838,2333,1866
3246,97.38748800000293,97.41748800000293,2392,1,1,1,1,123.86204199719941,False,0,True,3,1816,1812,2100,1835,2392,1867
3247,97.41748800000293,97.44748800000293,2351,1,1,1,1,123.45887500123354,False,0,True,3,1693,1690,2019,1710,2351,1741
3248,97.44748800000293,97.47748800000294,2341,1,1,1,1,123.55408300209092,False,0,True,3,1658,1656,2016,1672,2341,1699
3249,97.47748800000294,97.50748800000294,2564,1,1,1,1,124.00729200453497,False,0,True,3,1672,1669,2069,1685,2564,1715
3250,97.50748800000294,97.53748800000294,2726,1,1,1,1,124.02266699791653,False,0,True,3,1699,1697,2141,1717,2726,1743
3251,97.53748800000294,97.56748800000294,2728,1,1,1,1,123.62574999860954,False,0,True,3,1564,1561,2024,1568,2728,1601
3252,97.56748800000294,97.59748800000294,2930,1,1,1,1,123.91620899870759,False,0,True,3,1661,1658,2172,1673,2930,1700
3253,97.59748800000294,97.62748800000294,3076,1,1,1,1,123.69729099737015,False,0,True,3,1699,1697,2255,1712,3076,1739
3254,97.62748800000294,97.65748800000294,3032,1,1,1,1,124.09758399735438,False,0,True,3,1528,1526,2115,1544,3032,1574
3255,97.65748800000294,97.68748800000294,3325,1,1,1,1,124.51800000417279,False,0,True,3,1653,1650,2281,1669,3325,1701
3256,97.68748800000294,97.71748800000294,3305,1,1,1,1,124.40616699313978,False,0,True,3,1569,1564,2225,1582,3305,1615
3257,97.71748800000294,97.74748800000295,3558,1,1,1,1,125.81104099808726,False,0,True,3,1621,1619,2306,1629,3558,1657
3258,97.74748800000295,97.77748800000295,3841,1,1,1,1,124.34795800072607,False,0,True,3,1577,1575,2329,1594,3841,1624
3259,97.77748800000295,97.80748800000295,3855,1,1,1,1,125.88529200002085,False,0,True,3,1562,1559,2245,1577,3855,1611
3260,97.80748800000295,97.83748800000295,3589,1,1,1,1,124.57620799978031,False,0,True,3,1627,1625,2159,1638,3589,1672
3261,97.83748800000295,97.86748800000295,5044,1,1,1,1,125.1620830007596,False,0,True,3,1575,1572,2219,1595,5044,1628
3262,97.86748800000295,97.89748800000295,7573,1,1,1,1,125.2340830033063,False,0,True,3,1647,1640,2507,1662,7573,1688
3263,97.89748800000295,97.92748800000295,7790,2,2,1,1,125.72383299993817,False,0,True,3,1637,1628,2642,1643,7790,1668
3264,97.92748800000295,97.95748800000295,7081,1,1,1,1,124.94449999940116,False,0,True,3,1676,1667,2737,1693,7081,1731
3265,97.95748800000295,97.98748800000295,8184,2,2,1,1,125.6505829951493,False,0,True,3,1698,1691,2826,1711,8184,1738
3266,97.98748800000295,98.01748800000296,8685,1,1,1,1,125.57850000303006,False,0,True,3,1592,1587,2711,1606,8685,1638
3267,98.01748800000296,98.04748800000296,7727,1,1,1,1,124.20712500170339,False,0,True,3,1626,1620,2635,1642,7727,1672
3268,98.04748800000296,98.07748800000296,5017,1,1,1,1,123.24783299845876,False,0,True,3,1550,1539,2470,1563,5017,1589
3269,98.07748800000296,98.10748800000296,4817,1,1,1,1,124.39112499851035,False,0,True,3,1631,1628,2486,1646,4817,1676
3270,98.10748800000296,98.13748800000296,4765,1,1,1,1,124.7382919973461,False,0,True,3,1560,1558,2412,1568,4765,1598
3271,98.13748800000296,98.16748800000296,5217,1,1,1,1,124.80229200446047,False,0,True,3,1794,1790,2718,1812,5217,1850
3272,98.16748800000296,98.19748800000296,5371,1,1,1,1,124.20329200540436,False,0,True,3,1683,1679,2647,1696,5371,1728
3273,98.19748800000296,98.22748800000296,6961,1,1,1,1,124.81712499720743,False,0,True,3,1830,1822,2798,1845,6961,1880
3274,98.22748800000296,98.25748800000297,5603,1,1,1,1,124.46962499961955,False,0,True,3,1693,1690,2742,1707,5603,1734
3275,98.25748800000297,98.28748800000297,8238,1,1,1,1,125.19975000031991,False,0,True,3,1806,1802,2846,1821,8238,1863
3276,98.28748800000297,98.31748800000297,8500,1,1,1,1,126.14241600385867,False,0,True,3,1618,1608,2774,1630,8500,1662
3277,98.31748800000297,98.34748800000297,8308,0,0,0,0,126.16633299330715,False,0,True,3,1676,1666,2855,1690,8308,1709
3278,98.34748800000297,98.37748800000297,7268,0,0,0,0,126.62037499831058,False,0,True,3,1576,1567,2708,1592,7268,1617
3279,98.37748800000297,98.40748800000297,6419,1,1,1,1,124.96366599953035,False,0,True,3,1746,1740,2775,1766,6419,1796
3280,98.40748800000297,98.43748800000297,5380,0,0,0,0,124.60645799728809,False,0,True,3,1813,1806,2768,1833,5380,1851
3281,98.43748800000297,98.46748800000297,4456,1,1,1,1,124.76504200458294,False,0,True,3,1770,1767,2647,1793,4456,1826
3282,98.46748800000297,98.49748800000297,4761,0,0,0,0,124.36262499977602,False,0,True,3,1666,1661,2495,1681,4761,1710
3283,98.49748800000297,98.52748800000298,4968,1,1,1,1,129.55883300310234,False,0,True,3,1834,1829,2769,1850,4968,1868
3284,98.52748800000298,98.55748800000298,4958,1,1,1,1,124.01224999484839,False,0,True,3,1911,1907,2821,1928,4958,1966
3285,98.55748800000298,98.58748800000298,4898,1,1,1,1,124.0668749960605,False,0,True,3,1801,1798,2695,1823,4898,1847
3286,98.58748800000298,98.61748800000298,4595,1,1,1,1,124.14437499683117,False,0,True,3,1745,1742,2589,1759,4595,1787
3287,98.61748800000298,98.64748800000298,4268,1,1,1,1,124.13025000569178,False,0,True,3,1671,1667,2476,1696,4268,1734
3288,98.64748800000298,98.67748800000298,4036,2,1,1,1,124.19158300326671,False,0,True,3,1697,1691,2460,1710,4036,1760
3289,98.67748800000298,98.70748800000298,3942,1,1,1,1,124.12350000522565,False,0,True,3,1810,1803,2532,1830,3942,1895
3290,98.70748800000298,98.73748800000298,3598,1,1,1,1,124.34116700023878,False,0,True,3,1726,1723,2416,1743,3598,1776
3291,98.73748800000298,98.76748800000298,3551,1,1,1,1,127.3383330044453,False,0,True,3,1727,1725,2360,1742,3551,1764
3292,98.76748800000298,98.79748800000299,3437,2,2,1,1,124.39379200077383,False,0,True,3,1805,1799,2434,1824,3437,1846
3293,98.79748800000299,98.82748800000299,3242,1,1,1,1,123.87500000477303,False,0,True,3,1713,1708,2273,1730,3242,1755
3294,98.82748800000299,98.85748800000299,3028,1,1,1,1,124.23674999445211,False,0,True,3,1610,1609,2135,1624,3028,1660
3295,98.85748800000299,98.88748800000299,2894,1,1,1,1,124.20391699561151,False,0,True,3,1656,1653,2137,1666,2894,1693
3296,98.88748800000299,98.91748800000299,2892,1,1,1,1,123.61687499651453,False,0,True,3,1712,1707,2178,1731,2892,1758
3297,98.91748800000299,98.94748800000299,2745,1,1,1,1,123.90933300048346,False,0,True,3,1705,1702,2111,1715,2745,1750
3298,98.94748800000299,98.97748800000299,2695,1,1,1,1,123.76900000526803,False,0,True,3,1766,1762,2149,1780,2695,1812
3299,98.97748800000299,99.007488000003,2798,1,1,1,1,123.85112499759998,False,0,True,3,1920,1918,2278,1942,2798,1971
3300,99.007488000003,99.037488000003,2712,1,1,1,1,123.69566599954851,False,0,True,3,1914,1912,2247,1934,2712,1957
3301,99.037488000003,99.067488000003,2649,1,1,1,1,123.60412500129314,False,0,True,3,1926,1925,2217,1944,2649,1976
3302,99.067488000003,99.097488000003,2576,1,1,1,1,124.28291700052796,False,0,True,3,1914,1909,2187,1934,2576,1960
3303,99.097488000003,99.127488000003,2630,1,1,1,1,123.72350000077859,False,0,True,3,1988,1985,2249,2004,2630,2034
3304,99.127488000003,99.157488000003,2493,1,1,1,1,124.05704100092407,False,0,True,3,1881,1879,2120,1896,2493,1925
3305,99.157488000003,99.187488000003,2483,1,1,1,1,123.92620800528675,False,0,True,3,1810,1808,2085,1818,2483,1848
3306,99.187488000003,99.217488000003,2758,1,1,1,1,123.94737500289921,False,0,True,3,2044,2040,2320,2058,2758,2095
3307,99.217488000003,99.247488000003,2766,1,1,1,1,123.21245799830649,False,0,True,3,1951,1948,2229,1971,2766,2002
3308,99.247488000003,99.277488000003,3171,1,1,1,1,124.00787499791477,False,0,True,3,2057,2054,2383,2081,3171,2123
3309,99.277488000003,99.307488000003,3285,1,1,1,1,123.8775829988299,False,0,True,3,1955,1949,2317,1967,3285,1998
3310,99.307488000003,99.337488000003,3344,1,1,1,1,124.36308399628615,False,0,True,3,1916,1908,2279,1921,3344,1950
3311,99.337488000003,99.36748800000301,4020,1,1,1,1,124.22079099633265,False,0,True,3,1890,1883,2292,1903,4020,1919
3312,99.36748800000301,99.39748800000301,3955,1,1,1,1,124.49966700660298,False,0,True,3,1883,1881,2257,1905,3955,1936
3313,99.39748800000301,99.42748800000301,3138,1,1,1,1,124.3262079951819,False,0,True,3,1922,1915,2265,1939,3138,1973
3314,99.42748800000301,99.45748800000301,2889,1,1,1,1,123.79820900241612,False,0,True,3,2093,2091,2388,2119,2889,2159
3315,99.45748800000301,99.48748800000301,2492,1,1,1,1,123.91399999614805,False,0,True,3,1881,1875,2143,1890,2492,1921
3316,99.48748800000301,99.51748800000301,2293,1,1,1,1,123.86866700398969,False,0,True,3,1816,1812,2063,1835,2293,1865
3317,99.51748800000301,99.54748800000301,2192,1,1,1,1,137.97979099763324,False,0,True,3,1737,1733,1990,1751,2192,1782
3318,99.54748800000301,99.57748800000302,2411,1,1,1,1,126.69387499772711,False,0,True,3,1905,1899,2162,1914,2411,1950
3319,99.57748800000302,99.60748800000302,2421,1,1,1,1,125.85558299906552,False,0,True,3,1898,1894,2167,1916,2421,1948
3320,99.60748800000302,99.63748800000302,2295,1,1,1,1,128.41479200142203,False,0,True,3,1836,1832,2105,1851,2295,1880
3321,99.63748800000302,99.66748800000302,2219,1,1,1,1,131.41766699845903,False,0,True,3,1765,1757,2042,1773,2219,1802
3322,99.66748800000302,99.69748800000302,2396,1,1,1,1,154.06958300445694,False,0,True,3,1853,1845,2181,1873,2396,1893
3323,99.69748800000302,99.72748800000302,2538,1,1,1,1,127.096584001265,False,0,True,3,1879,1870,2263,1892,2538,1908
3324,99.72748800000302,99.75748800000302,2574,2,2,1,1,126.18316599400714,False,0,True,3,1757,1751,2192,1774,2574,1799
3325,99.75748800000302,99.78748800000302,2818,1,1,1,1,124.4965419973596,False,0,True,3,1676,1672,2148,1698,2818,1729
3326,99.78748800000302,99.81748800000302,2882,1,1,1,1,124.55512500309851,False,0,True,3,1698,1696,2157,1719,2882,1752
3327,99.81748800000302,99.84748800000303,2591,2,2,1,1,124.30037499871105,False,0,True,3,1754,1748,2159,1760,2591,1782
3328,99.84748800000303,99.87748800000303,3028,1,1,1,1,123.18291699921247,False,0,True,3,1854,1848,2304,1867,3028,1899
3329,99.87748800000303,99.90748800000303,2858,1,1,1,1,123.21237500145799,False,0,True,3,1865,1862,2238,1878,2858,1897
3330,99.90748800000303,99.93748800000303,2600,1,1,1,1,125.78454100003,False,0,True,3,1993,1990,2264,2012,2600,2041
3331,99.93748800000303,99.96748800000303,2686,2,2,1,1,126.83504199958406,False,0,True,3,2075,2072,2344,2097,2686,2125
3332,99.96748800000303,99.99748800000303,2522,1,1,1,1,125.55104099737946,False,0,True,3,1898,1895,2156,1914,2522,1936
3333,99.99748800000303,100.02748800000303,2541,1,1,1,1,124.10100000124658,False,0,True,3,1846,1843,2145,1865,2541,1898
3334,100.02748800000303,100.05748800000303,2567,1,1,1,1,124.77791700075613,False,0,True,3,1836,1833,2146,1861,2567,1877
3335,100.05748800000303,100.08748800000303,2608,1,1,1,1,124.64820800232701,False,0,True,3,1853,1852,2146,1881,2608,1917
3336,100.08748800000303,100.11748800000304,2699,1,1,1,1,125.61720799567411,False,0,True,3,1957,1954,2281,1975,2699,2012
3337,100.11748800000304,100.14748800000304,2914,2,1,1,1,123.42112499754876,False,0,True,3,1835,1830,2258,1849,2914,1901
3338,100.14748800000304,100.17748800000304,2806,2,1,1,1,122.63395800255239,False,0,True,3,1934,1930,2273,1946,2806,1987
3339,100.17748800000304,100.20748800000304,2777,1,1,1,1,123.12612499954412,False,0,True,3,1870,1865,2193,1880,2777,1914
3340,100.20748800000304,100.23748800000304,3004,1,1,1,1,124.361250003858,False,0,True,3,1954,1952,2292,1974,3004,1995
3341,100.23748800000304,100.26748800000304,3130,1,1,1,1,124.1942500055302,False,0,True,3,1940,1939,2316,1965,3130,2008
3342,100.26748800000304,100.29748800000304,3103,1,1,1,1,124.09216700325487,False,0,True,3,1833,1831,2195,1847,3103,1881
3343,100.29748800000304,100.32748800000304,3210,1,1,1,1,124.50695900042774,False,0,True,3,1892,1888,2287,1910,3210,1951
3344,100.32748800000304,100.35748800000304,3158,1,1,1,1,125.74554200546117,False,0,True,3,1864,1861,2249,1885,3158,1910
3345,100.35748800000304,100.38748800000305,3274,1,1,1,1,126.41183300002012,False,0,True,3,1973,1971,2384,1999,3274,2021
3346,100.38748800000305,100.41748800000305,3094,1,1,1,1,124.16954199579777,False,0,True,3,1766,1762,2147,1787,3094,1819
3347,100.41748800000305,100.44748800000305,3033,1,1,1,1,124.15141699602827,False,0,True,3,1885,1882,2240,1896,3033,1923
3348,100.44748800000305,100.47748800000305,3016,2,2,1,1,126.52729199908208,False,0,True,3,1961,1953,2348,1972,3016,2008
3349,100.47748800000305,100.50748800000305,2924,1,1,1,1,127.64995799807366,False,0,True,3,1954,1950,2264,1973,2924,1998
3350,100.50748800000305,100.53748800000305,3011,1,1,1,1,126.96454200340668,False,0,True,3,2022,2014,2317,2048,3011,2084
3351,100.53748800000305,100.56748800000305,2714,1,1,1,1,126.85966600110987,False,0,True,3,1918,1908,2196,1925,2714,1953
3352,100.56748800000305,100.59748800000305,2650,1,1,1,1,150.75158399849897,False,0,True,3,1946,1938,2266,1961,2650,1990
3353,100.59748800000305,100.62748800000305,2725,1,1,1,1,124.28837500192458,False,0,True,3,2136,2133,2425,2165,2725,2204
3354,100.62748800000305,100.65748800000306,2770,2,1,1,1,124.44162499741651,False,0,True,3,2127,2122,2428,2156,2770,2201
3355,100.65748800000306,100.68748800000306,2722,0,0,0,0,123.222459005774,False,0,True,3,2146,2141,2424,2162,2722,2206
3356,100.68748800000306,100.71748800000306,2871,1,1,1,1,123.87695899815299,False,0,True,3,2281,2278,2564,2300,2871,2337
3357,100.71748800000306,100.74748800000306,2697,1,1,1,1,123.80429200129583,False,0,True,3,2193,2190,2447,2215,2697,2241
3358,100.74748800000306,100.77748800000306,2791,1,1,1,1,123.91937500069616,False,0,True,3,2128,2125,2513,2144,2791,2179
3359,100.77748800000306,100.80748800000306,2888,1,1,1,1,123.36929099546978,False,0,True,3,2266,2262,2634,2282,2888,2312
3360,100.80748800000306,100.83748800000306,2742,0,0,0,0,122.47037500492297,False,0,True,3,2168,2159,2523,2188,2742,2218
3361,100.83748800000306,100.86748800000306,2717,1,1,0,0,123.23808299697703,False,0,True,3,2299,2296,2550,2326,2717,2367
3362,100.86748800000306,100.89748800000307,2574,1,1,1,1,124.37250000220956,False,0,True,3,2171,2169,2412,2197,2574,2231
3363,100.89748800000307,100.92748800000307,2555,1,1,1,1,124.8857919999864,False,0,True,3,2138,2134,2368,2156,2555,2194
3364,100.92748800000307,100.95748800000307,2734,1,1,1,1,126.57066700194264,False,0,True,3,2252,2248,2507,2267,2734,2316
3365,100.95748800000307,100.98748800000307,2796,1,1,1,1,124.1363330045715,False,0,True,3,2247,2244,2534,2259,2796,2281
3366,100.98748800000307,101.01748800000307,2842,1,1,1,1,123.69533300079638,False,0,True,3,2166,2163,2498,2190,2842,2217
3367,101.01748800000307,101.04748800000307,2944,1,1,1,1,124.4666250058799,False,0,True,3,2196,2192,2556,2220,2944,2239
3368,101.04748800000307,101.07748800000307,2994,1,1,1,1,124.26345799758565,False,0,True,3,2122,2117,2522,2147,2994,2177
3369,101.07748800000307,101.10748800000307,3181,1,1,1,1,123.88883300445741,False,0,True,3,2261,2256,2668,2277,3181,2307
3370,101.10748800000307,101.13748800000307,3163,1,1,1,1,123.63149999873713,False,0,True,3,2219,2217,2637,2241,3163,2270
3371,101.13748800000307,101.16748800000308,3380,1,1,1,1,123.75150000298163,False,0,True,3,2265,2263,2737,2293,3380,2329
3372,101.16748800000308,101.19748800000308,3448,1,1,1,1,124.33329199848231,False,0,True,3,2055,2051,2570,2066,3448,2104
3373,101.19748800000308,101.22748800000308,3718,1,1,1,1,124.30912499985425,False,0,True,3,2057,2054,2662,2077,3718,2104
3374,101.22748800000308,101.25748800000308,3804,1,1,1,1,125.64866699540289,False,0,True,3,2032,2031,2654,2058,3804,2088
3375,101.25748800000308,101.28748800000308,3150,1,1,1,1,124.48045899509452,False,0,True,3,2066,2065,2528,2082,3150,2114
3376,101.28748800000308,101.31748800000308,3335,1,1,1,1,123.87445799686247,False,0,True,3,2198,2196,2614,2223,3335,2258
3377,101.31748800000308,101.34748800000308,4159,1,1,1,1,124.07679099851521,False,0,True,3,2179,2177,2711,2203,4159,2242
3378,101.34748800000308,101.37748800000308,6486,1,1,1,1,124.45683300029486,False,0,True,3,2200,2197,2874,2221,6486,2247
3379,101.37748800000308,101.40748800000308,6077,1,1,1,1,124.69062500167638,False,0,True,3,2159,2154,2957,2185,6077,2217
3380,101.40748800000308,101.43748800000309,5738,1,1,1,1,124.26620800397359,False,0,True,3,2070,2065,2939,2095,5738,2136
3381,101.43748800000309,101.46748800000309,6214,1,1,1,1,124.72295900079189,False,0,True,3,2010,2003,2952,2031,6214,2056
3382,101.46748800000309,101.49748800000309,7007,1,1,1,1,125.18145800277125,False,0,True,3,2093,2088,3117,2119,7007,2153
3383,101.49748800000309,101.52748800000309,7403,1,1,1,1,125.0479170048493,False,0,True,3,2125,2120,3157,2151,7403,2180
3384,101.52748800000309,101.55748800000309,5737,1,1,1,1,124.84154100093292,False,0,True,3,2153,2148,3153,2171,5737,2202
3385,101.55748800000309,101.58748800000309,5373,1,1,1,1,124.28958300006343,False,0,True,3,2274,2271,3159,2304,5373,2325
3386,101.58748800000309,101.61748800000309,5638,1,1,1,1,124.47691700072028,False,0,True,3,2301,2296,3273,2331,5638,2356
3387,101.61748800000309,101.6474880000031,5860,1,1,1,1,124.69312499888474,False,0,True,3,2222,2215,3248,2254,5860,2290
3388,101.6474880000031,101.6774880000031,5889,1,1,1,1,124.74562499846797,False,0,True,3,2238,2227,3277,2260,5889,2293
3389,101.6774880000031,101.7074880000031,7252,1,1,1,1,125.04654200165533,False,0,True,3,2426,2420,3378,2451,7252,2488
3390,101.7074880000031,101.7374880000031,5807,1,1,1,1,125.56149999727495,False,0,True,3,2195,2185,3186,2210,5807,2247
3391,101.7374880000031,101.7674880000031,5633,1,1,1,1,124.87241700000595,False,0,True,3,2261,2250,3227,2276,5633,2319
3392,101.7674880000031,101.7974880000031,9156,1,1,1,1,139.18808300513774,False,0,True,3,2085,2079,3151,2107,9156,2152
3393,101.7974880000031,101.8274880000031,11994,1,1,1,1,134.7973749943776,False,0,True,3,2283,2274,4364,2309,11994,2336
3394,101.8274880000031,101.8574880000031,11774,1,1,1,1,124.17041700246045,False,0,True,3,2169,2155,4172,2185,11774,2215
3395,101.8574880000031,101.8874880000031,7647,1,1,1,1,128.69762499758508,False,0,True,3,2266,2246,3421,2284,7647,2329
3396,101.8874880000031,101.9174880000031,4440,1,1,1,1,128.9810829985072,False,0,True,3,2249,2245,3061,2289,4440,2326
3397,101.9174880000031,101.9474880000031,4298,1,1,1,1,184.50429199583596,False,0,True,3,2174,2165,2893,2189,4298,2221
3398,101.9474880000031,101.9774880000031,4269,1,1,1,1,128.34958400344476,False,0,True,3,2240,2233,2962,2267,4269,2302
3399,101.9774880000031,102.00748800000311,4027,1,1,1,1,126.68475000100443,False,0,True,3,2209,2205,2910,2239,4027,2267
3400,102.00748800000311,102.03748800000311,4187,1,1,1,1,125.39775000186637,False,0,True,3,2382,2376,3060,2410,4187,2438
3401,102.03748800000311,102.06748800000311,4456,1,1,1,1,125.14416599879041,False,0,True,3,2184,2178,2867,2205,4456,2231
3402,102.06748800000311,102.09748800000311,4538,1,1,1,1,123.91612499777693,False,0,True,3,2062,2059,2722,2086,4538,2114
3403,102.09748800000311,102.12748800000311,4894,1,1,1,1,124.32483299926389,False,0,True,3,2258,2251,2926,2285,4894,2322
3404,102.12748800000311,102.15748800000311,4748,1,1,1,1,123.67683299817145,False,0,True,3,2349,2343,2991,2368,4748,2403
3405,102.15748800000311,102.18748800000311,4272,1,1,1,1,122.91358400398167,False,0,True,3,2298,2290,2886,2322,4272,2355
3406,102.18748800000311,102.21748800000312,3870,1,1,1,1,124.5468749984866,False,0,True,3,2308,2303,2826,2332,3870,2366
3407,102.21748800000312,102.24748800000312,3547,1,1,1,1,125.70995800342644,False,0,True,3,2350,2348,2800,2377,3547,2408
3408,102.24748800000312,102.27748800000312,3177,1,1,1,1,123.87316699459916,False,0,True,3,2126,2124,2531,2160,3177,2197
3409,102.27748800000312,102.30748800000312,3287,1,1,1,1,123.69704199954867,False,0,True,3,2330,2329,2716,2366,3287,2402
3410,102.30748800000312,102.33748800000312,3172,1,1,1,1,125.11441600508988,False,0,True,3,2154,2152,2553,2177,3172,2199
3411,102.33748800000312,102.36748800000312,3319,1,1,1,1,124.70891699922504,False,0,True,3,2255,2254,2644,2274,3319,2300
3412,102.36748800000312,102.39748800000312,3405,1,1,1,1,123.83295800100313,False,0,True,3,2290,2286,2687,2316,3405,2340
3413,102.39748800000312,102.42748800000312,3408,1,1,1,1,124.15304200112587,False,0,True,3,2424,2419,2796,2454,3408,2482
3414,102.42748800000312,102.45748800000312,3158,1,1,1,1,125.84683399472851,False,0,True,3,2315,2312,2691,2354,3158,2391
3415,102.45748800000312,102.48748800000313,2949,1,1,1,1,124.71849999565165,False,0,True,3,2174,2170,2506,2199,2949,2221
3416,102.48748800000313,102.51748800000313,3118,1,1,1,1,123.32366700138664,False,0,True,3,2316,2313,2634,2340,3118,2375
3417,102.51748800000313,102.54748800000313,2915,1,1,1,1,123.41020799794933,False,0,True,3,2131,2129,2470,2162,2915,2194
3418,102.54748800000313,102.57748800000313,3046,1,1,1,1,123.89870900369715,False,0,True,3,2243,2241,2562,2262,3046,2293
3419,102.57748800000313,102.60748800000313,3132,1,1,1,1,122.6861250033835,False,0,True,3,2311,2308,2653,2341,3132,2367
3420,102.60748800000313,102.63748800000313,2894,1,1,1,1,122.57025000144495,False,0,True,3,2208,2206,2502,2227,2894,2247
3421,102.63748800000313,102.66748800000313,3347,1,1,1,1,125.52991699340055,False,0,True,3,2185,2182,2521,2209,3347,2242
3422,102.66748800000313,102.69748800000313,4561,1,1,1,1,125.6042500026524,False,0,True,3,2240,2237,2651,2265,4561,2296
3423,102.69748800000313,102.72748800000313,4263,1,1,1,1,125.4133330003242,False,0,True,3,2263,2259,2724,2295,4263,2325
3424,102.72748800000313,102.75748800000314,4216,1,1,1,1,123.7634999997681,False,0,True,3,2258,2252,2726,2282,4216,2335
3425,102.75748800000314,102.78748800000314,4062,1,1,1,1,125.333749994752,False,0,True,3,2362,2355,2799,2392,4062,2438
3426,102.78748800000314,102.81748800000314,3775,1,1,1,1,124.51824999880046,False,0,True,3,2559,2554,2934,2599,3775,2638
3427,102.81748800000314,102.84748800000314,3364,1,1,1,1,123.69120900257258,False,0,True,3,2549,2547,2877,2583,3364,2620
3428,102.84748800000314,102.87748800000314,3323,1,1,1,1,123.98633299744688,False,0,True,3,2562,2560,2871,2598,3323,2624
3429,102.87748800000314,102.90748800000314,3086,1,1,1,1,125.43224999535596,False,0,True,3,2408,2407,2709,2450,3086,2475
3430,102.90748800000314,102.93748800000314,3614,1,1,1,1,124.02620800276054,False,0,True,3,2570,2569,2907,2609,3614,2645
3431,102.93748800000314,102.96748800000314,3330,1,1,1,1,123.55224999919301,False,0,True,3,2551,2547,2887,2587,3330,2618
3432,102.96748800000314,102.99748800000314,2957,1,1,1,1,124.74016700434731,False,0,True,3,2344,2341,2615,2370,2957,2409
3433,102.99748800000314,103.02748800000315,2961,1,1,1,1,125.09283400140703,False,0,True,3,2400,2395,2650,2416,2961,2457
3434,103.02748800000315,103.05748800000315,3192,1,1,1,1,124.05349999608006,False,0,True,3,2573,2568,2834,2603,3192,2650
3435,103.05748800000315,103.08748800000315,3160,1,1,1,1,123.15312500140863,False,0,True,3,2538,2530,2812,2558,3160,2602
3436,103.08748800000315,103.11748800000315,3071,1,1,1,1,125.16595800116193,False,0,True,3,2479,2477,2757,2520,3071,2570
3437,103.11748800000315,103.14748800000315,2985,1,1,1,1,124.58816699654562,False,0,True,3,2488,2485,2707,2508,2985,2556
3438,103.14748800000315,103.17748800000315,2687,1,1,1,1,124.0479999978561,False,0,True,3,2243,2241,2437,2273,2687,2311
3439,103.17748800000315,103.20748800000315,2690,1,1,1,1,123.46416700165719,False,0,True,3,2226,2223,2425,2252,2690,2292
3440,103.20748800000315,103.23748800000315,2930,1,1,1,1,125.33462500141468,False,0,True,3,2376,2373,2578,2398,2930,2437
3441,103.23748800000315,103.26748800000315,2980,1,1,1,1,124.37774999852991,False,0,True,3,2362,2360,2576,2394,2980,2421
3442,103.26748800000315,103.29748800000316,2880,1,1,1,1,123.52783399546752,False,0,True,3,2249,2244,2459,2270,2880,2303
3443,103.29748800000316,103.32748800000316,2940,1,1,1,1,124.3431250040885,False,0,True,3,2253,2247,2492,2280,2940,2315
3444,103.32748800000316,103.35748800000316,3006,1,1,1,1,125.44041700311936,False,0,True,3,2364,2359,2590,2383,3006,2416
3445,103.35748800000316,103.38748800000316,2888,1,1,1,1,123.6605000012787,False,0,True,3,2179,2175,2418,2208,2888,2254
3446,103.38748800000316,103.41748800000316,2950,1,1,1,1,123.46304200036684,False,0,True,3,2279,2272,2538,2300,2950,2330
3447,103.41748800000316,103.44748800000316,2856,1,1,1,1,125.12395800149534,False,0,True,3,2253,2241,2465,2268,2856,2313
3448,103.44748800000316,103.47748800000316,2825,1,1,1,1,124.87087499903282,False,0,True,3,2282,2280,2471,2312,2825,2343
3449,103.47748800000316,103.50748800000316,2808,1,1,1,1,124.17183299839962,False,0,True,3,2276,2274,2444,2298,2808,2328
3450,103.50748800000316,103.53748800000317,2782,1,1,1,1,123.86174999846844,False,0,True,3,2294,2293,2468,2326,2782,2368
3451,103.53748800000317,103.56748800000317,2737,1,1,1,1,124.94312499620719,False,0,True,3,2235,2229,2432,2258,2737,2303
3452,103.56748800000317,103.59748800000317,2854,1,1,1,1,124.52495899924543,False,0,True,3,2356,2351,2520,2381,2854,2422
3453,103.59748800000317,103.62748800000317,2728,2,1,1,1,123.61670799873536,False,0,True,3,2319,2315,2465,2344,2728,2395
3454,103.62748800000317,103.65748800000317,2617,2,1,1,1,123.77883300359827,False,0,True,3,2265,2262,2403,2293,2617,2345
3455,103.65748800000317,103.68748800000317,2808,1,1,1,1,125.30191699624993,False,0,True,3,2504,2499,2631,2530,2808,2573
3456,103.68748800000317,103.71748800000317,2660,1,1,1,1,124.05645899707451,False,0,True,3,2425,2422,2546,2455,2660,2491
3457,103.71748800000317,103.74748800000317,2385,1,1,1,1,123.51399999897694,False,0,True,3,2185,2182,2290,2210,2385,2247
3458,103.74748800000317,103.77748800000317,2540,1,1,1,1,124.86395900486968,False,0,True,3,2337,2334,2462,2367,2540,2401
3459,103.77748800000317,103.80748800000318,2545,0,0,0,0,123.64824999531265,False,0,True,3,2338,2335,2475,2361,2545,2394
3460,103.80748800000318,103.83748800000318,2420,0,0,0,0,111.42149999795947,False,0,True,3,2227,2223,2357,2255,2420,2279
3461,103.83748800000318,103.86748800000318,2604,0,0,0,0,111.43183399690315,False,0,True,3,2393,2390,2526,2430,2604,2464
3462,103.86748800000318,103.89748800000318,2500,0,0,0,0,123.0234999966342,False,0,True,3,2318,2315,2432,2342,2500,2369
3463,103.89748800000318,103.92748800000318,2451,1,1,0,0,124.64733300294029,False,0,True,3,2230,2227,2370,2252,2451,2289
3464,103.92748800000318,103.95748800000318,2519,1,1,0,0,124.90124999749241,False,0,True,3,2303,2298,2439,2321,2519,2355
3465,103.95748800000318,103.98748800000318,2620,0,0,0,0,122.31462500494672,False,0,True,3,2384,2379,2544,2412,2620,2443
3466,103.98748800000318,104.01748800000318,2483,1,1,0,0,124.44058300025063,False,0,True,3,2258,2255,2406,2285,2483,2322
3467,104.01748800000318,104.04748800000318,2608,0,0,0,0,124.0216660007718,False,0,True,3,2400,2397,2540,2429,2608,2457
3468,104.04748800000318,104.07748800000319,2678,0,0,0,0,122.69758299953537,False,0,True,3,2451,2447,2608,2486,2678,2521
3469,104.07748800000319,104.10748800000319,2668,0,0,0,0,123.47570800193353,False,0,True,3,2456,2453,2599,2499,2668,2530
3470,104.10748800000319,104.13748800000319,2798,0,0,0,0,125.203124996915,False,0,True,3,2602,2599,2706,2623,2798,2665
3471,104.13748800000319,104.16748800000319,2657,1,1,0,0,124.48850000509992,False,0,True,3,2434,2431,2564,2461,2657,2500
3472,104.16748800000319,104.19748800000319,2615,1,1,0,0,124.15533299645176,False,0,True,3,2417,2415,2530,2437,2615,2465
3473,104.19748800000319,104.22748800000319,2564,1,1,1,1,123.99862500024028,False,0,True,3,2336,2331,2472,2369,2564,2400
3474,104.22748800000319,104.25748800000319,2649,1,1,1,1,125.4607090013451,False,0,True,3,2386,2380,2553,2410,2649,2440
3475,104.25748800000319,104.2874880000032,2763,1,1,1,1,124.21916700259317,False,0,True,3,2394,2392,2612,2428,2763,2450
3476,104.2874880000032,104.3174880000032,2964,1,1,1,1,123.6733749974519,False,0,True,3,2465,2463,2736,2501,2964,2544
3477,104.3174880000032,104.3474880000032,3044,2,1,1,1,124.84962500457186,False,0,True,3,2421,2419,2732,2450,3044,2492
3478,104.3474880000032,104.3774880000032,3141,1,1,1,1,125.31145899993135,False,0,True,3,2362,2360,2714,2381,3141,2412
3479,104.3774880000032,104.4074880000032,3664,1,1,1,1,123.81916600133991,False,0,True,3,2498,2496,2909,2527,3664,2549
3480,104.4074880000032,104.4374880000032,4987,1,1,1,1,124.31283399928361,False,0,True,3,2428,2423,2903,2458,4987,2487
3481,104.4374880000032,104.4674880000032,4570,1,1,1,1,125.43641699448926,False,0,True,3,2436,2432,2990,2470,4570,2492
3482,104.4674880000032,104.4974880000032,4129,1,1,1,1,125.2394999974058,False,0,True,3,2446,2441,2983,2481,4129,2519
3483,104.4974880000032,104.5274880000032,4466,0,0,0,0,124.21350000659004,False,0,True,3,2515,2507,3068,2549,4466,2588
3484,104.5274880000032,104.5574880000032,4297,1,1,1,1,124.6921249985462,False,0,True,3,2482,2474,2976,2518,4297,2554
3485,104.5574880000032,104.5874880000032,3993,1,1,1,1,125.28762500005541,False,0,True,3,2655,2650,3130,2692,3993,2728
3486,104.5874880000032,104.6174880000032,3766,1,1,1,1,124.52162499539554,False,0,True,3,2602,2600,3038,2636,3766,2678
3487,104.6174880000032,104.64748800000321,3743,1,1,1,1,124.01900000259047,False,0,True,3,2593,2590,3040,2630,3743,2666
3488,104.64748800000321,104.67748800000321,3482,1,1,1,1,124.92075000045588,False,0,True,3,2360,2356,2776,2376,3482,2413
3489,104.67748800000321,104.70748800000321,3664,1,1,1,1,125.34870800300268,False,0,True,3,2475,2474,2908,2505,3664,2545
3490,104.70748800000321,104.73227899999999,2964,0,0,0,0,123.62320800457383,False,0,True,3,1985,1984,2372,2014,2964,2049
