window_id,timestamp,baseline_detections,accepted,active_tracks,persistence_ms
0,0.036676,1,0,1,0.03374996595084667
1,0.066676,1,0,1,0.022416934370994568
2,0.096676,3,0,3,0.04470790736377239
3,0.126676,2,0,4,0.03345799632370472
4,0.156676,1,1,4,0.024209031835198402
5,0.186676,2,1,2,0.03362505231052637
6,0.216676,1,1,2,0.02037500962615013
7,0.246676,2,2,2,0.034334021620452404
8,0.27667600000000003,2,2,2,0.032250070944428444
9,0.30667600000000006,2,2,2,0.031957984901964664
10,0.3366760000000001,2,2,2,0.032125040888786316
11,0.3666760000000001,2,2,2,0.03266602288931608
12,0.39667600000000014,2,2,2,0.031333998776972294
13,0.42667600000000017,2,2,2,0.030125025659799576
14,0.4566760000000002,2,2,2,0.029834103770554066
15,0.4866760000000002,3,2,3,0.03825000021606684
16,0.5166760000000002,3,2,3,0.04212500061839819
17,0.5466760000000003,4,2,5,0.10079203639179468
18,0.5766760000000003,3,2,5,0.04883308429270983
19,0.6066760000000003,3,3,5,0.05124998278915882
20,0.6366760000000004,4,3,4,0.06716698408126831
21,0.6666760000000004,3,3,4,0.05479203537106514
22,0.6966760000000004,3,2,4,0.04845799412578344
23,0.7266760000000004,4,4,4,0.062125036492943764
24,0.7566760000000005,4,3,5,0.058875069953501225
25,0.7866760000000005,3,2,5,0.06733299233019352
26,0.8166760000000005,3,2,5,0.0527920201420784
27,0.8466760000000005,3,3,4,0.05200004670768976
28,0.8766760000000006,3,3,4,0.04920794162899256
29,0.9066760000000006,2,2,3,0.036041950806975365
30,0.9366760000000006,3,3,3,0.04650000482797623
31,0.9666760000000006,2,2,3,0.032084062695503235
32,0.9966760000000007,2,2,3,0.03208301495760679
33,1.0266760000000006,2,1,3,0.026499968953430653
34,1.0566760000000006,2,2,3,0.03287498839199543
35,1.0866760000000006,2,2,3,0.03200001083314419
36,1.1166760000000007,2,2,2,0.03324996214359999
37,1.1466760000000007,1,1,2,0.01737498678267002
38,1.1766760000000007,2,1,3,0.024667009711265564
39,1.2066760000000007,3,1,3,0.03383390139788389
40,1.2366760000000008,2,0,4,0.04254200030118227
41,1.2666760000000008,2,0,4,0.02637505531311035
42,1.2966760000000008,4,2,4,0.0563750509172678
43,1.3266760000000009,2,1,4,0.03475008998066187
44,1.3566760000000009,2,1,4,0.032957992516458035
45,1.386676000000001,1,1,3,0.020209001377224922
46,1.416676000000001,1,1,2,0.018416903913021088
47,1.446676000000001,1,1,1,0.017916085198521614
48,1.476676000000001,2,1,2,0.023583066649734974
49,1.506676000000001,2,1,2,0.02445897553116083
50,1.536676000000001,1,1,2,0.017208978533744812
51,1.566676000000001,1,1,2,0.016832957044243813
52,1.596676000000001,1,1,1,0.01708301715552807
53,1.6266760000000011,1,1,1,0.015374971553683281
54,1.6566760000000011,1,1,1,0.018542050383985043
55,1.6866760000000012,1,1,1,0.015458092093467712
56,1.7166760000000012,1,1,1,0.015416997484862804
57,1.7466760000000012,1,1,1,0.015750061720609665
58,1.7766760000000013,2,1,2,0.02274999860674143
59,1.8066760000000013,2,1,2,0.027999980375170708
60,1.8366760000000013,2,2,2,0.03187498077750206
61,1.8666760000000013,2,2,2,0.04933308809995651
62,1.8966760000000014,2,2,2,0.03083399496972561
63,1.9266760000000014,2,2,2,0.031166011467576027
64,1.9566760000000014,2,2,2,0.030166003853082657
65,1.9866760000000014,2,2,2,0.03354193177074194
66,2.0166760000000012,1,1,2,0.019290950149297714
67,2.046676000000001,1,1,2,0.01795799471437931
68,2.076676000000001,2,1,2,0.031000003218650818
69,2.1066760000000007,2,2,2,0.03424996975809336
70,2.1366760000000005,2,2,2,0.0315000070258975
71,2.1666760000000003,2,2,2,0.029582995921373367
72,2.196676,2,2,2,0.030540977604687214
73,2.226676,3,2,3,0.03958400338888168
74,2.2566759999999997,3,2,3,0.042209052480757236
75,2.2866759999999995,3,3,3,0.04995905328541994
76,2.3166759999999993,2,2,3,0.03433297388255596
77,2.346675999999999,2,2,3,0.05095801316201687
78,2.376675999999999,3,2,3,0.044375075958669186
79,2.4066759999999987,4,2,4,0.0498330919072032
80,2.4366759999999985,2,2,4,0.038458965718746185
81,2.4666759999999983,2,2,4,0.03774999640882015
82,2.496675999999998,2,1,3,0.03045797348022461
83,2.526675999999998,3,2,4,0.04025001544505358
84,2.5566759999999977,2,2,3,0.036499928683042526
85,2.5866759999999975,2,2,3,0.03370898775756359
86,2.6166759999999973,2,2,2,0.033541000448167324
87,2.646675999999997,2,2,2,0.03191700670868158
88,2.676675999999997,2,2,2,0.03141607157886028
89,2.7066759999999968,2,2,2,0.032624928280711174
90,2.7366759999999966,3,2,3,0.04112499300390482
91,2.7666759999999964,2,2,3,0.05366699770092964
92,2.796675999999996,1,1,3,0.021374900825321674
93,2.826675999999996,2,2,2,0.03458291757851839
94,2.8566759999999958,1,1,2,0.01937500201165676
95,2.8866759999999956,2,2,2,0.03174995072185993
96,2.9166759999999954,2,2,2,0.032542040571570396
97,2.946675999999995,2,1,2,0.03224995452910662
98,2.976675999999995,2,2,2,0.030875089578330517
99,3.006675999999995,2,2,2,0.029999995604157448
100,3.0366759999999946,2,2,2,0.03162503708153963
101,3.0666759999999944,1,1,2,0.017541926354169846
102,3.096675999999994,1,1,2,0.017291982658207417
103,3.126675999999994,1,1,2,0.016625039279460907
104,3.156675999999994,1,1,2,0.01691700890660286
105,3.1866759999999936,2,2,2,0.03520806785672903
106,3.2166759999999934,2,2,2,0.03408303018659353
107,3.2466759999999932,2,2,2,0.03145798109471798
108,3.276675999999993,2,2,2,0.03312493208795786
109,3.306675999999993,2,2,2,0.02975005190819502
110,3.3366759999999926,2,2,2,0.04879198968410492
111,3.3666759999999925,2,2,2,0.030374969355762005
112,3.3966759999999923,2,2,2,0.030375085771083832
113,3.426675999999992,2,2,2,0.0299159437417984
114,3.456675999999992,2,2,2,0.029957969672977924
115,3.4866759999999917,2,2,2,0.029249931685626507
116,3.5166759999999915,2,2,2,0.030415947549045086
117,3.5466759999999913,2,2,2,0.0297910301014781
118,3.576675999999991,2,2,2,0.030250055715441704
119,3.606675999999991,2,2,2,0.029833056032657623
120,3.6366759999999907,2,2,2,0.02995808608829975
121,3.6666759999999905,2,2,2,0.029333983547985554
122,3.6966759999999903,2,2,2,0.029249931685626507
123,3.72667599999999,2,2,2,0.032415962778031826
124,3.75667599999999,2,2,2,0.031041097827255726
125,3.7866759999999897,3,2,3,0.03783300053328276
126,3.8166759999999895,3,2,4,0.05520798731595278
127,3.8466759999999893,2,2,4,0.03487500362098217
128,3.876675999999989,1,1,3,0.02045789733529091
129,3.906675999999989,2,2,2,0.03158405888825655
130,3.9366759999999887,2,2,2,0.0310409814119339
131,3.9666759999999885,2,2,2,0.02995808608829975
132,3.9966759999999883,2,2,2,0.029999995604157448
133,4.026675999999989,2,2,2,0.03129197284579277
134,4.056675999999989,1,1,2,0.017208978533744812
135,4.086675999999989,2,2,2,0.030083931051194668
136,4.116675999999989,2,2,2,0.030249939300119877
137,4.14667599999999,2,2,2,0.029249931685626507
138,4.17667599999999,2,2,2,0.030082999728620052
139,4.20667599999999,3,2,3,0.03716698847711086
140,4.23667599999999,2,1,3,0.027499976567924023
141,4.266675999999991,2,2,3,0.0321660190820694
142,4.296675999999991,2,2,2,0.05183299072086811
143,4.326675999999991,2,1,2,0.03250001464039087
144,4.356675999999991,2,2,2,0.03174995072185993
145,4.386675999999992,2,2,2,0.0314170029014349
146,4.416675999999992,2,2,2,0.031249946914613247
147,4.446675999999992,2,2,2,0.03287498839199543
148,4.476675999999992,2,2,2,0.032250070944428444
149,4.506675999999993,2,2,2,0.030166935175657272
150,4.536675999999993,2,2,2,0.030166003853082657
151,4.566675999999993,2,2,2,0.031250063329935074
152,4.596675999999993,4,2,4,0.04837499000132084
153,4.626675999999994,3,2,4,0.043958076275885105
154,4.656675999999994,3,3,4,0.04849990364164114
155,4.686675999999994,2,1,3,0.03474997356534004
156,4.716675999999994,2,1,3,0.05129107739776373
157,4.746675999999995,2,2,2,0.03362505231052637
158,4.776675999999995,2,2,2,0.03133295103907585
159,4.806675999999995,2,2,2,0.031291041523218155
160,4.836675999999995,2,2,2,0.031791976653039455
161,4.866675999999996,2,2,2,0.03158405888825655
162,4.896675999999996,2,2,2,0.03283401019871235
163,4.926675999999996,2,2,2,0.030333991162478924
164,4.956675999999996,3,2,3,0.03925000783056021
165,4.9866759999999966,2,2,3,0.0350830378010869
166,5.016675999999997,2,2,3,0.03429094795137644
167,5.046675999999997,2,2,2,0.03345904406160116
168,5.076675999999997,2,2,2,0.030832947231829166
169,5.1066759999999976,2,2,2,0.03033294342458248
170,5.136675999999998,2,2,2,0.02995890099555254
171,5.166675999999998,3,2,3,0.038708909414708614
172,5.196675999999998,2,2,3,0.049875001423060894
173,5.2266759999999985,2,2,3,0.03208301495760679
174,5.256675999999999,1,1,2,0.01858395989984274
175,5.286675999999999,2,2,2,0.030791969038546085
176,5.316675999999999,2,2,2,0.030083931051194668
177,5.3466759999999995,2,2,2,0.030583934858441353
178,5.376676,2,2,2,0.02975005190819502
179,5.406676,3,2,3,0.03674998879432678
180,5.436676,2,1,3,0.027207890525460243
181,5.4666760000000005,2,2,3,0.03166601527482271
182,5.496676000000001,2,2,2,0.03229198046028614
183,5.526676000000001,2,2,2,0.030292081646621227
184,5.556676000000001,3,2,3,0.03629201091825962
185,5.5866760000000015,3,2,3,0.039624981582164764
186,5.616676000000002,2,1,3,0.03224995452910662
187,5.646676000000002,4,2,4,0.19545899704098701
188,5.676676000000002,3,2,4,0.04325003828853369
189,5.7066760000000025,2,2,4,0.034374999813735485
190,5.736676000000003,2,2,3,0.03558292519301176
191,5.766676000000003,3,2,3,0.045666005462408066
192,5.796676000000003,2,2,3,0.032540992833673954
193,5.8266760000000035,1,1,3,0.018417020328342915
194,5.856676000000004,1,1,2,0.018749968148767948
195,5.886676000000004,1,1,1,0.017750076949596405
196,5.916676000000004,1,1,1,0.015708967112004757
197,5.9466760000000045,2,1,2,0.02274999860674143
198,5.976676000000005,2,1,2,0.02420798409730196
199,6.006676000000005,2,2,2,0.029791961424052715
200,6.036676000000005,2,1,2,0.029708025977015495
201,6.0666760000000055,2,1,2,0.029916991479694843
202,6.096676000000006,3,2,3,0.03774999640882015
203,6.126676000000006,2,2,3,0.03245798870921135
204,6.156676000000006,2,2,3,0.04891701973974705
205,6.1866760000000065,2,2,2,0.03250001464039087
206,6.216676000000007,2,2,2,0.03158301115036011
207,6.246676000000007,4,2,4,0.04529207944869995
208,6.276676000000007,2,1,4,0.028542010113596916
209,6.3066760000000075,3,1,4,0.0451250234618783
210,6.336676000000008,3,3,3,0.05050003528594971
211,6.366676000000008,3,3,3,0.045791035518050194
212,6.396676000000008,3,3,3,0.04962494131177664
213,6.4266760000000085,3,3,3,0.0451250234618783
214,6.456676000000009,3,3,3,0.04458392504602671
215,6.486676000000009,3,3,3,0.04449998959898949
216,6.516676000000009,2,2,3,0.04845892544835806
217,6.5466760000000095,3,3,3,0.04724995233118534
218,6.57667600000001,3,3,3,0.04516704939305782
219,6.60667600000001,3,3,3,0.04458299372345209
220,6.63667600000001,3,3,3,0.04537496715784073
221,6.6666760000000105,3,3,3,0.04483293741941452
222,6.696676000000011,3,3,3,0.04499999340623617
223,6.726676000000011,3,3,3,0.045208027586340904
224,6.756676000000011,3,3,3,0.046083005145192146
225,6.7866760000000115,3,3,3,0.048874993808567524
226,6.816676000000012,3,3,3,0.04862493369728327
227,6.846676000000012,3,3,3,0.06387499161064625
228,6.876676000000012,3,3,3,0.04658300895243883
229,6.9066760000000125,3,3,3,0.046625034883618355
230,6.936676000000013,3,3,3,0.04558300133794546
231,6.966676000000013,3,3,3,0.04554097540676594
232,6.996676000000013,3,3,3,0.045291963033378124
233,7.0266760000000135,3,3,3,0.04549999721348286
234,7.056676000000014,3,3,3,0.047083012759685516
235,7.086676000000014,3,3,3,0.04566693678498268
236,7.116676000000014,2,2,3,0.03316695801913738
237,7.1466760000000145,2,2,3,0.031957984901964664
238,7.176676000000015,3,3,3,0.04525005351752043
239,7.206676000000015,3,3,3,0.06366695743054152
240,7.236676000000015,3,3,3,0.046874978579580784
241,7.2666760000000155,3,3,3,0.04925008397549391
242,7.296676000000016,3,3,3,0.04670792259275913
243,7.326676000000016,3,3,3,0.046874978579580784
244,7.356676000000016,4,3,4,0.054833944886922836
245,7.3866760000000165,4,3,4,0.061832950450479984
246,7.416676000000017,2,2,4,0.03654207102954388
247,7.446676000000017,2,2,4,0.03641692455857992
248,7.476676000000017,2,2,2,0.03766699228435755
249,7.5066760000000174,3,2,3,0.03825000021606684
250,7.536676000000018,2,1,3,0.02604094333946705
251,7.566676000000018,2,1,3,0.032374984584748745
252,7.596676000000018,2,1,2,0.052625080570578575
253,7.626676000000018,2,2,2,0.03341608680784702
254,7.656676000000019,2,2,2,0.032542040571570396
255,7.686676000000019,2,2,2,0.03129197284579277
256,7.716676000000019,2,2,2,0.0315000070258975
257,7.746676000000019,1,1,2,0.018415972590446472
258,7.77667600000002,2,2,2,0.03041699528694153
259,7.80667600000002,2,2,2,0.030708033591508865
260,7.83667600000002,2,2,2,0.02987496554851532
261,7.86667600000002,3,2,3,0.0392089132219553
262,7.896676000000021,2,2,3,0.03279093652963638
263,7.926676000000021,2,2,3,0.0315419165417552
264,7.956676000000021,2,2,2,0.034207943826913834
265,7.986676000000021,2,2,2,0.030166935175657272
266,8.016676000000022,2,2,2,0.030667055398225784
267,8.046676000000021,2,2,2,0.03041699528694153
268,8.07667600000002,2,2,2,0.029458897188305855
269,8.10667600000002,3,2,3,0.03758305683732033
270,8.13667600000002,3,2,3,0.058999983593821526
271,8.166676000000018,2,2,3,0.032624928280711174
272,8.196676000000018,3,2,3,0.04558300133794546
273,8.226676000000017,4,2,4,0.05408306606113911
274,8.256676000000017,2,2,4,0.03487500362098217
275,8.286676000000016,2,2,4,0.03599992487579584
276,8.316676000000015,3,2,3,0.047459034249186516
277,8.346676000000015,4,3,4,0.05837494973093271
278,8.376676000000014,3,2,4,0.047999899834394455
279,8.406676000000013,3,3,4,0.047332956455647945
280,8.436676000000013,3,3,3,0.04816707223653793
281,8.466676000000012,3,3,3,0.06320897955447435
282,8.496676000000011,2,2,3,0.03270898014307022
283,8.52667600000001,4,3,4,0.05420891102403402
284,8.55667600000001,3,3,4,0.04737498238682747
285,8.58667600000001,1,1,4,0.019875005818903446
286,8.616676000000009,1,1,3,0.020290957763791084
287,8.646676000000008,1,1,1,0.019875005818903446
288,8.676676000000008,2,1,2,0.02295803278684616
289,8.706676000000007,1,1,2,0.01737498678267002
290,8.736676000000006,1,1,2,0.01650000922381878
291,8.766676000000006,2,1,2,0.02420798409730196
292,8.796676000000005,1,1,2,0.01670804340392351
293,8.826676000000004,1,1,2,0.01679197885096073
294,8.856676000000004,1,1,1,0.01650000922381878
295,8.886676000000003,1,1,1,0.016207923181355
296,8.916676000000002,2,1,2,0.022541964426636696
297,8.946676000000002,2,1,2,0.024083885364234447
298,8.976676000000001,2,2,2,0.029667047783732414
299,9.006676,2,2,2,0.029582995921373367
300,9.036676,2,2,2,0.03012490924447775
301,9.066676,2,2,2,0.029832939617335796
302,9.096675999999999,2,2,2,0.030624913051724434
303,9.126675999999998,2,2,2,0.04924996756017208
304,9.156675999999997,2,2,2,0.03075005952268839
305,9.186675999999997,2,2,2,0.030458089895546436
306,9.216675999999996,2,2,2,0.030667055398225784
307,9.246675999999995,2,2,2,0.031791976653039455
308,9.276675999999995,1,1,2,0.01762493047863245
309,9.306675999999994,1,1,2,0.01750001683831215
310,9.336675999999994,1,1,1,0.017291982658207417
311,9.366675999999993,2,1,2,0.022875028662383556
312,9.396675999999992,2,1,2,0.024458044208586216
313,9.426675999999992,2,2,2,0.030459021218121052
314,9.456675999999991,2,2,2,0.030583003535866737
315,9.48667599999999,2,2,2,0.03079103771597147
316,9.51667599999999,1,1,2,0.01745892222970724
317,9.546675999999989,1,1,2,0.016874982975423336
318,9.576675999999988,2,2,2,0.029749935492873192
319,9.606675999999988,2,2,2,0.029749935492873192
320,9.636675999999987,2,2,2,0.030166003853082657
321,9.666675999999987,1,1,2,0.01679197885096073
322,9.696675999999986,1,1,2,0.016625039279460907
323,9.726675999999985,1,1,1,0.01708301715552807
324,9.756675999999985,1,1,1,0.015374971553683281
325,9.786675999999984,1,1,1,0.014917110092937946
326,9.816675999999983,1,1,1,0.014874967746436596
327,9.846675999999983,1,1,1,0.03179209306836128
328,9.876675999999982,1,1,1,0.016415957361459732
329,9.906675999999981,2,1,2,0.02279097680002451
330,9.93667599999998,1,1,2,0.018249964341521263
331,9.96667599999998,0,0,2,0.0038329744711518288
332,9.99667599999998,1,1,1,0.017000013031065464
333,10.026675999999979,1,1,1,0.015541911125183105
334,10.056675999999978,1,1,1,0.015459023416042328
335,10.086675999999978,1,1,1,0.0148330582305789
336,10.116675999999977,1,1,1,0.015041092410683632
337,10.146675999999976,1,1,1,0.014999997802078724
338,10.176675999999976,2,1,2,0.024000066332519054
339,10.206675999999975,1,1,2,0.017791055142879486
340,10.236675999999974,1,1,2,0.01683307345956564
341,10.266675999999974,1,1,1,0.016832957044243813
342,10.296675999999973,1,1,1,0.015457975678145885
343,10.326675999999972,1,1,1,0.015083001926541328
344,10.356675999999972,1,1,1,0.015125027857720852
345,10.386675999999971,2,1,2,0.02191704697906971
346,10.41667599999997,1,1,2,0.016375095583498478
347,10.44667599999997,1,1,2,0.016332953236997128
348,10.47667599999997,1,1,1,0.017042038962244987
349,10.506675999999969,2,1,2,0.021875021047890186
350,10.536675999999968,1,1,2,0.016874982975423336
351,10.566675999999967,1,1,2,0.016125035472214222
352,10.596675999999967,2,1,2,0.02408307045698166
353,10.626675999999966,2,2,2,0.029957969672977924
354,10.656675999999965,1,1,2,0.016666017472743988
355,10.686675999999965,1,1,2,0.019000028260052204
356,10.716675999999964,1,1,1,0.0186659162864089
357,10.746675999999963,2,1,2,0.023124972358345985
358,10.776675999999963,2,1,2,0.041416031308472157
359,10.806675999999962,2,2,2,0.031207920983433723
360,10.836675999999962,1,1,2,0.018000020645558834
361,10.866675999999961,1,1,2,0.01679209526628256
362,10.89667599999996,1,1,1,0.01695798709988594
363,10.92667599999996,1,1,1,0.01579197123646736
364,10.956675999999959,1,1,1,0.0153339933604002
365,10.986675999999958,1,1,1,0.015041092410683632
366,11.016675999999958,1,1,1,0.014832941815257072
367,11.046675999999957,1,1,1,0.018000020645558834
368,11.076675999999956,1,1,1,0.01591700129210949
369,11.106675999999956,1,1,1,0.016000005416572094
370,11.136675999999955,2,1,2,0.023333937861025333
371,11.166675999999955,3,1,3,0.03200001083314419
372,11.196675999999954,1,1,3,0.019625062122941017
373,11.226675999999953,2,1,3,0.02604199107736349
374,11.256675999999953,1,1,2,0.020832987502217293
375,11.286675999999952,3,1,3,0.037416000850498676
376,11.316675999999951,2,1,3,0.03416603431105614
377,11.34667599999995,1,1,3,0.01858395989984274
378,11.37667599999995,1,1,2,0.018874998204410076
379,11.40667599999995,1,1,1,0.016832957044243813
380,11.436675999999949,1,1,1,0.015332945622503757
381,11.466675999999948,1,1,1,0.014874967746436596
382,11.496675999999947,1,1,1,0.01491699367761612
383,11.526675999999947,1,1,1,0.01491699367761612
384,11.556675999999946,1,1,1,0.014999997802078724
385,11.586675999999946,2,1,2,0.022209016606211662
386,11.616675999999945,2,1,2,0.04316598642617464
387,11.646675999999944,2,1,2,0.033917021937668324
388,11.676675999999944,2,2,2,0.029499991796910763
389,11.706675999999943,2,2,2,0.029499991796910763
390,11.736675999999942,2,2,2,0.029374961741268635
391,11.766675999999942,2,2,2,0.029250048100948334
392,11.796675999999941,2,2,2,0.029832939617335796
393,11.82667599999994,3,2,3,0.03995897714048624
394,11.85667599999994,2,2,3,0.03250001464039087
395,11.88667599999994,2,2,3,0.03120803739875555
396,11.916675999999939,2,2,2,0.03179104533046484
397,11.946675999999938,2,2,2,0.029249931685626507
398,11.976675999999937,2,2,2,0.029416056349873543
399,12.006675999999937,3,2,3,0.036082929000258446
400,12.036675999999936,2,2,3,0.03174995072185993
401,12.066675999999935,2,2,3,0.031540985219180584
402,12.096675999999935,2,2,2,0.030832947231829166
403,12.126675999999934,2,2,2,0.17145799938589334
404,12.156675999999933,2,2,2,0.030374969355762005
405,12.186675999999933,2,2,2,0.03341701813042164
406,12.216675999999932,2,2,2,0.029749935492873192
407,12.246675999999932,2,2,2,0.029458082281053066
408,12.27667599999993,2,2,2,0.029249931685626507
409,12.30667599999993,2,2,2,0.029084039852023125
410,12.33667599999993,2,2,2,0.030250055715441704
411,12.366675999999929,2,2,2,0.029749935492873192
412,12.396675999999928,3,2,3,0.03620889037847519
413,12.426675999999928,2,2,3,0.03216695040464401
414,12.456675999999927,1,1,3,0.018582912161946297
415,12.486675999999926,1,1,2,0.018332968465983868
416,12.516675999999926,2,2,2,0.030957977287471294
417,12.546675999999925,2,2,2,0.03116705920547247
418,12.576675999999924,2,2,2,0.030959025025367737
419,12.606675999999924,3,2,3,0.03770797047764063
420,12.636675999999923,3,2,3,0.05808298010379076
421,12.666675999999923,3,2,3,0.04779198206961155
422,12.696675999999922,3,3,3,0.04729209467768669
423,12.726675999999921,3,3,3,0.04650000482797623
424,12.75667599999992,2,2,3,0.03545801155269146
425,12.78667599999992,2,2,3,0.035041943192481995
426,12.81667599999992,2,2,2,0.034374999813735485
427,12.846675999999919,3,2,3,0.039041973650455475
428,12.876675999999918,2,1,3,0.028125010430812836
429,12.906675999999917,2,1,3,0.03316602669656277
430,12.936675999999917,2,2,2,0.03358290996402502
431,12.966675999999916,2,2,2,0.03316695801913738
432,12.996675999999916,2,2,2,0.03229198046028614
433,13.026675999999915,2,2,2,0.03145798109471798
434,13.056675999999914,2,2,2,0.031708041206002235
435,13.086675999999914,2,2,2,0.031083938665688038
436,13.116675999999913,2,2,2,0.04891701973974705
437,13.146675999999912,2,2,2,0.032041920349001884
438,13.176675999999912,2,2,2,0.030499999411404133
439,13.206675999999911,2,2,2,0.031000003218650818
440,13.23667599999991,2,2,2,0.03033305983990431
441,13.26667599999991,2,2,2,0.02945901360362768
442,13.29667599999991,2,2,2,0.029667047783732414
443,13.326675999999908,2,2,2,0.029416987672448158
444,13.356675999999908,3,2,3,0.03812497016042471
445,13.386675999999907,2,2,3,0.03470794763416052
446,13.416675999999907,1,1,3,0.0190419377759099
447,13.446675999999906,2,2,2,0.03350002225488424
448,13.476675999999905,1,1,2,0.017749960534274578
449,13.506675999999905,2,2,2,0.03112491685897112
450,13.536675999999904,2,2,2,0.03175006713718176
451,13.566675999999903,2,2,2,0.030458904802799225
452,13.596675999999903,2,2,2,0.03054190892726183
453,13.626675999999902,2,2,2,0.031083007343113422
454,13.656675999999901,2,2,2,0.04654098302125931
455,13.6866759999999,2,2,2,0.030916999094188213
456,13.7166759999999,2,2,2,0.031540985219180584
457,13.7466759999999,3,2,3,0.03758305683732033
458,13.776675999999899,3,2,3,0.04012498538941145
459,13.806675999999898,2,1,3,0.03283307887613773
460,13.836675999999898,3,2,3,0.0463749747723341
461,13.866675999999897,2,1,3,0.03229198046028614
462,13.896675999999896,2,2,3,0.03250001464039087
463,13.926675999999896,2,2,2,0.032208976335823536
464,13.956675999999895,2,2,2,0.030666938982903957
465,13.986675999999894,2,2,2,0.030583003535866737
466,14.016675999999894,2,2,2,0.029791961424052715
467,14.046675999999893,2,2,2,0.02920802216976881
468,14.076675999999892,2,2,2,0.030125025659799576
469,14.106675999999892,1,1,2,0.017249956727027893
470,14.136675999999891,2,1,3,0.02437504008412361
471,14.16667599999989,1,1,2,0.020749983377754688
472,14.19667599999989,1,1,2,0.03366603050380945
473,14.22667599999989,2,1,2,0.026875059120357037
474,14.256675999999889,2,1,3,0.02462498378008604
475,14.286675999999888,1,0,3,0.012542004697024822
476,14.316675999999887,2,1,2,0.033665914088487625
477,14.346675999999887,1,1,2,0.019249971956014633
478,14.376675999999886,3,1,4,0.032125040888786316
479,14.406675999999885,3,0,4,0.028999987989664078
480,14.436675999999885,2,0,4,0.02791709266602993
481,14.466675999999884,1,1,3,0.020749983377754688
482,14.496675999999884,1,1,2,0.018750084564089775
483,14.526675999999883,3,1,3,0.03683404065668583
484,14.556675999999882,2,2,3,0.030916999094188213
485,14.586675999999882,1,1,3,0.019249971956014633
486,14.616675999999881,2,2,2,0.03183400258421898
487,14.64667599999988,1,1,2,0.017208978533744812
488,14.67667599999988,2,2,2,0.029499991796910763
489,14.706675999999879,2,2,2,0.030916999094188213
490,14.736675999999878,2,2,2,0.029542017728090286
491,14.766675999999878,2,2,2,0.031000003218650818
492,14.796675999999877,2,2,2,0.0463749747723341
493,14.826675999999877,2,2,2,0.02983398735523224
494,14.856675999999876,2,2,2,0.02962502185255289
495,14.886675999999875,2,2,2,0.0290420139208436
496,14.916675999999875,2,2,2,0.03145798109471798
497,14.946675999999874,1,1,2,0.016834004782140255
498,14.976675999999873,2,2,2,0.029540969990193844
499,15.006675999999873,2,2,2,0.029291026294231415
500,15.036675999999872,2,2,2,0.031250063329935074
501,15.066675999999871,2,2,2,0.029166927561163902
502,15.09667599999987,1,1,2,0.01737498678267002
503,15.12667599999987,2,1,3,0.024166074581444263
504,15.15667599999987,4,2,5,0.045042019337415695
505,15.186675999999869,2,2,5,0.036375015042722225
506,15.216675999999868,2,2,4,0.034458935260772705
507,15.246675999999868,2,2,2,0.03374996595084667
508,15.276675999999867,2,2,2,0.030166003853082657
509,15.306675999999866,2,2,2,0.030542025342583656
510,15.336675999999866,2,2,2,0.0499580055475235
511,15.366675999999865,2,2,2,0.0315000070258975
512,15.396675999999864,2,2,2,0.05679100286215544
513,15.426675999999864,2,2,2,0.05979207344353199
514,15.456675999999863,2,2,2,0.0374580267816782
515,15.486675999999862,2,2,2,0.03483297768980265
516,15.516675999999862,1,1,2,0.020707957446575165
517,15.546675999999861,3,2,3,0.044915941543877125
518,15.57667599999986,2,2,3,0.03883405588567257
519,15.60667599999986,3,2,3,0.04579196684062481
520,15.63667599999986,1,1,3,0.023541972041130066
521,15.666675999999859,2,2,3,0.03458291757851839
522,15.696675999999858,2,2,2,0.035334029234945774
523,15.726675999999857,2,2,2,0.032208976335823536
524,15.756675999999857,2,2,2,0.031249946914613247
525,15.786675999999856,1,1,2,0.01741608139127493
526,15.816675999999855,2,1,2,0.03104202914983034
527,15.846675999999855,2,2,2,0.030667055398225784
528,15.876675999999854,2,2,2,0.05204195622354746
529,15.906675999999853,2,2,2,0.03333296626806259
530,15.936675999999853,1,1,2,0.018291990272700787
531,15.966675999999852,2,2,2,0.031250063329935074
532,15.996675999999852,2,2,2,0.033833086490631104
533,16.026675999999853,2,2,2,0.032624928280711174
534,16.056675999999854,2,2,2,0.032625044696033
535,16.086675999999855,1,1,2,0.018249964341521263
536,16.116675999999856,2,2,2,0.032499898225069046
537,16.146675999999857,2,2,2,0.03175006713718176
538,16.17667599999986,2,2,2,0.030375085771083832
539,16.20667599999986,0,0,2,0.004415982402861118
540,16.23667599999986,1,1,2,0.017625046893954277
541,16.266675999999862,2,2,2,0.031083007343113422
542,16.296675999999863,1,1,2,0.016791047528386116
543,16.326675999999864,1,1,2,0.01679197885096073
544,16.356675999999865,0,0,2,0.0037499703466892242
545,16.386675999999866,1,1,1,0.01879199407994747
546,16.416675999999867,1,0,1,0.016249949112534523
547,16.44667599999987,1,1,1,0.015666941180825233
548,16.47667599999987,2,1,2,0.026916968636214733
549,16.50667599999987,2,1,2,0.025582965463399887
550,16.536675999999872,1,0,2,0.018042046576738358
551,16.566675999999873,1,0,2,0.01666706521064043
552,16.596675999999874,0,0,1,0.004083034582436085
553,16.626675999999875,1,0,2,0.009707990102469921
554,16.656675999999877,1,0,1,0.011165975593030453
555,16.686675999999878,2,1,2,0.040874932892620564
556,16.71667599999988,2,1,2,0.026124995201826096
557,16.74667599999988,2,1,2,0.030416063964366913
558,16.77667599999988,0,0,2,0.003999914042651653
559,16.806675999999882,1,1,2,0.017249956727027893
560,16.836675999999883,2,1,2,0.024875043891370296
561,16.866675999999885,2,1,2,0.02454104833304882
562,16.896675999999886,1,1,2,0.01762493047863245
563,16.926675999999887,2,1,3,0.024374923668801785
564,16.956675999999888,1,1,2,0.018915976397693157
565,16.98667599999989,1,1,2,0.01679209526628256
566,17.01667599999989,1,1,1,0.018542050383985043
567,17.04667599999989,1,1,1,0.017040991224348545
568,17.076675999999892,1,1,1,0.01625006552785635
569,17.106675999999894,1,1,1,0.015541911125183105
570,17.136675999999895,1,1,1,0.015625031664967537
571,17.166675999999896,1,1,1,0.015583005733788013
572,17.196675999999897,1,1,1,0.014999997802078724
573,17.226675999999898,2,1,2,0.022791908122599125
574,17.2566759999999,1,1,2,0.018249964341521263
575,17.2866759999999,1,1,2,0.016999896615743637
576,17.3166759999999,3,1,3,0.031667063012719154
577,17.346675999999903,1,1,3,0.018749968148767948
578,17.376675999999904,1,1,3,0.018332968465983868
579,17.406675999999905,1,1,1,0.018915976397693157
580,17.436675999999906,1,1,1,0.01579197123646736
581,17.466675999999907,1,1,1,0.015249941498041153
582,17.49667599999991,1,1,1,0.01508404966443777
583,17.52667599999991,2,1,2,0.02329191192984581
584,17.55667599999991,1,1,2,0.01750001683831215
585,17.586675999999912,1,1,2,0.017042038962244987
586,17.616675999999913,1,1,1,0.03541691694408655
587,17.646675999999914,1,1,1,0.017124926671385765
588,17.676675999999915,2,1,2,0.023958971723914146
589,17.706675999999916,2,1,2,0.025916961021721363
590,17.736675999999918,2,1,2,0.030125025659799576
591,17.76667599999992,1,1,2,0.017291982658207417
592,17.79667599999992,2,2,2,0.029708025977015495
593,17.82667599999992,2,1,2,0.030542025342583656
594,17.856675999999922,1,1,2,0.017583020962774754
595,17.886675999999923,2,1,2,0.02995890099555254
596,17.916675999999924,2,1,2,0.029709073714911938
597,17.946675999999925,2,2,2,0.02945796586573124
598,17.976675999999927,1,1,2,0.01750001683831215
599,18.006675999999928,1,1,2,0.017124926671385765
600,18.03667599999993,1,1,1,0.01733400858938694
601,18.06667599999993,1,1,1,0.015666009858250618
602,18.09667599999993,1,1,1,0.015125027857720852
603,18.126675999999932,0,0,1,0.0024579931050539017
604,18.156675999999933,0,0,1,0.0021669548004865646
605,18.186675999999935,0,0,0,0.002500019036233425
606,18.216675999999936,0,0,0,0.0012919772416353226
607,18.246675999999937,0,0,0,0.0009160721674561501
608,18.276675999999938,1,0,1,0.009124982170760632
609,18.30667599999994,1,0,1,0.009749899618327618
610,18.33667599999994,1,0,1,0.01579197123646736
611,18.36667599999994,1,1,1,0.015416997484862804
612,18.396675999999943,1,1,1,0.015415949746966362
613,18.426675999999944,1,1,1,0.014999997802078724
614,18.456675999999945,1,1,1,0.015125027857720852
615,18.486675999999946,1,1,1,0.01491699367761612
616,18.516675999999947,2,1,2,0.02291705459356308
617,18.546675999999948,2,1,2,0.02570892684161663
618,18.57667599999995,1,1,2,0.017083948478102684
619,18.60667599999995,1,1,2,0.033917021937668324
620,18.63667599999995,1,1,1,0.01754099503159523
621,18.666675999999953,1,1,1,0.015500001609325409
622,18.696675999999954,1,1,1,0.015292083844542503
623,18.726675999999955,1,1,1,0.014959019608795643
624,18.756675999999956,1,1,1,0.01520791556686163
625,18.786675999999957,1,1,1,0.015083001926541328
626,18.81667599999996,2,1,2,0.022916006855666637
627,18.84667599999996,1,1,2,0.01766590867191553
628,18.87667599999996,2,1,2,0.024833017960190773
629,18.906675999999962,2,1,2,0.030499999411404133
630,18.936675999999963,1,1,2,0.017040991224348545
631,18.966675999999964,2,1,2,0.02975005190819502
632,18.996675999999965,1,1,2,0.01870805863291025
633,19.026675999999966,2,1,2,0.031540985219180584
634,19.056675999999968,1,1,2,0.017457990907132626
635,19.08667599999997,1,1,2,0.01691700890660286
636,19.11667599999997,1,1,1,0.016874982975423336
637,19.14667599999997,2,1,2,0.022292020730674267
638,19.176675999999972,1,1,2,0.01637497916817665
639,19.206675999999973,1,1,2,0.016333069652318954
640,19.236675999999974,2,1,2,0.0253340695053339
641,19.266675999999975,1,1,2,0.017834012396633625
642,19.296675999999977,1,1,2,0.01704192254692316
643,19.326675999999978,2,2,2,0.03041699528694153
644,19.35667599999998,1,1,2,0.01708301715552807
645,19.38667599999998,2,2,2,0.0297910301014781
646,19.41667599999998,1,1,2,0.017709098756313324
647,19.446675999999982,1,1,2,0.033958000130951405
648,19.476675999999983,1,1,1,0.017249956727027893
649,19.506675999999985,2,1,2,0.02350006252527237
650,19.536675999999986,1,1,2,0.01758395228534937
651,19.566675999999987,1,1,2,0.016415957361459732
652,19.596675999999988,1,1,1,0.01662492286413908
653,19.62667599999999,2,1,2,0.022500054910779
654,19.65667599999999,2,1,2,0.024957931600511074
655,19.68667599999999,2,2,2,0.030082999728620052
656,19.716675999999993,2,2,2,0.03216695040464401
657,19.746675999999994,2,2,2,0.030374969355762005
658,19.776675999999995,2,2,2,0.029666000045835972
659,19.806675999999996,3,2,3,0.03737490624189377
660,19.836675999999997,2,2,3,0.033125048503279686
661,19.866676,2,2,3,0.03408303018659353
662,19.896676,2,2,2,0.031957984901964664
663,19.926676,2,2,2,0.029791961424052715
664,19.956676,2,2,2,0.029875081963837147
665,19.986676000000003,1,1,2,0.016832957044243813
666,20.016676000000004,2,2,2,0.03004097379744053
667,20.046676000000005,1,1,2,0.017457990907132626
668,20.076676000000006,2,2,2,0.17820799257606268
669,20.106676000000007,1,1,2,0.01825008075684309
670,20.13667600000001,1,1,2,0.01691700890660286
671,20.16667600000001,1,1,1,0.017042038962244987
672,20.19667600000001,1,1,1,0.015208031982183456
673,20.226676000000012,2,1,2,0.022249994799494743
674,20.256676000000013,1,1,2,0.017834012396633625
675,20.286676000000014,2,1,3,0.024667009711265564
676,20.316676000000015,2,1,3,0.026292051188647747
677,20.346676000000016,2,2,3,0.03208301495760679
678,20.376676000000018,1,1,2,0.021875021047890186
679,20.40667600000002,1,1,2,0.01795799471437931
680,20.43667600000002,2,2,2,0.030540977604687214
681,20.46667600000002,2,2,2,0.03162503708153963
682,20.496676000000022,2,1,3,0.024374923668801785
683,20.526676000000023,3,2,3,0.03983394708484411
684,20.556676000000024,3,3,3,0.04454096779227257
685,20.586676000000026,2,2,3,0.03233295865356922
686,20.616676000000027,2,2,3,0.03279093652963638
687,20.646676000000028,2,2,2,0.03170792479068041
688,20.67667600000003,2,2,2,0.0297910301014781
689,20.70667600000003,2,2,2,14.370249933563173
690,20.73667600000003,3,2,3,0.04604191053658724
691,20.766676000000032,3,2,3,0.04258297849446535
692,20.796676000000033,3,3,3,0.04591699689626694
693,20.826676000000035,3,2,3,0.046208035200834274
694,20.856676000000036,3,2,3,0.04675006493926048
695,20.886676000000037,3,3,3,0.04595902282744646
696,20.916676000000038,3,3,3,0.04558300133794546
697,20.94667600000004,3,3,3,0.04345807246863842
698,20.97667600000004,1,1,3,0.03441702574491501
699,21.00667600000004,2,2,3,0.032207928597927094
700,21.036676000000043,2,2,2,0.03374996595084667
701,21.066676000000044,3,2,3,0.03816699609160423
702,21.096676000000045,3,2,3,0.0415000831708312
703,21.126676000000046,2,2,3,0.03287498839199543
704,21.156676000000047,3,2,3,0.04583399277180433
705,21.18667600000005,3,3,3,0.051042065024375916
706,21.21667600000005,3,2,3,0.046666013076901436
707,21.24667600000005,3,3,3,0.045459019020199776
708,21.27667600000005,3,3,3,0.043208012357354164
709,21.306676000000053,3,3,3,0.04316703416407108
710,21.336676000000054,3,3,3,0.06316695362329483
711,21.366676000000055,3,3,3,0.04779198206961155
712,21.396676000000056,3,3,3,0.04583399277180433
713,21.426676000000057,3,3,3,0.04620791878551245
714,21.45667600000006,3,3,3,0.045792083255946636
715,21.48667600000006,3,3,3,0.04549999721348286
716,21.51667600000006,3,3,3,0.046291970647871494
717,21.546676000000062,3,3,3,0.044625019654631615
718,21.576676000000063,3,3,3,0.044625019654631615
719,21.606676000000064,2,2,3,0.03299990203231573
720,21.636676000000065,3,3,3,0.0635830219835043
721,21.666676000000066,3,3,3,0.04666706081479788
722,21.696676000000068,3,3,3,0.047749956138432026
723,21.72667600000007,3,3,3,0.04825007636100054
724,21.75667600000007,3,3,3,0.047666020691394806
725,21.78667600000007,2,2,3,0.03287498839199543
726,21.816676000000072,3,3,3,0.044332933612167835
727,21.846676000000073,3,3,3,0.04495901521295309
728,21.876676000000074,4,3,4,0.05749997217208147
729,21.906676000000076,2,2,4,0.03541703335940838
730,21.936676000000077,2,2,4,0.034082913771271706
731,21.966676000000078,2,2,2,0.034125056117773056
732,21.99667600000008,3,2,3,0.05691696424037218
733,22.02667600000008,3,2,3,0.040082959458231926
734,22.05667600000008,3,3,3,0.04879094194620848
735,22.086676000000082,4,2,4,0.053582945838570595
736,22.116676000000083,2,2,4,0.033334014005959034
737,22.146676000000085,2,2,4,0.03374996595084667
738,22.176676000000086,2,2,2,0.033624935895204544
739,22.206676000000087,4,2,4,0.04837499000132084
740,22.236676000000088,3,2,4,0.042665982618927956
741,22.26667600000009,3,2,4,0.048166955821216106
742,22.29667600000009,4,3,4,0.05541602149605751
743,22.32667600000009,3,3,4,0.07070798892527819
744,22.356676000000093,3,3,4,0.048749963752925396
745,22.386676000000094,2,2,3,0.03474997356534004
746,22.416676000000095,2,2,3,0.03287498839199543
747,22.446676000000096,2,2,2,0.033917021937668324
748,22.476676000000097,2,2,2,0.03158301115036011
749,22.5066760000001,2,2,2,0.034207943826913834
750,22.5366760000001,3,2,3,0.039083999581635
751,22.5666760000001,3,2,4,0.04116608761250973
752,22.5966760000001,3,2,4,0.04333397373557091
753,22.626676000000103,3,2,3,0.04725006874650717
754,22.656676000000104,3,2,3,0.04666694439947605
755,22.686676000000105,3,1,4,0.05937495734542608
756,22.716676000000106,3,2,4,0.044665997847914696
757,22.746676000000107,3,3,4,0.05041598342359066
758,22.77667600000011,3,3,3,0.048915972001850605
759,22.80667600000011,3,3,3,0.047625042498111725
760,22.83667600000011,4,3,4,0.05308305844664574
761,22.866676000000112,3,2,4,0.04208402242511511
762,22.896676000000113,3,3,4,0.048332964070141315
763,22.926676000000114,3,2,4,0.04900002386420965
764,22.956676000000115,3,3,4,0.04766695201396942
765,22.986676000000116,3,3,4,0.06504100747406483
766,23.016676000000118,4,4,4,0.062125036492943764
767,23.04667600000012,4,4,4,0.06195798050612211
768,23.07667600000012,4,4,4,0.062000006437301636
769,23.10667600000012,3,3,4,0.04775007255375385
770,23.136676000000122,4,4,4,0.061292084865272045
771,23.166676000000123,2,2,4,0.03516697324812412
772,23.196676000000124,3,3,4,0.05150004290044308
773,23.226676000000126,3,3,3,0.04866707604378462
774,23.256676000000127,3,3,3,0.06254203617572784
775,23.286676000000128,3,3,3,0.0464579788967967
776,23.31667600000013,2,2,3,0.03258395008742809
777,23.34667600000013,2,2,3,0.032542040571570396
778,23.37667600000013,2,2,2,0.03245798870921135
779,23.406676000000132,2,2,2,0.031125033274292946
780,23.436676000000134,2,2,2,0.03145798109471798
781,23.466676000000135,2,2,2,0.02995890099555254
782,23.496676000000136,2,2,2,0.03041699528694153
783,23.526676000000137,2,2,2,0.029708025977015495
784,23.556676000000138,2,2,2,0.030749943107366562
785,23.58667600000014,2,2,2,0.030791969038546085
786,23.61667600000014,2,2,2,0.030208961106836796
787,23.64667600000014,2,2,2,0.02962502185255289
788,23.676676000000143,3,2,3,0.03816699609160423
789,23.706676000000144,3,2,3,0.057958997786045074
790,23.736676000000145,3,3,3,0.04612491466104984
791,23.766676000000146,3,3,3,0.04670792259275913
792,23.796676000000147,2,2,3,0.03291701432317495
793,23.82667600000015,2,2,3,0.03245903644710779
794,23.85667600000015,1,1,2,0.01933402381837368
795,23.88667600000015,2,2,2,0.030667055398225784
796,23.91667600000015,1,1,2,0.016874982975423336
797,23.946676000000153,2,1,2,0.03062502946704626
798,23.976676000000154,3,2,3,0.03850006032735109
799,24.006676000000155,2,2,3,0.032334006391465664
800,24.036676000000156,3,2,4,0.03875000402331352
801,24.066676000000157,3,2,3,0.04237494431436062
802,24.09667600000016,3,3,3,0.04583306144922972
803,24.12667600000016,3,3,3,0.06154098082333803
804,24.15667600000016,3,3,3,0.046083005145192146
805,24.186676000000162,3,3,3,0.04483398515731096
806,24.216676000000163,3,3,3,0.04733400419354439
807,24.246676000000164,4,3,4,0.054709031246602535
808,24.276676000000165,4,3,4,0.055875047110021114
809,24.306676000000166,3,3,4,0.05366699770092964
810,24.336676000000168,4,4,4,0.06137497257441282
811,24.36667600000017,4,3,4,0.06091699469834566
812,24.39667600000017,4,3,4,0.07887498941272497
813,24.42667600000017,3,3,4,0.04812504630535841
814,24.456676000000172,3,3,4,0.04700000863522291
815,24.486676000000173,3,3,3,0.04933401942253113
816,24.516676000000174,2,2,3,0.0350830378010869
817,24.546676000000176,3,2,4,0.04125002305954695
818,24.576676000000177,2,2,4,0.03470794763416052
819,24.606676000000178,2,2,4,0.03454205580055714
820,24.63667600000018,2,2,2,0.036375015042722225
821,24.66667600000018,3,2,3,0.03991695120930672
822,24.69667600000018,3,2,3,0.04170904867351055
823,24.726676000000182,3,3,3,0.046208035200834274
824,24.756676000000184,3,3,3,0.18095900304615498
825,24.786676000000185,2,2,3,0.034917029552161694
826,24.816676000000186,2,2,3,0.03220804501324892
827,24.846676000000187,2,2,2,0.0326669542118907
828,24.876676000000188,2,2,2,0.031084055081009865
829,24.90667600000019,2,2,2,0.03216695040464401
830,24.93667600000019,2,2,2,0.03104202914983034
831,24.96667600000019,2,2,2,0.032957992516458035
832,24.996676000000193,2,2,2,0.03312493208795786
833,25.026676000000194,2,2,2,0.030084047466516495
834,25.056676000000195,2,2,2,0.0314170029014349
835,25.086676000000196,2,2,2,0.031667063012719154
836,25.116676000000197,2,2,2,0.03087497316300869
837,25.1466760000002,2,2,2,0.030832947231829166
838,25.1766760000002,2,2,2,0.030583934858441353
839,25.2066760000002,2,2,2,0.04545797128230333
840,25.2366760000002,2,2,2,0.033499905839562416
841,25.266676000000203,2,2,2,0.030583003535866737
842,25.296676000000204,2,2,2,0.03104202914983034
843,25.326676000000205,2,2,2,0.03054190892726183
844,25.356676000000206,3,2,3,0.03845803439617157
845,25.386676000000207,2,1,3,0.028250040486454964
846,25.41667600000021,2,2,3,0.03250001464039087
847,25.44667600000021,3,2,3,0.04099996294826269
848,25.47667600000021,3,1,4,0.034667085856199265
849,25.506676000000212,2,2,4,0.03408303018659353
850,25.536676000000213,3,2,4,0.04249997437000275
851,25.566676000000214,2,1,3,0.03020802978426218
852,25.596676000000215,2,2,3,0.03237510100007057
853,25.626676000000217,1,1,2,0.019042054191231728
854,25.656676000000218,3,2,3,0.054292031563818455
855,25.68667600000022,2,1,3,0.02804200630635023
856,25.71667600000022,2,2,3,0.032542040571570396
857,25.74667600000022,1,1,2,0.021000043489038944
858,25.776676000000222,2,1,3,0.024582957848906517
859,25.806676000000223,1,1,2,0.019875005818903446
860,25.836676000000224,1,1,2,0.017707934603095055
861,25.866676000000226,1,1,1,0.018000020645558834
862,25.896676000000227,1,1,1,0.016291975043714046
863,25.926676000000228,1,1,1,0.01583306584507227
864,25.95667600000023,2,1,2,0.022792024537920952
865,25.98667600000023,1,1,2,0.01758395228534937
866,26.01667600000023,1,1,2,0.016874982975423336
867,26.046676000000232,3,1,3,0.03216706681996584
868,26.076676000000234,2,1,3,0.032708048820495605
869,26.106676000000235,1,1,3,0.019875005818903446
870,26.136676000000236,2,1,2,0.03283401019871235
871,26.166676000000237,2,2,2,0.03179209306836128
872,26.196676000000238,3,2,3,0.038334052078425884
873,26.22667600000024,2,2,3,0.03308302257210016
874,26.25667600000024,2,2,3,0.03329094033688307
875,26.28667600000024,1,1,2,0.03708398435264826
876,26.316676000000243,2,2,2,0.033334014005959034
877,26.346676000000244,2,2,2,0.03270793240517378
878,26.376676000000245,3,2,3,0.039792037568986416
879,26.406676000000246,3,2,3,0.041375053115189075
880,26.436676000000247,3,3,3,0.05000003147870302
881,26.46667600000025,3,3,3,0.04754203837364912
882,26.49667600000025,2,2,3,0.03324996214359999
883,26.52667600000025,4,3,4,0.05479203537106514
884,26.55667600000025,3,3,4,0.05020899698138237
885,26.586676000000253,3,3,4,0.04950002767145634
886,26.616676000000254,2,2,3,0.03529095556586981
887,26.646676000000255,2,2,3,0.05112506914883852
888,26.676676000000256,3,3,3,0.048749963752925396
889,26.706676000000257,2,2,3,0.03370898775756359
890,26.73667600000026,2,2,3,0.03412493970245123
891,26.76667600000026,2,2,3,0.03233295865356922
892,26.79667600000026,3,1,4,0.03979098983108997
893,26.826676000000262,4,2,4,0.05716702435165644
894,26.856676000000263,4,2,4,0.0624579843133688
895,26.886676000000264,3,2,4,0.048165908083319664
896,26.916676000000265,3,2,4,0.04712492227554321
897,26.946676000000267,3,3,3,0.049749971367418766
898,26.976676000000268,3,3,3,0.06341701373457909
899,27.00667600000027,2,2,3,0.03445800393819809
900,27.03667600000027,4,3,4,0.0547909876331687
901,27.06667600000027,4,3,4,0.056750024668872356
902,27.096676000000272,4,4,4,0.059875077567994595
903,27.126676000000273,3,2,4,0.046915956772863865
904,27.156676000000274,2,2,4,0.03374996595084667
905,27.186676000000276,2,2,4,0.033374992199242115
906,27.216676000000277,2,2,3,0.033791991882026196
907,27.246676000000278,2,2,2,0.03183400258421898
908,27.27667600000028,3,2,3,0.038207974284887314
909,27.30667600000028,3,2,3,0.056709046475589275
910,27.33667600000028,3,3,3,0.04612491466104984
911,27.366676000000282,3,3,3,0.046708970330655575
912,27.396676000000284,2,2,3,0.03308302257210016
913,27.426676000000285,2,2,3,0.032125040888786316
914,27.456676000000286,3,2,3,0.04087504930794239
915,27.486676000000287,3,2,4,0.038041966035962105
916,27.516676000000288,2,1,4,0.02775003667920828
917,27.54667600000029,2,1,3,0.032624928280711174
918,27.57667600000029,2,1,3,0.03183400258421898
919,27.60667600000029,1,1,3,0.018666964024305344
920,27.636676000000293,1,1,2,0.0189170241355896
921,27.666676000000294,2,1,2,0.024707987904548645
922,27.696676000000295,2,1,2,0.026333029381930828
923,27.726676000000296,3,2,3,0.036792014725506306
924,27.756676000000297,2,1,3,0.02575002145022154
925,27.7866760000003,3,2,4,0.05966599564999342
926,27.8166760000003,3,1,4,0.048291985876858234
927,27.8466760000003,2,1,4,0.03458303399384022
928,27.8766760000003,2,2,3,0.033791991882026196
929,27.906676000000303,2,2,2,0.03324996214359999
930,27.936676000000304,2,2,2,0.030250055715441704
931,27.966676000000305,1,1,2,0.017125043086707592
932,27.996676000000306,1,1,2,0.01750001683831215
933,28.026676000000307,1,1,1,0.01762493047863245
934,28.05667600000031,1,1,1,0.015375087969005108
935,28.08667600000031,1,1,1,0.0153339933604002
936,28.11667600000031,1,1,1,0.015083001926541328
937,28.146676000000312,1,1,1,0.014959019608795643
938,28.176676000000313,1,1,1,0.014875084161758423
939,28.206676000000314,1,1,1,0.01491699367761612
940,28.236676000000315,1,1,1,0.014832941815257072
941,28.266676000000317,1,1,1,0.014750054106116295
942,28.296676000000318,1,1,1,0.015291967429220676
943,28.32667600000032,2,1,2,0.023458036594092846
944,28.35667600000032,3,1,3,0.030959025025367737
945,28.38667600000032,2,2,3,0.032291049137711525
946,28.416676000000322,3,2,3,0.05508400499820709
947,28.446676000000323,2,2,3,0.032791984267532825
948,28.476676000000325,2,2,3,0.031624920666217804
949,28.506676000000326,2,1,3,0.0310409814119339
950,28.536676000000327,2,2,3,0.03187498077750206
951,28.566676000000328,2,2,3,0.03166601527482271
952,28.59667600000033,2,2,2,0.03187498077750206
953,28.62667600000033,2,2,2,0.03062502946704626
954,28.65667600000033,1,1,2,0.016874982975423336
955,28.686676000000332,1,1,2,0.017249956727027893
956,28.716676000000334,1,1,1,0.01725007314234972
957,28.746676000000335,1,1,1,0.015542027540504932
958,28.776676000000336,2,1,2,0.022249994799494743
959,28.806676000000337,2,1,2,0.02395804040133953
960,28.836676000000338,1,1,2,0.017791055142879486
961,28.86667600000034,3,2,3,0.037084100767970085
962,28.89667600000034,3,2,3,0.039041973650455475
963,28.92667600000034,2,2,3,0.03174995072185993
964,28.956676000000343,3,2,3,0.06204098463058472
965,28.986676000000344,3,3,3,0.0452499371021986
966,29.016676000000345,3,2,3,0.044749933294951916
967,29.046676000000346,2,2,3,0.03245903644710779
968,29.076676000000347,2,2,3,0.03258301876485348
969,29.10667600000035,2,2,2,0.03250001464039087
970,29.13667600000035,2,2,2,0.029916991479694843
971,29.16667600000035,2,2,2,0.029999995604157448
972,29.196676000000352,3,2,3,0.03704207483679056
973,29.226676000000353,3,2,3,0.03929203376173973
974,29.256676000000354,3,3,3,0.04583306144922972
975,29.286676000000355,4,3,4,0.05116697866469622
976,29.316676000000356,4,3,4,0.07345806807279587
977,29.346676000000357,4,4,4,0.06150000263005495
978,29.37667600000036,4,4,4,0.060416990891098976
979,29.40667600000036,3,3,4,0.04804099444299936
980,29.43667600000036,3,3,4,0.047666020691394806
981,29.466676000000362,3,3,4,0.04779198206961155
982,29.496676000000363,3,3,3,0.047666020691394806
983,29.526676000000364,3,3,3,0.045625027269124985
984,29.556676000000365,3,3,3,0.04666706081479788
985,29.586676000000367,2,2,3,0.03287498839199543
986,29.616676000000368,3,3,3,0.06420898716896772
987,29.64667600000037,3,3,3,0.04591699689626694
988,29.67667600000037,3,3,3,0.045584049075841904
989,29.70667600000037,3,3,3,0.04499999340623617
990,29.736676000000372,2,2,3,0.03283401019871235
991,29.766676000000373,2,2,3,0.03287498839199543
992,29.796676000000375,2,2,2,0.03333296626806259
993,29.826676000000376,2,2,2,0.02962502185255289
994,29.856676000000377,2,2,2,0.030666007660329342
995,29.886676000000378,2,2,2,0.0302919652312994
996,29.91667600000038,2,2,2,0.031125033274292946
997,29.94667600000038,2,2,2,0.029957969672977924
998,29.97667600000038,2,2,2,0.029666931368410587
999,30.006676000000382,2,2,2,0.02962502185255289
1000,30.036676000000384,2,2,2,0.16358308494091034
1001,30.066676000000385,1,1,2,0.019332976080477238
1002,30.096676000000386,2,2,2,0.03233295865356922
1003,30.126676000000387,2,2,2,0.030374969355762005
1004,30.156676000000388,2,2,2,0.03133306745439768
1005,30.18667600000039,2,2,2,0.03087497316300869
1006,30.21667600000039,2,2,2,0.03033294342458248
1007,30.24667600000039,2,2,2,0.03033294342458248
1008,30.276676000000393,2,2,2,0.0302919652312994
1009,30.306676000000394,4,2,4,0.045082997530698776
1010,30.336676000000395,3,2,5,0.043332925997674465
1011,30.366676000000396,3,2,5,0.048166955821216106
1012,30.396676000000397,3,3,3,0.05070795305073261
1013,30.4266760000004,3,3,3,0.061666942201554775
1014,30.4566760000004,3,3,3,0.046166940592229366
1015,30.4866760000004,3,3,3,0.04520791117101908
1016,30.516676000000402,3,3,3,0.04549999721348286
1017,30.546676000000403,3,3,3,0.04520895890891552
1018,30.576676000000404,2,2,3,0.03287498839199543
1019,30.606676000000405,2,2,3,0.032625044696033
1020,30.636676000000406,2,2,2,0.03320805262774229
1021,30.666676000000407,3,2,3,0.03833300434052944
1022,30.69667600000041,2,2,3,0.03258395008742809
1023,30.72667600000041,2,2,3,0.03158301115036011
1024,30.75667600000041,3,1,4,0.032415962778031826
1025,30.786676000000412,3,3,4,0.049584079533815384
1026,30.816676000000413,3,2,4,0.061290920712053776
1027,30.846676000000414,2,2,4,0.0354590592905879
1028,30.876676000000415,1,1,3,0.021292013116180897
1029,30.906676000000417,2,1,2,0.03324996214359999
1030,30.936676000000418,3,1,3,0.03908306825906038
1031,30.96667600000042,2,2,3,0.031791976653039455
1032,30.99667600000042,2,2,3,0.032957992516458035
1033,31.02667600000042,1,1,2,0.01850002445280552
1034,31.056676000000422,2,1,2,0.03045797348022461
1035,31.086676000000423,1,1,2,0.01737498678267002
1036,31.116676000000425,1,1,2,0.017291982658207417
1037,31.146676000000426,2,1,2,0.025290995836257935
1038,31.176676000000427,2,0,3,0.017874990589916706
1039,31.206676000000428,1,1,3,0.018542050383985043
1040,31.23667600000043,1,1,2,0.018166028894484043
1041,31.26667600000043,1,1,1,0.01691700890660286
1042,31.29667600000043,1,1,1,0.015749945305287838
1043,31.326676000000433,1,1,1,0.015166937373578548
1044,31.356676000000434,2,1,2,0.02225011121481657
1045,31.386676000000435,2,1,2,0.025417073629796505
1046,31.416676000000436,1,1,2,0.016791047528386116
1047,31.446676000000437,1,1,2,0.034791999496519566
1048,31.476676000000438,2,1,2,0.031249946914613247
1049,31.50667600000044,1,1,2,0.018125050701200962
1050,31.53667600000044,2,1,2,0.030082999728620052
1051,31.56667600000044,1,1,2,0.017666956409811974
1052,31.596676000000443,1,0,2,0.016749952919781208
1053,31.626676000000444,2,1,2,0.02975005190819502
1054,31.656676000000445,1,1,2,0.016583013348281384
1055,31.686676000000446,1,1,2,0.01666706521064043
1056,31.716676000000447,1,1,1,0.01691700890660286
1057,31.74667600000045,1,1,1,0.014999997802078724
1058,31.77667600000045,2,1,2,0.02237502485513687
1059,31.80667600000045,1,0,2,0.011375057511031628
1060,31.836676000000452,2,2,2,0.030832947231829166
1061,31.866676000000453,3,2,3,0.03674998879432678
1062,31.896676000000454,2,1,3,0.025667017325758934
1063,31.926676000000455,2,2,3,0.030125025659799576
1064,31.956676000000456,3,2,3,0.0439999857917428
1065,31.986676000000458,2,1,3,0.03191700670868158
1066,32.01667600000046,2,2,3,0.047042034566402435
1067,32.04667600000046,2,2,2,0.03479095175862312
1068,32.07667600000046,1,1,2,0.01754099503159523
1069,32.10667600000046,1,1,2,0.017208047211170197
1070,32.13667600000046,1,1,1,0.017332960851490498
1071,32.166676000000464,2,1,2,0.022542080841958523
1072,32.196676000000465,1,1,2,0.01666706521064043
1073,32.22667600000047,1,1,2,0.017292099073529243
1074,32.25667600000047,1,1,1,0.016666017472743988
1075,32.28667600000047,1,1,1,0.015208031982183456
1076,32.31667600000047,1,1,1,0.015292083844542503
1077,32.34667600000047,1,1,1,0.015291967429220676
1078,32.37667600000047,1,1,1,0.014875084161758423
1079,32.40667600000047,2,1,2,0.023042084649205208
1080,32.436676000000475,1,1,2,0.017959042452275753
1081,32.466676000000476,2,1,2,0.02429191954433918
1082,32.49667600000048,1,1,2,0.016749952919781208
1083,32.52667600000048,2,1,2,0.029250048100948334
1084,32.55667600000048,3,2,3,0.03741704858839512
1085,32.58667600000048,2,2,3,0.03162503708153963
1086,32.61667600000048,3,2,3,0.04008307587355375
1087,32.64667600000048,2,2,3,0.031957984901964664
1088,32.676676000000484,2,2,3,0.04666706081479788
1089,32.706676000000485,3,2,3,0.04650000482797623
1090,32.736676000000486,2,1,3,0.03174995072185993
1091,32.76667600000049,3,2,3,0.0462500611320138
1092,32.79667600000049,3,2,3,0.045459019020199776
1093,32.82667600000049,2,2,3,0.03233295865356922
1094,32.85667600000049,2,2,3,0.031957984901964664
1095,32.88667600000049,3,2,3,0.044332933612167835
1096,32.91667600000049,3,2,4,0.03933394327759743
1097,32.946676000000494,4,2,5,0.04941702354699373
1098,32.976676000000495,4,3,4,0.05783303640782833
1099,33.006676000000496,4,3,4,0.07829093374311924
1100,33.0366760000005,4,4,4,0.06150000263005495
1101,33.0666760000005,4,4,4,0.06137497257441282
1102,33.0966760000005,2,2,4,0.03374996595084667
1103,33.1266760000005,3,3,4,0.048915972001850605
1104,33.1566760000005,2,2,3,0.034624943509697914
1105,33.1866760000005,2,2,3,0.03199989441782236
1106,33.216676000000504,2,2,2,0.031791976653039455
1107,33.246676000000505,2,2,2,0.03062502946704626
1108,33.276676000000506,2,2,2,0.030207913368940353
1109,33.30667600000051,2,2,2,0.029333052225410938
1110,33.33667600000051,2,2,2,0.02916704397648573
1111,33.36667600000051,2,2,2,0.029792077839374542
1112,33.39667600000051,3,2,3,0.05504104774445295
1113,33.42667600000051,2,2,3,0.032791984267532825
1114,33.45667600000051,3,2,3,0.04100007936358452
1115,33.486676000000514,3,2,4,0.03983406350016594
1116,33.516676000000516,2,2,4,0.03533391281962395
1117,33.54667600000052,2,2,4,0.0326669542118907
1118,33.57667600000052,2,2,3,0.03470899537205696
1119,33.60667600000052,2,1,4,0.026583089493215084
1120,33.63667600000052,2,2,3,0.03320805262774229
1121,33.66667600000052,4,2,4,0.047042034566402435
1122,33.69667600000052,4,1,5,0.04779198206961155
1123,33.72667600000052,4,2,6,0.049208989366889
1124,33.756676000000525,4,3,5,0.08333299774676561
1125,33.786676000000526,4,3,5,0.06820796988904476
1126,33.81667600000053,3,3,4,0.05033391062170267
1127,33.84667600000053,3,2,5,0.041583902202546597
1128,33.87667600000053,2,1,5,0.02862501423805952
1129,33.90667600000053,3,2,5,0.05258305463939905
1130,33.93667600000053,3,2,5,0.05079200491309166
1131,33.96667600000053,3,2,4,0.04654098302125931
1132,33.996676000000534,3,2,4,0.0435409601777792
1133,34.026676000000535,3,2,4,0.04308309871703386
1134,34.056676000000536,2,2,3,0.0541249755769968
1135,34.08667600000054,2,1,4,0.027082976885139942
1136,34.11667600000054,1,0,4,0.013542012311518192
1137,34.14667600000054,0,0,3,0.005542067810893059
1138,34.17667600000054,1,0,2,0.011333031579852104
1139,34.20667600000054,1,0,2,0.00925001222640276
1140,34.23667600000054,1,0,3,0.00933394767343998
1141,34.266676000000544,0,0,2,0.003625056706368923
1142,34.296676000000545,2,0,3,0.016874982975423336
1143,34.326676000000546,2,1,2,0.027582980692386627
1144,34.35667600000055,1,1,2,0.021417043171823025
1145,34.38667600000055,1,0,2,0.018833903595805168
1146,34.41667600000055,1,1,1,0.017915968783199787
1147,34.44667600000055,1,1,1,0.015332945622503757
1148,34.47667600000055,0,0,1,0.0023329630494117737
1149,34.50667600000055,3,1,3,0.029999995604157448
1150,34.536676000000554,1,1,3,0.019000028260052204
1151,34.566676000000555,1,1,3,0.01879199407994747
1152,34.596676000000556,2,1,2,0.026708003133535385
1153,34.62667600000056,2,1,2,0.025709043256938457
1154,34.65667600000056,2,2,2,0.03104202914983034
1155,34.68667600000056,2,2,2,0.03075005952268839
1156,34.71667600000056,2,2,2,0.031166942790150642
1157,34.74667600000056,2,2,2,0.030916999094188213
1158,34.77667600000056,1,1,2,0.018417020328342915
1159,34.806676000000564,1,1,2,0.018457998521625996
1160,34.836676000000566,1,1,1,0.019041006453335285
1161,34.86667600000057,1,1,1,0.01716695260256529
1162,34.89667600000057,3,1,3,0.028916983865201473
1163,34.92667600000057,2,1,3,0.04683306906372309
1164,34.95667600000057,1,1,3,0.021249987185001373
1165,34.98667600000057,3,2,3,0.041416031308472157
1166,35.01667600000057,2,2,3,0.0327499583363533
1167,35.04667600000057,1,1,3,0.019625062122941017
1168,35.076676000000575,1,1,2,0.01991703175008297
1169,35.106676000000576,1,1,1,0.01816696021705866
1170,35.13667600000058,1,1,1,0.0160830095410347
1171,35.16667600000058,2,1,2,0.023458036594092846
1172,35.19667600000058,3,1,3,0.0326669542118907
1173,35.22667600000058,1,0,3,0.01225003506988287
1174,35.25667600000058,2,1,3,0.032374984584748745
1175,35.28667600000058,2,2,2,0.03775011282414198
1176,35.316676000000584,1,1,2,0.017000013031065464
1177,35.346676000000585,2,1,2,0.030250055715441704
1178,35.376676000000586,2,2,2,0.03083399496972561
1179,35.40667600000059,3,2,3,0.03766699228435755
1180,35.43667600000059,3,2,4,0.04050007555633783
1181,35.46667600000059,1,1,4,0.020082923583686352
1182,35.49667600000059,2,2,3,0.035375007428228855
1183,35.52667600000059,2,2,2,0.05212507676333189
1184,35.55667600000059,1,1,2,0.019290950149297714
1185,35.586676000000594,2,1,3,0.024792039766907692
1186,35.616676000000595,1,1,2,0.01954101026058197
1187,35.646676000000596,1,1,2,0.0172910513356328
1188,35.6766760000006,1,1,1,0.016625039279460907
1189,35.7066760000006,1,1,1,0.016291975043714046
1190,35.7366760000006,1,1,1,0.015625031664967537
1191,35.7666760000006,1,1,1,0.015375087969005108
1192,35.7966760000006,2,1,2,0.022332998923957348
1193,35.8266760000006,1,1,2,0.016583013348281384
1194,35.856676000000604,2,1,3,0.02454104833304882
1195,35.886676000000605,2,1,2,0.02629193477332592
1196,35.91667600000061,1,1,2,0.017167069017887115
1197,35.94667600000061,2,1,3,0.024542096070945263
1198,35.97667600000061,1,1,2,0.02129189670085907
1199,36.00667600000061,2,1,2,0.028499984182417393
1200,36.03667600000061,2,2,2,0.03145798109471798
1201,36.06667600000061,2,2,2,0.03075005952268839
1202,36.09667600000061,2,2,2,0.03045797348022461
1203,36.126676000000614,3,2,3,0.039209029637277126
1204,36.156676000000616,1,1,3,0.01983309630304575
1205,36.18667600000062,2,1,3,0.032125040888786316
1206,36.21667600000062,3,2,3,0.04083302337676287
1207,36.24667600000062,3,2,4,0.20045891869813204
1208,36.27667600000062,3,2,5,0.04600000102072954
1209,36.30667600000062,2,1,4,0.02879102248698473
1210,36.33667600000062,2,1,3,0.033374992199242115
1211,36.36667600000062,2,1,2,0.03258406650274992
1212,36.396676000000625,1,1,2,0.01816696021705866
1213,36.426676000000626,2,2,2,0.02962502185255289
1214,36.45667600000063,3,2,3,0.04108401481062174
1215,36.48667600000063,3,2,3,0.04058307968080044
1216,36.51667600000063,3,2,3,0.04504097159951925
1217,36.54667600000063,3,2,4,0.038958038203418255
1218,36.57667600000063,3,2,4,0.041624996811151505
1219,36.60667600000063,3,3,3,0.04962494131177664
1220,36.636676000000634,4,3,4,0.052332994528114796
1221,36.666676000000635,2,2,4,0.05466700531542301
1222,36.696676000000636,2,2,4,0.03474997356534004
1223,36.72667600000064,2,2,2,0.033624935895204544
1224,36.75667600000064,2,2,2,0.031209085136651993
1225,36.78667600000064,2,2,2,0.030459021218121052
1226,36.81667600000064,3,2,3,0.03954092971980572
1227,36.84667600000064,3,2,3,0.040209037251770496
1228,36.87667600000064,3,2,4,0.038917060010135174
1229,36.906676000000644,2,2,4,0.03404100425541401
1230,36.936676000000645,2,2,3,0.034125056117773056
1231,36.966676000000646,2,2,2,0.032374984584748745
1232,36.99667600000065,1,1,2,0.017000013031065464
1233,37.02667600000065,1,1,2,0.01691700890660286
1234,37.05667600000065,1,1,1,0.017249956727027893
1235,37.08667600000065,2,1,2,0.022833002731204033
1236,37.11667600000065,1,1,2,0.016666948795318604
1237,37.14667600000065,2,1,2,0.02516701351851225
1238,37.176676000000654,2,2,2,0.0322909327223897
1239,37.206676000000655,2,2,2,0.029416987672448158
1240,37.23667600000066,2,1,3,0.041416031308472157
1241,37.26667600000066,2,2,3,0.03350002225488424
1242,37.29667600000066,1,1,3,0.018125050701200962
1243,37.32667600000066,1,1,2,0.018333084881305695
1244,37.35667600000066,1,1,1,0.018208986148238182
1245,37.38667600000066,1,1,1,0.015708967112004757
1246,37.41667600000066,1,1,1,0.015332945622503757
1247,37.446676000000664,1,1,1,0.01491699367761612
1248,37.476676000000666,1,1,1,0.01570803578943014
1249,37.50667600000067,1,1,1,0.014625024050474167
1250,37.53667600000067,1,1,1,0.014415942132472992
1251,37.56667600000067,2,1,2,0.02179096918553114
1252,37.59667600000067,2,1,2,0.023499946109950542
1253,37.62667600000067,2,2,2,0.03087497316300869
1254,37.65667600000067,2,2,2,0.031125033274292946
1255,37.68667600000067,2,1,2,0.029540969990193844
1256,37.716676000000675,2,2,2,0.029165996238589287
1257,37.746676000000676,2,1,3,0.0237500062212348
1258,37.77667600000068,2,2,3,0.032957992516458035
1259,37.80667600000068,2,1,4,0.025667017325758934
1260,37.83667600000068,2,1,4,0.026374938897788525
1261,37.86667600000068,2,2,3,0.03291596658527851
1262,37.89667600000068,1,1,2,0.018332968465983868
1263,37.92667600000068,2,2,2,0.04679197445511818
1264,37.956676000000684,1,1,2,0.01991703175008297
1265,37.986676000000685,2,2,2,0.03745907451957464
1266,38.016676000000686,2,2,2,0.034667085856199265
1267,38.04667600000069,2,2,2,0.03658398054540157
1268,38.07667600000069,1,1,2,0.01750001683831215
1269,38.10667600000069,1,1,2,0.01695798709988594
1270,38.13667600000069,2,2,2,0.030791969038546085
1271,38.16667600000069,1,1,2,0.016959034837782383
1272,38.19667600000069,2,2,2,0.029832939617335796
1273,38.226676000000694,1,1,2,0.016583944670856
1274,38.256676000000695,1,1,2,0.01650000922381878
1275,38.286676000000696,1,1,1,0.018415972590446472
1276,38.3166760000007,1,1,1,0.01750001683831215
1277,38.3466760000007,1,1,1,0.015541911125183105
1278,38.3766760000007,1,1,1,0.014666933566331863
1279,38.4066760000007,2,1,2,0.022292020730674267
1280,38.4366760000007,1,1,2,0.017708982340991497
1281,38.4666760000007,1,1,2,0.01637497916817665
1282,38.496676000000704,1,1,1,0.017125043086707592
1283,38.526676000000705,2,1,2,0.02266594674438238
1284,38.55667600000071,1,1,2,0.01695798709988594
1285,38.58667600000071,2,1,3,0.023333006538450718
1286,38.61667600000071,1,1,2,0.01808302477002144
1287,38.64667600000071,1,1,2,0.01666706521064043
1288,38.67667600000071,1,1,1,0.016834004782140255
1289,38.70667600000071,2,1,2,0.022666994482278824
1290,38.73667600000071,2,1,2,0.042791012674570084
1291,38.766676000000714,2,1,3,0.025541987270116806
1292,38.796676000000716,2,2,3,0.034499913454055786
1293,38.82667600000072,1,1,3,0.019124941900372505
1294,38.85667600000072,1,1,2,0.019125058315694332
1295,38.88667600000072,1,1,1,0.017583020962774754
1296,38.91667600000072,3,1,3,0.028458074666559696
1297,38.94667600000072,2,1,3,0.025707995519042015
1298,38.97667600000072,2,2,3,0.0322909327223897
1299,39.00667600000072,1,1,2,0.01879199407994747
1300,39.036676000000725,2,2,2,0.02954190131276846
1301,39.066676000000726,2,1,2,0.029374961741268635
1302,39.09667600000073,1,1,2,0.01650000922381878
1303,39.12667600000073,1,1,2,0.016125035472214222
1304,39.15667600000073,2,1,2,0.029875081963837147
1305,39.18667600000073,2,2,2,0.030749943107366562
1306,39.21667600000073,2,2,2,0.030292081646621227
1307,39.24667600000073,2,2,2,0.0297910301014781
1308,39.276676000000734,2,2,2,0.03083399496972561
1309,39.306676000000735,2,2,2,0.030791969038546085
1310,39.336676000000736,2,2,2,0.030292081646621227
1311,39.36667600000074,2,2,2,0.04895799793303013
1312,39.39667600000074,1,1,2,0.01825008075684309
1313,39.42667600000074,2,2,2,0.03041699528694153
1314,39.45667600000074,2,1,3,0.024208915419876575
1315,39.48667600000074,2,1,4,0.027916976250708103
1316,39.51667600000074,2,0,4,0.028582988306879997
1317,39.546676000000744,3,1,4,0.04208402242511511
1318,39.576676000000745,2,2,3,0.03545801155269146
1319,39.606676000000746,3,2,3,0.04516600165516138
1320,39.63667600000075,2,2,3,0.03229198046028614
1321,39.66667600000075,1,1,3,0.01916696783155203
1322,39.69667600000075,2,1,2,0.032334006391465664
1323,39.72667600000075,2,1,2,0.030959025025367737
1324,39.75667600000075,2,2,2,0.030125025659799576
1325,39.78667600000075,2,2,2,0.031249946914613247
1326,39.816676000000754,2,2,2,0.030084047466516495
1327,39.846676000000755,2,2,2,0.029833056032657623
1328,39.87667600000076,2,2,2,0.03062502946704626
1329,39.90667600000076,1,1,2,0.03658304922282696
1330,39.93667600000076,2,2,2,0.0313750933855772
1331,39.96667600000076,1,1,2,0.018208986148238182
1332,39.99667600000076,1,1,2,0.017959042452275753
1333,40.02667600000076,2,1,2,0.030666007660329342
1334,40.05667600000076,1,1,2,0.018457998521625996
1335,40.086676000000764,2,1,2,0.03158301115036011
1336,40.116676000000766,2,2,2,0.030916999094188213
1337,40.14667600000077,2,1,3,0.02575002145022154
1338,40.17667600000077,2,1,3,0.027125002816319466
1339,40.20667600000077,2,2,2,0.0338749960064888
1340,40.23667600000077,2,1,2,0.03129092510789633
1341,40.26667600000077,2,1,2,0.030250055715441704
1342,40.29667600000077,2,2,2,0.030583003535866737
1343,40.326676000000774,2,2,2,0.030667055398225784
1344,40.356676000000775,3,2,3,0.03812497016042471
1345,40.386676000000776,1,1,3,0.019832979887723923
1346,40.41667600000078,3,1,4,0.03316695801913738
1347,40.44667600000078,2,1,3,0.029999995604157448
1348,40.47667600000078,2,2,3,0.031667063012719154
1349,40.50667600000078,2,2,2,0.052709016017615795
1350,40.53667600000078,2,2,2,0.03175006713718176
1351,40.56667600000078,2,2,2,0.03608304541558027
1352,40.596676000000784,2,2,2,0.032207928597927094
1353,40.626676000000785,2,2,2,0.03187498077750206
1354,40.656676000000786,1,1,2,0.01820793841034174
1355,40.68667600000079,2,2,2,0.03191607538610697
1356,40.71667600000079,2,2,2,0.03170897252857685
1357,40.74667600000079,2,2,2,0.03020802978426218
1358,40.77667600000079,1,1,2,0.0177919864654541
1359,40.80667600000079,2,2,2,0.03241607919335365
1360,40.83667600000079,2,2,2,0.030374969355762005
1361,40.866676000000794,2,2,2,0.030166003853082657
1362,40.896676000000795,1,1,2,0.01691700890660286
1363,40.926676000000796,1,1,2,0.01650000922381878
1364,40.9566760000008,1,1,1,0.016916077584028244
1365,40.9866760000008,2,1,2,0.022292020730674267
1366,41.0166760000008,2,1,2,0.02416700590401888
1367,41.0466760000008,2,2,2,0.030166003853082657
1368,41.0766760000008,2,2,2,0.02933293581008911
1369,41.1066760000008,2,2,2,0.03258406650274992
1370,41.136676000000804,3,2,3,0.05520891863852739
1371,41.166676000000805,2,2,3,0.03416696563363075
1372,41.19667600000081,2,2,3,0.03379106055945158
1373,41.22667600000081,3,2,3,0.040790997445583344
1374,41.25667600000081,2,2,3,0.03541703335940838
1375,41.28667600000081,2,2,3,0.032957992516458035
1376,41.31667600000081,2,2,2,0.034250086173415184
1377,41.34667600000081,2,2,2,0.03120803739875555
1378,41.37667600000081,2,2,2,0.03087497316300869
1379,41.406676000000814,2,2,2,0.0297910301014781
1380,41.436676000000816,1,1,2,0.01733400858938694
1381,41.46667600000082,2,2,2,0.03341701813042164
1382,41.49667600000082,3,2,3,0.03808306064456701
1383,41.52667600000082,4,2,4,0.047042034566402435
1384,41.55667600000082,3,2,4,0.040624989196658134
1385,41.58667600000082,3,2,4,0.0665419502183795
1386,41.61667600000082,2,1,3,0.03495893906801939
1387,41.646676000000824,3,3,3,0.047083012759685516
1388,41.676676000000825,3,3,3,0.04670792259275913
1389,41.706676000000826,3,3,3,0.04658300895243883
1390,41.73667600000083,3,3,3,0.0452499371021986
1391,41.76667600000083,3,3,3,0.04591699689626694
1392,41.79667600000083,3,3,3,0.045166932977735996
1393,41.82667600000083,2,2,3,0.03191607538610697
1394,41.85667600000083,2,2,3,0.03187509719282389
1395,41.88667600000083,2,2,2,0.03250001464039087
1396,41.916676000000834,2,2,2,0.030791969038546085
1397,41.946676000000835,2,2,2,0.030125025659799576
1398,41.976676000000836,2,2,2,0.029999995604157448
1399,42.00667600000084,2,2,2,0.030540977604687214
1400,42.03667600000084,2,2,2,0.04712492227554321
1401,42.06667600000084,2,2,2,0.032125040888786316
1402,42.09667600000084,2,2,2,0.029916991479694843
1403,42.12667600000084,2,2,2,0.02962502185255289
1404,42.15667600000084,2,2,2,0.03216706681996584
1405,42.186676000000844,2,2,2,0.030749943107366562
1406,42.216676000000845,1,1,2,0.01695798709988594
1407,42.246676000000846,2,2,2,0.02962502185255289
1408,42.27667600000085,2,2,2,0.029249931685626507
1409,42.30667600000085,0,0,2,0.004292000085115433
1410,42.33667600000085,1,1,2,0.01825008075684309
1411,42.36667600000085,0,0,1,0.003958004526793957
1412,42.39667600000085,0,0,1,0.0025419285520911217
1413,42.42667600000085,0,0,0,0.0025420449674129486
1414,42.456676000000854,1,0,1,0.009624985978007317
1415,42.486676000000855,0,0,1,0.0023329630494117737
1416,42.51667600000086,1,0,2,0.009208917617797852
1417,42.54667600000086,0,0,1,0.0030830269679427147
1418,42.57667600000086,0,0,1,0.0017499551177024841
1419,42.60667600000086,0,0,0,0.0018749851733446121
1420,42.63667600000086,0,0,0,0.0009579816833138466
1421,42.66667600000086,0,0,0,0.000833999365568161
1422,42.69667600000086,0,0,0,0.0007499475032091141
1423,42.726676000000865,0,0,0,0.000750063918530941
1424,42.756676000000866,0,0,0,0.000750063918530941
1425,42.78667600000087,0,0,0,0.000750063918530941
1426,42.81667600000087,1,0,1,0.0074160052463412285
1427,42.84667600000087,1,0,1,0.009875046089291573
1428,42.87667600000087,1,1,1,0.016708974726498127
1429,42.90667600000087,1,1,1,0.01595797948539257
1430,42.93667600000087,0,0,1,0.002249958924949169
1431,42.966676000000874,0,0,1,0.001959037035703659
1432,42.996676000000875,2,1,2,0.02237502485513687
1433,43.026676000000876,2,0,3,0.017415964975953102
1434,43.05667600000088,2,2,3,0.03250001464039087
1435,43.08667600000088,2,2,3,0.031125033274292946
1436,43.11667600000088,2,2,2,0.03112491685897112
1437,43.14667600000088,3,2,3,0.036334036849439144
1438,43.17667600000088,3,2,3,0.05791592411696911
1439,43.20667600000088,2,2,3,0.033208983950316906
1440,43.236676000000884,3,2,3,0.04537496715784073
1441,43.266676000000885,3,2,3,0.04525005351752043
1442,43.296676000000886,0,0,3,0.00500003807246685
1443,43.32667600000089,2,0,4,0.02687494270503521
1444,43.35667600000089,1,0,3,0.020458013750612736
1445,43.38667600000089,1,0,3,0.012499978765845299
1446,43.41667600000089,2,1,2,0.03220804501324892
1447,43.44667600000089,2,1,2,0.03174995072185993
1448,43.47667600000089,2,1,2,0.029791961424052715
1449,43.506676000000894,2,2,2,0.029666931368410587
1450,43.536676000000895,2,2,2,0.029540969990193844
1451,43.566676000000896,2,2,2,0.030082999728620052
1452,43.5966760000009,2,2,2,0.030084047466516495
1453,43.6266760000009,2,2,2,0.029540969990193844
1454,43.6566760000009,1,1,2,0.016874982975423336
1455,43.6866760000009,1,1,2,0.016333069652318954
1456,43.7166760000009,1,1,1,0.016875099390745163
1457,43.7466760000009,1,1,1,0.015292083844542503
1458,43.776676000000904,1,1,1,0.016874982975423336
1459,43.806676000000905,1,1,1,0.015542027540504932
1460,43.83667600000091,1,1,1,0.16795890405774117
1461,43.86667600000091,1,1,1,0.017332960851490498
1462,43.89667600000091,1,1,1,0.01554097980260849
1463,43.92667600000091,1,1,1,0.01525005791336298
1464,43.95667600000091,1,1,1,0.014875084161758423
1465,43.98667600000091,1,1,1,0.015208963304758072
1466,44.01667600000091,1,1,1,0.015625031664967537
1467,44.046676000000915,1,1,1,0.016749952919781208
1468,44.076676000000916,1,1,1,0.01562491524964571
1469,44.10667600000092,2,1,2,0.022458028979599476
1470,44.13667600000092,1,1,2,0.017457990907132626
1471,44.16667600000092,1,1,2,0.016291975043714046
1472,44.19667600000092,1,1,1,0.016332953236997128
1473,44.22667600000092,1,1,1,0.015124911442399025
1474,44.25667600000092,1,1,1,0.014875084161758423
1475,44.286676000000924,1,1,1,0.015374971553683281
1476,44.316676000000925,1,1,1,0.016666948795318604
1477,44.346676000000926,1,1,1,0.015625031664967537
1478,44.37667600000093,1,1,1,0.015500001609325409
1479,44.40667600000093,1,1,1,0.015584053471684456
1480,44.43667600000093,1,1,1,0.014874967746436596
1481,44.46667600000093,1,1,1,0.014874967746436596
1482,44.49667600000093,2,1,2,0.021832995116710663
1483,44.52667600000093,1,1,2,0.016124919056892395
1484,44.556676000000934,2,1,2,0.025000073947012424
1485,44.586676000000935,1,1,2,0.017749960534274578
1486,44.616676000000936,2,2,2,0.02962502185255289
1487,44.64667600000094,2,2,2,0.029125018045306206
1488,44.67667600000094,2,2,2,0.029957969672977924
1489,44.70667600000094,1,1,2,0.016333069652318954
1490,44.73667600000094,2,2,2,0.09170896373689175
1491,44.76667600000094,2,2,2,0.05037500523030758
1492,44.79667600000094,2,2,2,0.03683299291878939
1493,44.826676000000944,1,1,2,0.02041610423475504
1494,44.856676000000945,2,2,2,0.032334006391465664
1495,44.886676000000946,2,2,2,0.03250001464039087
1496,44.91667600000095,2,1,3,0.029416987672448158
1497,44.94667600000095,3,2,3,0.04525005351752043
1498,44.97667600000095,3,3,3,0.04770804662257433
1499,45.00667600000095,1,1,3,0.020042061805725098
1500,45.03667600000095,2,2,3,0.03491598181426525
1501,45.06667600000095,3,1,3,0.043792068026959896
1502,45.096676000000954,2,2,3,0.034917029552161694
1503,45.126676000000955,1,1,3,0.019083963707089424
1504,45.15667600000096,1,1,2,0.019000028260052204
1505,45.18667600000096,1,1,1,0.018291990272700787
1506,45.21667600000096,1,1,1,0.016457983292639256
1507,45.24667600000096,2,1,2,0.024209031835198402
1508,45.27667600000096,1,1,2,0.01808302477002144
1509,45.30667600000096,1,1,2,0.018249964341521263
1510,45.33667600000096,2,1,2,0.02437504008412361
1511,45.366676000000965,2,1,3,0.0479590380564332
1512,45.396676000000966,2,1,3,0.030082999728620052
1513,45.42667600000097,3,1,3,0.0422910088673234
1514,45.45667600000097,2,1,3,0.027999980375170708
1515,45.48667600000097,2,1,3,0.0338749960064888
1516,45.51667600000097,2,2,2,0.0339999096468091
1517,45.54667600000097,2,2,2,0.03187498077750206
1518,45.57667600000097,1,1,2,0.017124926671385765
1519,45.606676000000974,2,2,2,0.03162503708153963
1520,45.636676000000975,2,2,2,0.031791976653039455
1521,45.666676000000976,2,2,2,0.030916999094188213
1522,45.69667600000098,2,2,2,0.03112491685897112
1523,45.72667600000098,1,1,2,0.017916900105774403
1524,45.75667600000098,2,1,2,0.03075005952268839
1525,45.78667600000098,2,2,2,0.03145902883261442
1526,45.81667600000098,1,1,2,0.017874990589916706
1527,45.84667600000098,1,1,2,0.017417012713849545
1528,45.876676000000984,2,2,2,0.03112491685897112
1529,45.906676000000985,2,1,2,0.03216706681996584
1530,45.936676000000986,2,1,2,0.03175006713718176
1531,45.96667600000099,1,1,2,0.037041958421468735
1532,45.99667600000099,2,1,2,0.03291701432317495
1533,46.02667600000099,1,1,2,0.018042046576738358
1534,46.05667600000099,2,2,2,0.03162503708153963
1535,46.08667600000099,1,1,2,0.016834004782140255
1536,46.11667600000099,2,1,3,0.025374931283295155
1537,46.146676000000994,4,1,4,0.0490840757265687
1538,46.176676000000995,2,2,4,0.034833094105124474
1539,46.206676000000996,2,2,4,0.033207936212420464
1540,46.236676000001,2,2,2,0.0350000336766243
1541,46.266676000001,2,2,2,0.03062502946704626
1542,46.296676000001,2,2,2,0.03179209306836128
1543,46.326676000001,2,2,2,0.03104202914983034
1544,46.356676000001,2,2,2,0.0297910301014781
1545,46.386676000001,2,2,2,0.030250055715441704
1546,46.416676000001004,3,2,3,0.038375030271708965
1547,46.446676000001005,3,1,4,0.034667085856199265
1548,46.47667600000101,3,1,4,0.06687501445412636
1549,46.50667600000101,3,2,3,0.0504170311614871
1550,46.53667600000101,4,3,4,0.05520891863852739
1551,46.56667600000101,3,2,4,0.045082997530698776
1552,46.59667600000101,3,3,4,0.049833906814455986
1553,46.62667600000101,3,3,3,0.04937499761581421
1554,46.65667600000101,3,3,3,0.046874978579580784
1555,46.686676000001015,3,3,3,0.046375091187655926
1556,46.716676000001016,3,1,5,0.035125063732266426
1557,46.74667600000102,3,2,5,0.04575005732476711
1558,46.77667600000102,2,2,4,0.038041966035962105
1559,46.80667600000102,3,3,3,0.047042034566402435
1560,46.83667600000102,3,2,4,0.06154109723865986
1561,46.86667600000102,4,3,4,0.05974993109703064
1562,46.89667600000102,4,3,4,0.06333307828754187
1563,46.926676000001024,2,1,4,0.035958015359938145
1564,46.956676000001025,3,2,4,0.04908291157335043
1565,46.986676000001026,3,3,3,0.04766590427607298
1566,47.01667600000103,3,3,3,0.04600000102072954
1567,47.04667600000103,4,3,4,0.05441706161946058
1568,47.07667600000103,3,2,4,0.04183291457593441
1569,47.10667600000103,4,4,4,0.06329198367893696
1570,47.13667600000103,4,3,4,0.08208409417420626
1571,47.16667600000103,4,3,5,0.05862500984221697
1572,47.196676000001034,4,4,5,0.06466696504503489
1573,47.226676000001035,4,3,6,0.06095797289162874
1574,47.256676000001036,4,2,6,0.05566701292991638
1575,47.28667600000104,4,4,5,0.06837490946054459
1576,47.31667600000104,4,4,5,0.0666249543428421
1577,47.34667600000104,4,4,4,0.06425008177757263
1578,47.37667600000104,4,4,4,0.0808339100331068
1579,47.40667600000104,4,4,4,0.06262504030019045
1580,47.43667600000104,4,4,4,0.06125005893409252
1581,47.466676000001044,4,3,5,0.05745794624090195
1582,47.496676000001045,3,3,5,0.05095906089991331
1583,47.526676000001046,4,3,4,0.05929102189838886
1584,47.55667600000105,4,3,5,0.05683302879333496
1585,47.58667600000105,4,4,5,0.06512494292110205
1586,47.61667600000105,4,4,5,0.0628340058028698
1587,47.64667600000105,4,2,5,0.0766250304877758
1588,47.67667600000105,4,4,5,0.06341596599668264
1589,47.70667600000105,4,3,5,0.06550003308802843
1590,47.736676000001054,4,4,5,0.06387499161064625
1591,47.766676000001056,4,4,5,0.06320804823189974
1592,47.79667600000106,4,4,5,0.06408290937542915
1593,47.82667600000106,3,2,5,0.04925008397549391
1594,47.85667600000106,4,3,5,0.06291596218943596
1595,47.88667600000106,4,3,6,0.07874995935708284
1596,47.91667600000106,4,4,5,0.07025001104921103
1597,47.94667600000106,4,4,5,0.06420793943107128
1598,47.97667600000106,3,3,4,0.05016603972762823
1599,48.006676000001065,4,4,4,0.06137497257441282
1600,48.036676000001066,4,3,5,0.056416960433125496
1601,48.06667600000107,3,2,5,0.043208012357354164
1602,48.09667600000107,4,3,4,0.06420805584639311
1603,48.12667600000107,4,3,5,0.07325003389269114
1604,48.15667600000107,4,4,5,0.06175006274133921
1605,48.18667600000107,4,3,6,0.058709061704576015
1606,48.21667600000107,4,3,5,0.061083934269845486
1607,48.246676000001074,4,3,5,0.05891697946935892
1608,48.276676000001075,4,3,6,0.05808298010379076
1609,48.306676000001076,4,3,5,0.0602079089730978
1610,48.33667600000108,4,4,5,0.0640420475974679
1611,48.36667600000108,4,4,4,0.08433300536125898
1612,48.39667600000108,4,3,5,0.05737505853176117
1613,48.42667600000108,4,4,5,0.06308301817625761
1614,48.45667600000108,4,3,5,0.05745899397879839
1615,48.48667600000108,4,4,5,0.062290928326547146
1616,48.516676000001084,4,3,5,0.06283307448029518
1617,48.546676000001085,4,4,5,0.06195809692144394
1618,48.576676000001086,4,4,5,0.06162503268569708
1619,48.60667600000109,4,4,4,0.220458023250103
1620,48.63667600000109,4,3,5,0.05620799493044615
1621,48.66667600000109,4,3,5,0.05837506614625454
1622,48.69667600000109,4,3,4,0.06395799573510885
1623,48.72667600000109,4,3,4,0.060125021263957024
1624,48.75667600000109,4,3,5,0.05500006955116987
1625,48.786676000001094,4,3,6,0.056832912378013134
1626,48.816676000001095,4,3,5,0.060709076933562756
1627,48.846676000001096,4,4,4,0.06441702134907246
1628,48.8766760000011,4,4,4,0.08237501606345177
1629,48.9066760000011,4,3,5,0.05729193799197674
1630,48.9366760000011,4,4,5,0.06674998439848423
1631,48.9666760000011,4,4,5,0.06391701754182577
1632,48.9966760000011,3,3,4,0.05150004290044308
1633,49.0266760000011,4,4,4,0.06183399818837643
1634,49.056676000001104,4,4,4,0.06341701373457909
1635,49.086676000001106,4,3,4,0.062166014686226845
1636,49.11667600000111,4,4,4,0.0826249597594142
1637,49.14667600000111,4,4,4,0.06420805584639311
1638,49.17667600000111,4,4,4,0.06204098463058472
1639,49.20667600000111,4,4,4,0.06229197606444359
1640,49.23667600000111,4,4,4,0.06062502507120371
1641,49.26667600000111,4,4,4,0.060542020946741104
1642,49.29667600000111,4,4,4,0.0616670586168766
1643,49.326676000001115,4,3,5,0.05962501745671034
1644,49.356676000001116,4,4,5,0.08291599806398153
1645,49.38667600000112,2,2,5,0.03670796286314726
1646,49.41667600000112,3,3,4,0.0524159986525774
1647,49.44667600000112,4,3,4,0.0577080063521862
1648,49.47667600000112,3,2,5,0.042792060412466526
1649,49.50667600000112,3,3,5,0.051625072956085205
1650,49.53667600000112,4,3,5,0.05979090929031372
1651,49.566676000001124,4,3,4,0.05979207344353199
1652,49.596676000001125,3,3,4,0.04858302418142557
1653,49.626676000001126,4,3,4,0.062249950133264065
1654,49.65667600000113,4,3,4,0.08212507236748934
1655,49.68667600000113,3,3,4,0.048915972001850605
1656,49.71667600000113,4,3,5,0.056582968682050705
1657,49.74667600000113,3,3,4,0.0499580055475235
1658,49.77667600000113,4,3,4,0.05620799493044615
1659,49.80667600000113,4,3,5,0.09616604074835777
1660,49.836676000001134,4,2,5,0.06954197306185961
1661,49.866676000001135,4,3,5,0.06962497718632221
1662,49.896676000001136,4,4,5,0.0658340286463499
1663,49.92667600000114,4,3,6,0.087916967459023
1664,49.95667600000114,4,3,6,0.06979203317314386
1665,49.98667600000114,4,2,6,0.06824999582022429
1666,50.01667600000114,4,4,5,0.06845803000032902
1667,50.04667600000114,4,3,5,0.06500002928078175
1668,50.07667600000114,4,2,5,0.06524997297674417
1669,50.106676000001144,4,3,5,0.06470794323831797
1670,50.136676000001145,4,3,4,0.08883397094905376
1671,50.16667600000115,4,4,4,0.06416707765311003
1672,50.19667600000115,4,4,4,0.0653750030323863
1673,50.22667600000115,4,4,4,0.06162503268569708
1674,50.25667600000115,3,3,4,0.049291993491351604
1675,50.28667600000115,4,4,4,0.06312504410743713
1676,50.31667600000115,4,3,5,0.05679100286215544
1677,50.34667600000115,4,3,5,0.06445904728025198
1678,50.376676000001154,4,3,5,0.08254195563495159
1679,50.406676000001156,3,3,4,0.05179201252758503
1680,50.43667600000116,4,2,6,0.04962494131177664
1681,50.46667600000116,4,2,5,0.05770893767476082
1682,50.49667600000116,4,2,6,0.060582999140024185
1683,50.52667600000116,4,3,5,0.06674998439848423
1684,50.55667600000116,3,2,5,0.04783296026289463
1685,50.58667600000116,3,2,5,0.05183299072086811
1686,50.61667600000116,3,2,5,0.04600000102072954
1687,50.646676000001165,3,2,4,0.04662491846829653
1688,50.676676000001166,4,2,4,0.07687497418373823
1689,50.70667600000117,3,2,4,0.050166971050202847
1690,50.73667600000117,4,2,5,0.058542005717754364
1691,50.76667600000117,4,3,5,0.06262504030019045
1692,50.79667600000117,4,3,6,0.05891697946935892
1693,50.82667600000117,3,1,6,0.04058296326547861
1694,50.85667600000117,4,3,6,0.06191595457494259
1695,50.886676000001174,4,2,6,0.062333070673048496
1696,50.916676000001175,4,3,5,0.07137504871934652
1697,50.946676000001176,4,3,5,0.08762499783188105
1698,50.97667600000118,4,3,5,0.06674998439848423
1699,51.00667600000118,4,2,6,0.061499886214733124
1700,51.03667600000118,4,4,6,0.06737501826137304
1701,51.06667600000118,4,3,6,0.061416998505592346
1702,51.09667600000118,3,2,6,0.05012494511902332
1703,51.12667600000118,3,3,5,0.053292023949325085
1704,51.156676000001184,3,3,4,0.051666051149368286
1705,51.186676000001185,4,3,4,0.08595897816121578
1706,51.216676000001186,4,3,4,0.06295798812061548
1707,51.24667600000119,3,3,4,0.048083020374178886
1708,51.27667600000119,4,3,5,0.05900010000914335
1709,51.30667600000119,3,2,5,0.05137501284480095
1710,51.33667600000119,4,3,6,0.06116693839430809
1711,51.36667600000119,3,3,5,0.05733291618525982
1712,51.39667600000119,4,3,5,0.06804196164011955
1713,51.426676000001194,4,4,4,0.06858399137854576
1714,51.456676000001195,4,3,5,0.07770908996462822
1715,51.4866760000012,4,3,5,0.05829194560647011
1716,51.5166760000012,4,3,5,0.06474996916949749
1717,51.5466760000012,4,3,5,0.06470794323831797
1718,51.5766760000012,3,3,4,0.05070806946605444
1719,51.6066760000012,3,2,4,0.0480839516967535
1720,51.6366760000012,3,2,4,0.049208989366889
1721,51.6666760000012,4,4,4,0.062249950133264065
1722,51.696676000001204,4,4,4,0.0624579843133688
1723,51.726676000001206,4,3,5,0.23629202041774988
1724,51.75667600000121,2,2,5,0.038624973967671394
1725,51.78667600000121,3,3,4,0.05350005812942982
1726,51.81667600000121,4,3,4,0.05870894528925419
1727,51.84667600000121,3,3,4,0.048083020374178886
1728,51.87667600000121,4,3,4,0.05679205060005188
1729,51.90667600000121,4,4,4,0.06075005512684584
1730,51.93667600000121,4,4,4,0.062166014686226845
1731,51.966676000001215,4,4,4,0.06204203236848116
1732,51.996676000001216,4,4,4,0.0826249597594142
1733,52.02667600000122,4,4,4,0.06279197987169027
1734,52.05667600000122,3,3,4,0.04854204598814249
1735,52.08667600000122,3,3,4,0.04979199729859829
1736,52.11667600000122,3,3,3,0.047584064304828644
1737,52.14667600000122,4,3,4,0.0540419714525342
1738,52.17667600000122,4,3,4,0.0575000885874033
1739,52.206676000001224,4,3,4,0.061707920394837856
1740,52.236676000001225,4,3,4,0.0688750296831131
1741,52.266676000001226,4,2,6,0.07079204078763723
1742,52.29667600000123,4,2,6,0.05512498319149017
1743,52.32667600000123,2,1,4,0.04012498538941145
1744,52.35667600000123,3,1,5,0.04254200030118227
1745,52.38667600000123,4,3,4,0.05908298771828413
1746,52.41667600000123,3,2,4,0.05070795305073261
1747,52.44667600000123,2,1,4,0.03416696563363075
1748,52.476676000001234,3,2,3,0.04891690332442522
1749,52.506676000001235,4,2,4,0.054750009439885616
1750,52.536676000001236,3,2,5,0.04349998198449612
1751,52.56667600000124,3,3,5,0.05137501284480095
1752,52.59667600000124,3,2,5,0.06695801857858896
1753,52.62667600000124,4,2,5,0.05454104393720627
1754,52.65667600000124,4,3,5,0.06474996916949749
1755,52.68667600000124,3,3,5,0.05066697485744953
1756,52.71667600000124,2,1,5,0.030959025025367737
1757,52.746676000001244,2,2,4,0.038458965718746185
1758,52.776676000001245,4,1,4,0.04900002386420965
1759,52.80667600000125,3,3,4,0.048166955821216106
1760,52.83667600000125,1,1,4,0.021124957129359245
1761,52.86667600000125,1,1,3,0.021083978936076164
1762,52.89667600000125,4,1,4,0.04824995994567871
1763,52.92667600000125,4,2,5,0.048749963752925396
1764,52.95667600000125,4,3,5,0.07737497799098492
1765,52.98667600000125,3,2,4,0.05116697866469622
1766,53.016676000001254,4,3,4,0.06449990905821323
1767,53.046676000001256,4,3,4,0.06312504410743713
1768,53.07667600000126,2,2,4,0.03583298530429602
1769,53.10667600000126,1,1,4,0.020832987502217293
1770,53.13667600000126,1,1,2,0.021416926756501198
1771,53.16667600000126,1,1,1,0.01750001683831215
1772,53.19667600000126,2,1,2,0.02404197584837675
1773,53.22667600000126,1,1,2,0.017375103197991848
1774,53.256676000001264,1,1,2,0.01695798709988594
1775,53.286676000001265,1,1,1,0.01750001683831215
1776,53.316676000001266,1,1,1,0.016000005416572094
1777,53.34667600000127,3,1,3,0.030499999411404133
1778,53.37667600000127,3,1,4,0.03291701432317495
1779,53.40667600000127,3,2,4,0.044208019971847534
1780,53.43667600000127,3,3,4,0.04795799031853676
1781,53.46667600000127,3,2,3,0.07087504491209984
1782,53.49667600000127,4,3,4,0.05312496796250343
1783,53.526676000001274,2,1,5,0.027999980375170708
1784,53.556676000001275,1,1,5,0.021666986867785454
1785,53.586676000001276,0,0,3,0.0076669966802001
1786,53.61667600000128,2,1,2,0.025875051505863667
1787,53.64667600000128,1,0,2,0.011458992958068848
1788,53.67667600000128,1,1,2,0.01808407250791788
1789,53.70667600000128,2,1,2,0.031333998776972294
1790,53.73667600000128,1,0,2,0.016959034837782383
1791,53.76667600000128,3,1,4,0.02983398735523224
1792,53.796676000001284,4,1,5,0.04837499000132084
1793,53.826676000001285,2,2,5,0.034499913454055786
1794,53.856676000001286,2,1,4,0.035208999179303646
1795,53.88667600000129,3,3,3,0.04979199729859829
1796,53.91667600000129,3,3,3,0.04575005732476711
1797,53.94667600000129,3,3,3,0.06629200652241707
1798,53.97667600000129,2,2,3,0.03374996595084667
1799,54.00667600000129,2,2,3,0.032125040888786316
1800,54.03667600000129,2,2,2,0.03570900298655033
1801,54.066676000001294,2,2,2,0.03033294342458248
1802,54.096676000001295,4,2,4,0.04595902282744646
1803,54.1266760000013,2,1,4,0.027667032554745674
1804,54.1566760000013,4,2,4,0.054625095799565315
1805,54.1866760000013,3,3,4,0.05191692616790533
1806,54.2166760000013,4,4,4,0.06079103332012892
1807,54.2466760000013,3,3,4,0.046874978579580784
1808,54.2766760000013,3,3,4,0.046332948841154575
1809,54.3066760000013,3,2,4,0.04720897413790226
1810,54.336676000001304,3,2,4,0.06387499161064625
1811,54.366676000001306,2,1,4,0.028916983865201473
1812,54.39667600000131,2,2,4,0.036958022974431515
1813,54.42667600000131,1,1,3,0.02279097680002451
1814,54.45667600000131,1,1,2,0.020041014067828655
1815,54.48667600000131,4,1,4,0.04895799793303013
1816,54.51667600000131,1,0,4,0.015083001926541328
1817,54.54667600000131,1,1,4,0.02291705459356308
1818,54.576676000001314,2,1,2,0.03704102709889412
1819,54.606676000001315,3,1,4,0.03258301876485348
1820,54.636676000001316,2,1,4,0.02958404365926981
1821,54.66667600000132,1,1,3,0.020999927073717117
1822,54.69667600000132,3,1,4,0.032415962778031826
1823,54.72667600000132,1,1,3,0.02033403143286705
1824,54.75667600000132,1,1,3,0.01995800994336605
1825,54.78667600000132,1,1,1,0.0189170241355896
1826,54.81667600000132,3,1,3,0.029291026294231415
1827,54.846676000001324,3,1,3,0.033917021937668324
1828,54.876676000001325,2,2,3,0.03316695801913738
1829,54.906676000001326,2,2,3,0.03291701432317495
1830,54.93667600000133,3,2,3,0.06733404006808996
1831,54.96667600000133,4,2,4,0.05416700150817633
1832,54.99667600000133,3,3,4,0.050166971050202847
1833,55.02667600000133,3,3,4,0.04975008778274059
1834,55.05667600000133,3,3,3,0.04995905328541994
1835,55.08667600000133,3,2,4,0.04300009459257126
1836,55.116676000001334,3,3,4,0.05070795305073261
1837,55.146676000001335,3,3,4,0.04937499761581421
1838,55.176676000001336,2,2,3,0.03554206341505051
1839,55.20667600000134,2,2,3,0.03366696182638407
1840,55.23667600000134,2,2,3,0.03333296626806259
1841,55.26667600000134,3,2,4,0.04137493669986725
1842,55.29667600000134,3,2,3,0.06087496876716614
1843,55.32667600000134,2,2,3,0.034917029552161694
1844,55.35667600000134,3,2,3,0.04641700070351362
1845,55.386676000001344,2,2,3,0.03450002986937761
1846,55.416676000001345,2,2,3,0.03341701813042164
1847,55.44667600000135,2,2,2,0.03362505231052637
1848,55.47667600000135,3,2,3,0.03958400338888168
1849,55.50667600000135,1,1,3,0.01962494570761919
1850,55.53667600000135,1,1,3,0.018457998521625996
1851,55.56667600000135,1,1,1,0.02037500962615013
1852,55.59667600000135,1,1,1,0.016000005416572094
1853,55.62667600000135,1,1,1,0.016000005416572094
1854,55.656676000001355,2,1,2,0.02258399035781622
1855,55.686676000001356,3,1,3,0.03170792479068041
1856,55.71667600000136,3,1,5,0.03187498077750206
1857,55.74667600000136,3,2,5,0.04408403765410185
1858,55.77667600000136,3,2,6,0.043208012357354164
1859,55.80667600000136,2,2,4,0.056249904446303844
1860,55.83667600000136,1,1,3,0.02304196823388338
1861,55.86667600000136,3,1,4,0.034624943509697914
1862,55.896676000001364,3,1,3,0.036207959055900574
1863,55.926676000001365,2,1,3,0.0315000070258975
1864,55.956676000001366,2,2,3,0.0310409814119339
1865,55.98667600000137,3,2,3,0.03966700751334429
1866,56.01667600000137,2,2,3,0.031708041206002235
1867,56.04667600000137,2,2,3,0.03104202914983034
1868,56.07667600000137,2,1,3,0.025250017642974854
1869,56.10667600000137,1,1,3,0.01870805863291025
1870,56.13667600000137,1,1,2,0.018666032701730728
1871,56.166676000001374,1,1,1,0.01783308107405901
1872,56.196676000001375,1,1,1,0.0160830095410347
1873,56.226676000001376,1,1,1,0.015332945622503757
1874,56.25667600000138,1,0,2,0.00933394767343998
1875,56.28667600000138,2,1,3,0.02475001383572817
1876,56.31667600000138,1,1,3,0.01791701652109623
1877,56.34667600000138,3,1,4,0.032916897907853127
1878,56.37667600000138,2,1,3,0.027999980375170708
1879,56.40667600000138,2,1,4,0.025707995519042015
1880,56.436676000001384,1,1,3,0.019707949832081795
1881,56.466676000001385,2,1,3,0.051208073273301125
1882,56.496676000001386,3,2,3,0.041375053115189075
1883,56.52667600000139,2,2,3,0.03358290996402502
1884,56.55667600000139,2,2,3,0.032791984267532825
1885,56.58667600000139,2,2,2,0.03312493208795786
1886,56.61667600000139,3,2,3,0.039125094190239906
1887,56.64667600000139,2,2,3,0.03308302257210016
1888,56.67667600000139,2,2,3,0.03229198046028614
1889,56.706676000001394,2,2,2,0.03345799632370472
1890,56.736676000001395,3,2,3,0.03983289934694767
1891,56.7666760000014,2,2,3,0.03324996214359999
1892,56.7966760000014,2,2,3,0.03279105294495821
1893,56.8266760000014,3,2,3,0.04012498538941145
1894,56.8566760000014,3,2,3,0.044082989916205406
1895,56.8866760000014,3,3,3,0.047042034566402435
1896,56.9166760000014,2,2,3,0.23891590535640717
1897,56.9466760000014,2,2,3,0.03341701813042164
1898,56.976676000001405,2,2,2,0.03316707443445921
1899,57.006676000001406,2,2,2,0.03054109402000904
1900,57.03667600000141,2,2,2,0.02975005190819502
1901,57.06667600000141,2,2,2,0.030041905120015144
1902,57.09667600000141,2,2,2,0.03045797348022461
1903,57.12667600000141,2,2,2,0.030374969355762005
1904,57.15667600000141,2,2,2,0.029708025977015495
1905,57.18667600000141,2,2,2,0.02962502185255289
1906,57.216676000001414,2,2,2,0.0301670515909791
1907,57.246676000001415,3,2,3,0.037082936614751816
1908,57.276676000001416,3,2,3,0.04083290696144104
1909,57.30667600000142,3,2,4,0.03875000402331352
1910,57.33667600000142,2,2,4,0.033791991882026196
1911,57.36667600000142,3,2,3,0.041749910451471806
1912,57.39667600000142,2,2,3,0.05116697866469622
1913,57.42667600000142,3,2,4,0.03950006794184446
1914,57.45667600000142,4,2,5,0.048166955821216106
1915,57.486676000001424,3,2,6,0.04183291457593441
1916,57.516676000001425,2,2,5,0.036250101402401924
1917,57.546676000001426,3,2,3,0.04525005351752043
1918,57.57667600000143,3,3,3,0.047625042498111725
1919,57.60667600000143,4,3,4,0.051999930292367935
1920,57.63667600000143,4,3,4,0.05500006955116987
1921,57.66667600000143,3,2,4,0.04745798651129007
1922,57.69667600000143,4,2,5,0.05437503568828106
1923,57.72667600000143,2,2,4,0.05483406130224466
1924,57.756676000001434,3,2,5,0.041166902519762516
1925,57.786676000001435,3,2,3,0.0435409601777792
1926,57.816676000001436,3,2,3,0.04425004590302706
1927,57.84667600000144,2,2,3,0.032125040888786316
1928,57.87667600000144,3,3,3,0.044584041461348534
1929,57.90667600000144,2,2,3,0.03270898014307022
1930,57.93667600000144,2,2,3,0.0322909327223897
1931,57.96667600000144,3,2,3,0.04012498538941145
1932,57.99667600000144,4,2,4,0.04791701212525368
1933,58.026676000001444,4,3,4,0.05583302117884159
1934,58.056676000001445,4,4,4,0.05995796527713537
1935,58.08667600000145,2,2,4,0.054541975259780884
1936,58.11667600000145,2,2,4,0.03462505992501974
1937,58.14667600000145,2,2,2,0.03487488720566034
1938,58.17667600000145,2,2,2,0.030459021218121052
1939,58.20667600000145,2,2,2,0.0302919652312994
1940,58.23667600000145,2,2,2,0.030125025659799576
1941,58.26667600000145,2,2,2,0.02970895729959011
1942,58.296676000001455,2,2,2,0.029542017728090286
1943,58.326676000001456,2,2,2,0.030499999411404133
1944,58.35667600000146,2,2,2,0.030832947231829166
1945,58.38667600000146,2,2,2,0.031250063329935074
1946,58.41667600000146,1,1,2,0.017874990589916706
1947,58.44667600000146,2,1,3,0.024249893613159657
1948,58.47667600000146,1,0,2,0.013416982255876064
1949,58.50667600000146,2,2,2,0.03300001844763756
1950,58.536676000001464,2,1,2,0.03287498839199543
1951,58.566676000001465,2,1,2,0.03245798870921135
1952,58.596676000001466,1,1,2,0.017832964658737183
1953,58.62667600000147,1,0,2,0.018457998521625996
1954,58.65667600000147,1,0,2,0.01750001683831215
1955,58.68667600000147,1,1,1,0.017666956409811974
1956,58.71667600000147,1,1,1,0.01629104372113943
1957,58.74667600000147,1,1,1,0.015584053471684456
1958,58.77667600000147,1,1,1,0.034041935577988625
1959,58.806676000001474,1,1,1,0.01750001683831215
1960,58.836676000001475,2,1,2,0.023999949917197227
1961,58.866676000001476,2,1,3,0.028208945877850056
1962,58.89667600000148,2,1,4,0.026000081561505795
1963,58.92667600000148,2,1,3,0.028999987989664078
1964,58.95667600000148,3,2,3,0.0402920413762331
1965,58.98667600000148,2,2,3,0.033374992199242115
1966,59.01667600000148,3,2,3,0.0462500611320138
1967,59.04667600000148,3,2,4,0.04087504930794239
1968,59.076676000001484,3,2,4,0.04187505692243576
1969,59.106676000001485,3,3,3,0.048666028305888176
1970,59.136676000001486,3,2,4,0.038624973967671394
1971,59.16667600000149,4,2,5,0.04691700451076031
1972,59.19667600000149,2,2,4,0.035041943192481995
1973,59.22667600000149,4,3,4,0.07354200351983309
1974,59.25667600000149,4,3,5,0.053666066378355026
1975,59.28667600000149,3,2,5,0.04291604273021221
1976,59.31667600000149,3,2,4,0.04833308048546314
1977,59.346676000001494,2,2,4,0.03324996214359999
1978,59.376676000001495,3,2,4,0.04737498238682747
1979,59.4066760000015,4,2,4,0.05733396392315626
1980,59.4366760000015,4,3,4,0.055292039178311825
1981,59.4666760000015,4,2,5,0.0540000619366765
1982,59.4966760000015,3,1,5,0.04495901521295309
1983,59.5266760000015,3,2,5,0.06895791739225388
1984,59.5566760000015,4,3,4,0.06533297710120678
1985,59.5866760000015,4,4,4,0.06208301056176424
1986,59.616676000001505,4,4,4,0.06016693077981472
1987,59.646676000001506,4,4,4,0.06129196844995022
1988,59.67667600000151,4,4,4,0.061083934269845486
1989,59.70667600000151,3,3,4,0.047708977945148945
1990,59.73667600000151,4,4,4,0.06645789835602045
1991,59.76667600000151,4,4,4,0.06229197606444359
1992,59.79667600000151,3,3,4,0.07004209328442812
1993,59.82667600000151,4,3,5,0.0580840278416872
1994,59.856676000001514,4,3,4,0.05766702815890312
1995,59.886676000001515,4,4,4,0.06033293902873993
1996,59.916676000001516,2,1,4,0.03412493970245123
1997,59.94667600000152,3,3,4,0.047874986194074154
1998,59.97667600000152,2,2,3,0.0350000336766243
1999,60.00667600000152,2,2,3,0.03433390520513058
2000,60.03667600000152,3,2,3,0.04595797508955002
2001,60.06667600000152,4,2,4,0.05437491927295923
2002,60.09667600000152,4,3,4,0.05708297248929739
2003,60.126676000001524,3,1,6,0.056832912378013134
2004,60.156676000001525,3,2,6,0.046749948523938656
2005,60.186676000001526,4,3,6,0.06049999501556158
2006,60.21667600000153,3,3,5,0.05162495654076338
2007,60.24667600000153,4,4,5,0.06350001785904169
2008,60.27667600000153,3,3,4,0.04983402322977781
2009,60.30667600000153,4,3,4,0.06195798050612211
2010,60.33667600000153,4,4,4,0.06108300294727087
2011,60.36667600000153,4,4,4,0.06362493149936199
2012,60.396676000001534,3,3,4,0.06804196164011955
2013,60.426676000001535,4,4,4,0.06395892705768347
2014,60.456676000001536,4,4,4,0.06320909596979618
2015,60.48667600000154,4,3,5,0.05658308509737253
2016,60.51667600000154,4,4,5,0.10533304885029793
2017,60.54667600000154,4,4,5,0.09008299093693495
2018,60.57667600000154,3,3,4,0.05845795385539532
2019,60.60667600000154,4,4,4,0.06699992809444666
2020,60.63667600000154,4,3,5,0.08454197086393833
2021,60.666676000001544,3,3,5,0.05545793101191521
2022,60.696676000001546,4,4,5,0.0649159774184227
2023,60.72667600000155,4,3,5,0.062000006437301636
2024,60.75667600000155,4,4,5,0.06524997297674417
2025,60.78667600000155,4,4,4,0.0631249276921153
2026,60.81667600000155,4,4,4,0.06337498780339956
2027,60.84667600000155,4,4,4,0.061707920394837856
2028,60.87667600000155,4,3,5,0.05975004751235247
2029,60.90667600000155,3,2,5,0.06829097401350737
2030,60.936676000001555,3,2,4,0.05200004670768976
2031,60.966676000001556,4,4,4,0.0628340058028698
2032,60.99667600000156,4,3,5,0.05712499842047691
2033,61.02667600000156,2,2,5,0.0350830378010869
2034,61.05667600000156,3,2,4,0.04758394788950682
2035,61.08667600000156,3,2,5,0.0439999857917428
2036,61.11667600000156,3,1,6,0.04554097540676594
2037,61.14667600000156,4,2,5,0.054541975259780884
2038,61.176676000001564,2,2,5,0.03591598942875862
2039,61.206676000001565,4,3,5,0.2525000600144267
2040,61.236676000001566,4,2,5,0.06004201713949442
2041,61.26667600000157,3,2,6,0.04437495954334736
2042,61.29667600000157,2,2,5,0.03758398815989494
2043,61.32667600000157,2,2,3,0.03574998117983341
2044,61.35667600000157,2,2,2,0.032084062695503235
2045,61.38667600000157,3,2,3,0.038499943912029266
2046,61.41667600000157,4,2,5,0.0463330652564764
2047,61.446676000001574,4,2,5,0.05075009539723396
2048,61.476676000001575,4,3,5,0.05825003609061241
2049,61.506676000001576,4,3,6,0.05779205821454525
2050,61.53667600000158,3,3,5,0.07254199590533972
2051,61.56667600000158,3,3,4,0.04991702735424042
2052,61.59667600000158,3,3,3,0.049165915697813034
2053,61.62667600000158,4,3,4,0.05708402022719383
2054,61.65667600000158,4,3,4,0.05804200191050768
2055,61.68667600000158,4,3,4,0.06095797289162874
2056,61.716676000001584,4,3,4,0.05933409556746483
2057,61.746676000001585,3,3,4,0.047874986194074154
2058,61.776676000001586,3,3,4,0.046708970330655575
2059,61.80667600000159,4,3,4,0.0602079089730978
2060,61.83667600000159,4,3,4,0.08054100908339024
2061,61.86667600000159,3,3,4,0.048042042180895805
2062,61.89667600000159,3,3,4,0.04650000482797623
2063,61.92667600000159,3,3,4,0.04729104693979025
2064,61.95667600000159,3,3,4,0.04725006874650717
2065,61.986676000001594,2,2,4,0.03320910036563873
2066,62.016676000001596,2,2,3,0.03324996214359999
2067,62.0466760000016,1,1,2,0.019834027625620365
2068,62.0766760000016,2,2,2,0.03079103771597147
2069,62.1066760000016,3,2,3,0.03845803439617157
2070,62.1366760000016,2,2,3,0.03183307126164436
2071,62.1666760000016,2,2,3,0.03120803739875555
2072,62.1966760000016,4,2,4,0.046083005145192146
2073,62.2266760000016,2,2,4,0.05345896352082491
2074,62.256676000001605,2,2,4,0.03345799632370472
2075,62.286676000001606,2,2,2,0.03300001844763756
2076,62.31667600000161,2,2,2,0.03162503708153963
2077,62.34667600000161,2,2,2,0.02975005190819502
2078,62.37667600000161,2,1,3,0.024292035959661007
2079,62.40667600000161,3,1,4,0.03287498839199543
2080,62.43667600000161,3,3,4,0.04791701212525368
2081,62.46667600000161,3,3,4,0.046459026634693146
2082,62.496676000001614,2,2,3,0.033374992199242115
2083,62.526676000001615,3,2,3,0.045625027269124985
2084,62.556676000001616,2,2,3,0.032624928280711174
2085,62.58667600000162,3,2,3,0.04491698928177357
2086,62.61667600000162,2,2,3,0.032208976335823536
2087,62.64667600000162,2,2,3,0.031499890610575676
2088,62.67667600000162,3,2,3,0.059582991525530815
2089,62.70667600000162,4,2,5,0.04612491466104984
2090,62.73667600000162,3,2,5,0.04341709427535534
2091,62.766676000001624,3,2,4,0.04920794162899256
2092,62.796676000001625,3,2,3,0.04608405288308859
2093,62.826676000001626,3,3,3,0.04383397754281759
2094,62.85667600000163,3,3,3,0.04424992948770523
2095,62.88667600000163,3,3,3,0.045291963033378124
2096,62.91667600000163,2,2,3,0.03191700670868158
2097,62.94667600000163,3,3,3,0.04475004971027374
2098,62.97667600000163,3,3,3,0.048625050112605095
2099,63.00667600000163,2,2,3,0.03250001464039087
2100,63.036676000001634,2,2,3,0.049749971367418766
2101,63.066676000001635,2,2,2,0.03329210449010134
2102,63.09667600000164,2,2,2,0.030125025659799576
2103,63.12667600000164,2,2,2,0.030333991162478924
2104,63.15667600000164,2,2,2,0.029416056349873543
2105,63.18667600000164,1,1,2,0.017000013031065464
2106,63.21667600000164,1,1,2,0.016791047528386116
2107,63.24667600000164,2,2,2,0.029666000045835972
2108,63.27667600000164,2,1,2,0.029916991479694843
2109,63.306676000001644,2,2,2,0.03087497316300869
2110,63.336676000001646,2,2,2,0.029833056032657623
2111,63.36667600000165,1,1,2,0.020290957763791084
2112,63.39667600000165,1,1,2,0.016666017472743988
2113,63.42667600000165,1,1,1,0.017584068700671196
2114,63.45667600000165,2,1,2,0.02320797648280859
2115,63.48667600000165,2,1,2,0.02462498378008604
2116,63.51667600000165,2,1,2,0.03020802978426218
2117,63.54667600000165,2,2,2,0.029166927561163902
2118,63.576676000001655,2,2,2,0.029082992114126682
2119,63.606676000001656,3,2,3,0.03600004129111767
2120,63.63667600000166,3,2,3,0.058957957662642
2121,63.66667600000166,2,2,3,0.03304099664092064
2122,63.69667600000166,2,2,3,0.03245903644710779
2123,63.72667600000166,1,1,2,0.018874998204410076
2124,63.75667600000166,2,1,3,0.024250010028481483
2125,63.78667600000166,2,1,2,0.0260830856859684
2126,63.816676000001664,1,1,2,0.01691700890660286
2127,63.846676000001665,1,1,2,0.01650000922381878
2128,63.876676000001666,1,1,1,0.017708982340991497
2129,63.90667600000167,1,1,1,0.015666941180825233
2130,63.93667600000167,1,1,1,0.014999997802078724
2131,63.96667600000167,1,1,1,0.015125027857720852
2132,63.99667600000167,1,1,1,0.01491699367761612
2133,64.02667600000167,1,1,1,0.0148330582305789
2134,64.05667600000167,1,1,1,0.014959019608795643
2135,64.08667600000167,1,1,1,0.014999997802078724
2136,64.11667600000168,1,1,1,0.014791963621973991
2137,64.14667600000168,1,1,1,0.0149579718708992
2138,64.17667600000168,1,1,1,0.015625031664967537
2139,64.20667600000168,1,1,1,0.01525005791336298
2140,64.23667600000168,1,1,1,0.015083933249115944
2141,64.26667600000168,1,1,1,0.015125027857720852
2142,64.29667600000168,1,1,1,0.015124911442399025
2143,64.32667600000168,1,1,1,0.014708959497511387
2144,64.35667600000168,2,1,2,0.024125096388161182
2145,64.38667600000169,1,1,2,0.01737498678267002
2146,64.41667600000169,1,1,2,0.016625039279460907
2147,64.44667600000169,1,1,1,0.017290934920310974
2148,64.47667600000169,1,1,1,0.015458092093467712
2149,64.50667600000169,1,1,1,0.015041092410683632
2150,64.53667600000169,1,1,1,0.015832949429750443
2151,64.56667600000169,0,0,1,0.0027909409254789352
2152,64.5966760000017,3,1,3,0.04691700451076031
2153,64.6266760000017,0,0,3,0.00500003807246685
2154,64.6566760000017,2,0,3,0.028249924071133137
2155,64.6866760000017,2,0,3,0.02720800694078207
2156,64.7166760000017,2,0,3,0.03258406650274992
2157,64.7466760000017,1,1,3,0.018749968148767948
2158,64.7766760000017,1,1,2,0.018707942217588425
2159,64.8066760000017,1,1,1,0.01737498678267002
2160,64.8366760000017,1,1,1,0.015666941180825233
2161,64.8666760000017,1,1,1,0.015374971553683281
2162,64.8966760000017,2,1,2,0.022792024537920952
2163,64.9266760000017,2,1,2,0.02520799171179533
2164,64.9566760000017,0,0,2,0.0038750004023313522
2165,64.98667600000171,0,0,2,0.003249966539442539
2166,65.01667600000171,1,0,1,0.012584030628204346
2167,65.04667600000171,1,0,1,0.009375042282044888
2168,65.07667600000171,1,0,1,0.015625031664967537
2169,65.10667600000171,2,1,2,0.021792016923427582
2170,65.13667600000171,2,1,2,0.024124979972839355
2171,65.16667600000171,2,1,2,0.029499991796910763
2172,65.19667600000172,1,0,2,0.016583013348281384
2173,65.22667600000172,1,0,2,0.01650000922381878
2174,65.25667600000172,1,1,1,0.01650000922381878
2175,65.28667600000172,1,1,1,0.015042023733258247
2176,65.31667600000172,1,1,1,0.01620908733457327
2177,65.34667600000172,1,1,1,0.01579197123646736
2178,65.37667600000172,3,1,3,0.03170908894389868
2179,65.40667600000172,1,1,3,0.019583036191761494
2180,65.43667600000173,1,0,3,0.01166702713817358
2181,65.46667600000173,2,2,2,0.032542040571570396
2182,65.49667600000173,2,1,3,0.04195899236947298
2183,65.52667600000173,3,2,3,0.03983406350016594
2184,65.55667600000173,2,1,3,0.033125048503279686
2185,65.58667600000173,1,1,3,0.017874990589916706
2186,65.61667600000173,1,1,2,0.022249994799494743
2187,65.64667600000173,1,1,1,0.017000013031065464
2188,65.67667600000173,1,1,1,0.015666009858250618
2189,65.70667600000174,1,1,1,0.015500001609325409
2190,65.73667600000174,2,1,2,0.022707972675561905
2191,65.76667600000174,2,1,2,0.023792032152414322
2192,65.79667600000174,1,1,2,0.017499900422990322
2193,65.82667600000174,1,0,2,0.016332953236997128
2194,65.85667600000174,1,0,2,0.016125035472214222
2195,65.88667600000174,0,0,1,0.004166970029473305
2196,65.91667600000174,1,0,2,0.009291921742260456
2197,65.94667600000174,0,0,1,0.0033329706639051437
2198,65.97667600000175,0,0,1,0.001959037035703659
2199,66.00667600000175,0,0,0,0.00200001522898674
2200,66.03667600000175,0,0,0,0.0014170072972774506
2201,66.06667600000175,0,0,0,0.0008749775588512421
2202,66.09667600000175,0,0,0,0.000750063918530941
2203,66.12667600000175,2,0,2,0.015666009858250618
2204,66.15667600000175,2,0,2,0.018042046576738358
2205,66.18667600000175,1,1,2,0.018249964341521263
2206,66.21667600000175,1,0,3,0.010416959412395954
2207,66.24667600000176,1,0,2,0.018832972273230553
2208,66.27667600000176,2,1,2,0.024707987904548645
2209,66.30667600000176,2,1,2,0.029916991479694843
2210,66.33667600000176,2,1,2,0.03308302257210016
2211,66.36667600000176,2,1,2,0.0302919652312994
2212,66.39667600000176,2,2,2,0.029833056032657623
2213,66.42667600000176,2,2,2,0.030250055715441704
2214,66.45667600000176,3,2,3,0.05541706923395395
2215,66.48667600000176,1,0,3,0.01329102087765932
2216,66.51667600000177,2,2,3,0.0350830378010869
2217,66.54667600000177,2,1,3,0.03224995452910662
2218,66.57667600000177,2,2,3,0.031250063329935074
2219,66.60667600000177,2,1,2,0.03233295865356922
2220,66.63667600000177,1,1,2,0.016709091141819954
2221,66.66667600000177,3,1,3,0.03774999640882015
2222,66.69667600000177,3,1,4,0.03362505231052637
2223,66.72667600000177,3,1,4,0.0474581029266119
2224,66.75667600000178,3,1,4,0.046749948523938656
2225,66.78667600000178,3,2,3,0.04700000863522291
2226,66.81667600000178,3,3,3,0.04612503107637167
2227,66.84667600000178,3,3,3,0.04499999340623617
2228,66.87667600000178,2,2,3,0.03208301495760679
2229,66.90667600000178,3,2,3,0.06391701754182577
2230,66.93667600000178,3,3,3,0.04679197445511818
2231,66.96667600000178,2,2,3,0.031832954846322536
2232,66.99667600000178,3,2,3,0.04454201553016901
2233,67.02667600000179,2,2,3,0.03129197284579277
2234,67.05667600000179,3,3,3,0.04454096779227257
2235,67.08667600000179,3,2,3,0.044166925363242626
2236,67.11667600000179,3,2,3,0.04437495954334736
2237,67.14667600000179,2,2,3,0.030916999094188213
2238,67.17667600000179,3,3,3,0.04429102409631014
2239,67.20667600000179,1,1,3,0.01816696021705866
2240,67.2366760000018,2,2,3,0.031000003218650818
2241,67.2666760000018,2,2,2,0.030875089578330517
2242,67.2966760000018,3,2,3,0.03825000021606684
2243,67.3266760000018,3,2,3,0.058292062021791935
2244,67.3566760000018,3,3,3,0.044874963350594044
2245,67.3866760000018,3,2,3,0.04812492989003658
2246,67.4166760000018,3,3,3,0.04541699308902025
2247,67.4466760000018,2,2,3,0.03216695040464401
2248,67.4766760000018,2,2,3,0.03095890861004591
2249,67.5066760000018,2,2,2,0.03320805262774229
2250,67.5366760000018,2,2,2,0.030249939300119877
2251,67.5666760000018,2,2,2,0.033374992199242115
2252,67.5966760000018,3,2,3,0.03766699228435755
2253,67.62667600000181,2,2,3,0.033374992199242115
2254,67.65667600000181,2,2,3,0.0314170029014349
2255,67.68667600000181,2,2,2,0.03141607157886028
2256,67.71667600000181,2,2,2,0.02962502185255289
2257,67.74667600000181,3,2,3,0.037334044463932514
2258,67.77667600000181,2,2,3,0.18637499306350946
2259,67.80667600000181,2,2,3,0.03687501884996891
2260,67.83667600000182,2,2,2,0.03250001464039087
2261,67.86667600000182,2,2,2,0.029957969672977924
2262,67.89667600000182,2,2,2,0.029791961424052715
2263,67.92667600000182,2,2,2,0.029957969672977924
2264,67.95667600000182,2,2,2,0.029791961424052715
2265,67.98667600000182,2,2,2,0.032542040571570396
2266,68.01667600000182,2,2,2,0.029374961741268635
2267,68.04667600000182,2,2,2,0.030083931051194668
2268,68.07667600000183,3,2,3,0.03966700751334429
2269,68.10667600000183,2,2,3,0.11745805386453867
2270,68.13667600000183,3,2,3,0.054208096116781235
2271,68.16667600000183,3,2,4,0.04670792259275913
2272,68.19667600000183,3,2,4,0.047625042498111725
2273,68.22667600000183,2,2,3,0.037958030588924885
2274,68.25667600000183,3,2,3,0.06824999582022429
2275,68.28667600000183,2,2,3,0.036415993236005306
2276,68.31667600000183,3,3,3,0.04670792259275913
2277,68.34667600000184,2,2,3,0.032957992516458035
2278,68.37667600000184,2,2,3,0.032041920349001884
2279,68.40667600000184,2,2,2,0.0327499583363533
2280,68.43667600000184,2,2,2,0.034207943826913834
2281,68.46667600000184,2,2,2,0.030791969038546085
2282,68.49667600000184,2,2,2,0.030290917493402958
2283,68.52667600000184,2,2,2,0.029791961424052715
2284,68.55667600000184,2,2,2,0.03020802978426218
2285,68.58667600000184,2,2,2,0.02983398735523224
2286,68.61667600000185,2,2,2,0.030082999728620052
2287,68.64667600000185,2,2,2,0.02958404365926981
2288,68.67667600000185,2,2,2,0.030542025342583656
2289,68.70667600000185,2,2,2,0.030333991162478924
2290,68.73667600000185,2,2,2,0.03004202153533697
2291,68.76667600000185,2,2,2,0.04725006874650717
2292,68.79667600000185,2,2,2,0.029834103770554066
2293,68.82667600000185,2,2,2,0.030540977604687214
2294,68.85667600000185,3,2,3,0.03912497777491808
2295,68.88667600000186,3,2,3,0.03945792559534311
2296,68.91667600000186,3,3,3,0.045208027586340904
2297,68.94667600000186,2,2,3,0.03320805262774229
2298,68.97667600000186,2,2,3,0.03216706681996584
2299,69.00667600000186,2,2,2,0.03208394628018141
2300,69.03667600000186,3,2,3,0.03816699609160423
2301,69.06667600000186,3,2,4,0.039334059692919254
2302,69.09667600000186,2,2,4,0.03495905548334122
2303,69.12667600000186,4,2,5,0.04954100586473942
2304,69.15667600000187,2,1,4,0.030916999094188213
2305,69.18667600000187,2,1,4,0.0552500132471323
2306,69.21667600000187,2,1,2,0.03724999260157347
2307,69.24667600000187,3,2,3,0.03945908974856138
2308,69.27667600000187,2,2,3,0.03204098902642727
2309,69.30667600000187,3,2,3,0.039458973333239555
2310,69.33667600000187,2,2,3,0.032084062695503235
2311,69.36667600000187,2,2,3,0.03250001464039087
2312,69.39667600000188,3,3,3,0.045166932977735996
2313,69.42667600000188,3,3,3,0.04437495954334736
2314,69.45667600000188,3,2,4,0.04158308729529381
2315,69.48667600000188,3,3,4,0.04766695201396942
2316,69.51667600000188,2,2,4,0.033125048503279686
2317,69.54667600000188,2,2,3,0.03279105294495821
2318,69.57667600000188,1,1,2,0.019625062122941017
2319,69.60667600000188,2,2,2,0.030957977287471294
2320,69.63667600000188,1,1,2,0.017249956727027893
2321,69.66667600000189,1,1,2,0.03474997356534004
2322,69.69667600000189,2,1,2,0.025999965146183968
2323,69.72667600000189,1,1,2,0.01750001683831215
2324,69.75667600000189,1,1,2,0.01683307345956564
2325,69.78667600000189,1,1,1,0.016583944670856
2326,69.81667600000189,1,1,1,0.015416997484862804
2327,69.84667600000189,1,1,1,0.015040975995361805
2328,69.8766760000019,1,1,1,0.015874975360929966
2329,69.9066760000019,1,1,1,0.015666009858250618
2330,69.9366760000019,1,1,1,0.015124911442399025
2331,69.9666760000019,2,1,2,0.022458028979599476
2332,69.9966760000019,2,1,2,0.024416949599981308
2333,70.0266760000019,2,1,2,0.0290420139208436
2334,70.0566760000019,3,1,3,0.037125078961253166
2335,70.0866760000019,2,1,4,0.027084024623036385
2336,70.1166760000019,2,2,4,0.034708064049482346
2337,70.1466760000019,2,2,3,0.03300001844763756
2338,70.1766760000019,1,1,2,0.018417020328342915
2339,70.2066760000019,1,1,2,0.017249956727027893
2340,70.2366760000019,1,1,1,0.016832957044243813
2341,70.26667600000191,1,1,1,0.01525005791336298
2342,70.29667600000191,1,1,1,0.015874975360929966
2343,70.32667600000191,2,1,2,0.02237502485513687
2344,70.35667600000191,2,1,2,0.024458044208586216
2345,70.38667600000191,3,2,3,0.03695907071232796
2346,70.41667600000191,3,2,3,0.06049999501556158
2347,70.44667600000191,3,3,3,0.046666013076901436
2348,70.47667600000192,2,2,3,0.0326669542118907
2349,70.50667600000192,2,2,3,0.03187498077750206
2350,70.53667600000192,2,2,2,0.03129197284579277
2351,70.56667600000192,3,2,3,0.037499936297535896
2352,70.59667600000192,2,2,3,0.03270898014307022
2353,70.62667600000192,2,2,3,0.031333998776972294
2354,70.65667600000192,3,2,3,0.039083999581635
2355,70.68667600000192,3,2,3,0.04416704177856445
2356,70.71667600000193,2,2,3,0.03208301495760679
2357,70.74667600000193,3,2,4,0.03899994771927595
2358,70.77667600000193,3,2,3,0.040917075239121914
2359,70.80667600000193,2,2,3,0.031791976653039455
2360,70.83667600000193,3,2,3,0.06400002166628838
2361,70.86667600000193,3,1,4,0.04099996294826269
2362,70.89667600000193,2,1,4,0.03358302637934685
2363,70.92667600000193,3,2,3,0.042665982618927956
2364,70.95667600000193,2,1,4,0.02562499139457941
2365,70.98667600000194,2,1,4,0.028333044610917568
2366,71.01667600000194,4,3,4,0.061333063058555126
2367,71.04667600000194,1,1,4,0.020707957446575165
2368,71.07667600000194,3,3,4,0.04712503869086504
2369,71.10667600000194,4,4,4,0.06183399818837643
2370,71.13667600000194,2,2,4,0.03408303018659353
2371,71.16667600000194,4,2,5,0.05508307367563248
2372,71.19667600000194,3,1,6,0.06295810453593731
2373,71.22667600000194,4,2,8,0.052625080570578575
2374,71.25667600000195,2,2,6,0.04058401100337505
2375,71.28667600000195,1,1,5,0.022582942619919777
2376,71.31667600000195,1,1,2,0.02145895268768072
2377,71.34667600000195,4,2,4,0.046042026951909065
2378,71.37667600000195,2,1,4,0.02816703636199236
2379,71.40667600000195,3,1,4,0.04141696263104677
2380,71.43667600000195,3,3,4,0.04783296026289463
2381,71.46667600000195,3,2,4,0.04783296026289463
2382,71.49667600000195,2,2,4,0.033541000448167324
2383,71.52667600000196,3,1,4,0.04745798651129007
2384,71.55667600000196,2,2,3,0.034374999813735485
2385,71.58667600000196,2,2,3,0.03341690171509981
2386,71.61667600000196,2,2,2,0.05112506914883852
2387,71.64667600000196,2,2,2,0.030790921300649643
2388,71.67667600000196,2,2,2,0.030374969355762005
2389,71.70667600000196,2,2,2,0.030249939300119877
2390,71.73667600000196,2,2,2,0.030208961106836796
2391,71.76667600000197,2,2,2,0.029916991479694843
2392,71.79667600000197,2,2,2,0.029250048100948334
2393,71.82667600000197,2,2,2,0.030125025659799576
2394,71.85667600000197,2,2,2,0.02983398735523224
2395,71.88667600000197,2,2,2,0.030415947549045086
2396,71.91667600000197,2,2,2,0.02950010821223259
2397,71.94667600000197,2,2,2,0.030082999728620052
2398,71.97667600000197,2,2,2,0.029708025977015495
2399,72.00667600000197,2,2,2,0.029542017728090286
2400,72.03667600000198,2,2,2,0.02995890099555254
2401,72.06667600000198,3,2,3,0.03691692836582661
2402,72.09667600000198,1,1,3,0.019333092495799065
2403,72.12667600000198,1,1,3,0.017707934603095055
2404,72.15667600000198,1,1,1,0.01920911017805338
2405,72.18667600000198,2,1,2,0.022249994799494743
2406,72.21667600000198,2,1,2,0.041499966755509377
2407,72.24667600000198,2,1,2,0.02983398735523224
2408,72.27667600000198,0,0,2,0.004250090569257736
2409,72.30667600000199,2,2,2,0.03254192415624857
2410,72.33667600000199,1,1,2,0.017457990907132626
2411,72.36667600000199,1,1,2,0.016625039279460907
2412,72.39667600000199,1,1,1,0.016874982975423336
2413,72.42667600000199,2,1,2,0.02204091288149357
2414,72.45667600000199,2,1,2,0.024250010028481483
2415,72.48667600000199,2,2,2,0.029916991479694843
2416,72.516676000002,2,2,2,0.029415939934551716
2417,72.546676000002,2,2,2,0.0290420139208436
2418,72.576676000002,2,2,2,0.0289171002805233
2419,72.606676000002,2,2,2,0.029667047783732414
2420,72.636676000002,2,2,2,0.029499991796910763
2421,72.666676000002,2,2,2,0.02945796586573124
2422,72.696676000002,2,2,2,0.028957962058484554
2423,72.726676000002,2,2,2,0.028999987989664078
2424,72.756676000002,2,2,2,0.028999987989664078
2425,72.786676000002,2,2,2,0.031791976653039455
2426,72.816676000002,2,2,2,0.03058405127376318
2427,72.846676000002,2,2,2,0.050332979299128056
2428,72.876676000002,2,2,2,0.030292081646621227
2429,72.90667600000201,1,1,2,0.017666025087237358
2430,72.93667600000201,3,2,3,0.03895792178809643
2431,72.96667600000201,2,2,3,0.03341690171509981
2432,72.99667600000201,2,2,3,0.031250063329935074
2433,73.02667600000201,3,2,3,0.039792037568986416
2434,73.05667600000201,2,2,3,0.0326669542118907
2435,73.08667600000202,2,2,3,0.03241701051592827
2436,73.11667600000202,2,2,2,0.032125040888786316
2437,73.14667600000202,2,2,2,0.030374969355762005
2438,73.17667600000202,2,2,2,0.02995808608829975
2439,73.20667600000202,2,2,2,0.029832939617335796
2440,73.23667600000202,2,2,2,0.031207920983433723
2441,73.26667600000202,2,2,2,0.029209069907665253
2442,73.29667600000202,2,2,2,0.029582995921373367
2443,73.32667600000202,2,2,2,0.029082992114126682
2444,73.35667600000203,2,2,2,0.046625034883618355
2445,73.38667600000203,2,2,2,0.03170792479068041
2446,73.41667600000203,2,2,2,0.030499999411404133
2447,73.44667600000203,2,2,2,0.03004097379744053
2448,73.47667600000203,2,2,2,0.030375085771083832
2449,73.50667600000203,2,2,2,0.029875081963837147
2450,73.53667600000203,2,2,2,0.030833063647150993
2451,73.56667600000203,3,2,3,0.03683299291878939
2452,73.59667600000203,3,2,3,0.03895792178809643
2453,73.62667600000204,3,2,3,0.04541594535112381
2454,73.65667600000204,2,2,3,0.032665906473994255
2455,73.68667600000204,3,2,3,0.04445889499038458
2456,73.71667600000204,3,2,3,0.04604191053658724
2457,73.74667600000204,3,3,3,0.044874963350594044
2458,73.77667600000204,3,3,3,0.19241694826632738
2459,73.80667600000204,3,3,3,0.04650000482797623
2460,73.83667600000204,3,3,3,0.04554202314466238
2461,73.86667600000204,3,3,3,0.04650000482797623
2462,73.89667600000205,3,3,3,0.0451250234618783
2463,73.92667600000205,3,3,3,0.045791035518050194
2464,73.95667600000205,4,3,4,0.0553749268874526
2465,73.98667600000205,2,2,4,0.035375007428228855
2466,74.01667600000205,3,2,5,0.04083395469933748
2467,74.04667600000205,3,2,4,0.04395795986056328
2468,74.07667600000205,2,2,4,0.03566697705537081
2469,74.10667600000205,2,2,3,0.03424996975809336
2470,74.13667600000205,3,2,3,0.058999983593821526
2471,74.16667600000206,3,2,3,0.04199997056275606
2472,74.19667600000206,4,3,4,0.05470798350870609
2473,74.22667600000206,4,3,4,0.05604105535894632
2474,74.25667600000206,3,2,4,0.04812492989003658
2475,74.28667600000206,2,2,4,0.03458396531641483
2476,74.31667600000206,2,2,3,0.03458396531641483
2477,74.34667600000206,2,2,2,0.03245798870921135
2478,74.37667600000206,2,2,2,0.029832939617335796
2479,74.40667600000207,2,2,2,0.029667047783732414
2480,74.43667600000207,1,1,2,0.017042038962244987
2481,74.46667600000207,2,2,2,0.033541000448167324
2482,74.49667600000207,2,2,2,0.031000003218650818
2483,74.52667600000207,2,2,2,0.029499991796910763
2484,74.55667600000207,3,2,3,0.03658293280750513
2485,74.58667600000207,3,1,4,0.04966591950505972
2486,74.61667600000207,4,2,5,0.05412509199231863
2487,74.64667600000207,3,2,5,0.04549999721348286
2488,74.67667600000208,3,2,4,0.04966696724295616
2489,74.70667600000208,2,2,3,0.03433297388255596
2490,74.73667600000208,2,2,3,0.03291608300060034
2491,74.76667600000208,2,2,2,0.03291701432317495
2492,74.79667600000208,2,2,2,0.03104202914983034
2493,74.82667600000208,2,2,2,0.03133306745439768
2494,74.85667600000208,1,1,2,0.017124926671385765
2495,74.88667600000208,3,2,3,0.038499943912029266
2496,74.91667600000208,3,2,3,0.04108401481062174
2497,74.94667600000209,2,2,3,0.031708041206002235
2498,74.97667600000209,3,2,3,0.04845799412578344
2499,75.00667600000209,4,3,4,0.07520790677517653
2500,75.03667600000209,3,2,4,0.04358310252428055
2501,75.06667600000209,2,2,4,0.03366696182638407
2502,75.09667600000209,3,2,4,0.048625050112605095
2503,75.12667600000209,3,1,4,0.04766695201396942
2504,75.1566760000021,3,2,4,0.04783296026289463
2505,75.1866760000021,3,3,3,0.04779198206961155
2506,75.2166760000021,3,3,3,0.048625050112605095
2507,75.2466760000021,3,3,3,0.046291970647871494
2508,75.2766760000021,3,3,3,0.04683295264840126
2509,75.3066760000021,3,3,3,0.04883401561528444
2510,75.3366760000021,3,3,3,0.046291970647871494
2511,75.3666760000021,3,3,3,0.06329198367893696
2512,75.3966760000021,3,3,3,0.04679197445511818
2513,75.4266760000021,3,3,3,0.047749956138432026
2514,75.4566760000021,3,3,3,0.04666694439947605
2515,75.4866760000021,3,3,3,0.045666005462408066
2516,75.51667600000211,3,3,3,0.04533398896455765
2517,75.54667600000211,2,2,3,0.0350830378010869
2518,75.57667600000211,2,2,3,0.03195903263986111
2519,75.60667600000211,3,3,3,0.04654203075915575
2520,75.63667600000211,2,2,3,0.03229198046028614
2521,75.66667600000211,2,2,3,0.03200001083314419
2522,75.69667600000211,1,1,2,0.018583028577268124
2523,75.72667600000212,2,2,2,0.0315000070258975
2524,75.75667600000212,2,2,2,0.030666007660329342
2525,75.78667600000212,1,1,2,0.01970806624740362
2526,75.81667600000212,1,1,2,0.03550003748387098
2527,75.84667600000212,2,1,2,0.0326669542118907
2528,75.87667600000212,1,1,2,0.018166028894484043
2529,75.90667600000212,3,2,3,0.04054198507219553
2530,75.93667600000212,2,2,3,0.03470794763416052
2531,75.96667600000212,2,2,3,0.032832962460815907
2532,75.99667600000213,2,2,2,0.03270898014307022
2533,76.02667600000213,2,2,2,0.03200001083314419
2534,76.05667600000213,3,2,3,0.04141696263104677
2535,76.08667600000213,3,2,3,0.040874932892620564
2536,76.11667600000213,3,3,3,0.04579196684062481
2537,76.14667600000213,3,3,3,0.04712503869086504
2538,76.17667600000213,2,2,3,0.03258301876485348
2539,76.20667600000213,3,3,3,0.1177079975605011
2540,76.23667600000213,4,3,4,0.279792002402246
2541,76.26667600000214,3,3,4,0.16866601072251797
2542,76.29667600000214,2,2,4,0.06495800334960222
2543,76.32667600000214,1,1,3,0.027125002816319466
2544,76.35667600000214,2,1,3,0.03374996595084667
2545,76.38667600000214,1,1,2,0.03250001464039087
2546,76.41667600000214,1,1,2,0.020791077986359596
2547,76.44667600000214,1,1,1,0.08329201955348253
2548,76.47667600000214,3,1,3,0.0873330282047391
2549,76.50667600000214,3,1,4,0.08633395191282034
2550,76.53667600000215,2,1,4,0.08479098323732615
2551,76.56667600000215,3,1,4,0.09995896834880114
2552,76.59667600000215,1,0,3,0.05349994171410799
2553,76.62667600000215,2,2,3,0.08129200432449579
2554,76.65667600000215,2,2,2,0.07941701915115118
2555,76.68667600000215,2,2,2,0.07574993651360273
2556,76.71667600000215,2,2,2,0.07624994032084942
2557,76.74667600000215,2,2,2,0.1099579967558384
2558,76.77667600000215,2,2,2,0.038375030271708965
2559,76.80667600000216,2,2,2,0.09404204320162535
2560,76.83667600000216,1,1,2,0.027957954443991184
2561,76.86667600000216,2,2,2,0.1611249754205346
2562,76.89667600000216,1,1,2,0.05829194560647011
2563,76.92667600000216,2,1,2,0.08658296428620815
2564,76.95667600000216,1,1,2,0.08537503890693188
2565,76.98667600000216,2,2,2,0.09116600267589092
2566,77.01667600000216,1,1,2,0.055875047110021114
2567,77.04667600000217,2,2,2,0.03774999640882015
2568,77.07667600000217,1,1,2,0.020459061488509178
2569,77.10667600000217,1,1,2,0.018625054508447647
2570,77.13667600000217,1,1,1,0.020541949197649956
2571,77.16667600000217,1,1,1,0.017000013031065464
2572,77.19667600000217,1,1,1,0.01633400097489357
2573,77.22667600000217,1,1,1,0.016417005099356174
2574,77.25667600000217,1,1,1,0.015749945305287838
2575,77.28667600000217,2,1,2,0.02637505531311035
2576,77.31667600000218,1,1,2,0.018582912161946297
2577,77.34667600000218,1,1,2,0.018208986148238182
2578,77.37667600000218,2,1,2,0.02587493509054184
2579,77.40667600000218,1,1,2,0.09958306327462196
2580,77.43667600000218,1,1,2,0.06816699169576168
2581,77.46667600000218,2,1,2,0.07625005673617125
2582,77.49667600000218,2,1,2,0.07004197686910629
2583,77.52667600000218,1,1,2,0.046708970330655575
2584,77.55667600000218,2,1,2,0.07966696284711361
2585,77.58667600000219,2,1,2,0.08895795326679945
2586,77.61667600000219,2,2,2,0.10274990927428007
2587,77.64667600000219,2,2,2,0.040416023693978786
2588,77.67667600000219,2,2,2,0.033791991882026196
2589,77.70667600000219,2,2,2,0.032374984584748745
2590,77.73667600000219,2,2,2,0.034374999813735485
2591,77.76667600000219,1,1,2,0.023499946109950542
2592,77.7966760000022,2,2,2,0.0322909327223897
2593,77.8266760000022,2,2,2,0.031000003218650818
2594,77.8566760000022,2,2,2,0.03158301115036011
2595,77.8866760000022,2,2,2,0.03062502946704626
2596,77.9166760000022,2,2,2,0.030082999728620052
2597,77.9466760000022,2,2,2,0.03216695040464401
2598,77.9766760000022,2,2,2,0.032624928280711174
2599,78.0066760000022,2,2,2,0.044958083890378475
2600,78.0366760000022,3,2,3,0.056832912378013134
2601,78.0666760000022,2,2,3,0.03604206722229719
2602,78.0966760000022,3,2,4,0.04650000482797623
2603,78.1266760000022,3,2,3,0.0714579364284873
2604,78.15667600000221,3,3,3,0.049458001740276814
2605,78.18667600000221,2,1,3,0.11879100929945707
2606,78.21667600000221,3,1,4,0.15724997501820326
2607,78.24667600000221,2,2,3,0.0903330510482192
2608,78.27667600000221,2,2,3,0.04650000482797623
2609,78.30667600000221,3,2,3,0.11374999303370714
2610,78.33667600000221,3,2,3,0.049291993491351604
2611,78.36667600000222,3,3,3,0.04937499761581421
2612,78.39667600000222,2,2,3,0.03474997356534004
2613,78.42667600000222,2,2,3,0.034541008062660694
2614,78.45667600000222,2,2,2,0.13804202899336815
2615,78.48667600000222,2,2,2,0.10737509001046419
2616,78.51667600000222,2,2,2,0.0829590717330575
2617,78.54667600000222,3,2,3,0.18741702660918236
2618,78.57667600000222,2,1,3,0.1736249541863799
2619,78.60667600000222,2,1,3,0.09541702456772327
2620,78.63667600000223,2,1,2,0.11500006075948477
2621,78.66667600000223,2,2,2,0.08129200432449579
2622,78.69667600000223,2,2,2,0.07587508298456669
2623,78.72667600000223,3,2,3,0.11250004172325134
2624,78.75667600000223,2,1,3,0.08874991908669472
2625,78.78667600000223,2,1,3,0.1312500098720193
2626,78.81667600000223,2,2,2,0.054916017688810825
2627,78.84667600000223,3,2,3,0.04449998959898949
2628,78.87667600000223,2,2,3,0.03645801916718483
2629,78.90667600000224,2,2,3,0.033791991882026196
2630,78.93667600000224,2,2,2,0.1912500010803342
2631,78.96667600000224,2,2,2,0.10558299254626036
2632,78.99667600000224,2,2,2,0.0475000124424696
2633,79.02667600000224,2,2,2,0.036792014725506306
2634,79.05667600000224,2,2,2,0.03324996214359999
2635,79.08667600000224,3,2,3,0.06445799954235554
2636,79.11667600000224,3,2,3,0.049083027988672256
2637,79.14667600000224,2,2,3,0.1433329889550805
2638,79.17667600000225,2,2,3,0.0868749339133501
2639,79.20667600000225,2,2,2,0.08412497118115425
2640,79.23667600000225,2,2,2,0.07954204920679331
2641,79.26667600000225,2,2,2,0.07791700772941113
2642,79.29667600000225,2,2,2,0.08029199671000242
2643,79.32667600000225,2,2,2,0.04041590727865696
2644,79.35667600000225,2,2,2,0.036624958738684654
2645,79.38667600000225,2,2,2,0.03783300053328276
2646,79.41667600000225,2,2,2,0.03441702574491501
2647,79.44667600000226,2,2,2,0.033250078558921814
2648,79.47667600000226,2,2,2,0.032791984267532825
2649,79.50667600000226,2,2,2,0.03374996595084667
2650,79.53667600000226,2,2,2,0.03654207102954388
2651,79.56667600000226,2,2,2,0.03250001464039087
2652,79.59667600000226,2,2,2,0.23208302445709705
2653,79.62667600000226,2,2,2,0.03458396531641483
2654,79.65667600000226,2,2,2,0.03445800393819809
2655,79.68667600000227,2,2,2,0.032291049137711525
2656,79.71667600000227,2,2,2,0.031333998776972294
2657,79.74667600000227,3,2,3,0.04225003067404032
2658,79.77667600000227,2,2,3,0.03629201091825962
2659,79.80667600000227,2,2,3,0.033791991882026196
2660,79.83667600000227,2,2,2,0.03441702574491501
2661,79.86667600000227,2,2,2,0.030499999411404133
2662,79.89667600000227,2,2,2,0.031125033274292946
2663,79.92667600000227,2,2,2,0.031374976970255375
2664,79.95667600000228,2,2,2,0.031166942790150642
2665,79.98667600000228,2,2,2,0.031166942790150642
2666,80.01667600000228,3,2,3,0.04449998959898949
2667,80.04667600000228,2,2,3,0.03458303399384022
2668,80.07667600000228,2,2,3,0.03491598181426525
2669,80.10667600000228,2,2,2,0.05300005432218313
2670,80.13667600000228,2,2,2,0.035792007111012936
2671,80.16667600000228,2,2,2,0.03237510100007057
2672,80.19667600000228,3,2,3,0.04045804962515831
2673,80.22667600000229,2,2,3,0.13241602573543787
2674,80.25667600000229,2,2,3,0.11316698510199785
2675,80.28667600000229,2,2,2,0.1093749888241291
2676,80.31667600000229,3,2,3,0.04849990364164114
2677,80.34667600000229,3,2,3,0.047749956138432026
2678,80.37667600000229,3,3,3,0.04933401942253113
2679,80.40667600000229,3,3,3,0.04937499761581421
2680,80.4366760000023,3,3,3,0.04795799031853676
2681,80.4666760000023,2,2,3,0.03458396531641483
2682,80.4966760000023,2,2,3,0.19570905715227127
2683,80.5266760000023,3,2,3,0.11704105418175459
2684,80.5566760000023,2,2,3,0.145458965562284
2685,80.5866760000023,2,2,3,0.09070790838450193
2686,80.6166760000023,2,2,2,0.08462509140372276
2687,80.6466760000023,2,2,2,0.09191699791699648
2688,80.6766760000023,2,2,2,0.19387505017220974
2689,80.7066760000023,2,2,2,0.09679095819592476
2690,80.7366760000023,2,2,2,0.08983397856354713
2691,80.7666760000023,2,2,2,0.08908298332244158
2692,80.79667600000231,2,2,2,0.09133294224739075
2693,80.82667600000231,2,2,2,0.07979199290275574
2694,80.85667600000231,3,2,3,0.10729103814810514
2695,80.88667600000231,2,2,3,0.08712499402463436
2696,80.91667600000231,2,2,3,0.08537492249161005
2697,80.94667600000231,2,2,2,0.12166600208729506
2698,80.97667600000231,3,2,3,0.11216697748750448
2699,81.00667600000232,2,2,3,0.09300000965595245
2700,81.03667600000232,3,2,4,0.15791598707437515
2701,81.06667600000232,3,2,3,0.10916695464402437
2702,81.09667600000232,3,2,4,0.10020891204476357
2703,81.12667600000232,1,1,4,0.050749978981912136
2704,81.15667600000232,1,1,3,0.05216605495661497
2705,81.18667600000232,2,1,2,0.0730419997125864
2706,81.21667600000232,1,1,2,0.04800001624971628
2707,81.24667600000232,1,1,2,0.044958083890378475
2708,81.27667600000233,1,1,1,0.04741700831800699
2709,81.30667600000233,1,1,1,0.04129204899072647
2710,81.33667600000233,2,1,2,0.057833967730402946
2711,81.36667600000233,2,1,3,0.16054196748882532
2712,81.39667600000233,2,1,4,0.08841697126626968
2713,81.42667600000233,2,1,3,0.08316605817526579
2714,81.45667600000233,2,1,2,0.0825000461190939
2715,81.48667600000233,3,1,3,0.0980000477284193
2716,81.51667600000233,3,1,3,0.10100007057189941
2717,81.54667600000234,1,1,3,0.059249927289783955
2718,81.57667600000234,3,1,4,0.1099579967558384
2719,81.60667600000234,2,1,4,0.0675420742481947
2720,81.63667600000234,1,1,4,0.09537499863654375
2721,81.66667600000234,1,1,2,0.051083043217659
2722,81.69667600000234,1,1,1,0.04454189911484718
2723,81.72667600000234,0,0,1,0.0071660615503787994
2724,81.75667600000234,1,1,1,0.0404169550165534
2725,81.78667600000234,1,1,1,0.03858294803649187
2726,81.81667600000235,0,0,1,0.006042071618139744
2727,81.84667600000235,0,0,1,0.005125068128108978
2728,81.87667600000235,0,0,0,0.005999929271638393
2729,81.90667600000235,2,0,2,0.034958007745444775
2730,81.93667600000235,1,0,2,0.025958986952900887
2731,81.96667600000235,2,0,3,0.05579192657023668
2732,81.99667600000235,1,0,2,0.04754099063575268
2733,82.02667600000235,2,1,2,0.06262504030019045
2734,82.05667600000235,1,1,2,0.04225003067404032
2735,82.08667600000236,2,1,2,0.077791977673769
2736,82.11667600000236,1,1,2,0.04241603892296553
2737,82.14667600000236,1,1,2,0.042750034481287
2738,82.17667600000236,1,1,1,0.041917082853615284
2739,82.20667600000236,1,1,1,0.037499936297535896
2740,82.23667600000236,1,1,1,0.03687501884996891
2741,82.26667600000236,1,1,1,0.03741704858839512
2742,82.29667600000236,1,1,1,0.0374580267816782
2743,82.32667600000237,2,1,2,0.0540000619366765
2744,82.35667600000237,1,1,2,0.04412501584738493
2745,82.38667600000237,2,1,2,0.0652089947834611
2746,82.41667600000237,2,2,2,0.07275003008544445
2747,82.44667600000237,1,1,2,0.041041988879442215
2748,82.47667600000237,1,1,2,0.040416023693978786
2749,82.50667600000237,1,1,1,0.04225003067404032
2750,82.53667600000237,1,1,1,0.03787502646446228
2751,82.56667600000237,1,1,1,0.03916595596820116
2752,82.59667600000238,1,1,1,0.037209014408290386
2753,82.62667600000238,1,1,1,0.04379195161163807
2754,82.65667600000238,0,0,1,0.006208079867064953
2755,82.68667600000238,1,1,1,0.039458973333239555
2756,82.71667600000238,1,1,1,0.0378340482711792
2757,82.74667600000238,1,1,1,0.08208397775888443
2758,82.77667600000238,1,1,1,0.03804103471338749
2759,82.80667600000238,1,1,1,0.0379589619114995
2760,82.83667600000238,1,1,1,0.037499936297535896
2761,82.86667600000239,1,1,1,0.039334059692919254
2762,82.89667600000239,2,1,2,0.06079091690480709
2763,82.92667600000239,1,1,2,0.04395900759845972
2764,82.95667600000239,2,1,2,0.06429105997085571
2765,82.98667600000239,2,2,2,0.0760830007493496
2766,83.01667600000239,1,1,2,0.04879198968410492
2767,83.04667600000239,2,2,2,0.08158397395163774
2768,83.0766760000024,1,1,2,0.04333304241299629
2769,83.1066760000024,0,0,2,0.009124982170760632
2770,83.1366760000024,1,1,1,0.04679092671722174
2771,83.1666760000024,1,1,1,0.039792037568986416
2772,83.1966760000024,1,1,1,0.043291947804391384
2773,83.2266760000024,1,1,1,0.041209044866263866
2774,83.2566760000024,2,1,2,0.055999960750341415
2775,83.2866760000024,1,1,2,0.04258297849446535
2776,83.3166760000024,1,1,2,0.041665975004434586
2777,83.3466760000024,2,1,2,0.06195798050612211
2778,83.3766760000024,1,1,2,0.048582907766103745
2779,83.4066760000024,1,1,2,0.04120892845094204
2780,83.43667600000241,2,2,2,0.0782090937718749
2781,83.46667600000241,1,1,2,0.12320897076278925
2782,83.49667600000241,1,1,2,0.04454201553016901
2783,83.52667600000241,2,2,2,0.07412501145154238
2784,83.55667600000241,1,1,2,0.0415419926866889
2785,83.58667600000241,1,1,2,0.04295795224606991
2786,83.61667600000241,2,1,2,0.1063330564647913
2787,83.64667600000242,1,1,2,0.058249919675290585
2788,83.67667600000242,1,1,2,0.04783296026289463
2789,83.70667600000242,1,1,1,0.050292001105844975
2790,83.73667600000242,1,1,1,0.042708939872682095
2791,83.76667600000242,0,0,1,0.006499933078885078
2792,83.79667600000242,0,0,1,0.005542067810893059
2793,83.82667600000242,0,0,0,0.006541959010064602
2794,83.85667600000242,0,0,0,0.002959044650197029
2795,83.88667600000242,1,0,1,0.020709005184471607
2796,83.91667600000243,1,0,2,0.021832995116710663
2797,83.94667600000243,0,0,2,0.007166992872953415
2798,83.97667600000243,0,0,1,0.006958027370274067
2799,84.00667600000243,0,0,0,0.004915986210107803
2800,84.03667600000243,1,0,1,0.017708982340991497
2801,84.06667600000243,1,0,1,0.02308306284248829
2802,84.09667600000243,1,0,1,0.03895896952599287
2803,84.12667600000243,1,1,1,0.03741693217307329
2804,84.15667600000243,1,0,1,0.038792029954493046
2805,84.18667600000244,1,1,1,0.04095793701708317
2806,84.21667600000244,1,1,1,0.043874955736100674
2807,84.24667600000244,1,1,1,0.04495796747505665
2808,84.27667600000244,1,1,1,0.15845894813537598
2809,84.30667600000244,1,1,1,0.05837494973093271
2810,84.33667600000244,1,1,1,0.04850002005696297
2811,84.36667600000244,1,1,1,0.046083005145192146
2812,84.39667600000244,1,1,1,0.0422910088673234
2813,84.42667600000244,1,1,1,0.04166702274233103
2814,84.45667600000245,1,1,1,0.03912497777491808
2815,84.48667600000245,1,1,1,0.03958400338888168
2816,84.51667600000245,1,1,1,0.03875000402331352
2817,84.54667600000245,2,1,2,0.08691707625985146
2818,84.57667600000245,0,0,2,0.011499971151351929
2819,84.60667600000245,1,1,2,0.0499580055475235
2820,84.63667600000245,1,1,1,0.04658300895243883
2821,84.66667600000245,0,0,1,0.006458023563027382
2822,84.69667600000245,1,0,1,0.041209044866263866
2823,84.72667600000246,1,1,1,0.04554190672934055
2824,84.75667600000246,1,1,1,0.03933301195502281
2825,84.78667600000246,1,1,1,0.040790997445583344
2826,84.81667600000246,1,1,1,0.03945804201066494
2827,84.84667600000246,1,1,1,0.0391670037060976
2828,84.87667600000246,2,1,2,0.05783303640782833
2829,84.90667600000246,2,1,2,0.06262504030019045
2830,84.93667600000246,2,2,2,0.13583304826170206
2831,84.96667600000247,3,1,3,0.09779096581041813
2832,84.99667600000247,2,1,3,0.08087500464171171
2833,85.02667600000247,1,1,3,0.026250025257468224
2834,85.05667600000247,1,1,2,0.021875021047890186
2835,85.08667600000247,2,1,2,0.08362508378922939
2836,85.11667600000247,0,0,2,0.004875008016824722
2837,85.14667600000247,0,0,2,0.003625056706368923
2838,85.17667600000247,2,2,2,0.0338749960064888
2839,85.20667600000247,2,1,2,0.06358395330607891
2840,85.23667600000248,2,2,2,0.032125040888786316
2841,85.26667600000248,1,1,2,0.019249971956014633
2842,85.29667600000248,2,1,3,0.08775002788752317
2843,85.32667600000248,2,1,3,0.03600004129111767
2844,85.35667600000248,2,2,3,0.03433297388255596
2845,85.38667600000248,3,2,3,0.11895899660885334
2846,85.41667600000248,3,2,3,0.04395900759845972
2847,85.44667600000248,2,2,3,0.0820419518277049
2848,85.47667600000248,2,2,3,0.033791991882026196
2849,85.50667600000249,2,2,3,0.055875047110021114
2850,85.53667600000249,2,2,2,0.05849997978657484
2851,85.56667600000249,2,2,2,0.04383292980492115
2852,85.59667600000249,1,1,2,0.06579200271517038
2853,85.62667600000249,2,2,2,0.11024996638298035
2854,85.65667600000249,1,1,2,0.047915964387357235
2855,85.68667600000249,1,1,2,0.04449998959898949
2856,85.7166760000025,2,2,2,0.11491694021970034
2857,85.7466760000025,1,1,2,0.031083007343113422
2858,85.7766760000025,2,1,2,0.5247080698609352
2859,85.8066760000025,2,2,2,0.08558307308703661
2860,85.8366760000025,2,1,2,0.08704210631549358
2861,85.8666760000025,2,2,2,0.07691606879234314
2862,85.8966760000025,2,2,2,0.08016603533178568
2863,85.9266760000025,0,0,2,0.009709037840366364
2864,85.9566760000025,0,0,2,0.007999944500625134
2865,85.9866760000025,1,0,1,0.04883401561528444
2866,86.0166760000025,2,1,2,0.07854192517697811
2867,86.0466760000025,2,1,2,0.10358402505517006
2868,86.07667600000251,2,1,2,0.0974580179899931
2869,86.10667600000251,1,1,2,0.04983297549188137
2870,86.13667600000251,1,1,2,0.04995905328541994
2871,86.16667600000251,2,0,3,0.06733299233019352
2872,86.19667600000251,1,1,3,0.047625042498111725
2873,86.22667600000251,2,1,3,0.14058290980756283
2874,86.25667600000251,1,1,2,0.049875001423060894
2875,86.28667600000252,0,0,2,0.009917072020471096
2876,86.31667600000252,2,0,2,0.07891596760600805
2877,86.34667600000252,2,1,2,0.07725006435066462
2878,86.37667600000252,1,1,2,0.06308301817625761
2879,86.40667600000252,1,1,2,0.04712503869086504
2880,86.43667600000252,1,1,1,0.06691704038530588
2881,86.46667600000252,1,1,1,0.04091695882380009
2882,86.49667600000252,1,1,1,0.04224991425871849
2883,86.52667600000252,1,1,1,0.039915903471410275
2884,86.55667600000253,1,1,1,0.03820809070020914
2885,86.58667600000253,1,1,1,0.038707978092134
2886,86.61667600000253,1,1,1,0.03841705620288849
2887,86.64667600000253,2,1,2,0.05825003609061241
2888,86.67667600000253,2,1,2,0.06316695362329483
2889,86.70667600000253,2,1,2,0.07504201494157314
2890,86.73667600000253,2,1,2,0.07816602010279894
2891,86.76667600000253,2,1,2,0.07533305324614048
2892,86.79667600000253,3,2,3,0.0937500735744834
2893,86.82667600000254,2,2,3,0.08091703057289124
2894,86.85667600000254,2,2,3,0.08466595318168402
2895,86.88667600000254,2,2,2,0.08245790377259254
2896,86.91667600000254,2,2,2,0.07829105015844107
2897,86.94667600000254,2,2,2,0.13537495397031307
2898,86.97667600000254,2,2,2,0.07737497799098492
2899,87.00667600000254,2,2,2,0.07562502287328243
2900,87.03667600000254,2,2,2,0.07633294444531202
2901,87.06667600000254,2,2,2,0.07833295967429876
2902,87.09667600000255,2,2,2,0.07624994032084942
2903,87.12667600000255,2,2,2,0.07470895070582628
2904,87.15667600000255,2,2,2,0.0742919510230422
2905,87.18667600000255,2,2,2,0.07433292921632528
2906,87.21667600000255,2,2,2,0.07874995935708284
2907,87.24667600000255,2,2,2,0.07816602010279894
2908,87.27667600000255,2,2,2,0.0801250571385026
2909,87.30667600000255,2,2,2,0.04112499300390482
2910,87.33667600000256,2,2,2,0.04549999721348286
2911,87.36667600000256,2,2,2,0.1092500751838088
2912,87.39667600000256,2,2,2,0.07933296728879213
2913,87.42667600000256,2,2,2,0.07679197005927563
2914,87.45667600000256,2,2,2,0.07633306086063385
2915,87.48667600000256,2,2,2,0.12674997560679913
2916,87.51667600000256,2,2,2,0.0762909185141325
2917,87.54667600000256,2,2,2,0.08108397014439106
2918,87.57667600000256,2,2,2,0.07633399218320847
2919,87.60667600000257,2,2,2,0.07449998520314693
2920,87.63667600000257,2,2,2,0.07566704880446196
2921,87.66667600000257,2,2,2,0.07479207124561071
2922,87.69667600000257,2,2,2,0.09866594336926937
2923,87.72667600000257,3,2,3,0.061249942518770695
2924,87.75667600000257,2,2,3,0.0415419926866889
2925,87.78667600000257,2,2,3,0.03579095937311649
2926,87.81667600000257,2,2,2,0.034958007745444775
2927,87.84667600000257,2,2,2,0.03454205580055714
2928,87.87667600000258,2,2,2,0.03308395389467478
2929,87.90667600000258,1,1,2,0.01850002445280552
2930,87.93667600000258,2,2,2,0.031957984901964664
2931,87.96667600000258,3,2,3,0.04087504930794239
2932,87.99667600000258,2,2,3,0.26529200840741396
2933,88.02667600000258,2,2,3,0.03825000021606684
2934,88.05667600000258,2,2,2,0.035499921068549156
2935,88.08667600000258,2,2,2,0.032125040888786316
2936,88.11667600000258,2,2,2,0.031125033274292946
2937,88.14667600000259,2,2,2,0.03233295865356922
2938,88.17667600000259,2,2,2,0.033374992199242115
2939,88.20667600000259,2,2,2,0.031000003218650818
2940,88.23667600000259,2,2,2,0.030291033908724785
2941,88.26667600000259,2,2,2,0.03179104533046484
2942,88.29667600000259,3,2,3,0.041082967072725296
2943,88.32667600000259,2,2,3,0.03666698466986418
2944,88.3566760000026,2,2,3,0.035084085538983345
2945,88.3866760000026,2,2,2,0.03308395389467478
2946,88.4166760000026,3,2,3,0.041207997128367424
2947,88.4466760000026,3,2,3,0.04483398515731096
2948,88.4766760000026,2,2,3,0.056416960433125496
2949,88.5066760000026,2,2,3,0.03554206341505051
2950,88.5366760000026,2,2,2,0.034082913771271706
2951,88.5666760000026,2,2,2,0.030666938982903957
2952,88.5966760000026,3,2,3,0.041041988879442215
2953,88.6266760000026,3,2,3,0.04320906009525061
2954,88.6566760000026,3,2,3,0.047291978262364864
2955,88.6866760000026,3,2,3,0.04800001624971628
2956,88.71667600000261,3,2,3,0.0463749747723341
2957,88.74667600000261,2,2,3,0.03487500362098217
2958,88.77667600000261,2,2,3,0.03374996595084667
2959,88.80667600000261,3,3,3,0.048625050112605095
2960,88.83667600000261,3,3,3,0.04695903044193983
2961,88.86667600000261,3,3,3,0.04825007636100054
2962,88.89667600000261,2,2,3,0.055333017371594906
2963,88.92667600000262,2,2,3,0.034958007745444775
2964,88.95667600000262,2,2,2,0.03454205580055714
2965,88.98667600000262,2,2,2,0.03241607919335365
2966,89.01667600000262,2,1,3,0.02737506292760372
2967,89.04667600000262,2,2,3,0.04395900759845972
2968,89.07667600000262,2,2,3,0.0350000336766243
2969,89.10667600000262,2,2,2,0.03516604192554951
2970,89.13667600000262,2,2,2,0.03308302257210016
2971,89.16667600000262,2,2,2,0.03287498839199543
2972,89.19667600000263,2,2,2,0.03158405888825655
2973,89.22667600000263,2,2,2,0.03183307126164436
2974,89.25667600000263,2,2,2,0.030082999728620052
2975,89.28667600000263,2,2,2,0.03133295103907585
2976,89.31667600000263,2,2,2,0.0314170029014349
2977,89.34667600000263,2,2,2,0.030749943107366562
2978,89.37667600000263,2,2,2,0.030125025659799576
2979,89.40667600000263,2,2,2,0.05033391062170267
2980,89.43667600000263,3,2,3,0.043625012040138245
2981,89.46667600000264,2,2,3,0.03454193938523531
2982,89.49667600000264,2,2,3,0.033917021937668324
2983,89.52667600000264,2,2,2,0.03275007475167513
2984,89.55667600000264,1,1,2,0.018166028894484043
2985,89.58667600000264,2,2,2,0.03195810131728649
2986,89.61667600000264,2,2,2,0.030792085453867912
2987,89.64667600000264,2,2,2,0.03258406650274992
2988,89.67667600000264,1,0,3,0.012333039194345474
2989,89.70667600000264,0,0,3,0.00500003807246685
2990,89.73667600000265,0,0,1,0.005500041879713535
2991,89.76667600000265,1,0,1,0.009999959729611874
2992,89.79667600000265,1,0,1,0.010624993592500687
2993,89.82667600000265,1,0,2,0.008833012543618679
2994,89.85667600000265,1,0,2,0.011041993275284767
2995,89.88667600000265,1,1,1,0.019582919776439667
2996,89.91667600000265,1,1,1,0.016583013348281384
2997,89.94667600000265,1,1,1,0.016291975043714046
2998,89.97667600000266,1,1,1,0.015625031664967537
2999,90.00667600000266,1,1,1,0.015874975360929966
3000,90.03667600000266,1,1,1,0.01591700129210949
3001,90.06667600000266,3,1,3,0.03191595897078514
3002,90.09667600000266,1,1,3,0.020166044123470783
3003,90.12667600000266,1,1,3,0.018707942217588425
3004,90.15667600000266,1,1,1,0.01916696783155203
3005,90.18667600000266,1,1,1,0.01579197123646736
3006,90.21667600000266,1,1,1,0.015625031664967537
3007,90.24667600000267,0,0,1,0.002625049091875553
3008,90.27667600000267,1,1,1,0.016375095583498478
3009,90.30667600000267,1,1,1,0.08883303962647915
3010,90.33667600000267,1,1,1,0.057249912060797215
3011,90.36667600000267,0,0,1,0.00825000461190939
3012,90.39667600000267,1,1,1,0.10129192378371954
3013,90.42667600000267,0,0,1,0.00666698906570673
3014,90.45667600000267,1,0,1,0.04516704939305782
3015,90.48667600000267,1,1,1,0.03995909355580807
3016,90.51667600000268,1,1,1,0.06766594015061855
3017,90.54667600000268,1,1,1,0.06704207044094801
3018,90.57667600000268,1,1,1,0.040375045500695705
3019,90.60667600000268,1,1,1,0.03929203376173973
3020,90.63667600000268,1,1,1,0.03875000402331352
3021,90.66667600000268,1,1,1,0.03841705620288849
3022,90.69667600000268,1,1,1,0.03779097460210323
3023,90.72667600000268,1,1,1,0.04425004590302706
3024,90.75667600000268,1,1,1,0.038125086575746536
3025,90.78667600000269,1,1,1,0.0392089132219553
3026,90.81667600000269,1,1,1,0.038541038520634174
3027,90.84667600000269,1,1,1,0.04312500823289156
3028,90.87667600000269,0,0,1,0.007207971066236496
3029,90.90667600000269,1,1,1,0.04054198507219553
3030,90.93667600000269,0,0,1,0.006083049811422825
3031,90.96667600000269,0,0,1,0.005249981768429279
3032,90.9966760000027,0,0,0,0.006749993190169334
3033,91.0266760000027,0,0,0,0.002750079147517681
3034,91.0566760000027,1,0,1,0.02475001383572817
3035,91.0866760000027,1,0,1,0.024458044208586216
3036,91.1166760000027,0,0,1,0.005625071935355663
3037,91.1466760000027,0,0,1,0.004915986210107803
3038,91.1766760000027,0,0,0,0.005749985575675964
3039,91.2066760000027,0,0,0,0.008334056474268436
3040,91.2366760000027,0,0,0,0.002249958924949169
3041,91.2666760000027,0,0,0,0.0019579892978072166
3042,91.2966760000027,0,0,0,0.0019159633666276932
3043,91.3266760000027,0,0,0,0.001959037035703659
3044,91.35667600000271,0,0,0,0.001959037035703659
3045,91.38667600000271,1,0,1,0.02445897553116083
3046,91.41667600000271,0,0,1,0.005292007699608803
3047,91.44667600000271,0,0,1,0.010165967978537083
3048,91.47667600000271,1,0,1,0.042334082536399364
3049,91.50667600000271,1,0,1,0.041499966755509377
3050,91.53667600000271,0,0,1,0.007833004929125309
3051,91.56667600000272,1,0,1,0.04445808008313179
3052,91.59667600000272,1,1,1,0.04304107278585434
3053,91.62667600000272,1,1,1,0.03925000783056021
3054,91.65667600000272,1,0,2,0.02345896791666746
3055,91.68667600000272,1,0,2,0.04000007174909115
3056,91.71667600000272,1,0,2,0.028291018679738045
3057,91.74667600000272,2,0,2,0.037125078961253166
3058,91.77667600000272,0,0,2,0.004834029823541641
3059,91.80667600000272,1,0,2,0.018916907720267773
3060,91.83667600000273,0,0,1,0.004417030140757561
3061,91.86667600000273,0,0,1,0.0025420449674129486
3062,91.89667600000273,0,0,0,0.002750079147517681
3063,91.92667600000273,0,0,0,0.0010830117389559746
3064,91.95667600000273,0,0,0,0.000875093974173069
3065,91.98667600000273,0,0,0,0.0008329516276717186
3066,92.01667600000273,0,0,0,0.0008329516276717186
3067,92.04667600000273,0,0,0,0.0007079215720295906
3068,92.07667600000273,0,0,0,0.0007919734343886375
3069,92.10667600000274,1,0,1,0.009417068213224411
3070,92.13667600000274,0,0,1,0.002375105395913124
3071,92.16667600000274,0,0,1,0.00200001522898674
3072,92.19667600000274,0,0,0,0.0020420411601662636
3073,92.22667600000274,0,0,0,0.0008749775588512421
3074,92.25667600000274,0,0,0,0.0008329516276717186
3075,92.28667600000274,0,0,0,0.0007919734343886375
3076,92.31667600000274,0,0,0,0.0007499475032091141
3077,92.34667600000274,0,0,0,0.0007080379873514175
3078,92.37667600000275,0,0,0,0.0007919734343886375
3079,92.40667600000275,0,0,0,0.0007909256964921951
3080,92.43667600000275,0,0,0,0.0007499475032091141
3081,92.46667600000275,0,0,0,0.0007919734343886375
3082,92.49667600000275,0,0,0,0.0007080379873514175
3083,92.52667600000275,0,0,0,0.0007080379873514175
3084,92.55667600000275,0,0,0,0.0007080379873514175
3085,92.58667600000275,0,0,0,0.000750063918530941
3086,92.61667600000276,0,0,0,0.000750063918530941
3087,92.64667600000276,0,0,0,0.0009170034900307655
3088,92.67667600000276,0,0,0,0.0007499475032091141
3089,92.70667600000276,0,0,0,0.0007499475032091141
3090,92.73667600000276,1,0,1,0.007999944500625134
3091,92.76667600000276,0,0,1,0.0018749851733446121
3092,92.79667600000276,0,0,1,0.0016249250620603561
3093,92.82667600000276,0,0,0,0.0017910497263073921
3094,92.85667600000276,0,0,0,0.000875093974173069
3095,92.88667600000277,0,0,0,0.0008330680429935455
3096,92.91667600000277,0,0,0,0.0009159557521343231
3097,92.94667600000277,0,0,0,0.000750063918530941
3098,92.97667600000277,0,0,0,0.00070908572524786
3099,93.00667600000277,0,0,0,0.0007080379873514175
3100,93.03667600000277,0,0,0,0.0007080379873514175
3101,93.06667600000277,0,0,0,0.0007919734343886375
3102,93.09667600000277,1,0,1,0.007958966307342052
3103,93.12667600000277,0,0,1,0.0018749851733446121
3104,93.15667600000278,0,0,1,0.001584063284099102
3105,93.18667600000278,0,0,0,0.0017919810488820076
3106,93.21667600000278,0,0,0,0.00100000761449337
3107,93.24667600000278,0,0,0,0.0007909256964921951
3108,93.27667600000278,0,0,0,0.0007499475032091141
3109,93.30667600000278,0,0,0,0.0006660120561718941
3110,93.33667600000278,0,0,0,0.0007080379873514175
3111,93.36667600000278,0,0,0,0.0007080379873514175
3112,93.39667600000278,0,0,0,0.0007499475032091141
3113,93.42667600000279,0,0,0,0.0007910421118140221
3114,93.45667600000279,0,0,0,0.0008330680429935455
3115,93.48667600000279,0,0,0,0.0007080379873514175
3116,93.51667600000279,0,0,0,0.0007499475032091141
3117,93.54667600000279,0,0,0,0.000750063918530941
3118,93.57667600000279,0,0,0,0.0007499475032091141
3119,93.60667600000279,0,0,0,0.0008329516276717186
3120,93.6366760000028,0,0,0,0.0007919734343886375
3121,93.6666760000028,0,0,0,0.0006669433787465096
3122,93.6966760000028,0,0,0,0.0007919734343886375
3123,93.7266760000028,0,0,0,0.000708969309926033
3124,93.7566760000028,0,0,0,0.0007080379873514175
3125,93.7866760000028,0,0,0,0.0006669433787465096
3126,93.8166760000028,0,0,0,0.0006670597940683365
3127,93.8466760000028,0,0,0,0.0007080379873514175
3128,93.8766760000028,0,0,0,0.000708969309926033
3129,93.9066760000028,0,0,0,0.0006669433787465096
3130,93.9366760000028,0,0,0,0.0006670597940683365
3131,93.9666760000028,0,0,0,0.0007080379873514175
3132,93.99667600000281,0,0,0,0.0006660120561718941
3133,94.02667600000281,0,0,0,0.000708969309926033
3134,94.05667600000281,0,0,0,0.0006669433787465096
3135,94.08667600000281,0,0,0,0.0007080379873514175
3136,94.11667600000281,1,0,1,0.009541050530970097
3137,94.14667600000281,0,0,1,0.00208395067602396
3138,94.17667600000281,0,0,1,0.0016669509932398796
3139,94.20667600000282,0,0,0,0.0019579892978072166
3140,94.23667600000282,0,0,0,0.000833999365568161
3141,94.26667600000282,0,0,0,0.000750063918530941
3142,94.29667600000282,0,0,0,0.000750063918530941
3143,94.32667600000282,0,0,0,0.0007499475032091141
3144,94.35667600000282,0,0,0,0.000708969309926033
3145,94.38667600000282,0,0,0,0.000750063918530941
3146,94.41667600000282,0,0,0,0.0007910421118140221
3147,94.44667600000282,0,0,0,0.0008749775588512421
3148,94.47667600000283,0,0,0,0.0007919734343886375
3149,94.50667600000283,0,0,0,0.0007499475032091141
3150,94.53667600000283,0,0,0,0.0007909256964921951
3151,94.56667600000283,0,0,0,0.0007499475032091141
3152,94.59667600000283,0,0,0,0.0007079215720295906
3153,94.62667600000283,0,0,0,0.0007079215720295906
3154,94.65667600000283,0,0,0,0.000750063918530941
3155,94.68667600000283,0,0,0,0.000750063918530941
3156,94.71667600000283,0,0,0,0.000750063918530941
3157,94.74667600000284,0,0,0,0.0007080379873514175
3158,94.77667600000284,1,0,1,0.02937507815659046
3159,94.80667600000284,2,0,2,0.018749968148767948
3160,94.83667600000284,1,1,2,0.020000035874545574
3161,94.86667600000284,0,0,2,0.0036660348996520042
3162,94.89667600000284,1,0,1,0.019249971956014633
3163,94.92667600000284,1,0,1,0.01779210288077593
3164,94.95667600000284,1,1,1,0.01637497916817665
3165,94.98667600000284,1,1,1,0.01633400097489357
3166,95.01667600000285,1,1,1,0.018707942217588425
3167,95.04667600000285,1,1,1,0.016125035472214222
3168,95.07667600000285,1,1,1,0.015666009858250618
3169,95.10667600000285,1,1,1,0.016000005416572094
3170,95.13667600000285,1,1,1,0.01554097980260849
3171,95.16667600000285,1,1,1,0.015625031664967537
3172,95.19667600000285,1,1,1,0.015332945622503757
3173,95.22667600000285,1,1,1,0.015750061720609665
3174,95.25667600000286,0,0,1,0.002874992787837982
3175,95.28667600000286,1,1,1,0.015457975678145885
3176,95.31667600000286,1,1,1,0.015583005733788013
3177,95.34667600000286,0,0,1,0.002500019036233425
3178,95.37667600000286,1,1,1,0.016000005416572094
3179,95.40667600000286,1,1,1,0.015500001609325409
3180,95.43667600000286,0,0,1,0.002166023477911949
3181,95.46667600000286,0,0,1,0.002208980731666088
3182,95.49667600000286,0,0,0,0.002625049091875553
3183,95.52667600000287,0,0,0,0.0012079253792762756
3184,95.55667600000287,1,0,1,0.008790986612439156
3185,95.58667600000287,1,0,1,0.010083080269396305
3186,95.61667600000287,1,1,1,0.017542042769491673
3187,95.64667600000287,1,0,2,0.00966701190918684
3188,95.67667600000287,1,0,2,0.011541997082531452
3189,95.70667600000287,1,0,1,0.01850002445280552
3190,95.73667600000287,2,1,2,0.02358399797230959
3191,95.76667600000287,1,1,2,0.017417012713849545
3192,95.79667600000288,1,1,2,0.016749952919781208
3193,95.82667600000288,1,1,1,0.01704192254692316
3194,95.85667600000288,2,1,2,0.02320797648280859
3195,95.88667600000288,1,1,2,0.01791701652109623
3196,95.91667600000288,1,1,2,0.017042038962244987
3197,95.94667600000288,1,1,1,0.018333899788558483
3198,95.97667600000288,1,1,1,0.016000005416572094
3199,96.00667600000288,1,1,1,0.01562491524964571
3200,96.03667600000288,1,0,2,0.009083072654902935
3201,96.06667600000289,0,0,2,0.0036669662222266197
3202,96.09667600000289,0,0,1,0.003374996595084667
3203,96.12667600000289,0,0,0,0.0019579892978072166
3204,96.15667600000289,0,0,0,0.0010420335456728935
3205,96.18667600000289,0,0,0,0.000875093974173069
3206,96.21667600000289,0,0,0,0.000833999365568161
3207,96.24667600000289,0,0,0,0.0007919734343886375
3208,96.2766760000029,0,0,0,0.0007499475032091141
3209,96.3066760000029,0,0,0,0.0007920898497104645
3210,96.3366760000029,0,0,0,0.000875093974173069
3211,96.3666760000029,1,0,1,0.008707982487976551
3212,96.3966760000029,0,0,1,0.001834006980061531
3213,96.4266760000029,0,0,1,0.001750071533024311
3214,96.4566760000029,0,0,0,0.019332976080477238
3215,96.4866760000029,1,0,1,0.059333047829568386
3216,96.5166760000029,0,0,1,0.0077909789979457855
3217,96.5466760000029,0,0,1,0.003125052899122238
3218,96.5766760000029,0,0,0,0.003166031092405319
3219,96.6066760000029,1,0,1,0.04216597881168127
3220,96.63667600000291,1,0,1,0.0374580267816782
3221,96.66667600000291,1,0,1,0.049541937187314034
3222,96.69667600000291,2,0,2,0.07179193198680878
3223,96.72667600000291,2,1,2,0.06795802619308233
3224,96.75667600000291,2,2,2,0.10950001887977123
3225,96.78667600000291,1,1,2,0.055208103731274605
3226,96.81667600000291,2,2,2,0.07979199290275574
3227,96.84667600000292,1,1,2,0.044291955418884754
3228,96.87667600000292,2,2,2,0.07599999662488699
3229,96.90667600000292,1,1,2,0.05000003147870302
3230,96.93667600000292,1,1,2,0.041624996811151505
3231,96.96667600000292,0,0,1,0.011041993275284767
3232,96.99667600000292,0,0,1,0.005750101990997791
3233,97.02667600000292,2,1,2,0.060415943153202534
3234,97.05667600000292,2,0,2,0.0665000407025218
3235,97.08667600000292,1,1,2,0.04258297849446535
3236,97.11667600000293,1,1,2,0.04237494431436062
3237,97.14667600000293,1,1,1,0.050292001105844975
3238,97.17667600000293,1,1,1,0.039125094190239906
3239,97.20667600000293,1,1,1,0.03741693217307329
3240,97.23667600000293,2,1,2,0.05425000563263893
3241,97.26667600000293,1,1,2,0.041624996811151505
3242,97.29667600000293,1,1,2,0.04220788832753897
3243,97.32667600000293,1,1,1,0.04229205660521984
3244,97.35667600000293,1,1,1,0.04104094114154577
3245,97.38667600000294,1,1,1,0.03687501884996891
3246,97.41667600000294,2,1,2,0.055208103731274605
3247,97.44667600000294,1,1,2,0.04137493669986725
3248,97.47667600000294,2,1,3,0.10304199531674385
3249,97.50667600000294,1,1,2,0.04670803900808096
3250,97.53667600000294,1,1,2,0.04212500061839819
3251,97.56667600000294,1,1,1,0.041207997128367424
3252,97.59667600000294,1,1,1,0.03925000783056021
3253,97.62667600000294,1,1,1,0.040790997445583344
3254,97.65667600000295,2,1,2,0.05429098382592201
3255,97.68667600000295,1,1,2,0.04375004209578037
3256,97.71667600000295,2,1,3,0.058542005717754364
3257,97.74667600000295,1,1,2,0.04458299372345209
3258,97.77667600000295,1,1,2,0.04358298610895872
3259,97.80667600000295,1,1,1,0.042375060729682446
3260,97.83667600000295,1,1,1,0.03841693978756666
3261,97.86667600000295,1,1,1,0.039708102121949196
3262,97.89667600000296,1,1,1,0.037541030906140804
3263,97.92667600000296,1,1,1,0.04091602750122547
3264,97.95667600000296,1,1,1,0.039125094190239906
3265,97.98667600000296,1,1,1,0.03987504169344902
3266,98.01667600000296,1,1,1,0.03904092591255903
3267,98.04667600000296,1,1,1,0.03687501884996891
3268,98.07667600000296,0,0,1,0.005875015631318092
3269,98.10667600000296,1,1,1,0.03783393185585737
3270,98.13667600000296,1,1,1,0.03979098983108997
3271,98.16667600000297,0,0,1,0.00566698145121336
3272,98.19667600000297,0,0,1,0.005416921339929104
3273,98.22667600000297,0,0,0,0.005874899215996265
3274,98.25667600000297,0,0,0,0.002874992787837982
3275,98.28667600000297,0,0,0,0.002125045284628868
3276,98.31667600000297,0,0,0,0.0020830193534493446
3277,98.34667600000297,0,0,0,0.0021670712158083916
3278,98.37667600000297,0,0,0,0.0019579892978072166
3279,98.40667600000297,0,0,0,0.0018329592421650887
3280,98.43667600000298,1,0,1,0.021582935005426407
3281,98.46667600000298,0,0,1,0.005249981768429279
3282,98.49667600000298,0,0,1,0.004375004209578037
3283,98.52667600000298,0,0,0,0.00500003807246685
3284,98.55667600000298,0,0,0,0.0021669548004865646
3285,98.58667600000298,2,0,2,0.03245798870921135
3286,98.61667600000298,2,0,3,0.08479203097522259
3287,98.64667600000298,1,1,3,0.05075009539723396
3288,98.67667600000298,1,1,2,0.04612503107637167
3289,98.70667600000299,0,0,1,0.008750008419156075
3290,98.73667600000299,0,0,1,0.005749985575675964
3291,98.76667600000299,1,0,1,0.03854196984320879
3292,98.79667600000299,0,0,1,0.005500041879713535
3293,98.82667600000299,0,0,1,0.005209003575146198
3294,98.85667600000299,1,0,1,0.02187490463256836
3295,98.88667600000299,1,0,1,0.022292020730674267
3296,98.916676000003,1,0,1,0.036917044781148434
3297,98.946676000003,0,0,1,0.005500041879713535
3298,98.976676000003,1,1,1,0.036792014725506306
3299,99.006676000003,1,1,1,0.046208035200834274
3300,99.036676000003,1,1,1,0.08529191836714745
3301,99.066676000003,1,1,1,0.03829202614724636
3302,99.096676000003,1,1,1,0.037917052395641804
3303,99.126676000003,1,1,1,0.038624973967671394
3304,99.156676000003,1,1,1,0.04170800093561411
3305,99.186676000003,1,1,1,0.03958307206630707
3306,99.216676000003,1,1,1,0.03779109101742506
3307,99.246676000003,1,1,1,0.03787491004914045
3308,99.27667600000301,1,1,1,0.0386660685762763
3309,99.30667600000301,1,1,1,0.03825000021606684
3310,99.33667600000301,1,1,1,0.03720808308571577
3311,99.36667600000301,2,1,2,0.05583302117884159
3312,99.39667600000301,1,1,2,0.04383292980492115
3313,99.42667600000301,1,1,2,0.04124990664422512
3314,99.45667600000301,0,0,1,0.008458038792014122
3315,99.48667600000302,1,1,1,0.04483398515731096
3316,99.51667600000302,1,1,1,0.03829097840934992
3317,99.54667600000302,1,1,1,0.04483293741941452
3318,99.57667600000302,1,1,1,0.03799994010478258
3319,99.60667600000302,1,1,1,0.03774999640882015
3320,99.63667600000302,1,1,1,0.03741704858839512
3321,99.66667600000302,0,0,1,0.005375011824071407
3322,99.69667600000302,0,0,1,0.005166977643966675
3323,99.72667600000302,0,0,0,0.006042071618139744
3324,99.75667600000303,0,0,0,0.0024170149117708206
3325,99.78667600000303,0,0,0,0.0019170111045241356
3326,99.81667600000303,0,0,0,0.0019170111045241356
3327,99.84667600000303,0,0,0,0.0019170111045241356
3328,99.87667600000303,0,0,0,0.0018329592421650887
3329,99.90667600000303,0,0,0,0.0017920974642038345
3330,99.93667600000303,0,0,0,0.0019579892978072166
3331,99.96667600000303,0,0,0,0.0018330756574869156
3332,99.99667600000303,1,0,1,0.019249971956014633
3333,100.02667600000304,0,0,1,0.004917033948004246
3334,100.05667600000304,1,0,1,0.023499946109950542
3335,100.08667600000304,0,0,1,0.005790963768959045
3336,100.11667600000304,1,1,1,0.039209029637277126
3337,100.14667600000304,1,1,1,0.03724999260157347
3338,100.17667600000304,1,1,1,0.036833924241364
3339,100.20667600000304,2,1,2,0.0637079356238246
3340,100.23667600000304,2,1,2,0.05979090929031372
3341,100.26667600000305,1,1,2,0.044459011405706406
3342,100.29667600000305,2,1,2,0.07420801557600498
3343,100.32667600000305,1,1,2,0.04249997437000275
3344,100.35667600000305,2,1,3,0.060125021263957024
3345,100.38667600000305,2,1,3,0.08075009100139141
3346,100.41667600000305,1,1,3,0.0962080666795373
3347,100.44667600000305,1,1,2,0.05195802077651024
3348,100.47667600000305,1,1,1,0.04604097921401262
3349,100.50667600000305,1,1,1,0.0399579294025898
3350,100.53667600000306,1,1,1,0.042166910134255886
3351,100.56667600000306,1,1,1,0.039375037886202335
3352,100.59667600000306,1,1,1,0.040792045183479786
3353,100.62667600000306,1,1,1,0.03995909355580807
3354,100.65667600000306,1,1,1,0.03816699609160423
3355,100.68667600000306,1,1,1,0.039499951526522636
3356,100.71667600000306,0,0,1,0.005958951078355312
3357,100.74667600000306,1,1,1,0.0399160198867321
3358,100.77667600000306,1,1,1,0.04254200030118227
3359,100.80667600000307,1,1,1,0.03883300814777613
3360,100.83667600000307,0,0,1,0.00600004568696022
3361,100.86667600000307,1,1,1,0.03820809070020914
3362,100.89667600000307,1,1,1,0.040416023693978786
3363,100.92667600000307,1,1,1,0.03779097460210323
3364,100.95667600000307,1,1,1,0.03845803439617157
3365,100.98667600000307,1,1,1,0.03791600465774536
3366,101.01667600000307,1,1,1,0.037499936297535896
3367,101.04667600000307,1,1,1,0.03691599704325199
3368,101.07667600000308,1,1,1,0.03700004890561104
3369,101.10667600000308,1,1,1,0.037209014408290386
3370,101.13667600000308,1,1,1,0.0400409335270524
3371,101.16667600000308,1,1,1,0.03712496254593134
3372,101.19667600000308,1,1,1,0.03687501884996891
3373,101.22667600000308,1,1,1,0.03700004890561104
3374,101.25667600000308,1,1,1,0.03729097079485655
3375,101.28667600000308,1,1,1,0.03691692836582661
3376,101.31667600000308,1,1,1,0.03729201853275299
3377,101.34667600000309,1,1,1,0.036833924241364
3378,101.37667600000309,1,1,1,0.037541030906140804
3379,101.40667600000309,0,0,1,0.00566698145121336
3380,101.43667600000309,0,0,1,0.005249981768429279
3381,101.46667600000309,0,0,0,0.006084097549319267
3382,101.49667600000309,1,0,1,0.01954101026058197
3383,101.52667600000309,1,0,1,0.022249994799494743
3384,101.5566760000031,1,1,1,0.03787502646446228
3385,101.5866760000031,1,0,2,0.022666994482278824
3386,101.6166760000031,0,0,2,0.1117080682888627
3387,101.6466760000031,0,0,1,0.015292083844542503
3388,101.6766760000031,0,0,0,0.005749985575675964
3389,101.7066760000031,0,0,0,0.02575002145022154
3390,101.7366760000031,0,0,0,0.002500019036233425
3391,101.7666760000031,0,0,0,0.002040993422269821
3392,101.7966760000031,0,0,0,0.002209097146987915
3393,101.8266760000031,0,0,0,0.0019579892978072166
3394,101.8566760000031,0,0,0,0.0019579892978072166
3395,101.8866760000031,0,0,0,0.0020830193534493446
3396,101.91667600000311,0,0,0,0.0036249402910470963
3397,101.94667600000311,0,0,0,0.002249958924949169
3398,101.97667600000311,1,0,1,0.027165981009602547
3399,102.00667600000311,0,0,1,0.005209003575146198
3400,102.03667600000311,0,0,1,0.004375004209578037
3401,102.06667600000311,0,0,0,0.00500003807246685
3402,102.09667600000311,0,0,0,0.002249958924949169
3403,102.12667600000312,0,0,0,0.002040993422269821
3404,102.15667600000312,0,0,0,0.00200001522898674
3405,102.18667600000312,0,0,0,0.0020420411601662636
3406,102.21667600000312,0,0,0,0.001834006980061531
3407,102.24667600000312,0,0,0,0.00200001522898674
3408,102.27667600000312,0,0,0,0.00200001522898674
3409,102.30667600000312,0,0,0,0.00200001522898674
3410,102.33667600000312,0,0,0,0.0022080494090914726
3411,102.36667600000312,0,0,0,0.0018330756574869156
3412,102.39667600000313,0,0,0,0.002040993422269821
3413,102.42667600000313,0,0,0,0.0017920974642038345
3414,102.45667600000313,0,0,0,0.0020420411601662636
3415,102.48667600000313,1,0,1,0.019959057681262493
3416,102.51667600000313,0,0,1,0.004749977961182594
3417,102.54667600000313,0,0,1,0.0037080608308315277
3418,102.57667600000313,1,0,1,0.021832995116710663
3419,102.60667600000313,0,0,1,0.004332978278398514
3420,102.63667600000313,0,0,1,0.14529202599078417
3421,102.66667600000314,1,0,1,0.03408303018659353
3422,102.69667600000314,0,0,1,0.006457907147705555
3423,102.72667600000314,0,0,1,0.004791072569787502
3424,102.75667600000314,0,0,0,0.00537489540874958
3425,102.78667600000314,0,0,0,0.0027919886633753777
3426,102.81667600000314,0,0,0,0.0021670712158083916
3427,102.84667600000314,0,0,0,0.002125045284628868
3428,102.87667600000314,0,0,0,0.002374988980591297
3429,102.90667600000315,0,0,0,0.0020420411601662636
3430,102.93667600000315,1,0,1,0.0725410645827651
3431,102.96667600000315,1,0,1,0.0387909822165966
3432,102.99667600000315,1,0,1,0.04924996756017208
3433,103.02667600000315,2,0,2,0.09225006215274334
3434,103.05667600000315,1,1,2,0.04600000102072954
3435,103.08667600000315,1,1,2,0.04299997817724943
3436,103.11667600000315,1,1,1,0.04499999340623617
3437,103.14667600000315,0,0,1,0.006332993507385254
3438,103.17667600000316,1,1,1,0.03966700751334429
3439,103.20667600000316,1,1,1,0.038624973967671394
3440,103.23667600000316,0,0,1,0.006041023880243301
3441,103.26667600000316,1,0,2,0.022332998923957348
3442,103.29667600000316,0,0,1,0.009124982170760632
3443,103.32667600000316,0,0,1,0.004624947905540466
3444,103.35667600000316,0,0,0,0.004583969712257385
3445,103.38667600000316,0,0,0,0.002374988980591297
3446,103.41667600000316,1,0,1,0.018124934285879135
3447,103.44667600000317,0,0,1,0.004332978278398514
3448,103.47667600000317,0,0,1,0.004124944098293781
3449,103.50667600000317,1,0,1,0.02291705459356308
3450,103.53667600000317,1,1,1,0.03816606476902962
3451,103.56667600000317,1,1,1,0.037375022657215595
3452,103.59667600000317,1,1,1,0.03716698847711086
3453,103.62667600000317,1,1,1,0.037499936297535896
3454,103.65667600000317,1,1,1,0.037416000850498676
3455,103.68667600000317,1,1,1,0.03770797047764063
3456,103.71667600000318,1,1,1,0.037958030588924885
3457,103.74667600000318,1,1,1,0.038958038203418255
3458,103.77667600000318,0,0,1,0.005917041562497616
3459,103.80667600000318,1,1,1,0.03833300434052944
3460,103.83667600000318,1,1,1,0.03724999260157347
3461,103.86667600000318,0,0,1,0.005500041879713535
3462,103.89667600000318,1,0,1,0.03829202614724636
3463,103.92667600000318,1,0,1,0.03766699228435755
3464,103.95667600000318,1,1,1,0.037917052395641804
3465,103.98667600000319,1,1,1,0.03779109101742506
3466,104.01667600000319,1,1,1,0.03774999640882015
3467,104.04667600000319,0,0,1,0.005875015631318092
3468,104.07667600000319,1,0,1,0.040416023693978786
3469,104.10667600000319,1,1,1,0.04458392504602671
3470,104.13667600000319,1,1,1,0.04129204899072647
3471,104.16667600000319,2,1,2,0.07483293302357197
3472,104.1966760000032,2,1,2,0.08220796007663012
3473,104.2266760000032,1,1,2,0.06920890882611275
3474,104.2566760000032,1,1,2,0.1068339915946126
3475,104.2866760000032,2,1,2,0.07320800796151161
3476,104.3166760000032,2,0,3,0.047874986194074154
3477,104.3466760000032,1,1,3,0.0475000124424696
3478,104.3766760000032,1,1,2,0.048291985876858234
3479,104.4066760000032,1,1,1,0.04849990364164114
3480,104.4366760000032,1,1,1,0.03875000402331352
3481,104.4666760000032,1,1,1,0.03825000021606684
3482,104.4966760000032,2,1,2,0.05949998740106821
3483,104.5266760000032,1,1,2,0.04349998198449612
3484,104.55667600000321,1,1,2,0.04512490704655647
3485,104.58667600000321,1,1,1,0.04366703797131777
3486,104.61667600000321,1,0,2,0.022249994799494743
3487,104.64667600000321,1,1,2,0.044082989916205406
3488,104.67667600000321,1,1,2,0.04370801616460085
3489,104.70667600000321,1,1,1,0.04183303099125624
3490,104.73667600000321,1,1,1,0.04316703416407108
3491,104.76667600000322,3,1,3,0.07408310193568468
3492,104.79667600000322,2,1,3,0.06804103031754494
3493,104.82667600000322,0,0,3,0.014291028492152691
3494,104.85667600000322,2,2,2,0.10179192759096622
3495,104.88667600000322,1,1,2,0.04112499300390482
3496,104.91667600000322,2,2,2,0.04354200791567564
3497,104.94667600000322,0,0,2,0.005375011824071407
3498,104.97667600000322,1,1,2,0.021374900825321674
3499,105.00667600000322,2,2,2,0.03537489101290703
3500,105.03667600000323,1,0,3,0.015542027540504932
3501,105.06667600000323,3,2,3,0.04833401180803776
3502,105.09667600000323,3,1,4,0.31400006264448166
3503,105.12667600000323,3,2,4,0.05479203537106514
3504,105.15667600000323,0,0,4,0.006249989382922649
3505,105.18667600000323,1,1,3,0.025499961338937283
3506,105.21667600000323,2,2,3,0.036708079278469086
3507,105.24667600000323,2,2,3,0.03608304541558027
3508,105.27667600000323,1,1,3,0.020000035874545574
3509,105.30667600000324,2,1,3,0.03433297388255596
3510,105.33667600000324,1,1,2,0.02274999860674143
3511,105.36667600000324,2,1,3,0.02808310091495514
3512,105.39667600000324,1,0,3,0.02116698306053877
3513,105.42667600000324,0,0,3,0.004959059879183769
3514,105.45667600000324,0,0,1,0.004958012141287327
3515,105.48667600000324,1,0,1,0.010499963536858559
3516,105.51667600000324,0,0,1,0.0022079329937696457
3517,105.54667600000325,0,0,1,0.0019170111045241356
3518,105.57667600000325,0,0,0,0.001999898813664913
3519,105.60667600000325,0,0,0,0.0012919772416353226
3520,105.63667600000325,0,0,0,0.0009170034900307655
3521,105.66667600000325,0,0,0,0.0008749775588512421
3522,105.69667600000325,0,0,0,0.0008329516276717186
3523,105.72667600000325,0,0,0,0.000833999365568161
3524,105.75667600000325,0,0,0,0.000750063918530941
3525,105.78667600000325,0,0,0,0.000750063918530941
3526,105.81667600000326,0,0,0,0.000750063918530941
3527,105.84667600000326,0,0,0,0.0007910421118140221
3528,105.87667600000326,0,0,0,0.0007919734343886375
3529,105.90667600000326,0,0,0,0.0008330680429935455
3530,105.93667600000326,0,0,0,0.0007919734343886375
3531,105.96667600000326,0,0,0,0.0007920898497104645
3532,105.99667600000326,0,0,0,0.0007920898497104645
3533,106.02667600000326,0,0,0,0.000750063918530941
3534,106.05667600000326,0,0,0,0.0007910421118140221
3535,106.08667600000327,0,0,0,0.000833999365568161
3536,106.11667600000327,0,0,0,0.000833999365568161
3537,106.14667600000327,0,0,0,0.000750063918530941
3538,106.17667600000327,0,0,0,0.000750063918530941
3539,106.20667600000327,0,0,0,0.0007499475032091141
3540,106.23667600000327,0,0,0,0.0007499475032091141
3541,106.26667600000327,0,0,0,0.000750063918530941
3542,106.29667600000327,0,0,0,0.0007920898497104645
3543,106.32667600000327,0,0,0,0.0007920898497104645
3544,106.35667600000328,0,0,0,0.000750063918530941
3545,106.38667600000328,0,0,0,0.0007910421118140221
3546,106.41667600000328,0,0,0,0.000750063918530941
3547,106.44667600000328,0,0,0,0.0007920898497104645
3548,106.47667600000328,0,0,0,0.0007910421118140221
3549,106.50667600000328,0,0,0,0.0007919734343886375
3550,106.53667600000328,1,0,1,0.009542098268866539
3551,106.56667600000328,0,0,1,0.0020419247448444366
3552,106.59667600000328,0,0,1,0.0018330756574869156
3553,106.62667600000329,0,0,0,0.0022079329937696457
3554,106.65667600000329,0,0,0,0.000959029421210289
3555,106.68667600000329,0,0,0,0.000833999365568161
3556,106.71667600000329,0,0,0,0.0007920898497104645
3557,106.74667600000329,0,0,0,0.0007920898497104645
3558,106.77667600000329,0,0,0,0.0007910421118140221
3559,106.80667600000329,1,0,1,0.008040922693908215
3560,106.8366760000033,0,0,1,0.0017919810488820076
3561,106.8666760000033,1,0,2,0.009292038157582283
3562,106.8966760000033,0,0,1,0.003208988346159458
3563,106.9266760000033,0,0,1,0.0017910497263073921
3564,106.9566760000033,0,0,0,0.0018329592421650887
3565,106.9866760000033,0,0,0,0.0009170034900307655
3566,107.0166760000033,0,0,0,0.0008329516276717186
3567,107.0466760000033,0,0,0,0.0007919734343886375
3568,107.0766760000033,0,0,0,0.0008330680429935455
3569,107.1066760000033,1,0,1,0.0076249707490205765
3570,107.1366760000033,1,0,1,0.011249911040067673
3571,107.1666760000033,1,1,1,0.018042046576738358
3572,107.19667600000331,1,1,1,0.017499900422990322
3573,107.22667600000331,2,1,2,0.023999949917197227
3574,107.25667600000331,1,1,2,0.02033403143286705
3575,107.28667600000331,1,1,2,0.017583020962774754
3576,107.31667600000331,2,1,2,0.02562499139457941
3577,107.34667600000331,0,0,2,0.0038329744711518288
3578,107.36556999999999,0,0,2,0.00300002284348011
