window_id,timestamp,baseline_detections,accepted,active_tracks,persistence_ms
0,0.034943999999999996,2,0,2,0.03645799733931199
1,0.064944,4,0,5,0.04254100349498913
2,0.094944,1,0,5,0.01833400165196508
3,0.124944,4,0,7,0.03854099486488849
4,0.154944,4,0,8,0.04187499871477485
5,0.184944,4,0,10,0.05670799873769283
6,0.214944,4,0,10,0.06795800436520949
7,0.244944,4,0,11,0.039582999306730926
8,0.27494399999999997,3,0,11,0.03237499913666397
9,0.304944,2,0,9,0.02600000152597204
10,0.334944,2,0,7,0.024125001800712198
11,0.36494400000000005,2,0,6,0.020707993826363236
12,0.3949440000000001,4,0,8,0.032500000088475645
13,0.4249440000000001,4,0,10,0.03591600398067385
14,0.4549440000000001,1,0,8,0.01945799886016175
15,0.48494400000000015,1,0,5,0.016749996575526893
16,0.5149440000000002,0,0,2,0.006374997610691935
17,0.5449440000000002,0,0,1,0.0036659985198639333
18,0.5749440000000002,0,0,0,0.002124994352925569
19,0.6049440000000003,0,0,0,0.0012920063454657793
20,0.6349440000000003,0,0,0,0.000833999365568161
21,0.6649440000000003,0,0,0,0.000790998456068337
22,0.6949440000000003,0,0,0,0.0007090056897141039
23,0.7249440000000004,0,0,0,0.0007089984137564898
24,0.7549440000000004,0,0,0,0.0007500057108700275
25,0.7849440000000004,0,0,0,0.0007080016075633466
26,0.8149440000000004,0,0,0,0.0007499984349124134
27,0.8449440000000005,0,0,0,0.0007079943316057324
28,0.8749440000000005,0,0,0,0.0007080016075633466
29,0.9049440000000005,0,0,0,0.0007080016075633466
30,0.9349440000000006,0,0,0,0.0007080016075633466
31,0.9649440000000006,0,0,0,0.0007080016075633466
32,0.9949440000000006,0,0,0,0.000667001586407423
33,1.0249440000000005,0,0,0,0.0007089984137564898
34,1.0549440000000005,0,0,0,0.000667001586407423
35,1.0849440000000006,0,0,0,0.000667001586407423
36,1.1149440000000006,0,0,0,0.0006660047802142799
37,1.1449440000000006,0,0,0,0.0006659975042566657
38,1.1749440000000007,0,0,0,0.0006660047802142799
39,1.2049440000000007,0,0,0,0.0006659975042566657
40,1.2349440000000007,0,0,0,0.0006669943104498088
41,1.2649440000000007,0,0,0,0.000667001586407423
42,1.2949440000000008,0,0,0,0.0005830006557516754
43,1.3249440000000008,0,0,0,0.0006250047590583563
44,1.3549440000000008,0,0,0,0.0006249974831007421
45,1.3849440000000008,0,0,0,0.000667001586407423
46,1.4149440000000009,0,0,0,0.000667001586407423
47,1.444944000000001,0,0,0,0.0006250047590583563
48,1.474944000000001,0,0,0,0.0007499984349124134
49,1.504944000000001,0,0,0,0.0007080016075633466
50,1.534944000000001,0,0,0,0.0006249974831007421
51,1.564944000000001,0,0,0,0.0006669943104498088
52,1.594944000000001,0,0,0,0.0006659975042566657
53,1.624944000000001,0,0,0,0.0007080016075633466
54,1.654944000000001,0,0,0,0.0006669943104498088
55,1.684944000000001,0,0,0,0.0006669943104498088
56,1.7149440000000011,0,0,0,0.0006249974831007421
57,1.7449440000000012,0,0,0,0.000667001586407423
58,1.7749440000000012,0,0,0,0.0006669943104498088
59,1.8049440000000012,0,0,0,0.000667001586407423
60,1.8349440000000012,0,0,0,0.000667001586407423
61,1.8649440000000013,0,0,0,0.0006249974831007421
62,1.8949440000000013,0,0,0,0.000667001586407423
63,1.9249440000000013,0,0,0,0.0006659975042566657
64,1.9549440000000013,0,0,0,0.000667001586407423
65,1.9849440000000014,0,0,0,0.0006250047590583563
66,2.014944000000001,0,0,0,0.0007080016075633466
67,2.044944000000001,0,0,0,0.000667001586407423
68,2.074944000000001,0,0,0,0.0006659975042566657
69,2.1049440000000006,0,0,0,0.0006250047590583563
70,2.1349440000000004,0,0,0,0.0006659975042566657
71,2.164944,0,0,0,0.000667001586407423
72,2.194944,0,0,0,0.0006659975042566657
73,2.224944,0,0,0,0.000667001586407423
74,2.2549439999999996,0,0,0,0.000667001586407423
75,2.2849439999999994,0,0,0,0.0007079943316057324
76,2.3149439999999992,0,0,0,0.0007080016075633466
77,2.344943999999999,0,0,0,0.0006660047802142799
78,2.374943999999999,0,0,0,0.0006659975042566657
79,2.4049439999999986,0,0,0,0.000667001586407423
80,2.4349439999999984,0,0,0,0.000667001586407423
81,2.4649439999999982,0,0,0,0.0006249974831007421
82,2.494943999999998,0,0,0,0.0006659975042566657
83,2.524943999999998,0,0,0,0.0006250047590583563
84,2.5549439999999977,0,0,0,0.0006249974831007421
85,2.5849439999999975,0,0,0,0.0006249974831007421
86,2.6149439999999973,0,0,0,0.000667001586407423
87,2.644943999999997,0,0,0,0.0006249974831007421
88,2.674943999999997,0,0,0,0.0006669943104498088
89,2.7049439999999967,0,0,0,0.0006660047802142799
90,2.7349439999999965,0,0,0,0.0006249974831007421
91,2.7649439999999963,0,0,0,0.0006659975042566657
92,2.794943999999996,0,0,0,0.000667001586407423
93,2.824943999999996,0,0,0,0.000667001586407423
94,2.8549439999999957,0,0,0,0.000667001586407423
95,2.8849439999999955,0,0,0,0.0006249974831007421
96,2.9149439999999953,0,0,0,0.0006659975042566657
97,2.944943999999995,0,0,0,0.0006249974831007421
98,2.974943999999995,0,0,0,0.0007090056897141039
99,3.0049439999999947,0,0,0,0.000667001586407423
100,3.0349439999999945,0,0,0,0.0006669943104498088
101,3.0649439999999943,0,0,0,0.0006659975042566657
102,3.094943999999994,0,0,0,0.0007080016075633466
103,3.124943999999994,0,0,0,0.000667001586407423
104,3.1549439999999938,0,0,0,0.0007080016075633466
105,3.1849439999999936,0,0,0,0.0007080016075633466
106,3.2149439999999934,0,0,0,0.0007079943316057324
107,3.244943999999993,0,0,0,0.0007079943316057324
108,3.274943999999993,0,0,0,0.0007499984349124134
109,3.3049439999999928,0,0,0,0.0007089984137564898
110,3.3349439999999926,0,0,0,0.0007080016075633466
111,3.3649439999999924,0,0,0,0.0007499984349124134
112,3.394943999999992,0,0,0,0.0007089984137564898
113,3.424943999999992,0,0,0,0.000667001586407423
114,3.454943999999992,0,0,0,0.0007500057108700275
115,3.4849439999999916,0,0,0,0.0007080016075633466
116,3.5149439999999914,0,0,0,0.0006659975042566657
117,3.544943999999991,0,0,0,0.0007499984349124134
118,3.574943999999991,0,0,0,0.0007079943316057324
119,3.604943999999991,0,0,0,0.0007080016075633466
120,3.6349439999999906,0,0,0,0.000667001586407423
121,3.6649439999999904,0,0,0,0.0007089984137564898
122,3.6949439999999902,0,0,0,0.0007080016075633466
123,3.72494399999999,0,0,0,0.0007080016075633466
124,3.75494399999999,0,0,0,0.0007919952622614801
125,3.7849439999999897,0,0,0,0.0006669943104498088
126,3.8149439999999895,0,0,0,0.0007080016075633466
127,3.8449439999999893,0,0,0,0.0007089984137564898
128,3.874943999999989,0,0,0,0.000790998456068337
129,3.904943999999989,0,0,0,0.000667001586407423
130,3.9349439999999887,0,0,0,0.000667001586407423
131,3.9649439999999885,0,0,0,0.0007080016075633466
132,3.9949439999999883,0,0,0,0.0007089984137564898
133,4.024943999999988,0,0,0,0.0006660047802142799
134,4.054943999999988,0,0,0,0.0007499984349124134
135,4.084943999999989,0,0,0,0.0007500057108700275
136,4.114943999999989,0,0,0,0.0007080016075633466
137,4.144943999999989,0,0,0,0.0007090056897141039
138,4.174943999999989,0,0,0,0.0006659975042566657
139,4.20494399999999,0,0,0,0.0006659975042566657
140,4.23494399999999,0,0,0,0.0007090056897141039
141,4.26494399999999,0,0,0,0.0006659975042566657
142,4.29494399999999,0,0,0,0.0007079943316057324
143,4.324943999999991,0,0,0,0.000667001586407423
144,4.354943999999991,0,0,0,0.0007080016075633466
145,4.384943999999991,0,0,0,0.0006660047802142799
146,4.414943999999991,0,0,0,0.0007080016075633466
147,4.444943999999992,0,0,0,0.0007079943316057324
148,4.474943999999992,0,0,0,0.0007080016075633466
149,4.504943999999992,0,0,0,0.000790998456068337
150,4.534943999999992,0,0,0,0.0006659975042566657
151,4.564943999999993,0,0,0,0.0007499984349124134
152,4.594943999999993,0,0,0,0.0007080016075633466
153,4.624943999999993,0,0,0,0.0007500057108700275
154,4.654943999999993,0,0,0,0.0007080016075633466
155,4.684943999999994,0,0,0,0.000667001586407423
156,4.714943999999994,0,0,0,0.0007080016075633466
157,4.744943999999994,0,0,0,0.0007079943316057324
158,4.774943999999994,0,0,0,0.0006669943104498088
159,4.8049439999999946,0,0,0,0.0007089984137564898
160,4.834943999999995,0,0,0,0.0007080016075633466
161,4.864943999999995,0,0,0,0.0007079943316057324
162,4.894943999999995,0,0,0,0.0006669943104498088
163,4.9249439999999955,0,0,0,0.0006669943104498088
164,4.954943999999996,0,0,0,0.0007500057108700275
165,4.984943999999996,0,0,0,0.0007080016075633466
166,5.014943999999996,0,0,0,0.0007079943316057324
167,5.0449439999999965,0,0,0,0.000667001586407423
168,5.074943999999997,0,0,0,0.0007499984349124134
169,5.104943999999997,0,0,0,0.0007080016075633466
170,5.134943999999997,0,0,0,0.0007499984349124134
171,5.1649439999999975,0,0,0,0.000667001586407423
172,5.194943999999998,0,0,0,0.000667001586407423
173,5.224943999999998,0,0,0,0.0007919952622614801
174,5.254943999999998,0,0,0,0.0007499984349124134
175,5.2849439999999985,0,0,0,0.0007080016075633466
176,5.314943999999999,0,0,0,0.0007089984137564898
177,5.344943999999999,0,0,0,0.0007089984137564898
178,5.374943999999999,0,0,0,0.0007499984349124134
179,5.4049439999999995,0,0,0,0.0007499984349124134
180,5.434944,0,0,0,0.0007499984349124134
181,5.464944,0,0,0,0.0007500057108700275
182,5.494944,0,0,0,0.0006659975042566657
183,5.5249440000000005,0,0,0,0.0007499984349124134
184,5.554944000000001,0,0,0,0.0007499984349124134
185,5.584944000000001,0,0,0,0.0007499984349124134
186,5.614944000000001,0,0,0,0.0007080016075633466
187,5.6449440000000015,0,0,0,0.0007080016075633466
188,5.674944000000002,0,0,0,0.0007080016075633466
189,5.704944000000002,0,0,0,0.0007089984137564898
190,5.734944000000002,0,0,0,0.0007080016075633466
191,5.7649440000000025,0,0,0,0.0007080016075633466
192,5.794944000000003,0,0,0,0.0007089984137564898
193,5.824944000000003,0,0,0,0.000667001586407423
194,5.854944000000003,0,0,0,0.0007499984349124134
195,5.8849440000000035,0,0,0,0.0007089984137564898
196,5.914944000000004,0,0,0,0.0007080016075633466
197,5.944944000000004,0,0,0,0.0007080016075633466
198,5.974944000000004,0,0,0,0.0007500057108700275
199,6.0049440000000045,0,0,0,0.0006659975042566657
200,6.034944000000005,0,0,0,0.0006659975042566657
201,6.064944000000005,0,0,0,0.0007499984349124134
202,6.094944000000005,0,0,0,0.0007499984349124134
203,6.1249440000000055,0,0,0,0.000667001586407423
204,6.154944000000006,0,0,0,0.0007089984137564898
205,6.184944000000006,0,0,0,0.0007499984349124134
206,6.214944000000006,0,0,0,0.0006669943104498088
207,6.2449440000000065,0,0,0,0.0007079943316057324
208,6.274944000000007,0,0,0,0.0007080016075633466
209,6.304944000000007,0,0,0,0.0007920025382190943
210,6.334944000000007,0,0,0,0.0006660047802142799
211,6.3649440000000075,0,0,0,0.0007079943316057324
212,6.394944000000008,0,0,0,0.000667001586407423
213,6.424944000000008,0,0,0,0.0007089984137564898
214,6.454944000000008,0,0,0,0.0007499984349124134
215,6.4849440000000085,0,0,0,0.0007499984349124134
216,6.514944000000009,0,0,0,0.0007089984137564898
217,6.544944000000009,0,0,0,0.0007089984137564898
218,6.574944000000009,0,0,0,0.0007080016075633466
219,6.6049440000000095,0,0,0,0.0007500057108700275
220,6.63494400000001,0,0,0,0.0007500057108700275
221,6.66494400000001,0,0,0,0.0007500057108700275
222,6.69494400000001,0,0,0,0.0008340066415257752
223,6.7249440000000105,0,0,0,0.0008330025593750179
224,6.754944000000011,0,0,0,0.0007919952622614801
225,6.784944000000011,0,0,0,0.000667001586407423
226,6.814944000000011,0,0,0,0.0008749993867240846
227,6.8449440000000115,0,0,0,0.0007080016075633466
228,6.874944000000012,0,0,0,0.000667001586407423
229,6.904944000000012,0,0,0,0.0007080016075633466
230,6.934944000000012,0,0,0,0.0006659975042566657
231,6.9649440000000125,0,0,0,0.0007499984349124134
232,6.994944000000013,0,0,0,0.0007089984137564898
233,7.024944000000013,0,0,0,0.0007499984349124134
234,7.054944000000013,0,0,0,0.0007500057108700275
235,7.0849440000000135,0,0,0,0.0007089984137564898
236,7.114944000000014,0,0,0,0.0007089984137564898
237,7.144944000000014,0,0,0,0.0007080016075633466
238,7.174944000000014,0,0,0,0.0007090056897141039
239,7.2049440000000144,0,0,0,0.0007499984349124134
240,7.234944000000015,0,0,0,0.0007080016075633466
241,7.264944000000015,0,0,0,0.0007089984137564898
242,7.294944000000015,0,0,0,0.0007080016075633466
243,7.324944000000015,0,0,0,0.0007090056897141039
244,7.354944000000016,0,0,0,0.0007080016075633466
245,7.384944000000016,0,0,0,0.000667001586407423
246,7.414944000000016,0,0,0,0.0007089984137564898
247,7.444944000000016,0,0,0,0.0007090056897141039
248,7.474944000000017,0,0,0,0.0007500057108700275
249,7.504944000000017,0,0,0,0.0007080016075633466
250,7.534944000000017,0,0,0,0.0007080016075633466
251,7.564944000000017,0,0,0,0.0007080016075633466
252,7.594944000000018,0,0,0,0.000667001586407423
253,7.624944000000018,0,0,0,0.0006669943104498088
254,7.654944000000018,0,0,0,0.0007089984137564898
255,7.684944000000018,0,0,0,0.0007079943316057324
256,7.714944000000019,0,0,0,0.0007089984137564898
257,7.744944000000019,0,0,0,0.000667001586407423
258,7.774944000000019,0,0,0,0.0007079943316057324
259,7.804944000000019,0,0,0,0.000790998456068337
260,7.83494400000002,0,0,0,0.0006659975042566657
261,7.86494400000002,0,0,0,0.0007089984137564898
262,7.89494400000002,0,0,0,0.000667001586407423
263,7.92494400000002,0,0,0,0.000667001586407423
264,7.954944000000021,0,0,0,0.0006659975042566657
265,7.984944000000021,0,0,0,0.0007499984349124134
266,8.014944000000021,0,0,0,0.0009169962140731514
267,8.04494400000002,0,0,0,0.0010840012691915035
268,8.07494400000002,0,0,0,0.012875003449153155
269,8.10494400000002,0,0,0,0.000790998456068337
270,8.134944000000019,0,0,0,0.0007089984137564898
271,8.164944000000018,0,0,0,0.0007089984137564898
272,8.194944000000017,0,0,0,0.0007080016075633466
273,8.224944000000017,0,0,0,0.0007500057108700275
274,8.254944000000016,0,0,0,0.0006659975042566657
275,8.284944000000015,0,0,0,0.0006249974831007421
276,8.314944000000015,0,0,0,0.0007080016075633466
277,8.344944000000014,0,0,0,0.000667001586407423
278,8.374944000000013,0,0,0,0.0006659975042566657
279,8.404944000000013,1,0,1,0.009082999895326793
280,8.434944000000012,1,0,1,0.011374999303370714
281,8.464944000000012,1,1,1,0.01912500010803342
282,8.494944000000011,1,1,1,0.017708996892906725
283,8.52494400000001,1,1,1,0.016040998161770403
284,8.55494400000001,1,1,1,0.015459001588169485
285,8.584944000000009,1,1,1,0.015457997506018728
286,8.614944000000008,1,1,1,0.014999997802078724
287,8.644944000000008,1,1,1,0.015082994650583714
288,8.674944000000007,1,1,1,0.015417004760820419
289,8.704944000000006,1,1,1,0.014291996194515377
290,8.734944000000006,1,1,1,0.01462499494664371
291,8.764944000000005,1,1,1,0.014833996829111129
292,8.794944000000005,0,0,1,0.0027089990908280015
293,8.824944000000004,1,1,1,0.015500001609325409
294,8.854944000000003,1,1,1,0.015375000657513738
295,8.884944000000003,1,1,1,0.015291996533051133
296,8.914944000000002,1,1,1,0.0155829984578304
297,8.944944000000001,1,1,1,0.015416997484862804
298,8.974944,1,1,1,0.014875004126224667
299,9.004944,1,1,1,0.015375000657513738
300,9.034944,1,1,1,0.014833000022917986
301,9.064943999999999,1,1,1,0.014750003174412996
302,9.094943999999998,1,1,1,0.017833997844718397
303,9.124943999999998,1,1,1,0.015833000361453742
304,9.154943999999997,1,1,1,0.015541998436674476
305,9.184943999999996,1,1,1,0.015000005078036338
306,9.214943999999996,1,1,1,0.015124998753890395
307,9.244943999999995,1,1,1,0.014625002222601324
308,9.274943999999994,1,1,1,0.015749996236991137
309,9.304943999999994,1,1,1,0.014999997802078724
310,9.334943999999993,1,1,1,0.014833000022917986
311,9.364943999999992,1,1,1,0.015124998753890395
312,9.394943999999992,1,1,1,0.015249999705702066
313,9.424943999999991,1,1,1,0.015166995581239462
314,9.45494399999999,1,1,1,0.015165998775046319
315,9.48494399999999,1,1,1,0.014416000340133905
316,9.51494399999999,1,1,1,0.014375000318977982
317,9.544943999999989,1,1,1,0.029125003493390977
318,9.574943999999988,1,1,1,0.014500001270789653
319,9.604943999999987,1,1,1,0.01454199809813872
320,9.634943999999987,1,1,1,0.014958000974729657
321,9.664943999999986,1,1,1,0.015167002857197076
322,9.694943999999985,1,1,1,0.014917000953573734
323,9.724943999999985,1,1,1,0.014666999049950391
324,9.754943999999984,1,1,1,0.014875004126224667
325,9.784943999999983,1,1,1,0.01504199462942779
326,9.814943999999983,1,1,1,0.014874996850267053
327,9.844943999999982,1,1,1,0.015749996236991137
328,9.874943999999982,1,1,1,0.015249999705702066
329,9.90494399999998,1,1,1,0.0149589977809228
330,9.93494399999998,1,1,1,0.014917000953573734
331,9.96494399999998,1,1,1,0.014707999071106315
332,9.994943999999979,1,1,1,0.014707999071106315
333,10.024943999999978,1,1,1,0.01479100319556892
334,10.054943999999978,1,1,1,0.014917000953573734
335,10.084943999999977,1,1,1,0.014790995919611305
336,10.114943999999976,1,1,1,0.015292003809008747
337,10.144943999999976,1,1,1,0.015584002539981157
338,10.174943999999975,1,1,1,0.015875004464760423
339,10.204943999999974,1,1,1,0.0155829984578304
340,10.234943999999974,1,1,1,0.015292003809008747
341,10.264943999999973,1,1,1,0.015375000657513738
342,10.294943999999973,1,1,1,0.015375000657513738
343,10.324943999999972,1,1,1,0.014208999346010387
344,10.354943999999971,1,1,1,0.01424999936716631
345,10.38494399999997,1,1,1,0.014500001270789653
346,10.41494399999997,1,1,1,0.014165998436510563
347,10.44494399999997,1,1,1,0.014334000297822058
348,10.474943999999969,1,1,1,0.014958000974729657
349,10.504943999999968,1,1,1,0.015042001905385405
350,10.534943999999967,1,1,1,0.015083001926541328
351,10.564943999999967,1,1,1,0.015084006008692086
352,10.594943999999966,1,1,1,0.014958000974729657
353,10.624943999999966,1,1,1,0.014875004126224667
354,10.654943999999965,1,1,1,0.01512500602984801
355,10.684943999999964,1,1,1,0.029499999072868377
356,10.714943999999964,1,1,1,0.01679100387264043
357,10.744943999999963,1,1,1,0.016083002265077084
358,10.774943999999962,1,1,1,0.015666999388486147
359,10.804943999999962,1,1,1,0.01529099972685799
360,10.834943999999961,1,1,1,0.015457997506018728
361,10.86494399999996,1,1,1,0.01554200571263209
362,10.89494399999996,1,1,1,0.015166995581239462
363,10.92494399999996,1,1,1,0.01599999814061448
364,10.954943999999958,1,1,1,0.015459001588169485
365,10.984943999999958,1,1,1,0.015208002878353
366,11.014943999999957,1,1,1,0.01529099972685799
367,11.044943999999957,1,1,1,0.015083001926541328
368,11.074943999999956,1,1,1,0.015167002857197076
369,11.104943999999955,1,1,1,0.014958000974729657
370,11.134943999999955,1,1,1,0.01445900124963373
371,11.164943999999954,1,1,1,0.013999997463542968
372,11.194943999999953,1,1,1,0.01416700251866132
373,11.224943999999953,1,1,1,0.01391599653288722
374,11.254943999999952,1,1,1,0.013875003787688911
375,11.284943999999951,1,1,1,0.013999997463542968
376,11.31494399999995,1,1,1,0.01479100319556892
377,11.34494399999995,1,1,1,0.015083001926541328
378,11.37494399999995,1,1,1,0.015249999705702066
379,11.404943999999949,1,1,1,0.015083998732734472
380,11.434943999999948,1,1,1,0.014875004126224667
381,11.464943999999948,1,1,1,0.015333003830164671
382,11.494943999999947,1,1,1,0.015249999705702066
383,11.524943999999946,1,1,1,0.01566599530633539
384,11.554943999999946,1,1,1,0.015083998732734472
385,11.584943999999945,1,1,1,0.015166995581239462
386,11.614943999999944,1,1,1,0.014999997802078724
387,11.644943999999944,1,1,1,0.015166995581239462
388,11.674943999999943,1,1,1,0.015083001926541328
389,11.704943999999943,1,1,1,0.01491600414738059
390,11.734943999999942,1,1,1,0.014666999049950391
391,11.764943999999941,1,1,1,0.014999997802078724
392,11.79494399999994,1,1,1,0.014917000953573734
393,11.82494399999994,1,1,1,0.02824999683070928
394,11.85494399999994,1,1,1,0.016582998796366155
395,11.884943999999939,1,1,1,0.015332996554207057
396,11.914943999999938,1,1,1,0.015166995581239462
397,11.944943999999937,1,1,1,0.015000005078036338
398,11.974943999999937,1,1,1,0.014792000001762062
399,12.004943999999936,1,1,1,0.01416700251866132
400,12.034943999999935,1,1,1,0.013874996511731297
401,12.064943999999935,1,1,1,0.014707999071106315
402,12.094943999999934,1,1,1,0.014875004126224667
403,12.124943999999934,1,1,1,0.014708995877299458
404,12.154943999999933,1,1,1,0.015083001926541328
405,12.184943999999932,1,1,1,0.01512500602984801
406,12.214943999999932,1,1,1,0.015165998775046319
407,12.244943999999931,1,1,1,0.014917000953573734
408,12.27494399999993,1,1,1,0.014833000022917986
409,12.30494399999993,1,1,1,0.014833000022917986
410,12.334943999999929,1,1,1,0.014915996871422976
411,12.364943999999928,1,1,1,0.015583005733788013
412,12.394943999999928,1,1,1,0.01529099972685799
413,12.424943999999927,0,0,1,0.002874992787837982
414,12.454943999999927,1,1,1,0.015624995285179466
415,12.484943999999926,1,1,1,0.014917000953573734
416,12.514943999999925,0,0,1,0.002624998160172254
417,12.544943999999925,0,0,1,0.002458000381011516
418,12.574943999999924,0,0,0,0.002583001332823187
419,12.604943999999923,0,0,0,0.0012079981388524175
420,12.634943999999923,0,0,0,0.0009169962140731514
421,12.664943999999922,1,0,1,0.009292001777794212
422,12.694943999999921,1,0,1,0.010000003385357559
423,12.72494399999992,1,0,1,0.0162090000230819
424,12.75494399999992,2,0,2,0.023916996724437922
425,12.78494399999992,1,1,2,0.019334001990500838
426,12.814943999999919,1,1,2,0.017334001313429326
427,12.844943999999918,1,1,1,0.017250000382773578
428,12.874943999999918,1,1,1,0.01979200169444084
429,12.904943999999917,1,1,1,0.016750003851484507
430,12.934943999999916,1,1,1,0.015709003491792828
431,12.964943999999916,1,1,1,0.014833000022917986
432,12.994943999999915,1,1,1,0.014707999071106315
433,13.024943999999914,1,1,1,0.0149589977809228
434,13.054943999999914,1,1,1,0.015165998775046319
435,13.084943999999913,1,1,1,0.015375000657513738
436,13.114943999999912,1,1,1,0.0155829984578304
437,13.144943999999912,1,1,1,0.14199999714037403
438,13.174943999999911,1,1,1,0.018332997569814324
439,13.20494399999991,1,1,1,0.017416998161934316
440,13.23494399999991,1,1,1,0.01591700129210949
441,13.26494399999991,1,1,1,0.01587499718880281
442,13.294943999999909,1,1,1,0.016333004168700427
443,13.324943999999908,1,1,1,0.01587499718880281
444,13.354943999999907,1,1,1,0.015457997506018728
445,13.384943999999907,1,1,1,0.014999997802078724
446,13.414943999999906,1,1,1,0.015333003830164671
447,13.444943999999905,1,1,1,0.015334000636357814
448,13.474943999999905,1,1,1,0.015083998732734472
449,13.504943999999904,0,0,1,0.0028340000426396728
450,13.534943999999903,0,0,1,0.0023329994291998446
451,13.564943999999903,1,1,1,0.01708300260361284
452,13.594943999999902,1,1,1,0.016415993741247803
453,13.624943999999902,1,1,1,0.015082994650583714
454,13.654943999999901,1,1,1,0.014917000953573734
455,13.6849439999999,1,1,1,0.014500001270789653
456,13.7149439999999,1,1,1,0.01529099972685799
457,13.744943999999899,1,1,1,0.01974999759113416
458,13.774943999999898,0,0,1,0.0024170003598555923
459,13.804943999999898,2,1,2,0.024833003408275545
460,13.834943999999897,1,1,2,0.01904200325952843
461,13.864943999999896,1,1,2,0.01729200448608026
462,13.894943999999896,2,1,2,0.028290996851865202
463,13.924943999999895,0,0,2,0.004084002284798771
464,13.954943999999895,0,0,2,0.0031669987947680056
465,13.984943999999894,0,0,0,0.003916997229680419
466,14.014943999999893,0,0,0,0.001124994014389813
467,14.044943999999893,0,0,0,0.0008749993867240846
468,14.074943999999892,0,0,0,0.0008330025593750179
469,14.104943999999891,0,0,0,0.0008330025593750179
470,14.13494399999989,0,0,0,0.000790998456068337
471,14.16494399999989,0,0,0,0.0007499984349124134
472,14.19494399999989,0,0,0,0.0007919952622614801
473,14.224943999999889,0,0,0,0.0008329952834174037
474,14.254943999999888,0,0,0,0.0008749993867240846
475,14.284943999999888,0,0,0,0.000790998456068337
476,14.314943999999887,0,0,0,0.000790998456068337
477,14.344943999999886,0,0,0,0.0008329952834174037
478,14.374943999999886,0,0,0,0.0007080016075633466
479,14.404943999999885,0,0,0,0.0008329952834174037
480,14.434943999999884,0,0,0,0.0007499984349124134
481,14.464943999999884,0,0,0,0.0007499984349124134
482,14.494943999999883,0,0,0,0.0007499984349124134
483,14.524943999999882,0,0,0,0.0007499984349124134
484,14.554943999999882,0,0,0,0.0007079943316057324
485,14.584943999999881,0,0,0,0.0007080016075633466
486,14.61494399999988,0,0,0,0.0007089984137564898
487,14.64494399999988,0,0,0,0.0007499984349124134
488,14.67494399999988,0,0,0,0.0007089984137564898
489,14.704943999999879,0,0,0,0.0007089984137564898
490,14.734943999999878,0,0,0,0.0007089984137564898
491,14.764943999999877,0,0,0,0.0007499984349124134
492,14.794943999999877,0,0,0,0.000790998456068337
493,14.824943999999876,0,0,0,0.0007499984349124134
494,14.854943999999875,0,0,0,0.0007920025382190943
495,14.884943999999875,0,0,0,0.0007919952622614801
496,14.914943999999874,0,0,0,0.000790998456068337
497,14.944943999999873,0,0,0,0.0007079943316057324
498,14.974943999999873,0,0,0,0.000790998456068337
499,15.004943999999872,0,0,0,0.0007499984349124134
500,15.034943999999872,0,0,0,0.0007500057108700275
501,15.06494399999987,0,0,0,0.0007499984349124134
502,15.09494399999987,0,0,0,0.0007500057108700275
503,15.12494399999987,0,0,0,0.0007500057108700275
504,15.154943999999869,0,0,0,0.0007499984349124134
505,15.184943999999868,0,0,0,0.0007500057108700275
506,15.214943999999868,0,0,0,0.0007920025382190943
507,15.244943999999867,1,0,1,0.00883299799170345
508,15.274943999999866,1,0,1,0.011249998351559043
509,15.304943999999866,0,0,1,0.002916996891144663
510,15.334943999999865,0,0,1,0.0023339962353929877
511,15.364943999999864,0,0,0,0.0023749962565489113
512,15.394943999999864,1,0,1,0.008000002708286047
513,15.424943999999863,1,0,1,0.009666997357271612
514,15.454943999999863,1,1,1,0.01787499786587432
515,15.484943999999862,1,1,1,0.016874997527338564
516,15.514943999999861,1,1,1,0.016666999727021903
517,15.54494399999986,1,1,1,0.016375000996049494
518,15.57494399999986,1,1,1,0.01787499786587432
519,15.60494399999986,0,0,1,0.0030000010156072676
520,15.634943999999859,1,1,1,0.017167003534268588
521,15.664943999999858,1,1,1,0.016792000678833574
522,15.694943999999857,1,1,1,0.01612499909242615
523,15.724943999999857,1,1,1,5.927666999923531
524,15.754943999999856,1,1,1,0.029041999368928373
525,15.784943999999856,1,1,1,0.02104200393659994
526,15.814943999999855,1,1,1,0.01808399974834174
527,15.844943999999854,1,1,1,0.01779200101736933
528,15.874943999999854,1,1,1,0.016040998161770403
529,15.904943999999853,1,1,1,0.015792000340297818
530,15.934943999999852,1,1,1,0.01570799940964207
531,15.964943999999852,1,1,1,0.01604200224392116
532,15.994943999999851,1,1,1,0.016666999727021903
533,16.024943999999852,1,1,1,0.0155829984578304
534,16.054943999999853,1,1,1,0.014999997802078724
535,16.084943999999854,1,1,1,0.015583995264023542
536,16.114943999999856,1,1,1,0.015042001905385405
537,16.144943999999857,2,1,2,0.02887499431381002
538,16.174943999999858,1,1,2,0.019416998839005828
539,16.20494399999986,1,1,2,0.017541002307552844
540,16.23494399999986,1,1,1,0.017833001038525254
541,16.26494399999986,1,1,1,0.015167002857197076
542,16.294943999999862,1,1,1,0.014707999071106315
543,16.324943999999864,1,1,1,0.014875004126224667
544,16.354943999999865,1,1,1,0.015124998753890395
545,16.384943999999866,2,1,2,0.023041000531520694
546,16.414943999999867,1,0,2,0.012124997738283128
547,16.444943999999868,0,0,2,0.004042005457449704
548,16.47494399999987,1,0,1,0.019041995983570814
549,16.50494399999987,1,1,1,0.027542002499103546
550,16.53494399999987,1,1,1,0.015124998753890395
551,16.564943999999873,1,1,1,0.014999997802078724
552,16.594943999999874,1,1,1,0.015375000657513738
553,16.624943999999875,1,1,1,0.015124998753890395
554,16.654943999999876,1,1,1,0.015083998732734472
555,16.684943999999877,1,1,1,0.015332996554207057
556,16.71494399999988,1,1,1,0.015040997823234648
557,16.74494399999988,1,1,1,0.014457997167482972
558,16.77494399999988,1,1,1,0.014707999071106315
559,16.80494399999988,0,0,1,0.0027500063879415393
560,16.834943999999883,1,1,1,0.01979200169444084
561,16.864943999999884,1,1,1,0.019208004232496023
562,16.894943999999885,1,1,1,0.015666002582293004
563,16.924943999999886,1,1,1,0.014583005395252258
564,16.954943999999887,1,1,1,0.014499993994832039
565,16.98494399999989,1,1,1,0.014874996850267053
566,17.01494399999989,0,0,1,0.0026659981813281775
567,17.04494399999989,1,1,1,0.016624995623715222
568,17.074943999999892,1,1,1,0.015334000636357814
569,17.104943999999893,1,1,1,0.014375000318977982
570,17.134943999999894,1,1,1,0.014332996215671301
571,17.164943999999895,1,1,1,0.014292003470472991
572,17.194943999999897,1,1,1,0.014375000318977982
573,17.224943999999898,1,1,1,0.015292003809008747
574,17.2549439999999,1,1,1,0.014958000974729657
575,17.2849439999999,1,1,1,0.014332996215671301
576,17.3149439999999,1,1,1,0.014750003174412996
577,17.344943999999902,1,1,1,0.014457997167482972
578,17.374943999999903,1,1,1,0.014499993994832039
579,17.404943999999904,1,1,1,0.014332996215671301
580,17.434943999999906,1,1,1,0.014083998394198716
581,17.464943999999907,1,1,1,0.01424999936716631
582,17.494943999999908,1,1,1,0.014083998394198716
583,17.52494399999991,1,1,1,0.02645799395395443
584,17.55494399999991,1,1,1,0.01587499718880281
585,17.58494399999991,1,1,1,0.014041994290892035
586,17.614943999999912,1,1,1,0.014457997167482972
587,17.644943999999914,1,1,1,0.014375000318977982
588,17.674943999999915,1,1,1,0.015416000678669661
589,17.704943999999916,1,1,1,0.014000004739500582
590,17.734943999999917,1,1,1,0.014083001588005573
591,17.764943999999918,1,1,1,0.015249999705702066
592,17.79494399999992,1,1,1,0.014583005395252258
593,17.82494399999992,1,1,1,0.014749995898455381
594,17.85494399999992,1,1,1,0.014833000022917986
595,17.884943999999923,1,1,1,0.01587499718880281
596,17.914943999999924,1,1,1,0.016375000996049494
597,17.944943999999925,1,1,1,0.015500001609325409
598,17.974943999999926,1,1,1,0.014958000974729657
599,18.004943999999927,1,1,1,0.014792000001762062
600,18.03494399999993,1,1,1,0.014500001270789653
601,18.06494399999993,1,1,1,0.014833996829111129
602,18.09494399999993,1,1,1,0.015374993381556123
603,18.12494399999993,1,1,1,0.01512500602984801
604,18.154943999999933,1,1,1,0.014583005395252258
605,18.184943999999934,1,1,1,0.014875004126224667
606,18.214943999999935,1,1,1,0.017459002265240997
607,18.244943999999936,1,1,1,0.015249999705702066
608,18.274943999999937,1,1,1,0.014375000318977982
609,18.30494399999994,1,1,1,0.013958997442387044
610,18.33494399999994,0,0,1,0.0028750000637955964
611,18.36494399999994,1,1,1,0.014790995919611305
612,18.394943999999942,1,1,1,0.01391599653288722
613,18.424943999999943,1,1,1,0.01424999936716631
614,18.454943999999944,1,1,1,0.013999997463542968
615,18.484943999999945,1,1,1,0.013874996511731297
616,18.514943999999947,1,1,1,0.014458993973676115
617,18.544943999999948,1,1,1,0.02704199869185686
618,18.57494399999995,1,1,1,0.015124998753890395
619,18.60494399999995,1,1,1,0.014958000974729657
620,18.63494399999995,1,1,1,0.014458004443440586
621,18.664943999999952,1,1,1,0.015207995602395386
622,18.694943999999953,1,1,1,0.015083001926541328
623,18.724943999999955,1,1,1,0.014833000022917986
624,18.754943999999956,1,1,1,0.014833000022917986
625,18.784943999999957,1,1,1,0.014874996850267053
626,18.814943999999958,1,1,1,0.015249999705702066
627,18.84494399999996,1,1,1,0.014999997802078724
628,18.87494399999996,1,1,1,0.015207995602395386
629,18.90494399999996,1,1,1,0.015332996554207057
630,18.934943999999962,0,0,1,0.002749999111983925
631,18.964943999999964,1,1,1,0.015916004485916346
632,18.994943999999965,0,0,1,0.0025410045054741204
633,19.024943999999966,3,1,3,0.03500000457279384
634,19.054943999999967,0,0,3,0.005250003596302122
635,19.084943999999968,1,0,3,0.013333999959286302
636,19.11494399999997,1,0,2,0.014750003174412996
637,19.14494399999997,0,0,2,0.004250003257766366
638,19.17494399999997,1,0,1,0.01920799695653841
639,19.204943999999973,1,1,1,0.015541001630481333
640,19.234943999999974,1,1,1,0.015709003491792828
641,19.264943999999975,1,1,1,0.01512500602984801
642,19.294943999999976,1,1,1,0.014625002222601324
643,19.324943999999977,1,1,1,0.015416997484862804
644,19.35494399999998,1,1,1,0.015624995285179466
645,19.38494399999998,1,1,1,0.015375000657513738
646,19.41494399999998,1,1,1,0.015792000340297818
647,19.444943999999982,0,0,1,0.0024999972083605826
648,19.474943999999983,1,1,1,0.015083001926541328
649,19.504943999999984,1,1,1,0.015208999684546143
650,19.534943999999985,1,1,1,0.014458004443440586
651,19.564943999999986,1,1,1,0.014665994967799634
652,19.594943999999987,1,1,1,0.015083998732734472
653,19.62494399999999,1,1,1,0.014707999071106315
654,19.65494399999999,1,1,1,0.028583002858795226
655,19.68494399999999,1,1,1,0.014750003174412996
656,19.714943999999992,1,1,1,0.014625002222601324
657,19.744943999999993,1,1,1,0.014749995898455381
658,19.774943999999994,0,0,1,0.0025419940357096493
659,19.804943999999995,1,1,1,0.014999997802078724
660,19.834943999999997,1,1,1,0.014666999049950391
661,19.864943999999998,1,1,1,0.015124998753890395
662,19.894944,1,1,1,0.015042001905385405
663,19.924944,1,1,1,0.014667006325908005
664,19.954944,1,1,1,0.014625002222601324
665,19.984944000000002,1,1,1,0.015332996554207057
666,20.014944000000003,1,1,1,0.014583994925487787
667,20.044944000000005,1,1,1,0.014500001270789653
668,20.074944000000006,1,1,1,0.013875003787688911
669,20.104944000000007,1,1,1,0.013958000636193901
670,20.134944000000008,1,1,1,0.013834003766532987
671,20.16494400000001,1,1,1,0.01445900124963373
672,20.19494400000001,1,1,1,0.015291996533051133
673,20.22494400000001,1,1,1,0.014709003153257072
674,20.254944000000012,1,1,1,0.015208999684546143
675,20.284944000000014,1,1,1,0.015375000657513738
676,20.314944000000015,1,1,1,0.014750003174412996
677,20.344944000000016,1,1,1,0.015166995581239462
678,20.374944000000017,1,1,1,0.015500001609325409
679,20.404944000000018,1,1,1,0.014999997802078724
680,20.43494400000002,1,1,1,0.015292003809008747
681,20.46494400000002,1,1,1,0.014915996871422976
682,20.49494400000002,1,1,1,0.014666999049950391
683,20.524944000000023,1,1,1,0.015167002857197076
684,20.554944000000024,1,1,1,0.015249999705702066
685,20.584944000000025,1,1,1,0.014709003153257072
686,20.614944000000026,1,1,1,0.015083998732734472
687,20.644944000000027,1,1,1,0.01462499494664371
688,20.67494400000003,0,0,1,0.002583001332823187
689,20.70494400000003,1,1,1,0.026832996809389442
690,20.73494400000003,1,1,1,0.015416000678669661
691,20.764944000000032,1,1,1,0.015167002857197076
692,20.794944000000033,1,1,1,0.015249999705702066
693,20.824944000000034,1,1,1,0.015666002582293004
694,20.854944000000035,1,1,1,0.015249999705702066
695,20.884944000000036,1,1,1,0.014792000001762062
696,20.914944000000038,1,1,1,0.014375000318977982
697,20.94494400000004,1,1,1,0.013791002857033163
698,20.97494400000004,1,1,1,0.013791999663226306
699,21.00494400000004,1,1,1,0.013707998732570559
700,21.034944000000042,1,1,1,0.01454199809813872
701,21.064944000000043,1,1,1,0.015208999684546143
702,21.094944000000044,1,1,1,0.015041005099192262
703,21.124944000000045,1,1,1,0.015332996554207057
704,21.154944000000047,0,0,1,0.002791995939332992
705,21.184944000000048,1,1,1,0.016250000044237822
706,21.21494400000005,0,0,1,0.002291999408043921
707,21.24494400000005,1,1,1,0.015332996554207057
708,21.27494400000005,2,1,2,0.024417000531684607
709,21.304944000000052,1,1,2,0.01787499786587432
710,21.334944000000053,1,1,2,0.01695800165180117
711,21.364944000000055,2,1,2,0.02625000342959538
712,21.394944000000056,1,1,2,0.017625003238208592
713,21.424944000000057,2,1,2,0.03129199467366561
714,21.454944000000058,1,1,2,0.017625003238208592
715,21.48494400000006,1,1,2,0.01795799471437931
716,21.51494400000006,1,1,1,0.018375001673121005
717,21.54494400000006,1,1,1,0.016792000678833574
718,21.574944000000063,1,1,1,0.01608299498911947
719,21.604944000000064,2,1,2,0.02487500023562461
720,21.634944000000065,1,1,2,0.03133299469482154
721,21.664944000000066,1,1,2,0.015958998119458556
722,21.694944000000067,1,1,1,0.016292004147544503
723,21.724944000000068,0,0,1,0.0024170003598555923
724,21.75494400000007,0,0,1,0.0020420047803781927
725,21.78494400000007,0,0,0,0.002291002601850778
726,21.81494400000007,0,0,0,0.001415995939169079
727,21.844944000000073,0,0,0,0.0010000003385357559
728,21.874944000000074,1,0,1,0.008666000212542713
729,21.904944000000075,0,0,1,0.0024999972083605826
730,21.934944000000076,1,0,1,0.009958006558008492
731,21.964944000000077,1,1,1,0.015833000361453742
732,21.99494400000008,1,1,1,0.01562500256113708
733,22.02494400000008,1,1,1,0.016083002265077084
734,22.05494400000008,1,1,1,0.015709003491792828
735,22.084944000000082,0,0,1,0.002415996277704835
736,22.114944000000083,0,0,1,0.0022079984773881733
737,22.144944000000084,1,0,1,0.015958001313265413
738,22.174944000000085,0,0,1,0.0022090025595389307
739,22.204944000000086,0,0,1,0.0020410006982274354
740,22.234944000000088,0,0,0,0.002416003553662449
741,22.26494400000009,0,0,0,0.0012919990695081651
742,22.29494400000009,0,0,0,0.0009170034900307655
743,22.32494400000009,0,0,0,0.000790998456068337
744,22.354944000000092,1,0,1,0.008124996384140104
745,22.384944000000093,0,0,1,0.0023329994291998446
746,22.414944000000094,0,0,1,0.001791995600797236
747,22.444944000000095,0,0,0,0.0018330028979107738
748,22.474944000000097,1,0,1,0.0075409989221952856
749,22.504944000000098,1,0,1,0.009750001481734216
750,22.5349440000001,1,0,1,0.01620799594093114
751,22.5649440000001,1,1,1,0.015958998119458556
752,22.5949440000001,1,1,1,0.016167003195732832
753,22.624944000000102,1,1,1,0.016291000065393746
754,22.654944000000103,1,1,1,0.015417004760820419
755,22.684944000000105,1,1,1,0.01595900539541617
756,22.714944000000106,1,1,1,0.015291996533051133
757,22.744944000000107,1,1,1,0.015666999388486147
758,22.774944000000108,1,1,1,0.015833997167646885
759,22.80494400000011,1,1,1,0.015165998775046319
760,22.83494400000011,1,1,1,0.015124998753890395
761,22.86494400000011,1,1,1,0.015416997484862804
762,22.894944000000113,1,1,1,0.015000005078036338
763,22.924944000000114,1,1,1,0.01562500256113708
764,22.954944000000115,1,1,1,0.01445900124963373
765,22.984944000000116,1,1,1,0.013874996511731297
766,23.014944000000117,1,1,1,0.013625001884065568
767,23.044944000000118,1,1,1,0.013999997463542968
768,23.07494400000012,1,1,1,0.014042001566849649
769,23.10494400000012,1,1,1,0.014999997802078724
770,23.13494400000012,1,1,1,0.015833997167646885
771,23.164944000000123,1,1,1,0.015375000657513738
772,23.194944000000124,1,1,1,0.029082999390084296
773,23.224944000000125,1,1,1,0.016458005120512098
774,23.254944000000126,1,1,1,0.015333003830164671
775,23.284944000000127,1,1,1,0.014874996850267053
776,23.31494400000013,1,1,1,0.015083001926541328
777,23.34494400000013,1,1,1,0.014666999049950391
778,23.37494400000013,1,1,1,0.015457997506018728
779,23.404944000000132,1,1,1,0.015249999705702066
780,23.434944000000133,1,1,1,0.015166995581239462
781,23.464944000000134,1,1,1,0.014999997802078724
782,23.494944000000135,1,1,1,0.03962499613407999
783,23.524944000000136,0,0,1,0.009250004950445145
784,23.554944000000138,1,1,1,0.03320799442008138
785,23.58494400000014,1,1,1,0.021457999537233263
786,23.61494400000014,1,1,1,0.01837499439716339
787,23.64494400000014,0,0,1,0.0033329997677356005
788,23.674944000000142,1,1,1,0.01816699659684673
789,23.704944000000143,1,1,1,0.01691699435468763
790,23.734944000000144,1,1,1,0.015500001609325409
791,23.764944000000146,1,1,1,0.015500001609325409
792,23.794944000000147,1,1,1,0.014957993698772043
793,23.824944000000148,1,1,1,0.014875004126224667
794,23.85494400000015,0,0,1,0.0027909991331398487
795,23.88494400000015,1,1,1,0.015833997167646885
796,23.91494400000015,1,1,1,0.014999997802078724
797,23.944944000000152,1,1,1,0.01416700251866132
798,23.974944000000153,1,1,1,0.014708006347063929
799,24.004944000000155,1,1,1,0.014500001270789653
800,24.034944000000156,1,1,1,0.014833996829111129
801,24.064944000000157,1,1,1,0.01412499841535464
802,24.094944000000158,0,0,1,0.0024170003598555923
803,24.12494400000016,1,1,1,0.01629199687158689
804,24.15494400000016,0,0,1,0.002416003553662449
805,24.18494400000016,0,0,1,0.0023750035325065255
806,24.214944000000163,0,0,0,0.002916996891144663
807,24.244944000000164,1,0,1,0.013917000615037978
808,24.274944000000165,1,0,1,0.01195799995912239
809,24.304944000000166,1,1,1,0.017624995962250978
810,24.334944000000167,0,0,1,0.002874992787837982
811,24.36494400000017,1,1,1,0.01750000228639692
812,24.39494400000017,1,1,1,0.017209000361617655
813,24.42494400000017,1,1,1,0.03120800101896748
814,24.45494400000017,1,1,1,0.016707999748177826
815,24.484944000000173,1,1,1,0.016749996575526893
816,24.514944000000174,1,1,1,0.01575000351294875
817,24.544944000000175,1,1,1,0.015583995264023542
818,24.574944000000176,1,1,1,0.01587499718880281
819,24.604944000000177,1,1,1,0.015666999388486147
820,24.63494400000018,1,1,1,0.015042001905385405
821,24.66494400000018,1,1,1,0.014332996215671301
822,24.69494400000018,1,1,1,0.014292003470472991
823,24.724944000000182,1,1,1,0.013958000636193901
824,24.754944000000183,1,1,1,0.014208002539817244
825,24.784944000000184,1,1,1,0.01445900124963373
826,24.814944000000185,1,1,1,0.014166995242703706
827,24.844944000000186,1,1,1,0.01424999936716631
828,24.874944000000188,1,1,1,0.013999997463542968
829,24.90494400000019,1,1,1,0.014125005691312253
830,24.93494400000019,1,1,1,0.014040997484698892
831,24.96494400000019,2,1,2,0.025749999622348696
832,24.994944000000192,2,1,2,0.027999994927085936
833,25.024944000000193,1,1,2,0.01737500133458525
834,25.054944000000194,1,1,2,0.01745799818309024
835,25.084944000000196,2,2,2,0.030916999094188213
836,25.114944000000197,1,0,2,0.017083999409805983
837,25.144944000000198,2,1,3,0.02504199801478535
838,25.1749440000002,2,1,2,0.028375005058478564
839,25.2049440000002,2,2,2,0.03183400258421898
840,25.2349440000002,2,2,2,0.04525000258581713
841,25.264944000000202,2,2,2,0.0311659969156608
842,25.294944000000203,2,2,2,0.030499999411404133
843,25.324944000000205,1,1,2,0.016833000699989498
844,25.354944000000206,1,1,2,0.016083002265077084
845,25.384944000000207,1,1,1,0.017167003534268588
846,25.414944000000208,1,1,1,0.016375000996049494
847,25.44494400000021,1,1,1,0.014707999071106315
848,25.47494400000021,1,1,1,0.014707999071106315
849,25.50494400000021,1,1,1,0.014792000001762062
850,25.534944000000213,1,1,1,0.014250006643123925
851,25.564944000000214,1,1,1,0.014457997167482972
852,25.594944000000215,1,1,1,0.0145840022014454
853,25.624944000000216,1,1,1,0.014458004443440586
854,25.654944000000217,0,0,1,0.002416003553662449
855,25.68494400000022,0,0,1,0.0020420047803781927
856,25.71494400000022,0,0,0,0.002291999408043921
857,25.74494400000022,0,0,0,0.0012919990695081651
858,25.77494400000022,1,0,1,0.00825000461190939
859,25.804944000000223,0,0,1,0.0020419975044205785
860,25.834944000000224,0,0,1,0.0015420009731315076
861,25.864944000000225,0,0,0,0.0017499987734481692
862,25.894944000000226,1,0,1,0.007000002369750291
863,25.924944000000227,1,0,2,0.008208000508602709
864,25.95494400000023,1,0,2,0.01049999991664663
865,25.98494400000023,1,1,1,0.017291000403929502
866,26.01494400000023,1,1,1,0.015291996533051133
867,26.044944000000232,0,0,1,0.0022500025806948543
868,26.074944000000233,2,1,2,0.022290994820650667
869,26.104944000000234,1,1,2,0.01716599945211783
870,26.134944000000235,2,1,2,0.024333006876986474
871,26.164944000000236,1,0,2,0.017708000086713582
872,26.194944000000238,1,1,2,0.01587499718880281
873,26.22494400000024,2,1,2,0.02420799864921719
874,26.25494400000024,1,1,2,0.017291997210122645
875,26.28494400000024,1,1,2,0.015958998119458556
876,26.314944000000242,1,1,1,0.01729200448608026
877,26.344944000000243,3,1,3,0.030000002880115062
878,26.374944000000244,0,0,3,0.019874998542945832
879,26.404944000000246,2,1,3,0.028750000637955964
880,26.434944000000247,1,0,3,0.012500000593718141
881,26.464944000000248,2,1,3,0.04233299841871485
882,26.49494400000025,0,0,3,0.00583400105824694
883,26.52494400000025,2,1,3,0.03829100023722276
884,26.55494400000025,2,2,2,0.037625002732966095
885,26.584944000000252,1,0,2,0.018040998838841915
886,26.614944000000254,1,1,2,0.01695800165180117
887,26.644944000000255,1,1,1,0.017291000403929502
888,26.674944000000256,1,1,1,0.015249999705702066
889,26.704944000000257,1,1,1,0.015292003809008747
890,26.734944000000258,1,1,1,0.0149589977809228
891,26.76494400000026,1,1,1,0.014957993698772043
892,26.79494400000026,1,1,1,0.015124998753890395
893,26.82494400000026,2,1,2,0.022207997972145677
894,26.854944000000263,1,1,2,0.017250000382773578
895,26.884944000000264,1,1,2,0.0162090000230819
896,26.914944000000265,1,1,1,0.016625002899672836
897,26.944944000000266,1,1,1,0.015040997823234648
898,26.974944000000267,1,1,1,0.01575000351294875
899,27.00494400000027,1,1,1,0.018709004507400095
900,27.03494400000027,1,1,1,0.01599999814061448
901,27.06494400000027,2,1,2,0.024791996111162007
902,27.09494400000027,1,1,2,0.01787499786587432
903,27.124944000000273,1,1,2,0.01774999691406265
904,27.154944000000274,1,1,1,0.01779200101736933
905,27.184944000000275,2,1,2,0.02329199924133718
906,27.214944000000276,0,0,2,0.0037919962778687477
907,27.244944000000277,1,0,2,0.026249996153637767
908,27.27494400000028,1,1,1,0.018708000425249338
909,27.30494400000028,1,1,1,0.01925000105984509
910,27.33494400000028,1,1,1,0.017250000382773578
911,27.364944000000282,1,1,1,0.015375000657513738
912,27.394944000000283,2,1,2,0.024291999579872936
913,27.424944000000284,1,1,2,0.019084000086877495
914,27.454944000000285,2,1,2,0.026166999305132776
915,27.484944000000286,1,1,2,0.017459002265240997
916,27.514944000000288,1,1,2,0.01766700006555766
917,27.54494400000029,1,1,1,0.01737500133458525
918,27.57494400000029,1,1,1,0.016666999727021903
919,27.60494400000029,1,1,1,0.0165839956025593
920,27.634944000000292,1,1,1,0.014834004105068743
921,27.664944000000293,1,1,1,0.015166995581239462
922,27.694944000000294,1,1,1,0.01491699367761612
923,27.724944000000296,1,1,1,0.01454199809813872
924,27.754944000000297,1,1,1,0.014750003174412996
925,27.784944000000298,1,1,1,0.014625002222601324
926,27.8149440000003,1,1,1,0.014750003174412996
927,27.8449440000003,0,0,1,0.0025840054149739444
928,27.8749440000003,0,0,1,0.0024170003598555923
929,27.904944000000302,1,1,1,0.0158340044436045
930,27.934944000000304,1,1,1,0.014792000001762062
931,27.964944000000305,1,1,1,0.014833000022917986
932,27.994944000000306,2,1,2,0.022708998585585505
933,28.024944000000307,1,0,2,0.011500000255182385
934,28.054944000000308,2,0,2,0.030957999115344137
935,28.08494400000031,3,1,3,0.03862500307150185
936,28.11494400000031,1,1,3,0.01875000452855602
937,28.14494400000031,1,1,3,0.13324999599717557
938,28.174944000000313,1,1,1,0.020375002350192517
939,28.204944000000314,2,1,2,0.023041997337713838
940,28.234944000000315,1,1,2,0.018749997252598405
941,28.264944000000316,1,1,2,0.017124999430961907
942,28.294944000000317,1,1,1,0.016750003851484507
943,28.32494400000032,2,1,2,0.022125001123640686
944,28.35494400000032,1,0,2,0.01012500433716923
945,28.38494400000032,2,1,2,0.030125003831926733
946,28.41494400000032,1,1,2,0.016416001017205417
947,28.444944000000323,1,1,2,0.020082996343262494
948,28.474944000000324,1,1,1,0.02274999860674143
949,28.504944000000325,1,1,1,0.016624995623715222
950,28.534944000000326,1,1,1,0.015291996533051133
951,28.564944000000327,2,1,2,0.022250002075452358
952,28.59494400000033,2,1,2,0.023916996724437922
953,28.62494400000033,2,2,2,0.02925000444520265
954,28.65494400000033,1,1,2,0.016208003216888756
955,28.684944000000332,1,0,2,0.01666600292082876
956,28.714944000000333,2,1,2,0.030290997528936714
957,28.744944000000334,1,1,2,0.01820900070015341
958,28.774944000000335,0,0,2,0.004791996616404504
959,28.804944000000337,0,0,1,0.0038750004023313522
960,28.834944000000338,0,0,0,0.0036659985198639333
961,28.86494400000034,0,0,0,0.0014170000213198364
962,28.89494400000034,0,0,0,0.0011660013115033507
963,28.92494400000034,0,0,0,0.0010000003385357559
964,28.954944000000342,0,0,0,0.0010000003385357559
965,28.984944000000343,0,0,0,0.0010410003596916795
966,29.014944000000344,0,0,0,0.0010000003385357559
967,29.044944000000346,0,0,0,0.0011250012903474271
968,29.074944000000347,0,0,0,0.0010000003385357559
969,29.104944000000348,0,0,0,0.0010000003385357559
970,29.13494400000035,1,0,1,0.010124997061211616
971,29.16494400000035,0,0,1,0.0021669984562322497
972,29.19494400000035,0,0,1,0.0017080019460991025
973,29.224944000000352,0,0,0,0.0020000006770715117
974,29.254944000000354,1,0,1,0.007167000148911029
975,29.284944000000355,1,0,1,0.009625000529922545
976,29.314944000000356,0,0,1,0.0022500025806948543
977,29.344944000000357,0,0,1,0.0020000006770715117
978,29.374944000000358,0,0,0,0.002125001628883183
979,29.40494400000036,0,0,0,0.000833999365568161
980,29.43494400000036,0,0,0,0.0007499984349124134
981,29.46494400000036,0,0,0,0.000790998456068337
982,29.494944000000363,0,0,0,0.0008329952834174037
983,29.524944000000364,0,0,0,0.0007499984349124134
984,29.554944000000365,0,0,0,0.0007499984349124134
985,29.584944000000366,0,0,0,0.000667001586407423
986,29.614944000000367,0,0,0,0.0006660047802142799
987,29.64494400000037,0,0,0,0.000833999365568161
988,29.67494400000037,0,0,0,0.0006659975042566657
989,29.70494400000037,0,0,0,0.0006250047590583563
990,29.73494400000037,0,0,0,0.0007080016075633466
991,29.764944000000373,0,0,0,0.0006669943104498088
992,29.794944000000374,0,0,0,0.000667001586407423
993,29.824944000000375,1,0,1,0.007000002369750291
994,29.854944000000376,1,0,1,0.00916700082598254
995,29.884944000000377,0,0,1,0.002125001628883183
996,29.91494400000038,0,0,1,0.001957996573764831
997,29.94494400000038,0,0,0,0.002082997525576502
998,29.97494400000038,0,0,0,0.0009170034900307655
999,30.004944000000382,1,0,1,0.006667003617621958
1000,30.034944000000383,1,0,1,0.00875000114319846
1001,30.064944000000384,0,0,1,0.001958003849722445
1002,30.094944000000385,0,0,1,0.0019169965526089072
1003,30.124944000000387,0,0,0,0.0020000006770715117
1004,30.154944000000388,0,0,0,0.0007919952622614801
1005,30.18494400000039,1,0,1,0.0069160014390945435
1006,30.21494400000039,1,0,1,0.008999995770864189
1007,30.24494400000039,1,0,1,0.031666000722907484
1008,30.274944000000392,1,1,1,0.017291997210122645
1009,30.304944000000393,1,1,1,0.01654199877521023
1010,30.334944000000394,1,1,1,0.015291996533051133
1011,30.364944000000396,0,0,1,0.0024170003598555923
1012,30.394944000000397,1,1,1,0.016333993698935956
1013,30.424944000000398,0,0,1,0.0023329994291998446
1014,30.4549440000004,1,1,1,0.016333004168700427
1015,30.4849440000004,1,1,1,0.016500001947861165
1016,30.5149440000004,1,1,1,0.018459002603776753
1017,30.544944000000402,1,1,1,0.01562500256113708
1018,30.574944000000404,1,1,1,0.015624995285179466
1019,30.604944000000405,1,1,1,0.015791003534104675
1020,30.634944000000406,1,1,1,0.015166995581239462
1021,30.664944000000407,1,1,1,0.016250000044237822
1022,30.694944000000408,1,1,1,0.015833000361453742
1023,30.72494400000041,1,1,1,0.014416997146327049
1024,30.75494400000041,1,1,1,0.01420799526385963
1025,30.78494400000041,1,1,1,0.014874996850267053
1026,30.814944000000413,1,1,1,0.01491600414738059
1027,30.844944000000414,1,1,1,0.01758299913490191
1028,30.874944000000415,1,1,1,0.019833001715596765
1029,30.904944000000416,1,1,1,0.016750003851484507
1030,30.934944000000417,1,1,1,0.014917000953573734
1031,30.96494400000042,1,1,1,0.0199169953702949
1032,30.99494400000042,1,1,1,0.019082996004726738
1033,31.02494400000042,1,1,1,0.01820900070015341
1034,31.05494400000042,1,1,1,0.01895800232887268
1035,31.084944000000423,1,1,1,0.01591700129210949
1036,31.114944000000424,1,1,1,0.014708995877299458
1037,31.144944000000425,1,1,1,0.014417004422284663
1038,31.174944000000426,1,1,1,0.015500001609325409
1039,31.204944000000427,1,1,1,0.015457997506018728
1040,31.23494400000043,1,1,1,0.015207995602395386
1041,31.26494400000043,1,1,1,0.015833000361453742
1042,31.29494400000043,1,1,1,0.03112500417046249
1043,31.324944000000432,1,1,1,0.017458994989283383
1044,31.354944000000433,1,1,1,0.015541998436674476
1045,31.384944000000434,1,1,1,0.015375000657513738
1046,31.414944000000435,1,1,1,0.015541998436674476
1047,31.444944000000437,1,1,1,0.01962499663932249
1048,31.474944000000438,1,1,1,0.017166996258310974
1049,31.50494400000044,1,1,1,0.015292003809008747
1050,31.53494400000044,1,1,1,0.015083001926541328
1051,31.56494400000044,1,1,1,0.01462499494664371
1052,31.594944000000442,1,1,1,0.014709003153257072
1053,31.624944000000443,1,1,1,0.014582998119294643
1054,31.654944000000445,1,1,1,0.01529099972685799
1055,31.684944000000446,1,1,1,0.014625002222601324
1056,31.714944000000447,1,1,1,0.014625002222601324
1057,31.744944000000448,1,1,1,0.014958000974729657
1058,31.77494400000045,1,1,1,0.014333003491628915
1059,31.80494400000045,1,1,1,0.014375000318977982
1060,31.83494400000045,1,1,1,0.015666999388486147
1061,31.864944000000452,0,0,1,0.002792003215290606
1062,31.894944000000454,1,1,1,0.016417005099356174
1063,31.924944000000455,1,1,1,0.016457997844554484
1064,31.954944000000456,1,1,1,0.015500001609325409
1065,31.984944000000457,1,1,1,0.015375000657513738
1066,32.014944000000455,1,1,1,0.018667000404093415
1067,32.044944000000456,1,1,1,0.015458004781976342
1068,32.07494400000046,1,1,1,0.0153339933604002
1069,32.10494400000046,1,1,1,0.015500001609325409
1070,32.13494400000046,1,1,1,0.015458004781976342
1071,32.16494400000046,1,1,1,0.015416997484862804
1072,32.19494400000046,1,1,1,0.016167003195732832
1073,32.22494400000046,1,1,1,0.016457997844554484
1074,32.254944000000464,1,1,1,0.01562500256113708
1075,32.284944000000465,1,1,1,0.015541998436674476
1076,32.314944000000466,1,1,1,0.027375004719942808
1077,32.34494400000047,1,1,1,0.018165999790653586
1078,32.37494400000047,1,1,1,0.01945799886016175
1079,32.40494400000047,1,1,1,0.018749997252598405
1080,32.43494400000047,1,1,1,0.014958000974729657
1081,32.46494400000047,1,1,1,0.01845800579758361
1082,32.49494400000047,1,1,1,0.016999998479150236
1083,32.524944000000474,1,1,1,0.015333003830164671
1084,32.554944000000475,1,1,1,0.01479100319556892
1085,32.584944000000476,1,1,1,0.015375000657513738
1086,32.61494400000048,1,1,1,0.016917001630645245
1087,32.64494400000048,1,1,1,0.015583005733788013
1088,32.67494400000048,1,1,1,0.015332996554207057
1089,32.70494400000048,1,1,1,0.015541998436674476
1090,32.73494400000048,1,1,1,0.015375000657513738
1091,32.76494400000048,1,1,1,0.017124999430961907
1092,32.794944000000484,1,1,1,0.016083002265077084
1093,32.824944000000485,1,1,1,0.016375000996049494
1094,32.854944000000486,1,1,1,0.01591700129210949
1095,32.88494400000049,1,1,1,0.01837499439716339
1096,32.91494400000049,1,1,1,0.015292003809008747
1097,32.94494400000049,1,1,1,0.017334001313429326
1098,32.97494400000049,2,1,2,0.025000001187436283
1099,33.00494400000049,1,1,2,0.018416998500470072
1100,33.03494400000049,1,0,2,0.01091699959943071
1101,33.064944000000494,1,0,2,0.016666999727021903
1102,33.094944000000496,0,0,1,0.003999994078185409
1103,33.1249440000005,1,1,1,0.015208002878353
1104,33.1549440000005,1,1,1,0.016749996575526893
1105,33.1849440000005,1,1,1,0.01566599530633539
1106,33.2149440000005,1,1,1,0.018208003893960267
1107,33.2449440000005,1,1,1,0.01799999881768599
1108,33.2749440000005,1,1,1,0.016083002265077084
1109,33.3049440000005,1,1,1,0.01479100319556892
1110,33.334944000000505,1,1,1,0.02975000097649172
1111,33.364944000000506,1,1,1,0.016957994375843555
1112,33.39494400000051,1,1,1,0.01633400097489357
1113,33.42494400000051,1,1,1,0.018832994101103395
1114,33.45494400000051,1,1,1,0.019666993466671556
1115,33.48494400000051,1,1,1,0.015584002539981157
1116,33.51494400000051,1,1,1,0.0155829984578304
1117,33.54494400000051,1,1,1,0.015292003809008747
1118,33.574944000000514,1,1,1,0.015124998753890395
1119,33.604944000000515,1,1,1,0.015165998775046319
1120,33.634944000000516,1,1,1,0.015416000678669661
1121,33.66494400000052,1,1,1,0.018624996300786734
1122,33.69494400000052,1,1,1,0.015375000657513738
1123,33.72494400000052,1,1,1,0.017291000403929502
1124,33.75494400000052,0,0,1,0.0035420016502030194
1125,33.78494400000052,0,0,1,0.00325000291923061
1126,33.81494400000052,0,0,0,0.0031669987947680056
1127,33.844944000000524,1,0,1,0.009583003702573478
1128,33.874944000000525,1,0,1,0.010083000233862549
1129,33.904944000000526,1,1,1,0.015916004485916346
1130,33.93494400000053,1,1,1,0.016416001017205417
1131,33.96494400000053,1,1,1,0.020083003619220108
1132,33.99494400000053,1,1,1,0.01562500256113708
1133,34.02494400000053,1,1,1,0.015249999705702066
1134,34.05494400000053,1,1,1,0.01808399974834174
1135,34.08494400000053,1,1,1,0.017625003238208592
1136,34.114944000000534,1,1,1,0.015500001609325409
1137,34.144944000000535,1,1,1,0.016665995644871145
1138,34.17494400000054,1,1,1,0.01595900539541617
1139,34.20494400000054,1,1,1,0.016999998479150236
1140,34.23494400000054,0,0,1,0.0033339965739287436
1141,34.26494400000054,0,0,1,0.002916996891144663
1142,34.29494400000054,2,1,2,0.02487500023562461
1143,34.32494400000054,0,0,2,0.003749999450519681
1144,34.35494400000054,1,0,2,0.011542004358489066
1145,34.384944000000544,2,0,2,0.03379199915798381
1146,34.414944000000546,1,0,2,0.01808399974834174
1147,34.44494400000055,1,1,2,0.018375001673121005
1148,34.47494400000055,1,1,1,0.0322499981848523
1149,34.50494400000055,2,1,2,0.025291999918408692
1150,34.53494400000055,0,0,2,0.0038329962990246713
1151,34.56494400000055,1,0,2,0.011374999303370714
1152,34.59494400000055,0,0,1,0.0041249950299970806
1153,34.62494400000055,1,0,1,0.016707999748177826
1154,34.654944000000555,1,0,1,0.016417005099356174
1155,34.684944000000556,1,0,1,0.01420799526385963
1156,34.71494400000056,1,1,1,0.014792000001762062
1157,34.74494400000056,1,1,1,0.014375000318977982
1158,34.77494400000056,1,1,1,0.016707999748177826
1159,34.80494400000056,0,0,1,0.0029999937396496534
1160,34.83494400000056,1,1,1,0.018541999452281743
1161,34.86494400000056,1,1,1,0.01529099972685799
1162,34.894944000000564,1,1,1,0.015666999388486147
1163,34.924944000000565,1,1,1,0.014958000974729657
1164,34.954944000000566,1,1,1,0.01424999936716631
1165,34.98494400000057,1,1,1,0.01408400567015633
1166,35.01494400000057,1,1,1,0.015417004760820419
1167,35.04494400000057,1,1,1,0.0155829984578304
1168,35.07494400000057,1,1,1,0.014999997802078724
1169,35.10494400000057,1,1,1,0.014709003153257072
1170,35.13494400000057,1,1,1,0.014500001270789653
1171,35.164944000000574,1,1,1,0.015167002857197076
1172,35.194944000000575,1,1,1,0.015249999705702066
1173,35.224944000000576,1,1,1,0.015167002857197076
1174,35.25494400000058,1,1,1,0.014666999049950391
1175,35.28494400000058,1,1,1,0.014666999049950391
1176,35.31494400000058,1,1,1,0.01641699782339856
1177,35.34494400000058,1,1,1,0.014457997167482972
1178,35.37494400000058,1,1,1,0.014416997146327049
1179,35.40494400000058,1,1,1,0.015166995581239462
1180,35.434944000000584,1,1,1,0.014582998119294643
1181,35.464944000000585,1,1,1,0.014500001270789653
1182,35.49494400000059,1,1,1,0.014999997802078724
1183,35.52494400000059,1,1,1,0.015124998753890395
1184,35.55494400000059,1,1,1,0.013666998711414635
1185,35.58494400000059,1,1,1,0.026665999030228704
1186,35.61494400000059,1,1,1,0.014458004443440586
1187,35.64494400000059,1,1,1,0.013917000615037978
1188,35.67494400000059,1,1,1,0.014874996850267053
1189,35.704944000000594,1,1,1,0.015040997823234648
1190,35.734944000000596,1,1,1,0.015375000657513738
1191,35.7649440000006,1,1,1,0.015457997506018728
1192,35.7949440000006,1,1,1,0.015500001609325409
1193,35.8249440000006,1,1,1,0.015457997506018728
1194,35.8549440000006,1,1,1,0.014750003174412996
1195,35.8849440000006,1,1,1,0.014875004126224667
1196,35.9149440000006,1,1,1,0.014666999049950391
1197,35.9449440000006,1,1,1,0.014750003174412996
1198,35.974944000000605,1,1,1,0.014582998119294643
1199,36.004944000000606,1,1,1,0.014583994925487787
1200,36.03494400000061,1,1,1,0.014457997167482972
1201,36.06494400000061,1,1,1,0.01454199809813872
1202,36.09494400000061,1,1,1,0.014958000974729657
1203,36.12494400000061,1,1,1,0.015500001609325409
1204,36.15494400000061,1,1,1,0.015167002857197076
1205,36.18494400000061,0,0,1,0.0024999972083605826
1206,36.214944000000614,1,1,1,0.014749995898455381
1207,36.244944000000615,0,0,1,0.0022500025806948543
1208,36.274944000000616,1,1,1,0.015208999684546143
1209,36.30494400000062,1,1,1,0.014707999071106315
1210,36.33494400000062,0,0,1,0.002082997525576502
1211,36.36494400000062,0,0,1,0.002082997525576502
1212,36.39494400000062,0,0,0,0.002416003553662449
1213,36.42494400000062,1,0,1,0.008874994819052517
1214,36.45494400000062,1,0,2,0.009458002750761807
1215,36.484944000000624,1,0,2,0.011750002158805728
1216,36.514944000000625,1,1,1,0.0176659959834069
1217,36.544944000000626,1,1,1,0.014915996871422976
1218,36.57494400000063,1,1,1,0.014792000001762062
1219,36.60494400000063,1,1,1,0.01416700251866132
1220,36.63494400000063,1,1,1,0.014750003174412996
1221,36.66494400000063,1,1,1,0.01529099972685799
1222,36.69494400000063,1,1,1,0.01570799940964207
1223,36.72494400000063,1,1,1,0.015541001630481333
1224,36.754944000000634,0,0,1,0.0023339962353929877
1225,36.784944000000635,0,0,1,0.014500001270789653
1226,36.81494400000064,0,0,0,0.002540997229516506
1227,36.84494400000064,0,0,0,0.0011250012903474271
1228,36.87494400000064,0,0,0,0.0008749993867240846
1229,36.90494400000064,0,0,0,0.0009590003173798323
1230,36.93494400000064,0,0,0,0.0009159994078800082
1231,36.96494400000064,0,0,0,0.0007920025382190943
1232,36.99494400000064,0,0,0,0.0007499984349124134
1233,37.024944000000644,0,0,0,0.0007500057108700275
1234,37.054944000000646,0,0,0,0.0008330025593750179
1235,37.08494400000065,0,0,0,0.000790998456068337
1236,37.11494400000065,0,0,0,0.0007910057320259511
1237,37.14494400000065,0,0,0,0.0007499984349124134
1238,37.17494400000065,0,0,0,0.0007080016075633466
1239,37.20494400000065,0,0,0,0.0007079943316057324
1240,37.23494400000065,0,0,0,0.000833999365568161
1241,37.26494400000065,0,0,0,0.0007080016075633466
1242,37.294944000000655,0,0,0,0.000667001586407423
1243,37.324944000000656,0,0,0,0.0007500057108700275
1244,37.35494400000066,0,0,0,0.0007089984137564898
1245,37.38494400000066,0,0,0,0.0007500057108700275
1246,37.41494400000066,0,0,0,0.0007080016075633466
1247,37.44494400000066,0,0,0,0.0007080016075633466
1248,37.47494400000066,0,0,0,0.0007499984349124134
1249,37.50494400000066,1,0,1,0.009041003067977726
1250,37.534944000000664,1,0,1,0.010292002116329968
1251,37.564944000000665,1,1,1,0.01629199687158689
1252,37.594944000000666,1,1,1,0.01562500256113708
1253,37.62494400000067,1,1,1,0.015791003534104675
1254,37.65494400000067,1,1,1,0.015042001905385405
1255,37.68494400000067,1,1,1,0.015208002878353
1256,37.71494400000067,1,1,1,0.015124998753890395
1257,37.74494400000067,1,1,1,0.0149589977809228
1258,37.77494400000067,1,1,1,0.014958000974729657
1259,37.804944000000674,1,1,1,0.015167002857197076
1260,37.834944000000675,1,1,1,0.014792000001762062
1261,37.864944000000676,1,1,1,0.014792000001762062
1262,37.89494400000068,1,1,1,0.014666002243757248
1263,37.92494400000068,1,1,1,0.014958000974729657
1264,37.95494400000068,1,1,1,0.015167002857197076
1265,37.98494400000068,1,1,1,0.01529099972685799
1266,38.01494400000068,1,1,1,0.014874996850267053
1267,38.04494400000068,1,1,1,0.01412499841535464
1268,38.074944000000684,1,1,1,0.013625001884065568
1269,38.104944000000685,1,1,1,0.013875003787688911
1270,38.13494400000069,1,1,1,0.013875003787688911
1271,38.16494400000069,1,1,1,0.013666998711414635
1272,38.19494400000069,1,1,1,0.014707999071106315
1273,38.22494400000069,1,1,1,0.01554200571263209
1274,38.25494400000069,0,0,1,0.002624998160172254
1275,38.28494400000069,1,1,1,0.015457997506018728
1276,38.31494400000069,1,1,1,0.014833000022917986
1277,38.344944000000694,1,1,1,0.015416000678669661
1278,38.374944000000696,1,1,1,0.014666999049950391
1279,38.4049440000007,1,1,1,0.014540994015987962
1280,38.4349440000007,1,1,1,0.0149589977809228
1281,38.4649440000007,1,1,1,0.014958000974729657
1282,38.4949440000007,1,1,1,0.014749995898455381
1283,38.5249440000007,2,1,2,0.03599999763537198
1284,38.5549440000007,1,0,2,0.011042000551242381
1285,38.584944000000704,1,1,2,0.016792000678833574
1286,38.614944000000705,1,1,1,0.01741700543789193
1287,38.644944000000706,1,1,1,0.015459001588169485
1288,38.67494400000071,1,1,1,0.015334000636357814
1289,38.70494400000071,1,1,1,0.014707999071106315
1290,38.73494400000071,1,1,1,0.0149589977809228
1291,38.76494400000071,1,1,1,0.014999997802078724
1292,38.79494400000071,1,1,1,0.01491600414738059
1293,38.82494400000071,0,0,1,0.002458000381011516
1294,38.854944000000714,1,1,1,0.01512500602984801
1295,38.884944000000715,1,1,1,0.015791993064340204
1296,38.914944000000716,1,1,1,0.014874996850267053
1297,38.94494400000072,1,1,1,0.014290999388322234
1298,38.97494400000072,1,1,1,0.01424999936716631
1299,39.00494400000072,1,1,1,0.01504199462942779
1300,39.03494400000072,0,0,1,0.0023329994291998446
1301,39.06494400000072,1,1,1,0.01529099972685799
1302,39.09494400000072,1,1,1,0.015084006008692086
1303,39.124944000000724,0,0,1,0.0021660016500391066
1304,39.154944000000725,0,0,1,0.0020000006770715117
1305,39.184944000000726,0,0,0,0.0023750035325065255
1306,39.21494400000073,0,0,0,0.0010000003385357559
1307,39.24494400000073,0,0,0,0.0008749993867240846
1308,39.27494400000073,1,0,1,0.007917005859781057
1309,39.30494400000073,1,0,1,0.00916700082598254
1310,39.33494400000073,1,1,1,0.016208003216888756
1311,39.36494400000073,1,1,1,0.015374993381556123
1312,39.394944000000734,1,1,1,0.01604200224392116
1313,39.424944000000735,1,1,1,0.01554200571263209
1314,39.45494400000074,1,1,1,0.015249999705702066
1315,39.48494400000074,1,1,1,0.01529099972685799
1316,39.51494400000074,1,1,1,0.015292003809008747
1317,39.54494400000074,1,1,1,0.014917000953573734
1318,39.57494400000074,1,1,1,0.014708995877299458
1319,39.60494400000074,1,1,1,0.01599999814061448
1320,39.63494400000074,1,1,1,0.016041994967963547
1321,39.664944000000744,1,1,1,0.01529099972685799
1322,39.694944000000746,1,1,1,0.0155829984578304
1323,39.72494400000075,1,1,1,0.015624995285179466
1324,39.75494400000075,1,1,1,0.030791998142376542
1325,39.78494400000075,1,1,1,0.01591700129210949
1326,39.81494400000075,1,1,1,0.015499994333367795
1327,39.84494400000075,1,1,1,0.014834004105068743
1328,39.87494400000075,1,1,1,0.015208999684546143
1329,39.904944000000754,1,1,1,0.014458004443440586
1330,39.934944000000755,1,1,1,0.014083001588005573
1331,39.964944000000756,1,1,1,0.014040997484698892
1332,39.99494400000076,1,1,1,0.015833997167646885
1333,40.02494400000076,1,1,1,0.016083002265077084
1334,40.05494400000076,1,1,1,0.015167002857197076
1335,40.08494400000076,1,1,1,0.014874996850267053
1336,40.11494400000076,1,1,1,0.01491600414738059
1337,40.14494400000076,2,1,2,0.02429099549772218
1338,40.174944000000764,1,0,2,0.011459000234026462
1339,40.204944000000765,1,1,2,0.018707993149291724
1340,40.234944000000766,1,1,1,0.019416998839005828
1341,40.26494400000077,1,1,1,0.017291000403929502
1342,40.29494400000077,1,1,1,0.015749996236991137
1343,40.32494400000077,1,1,1,0.01758400321705267
1344,40.35494400000077,1,1,1,0.015416000678669661
1345,40.38494400000077,1,1,1,0.016749996575526893
1346,40.41494400000077,1,1,1,0.015749996236991137
1347,40.444944000000774,1,1,1,0.015208999684546143
1348,40.474944000000775,1,1,1,0.015417004760820419
1349,40.504944000000776,1,1,1,0.014917000953573734
1350,40.53494400000078,1,1,1,0.014833000022917986
1351,40.56494400000078,1,1,1,0.015459001588169485
1352,40.59494400000078,1,1,1,0.01491600414738059
1353,40.62494400000078,1,1,1,0.015333003830164671
1354,40.65494400000078,1,1,1,0.015166995581239462
1355,40.68494400000078,1,1,1,0.014958000974729657
1356,40.714944000000784,1,1,1,0.01383299968438223
1357,40.744944000000785,1,1,1,0.027999994927085936
1358,40.77494400000079,1,1,1,0.016291000065393746
1359,40.80494400000079,1,1,1,0.0155829984578304
1360,40.83494400000079,1,1,1,0.014792000001762062
1361,40.86494400000079,1,1,1,0.01491699367761612
1362,40.89494400000079,1,1,1,0.014874996850267053
1363,40.92494400000079,1,1,1,0.015375000657513738
1364,40.95494400000079,1,1,1,0.014707999071106315
1365,40.984944000000795,1,1,1,0.014833000022917986
1366,41.014944000000796,1,1,1,0.015417004760820419
1367,41.0449440000008,1,1,1,0.015040997823234648
1368,41.0749440000008,0,0,1,0.002624998160172254
1369,41.1049440000008,0,0,1,0.002291999408043921
1370,41.1349440000008,0,0,0,0.002624998160172254
1371,41.1649440000008,0,0,0,0.0010830044629983604
1372,41.1949440000008,0,0,0,0.0008750066626816988
1373,41.224944000000804,0,0,0,0.0007920025382190943
1374,41.254944000000805,0,0,0,0.000790998456068337
1375,41.284944000000806,0,0,0,0.0007910057320259511
1376,41.31494400000081,0,0,0,0.0007080016075633466
1377,41.34494400000081,0,0,0,0.0007080016075633466
1378,41.37494400000081,0,0,0,0.0007500057108700275
1379,41.40494400000081,0,0,0,0.0007080016075633466
1380,41.43494400000081,0,0,0,0.0007089984137564898
1381,41.46494400000081,0,0,0,0.0007089984137564898
1382,41.494944000000814,0,0,0,0.0007499984349124134
1383,41.524944000000815,0,0,0,0.0007499984349124134
1384,41.554944000000816,0,0,0,0.0007089984137564898
1385,41.58494400000082,0,0,0,0.000790998456068337
1386,41.61494400000082,0,0,0,0.0007499984349124134
1387,41.64494400000082,0,0,0,0.0007080016075633466
1388,41.67494400000082,0,0,0,0.0007080016075633466
1389,41.70494400000082,0,0,0,0.0007089984137564898
1390,41.73494400000082,0,0,0,0.0007499984349124134
1391,41.764944000000824,0,0,0,0.0006250047590583563
1392,41.794944000000825,0,0,0,0.0007499984349124134
1393,41.824944000000826,0,0,0,0.000790998456068337
1394,41.85494400000083,0,0,0,0.0007080016075633466
1395,41.88494400000083,0,0,0,0.0007919952622614801
1396,41.91494400000083,0,0,0,0.000790998456068337
1397,41.94494400000083,0,0,0,0.0007499984349124134
1398,41.97494400000083,2,0,2,0.015166995581239462
1399,42.00494400000083,1,0,2,0.011290998372714967
1400,42.034944000000834,1,1,2,0.01799999881768599
1401,42.064944000000835,1,1,1,0.01758400321705267
1402,42.09494400000084,1,1,1,0.017708996892906725
1403,42.12494400000084,1,1,1,0.01504199462942779
1404,42.15494400000084,1,1,1,0.015167002857197076
1405,42.18494400000084,1,1,1,0.015459001588169485
1406,42.21494400000084,1,1,1,0.01591700129210949
1407,42.24494400000084,1,1,1,0.01575000351294875
1408,42.27494400000084,1,1,1,0.015124998753890395
1409,42.304944000000845,1,1,1,0.015458994312211871
1410,42.334944000000846,1,1,1,0.014333003491628915
1411,42.36494400000085,1,1,1,0.014209006621968001
1412,42.39494400000085,1,1,1,0.014625002222601324
1413,42.42494400000085,1,1,1,0.015416000678669661
1414,42.45494400000085,1,1,1,0.017958001990336925
1415,42.48494400000085,1,1,1,0.01504199462942779
1416,42.51494400000085,1,1,1,0.015166995581239462
1417,42.544944000000854,1,1,1,0.014917000953573734
1418,42.574944000000855,1,1,1,0.015040997823234648
1419,42.604944000000856,1,1,1,0.029165996238589287
1420,42.63494400000086,1,1,1,0.016542006051167846
1421,42.66494400000086,1,1,1,0.01591700129210949
1422,42.69494400000086,1,1,1,0.015749996236991137
1423,42.72494400000086,1,1,1,0.0162090000230819
1424,42.75494400000086,1,1,1,0.016500001947861165
1425,42.78494400000086,1,1,1,0.014917000953573734
1426,42.814944000000864,1,1,1,0.016666999727021903
1427,42.844944000000865,1,1,1,0.018832994101103395
1428,42.874944000000866,1,1,1,0.016375000996049494
1429,42.90494400000087,1,1,1,0.014707999071106315
1430,42.93494400000087,1,1,1,0.014707999071106315
1431,42.96494400000087,1,1,1,0.014833996829111129
1432,42.99494400000087,1,1,1,0.015332996554207057
1433,43.02494400000087,1,1,1,0.014874996850267053
1434,43.05494400000087,1,1,1,0.014583005395252258
1435,43.084944000000874,1,1,1,0.014625002222601324
1436,43.114944000000875,1,1,1,0.014625002222601324
1437,43.144944000000876,1,1,1,0.013958000636193901
1438,43.17494400000088,1,1,1,0.01375000283587724
1439,43.20494400000088,1,1,1,0.013541997759602964
1440,43.23494400000088,1,1,1,0.014458004443440586
1441,43.26494400000088,1,1,1,0.014582998119294643
1442,43.29494400000088,1,1,1,0.015207995602395386
1443,43.32494400000088,1,1,1,0.01462499494664371
1444,43.354944000000884,1,1,1,0.014583994925487787
1445,43.384944000000885,1,1,1,0.014582998119294643
1446,43.41494400000089,1,1,1,0.014625002222601324
1447,43.44494400000089,1,1,1,0.014500001270789653
1448,43.47494400000089,1,1,1,0.014833000022917986
1449,43.50494400000089,1,1,1,0.014666999049950391
1450,43.53494400000089,1,1,1,0.014416997146327049
1451,43.56494400000089,1,1,1,0.014583994925487787
1452,43.59494400000089,1,1,1,0.12725000124191865
1453,43.624944000000895,1,1,1,0.01641699782339856
1454,43.654944000000896,1,1,1,0.015207995602395386
1455,43.6849440000009,1,1,1,0.014750003174412996
1456,43.7149440000009,1,1,1,0.014625002222601324
1457,43.7449440000009,1,1,1,0.01491600414738059
1458,43.7749440000009,1,1,1,0.014875004126224667
1459,43.8049440000009,1,1,1,0.014542005374096334
1460,43.8349440000009,1,1,1,0.013707998732570559
1461,43.864944000000904,1,1,1,0.01416700251866132
1462,43.894944000000905,1,1,1,0.01420799526385963
1463,43.924944000000906,1,1,1,0.013666998711414635
1464,43.95494400000091,1,1,1,0.01383299968438223
1465,43.98494400000091,1,1,1,0.014749995898455381
1466,44.01494400000091,1,1,1,0.014666999049950391
1467,44.04494400000091,1,1,1,0.014833000022917986
1468,44.07494400000091,1,1,1,0.01554200571263209
1469,44.10494400000091,1,1,1,0.015500001609325409
1470,44.134944000000914,1,1,1,0.014917000953573734
1471,44.164944000000915,1,1,1,0.015500001609325409
1472,44.194944000000916,1,1,1,0.015792000340297818
1473,44.22494400000092,1,1,1,0.014917000953573734
1474,44.25494400000092,1,1,1,0.014790995919611305
1475,44.28494400000092,1,1,1,0.015166006051003933
1476,44.31494400000092,1,1,1,0.015208002878353
1477,44.34494400000092,1,1,1,0.014625002222601324
1478,44.37494400000092,1,1,1,0.015083998732734472
1479,44.404944000000924,1,1,1,0.014833000022917986
1480,44.434944000000925,1,1,1,0.014874996850267053
1481,44.464944000000926,1,1,1,0.015208002878353
1482,44.49494400000093,1,1,1,0.014875004126224667
1483,44.52494400000093,1,1,1,0.014458004443440586
1484,44.55494400000093,1,1,1,0.014583994925487787
1485,44.58494400000093,1,1,1,0.026540998078417033
1486,44.61494400000093,1,1,1,0.01512500602984801
1487,44.64494400000093,1,1,1,0.014750003174412996
1488,44.674944000000934,1,1,1,0.014042001566849649
1489,44.704944000000935,1,1,1,0.014583005395252258
1490,44.73494400000094,1,1,1,0.014875004126224667
1491,44.76494400000094,1,1,1,0.015375000657513738
1492,44.79494400000094,1,1,1,0.014833000022917986
1493,44.82494400000094,1,1,1,0.014666002243757248
1494,44.85494400000094,1,1,1,0.015458004781976342
1495,44.88494400000094,1,1,1,0.017499995010439306
1496,44.91494400000094,1,1,1,0.015167002857197076
1497,44.944944000000945,1,1,1,0.015333003830164671
1498,44.974944000000946,1,1,1,0.014792000001762062
1499,45.00494400000095,0,0,1,0.0027500063879415393
1500,45.03494400000095,1,1,1,0.015958001313265413
1501,45.06494400000095,1,1,1,0.016250000044237822
1502,45.09494400000095,1,1,1,0.015458004781976342
1503,45.12494400000095,1,1,1,0.014833000022917986
1504,45.15494400000095,1,1,1,0.014500001270789653
1505,45.184944000000954,1,1,1,0.014666999049950391
1506,45.214944000000955,1,1,1,0.014625002222601324
1507,45.244944000000956,1,1,1,0.014707999071106315
1508,45.27494400000096,1,1,1,0.01562500256113708
1509,45.30494400000096,1,1,1,0.015041005099192262
1510,45.33494400000096,1,1,1,0.014999997802078724
1511,45.36494400000096,1,1,1,0.015166995581239462
1512,45.39494400000096,1,1,1,0.015000005078036338
1513,45.42494400000096,1,1,1,0.016083999071270227
1514,45.454944000000964,1,1,1,0.016166995919775218
1515,45.484944000000965,1,1,1,0.015332996554207057
1516,45.514944000000966,1,1,1,0.015124998753890395
1517,45.54494400000097,1,1,1,0.014707999071106315
1518,45.57494400000097,1,1,1,0.014874996850267053
1519,45.60494400000097,1,1,1,0.026333997084293514
1520,45.63494400000097,1,1,1,0.014709003153257072
1521,45.66494400000097,1,1,1,0.014833000022917986
1522,45.69494400000097,1,1,1,0.014792000001762062
1523,45.724944000000974,1,1,1,0.014834004105068743
1524,45.754944000000975,1,1,1,0.015541001630481333
1525,45.784944000000976,1,1,1,0.015041005099192262
1526,45.81494400000098,1,1,1,0.01479100319556892
1527,45.84494400000098,1,1,1,0.014707999071106315
1528,45.87494400000098,1,1,1,0.014707999071106315
1529,45.90494400000098,1,1,1,0.015040997823234648
1530,45.93494400000098,1,1,1,0.014749995898455381
1531,45.96494400000098,1,1,1,0.015042001905385405
1532,45.994944000000984,1,1,1,0.014834004105068743
1533,46.024944000000986,1,1,1,0.01479100319556892
1534,46.05494400000099,1,1,1,0.014792000001762062
1535,46.08494400000099,0,0,1,0.0026670022634789348
1536,46.11494400000099,0,0,1,0.0022079984773881733
1537,46.14494400000099,1,0,1,0.016250000044237822
1538,46.17494400000099,1,0,1,0.015375000657513738
1539,46.20494400000099,1,1,1,0.015083998732734472
1540,46.23494400000099,1,1,1,0.014958000974729657
1541,46.264944000000995,1,1,1,0.014667006325908005
1542,46.294944000000996,1,1,1,0.014583005395252258
1543,46.324944000001,1,1,1,0.015249999705702066
1544,46.354944000001,1,1,1,0.014792000001762062
1545,46.384944000001,1,1,1,0.014750003174412996
1546,46.414944000001,1,1,1,0.014582998119294643
1547,46.444944000001,1,1,1,0.0145840022014454
1548,46.474944000001,1,1,1,0.014375000318977982
1549,46.504944000001004,1,1,1,0.014750003174412996
1550,46.534944000001005,1,1,1,0.014582998119294643
1551,46.564944000001006,1,1,1,0.014750003174412996
1552,46.59494400000101,1,1,1,0.014709003153257072
1553,46.62494400000101,1,1,1,0.015500001609325409
1554,46.65494400000101,1,1,1,0.026875000912696123
1555,46.68494400000101,1,1,1,0.015249999705702066
1556,46.71494400000101,1,1,1,0.014625002222601324
1557,46.74494400000101,1,1,1,0.014707999071106315
1558,46.774944000001014,1,1,1,0.014625002222601324
1559,46.804944000001015,1,1,1,0.0145840022014454
1560,46.834944000001016,1,1,1,0.014917000953573734
1561,46.86494400000102,1,1,1,0.015249999705702066
1562,46.89494400000102,1,1,1,0.014915996871422976
1563,46.92494400000102,1,1,1,0.015167002857197076
1564,46.95494400000102,1,1,1,0.015041005099192262
1565,46.98494400000102,1,1,1,0.014999997802078724
1566,47.01494400000102,1,1,1,0.015000005078036338
1567,47.044944000001024,1,1,1,0.014833000022917986
1568,47.074944000001025,1,1,1,0.014500001270789653
1569,47.104944000001026,1,1,1,0.014750003174412996
1570,47.13494400000103,1,1,1,0.014582998119294643
1571,47.16494400000103,1,1,1,0.014875004126224667
1572,47.19494400000103,1,1,1,0.015082994650583714
1573,47.22494400000103,1,1,1,0.015167002857197076
1574,47.25494400000103,1,1,1,0.014666999049950391
1575,47.28494400000103,1,1,1,0.014707999071106315
1576,47.314944000001034,1,1,1,0.014792000001762062
1577,47.344944000001036,1,1,1,0.015208002878353
1578,47.37494400000104,1,1,1,0.014667006325908005
1579,47.40494400000104,1,1,1,0.015042001905385405
1580,47.43494400000104,1,1,1,0.014999997802078724
1581,47.46494400000104,1,1,1,0.014707999071106315
1582,47.49494400000104,1,1,1,0.01454199809813872
1583,47.52494400000104,1,1,1,0.0149589977809228
1584,47.55494400000104,1,1,1,0.014874996850267053
1585,47.584944000001045,1,1,1,0.014833000022917986
1586,47.614944000001046,1,1,1,0.01454199809813872
1587,47.64494400000105,1,1,1,0.026583002181723714
1588,47.67494400000105,1,1,1,0.014833996829111129
1589,47.70494400000105,1,1,1,0.014833000022917986
1590,47.73494400000105,1,1,1,0.014541001291945577
1591,47.76494400000105,1,1,1,0.014792000001762062
1592,47.79494400000105,1,1,1,0.015082994650583714
1593,47.824944000001054,1,1,1,0.015292003809008747
1594,47.854944000001055,1,1,1,0.014917000953573734
1595,47.884944000001056,1,1,1,0.018749997252598405
1596,47.91494400000106,1,1,1,0.015541001630481333
1597,47.94494400000106,1,1,1,0.015042001905385405
1598,47.97494400000106,1,1,1,0.015292003809008747
1599,48.00494400000106,1,1,1,0.015333003830164671
1600,48.03494400000106,1,1,1,0.014833000022917986
1601,48.06494400000106,1,1,1,0.014500001270789653
1602,48.094944000001064,1,1,1,0.014707999071106315
1603,48.124944000001065,1,1,1,0.015749996236991137
1604,48.154944000001066,1,1,1,0.014999997802078724
1605,48.18494400000107,1,1,1,0.014666999049950391
1606,48.21494400000107,1,1,1,0.014750003174412996
1607,48.24494400000107,1,1,1,0.014833000022917986
1608,48.27494400000107,1,1,1,0.014582998119294643
1609,48.30494400000107,1,1,1,0.014542005374096334
1610,48.33494400000107,1,1,1,0.01454199809813872
1611,48.364944000001074,1,1,1,0.014499993994832039
1612,48.394944000001075,1,1,1,0.014875004126224667
1613,48.42494400000108,1,1,1,0.015417004760820419
1614,48.45494400000108,1,1,1,0.015124998753890395
1615,48.48494400000108,1,1,1,0.015083001926541328
1616,48.51494400000108,1,1,1,0.015083998732734472
1617,48.54494400000108,0,0,1,0.0027080022846348584
1618,48.57494400000108,0,0,1,0.002291999408043921
1619,48.60494400000108,1,0,1,0.016083002265077084
1620,48.634944000001084,0,0,1,0.0022500025806948543
1621,48.664944000001086,0,0,1,0.0020830048015341163
1622,48.69494400000109,1,0,1,0.015375000657513738
1623,48.72494400000109,1,1,1,0.028500006010290235
1624,48.75494400000109,1,1,1,0.01562500256113708
1625,48.78494400000109,1,1,1,0.014999997802078724
1626,48.81494400000109,1,1,1,0.015249999705702066
1627,48.84494400000109,1,1,1,0.015666999388486147
1628,48.87494400000109,1,1,1,0.01479100319556892
1629,48.904944000001095,1,1,1,0.014667006325908005
1630,48.934944000001096,1,1,1,0.014666002243757248
1631,48.9649440000011,1,1,1,0.014834004105068743
1632,48.9949440000011,1,1,1,0.014958000974729657
1633,49.0249440000011,1,1,1,0.014666999049950391
1634,49.0549440000011,1,1,1,0.014915996871422976
1635,49.0849440000011,1,1,1,0.0145840022014454
1636,49.1149440000011,1,1,1,0.014417004422284663
1637,49.144944000001104,1,1,1,0.014917000953573734
1638,49.174944000001105,1,1,1,0.01454199809813872
1639,49.204944000001106,1,1,1,0.014833000022917986
1640,49.23494400000111,1,1,1,0.014582998119294643
1641,49.26494400000111,1,1,1,0.014500001270789653
1642,49.29494400000111,0,0,1,0.0024170003598555923
1643,49.32494400000111,1,1,1,0.01504199462942779
1644,49.35494400000111,0,0,1,0.0024170003598555923
1645,49.38494400000111,0,0,1,0.002124994352925569
1646,49.414944000001114,0,0,0,0.002583001332823187
1647,49.444944000001115,0,0,0,0.0012500022421590984
1648,49.474944000001116,1,0,1,0.008542003342881799
1649,49.50494400000112,1,0,1,0.009667004633229226
1650,49.53494400000112,1,1,1,0.016790996596682817
1651,49.56494400000112,1,1,1,0.01612499909242615
1652,49.59494400000112,0,0,1,0.0023750035325065255
1653,49.62494400000112,0,0,1,0.0020000006770715117
1654,49.65494400000112,1,1,1,0.0162090000230819
1655,49.684944000001124,1,1,1,0.015958001313265413
1656,49.714944000001125,1,1,1,0.015709003491792828
1657,49.74494400000113,1,1,1,0.016083002265077084
1658,49.77494400000113,1,1,1,0.015249999705702066
1659,49.80494400000113,1,1,1,0.015375000657513738
1660,49.83494400000113,1,1,1,0.015584002539981157
1661,49.86494400000113,1,1,1,0.015291996533051133
1662,49.89494400000113,1,1,1,0.01491600414738059
1663,49.92494400000113,1,1,1,0.015167002857197076
1664,49.954944000001134,1,1,1,0.02849999873433262
1665,49.984944000001136,1,1,1,0.01629199687158689
1666,50.01494400000114,1,1,1,0.015083998732734472
1667,50.04494400000114,1,1,1,0.015749996236991137
1668,50.07494400000114,0,0,1,0.002624998160172254
1669,50.10494400000114,1,1,1,0.015416997484862804
1670,50.13494400000114,1,1,1,0.015083001926541328
1671,50.16494400000114,1,1,1,0.015000005078036338
1672,50.19494400000114,1,1,1,0.015375000657513738
1673,50.224944000001145,1,1,1,0.015083001926541328
1674,50.254944000001146,1,1,1,0.016040998161770403
1675,50.28494400000115,1,1,1,0.017291000403929502
1676,50.31494400000115,0,0,1,0.0027500063879415393
1677,50.34494400000115,1,1,1,0.01654100196901709
1678,50.37494400000115,1,1,1,0.015624995285179466
1679,50.40494400000115,1,1,1,0.015208999684546143
1680,50.43494400000115,0,0,1,0.0022500025806948543
1681,50.464944000001154,1,1,1,0.016208003216888756
1682,50.494944000001155,1,1,1,0.015291996533051133
1683,50.524944000001156,1,1,1,0.015375000657513738
1684,50.55494400000116,1,1,1,0.016332996892742813
1685,50.58494400000116,1,1,1,0.015541001630481333
1686,50.61494400000116,1,1,1,0.015333003830164671
1687,50.64494400000116,1,1,1,0.015249999705702066
1688,50.67494400000116,0,0,1,0.0024170003598555923
1689,50.70494400000116,0,0,1,0.002125001628883183
1690,50.734944000001164,0,0,0,0.0027080022846348584
1691,50.764944000001165,0,0,0,0.001124994014389813
1692,50.794944000001166,0,0,0,0.0008749993867240846
1693,50.82494400000117,1,0,1,0.008709001122042537
1694,50.85494400000117,1,0,1,0.01020800118567422
1695,50.88494400000117,1,0,1,0.016166995919775218
1696,50.91494400000117,1,1,1,0.016250000044237822
1697,50.94494400000117,1,1,1,0.016500001947861165
1698,50.97494400000117,1,1,1,0.015416997484862804
1699,51.004944000001174,1,1,1,0.015332996554207057
1700,51.034944000001175,1,1,1,0.015666002582293004
1701,51.06494400000118,1,1,1,0.015459001588169485
1702,51.09494400000118,1,1,1,0.015040997823234648
1703,51.12494400000118,0,0,1,0.0024999972083605826
1704,51.15494400000118,1,1,1,0.01912500010803342
1705,51.18494400000118,1,1,1,0.01654199877521023
1706,51.21494400000118,1,1,1,0.03029200161108747
1707,51.24494400000118,1,1,1,0.01654199877521023
1708,51.274944000001184,1,1,1,0.01587499718880281
1709,51.304944000001186,1,1,1,0.015499994333367795
1710,51.33494400000119,1,1,1,0.015416000678669661
1711,51.36494400000119,1,1,1,0.015249999705702066
1712,51.39494400000119,1,1,1,0.0149589977809228
1713,51.42494400000119,1,1,1,0.0155829984578304
1714,51.45494400000119,1,1,1,0.015207995602395386
1715,51.48494400000119,1,1,1,0.016083999071270227
1716,51.514944000001194,1,1,1,0.01599999814061448
1717,51.544944000001195,0,0,1,0.0026659981813281775
1718,51.574944000001196,1,1,1,0.01654199877521023
1719,51.6049440000012,1,1,1,0.015875004464760423
1720,51.6349440000012,1,1,1,0.016041005437728018
1721,51.6649440000012,1,1,1,0.015291996533051133
1722,51.6949440000012,1,1,1,0.015124998753890395
1723,51.7249440000012,1,1,1,0.014958000974729657
1724,51.7549440000012,1,1,1,0.015124998753890395
1725,51.784944000001204,1,1,1,0.015583995264023542
1726,51.814944000001205,1,1,1,0.01608400634722784
1727,51.844944000001206,1,1,1,0.015249999705702066
1728,51.87494400000121,1,1,1,0.015042001905385405
1729,51.90494400000121,1,1,1,0.014707999071106315
1730,51.93494400000121,1,1,1,0.014999997802078724
1731,51.96494400000121,1,1,1,0.015292003809008747
1732,51.99494400000121,1,1,1,0.014917000953573734
1733,52.02494400000121,1,1,1,0.015124998753890395
1734,52.054944000001214,1,1,1,0.01575000351294875
1735,52.084944000001215,1,1,1,0.015459001588169485
1736,52.114944000001216,1,1,1,0.01529099972685799
1737,52.14494400000122,1,1,1,0.014875004126224667
1738,52.17494400000122,1,1,1,0.01479100319556892
1739,52.20494400000122,1,1,1,0.01479100319556892
1740,52.23494400000122,1,1,1,0.015792000340297818
1741,52.26494400000122,1,1,1,0.0158340044436045
1742,52.29494400000122,1,1,1,0.015249999705702066
1743,52.324944000001224,1,1,1,0.0289169984171167
1744,52.354944000001225,1,1,1,0.017124999430961907
1745,52.38494400000123,1,1,1,0.016458005120512098
1746,52.41494400000123,1,1,1,0.01587499718880281
1747,52.44494400000123,1,1,1,0.015624995285179466
1748,52.47494400000123,1,1,1,0.015083998732734472
1749,52.50494400000123,1,1,1,0.014833000022917986
1750,52.53494400000123,1,1,1,0.015208002878353
1751,52.56494400000123,1,1,1,0.015082994650583714
1752,52.594944000001234,1,1,1,0.014707999071106315
1753,52.624944000001236,1,1,1,0.015208002878353
1754,52.65494400000124,1,1,1,0.015541998436674476
1755,52.68494400000124,1,1,1,0.01529099972685799
1756,52.71494400000124,1,1,1,0.01570799940964207
1757,52.74494400000124,1,1,1,0.015374993381556123
1758,52.77494400000124,1,1,1,0.015292003809008747
1759,52.80494400000124,0,0,1,0.0025000044843181968
1760,52.834944000001244,1,1,1,0.015165998775046319
1761,52.864944000001245,1,1,1,0.015083001926541328
1762,52.894944000001246,1,1,1,0.015040997823234648
1763,52.92494400000125,1,1,1,0.014833000022917986
1764,52.95494400000125,1,1,1,0.01741700543789193
1765,52.98494400000125,1,1,1,0.015083001926541328
1766,53.01494400000125,1,1,1,0.014999997802078724
1767,53.04494400000125,1,1,1,0.017833001038525254
1768,53.07494400000125,1,1,1,0.01779200101736933
1769,53.104944000001254,1,1,1,0.015417004760820419
1770,53.134944000001255,1,1,1,0.014875004126224667
1771,53.164944000001256,1,1,1,0.014749995898455381
1772,53.19494400000126,1,1,1,0.01529099972685799
1773,53.22494400000126,1,1,1,0.015500001609325409
1774,53.25494400000126,1,1,1,0.014833000022917986
1775,53.28494400000126,1,1,1,0.014666999049950391
1776,53.31494400000126,1,1,1,0.014666999049950391
1777,53.34494400000126,1,1,1,0.0155829984578304
1778,53.374944000001264,1,1,1,0.014917000953573734
1779,53.404944000001265,1,1,1,0.0145840022014454
1780,53.434944000001266,0,0,1,0.002458000381011516
1781,53.46494400000127,1,1,1,0.029125003493390977
1782,53.49494400000127,1,1,1,0.016000005416572094
1783,53.52494400000127,1,1,1,0.014957993698772043
1784,53.55494400000127,0,0,1,0.0023329994291998446
1785,53.58494400000127,1,1,1,0.014917000953573734
1786,53.61494400000127,1,1,1,0.015042001905385405
1787,53.644944000001274,0,0,1,0.0022079984773881733
1788,53.674944000001275,1,1,1,0.014833000022917986
1789,53.70494400000128,1,1,1,0.0149589977809228
1790,53.73494400000128,1,1,1,0.015249999705702066
1791,53.76494400000128,1,1,1,0.014790995919611305
1792,53.79494400000128,1,1,1,0.01504199462942779
1793,53.82494400000128,1,1,1,0.015375000657513738
1794,53.85494400000128,1,1,1,0.014790995919611305
1795,53.88494400000128,1,1,1,0.014749995898455381
1796,53.914944000001285,1,1,1,0.01562500256113708
1797,53.944944000001286,1,1,1,0.014833000022917986
1798,53.97494400000129,2,1,2,0.023207998310681432
1799,54.00494400000129,1,0,2,0.011708005331456661
1800,54.03494400000129,1,0,2,0.017499995010439306
1801,54.06494400000129,1,1,1,0.01799999881768599
1802,54.09494400000129,1,1,1,0.016250000044237822
1803,54.12494400000129,1,1,1,0.01575000351294875
1804,54.154944000001294,1,1,1,0.015458994312211871
1805,54.184944000001295,1,1,1,0.018499995348975062
1806,54.214944000001296,1,1,1,0.016250000044237822
1807,54.2449440000013,1,1,1,0.01570799940964207
1808,54.2749440000013,1,1,1,0.016041005437728018
1809,54.3049440000013,1,1,1,0.01649999467190355
1810,54.3349440000013,1,1,1,0.015334000636357814
1811,54.3649440000013,1,1,1,0.015708996215835214
1812,54.3949440000013,1,1,1,0.015375000657513738
1813,54.424944000001304,1,1,1,0.014790995919611305
1814,54.454944000001305,1,1,1,0.014582998119294643
1815,54.484944000001306,1,1,1,0.014790995919611305
1816,54.51494400000131,1,1,1,0.01454199809813872
1817,54.54494400000131,1,1,1,0.014999997802078724
1818,54.57494400000131,1,1,1,0.015249999705702066
1819,54.60494400000131,1,1,1,0.02887499431381002
1820,54.63494400000131,1,1,1,0.016083002265077084
1821,54.66494400000131,1,1,1,0.01562500256113708
1822,54.694944000001314,1,1,1,0.015249999705702066
1823,54.724944000001315,1,1,1,0.01529099972685799
1824,54.754944000001316,1,1,1,0.014792000001762062
1825,54.78494400000132,1,1,1,0.014582998119294643
1826,54.81494400000132,1,1,1,0.014582998119294643
1827,54.84494400000132,1,1,1,0.014874996850267053
1828,54.87494400000132,1,1,1,0.014457997167482972
1829,54.90494400000132,1,1,1,0.015040997823234648
1830,54.93494400000132,1,1,1,0.014792000001762062
1831,54.964944000001324,0,0,1,0.0025420013116672635
1832,54.994944000001325,1,1,1,0.01612499909242615
1833,55.02494400000133,1,1,1,0.01941599475685507
1834,55.05494400000133,2,1,2,0.023917004000395536
1835,55.08494400000133,2,1,2,0.028624999686144292
1836,55.11494400000133,2,2,2,0.03633300366345793
1837,55.14494400000133,2,2,2,0.03383299917913973
1838,55.17494400000133,2,2,2,0.03270800516474992
1839,55.20494400000133,1,1,2,0.01904200325952843
1840,55.234944000001335,2,2,2,0.031291005143430084
1841,55.264944000001336,1,1,2,0.01787499786587432
1842,55.29494400000134,1,1,2,0.017833001038525254
1843,55.32494400000134,1,1,2,0.017499995010439306
1844,55.35494400000134,1,1,1,0.018042002920992672
1845,55.38494400000134,1,1,1,0.016625002899672836
1846,55.41494400000134,1,1,1,0.015541998436674476
1847,55.44494400000134,1,1,1,0.015749996236991137
1848,55.474944000001344,1,1,1,0.016208003216888756
1849,55.504944000001345,1,1,1,0.015709003491792828
1850,55.534944000001346,1,1,1,0.015417004760820419
1851,55.56494400000135,2,1,2,0.03891700180247426
1852,55.59494400000135,1,1,2,0.01774999691406265
1853,55.62494400000135,2,1,2,0.02487500023562461
1854,55.65494400000135,1,1,2,0.018083002942148596
1855,55.68494400000135,2,2,2,0.03324999852338806
1856,55.71494400000135,2,2,2,0.03958399611292407
1857,55.744944000001354,2,1,2,0.03158299659844488
1858,55.774944000001355,2,2,2,0.035208999179303646
1859,55.804944000001356,1,1,2,0.019917002646252513
1860,55.83494400000136,1,1,2,0.017374994058627635
1861,55.86494400000136,1,1,1,0.017790996935218573
1862,55.89494400000136,1,1,1,0.016749996575526893
1863,55.92494400000136,1,1,1,0.016457997844554484
1864,55.95494400000136,1,1,1,0.016000005416572094
1865,55.98494400000136,1,1,1,0.015792000340297818
1866,56.014944000001364,1,1,1,0.016040998161770403
1867,56.044944000001365,1,1,1,0.015208002878353
1868,56.074944000001366,1,1,1,0.01566599530633539
1869,56.10494400000137,1,1,1,0.015666999388486147
1870,56.13494400000137,1,1,1,0.015416997484862804
1871,56.16494400000137,1,1,1,0.015084006008692086
1872,56.19494400000137,3,1,3,0.031209005101118237
1873,56.22494400000137,1,1,3,0.020290994143579155
1874,56.25494400000137,0,0,3,0.004374996933620423
1875,56.284944000001374,0,0,1,0.004583002009894699
1876,56.314944000001375,2,0,2,0.02466700243530795
1877,56.34494400000138,1,1,2,0.019334001990500838
1878,56.37494400000138,1,1,2,0.019999999494757503
1879,56.40494400000138,1,1,1,0.019334001990500838
1880,56.43494400000138,1,1,1,0.01737500133458525
1881,56.46494400000138,1,1,1,0.14512499910779297
1882,56.49494400000138,1,1,1,0.02104200393659994
1883,56.52494400000138,1,1,1,0.017750004190020263
1884,56.554944000001385,2,1,2,0.026374997105449438
1885,56.584944000001386,1,1,2,0.01966700074262917
1886,56.61494400000139,1,1,2,0.018999999156221747
1887,56.64494400000139,1,1,1,0.01837499439716339
1888,56.67494400000139,1,1,1,0.02029100141953677
1889,56.70494400000139,1,1,1,0.017207996279466897
1890,56.73494400000139,1,1,1,0.01737500133458525
1891,56.76494400000139,1,1,1,0.017334001313429326
1892,56.794944000001394,1,1,1,0.020125000446569175
1893,56.824944000001395,1,1,1,0.016707999748177826
1894,56.854944000001396,1,1,1,0.017958001990336925
1895,56.8849440000014,1,1,1,0.02024999412242323
1896,56.9149440000014,1,1,1,0.016625002899672836
1897,56.9449440000014,1,1,1,0.01629199687158689
1898,56.9749440000014,1,1,1,0.015791993064340204
1899,57.0049440000014,1,1,1,0.018040998838841915
1900,57.0349440000014,1,1,1,0.01670899655437097
1901,57.064944000001404,1,1,1,0.016957994375843555
1902,57.094944000001405,1,1,1,0.016083002265077084
1903,57.124944000001406,1,1,1,0.016000005416572094
1904,57.15494400000141,1,1,1,0.015500001609325409
1905,57.18494400000141,3,1,3,0.03520799509715289
1906,57.21494400000141,1,1,3,0.01995899947360158
1907,57.24494400000141,1,1,3,0.018582999473437667
1908,57.27494400000141,1,1,1,0.018792001355905086
1909,57.30494400000141,1,1,1,0.01795799471437931
1910,57.334944000001414,1,1,1,0.01937500201165676
1911,57.364944000001415,1,1,1,0.018375001673121005
1912,57.394944000001416,2,1,2,0.02704199869185686
1913,57.42494400000142,1,0,2,0.013042001228313893
1914,57.45494400000142,1,0,2,0.036042001738678664
1915,57.48494400000142,1,1,1,0.020957995729986578
1916,57.51494400000142,1,1,1,0.02179100556531921
1917,57.54494400000142,0,0,1,0.0033750038710422814
1918,57.57494400000142,0,0,1,0.0027089990908280015
1919,57.604944000001424,1,1,1,0.01816699659684673
1920,57.634944000001425,1,1,1,0.016083002265077084
1921,57.66494400000143,1,1,1,0.01633400097489357
1922,57.69494400000143,1,1,1,0.017666003259364516
1923,57.72494400000143,1,1,1,0.01737500133458525
1924,57.75494400000143,1,1,1,0.0182919975486584
1925,57.78494400000143,1,1,1,0.017459002265240997
1926,57.81494400000143,1,1,1,0.018167003872804344
1927,57.84494400000143,1,1,1,0.017958001990336925
1928,57.874944000001435,1,1,1,0.016749996575526893
1929,57.904944000001436,1,1,1,0.016125006368383765
1930,57.93494400000144,1,1,1,0.016040998161770403
1931,57.96494400000144,1,1,1,0.015416000678669661
1932,57.99494400000144,1,1,1,0.015666002582293004
1933,58.02494400000144,1,1,1,0.016792000678833574
1934,58.05494400000144,1,1,1,0.016915997548494488
1935,58.08494400000144,1,1,1,0.01654100196901709
1936,58.114944000001444,1,1,1,0.019582999811973423
1937,58.144944000001445,1,1,1,0.017042002582456917
1938,58.174944000001446,1,1,1,0.018917002307716757
1939,58.20494400000145,0,0,1,0.0028340000426396728
1940,58.23494400000145,0,0,1,0.0023329994291998446
1941,58.26494400000145,0,0,0,0.0026669949875213206
1942,58.29494400000145,0,0,0,0.0012079981388524175
1943,58.32494400000145,0,0,0,0.0008749993867240846
1944,58.35494400000145,0,0,0,0.0008749993867240846
1945,58.384944000001454,0,0,0,0.0008330025593750179
1946,58.414944000001455,0,0,0,0.000790998456068337
1947,58.444944000001456,0,0,0,0.0008329952834174037
1948,58.47494400000146,0,0,0,0.000790998456068337
1949,58.50494400000146,0,0,0,0.0007499984349124134
1950,58.53494400000146,0,0,0,0.0007499984349124134
1951,58.56494400000146,0,0,0,0.0007499984349124134
1952,58.59494400000146,0,0,0,0.0007910057320259511
1953,58.62494400000146,0,0,0,0.0007089984137564898
1954,58.654944000001464,0,0,0,0.0007080016075633466
1955,58.684944000001465,0,0,0,0.0007500057108700275
1956,58.714944000001466,0,0,0,0.0007080016075633466
1957,58.74494400000147,0,0,0,0.0007920025382190943
1958,58.77494400000147,0,0,0,0.0007090056897141039
1959,58.80494400000147,0,0,0,0.0007499984349124134
1960,58.83494400000147,1,0,1,0.008915994840208441
1961,58.86494400000147,0,0,1,0.0020419975044205785
1962,58.89494400000147,1,0,1,0.010709001799114048
1963,58.924944000001474,1,0,1,0.016709003830328584
1964,58.954944000001476,1,0,1,0.018708000425249338
1965,58.98494400000148,1,1,1,0.020792002032976598
1966,59.01494400000148,1,1,1,0.020375002350192517
1967,59.04494400000148,1,1,1,0.01995899947360158
1968,59.07494400000148,1,1,1,0.01750000228639692
1969,59.10494400000148,1,1,1,0.01687500480329618
1970,59.13494400000148,1,1,1,0.015916004485916346
1971,59.16494400000148,1,1,1,0.01570799940964207
1972,59.194944000001485,1,1,1,0.01570799940964207
1973,59.224944000001486,1,1,1,0.018250000721309334
1974,59.25494400000149,1,1,1,0.015208002878353
1975,59.28494400000149,1,1,1,0.030417002562899143
1976,59.31494400000149,1,1,1,0.01595900539541617
1977,59.34494400000149,1,1,1,0.015500001609325409
1978,59.37494400000149,1,1,1,0.024958004360087216
1979,59.40494400000149,1,1,1,0.018917002307716757
1980,59.434944000001494,1,1,1,0.015583995264023542
1981,59.464944000001495,1,1,1,0.015334000636357814
1982,59.494944000001496,1,1,1,0.01562500256113708
1983,59.5249440000015,1,1,1,0.015208999684546143
1984,59.5549440000015,1,1,1,0.015083998732734472
1985,59.5849440000015,1,1,1,0.015291996533051133
1986,59.6149440000015,1,1,1,0.015416000678669661
1987,59.6449440000015,1,1,1,0.015333003830164671
1988,59.6749440000015,1,1,1,0.01599999814061448
1989,59.704944000001504,1,1,1,0.015584002539981157
1990,59.734944000001505,1,1,1,0.015124998753890395
1991,59.764944000001506,1,1,1,0.015083001926541328
1992,59.79494400000151,1,1,1,0.015208999684546143
1993,59.82494400000151,1,1,1,0.015208999684546143
1994,59.85494400000151,1,1,1,0.015416997484862804
1995,59.88494400000151,1,1,1,0.01570799940964207
1996,59.91494400000151,1,1,1,0.015459001588169485
1997,59.94494400000151,1,1,1,0.015958001313265413
1998,59.974944000001514,1,1,1,0.015375000657513738
1999,60.004944000001515,1,1,1,0.015334000636357814
2000,60.034944000001516,1,1,1,0.015958001313265413
2001,60.06494400000152,1,1,1,0.015249999705702066
2002,60.09494400000152,1,1,1,0.015124998753890395
2003,60.12494400000152,1,1,1,0.015375000657513738
2004,60.15494400000152,1,1,1,0.015459001588169485
2005,60.18494400000152,1,1,1,0.015083001926541328
2006,60.21494400000152,1,1,1,0.015499994333367795
2007,60.244944000001524,1,1,1,0.018457998521625996
2008,60.274944000001526,1,1,1,0.015375000657513738
2009,60.30494400000153,1,1,1,0.015124998753890395
2010,60.33494400000153,1,1,1,0.015333003830164671
2011,60.36494400000153,1,1,1,0.015458004781976342
2012,60.39494400000153,1,1,1,0.029208000341895968
2013,60.42494400000153,1,1,1,0.01575000351294875
2014,60.45494400000153,1,1,1,0.015124998753890395
2015,60.48494400000153,1,1,1,0.017833997844718397
2016,60.514944000001535,1,1,1,0.01587499718880281
2017,60.544944000001536,0,0,1,0.0030410010367631912
2018,60.57494400000154,1,1,1,0.01604200224392116
2019,60.60494400000154,1,1,1,0.01529099972685799
2020,60.63494400000154,1,1,1,0.015415993402712047
2021,60.66494400000154,1,1,1,0.015416997484862804
2022,60.69494400000154,1,1,1,0.015334000636357814
2023,60.72494400000154,1,1,1,0.01641699782339856
2024,60.754944000001544,1,1,1,0.016625002899672836
2025,60.784944000001545,1,1,1,0.016083999071270227
2026,60.814944000001546,1,1,1,0.015833000361453742
2027,60.84494400000155,1,1,1,0.01575000351294875
2028,60.87494400000155,1,1,1,0.01562500256113708
2029,60.90494400000155,1,1,1,0.015666999388486147
2030,60.93494400000155,1,1,1,0.017625003238208592
2031,60.96494400000155,0,0,1,0.0032910029403865337
2032,60.99494400000155,1,1,1,0.017958001990336925
2033,61.024944000001554,1,1,1,0.015375000657513738
2034,61.054944000001555,0,0,1,0.0023339962353929877
2035,61.084944000001556,0,0,1,0.00224999530473724
2036,61.11494400000156,0,0,0,0.002583001332823187
2037,61.14494400000156,0,0,0,0.0011669981176964939
2038,61.17494400000156,1,0,1,0.009249997674487531
2039,61.20494400000156,1,0,1,0.012832999345846474
2040,61.23494400000156,1,0,1,0.01695800165180117
2041,61.26494400000156,1,0,1,0.015791003534104675
2042,61.294944000001564,1,1,1,0.016166995919775218
2043,61.324944000001565,1,1,1,0.018874998204410076
2044,61.35494400000157,1,1,1,0.019084000086877495
2045,61.38494400000157,1,1,1,0.018040998838841915
2046,61.41494400000157,0,0,1,0.0023749962565489113
2047,61.44494400000157,1,1,1,0.018207996618002653
2048,61.47494400000157,1,1,1,0.01966700074262917
2049,61.50494400000157,1,1,1,0.01962499663932249
2050,61.53494400000157,0,0,1,0.002959000994451344
2051,61.564944000001574,1,1,1,0.016208003216888756
2052,61.594944000001576,1,1,1,0.017833001038525254
2053,61.62494400000158,1,1,1,0.015334000636357814
2054,61.65494400000158,1,1,1,0.015040997823234648
2055,61.68494400000158,1,1,1,0.016416001017205417
2056,61.71494400000158,1,1,1,0.015541998436674476
2057,61.74494400000158,1,1,1,0.029125003493390977
2058,61.77494400000158,0,0,1,0.002625005436129868
2059,61.80494400000158,1,1,1,0.015249999705702066
2060,61.834944000001585,1,1,1,0.01779200101736933
2061,61.864944000001586,1,1,1,0.018292004824616015
2062,61.89494400000159,1,1,1,0.01774999691406265
2063,61.92494400000159,1,1,1,0.015124998753890395
2064,61.95494400000159,1,1,1,0.014999997802078724
2065,61.98494400000159,1,1,1,0.015249999705702066
2066,62.01494400000159,1,1,1,0.015875004464760423
2067,62.04494400000159,1,1,1,0.015124998753890395
2068,62.074944000001594,1,1,1,0.015083998732734472
2069,62.104944000001595,1,1,1,0.017708000086713582
2070,62.134944000001596,1,1,1,0.014958000974729657
2071,62.1649440000016,1,1,1,0.017624995962250978
2072,62.1949440000016,1,1,1,0.014792000001762062
2073,62.2249440000016,1,1,1,0.015083998732734472
2074,62.2549440000016,1,1,1,0.014625002222601324
2075,62.2849440000016,1,1,1,0.018167003872804344
2076,62.3149440000016,1,1,1,0.019083003280684352
2077,62.344944000001604,0,0,1,0.003207998815923929
2078,62.374944000001605,1,1,1,0.01816699659684673
2079,62.404944000001606,0,0,1,0.0023329994291998446
2080,62.43494400000161,1,1,1,0.01804100611479953
2081,62.46494400000161,1,1,1,0.015416000678669661
2082,62.49494400000161,1,1,1,0.015042001905385405
2083,62.52494400000161,1,1,1,0.014750003174412996
2084,62.55494400000161,1,1,1,0.014583005395252258
2085,62.58494400000161,1,1,1,0.014792000001762062
2086,62.614944000001614,1,1,1,0.014750003174412996
2087,62.644944000001615,1,1,1,0.016582998796366155
2088,62.67494400000162,1,1,1,0.015291996533051133
2089,62.70494400000162,1,1,1,0.016790996596682817
2090,62.73494400000162,1,1,1,0.015000005078036338
2091,62.76494400000162,1,1,1,0.014625002222601324
2092,62.79494400000162,1,1,1,0.014875004126224667
2093,62.82494400000162,1,1,1,0.0145840022014454
2094,62.85494400000162,0,0,1,0.00295899371849373
2095,62.884944000001624,1,1,1,0.01620799594093114
2096,62.914944000001626,1,1,1,0.015249999705702066
2097,62.94494400000163,1,1,1,0.029290997190400958
2098,62.97494400000163,1,1,1,0.014833996829111129
2099,63.00494400000163,1,1,1,0.014458004443440586
2100,63.03494400000163,1,1,1,0.014500001270789653
2101,63.06494400000163,1,1,1,0.015000005078036338
2102,63.09494400000163,1,1,1,0.014334000297822058
2103,63.12494400000163,1,1,1,0.014417004422284663
2104,63.154944000001635,1,1,1,0.014458993973676115
2105,63.184944000001636,1,1,1,0.01845800579758361
2106,63.21494400000164,1,1,1,0.01766700006555766
2107,63.24494400000164,1,1,1,0.0191670042113401
2108,63.27494400000164,1,1,1,0.01612499909242615
2109,63.30494400000164,1,1,1,0.014749995898455381
2110,63.33494400000164,0,0,1,0.002291002601850778
2111,63.36494400000164,0,0,1,0.0020830048015341163
2112,63.394944000001644,0,0,0,0.0022500025806948543
2113,63.424944000001645,0,0,0,0.0010410003596916795
2114,63.454944000001646,0,0,0,0.0008330025593750179
2115,63.48494400000165,0,0,0,0.0007499984349124134
2116,63.51494400000165,0,0,0,0.0007920025382190943
2117,63.54494400000165,0,0,0,0.0007919952622614801
2118,63.57494400000165,0,0,0,0.0007500057108700275
2119,63.60494400000165,0,0,0,0.0007090056897141039
2120,63.63494400000165,0,0,0,0.0007499984349124134
2121,63.664944000001654,0,0,0,0.0007079943316057324
2122,63.694944000001655,0,0,0,0.0007499984349124134
2123,63.724944000001656,0,0,0,0.0007499984349124134
2124,63.75494400000166,0,0,0,0.0007080016075633466
2125,63.78494400000166,0,0,0,0.0007499984349124134
2126,63.81494400000166,0,0,0,0.0007089984137564898
2127,63.84494400000166,0,0,0,0.000667001586407423
2128,63.87494400000166,0,0,0,0.000667001586407423
2129,63.90494400000166,0,0,0,0.0007499984349124134
2130,63.934944000001664,0,0,0,0.0007499984349124134
2131,63.964944000001665,0,0,0,0.0007499984349124134
2132,63.99494400000167,0,0,0,0.0007079943316057324
2133,64.02494400000167,0,0,0,0.0007089984137564898
2134,64.05494400000167,0,0,0,0.0007089984137564898
2135,64.08494400000167,0,0,0,0.0007089984137564898
2136,64.11494400000167,0,0,0,0.0007080016075633466
2137,64.14494400000167,0,0,0,0.0007080016075633466
2138,64.17494400000167,0,0,0,0.0007089984137564898
2139,64.20494400000167,0,0,0,0.000667001586407423
2140,64.23494400000168,0,0,0,0.0006659975042566657
2141,64.26494400000168,0,0,0,0.0007499984349124134
2142,64.29494400000168,0,0,0,0.0007080016075633466
2143,64.32494400000168,0,0,0,0.0007080016075633466
2144,64.35494400000168,0,0,0,0.0007079943316057324
2145,64.38494400000168,0,0,0,0.0007499984349124134
2146,64.41494400000168,0,0,0,0.0007080016075633466
2147,64.44494400000168,0,0,0,0.0007079943316057324
2148,64.47494400000168,0,0,0,0.000667001586407423
2149,64.50494400000169,0,0,0,0.0007079943316057324
2150,64.53494400000169,0,0,0,0.0007499984349124134
2151,64.56494400000169,0,0,0,0.0007080016075633466
2152,64.59494400000169,0,0,0,0.0007080016075633466
2153,64.62494400000169,0,0,0,0.0007499984349124134
2154,64.65494400000169,0,0,0,0.0007499984349124134
2155,64.68494400000169,0,0,0,0.0007499984349124134
2156,64.7149440000017,0,0,0,0.0007090056897141039
2157,64.7449440000017,0,0,0,0.0007079943316057324
2158,64.7749440000017,0,0,0,0.0006659975042566657
2159,64.8049440000017,0,0,0,0.0007080016075633466
2160,64.8349440000017,0,0,0,0.000790998456068337
2161,64.8649440000017,0,0,0,0.0007089984137564898
2162,64.8949440000017,0,0,0,0.000667001586407423
2163,64.9249440000017,0,0,0,0.0007080016075633466
2164,64.9549440000017,0,0,0,0.0006659975042566657
2165,64.9849440000017,0,0,0,0.0007080016075633466
2166,65.0149440000017,1,0,1,0.008499999239575118
2167,65.0449440000017,1,0,1,0.009292001777794212
2168,65.07494400000171,2,1,2,0.023458000214304775
2169,65.10494400000171,1,1,2,0.01795799471437931
2170,65.13494400000171,1,1,2,0.017416998161934316
2171,65.16494400000171,1,1,1,0.016291000065393746
2172,65.19494400000171,1,1,1,0.015332996554207057
2173,65.22494400000171,1,1,1,0.015540994354523718
2174,65.25494400000171,1,1,1,0.015124998753890395
2175,65.28494400000172,1,1,1,0.015000005078036338
2176,65.31494400000172,1,1,1,0.014792000001762062
2177,65.34494400000172,1,1,1,0.014708995877299458
2178,65.37494400000172,1,1,1,0.014917000953573734
2179,65.40494400000172,0,0,1,0.0023749962565489113
2180,65.43494400000172,0,0,1,0.0020419975044205785
2181,65.46494400000172,0,0,0,0.0023330067051574588
2182,65.49494400000172,0,0,0,0.0009580035111866891
2183,65.52494400000172,0,0,0,0.0008330025593750179
2184,65.55494400000173,0,0,0,0.0007920025382190943
2185,65.58494400000173,2,0,2,0.014457997167482972
2186,65.61494400000173,2,0,3,0.01750000228639692
2187,65.64494400000173,0,0,3,0.00404199818149209
2188,65.67494400000173,0,0,2,0.003916997229680419
2189,65.70494400000173,1,0,1,0.009958996088244021
2190,65.73494400000173,1,0,1,0.008999995770864189
2191,65.76494400000173,1,1,1,0.016250000044237822
2192,65.79494400000173,1,1,1,0.015500001609325409
2193,65.82494400000174,1,1,1,0.015165998775046319
2194,65.85494400000174,1,1,1,0.015375000657513738
2195,65.88494400000174,1,1,1,0.030290997528936714
2196,65.91494400000174,1,1,1,0.01608299498911947
2197,65.94494400000174,1,1,1,0.015249999705702066
2198,65.97494400000174,1,1,1,0.015500001609325409
2199,66.00494400000174,1,1,1,0.014833000022917986
2200,66.03494400000174,1,1,1,0.014583005395252258
2201,66.06494400000174,2,1,2,0.022708998585585505
2202,66.09494400000175,1,0,2,0.011167001503054053
2203,66.12494400000175,1,1,2,0.016833000699989498
2204,66.15494400000175,2,1,2,0.03229200228815898
2205,66.18494400000175,2,1,2,0.030499999411404133
2206,66.21494400000175,1,1,2,0.01733399403747171
2207,66.24494400000175,1,1,2,0.017334001313429326
2208,66.27494400000175,1,1,1,0.018832994101103395
2209,66.30494400000175,2,1,2,0.02349999704165384
2210,66.33494400000176,2,1,2,0.025417000870220363
2211,66.36494400000176,1,0,2,0.01683399750618264
2212,66.39494400000176,2,1,2,0.031916002626530826
2213,66.42494400000176,1,0,2,0.01758299913490191
2214,66.45494400000176,1,1,2,0.017291000403929502
2215,66.48494400000176,1,1,1,0.017708000086713582
2216,66.51494400000176,2,1,2,0.022624997654929757
2217,66.54494400000176,1,0,2,0.011290998372714967
2218,66.57494400000176,1,0,2,0.016625002899672836
2219,66.60494400000177,1,1,1,0.016582998796366155
2220,66.63494400000177,1,1,1,0.01570799940964207
2221,66.66494400000177,0,0,1,0.0024170003598555923
2222,66.69494400000177,1,1,1,0.015082994650583714
2223,66.72494400000177,1,1,1,0.01612499909242615
2224,66.75494400000177,2,1,2,0.025041001208592206
2225,66.78494400000177,1,1,2,0.01895800232887268
2226,66.81494400000177,1,1,2,0.017041995306499302
2227,66.84494400000177,2,1,2,0.04100000660400838
2228,66.87494400000178,1,0,2,0.016957994375843555
2229,66.90494400000178,1,0,2,0.017250000382773578
2230,66.93494400000178,1,1,1,0.017624995962250978
2231,66.96494400000178,1,1,1,0.01587499718880281
2232,66.99494400000178,1,1,1,0.015291996533051133
2233,67.02494400000178,1,1,1,0.01562500256113708
2234,67.05494400000178,1,1,1,0.016625002899672836
2235,67.08494400000178,1,1,1,0.015958001313265413
2236,67.11494400000178,1,1,1,0.015040997823234648
2237,67.14494400000179,1,1,1,0.015249999705702066
2238,67.17494400000179,1,1,1,0.015334000636357814
2239,67.20494400000179,1,1,1,0.015082994650583714
2240,67.23494400000179,1,1,1,0.014749995898455381
2241,67.26494400000179,1,1,1,0.014958000974729657
2242,67.29494400000179,1,1,1,0.014666999049950391
2243,67.32494400000179,1,1,1,0.015375000657513738
2244,67.3549440000018,1,1,1,0.016040998161770403
2245,67.3849440000018,1,1,1,0.015167002857197076
2246,67.4149440000018,1,1,1,0.014999997802078724
2247,67.4449440000018,1,1,1,0.014833000022917986
2248,67.4749440000018,1,1,1,0.014666999049950391
2249,67.5049440000018,1,1,1,0.015082994650583714
2250,67.5349440000018,2,1,2,0.0228749995585531
2251,67.5649440000018,1,1,2,0.016666999727021903
2252,67.5949440000018,1,1,2,0.01679100387264043
2253,67.6249440000018,1,1,1,0.01654199877521023
2254,67.6549440000018,1,1,1,0.015749996236991137
2255,67.6849440000018,1,1,1,0.014874996850267053
2256,67.71494400000181,1,1,1,0.014917000953573734
2257,67.74494400000181,1,1,1,0.014999997802078724
2258,67.77494400000181,1,1,1,0.014709003153257072
2259,67.80494400000181,1,1,1,0.01454199809813872
2260,67.83494400000181,1,1,1,0.014750003174412996
2261,67.86494400000181,1,1,1,0.017124999430961907
2262,67.89494400000181,1,1,1,0.017458005459047854
2263,67.92494400000182,1,1,1,0.0162090000230819
2264,67.95494400000182,0,0,1,0.00295899371849373
2265,67.98494400000182,1,1,1,0.03145799564663321
2266,68.01494400000182,1,1,1,0.018250000721309334
2267,68.04494400000182,1,1,1,0.016624995623715222
2268,68.07494400000182,0,0,1,0.0028330032364465296
2269,68.10494400000182,1,1,1,0.016792000678833574
2270,68.13494400000182,1,1,1,0.016792000678833574
2271,68.16494400000182,1,1,1,0.016833000699989498
2272,68.19494400000183,1,1,1,0.01587499718880281
2273,68.22494400000183,1,1,1,0.015083001926541328
2274,68.25494400000183,1,1,1,0.016083999071270227
2275,68.28494400000183,1,1,1,0.018375001673121005
2276,68.31494400000183,1,1,1,0.016167003195732832
2277,68.34494400000183,1,1,1,0.015457997506018728
2278,68.37494400000183,1,1,1,0.015083001926541328
2279,68.40494400000183,1,1,1,0.01529099972685799
2280,68.43494400000183,1,1,1,0.015459001588169485
2281,68.46494400000184,1,1,1,0.014792000001762062
2282,68.49494400000184,1,1,1,0.014625002222601324
2283,68.52494400000184,1,1,1,0.014666999049950391
2284,68.55494400000184,1,1,1,0.014416000340133905
2285,68.58494400000184,1,1,1,0.014625002222601324
2286,68.61494400000184,1,1,1,0.014457997167482972
2287,68.64494400000184,4,1,4,0.03675000334624201
2288,68.67494400000184,3,1,6,0.036375000490807
2289,68.70494400000184,2,1,7,0.030499999411404133
2290,68.73494400000185,1,1,4,0.022958003683015704
2291,68.76494400000185,1,1,2,0.020541003323160112
2292,68.79494400000185,1,1,1,0.017124999430961907
2293,68.82494400000185,1,1,1,0.016915997548494488
2294,68.85494400000185,1,1,1,0.01604200224392116
2295,68.88494400000185,1,1,1,0.015040997823234648
2296,68.91494400000185,1,1,1,0.030542003514710814
2297,68.94494400000185,1,1,1,0.015666999388486147
2298,68.97494400000186,1,1,1,0.014999997802078724
2299,69.00494400000186,1,1,1,0.014958000974729657
2300,69.03494400000186,1,1,1,0.014874996850267053
2301,69.06494400000186,1,1,1,0.014707999071106315
2302,69.09494400000186,1,1,1,0.015666999388486147
2303,69.12494400000186,1,1,1,0.015416000678669661
2304,69.15494400000186,1,1,1,0.015166006051003933
2305,69.18494400000186,1,1,1,0.014833996829111129
2306,69.21494400000186,1,1,1,0.01491600414738059
2307,69.24494400000187,1,1,1,0.01491600414738059
2308,69.27494400000187,1,1,1,0.01779200101736933
2309,69.30494400000187,1,1,1,0.015167002857197076
2310,69.33494400000187,1,1,1,0.014999997802078724
2311,69.36494400000187,1,1,1,0.017791004211176187
2312,69.39494400000187,1,1,1,0.01695800165180117
2313,69.42494400000187,1,1,1,0.018416998500470072
2314,69.45494400000187,1,1,1,0.01554200571263209
2315,69.48494400000187,1,1,1,0.015749996236991137
2316,69.51494400000188,1,1,1,0.015875004464760423
2317,69.54494400000188,1,1,1,0.015792000340297818
2318,69.57494400000188,1,1,1,0.015333003830164671
2319,69.60494400000188,1,1,1,0.015292003809008747
2320,69.63494400000188,1,1,1,0.014666999049950391
2321,69.66494400000188,1,1,1,0.014749995898455381
2322,69.69494400000188,1,1,1,0.014708995877299458
2323,69.72494400000188,1,1,1,0.014750003174412996
2324,69.75494400000188,1,1,1,0.014500001270789653
2325,69.78494400000189,1,1,1,0.014874996850267053
2326,69.81494400000189,1,1,1,0.015332996554207057
2327,69.84494400000189,0,0,1,0.0025420013116672635
2328,69.87494400000189,1,1,1,0.01491600414738059
2329,69.90494400000189,1,1,1,0.014790995919611305
2330,69.93494400000189,1,1,1,0.015332996554207057
2331,69.96494400000189,1,1,1,0.015124998753890395
2332,69.9949440000019,1,1,1,0.014999997802078724
2333,70.0249440000019,1,1,1,0.027374997443985194
2334,70.0549440000019,1,1,1,0.01616600638953969
2335,70.0849440000019,1,1,1,0.014750003174412996
2336,70.1149440000019,1,1,1,0.01529099972685799
2337,70.1449440000019,1,1,1,0.015416000678669661
2338,70.1749440000019,1,1,1,0.015583005733788013
2339,70.2049440000019,1,1,1,0.014875004126224667
2340,70.2349440000019,1,1,1,0.015459001588169485
2341,70.2649440000019,1,1,1,0.014708995877299458
2342,70.2949440000019,1,1,1,0.017124999430961907
2343,70.3249440000019,1,1,1,0.014874996850267053
2344,70.35494400000191,1,1,1,0.014750003174412996
2345,70.38494400000191,1,1,1,0.014999997802078724
2346,70.41494400000191,1,1,1,0.014500001270789653
2347,70.44494400000191,1,1,1,0.01454199809813872
2348,70.47494400000191,1,1,1,0.015457997506018728
2349,70.50494400000191,1,1,1,0.015624995285179466
2350,70.53494400000191,1,1,1,0.014957993698772043
2351,70.56494400000192,1,1,1,0.014750003174412996
2352,70.59494400000192,1,1,1,0.014874996850267053
2353,70.62494400000192,1,1,1,0.014625002222601324
2354,70.65494400000192,1,1,1,0.014374993043020368
2355,70.68494400000192,1,1,1,0.014625002222601324
2356,70.71494400000192,1,1,1,0.014374993043020368
2357,70.74494400000192,1,1,1,0.014666999049950391
2358,70.77494400000192,1,1,1,0.014875004126224667
2359,70.80494400000192,1,1,1,0.015333003830164671
2360,70.83494400000193,1,1,1,0.014749995898455381
2361,70.86494400000193,1,1,1,0.014750003174412996
2362,70.89494400000193,1,1,1,0.014666999049950391
2363,70.92494400000193,1,1,1,0.014625002222601324
2364,70.95494400000193,1,1,1,0.014665994967799634
2365,70.98494400000193,2,1,2,0.022166997950989753
2366,71.01494400000193,1,1,2,0.01845800579758361
2367,71.04494400000193,1,1,2,0.016749996575526893
2368,71.07494400000193,1,1,1,0.031042000045999885
2369,71.10494400000194,2,1,2,0.023332999262493104
2370,71.13494400000194,1,1,2,0.01700000575510785
2371,71.16494400000194,1,1,2,0.016707999748177826
2372,71.19494400000194,1,1,1,0.01629199687158689
2373,71.22494400000194,1,1,1,0.015000005078036338
2374,71.25494400000194,1,1,1,0.01454199809813872
2375,71.28494400000194,1,1,1,0.014625002222601324
2376,71.31494400000194,2,1,2,0.021833002392668277
2377,71.34494400000195,1,0,2,0.01091699959943071
2378,71.37494400000195,1,0,2,0.01758299913490191
2379,71.40494400000195,1,1,1,0.02083300205413252
2380,71.43494400000195,2,1,2,0.024417000531684607
2381,71.46494400000195,1,0,2,0.011083997378591448
2382,71.49494400000195,1,0,2,0.01666600292082876
2383,71.52494400000195,1,1,1,0.01733299723127857
2384,71.55494400000195,2,1,2,0.022416999854613096
2385,71.58494400000195,2,1,2,0.024499997380189598
2386,71.61494400000196,1,1,2,0.017041995306499302
2387,71.64494400000196,2,1,2,0.030208997486624867
2388,71.67494400000196,2,2,2,0.030333998438436538
2389,71.70494400000196,0,0,2,0.0039590013329871
2390,71.73494400000196,0,0,2,0.003374996595084667
2391,71.76494400000196,2,0,2,0.03162500070175156
2392,71.79494400000196,1,1,2,0.01683399750618264
2393,71.82494400000196,1,1,2,0.01670899655437097
2394,71.85494400000196,2,1,2,0.030333001632243395
2395,71.88494400000197,1,1,2,0.01695800165180117
2396,71.91494400000197,1,1,2,0.01745799818309024
2397,71.94494400000197,1,1,1,0.018042002920992672
2398,71.97494400000197,1,1,1,0.13779200526187196
2399,72.00494400000197,2,1,2,0.026249996153637767
2400,72.03494400000197,1,0,2,0.011333002476021647
2401,72.06494400000197,1,0,2,0.01766700006555766
2402,72.09494400000197,1,1,1,0.017917001969181
2403,72.12494400000197,1,1,1,0.015208002878353
2404,72.15494400000198,1,1,1,0.015416997484862804
2405,72.18494400000198,1,1,1,0.015458004781976342
2406,72.21494400000198,1,1,1,0.01591700129210949
2407,72.24494400000198,1,1,1,0.016540994693059474
2408,72.27494400000198,1,1,1,0.01575000351294875
2409,72.30494400000198,1,1,1,0.014958000974729657
2410,72.33494400000198,0,0,1,0.0023750035325065255
2411,72.36494400000198,0,0,1,0.0023329994291998446
2412,72.39494400000198,2,0,2,0.023874999897088856
2413,72.42494400000199,0,0,2,0.003417000698391348
2414,72.45494400000199,1,0,2,0.017666003259364516
2415,72.48494400000199,0,0,1,0.0036249984987080097
2416,72.51494400000199,0,0,1,0.0022500025806948543
2417,72.54494400000199,1,1,1,0.01658300607232377
2418,72.57494400000199,1,1,1,0.015584002539981157
2419,72.60494400000199,1,1,1,0.01612499909242615
2420,72.634944000002,1,1,1,0.015749996236991137
2421,72.664944000002,1,1,1,0.016291000065393746
2422,72.694944000002,0,0,1,0.002583001332823187
2423,72.724944000002,1,1,1,0.0162090000230819
2424,72.754944000002,1,1,1,0.0162090000230819
2425,72.784944000002,0,0,1,0.0024170003598555923
2426,72.814944000002,1,1,1,0.01570799940964207
2427,72.844944000002,0,0,1,0.0023329994291998446
2428,72.874944000002,1,1,1,0.015666999388486147
2429,72.904944000002,0,0,1,0.0022080057533457875
2430,72.934944000002,0,0,1,0.001957996573764831
2431,72.964944000002,1,0,1,0.015541998436674476
2432,72.99494400000201,1,1,1,0.015124998753890395
2433,73.02494400000201,1,1,1,0.015166995581239462
2434,73.05494400000201,1,1,1,0.015332996554207057
2435,73.08494400000201,1,1,1,0.015666999388486147
2436,73.11494400000201,1,1,1,0.015500001609325409
2437,73.14494400000201,1,1,1,0.01512500602984801
2438,73.17494400000201,1,1,1,0.015292003809008747
2439,73.20494400000202,1,1,1,0.014833000022917986
2440,73.23494400000202,1,1,1,0.014792000001762062
2441,73.26494400000202,1,1,1,0.014999997802078724
2442,73.29494400000202,1,1,1,0.014792000001762062
2443,73.32494400000202,1,1,1,0.03037499845959246
2444,73.35494400000202,1,1,1,0.015457997506018728
2445,73.38494400000202,1,1,1,0.015334000636357814
2446,73.41494400000202,1,1,1,0.015332996554207057
2447,73.44494400000202,1,1,1,0.015124998753890395
2448,73.47494400000203,1,1,1,0.014833996829111129
2449,73.50494400000203,1,1,1,0.0149589977809228
2450,73.53494400000203,1,1,1,0.014667006325908005
2451,73.56494400000203,1,1,1,0.015208999684546143
2452,73.59494400000203,1,1,1,0.014833000022917986
2453,73.62494400000203,1,1,1,0.014749995898455381
2454,73.65494400000203,1,1,1,0.014625002222601324
2455,73.68494400000203,1,1,1,0.015167002857197076
2456,73.71494400000203,1,1,1,0.015083001926541328
2457,73.74494400000204,1,1,1,0.014915996871422976
2458,73.77494400000204,1,1,1,0.01462499494664371
2459,73.80494400000204,1,1,1,0.014667006325908005
2460,73.83494400000204,1,1,1,0.01479100319556892
2461,73.86494400000204,1,1,1,0.014667006325908005
2462,73.89494400000204,1,1,1,0.014709003153257072
2463,73.92494400000204,1,1,1,0.014750003174412996
2464,73.95494400000204,1,1,1,0.014709003153257072
2465,73.98494400000205,1,1,1,0.01512500602984801
2466,74.01494400000205,1,1,1,0.015040997823234648
2467,74.04494400000205,1,1,1,0.014874996850267053
2468,74.07494400000205,1,1,1,0.014500001270789653
2469,74.10494400000205,1,1,1,0.014750003174412996
2470,74.13494400000205,1,1,1,0.014375000318977982
2471,74.16494400000205,1,1,1,0.01512500602984801
2472,74.19494400000205,1,1,1,0.014750003174412996
2473,74.22494400000205,1,1,1,0.014833000022917986
2474,74.25494400000206,1,1,1,0.014750003174412996
2475,74.28494400000206,1,1,1,0.015167002857197076
2476,74.31494400000206,1,1,1,0.015500001609325409
2477,74.34494400000206,1,1,1,0.014707999071106315
2478,74.37494400000206,1,1,1,0.014750003174412996
2479,74.40494400000206,1,1,1,0.014792000001762062
2480,74.43494400000206,1,1,1,0.02891600161092356
2481,74.46494400000206,0,0,1,0.002749999111983925
2482,74.49494400000206,1,1,1,0.01591700129210949
2483,74.52494400000207,1,1,1,0.014834004105068743
2484,74.55494400000207,1,1,1,0.014749995898455381
2485,74.58494400000207,1,1,1,0.014582998119294643
2486,74.61494400000207,1,1,1,0.016165999113582075
2487,74.64494400000207,1,1,1,0.015167002857197076
2488,74.67494400000207,1,1,1,0.014708006347063929
2489,74.70494400000207,1,1,1,0.014707999071106315
2490,74.73494400000207,1,1,1,0.014709003153257072
2491,74.76494400000207,1,1,1,0.014500001270789653
2492,74.79494400000208,1,1,1,0.01445900124963373
2493,74.82494400000208,1,1,1,0.014792000001762062
2494,74.85494400000208,1,1,1,0.01454199809813872
2495,74.88494400000208,1,1,1,0.014582998119294643
2496,74.91494400000208,1,1,1,0.015249999705702066
2497,74.94494400000208,0,0,1,0.002624998160172254
2498,74.97494400000208,1,1,1,0.015416997484862804
2499,75.00494400000208,1,1,1,0.01491699367761612
2500,75.03494400000208,0,0,1,0.0023329994291998446
2501,75.06494400000209,1,1,1,0.014917000953573734
2502,75.09494400000209,1,1,1,0.015416997484862804
2503,75.12494400000209,1,1,1,0.014958000974729657
2504,75.15494400000209,1,1,1,0.01454199809813872
2505,75.18494400000209,0,0,1,0.0023339962353929877
2506,75.21494400000209,1,1,1,0.014750003174412996
2507,75.24494400000209,1,1,1,0.014708995877299458
2508,75.2749440000021,0,0,1,0.002334003511350602
2509,75.3049440000021,1,1,1,0.0153339933604002
2510,75.3349440000021,1,1,1,0.015166006051003933
2511,75.3649440000021,1,1,1,0.014958000974729657
2512,75.3949440000021,1,1,1,0.014958000974729657
2513,75.4249440000021,1,1,1,0.017958998796530068
2514,75.4549440000021,1,1,1,0.015334000636357814
2515,75.4849440000021,1,1,1,0.014750003174412996
2516,75.5149440000021,0,0,1,0.0022500025806948543
2517,75.5449440000021,1,1,1,0.014707999071106315
2518,75.5749440000021,1,1,1,0.014708995877299458
2519,75.6049440000021,1,1,1,0.014666999049950391
2520,75.63494400000211,1,1,1,0.014999997802078724
2521,75.66494400000211,1,1,1,0.027667003450915217
2522,75.69494400000211,0,0,1,0.002582994056865573
2523,75.72494400000211,1,1,1,0.015459001588169485
2524,75.75494400000211,0,0,1,0.0022079984773881733
2525,75.78494400000211,0,0,1,0.0020410006982274354
2526,75.81494400000211,0,0,0,0.002458000381011516
2527,75.84494400000212,1,0,1,0.008916998922359198
2528,75.87494400000212,0,0,1,0.0023339962353929877
2529,75.90494400000212,0,0,1,0.0018749997252598405
2530,75.93494400000212,1,0,1,0.009417002729605883
2531,75.96494400000212,1,0,1,0.009790994226932526
2532,75.99494400000212,1,1,1,0.016375000996049494
2533,76.02494400000212,1,1,1,0.015459001588169485
2534,76.05494400000212,1,1,1,0.015167002857197076
2535,76.08494400000212,1,1,1,0.015208002878353
2536,76.11494400000213,1,1,1,0.015083998732734472
2537,76.14494400000213,1,1,1,0.01575000351294875
2538,76.17494400000213,1,1,1,0.01512500602984801
2539,76.20494400000213,1,1,1,0.014958000974729657
2540,76.23494400000213,1,1,1,0.014792000001762062
2541,76.26494400000213,1,1,1,0.014583994925487787
2542,76.29494400000213,1,1,1,0.015332996554207057
2543,76.32494400000213,1,1,1,0.015499994333367795
2544,76.35494400000213,1,1,1,0.015333003830164671
2545,76.38494400000214,1,1,1,0.015541998436674476
2546,76.41494400000214,1,1,1,0.015416000678669661
2547,76.44494400000214,1,1,1,0.014875004126224667
2548,76.47494400000214,1,1,1,0.014874996850267053
2549,76.50494400000214,1,1,1,0.015124998753890395
2550,76.53494400000214,1,1,1,0.014834004105068743
2551,76.56494400000214,0,0,1,0.0025000044843181968
2552,76.59494400000214,1,1,1,0.014875004126224667
2553,76.62494400000215,1,1,1,0.014958000974729657
2554,76.65494400000215,1,1,1,0.014915996871422976
2555,76.68494400000215,1,1,1,0.015040997823234648
2556,76.71494400000215,1,1,1,0.03587499668356031
2557,76.74494400000215,1,1,1,0.030875002266839147
2558,76.77494400000215,1,1,1,0.019291997887194157
2559,76.80494400000215,1,1,1,0.017334001313429326
2560,76.83494400000215,1,1,1,0.016417005099356174
2561,76.86494400000215,1,1,1,0.01633400097489357
2562,76.89494400000216,1,1,1,0.014874996850267053
2563,76.92494400000216,1,1,1,0.014750003174412996
2564,76.95494400000216,1,1,1,0.01416700251866132
2565,76.98494400000216,1,1,1,0.015875004464760423
2566,77.01494400000216,1,1,1,0.032041993108578026
2567,77.04494400000216,1,1,1,0.016625002899672836
2568,77.07494400000216,1,1,1,0.015375000657513738
2569,77.10494400000216,1,1,1,0.015208999684546143
2570,77.13494400000216,1,1,1,0.015124998753890395
2571,77.16494400000217,1,1,1,0.01479100319556892
2572,77.19494400000217,1,1,1,0.014875004126224667
2573,77.22494400000217,1,1,1,0.015124998753890395
2574,77.25494400000217,1,1,1,0.015375000657513738
2575,77.28494400000217,1,1,1,0.015249999705702066
2576,77.31494400000217,1,1,1,0.015666002582293004
2577,77.34494400000217,1,1,1,0.015499994333367795
2578,77.37494400000217,1,1,1,0.014750003174412996
2579,77.40494400000217,1,1,1,0.014625002222601324
2580,77.43494400000218,1,1,1,0.014666999049950391
2581,77.46494400000218,1,1,1,0.014707999071106315
2582,77.49494400000218,1,1,1,0.014790995919611305
2583,77.52494400000218,1,1,1,0.014708006347063929
2584,77.55494400000218,1,1,1,0.014542005374096334
2585,77.58494400000218,1,1,1,0.014625002222601324
2586,77.61494400000218,1,1,1,0.015208002878353
2587,77.64494400000218,1,1,1,0.015208999684546143
2588,77.67494400000218,1,1,1,0.015083001926541328
2589,77.70494400000219,1,1,1,0.014749995898455381
2590,77.73494400000219,1,1,1,0.01383299968438223
2591,77.76494400000219,1,1,1,0.01383299968438223
2592,77.79494400000219,1,1,1,0.01383299968438223
2593,77.82494400000219,1,1,1,0.013584001862909645
2594,77.85494400000219,1,1,1,0.01375000283587724
2595,77.88494400000219,1,1,1,0.013708995538763702
2596,77.9149440000022,1,1,1,0.014625002222601324
2597,77.9449440000022,1,1,1,0.014083001588005573
2598,77.9749440000022,1,1,1,0.013958000636193901
2599,78.0049440000022,1,1,1,0.013707998732570559
2600,78.0349440000022,1,1,1,0.014958000974729657
2601,78.0649440000022,1,1,1,0.01424999936716631
2602,78.0949440000022,1,1,1,0.026333997084293514
2603,78.1249440000022,1,1,1,0.015042001905385405
2604,78.1549440000022,1,1,1,0.01412499841535464
2605,78.1849440000022,1,1,1,0.014040997484698892
2606,78.2149440000022,1,1,1,0.01424999936716631
2607,78.2449440000022,1,1,1,0.014500001270789653
2608,78.27494400000221,1,1,1,0.013958000636193901
2609,78.30494400000221,1,1,1,0.01375000283587724
2610,78.33494400000221,1,1,1,0.013874996511731297
2611,78.36494400000221,1,1,1,0.01391599653288722
2612,78.39494400000221,1,1,1,0.01504199462942779
2613,78.42494400000221,1,1,1,0.014958000974729657
2614,78.45494400000221,1,1,1,0.014707999071106315
2615,78.48494400000222,0,0,1,0.0031659947126172483
2616,78.51494400000222,1,1,1,0.016584002878516912
2617,78.54494400000222,0,0,1,0.002624998160172254
2618,78.57494400000222,0,0,1,0.00224999530473724
2619,78.60494400000222,0,0,0,0.002749999111983925
2620,78.63494400000222,0,0,0,0.0010840012691915035
2621,78.66494400000222,1,0,1,0.010250005288980901
2622,78.69494400000222,1,0,1,0.01091699959943071
2623,78.72494400000222,1,0,1,0.015875004464760423
2624,78.75494400000223,1,1,1,0.014749995898455381
2625,78.78494400000223,1,1,1,0.015042001905385405
2626,78.81494400000223,1,1,1,0.014541001291945577
2627,78.84494400000223,1,1,1,0.014457997167482972
2628,78.87494400000223,1,1,1,0.014750003174412996
2629,78.90494400000223,1,1,1,0.01424999936716631
2630,78.93494400000223,1,1,1,0.014707999071106315
2631,78.96494400000223,1,1,1,0.014999997802078724
2632,78.99494400000223,1,1,1,0.015167002857197076
2633,79.02494400000224,1,1,1,0.014083998394198716
2634,79.05494400000224,1,1,1,0.013958000636193901
2635,79.08494400000224,1,1,1,0.013875003787688911
2636,79.11494400000224,1,1,1,0.013958000636193901
2637,79.14494400000224,1,1,1,0.013625001884065568
2638,79.17494400000224,1,1,1,0.013875003787688911
2639,79.20494400000224,1,1,1,0.013917000615037978
2640,79.23494400000224,1,1,1,0.018124999769497663
2641,79.26494400000225,1,1,1,0.013707998732570559
2642,79.29494400000225,0,0,1,0.0027500063879415393
2643,79.32494400000225,0,0,1,0.0023750035325065255
2644,79.35494400000225,1,1,1,0.015000005078036338
2645,79.38494400000225,1,1,1,0.014290999388322234
2646,79.41494400000225,1,1,1,0.028166003176011145
2647,79.44494400000225,1,1,1,0.014958000974729657
2648,79.47494400000225,1,1,1,0.014792000001762062
2649,79.50494400000225,1,1,1,0.014874996850267053
2650,79.53494400000226,1,1,1,0.014708006347063929
2651,79.56494400000226,1,1,1,0.01416700251866132
2652,79.59494400000226,1,1,1,0.013666998711414635
2653,79.62494400000226,1,1,1,0.014457997167482972
2654,79.65494400000226,1,1,1,0.014083998394198716
2655,79.68494400000226,1,1,1,0.014582998119294643
2656,79.71494400000226,1,1,1,0.01416700251866132
2657,79.74494400000226,1,1,1,0.014083998394198716
2658,79.77494400000226,0,0,1,0.002624998160172254
2659,79.80494400000227,1,1,1,0.015082994650583714
2660,79.83494400000227,1,1,1,0.014208002539817244
2661,79.86494400000227,1,1,1,0.014042001566849649
2662,79.89494400000227,1,1,1,0.014000004739500582
2663,79.92494400000227,1,1,1,0.014041994290892035
2664,79.95494400000227,1,1,1,0.014208002539817244
2665,79.98494400000227,1,1,1,0.013707998732570559
2666,80.01494400000227,1,1,1,0.013958000636193901
2667,80.04494400000227,1,1,1,0.013958000636193901
2668,80.07494400000228,1,1,1,0.014208002539817244
2669,80.10494400000228,1,1,1,0.01375000283587724
2670,80.13494400000228,1,1,1,0.013542005035560578
2671,80.16494400000228,1,1,1,0.013666001905221492
2672,80.19494400000228,1,1,1,0.01383299968438223
2673,80.22494400000228,0,0,1,0.0023750035325065255
2674,80.25494400000228,1,1,1,0.01454199809813872
2675,80.28494400000228,1,1,1,0.014041994290892035
2676,80.31494400000228,1,1,1,0.013999997463542968
2677,80.34494400000229,1,1,1,0.013625001884065568
2678,80.37494400000229,1,1,1,0.013709002814721316
2679,80.40494400000229,1,1,1,0.013707998732570559
2680,80.43494400000229,1,1,1,0.016542006051167846
2681,80.46494400000229,1,1,1,0.01416700251866132
2682,80.49494400000229,0,0,1,0.002125001628883183
2683,80.5249440000023,1,1,1,0.01424999936716631
2684,80.5549440000023,1,1,1,0.014582998119294643
2685,80.5849440000023,0,0,1,0.002292006684001535
2686,80.6149440000023,1,1,1,0.026790999982040375
2687,80.6449440000023,1,1,1,0.014375000318977982
2688,80.6749440000023,1,1,1,0.013833996490575373
2689,80.7049440000023,1,1,1,0.013666998711414635
2690,80.7349440000023,3,1,3,0.031167000997811556
2691,80.7649440000023,1,0,3,0.012791002518497407
2692,80.7949440000023,1,1,3,0.01799999881768599
2693,80.8249440000023,1,1,1,0.018834005459211767
2694,80.8549440000023,1,1,1,0.014583005395252258
2695,80.8849440000023,1,1,1,0.015375000657513738
2696,80.91494400000231,1,1,1,0.014291996194515377
2697,80.94494400000231,1,1,1,0.014000004739500582
2698,80.97494400000231,1,1,1,0.01412499841535464
2699,81.00494400000231,1,1,1,0.014332996215671301
2700,81.03494400000231,1,1,1,0.014375000318977982
2701,81.06494400000231,1,1,1,0.014707999071106315
2702,81.09494400000231,1,1,1,0.014708995877299458
2703,81.12494400000232,1,1,1,0.014542005374096334
2704,81.15494400000232,0,0,1,0.0025420013116672635
2705,81.18494400000232,1,1,1,0.015292003809008747
2706,81.21494400000232,1,1,1,0.015792000340297818
2707,81.24494400000232,1,1,1,0.014542005374096334
2708,81.27494400000232,1,1,1,0.016832993424031883
2709,81.30494400000232,1,1,1,0.014958000974729657
2710,81.33494400000232,1,1,1,0.014625002222601324
2711,81.36494400000232,1,1,1,0.014749995898455381
2712,81.39494400000233,1,1,1,0.014333003491628915
2713,81.42494400000233,1,1,1,0.014375000318977982
2714,81.45494400000233,1,1,1,0.014166995242703706
2715,81.48494400000233,1,1,1,0.013958000636193901
2716,81.51494400000233,1,1,1,0.014375000318977982
2717,81.54494400000233,1,1,1,0.013917000615037978
2718,81.57494400000233,1,1,1,0.013625001884065568
2719,81.60494400000233,1,1,1,0.013625001884065568
2720,81.63494400000233,1,1,1,0.01383299968438223
2721,81.66494400000234,1,1,1,0.01366700598737225
2722,81.69494400000234,0,0,1,0.0023329994291998446
2723,81.72494400000234,0,0,1,0.0018749997252598405
2724,81.75494400000234,1,1,1,0.028665999707300216
2725,81.78494400000234,0,0,1,0.0025000044843181968
2726,81.81494400000234,1,1,1,0.015082994650583714
2727,81.84494400000234,1,1,1,0.01416700251866132
2728,81.87494400000234,0,0,1,0.002125001628883183
2729,81.90494400000235,0,0,1,0.0020000006770715117
2730,81.93494400000235,1,1,1,0.015292003809008747
2731,81.96494400000235,1,1,1,0.014458004443440586
2732,81.99494400000235,1,1,1,0.013625001884065568
2733,82.02494400000235,0,0,1,0.0020419975044205785
2734,82.05494400000235,0,0,1,0.0018330028979107738
2735,82.08494400000235,0,0,0,0.002458997187204659
2736,82.11494400000235,0,0,0,0.0010829971870407462
2737,82.14494400000235,1,0,1,0.008542003342881799
2738,82.17494400000236,1,0,1,0.009625000529922545
2739,82.20494400000236,1,1,1,0.01570799940964207
2740,82.23494400000236,0,0,1,0.002291999408043921
2741,82.26494400000236,1,1,1,0.014999997802078724
2742,82.29494400000236,1,1,1,0.015666002582293004
2743,82.32494400000236,1,1,1,0.014958000974729657
2744,82.35494400000236,1,1,1,0.014541001291945577
2745,82.38494400000236,1,1,1,0.014583005395252258
2746,82.41494400000236,1,1,1,0.015666999388486147
2747,82.44494400000237,1,1,1,0.014875004126224667
2748,82.47494400000237,1,1,1,0.014625002222601324
2749,82.50494400000237,1,1,1,0.014666999049950391
2750,82.53494400000237,1,1,1,0.014666002243757248
2751,82.56494400000237,1,1,1,0.01529099972685799
2752,82.59494400000237,0,0,1,0.0021669984562322497
2753,82.62494400000237,1,1,1,0.01454199809813872
2754,82.65494400000237,1,1,1,0.01412499841535464
2755,82.68494400000237,1,1,1,0.014042001566849649
2756,82.71494400000238,2,1,2,0.02291700366185978
2757,82.74494400000238,0,0,2,0.0038329962990246713
2758,82.77494400000238,0,0,2,0.002791006409097463
2759,82.80494400000238,1,0,1,0.011707998055499047
2760,82.83494400000238,1,0,1,0.015334000636357814
2761,82.86494400000238,1,1,1,0.014958000974729657
2762,82.89494400000238,1,1,1,0.015124998753890395
2763,82.92494400000238,0,0,1,0.002167005732189864
2764,82.95494400000238,0,0,1,0.002083994331769645
2765,82.98494400000239,0,0,0,0.0021669984562322497
2766,83.01494400000239,0,0,0,0.0009590003173798323
2767,83.04494400000239,0,0,0,0.000833999365568161
2768,83.07494400000239,0,0,0,0.0007919952622614801
2769,83.10494400000239,0,0,0,0.000790998456068337
2770,83.13494400000239,0,0,0,0.0007919952622614801
2771,83.1649440000024,0,0,0,0.0007499984349124134
2772,83.1949440000024,0,0,0,0.000667001586407423
2773,83.2249440000024,0,0,0,0.000667001586407423
2774,83.2549440000024,0,0,0,0.0007090056897141039
2775,83.2849440000024,0,0,0,0.0007080016075633466
2776,83.3149440000024,0,0,0,0.0007079943316057324
2777,83.3449440000024,1,0,1,0.007833994459360838
2778,83.3749440000024,1,0,1,0.009249997674487531
2779,83.4049440000024,1,1,1,0.015332996554207057
2780,83.4349440000024,1,1,1,0.014375000318977982
2781,83.4649440000024,1,1,1,0.0145840022014454
2782,83.4949440000024,1,1,1,0.01424999936716631
2783,83.5249440000024,1,1,1,0.014334000297822058
2784,83.55494400000241,1,1,1,0.015499994333367795
2785,83.58494400000241,1,1,1,0.01879099727375433
2786,83.61494400000241,1,1,1,0.0292919939965941
2787,83.64494400000241,1,1,1,0.01570799940964207
2788,83.67494400000241,1,1,1,0.014792000001762062
2789,83.70494400000241,1,1,1,0.014625002222601324
2790,83.73494400000241,1,1,1,0.014416997146327049
2791,83.76494400000242,1,1,1,0.014790995919611305
2792,83.79494400000242,1,1,1,0.015332996554207057
2793,83.82494400000242,1,1,1,0.015082994650583714
2794,83.85494400000242,1,1,1,0.014790995919611305
2795,83.88494400000242,1,1,1,0.013791999663226306
2796,83.91494400000242,1,1,1,0.013709002814721316
2797,83.94494400000242,1,1,1,0.013459000911097974
2798,83.97494400000242,1,1,1,0.013541997759602964
2799,84.00494400000242,1,1,1,0.013666001905221492
2800,84.03494400000243,1,1,1,0.013749995559919626
2801,84.06494400000243,1,1,1,0.01424999936716631
2802,84.09494400000243,1,1,1,0.013917000615037978
2803,84.12494400000243,1,1,1,0.014375000318977982
2804,84.15494400000243,1,1,1,0.015249999705702066
2805,84.18494400000243,1,1,1,0.014500001270789653
2806,84.21494400000243,1,1,1,0.015666002582293004
2807,84.24494400000243,1,1,1,0.015042001905385405
2808,84.27494400000244,1,1,1,0.014542005374096334
2809,84.30494400000244,1,1,1,0.0145840022014454
2810,84.33494400000244,1,1,1,0.014500001270789653
2811,84.36494400000244,1,1,1,0.014499993994832039
2812,84.39494400000244,1,1,1,0.014583005395252258
2813,84.42494400000244,1,1,1,0.015124998753890395
2814,84.45494400000244,1,1,1,0.014583005395252258
2815,84.48494400000244,1,1,1,0.014500001270789653
2816,84.51494400000244,1,1,1,0.014792000001762062
2817,84.54494400000245,1,1,1,0.014999997802078724
2818,84.57494400000245,1,1,1,0.014582998119294643
2819,84.60494400000245,1,1,1,0.014457997167482972
2820,84.63494400000245,1,1,1,0.014625002222601324
2821,84.66494400000245,1,1,1,0.014707999071106315
2822,84.69494400000245,1,1,1,0.014416997146327049
2823,84.72494400000245,1,1,1,0.028833004762418568
2824,84.75494400000245,1,1,1,0.014834004105068743
2825,84.78494400000245,1,1,1,0.013916003808844835
2826,84.81494400000246,1,1,1,0.013583005056716502
2827,84.84494400000246,1,1,1,0.01375000283587724
2828,84.87494400000246,1,1,1,0.013666998711414635
2829,84.90494400000246,1,1,1,0.013958000636193901
2830,84.93494400000246,1,1,1,0.014417004422284663
2831,84.96494400000246,0,0,1,0.0026670022634789348
2832,84.99494400000246,1,1,1,0.014666002243757248
2833,85.02494400000246,2,1,2,0.02383300306973979
2834,85.05494400000246,1,0,2,0.012417003745213151
2835,85.08494400000247,1,0,2,0.016832993424031883
2836,85.11494400000247,1,1,1,0.017917001969181
2837,85.14494400000247,1,1,1,0.0162090000230819
2838,85.17494400000247,1,1,1,0.015124998753890395
2839,85.20494400000247,1,1,1,0.014958000974729657
2840,85.23494400000247,1,1,1,0.01554200571263209
2841,85.26494400000247,1,1,1,0.014750003174412996
2842,85.29494400000247,1,1,1,0.015333003830164671
2843,85.32494400000247,1,1,1,0.014833000022917986
2844,85.35494400000248,1,1,1,0.015083998732734472
2845,85.38494400000248,1,1,1,0.015249999705702066
2846,85.41494400000248,1,1,1,0.014500001270789653
2847,85.44494400000248,1,1,1,0.014334000297822058
2848,85.47494400000248,1,1,1,0.014375000318977982
2849,85.50494400000248,0,0,1,0.0023750035325065255
2850,85.53494400000248,1,1,1,0.015207995602395386
2851,85.56494400000248,1,1,1,0.014666002243757248
2852,85.59494400000249,1,1,1,0.01824999344535172
2853,85.62494400000249,1,1,1,0.01737500133458525
2854,85.65494400000249,1,1,1,0.013916003808844835
2855,85.68494400000249,1,1,1,0.020624996977858245
2856,85.71494400000249,1,1,1,0.01758299913490191
2857,85.74494400000249,1,1,1,0.01708300260361284
2858,85.77494400000249,1,1,1,0.013582997780758888
2859,85.8049440000025,1,1,1,0.013582997780758888
2860,85.8349440000025,1,1,1,0.013541997759602964
2861,85.8649440000025,1,1,1,0.028333000955171883
2862,85.8949440000025,1,1,1,0.016332996892742813
2863,85.9249440000025,1,1,1,0.014749995898455381
2864,85.9549440000025,1,1,1,0.014625002222601324
2865,85.9849440000025,0,0,1,0.0025419940357096493
2866,86.0149440000025,1,1,1,0.016166995919775218
2867,86.0449440000025,1,1,1,0.015416997484862804
2868,86.0749440000025,1,1,1,0.015291996533051133
2869,86.1049440000025,0,0,1,0.0023329994291998446
2870,86.1349440000025,1,1,1,0.01599999814061448
2871,86.1649440000025,1,1,1,0.015165998775046319
2872,86.19494400000251,1,1,1,0.017499995010439306
2873,86.22494400000251,1,1,1,0.014959005056880414
2874,86.25494400000251,0,0,1,0.0021669984562322497
2875,86.28494400000251,1,1,1,0.014707999071106315
2876,86.31494400000251,1,0,1,0.015124998753890395
2877,86.34494400000251,1,1,1,0.015042001905385405
2878,86.37494400000251,0,0,1,0.0022500025806948543
2879,86.40494400000252,0,0,1,0.001959000655915588
2880,86.43494400000252,0,0,0,0.002291999408043921
2881,86.46494400000252,0,0,0,0.0010000003385357559
2882,86.49494400000252,1,0,1,0.008709001122042537
2883,86.52494400000252,0,0,1,0.0022500025806948543
2884,86.55494400000252,0,0,1,0.0017080019460991025
2885,86.58494400000252,0,0,0,0.0019169965526089072
2886,86.61494400000252,0,0,0,0.0010840012691915035
2887,86.64494400000252,2,0,2,0.01412499841535464
2888,86.67494400000253,1,0,2,0.011166994227096438
2889,86.70494400000253,1,0,2,0.017082995327655226
2890,86.73494400000253,1,0,2,0.01049999991664663
2891,86.76494400000253,1,0,2,0.016040998161770403
2892,86.79494400000253,1,1,1,0.016584002878516912
2893,86.82494400000253,0,0,1,0.002707995008677244
2894,86.85494400000253,1,1,1,0.016083002265077084
2895,86.88494400000253,1,1,1,0.014666999049950391
2896,86.91494400000254,1,1,1,0.016832993424031883
2897,86.94494400000254,1,1,1,0.016083999071270227
2898,86.97494400000254,1,1,1,0.015624995285179466
2899,87.00494400000254,0,0,1,0.002958004188258201
2900,87.03494400000254,1,1,1,0.01587499718880281
2901,87.06494400000254,1,1,1,0.01529099972685799
2902,87.09494400000254,1,1,1,0.014999997802078724
2903,87.12494400000254,1,1,1,0.015166995581239462
2904,87.15494400000254,1,1,1,0.015042001905385405
2905,87.18494400000255,1,1,1,0.015541001630481333
2906,87.21494400000255,1,1,1,0.015124998753890395
2907,87.24494400000255,1,1,1,0.015249999705702066
2908,87.27494400000255,1,1,1,0.015208999684546143
2909,87.30494400000255,1,1,1,0.015541001630481333
2910,87.33494400000255,1,1,1,0.13087499974062666
2911,87.36494400000255,1,1,1,0.016166995919775218
2912,87.39494400000255,1,1,1,0.01424999936716631
2913,87.42494400000255,1,1,1,0.01416700251866132
2914,87.45494400000256,1,1,1,0.014165998436510563
2915,87.48494400000256,1,1,1,0.01383299968438223
2916,87.51494400000256,1,1,1,0.013917000615037978
2917,87.54494400000256,1,1,1,0.013917000615037978
2918,87.57494400000256,1,1,1,0.01412499841535464
2919,87.60494400000256,1,1,1,0.015416997484862804
2920,87.63494400000256,1,1,1,0.015375000657513738
2921,87.66494400000256,1,1,1,0.014625002222601324
2922,87.69494400000256,1,1,1,0.014874996850267053
2923,87.72494400000257,1,1,1,0.014707999071106315
2924,87.75494400000257,1,1,1,0.014875004126224667
2925,87.78494400000257,1,1,1,0.014541001291945577
2926,87.81494400000257,1,1,1,0.014915996871422976
2927,87.84494400000257,1,1,1,0.014707999071106315
2928,87.87494400000257,1,1,1,0.014833000022917986
2929,87.90494400000257,1,1,1,0.014958000974729657
2930,87.93494400000257,1,1,1,0.01570799940964207
2931,87.96494400000257,1,1,1,0.015416997484862804
2932,87.99494400000258,1,1,1,0.015041005099192262
2933,88.02494400000258,1,1,1,0.014875004126224667
2934,88.05494400000258,1,1,1,0.014666999049950391
2935,88.08494400000258,1,1,1,0.015583005733788013
2936,88.11494400000258,1,1,1,0.014625002222601324
2937,88.14494400000258,1,1,1,0.014625002222601324
2938,88.17494400000258,1,1,1,0.014625002222601324
2939,88.20494400000258,1,1,1,0.015500001609325409
2940,88.23494400000259,1,1,1,0.014999997802078724
2941,88.26494400000259,1,1,1,0.013917000615037978
2942,88.29494400000259,1,1,1,0.013790995581075549
2943,88.32494400000259,1,1,1,0.013624994608107954
2944,88.35494400000259,1,1,1,0.013583005056716502
2945,88.38494400000259,1,1,1,0.014042001566849649
2946,88.41494400000259,1,1,1,0.014416997146327049
2947,88.4449440000026,1,1,1,0.03004199970746413
2948,88.4749440000026,1,1,1,0.015457997506018728
2949,88.5049440000026,0,0,1,0.002624998160172254
2950,88.5349440000026,1,1,1,0.0162090000230819
2951,88.5649440000026,1,1,1,0.015458004781976342
2952,88.5949440000026,1,1,1,0.015374993381556123
2953,88.6249440000026,0,0,1,0.0025410045054741204
2954,88.6549440000026,1,1,1,0.014834004105068743
2955,88.6849440000026,1,1,1,0.01462499494664371
2956,88.7149440000026,1,1,1,0.014833000022917986
2957,88.7449440000026,1,1,1,0.014665994967799634
2958,88.7749440000026,1,1,1,0.014750003174412996
2959,88.8049440000026,1,1,1,0.0145840022014454
2960,88.83494400000261,1,1,1,0.014625002222601324
2961,88.86494400000261,1,1,1,0.01587499718880281
2962,88.89494400000261,1,1,1,0.015165998775046319
2963,88.92494400000261,1,1,1,0.014749995898455381
2964,88.95494400000261,1,1,1,0.01424999936716631
2965,88.98494400000261,1,1,1,0.014334000297822058
2966,89.01494400000261,1,1,1,0.014583994925487787
2967,89.04494400000262,1,1,1,0.014500001270789653
2968,89.07494400000262,2,1,2,0.02349999704165384
2969,89.10494400000262,1,1,2,0.01695800165180117
2970,89.13494400000262,1,1,2,0.016375000996049494
2971,89.16494400000262,0,0,1,0.003916000423487276
2972,89.19494400000262,0,0,1,0.0022090025595389307
2973,89.22494400000262,0,0,0,0.00224999530473724
2974,89.25494400000262,0,0,0,0.0011250012903474271
2975,89.28494400000262,1,0,1,0.007833994459360838
2976,89.31494400000263,1,0,1,0.009750001481734216
2977,89.34494400000263,1,0,1,0.014790995919611305
2978,89.37494400000263,1,1,1,0.014208999346010387
2979,89.40494400000263,1,1,1,0.014707999071106315
2980,89.43494400000263,1,1,1,0.01462499494664371
2981,89.46494400000263,1,1,1,0.014458993973676115
2982,89.49494400000263,1,1,1,0.014500001270789653
2983,89.52494400000263,1,1,1,0.014709003153257072
2984,89.55494400000264,1,1,1,0.015083998732734472
2985,89.58494400000264,1,1,1,0.0155829984578304
2986,89.61494400000264,1,1,1,0.015584002539981157
2987,89.64494400000264,1,1,1,0.014917000953573734
2988,89.67494400000264,1,1,1,0.014583005395252258
2989,89.70494400000264,1,1,1,0.030916999094188213
2990,89.73494400000264,1,1,1,0.015499994333367795
2991,89.76494400000264,1,1,1,0.014749995898455381
2992,89.79494400000264,1,1,1,0.014959005056880414
2993,89.82494400000265,1,1,1,0.014957993698772043
2994,89.85494400000265,1,1,1,0.014792000001762062
2995,89.88494400000265,1,1,1,0.014958000974729657
2996,89.91494400000265,1,1,1,0.01566599530633539
2997,89.94494400000265,1,1,1,0.016582998796366155
2998,89.97494400000265,1,1,1,0.015165998775046319
2999,90.00494400000265,1,1,1,0.015083001926541328
3000,90.03494400000265,1,1,1,0.014541001291945577
3001,90.06494400000265,1,1,1,0.014625002222601324
3002,90.09494400000266,1,1,1,0.01412499841535464
3003,90.12494400000266,1,1,1,0.013666001905221492
3004,90.15494400000266,1,1,1,0.01416700251866132
3005,90.18494400000266,1,1,1,0.014375000318977982
3006,90.21494400000266,1,1,1,0.01554200571263209
3007,90.24494400000266,1,1,1,0.015249999705702066
3008,90.27494400000266,1,1,1,0.014917000953573734
3009,90.30494400000266,1,1,1,0.014749995898455381
3010,90.33494400000266,1,1,1,0.014625002222601324
3011,90.36494400000267,1,1,1,0.014458004443440586
3012,90.39494400000267,1,1,1,0.014749995898455381
3013,90.42494400000267,0,0,1,0.0025000044843181968
3014,90.45494400000267,1,1,1,0.014874996850267053
3015,90.48494400000267,1,1,1,0.014749995898455381
3016,90.51494400000267,1,1,1,0.014833000022917986
3017,90.54494400000267,1,1,1,0.014999997802078724
3018,90.57494400000267,1,1,1,0.014541001291945577
3019,90.60494400000267,0,0,1,0.0023329994291998446
3020,90.63494400000268,1,1,1,0.014833000022917986
3021,90.66494400000268,1,1,1,0.014500001270789653
3022,90.69494400000268,1,1,1,0.01454199809813872
3023,90.72494400000268,1,1,1,0.014375000318977982
3024,90.75494400000268,0,0,1,0.0022080057533457875
3025,90.78494400000268,1,1,1,0.015208002878353
3026,90.81494400000268,1,1,1,0.015167002857197076
3027,90.84494400000268,1,1,1,0.015165998775046319
3028,90.87494400000269,1,1,1,0.027624999347608536
3029,90.90494400000269,1,1,1,0.015249999705702066
3030,90.93494400000269,1,1,1,0.014582998119294643
3031,90.96494400000269,1,1,1,0.015041005099192262
3032,90.99494400000269,1,1,1,0.01383299968438223
3033,91.02494400000269,1,1,1,0.013666998711414635
3034,91.05494400000269,1,1,1,0.01375000283587724
3035,91.0849440000027,1,1,1,0.014583005395252258
3036,91.1149440000027,1,1,1,0.01462499494664371
3037,91.1449440000027,1,1,1,0.01445900124963373
3038,91.1749440000027,1,1,1,0.014417004422284663
3039,91.2049440000027,1,1,1,0.015457997506018728
3040,91.2349440000027,0,0,1,0.002291999408043921
3041,91.2649440000027,0,0,1,0.0020000006770715117
3042,91.2949440000027,1,0,1,0.015709003491792828
3043,91.3249440000027,1,0,1,0.014666999049950391
3044,91.3549440000027,1,1,1,0.014792000001762062
3045,91.3849440000027,1,1,1,0.014665994967799634
3046,91.4149440000027,1,1,1,0.014416997146327049
3047,91.4449440000027,1,1,1,0.014958000974729657
3048,91.47494400000271,1,1,1,0.01454199809813872
3049,91.50494400000271,1,1,1,0.014833000022917986
3050,91.53494400000271,1,1,1,0.014917000953573734
3051,91.56494400000271,1,1,1,0.01504199462942779
3052,91.59494400000271,1,1,1,0.014500001270789653
3053,91.62494400000271,1,1,1,0.014582998119294643
3054,91.65494400000271,1,1,1,0.014666999049950391
3055,91.68494400000272,1,1,1,0.014541001291945577
3056,91.71494400000272,1,1,1,0.014290999388322234
3057,91.74494400000272,1,1,1,0.014292003470472991
3058,91.77494400000272,1,1,1,0.014666002243757248
3059,91.80494400000272,1,1,1,0.015083001926541328
3060,91.83494400000272,1,1,1,0.01529099972685799
3061,91.86494400000272,1,1,1,0.014582998119294643
3062,91.89494400000272,1,1,1,0.0145840022014454
3063,91.92494400000272,1,1,1,0.013917000615037978
3064,91.95494400000273,1,1,1,0.013875003787688911
3065,91.98494400000273,1,1,1,0.013709002814721316
3066,92.01494400000273,1,1,1,0.027375004719942808
3067,92.04494400000273,1,1,1,0.015624995285179466
3068,92.07494400000273,1,1,1,0.014625002222601324
3069,92.10494400000273,1,1,1,0.014416997146327049
3070,92.13494400000273,1,1,1,0.01599999814061448
3071,92.16494400000273,1,1,1,0.014540994015987962
3072,92.19494400000274,1,1,1,0.014416997146327049
3073,92.22494400000274,1,1,1,0.0145840022014454
3074,92.25494400000274,1,1,1,0.014500001270789653
3075,92.28494400000274,1,1,1,0.014750003174412996
3076,92.31494400000274,1,1,1,0.014749995898455381
3077,92.34494400000274,1,1,1,0.014500001270789653
3078,92.37494400000274,1,1,1,0.014582998119294643
3079,92.40494400000274,1,1,1,0.014500001270789653
3080,92.43494400000274,1,1,1,0.015083998732734472
3081,92.46494400000275,1,1,1,0.015083998732734472
3082,92.49494400000275,1,1,1,0.014875004126224667
3083,92.52494400000275,1,1,1,0.01454199809813872
3084,92.55494400000275,1,1,1,0.014500001270789653
3085,92.58494400000275,1,1,1,0.014666999049950391
3086,92.61494400000275,1,1,1,0.014500001270789653
3087,92.64494400000275,1,1,1,0.014541001291945577
3088,92.67494400000275,1,1,1,0.014625002222601324
3089,92.70494400000275,1,1,1,0.015084006008692086
3090,92.73494400000276,1,1,1,0.015165998775046319
3091,92.76494400000276,1,1,1,0.014000004739500582
3092,92.79494400000276,1,1,1,0.013707998732570559
3093,92.82494400000276,1,1,1,0.014917000953573734
3094,92.85494400000276,1,1,1,0.014874996850267053
3095,92.88494400000276,1,1,1,0.014792000001762062
3096,92.91494400000276,1,1,1,0.014625002222601324
3097,92.94494400000276,1,1,1,0.014915996871422976
3098,92.97494400000276,1,1,1,0.014457997167482972
3099,93.00494400000277,1,1,1,0.014707999071106315
3100,93.03494400000277,1,1,1,0.015083001926541328
3101,93.06494400000277,0,0,1,0.0024170003598555923
3102,93.09494400000277,1,1,1,0.015334000636357814
3103,93.12494400000277,1,1,1,0.027083995519205928
3104,93.15494400000277,1,1,1,0.014667006325908005
3105,93.18494400000277,1,1,1,0.014749995898455381
3106,93.21494400000277,1,1,1,0.014792000001762062
3107,93.24494400000277,1,1,1,0.014582998119294643
3108,93.27494400000278,1,1,1,0.014416997146327049
3109,93.30494400000278,1,1,1,0.01529099972685799
3110,93.33494400000278,1,1,1,0.015709003491792828
3111,93.36494400000278,1,1,1,0.015499994333367795
3112,93.39494400000278,1,1,1,0.014666002243757248
3113,93.42494400000278,1,1,1,0.01512500602984801
3114,93.45494400000278,1,1,1,0.014917000953573734
3115,93.48494400000278,1,1,1,0.01454199809813872
3116,93.51494400000279,1,1,1,0.014582998119294643
3117,93.54494400000279,1,1,1,0.015541001630481333
3118,93.57494400000279,1,1,1,0.015332996554207057
3119,93.60494400000279,1,1,1,0.015249999705702066
3120,93.63494400000279,1,1,1,0.015416000678669661
3121,93.66494400000279,1,1,1,0.015208999684546143
3122,93.69494400000279,1,1,1,0.014666999049950391
3123,93.7249440000028,1,1,1,0.014750003174412996
3124,93.7549440000028,1,1,1,0.014583005395252258
3125,93.7849440000028,1,1,1,0.014707999071106315
3126,93.8149440000028,1,1,1,0.014332996215671301
3127,93.8449440000028,1,1,1,0.014416000340133905
3128,93.8749440000028,1,1,1,0.014666002243757248
3129,93.9049440000028,1,1,1,0.01491600414738059
3130,93.9349440000028,1,1,1,0.015208002878353
3131,93.9649440000028,1,1,1,0.014792000001762062
3132,93.9949440000028,1,1,1,0.014792000001762062
3133,94.0249440000028,1,1,1,0.014333003491628915
3134,94.0549440000028,1,1,1,0.014583005395252258
3135,94.0849440000028,1,1,1,0.01424999936716631
3136,94.11494400000281,1,1,1,0.014332996215671301
3137,94.14494400000281,1,1,1,0.014416997146327049
3138,94.17494400000281,0,0,1,0.0025419940357096493
3139,94.20494400000281,1,1,1,0.015208002878353
3140,94.23494400000281,1,1,1,0.027834001230075955
3141,94.26494400000281,1,1,1,0.01633400097489357
3142,94.29494400000281,1,1,1,0.015166006051003933
3143,94.32494400000282,1,1,1,0.015124998753890395
3144,94.35494400000282,1,1,1,0.014707999071106315
3145,94.38494400000282,1,1,1,0.014874996850267053
3146,94.41494400000282,1,1,1,0.015457997506018728
3147,94.44494400000282,1,1,1,0.014917000953573734
3148,94.47494400000282,1,1,1,0.014707999071106315
3149,94.50494400000282,1,1,1,0.014707999071106315
3150,94.53494400000282,1,1,1,0.014749995898455381
3151,94.56494400000282,1,1,1,0.015000005078036338
3152,94.59494400000283,1,1,1,0.014667006325908005
3153,94.62494400000283,1,1,1,0.014666999049950391
3154,94.65494400000283,1,1,1,0.0145840022014454
3155,94.68494400000283,1,1,1,0.01454199809813872
3156,94.71494400000283,1,1,1,0.01454199809813872
3157,94.74494400000283,1,1,1,0.014290999388322234
3158,94.77494400000283,1,1,1,0.014457997167482972
3159,94.80494400000283,1,1,1,0.014375000318977982
3160,94.83494400000284,1,1,1,0.014500001270789653
3161,94.86494400000284,1,1,1,0.015124998753890395
3162,94.89494400000284,1,1,1,0.015334000636357814
3163,94.92494400000284,1,1,1,0.014582998119294643
3164,94.95494400000284,1,1,1,0.014582998119294643
3165,94.98494400000284,1,1,1,0.014499993994832039
3166,95.01494400000284,1,1,1,0.015249999705702066
3167,95.04494400000284,1,1,1,0.0155829984578304
3168,95.07494400000284,1,1,1,0.015124998753890395
3169,95.10494400000285,1,1,1,0.014500001270789653
3170,95.13494400000285,1,1,1,0.03245900006731972
3171,95.16494400000285,1,1,1,0.019999999494757503
3172,95.19494400000285,1,1,1,0.018042002920992672
3173,95.22494400000285,1,1,1,0.017124999430961907
3174,95.25494400000285,1,1,1,0.017166006728075445
3175,95.28494400000285,1,1,1,0.015249999705702066
3176,95.31494400000285,1,1,1,0.02891600161092356
3177,95.34494400000285,1,1,1,0.016457997844554484
3178,95.37494400000286,1,1,1,0.014708995877299458
3179,95.40494400000286,1,1,1,0.015249999705702066
3180,95.43494400000286,1,1,1,0.014707999071106315
3181,95.46494400000286,1,1,1,0.014457997167482972
3182,95.49494400000286,1,1,1,0.015249999705702066
3183,95.52494400000286,1,1,1,0.01491600414738059
3184,95.55494400000286,1,1,1,0.014958000974729657
3185,95.58494400000286,1,1,1,0.014957993698772043
3186,95.61494400000286,1,1,1,0.015082994650583714
3187,95.64494400000287,1,1,1,0.015333003830164671
3188,95.67494400000287,1,1,1,0.014999997802078724
3189,95.70494400000287,1,1,1,0.014917000953573734
3190,95.73494400000287,1,1,1,0.015208999684546143
3191,95.76494400000287,1,1,1,0.014708006347063929
3192,95.79494400000287,1,1,1,0.0145840022014454
3193,95.82494400000287,1,1,1,0.0145840022014454
3194,95.85494400000287,1,1,1,0.014666999049950391
3195,95.88494400000287,1,1,1,0.014833000022917986
3196,95.91494400000288,1,1,1,0.015709003491792828
3197,95.94494400000288,2,1,2,0.025874993298202753
3198,95.97494400000288,2,1,2,0.026708003133535385
3199,96.00494400000288,1,1,2,0.018499995348975062
3200,96.03494400000288,1,1,2,0.017333004507236183
3201,96.06494400000288,0,0,1,0.004374996933620423
3202,96.09494400000288,0,0,1,0.002291999408043921
3203,96.12494400000288,0,0,0,0.0023329994291998446
3204,96.15494400000289,0,0,0,0.0010830044629983604
3205,96.18494400000289,0,0,0,0.0008749993867240846
3206,96.21494400000289,0,0,0,0.0007500057108700275
3207,96.24494400000289,0,0,0,0.0007080016075633466
3208,96.27494400000289,0,0,0,0.0007080016075633466
3209,96.30494400000289,0,0,0,0.0007080016075633466
3210,96.33494400000289,0,0,0,0.0007089984137564898
3211,96.3649440000029,0,0,0,0.0007080016075633466
3212,96.3949440000029,0,0,0,0.0006659975042566657
3213,96.4249440000029,0,0,0,0.000667001586407423
3214,96.4549440000029,0,0,0,0.000667001586407423
3215,96.4849440000029,0,0,0,0.000667001586407423
3216,96.5149440000029,0,0,0,0.000667001586407423
3217,96.5449440000029,0,0,0,0.0006250047590583563
3218,96.5749440000029,0,0,0,0.000667001586407423
3219,96.6049440000029,0,0,0,0.0006249974831007421
3220,96.6349440000029,0,0,0,0.0006249974831007421
3221,96.6649440000029,0,0,0,0.0007079943316057324
3222,96.6949440000029,0,0,0,0.0006660047802142799
3223,96.7249440000029,0,0,0,0.0006250047590583563
3224,96.75494400000291,1,0,1,0.008666000212542713
3225,96.78494400000291,1,0,1,0.010041003406513482
3226,96.81494400000291,1,1,1,0.016915997548494488
3227,96.84494400000291,1,1,1,0.016083999071270227
3228,96.87494400000291,1,1,1,0.01491600414738059
3229,96.90494400000291,1,1,1,0.014334000297822058
3230,96.93494400000291,1,1,1,0.014291996194515377
3231,96.96494400000292,1,1,1,0.014582998119294643
3232,96.99494400000292,1,1,1,0.015000005078036338
3233,97.02494400000292,1,1,1,0.014375000318977982
3234,97.05494400000292,1,1,1,0.029124996217433363
3235,97.08494400000292,1,1,1,0.015457997506018728
3236,97.11494400000292,1,1,1,0.014750003174412996
3237,97.14494400000292,1,1,1,0.014416000340133905
3238,97.17494400000292,1,1,1,0.01416700251866132
3239,97.20494400000293,1,1,1,0.013999997463542968
3240,97.23494400000293,1,1,1,0.013999997463542968
3241,97.26494400000293,1,1,1,0.013874996511731297
3242,97.29494400000293,1,1,1,0.01383299968438223
3243,97.32494400000293,1,1,1,0.014166995242703706
3244,97.35494400000293,1,1,1,0.014666999049950391
3245,97.38494400000293,1,1,1,0.0145840022014454
3246,97.41494400000293,1,1,1,0.014333003491628915
3247,97.44494400000293,0,0,1,0.002458000381011516
3248,97.47494400000294,0,0,1,0.0020410006982274354
3249,97.50494400000294,1,1,1,0.014833996829111129
3250,97.53494400000294,1,1,1,0.014458004443440586
3251,97.56494400000294,0,0,1,0.002291002601850778
3252,97.59494400000294,1,1,1,0.015249999705702066
3253,97.62494400000294,1,1,1,0.01424999936716631
3254,97.65494400000294,1,1,1,0.014166005712468177
3255,97.68494400000294,1,1,1,0.01424999936716631
3256,97.71494400000294,0,0,1,0.0022500025806948543
3257,97.74494400000295,0,0,1,0.001915999746415764
3258,97.77494400000295,0,0,0,0.0023339962353929877
3259,97.80494400000295,0,0,0,0.0010000003385357559
3260,97.83494400000295,0,0,0,0.000833999365568161
3261,97.86494400000295,1,0,1,0.008333998266607523
3262,97.89494400000295,1,0,1,0.009875002433545887
3263,97.92494400000295,1,0,1,0.014708995877299458
3264,97.95494400000295,0,0,1,0.0022079984773881733
3265,97.98494400000295,0,0,1,0.0020000006770715117
3266,98.01494400000296,0,0,0,0.002083994331769645
3267,98.04494400000296,0,0,0,0.0008749993867240846
3268,98.07494400000296,0,0,0,0.0007499984349124134
3269,98.10494400000296,0,0,0,0.0007499984349124134
3270,98.13494400000296,0,0,0,0.0006669943104498088
3271,98.16494400000296,0,0,0,0.0007499984349124134
3272,98.19494400000296,0,0,0,0.0007080016075633466
3273,98.22494400000296,0,0,0,0.0007080016075633466
3274,98.25494400000296,0,0,0,0.0007079943316057324
3275,98.28494400000297,0,0,0,0.0007089984137564898
3276,98.31494400000297,0,0,0,0.0006659975042566657
3277,98.34494400000297,0,0,0,0.0007080016075633466
3278,98.37494400000297,0,0,0,0.000667001586407423
3279,98.40494400000297,0,0,0,0.000667001586407423
3280,98.43494400000297,0,0,0,0.0006660047802142799
3281,98.46494400000297,0,0,0,0.0007080016075633466
3282,98.49494400000297,0,0,0,0.0006249974831007421
3283,98.52494400000298,0,0,0,0.0007910057320259511
3284,98.55494400000298,0,0,0,0.000667001586407423
3285,98.58494400000298,0,0,0,0.0006250047590583563
3286,98.61494400000298,0,0,0,0.0006669943104498088
3287,98.64494400000298,0,0,0,0.0006250047590583563
3288,98.67494400000298,0,0,0,0.0006669943104498088
3289,98.70494400000298,0,0,0,0.0006249974831007421
3290,98.73494400000298,0,0,0,0.0006249974831007421
3291,98.76494400000298,0,0,0,0.0007089984137564898
3292,98.79494400000299,0,0,0,0.0006660047802142799
3293,98.82494400000299,0,0,0,0.0006659975042566657
3294,98.85494400000299,0,0,0,0.000667001586407423
3295,98.88494400000299,0,0,0,0.0007080016075633466
3296,98.91494400000299,0,0,0,0.000667001586407423
3297,98.94494400000299,0,0,0,0.000667001586407423
3298,98.97494400000299,0,0,0,0.0007089984137564898
3299,99.004944000003,0,0,0,0.000667001586407423
3300,99.034944000003,0,0,0,0.000667001586407423
3301,99.064944000003,0,0,0,0.0006659975042566657
3302,99.094944000003,0,0,0,0.000667001586407423
3303,99.124944000003,0,0,0,0.0007080016075633466
3304,99.154944000003,0,0,0,0.0007080016075633466
3305,99.184944000003,0,0,0,0.0006659975042566657
3306,99.214944000003,1,0,1,0.007542003004346043
3307,99.244944000003,1,0,1,0.008999995770864189
3308,99.274944000003,1,1,1,0.01462499494664371
3309,99.304944000003,1,1,1,0.014750003174412996
3310,99.334944000003,1,1,1,0.015040997823234648
3311,99.364944000003,1,1,1,0.013791002857033163
3312,99.39494400000301,1,1,1,0.01408400567015633
3313,99.42494400000301,1,1,1,0.015083001926541328
3314,99.45494400000301,1,1,1,0.014417004422284663
3315,99.48494400000301,1,1,1,0.014042001566849649
3316,99.51494400000301,1,1,1,0.01412499841535464
3317,99.54494400000301,1,1,1,0.01375000283587724
3318,99.57494400000301,1,1,1,0.013665994629263878
3319,99.60494400000302,1,1,1,0.014083001588005573
3320,99.63494400000302,1,1,1,0.02712499554036185
3321,99.66494400000302,1,1,1,0.015249999705702066
3322,99.69494400000302,1,1,1,0.014999997802078724
3323,99.72494400000302,1,1,1,0.014833996829111129
3324,99.75494400000302,1,1,1,0.014625002222601324
3325,99.78494400000302,1,1,1,0.01424999936716631
3326,99.81494400000302,1,1,1,0.01416700251866132
3327,99.84494400000303,1,1,1,0.014125005691312253
3328,99.87494400000303,1,1,1,0.014042001566849649
3329,99.90494400000303,1,1,1,0.013999997463542968
3330,99.93494400000303,1,1,1,0.01375000283587724
3331,99.96494400000303,1,1,1,0.014625002222601324
3332,99.99494400000303,1,1,1,0.01412499841535464
3333,100.02494400000303,1,1,1,0.013665994629263878
3334,100.05494400000303,1,1,1,0.014000004739500582
3335,100.08494400000303,1,1,1,0.013874996511731297
3336,100.11494400000304,1,1,1,0.013749995559919626
3337,100.14494400000304,1,1,1,0.013875003787688911
3338,100.17494400000304,1,1,1,0.013875003787688911
3339,100.20494400000304,1,1,1,0.013791999663226306
3340,100.23494400000304,0,0,1,0.0023749962565489113
3341,100.26494400000304,1,1,1,0.015749996236991137
3342,100.29494400000304,1,1,1,0.014042001566849649
3343,100.32494400000304,1,1,1,0.014000004739500582
3344,100.35494400000304,1,1,1,0.013791999663226306
3345,100.38494400000305,1,1,1,0.01391599653288722
3346,100.41494400000305,1,1,1,0.013833996490575373
3347,100.44494400000305,1,1,1,0.013958997442387044
3348,100.47494400000305,1,1,1,0.013874996511731297
3349,100.50494400000305,1,1,1,0.013917000615037978
3350,100.53494400000305,1,1,1,0.014083001588005573
3351,100.56494400000305,1,1,1,0.01462499494664371
3352,100.59494400000305,1,1,1,0.014499993994832039
3353,100.62494400000305,1,1,1,0.014458004443440586
3354,100.65494400000306,1,1,1,0.014208002539817244
3355,100.68494400000306,1,1,1,0.013749995559919626
3356,100.71494400000306,1,1,1,0.013708995538763702
3357,100.74494400000306,1,1,1,0.013707998732570559
3358,100.77494400000306,1,1,1,0.02741699427133426
3359,100.80494400000306,1,1,1,0.015207995602395386
3360,100.83494400000306,1,1,1,0.014666002243757248
3361,100.86494400000306,1,1,1,0.0149589977809228
3362,100.89494400000306,1,1,1,0.015042001905385405
3363,100.92494400000307,1,1,1,0.014333003491628915
3364,100.95494400000307,1,1,1,0.014083001588005573
3365,100.98494400000307,1,1,1,0.013958997442387044
3366,101.01494400000307,1,1,1,0.013791999663226306
3367,101.04494400000307,1,1,1,0.01383299968438223
3368,101.07494400000307,1,1,1,0.013749995559919626
3369,101.10494400000307,1,1,1,0.013709002814721316
3370,101.13494400000307,1,1,1,0.01416700251866132
3371,101.16494400000308,1,1,1,0.014666999049950391
3372,101.19494400000308,1,1,1,0.015165998775046319
3373,101.22494400000308,1,1,1,0.014707999071106315
3374,101.25494400000308,1,1,1,0.014707999071106315
3375,101.28494400000308,1,1,1,0.01462499494664371
3376,101.31494400000308,1,1,1,0.01454199809813872
3377,101.34494400000308,1,1,1,0.014708995877299458
3378,101.37494400000308,1,1,1,0.014749995898455381
3379,101.40494400000308,1,1,1,0.01454199809813872
3380,101.43494400000309,1,1,1,0.015375000657513738
3381,101.46494400000309,1,1,1,0.015833000361453742
3382,101.49494400000309,1,1,1,0.015167002857197076
3383,101.52494400000309,1,1,1,0.015124998753890395
3384,101.55494400000309,1,1,1,0.014874996850267053
3385,101.58494400000309,1,1,1,0.014749995898455381
3386,101.61494400000309,1,1,1,0.015083998732734472
3387,101.6449440000031,1,1,1,0.015334000636357814
3388,101.6749440000031,1,1,1,0.014708995877299458
3389,101.7049440000031,1,1,1,0.014416000340133905
3390,101.7349440000031,1,1,1,0.01604200224392116
3391,101.7649440000031,1,1,1,0.014582998119294643
3392,101.7949440000031,1,1,1,0.014290999388322234
3393,101.8249440000031,0,0,1,0.002707995008677244
3394,101.8549440000031,0,0,1,0.002292006684001535
3395,101.8849440000031,1,1,1,0.01525000698165968
3396,101.9149440000031,0,0,1,0.002334003511350602
3397,101.9449440000031,1,0,1,0.0268340008915402
3398,101.9749440000031,0,0,1,0.0024170003598555923
3399,102.0049440000031,0,0,1,0.0019999934011138976
3400,102.03494400000311,0,0,0,0.002291999408043921
3401,102.06494400000311,1,0,1,0.008249997335951775
3402,102.09494400000311,1,0,1,0.009458002750761807
3403,102.12494400000311,1,1,1,0.015291996533051133
3404,102.15494400000311,1,1,1,0.015624995285179466
3405,102.18494400000311,1,0,1,0.014750003174412996
3406,102.21494400000311,1,1,1,0.015291996533051133
3407,102.24494400000312,1,1,1,0.015333003830164671
3408,102.27494400000312,1,1,1,0.014875004126224667
3409,102.30494400000312,0,0,1,0.0024170003598555923
3410,102.33494400000312,1,1,1,0.015792000340297818
3411,102.36494400000312,1,1,1,0.014833000022917986
3412,102.39494400000312,1,1,1,0.014958000974729657
3413,102.42494400000312,1,1,1,0.015417004760820419
3414,102.45494400000312,1,1,1,0.014792000001762062
3415,102.48494400000313,1,1,1,0.01454199809813872
3416,102.51494400000313,1,1,1,0.014874996850267053
3417,102.54494400000313,1,1,1,0.01591700129210949
3418,102.57494400000313,1,1,1,0.014875004126224667
3419,102.60494400000313,1,1,1,0.014417004422284663
3420,102.63494400000313,1,1,1,0.013791999663226306
3421,102.66494400000313,1,1,1,0.013959004718344659
3422,102.69494400000313,1,1,1,0.013707998732570559
3423,102.72494400000313,1,1,1,0.013791999663226306
3424,102.75494400000314,1,1,1,0.014500001270789653
3425,102.78494400000314,1,1,1,0.013999997463542968
3426,102.81494400000314,1,1,1,0.014165998436510563
3427,102.84494400000314,1,1,1,0.0145840022014454
3428,102.87494400000314,1,1,1,0.014208999346010387
3429,102.90494400000314,0,0,1,0.0023330067051574588
3430,102.93494400000314,1,1,1,0.014332996215671301
3431,102.96494400000314,1,1,1,0.013666998711414635
3432,102.99494400000314,1,1,1,0.014334000297822058
3433,103.02494400000315,1,1,1,0.014707999071106315
3434,103.05494400000315,1,1,1,0.01462499494664371
3435,103.08494400000315,1,1,1,0.014833000022917986
3436,103.11494400000315,1,1,1,0.015166995581239462
3437,103.14494400000315,1,1,1,0.015791003534104675
3438,103.17494400000315,1,1,1,0.01529099972685799
3439,103.20494400000315,1,1,1,0.10841699986485764
3440,103.23494400000315,0,0,1,0.002916996891144663
3441,103.26494400000315,0,0,1,0.00224999530473724
3442,103.29494400000316,0,0,0,0.0025420013116672635
3443,103.32494400000316,0,0,0,0.0010839939932338893
3444,103.35494400000316,0,0,0,0.0008749993867240846
3445,103.38494400000316,0,0,0,0.0008329952834174037
3446,103.41494400000316,1,0,1,0.00841599830891937
3447,103.44494400000316,1,0,1,0.009791998309083283
3448,103.47494400000316,0,0,1,0.0023749962565489113
3449,103.50494400000316,0,0,1,0.0020830048015341163
3450,103.53494400000316,0,0,0,0.0022090025595389307
3451,103.56494400000317,0,0,0,0.0009590003173798323
3452,103.59494400000317,0,0,0,0.0007919952622614801
3453,103.62494400000317,0,0,0,0.000790998456068337
3454,103.65494400000317,0,0,0,0.0007499984349124134
3455,103.68494400000317,0,0,0,0.0007910057320259511
3456,103.71494400000317,0,0,0,0.0007500057108700275
3457,103.74494400000317,0,0,0,0.0007500057108700275
3458,103.77494400000317,0,0,0,0.0007499984349124134
3459,103.80494400000318,0,0,0,0.0007080016075633466
3460,103.83494400000318,0,0,0,0.0007500057108700275
3461,103.86494400000318,0,0,0,0.0007500057108700275
3462,103.89494400000318,0,0,0,0.0007499984349124134
3463,103.92494400000318,0,0,0,0.0007910057320259511
3464,103.95494400000318,0,0,0,0.0007499984349124134
3465,103.98494400000318,0,0,0,0.0007499984349124134
3466,104.01494400000318,0,0,0,0.0007500057108700275
3467,104.04494400000318,0,0,0,0.0007079943316057324
3468,104.07494400000319,0,0,0,0.0007499984349124134
3469,104.10494400000319,0,0,0,0.0007080016075633466
3470,104.13494400000319,0,0,0,0.0007499984349124134
3471,104.16494400000319,0,0,0,0.0007499984349124134
3472,104.19494400000319,0,0,0,0.0007499984349124134
3473,104.22494400000319,0,0,0,0.0007080016075633466
3474,104.25494400000319,0,0,0,0.0007499984349124134
3475,104.2849440000032,0,0,0,0.0007079943316057324
3476,104.3149440000032,0,0,0,0.0006659975042566657
3477,104.3449440000032,0,0,0,0.0006660047802142799
3478,104.3749440000032,0,0,0,0.0006669943104498088
3479,104.4049440000032,0,0,0,0.0006659975042566657
3480,104.4349440000032,0,0,0,0.0006660047802142799
3481,104.4649440000032,0,0,0,0.000667001586407423
3482,104.4949440000032,0,0,0,0.000667001586407423
3483,104.5249440000032,0,0,0,0.0006250047590583563
3484,104.5549440000032,0,0,0,0.000667001586407423
3485,104.5849440000032,0,0,0,0.0006659975042566657
3486,104.6149440000032,0,0,0,0.000667001586407423
3487,104.6449440000032,0,0,0,0.0007089984137564898
3488,104.67494400000321,0,0,0,0.0007080016075633466
3489,104.70494400000321,0,0,0,0.0007080016075633466
3490,104.73494400000321,0,0,0,0.000667001586407423
3491,104.76494400000321,0,0,0,0.0007499984349124134
3492,104.79494400000321,0,0,0,0.0006669943104498088
3493,104.82494400000321,0,0,0,0.000667001586407423
3494,104.85494400000321,0,0,0,0.0006669943104498088
3495,104.88494400000322,0,0,0,0.0007919952622614801
3496,104.91494400000322,0,0,0,0.0006660047802142799
3497,104.94494400000322,0,0,0,0.000957996235229075
3498,104.97494400000322,0,0,0,0.0009169962140731514
3499,105.00494400000322,0,0,0,0.0008330025593750179
3500,105.03494400000322,0,0,0,0.0006669943104498088
3501,105.06494400000322,0,0,0,0.0007499984349124134
3502,105.09494400000322,0,0,0,0.000667001586407423
3503,105.12494400000323,0,0,0,0.0020000006770715117
3504,105.15494400000323,0,0,0,0.000667001586407423
3505,105.18494400000323,0,0,0,0.0007080016075633466
3506,105.21494400000323,0,0,0,0.0007089984137564898
3507,105.24494400000323,0,0,0,0.000667001586407423
3508,105.27494400000323,1,0,1,0.0077500008046627045
3509,105.30494400000323,1,0,1,0.009082999895326793
3510,105.33494400000323,1,1,1,0.016250000044237822
3511,105.36494400000323,1,1,1,0.01570799940964207
3512,105.39494400000324,1,1,1,0.014291006664279848
3513,105.42494400000324,1,1,1,0.013707998732570559
3514,105.45494400000324,1,1,1,0.013999997463542968
3515,105.48494400000324,1,1,1,0.014582998119294643
3516,105.51494400000324,1,1,1,0.014333003491628915
3517,105.54494400000324,1,1,1,0.01412499841535464
3518,105.57494400000324,1,1,1,0.014625002222601324
3519,105.60494400000324,1,1,1,0.014792000001762062
3520,105.63494400000324,1,1,1,0.015458004781976342
3521,105.66494400000325,1,1,1,0.014792000001762062
3522,105.69494400000325,2,1,2,0.023749998945277184
3523,105.72494400000325,1,0,2,0.011457996151875705
3524,105.75494400000325,1,1,2,0.01737500133458525
3525,105.78494400000325,1,1,2,0.017458994989283383
3526,105.81494400000325,0,0,1,0.004165995051153004
3527,105.84494400000325,1,1,1,0.015541998436674476
3528,105.87494400000325,1,1,1,0.014874996850267053
3529,105.90494400000325,1,1,1,0.014999997802078724
3530,105.93494400000326,1,1,1,0.015708996215835214
3531,105.96494400000326,1,1,1,0.014709003153257072
3532,105.99494400000326,1,1,1,0.014749995898455381
3533,106.02494400000326,1,1,1,0.014749995898455381
3534,106.05494400000326,1,1,1,0.014334000297822058
3535,106.08494400000326,1,1,1,0.014375000318977982
3536,106.11494400000326,1,1,1,0.014582998119294643
3537,106.14494400000326,1,1,1,0.014041994290892035
3538,106.17494400000326,2,1,2,0.022084001102484763
3539,106.20494400000327,1,0,2,0.01049999991664663
3540,106.23494400000327,1,1,2,0.032500000088475645
3541,106.26494400000327,1,1,1,0.01904200325952843
3542,106.29494400000327,1,1,1,0.01604200224392116
3543,106.32494400000327,1,1,1,0.015124998753890395
3544,106.35494400000327,1,1,1,0.015666002582293004
3545,106.38494400000327,1,1,1,0.015083001926541328
3546,106.41494400000327,1,1,1,0.014792000001762062
3547,106.44494400000328,1,1,1,0.01454199809813872
3548,106.47494400000328,1,1,1,0.014625002222601324
3549,106.50494400000328,1,1,1,0.015249999705702066
3550,106.53494400000328,1,1,1,0.015541998436674476
3551,106.56494400000328,1,1,1,0.01587499718880281
3552,106.59494400000328,1,1,1,0.0155829984578304
3553,106.62494400000328,0,0,1,0.002749999111983925
3554,106.65494400000328,1,1,1,0.01575000351294875
3555,106.68494400000328,1,1,1,0.015958998119458556
3556,106.71494400000329,1,1,1,0.015208002878353
3557,106.74494400000329,1,1,1,0.01579099625814706
3558,106.77494400000329,1,1,1,0.015249999705702066
3559,106.80494400000329,1,1,1,0.015083998732734472
3560,106.83494400000329,1,1,1,0.015042001905385405
3561,106.86494400000329,1,1,1,0.014375000318977982
3562,106.89494400000329,0,0,1,0.0022079984773881733
3563,106.9249440000033,0,0,1,0.001958993379957974
3564,106.9549440000033,0,0,0,0.0023750035325065255
3565,106.9849440000033,0,0,0,0.0010419971658848226
3566,107.0149440000033,0,0,0,0.0007920025382190943
3567,107.0449440000033,0,0,0,0.0007910057320259511
3568,107.0749440000033,0,0,0,0.0006659975042566657
3569,107.1049440000033,0,0,0,0.0007079943316057324
3570,107.1349440000033,0,0,0,0.000667001586407423
3571,107.1649440000033,1,0,1,0.008084003638941795
3572,107.1949440000033,1,0,1,0.009417002729605883
3573,107.2249440000033,1,1,1,0.015124998753890395
3574,107.2549440000033,1,1,1,0.014917000953573734
3575,107.2849440000033,1,1,1,0.014582998119294643
3576,107.31494400000331,1,1,1,0.0155829984578304
3577,107.34494400000331,1,1,1,0.01612499909242615
3578,107.37494400000331,1,1,1,0.015958998119458556
3579,107.40494400000331,1,1,1,0.014999997802078724
3580,107.43494400000331,1,1,1,0.014583994925487787
3581,107.46494400000331,1,1,1,0.014792000001762062
3582,107.49494400000331,1,1,1,0.014707999071106315
3583,107.52494400000332,1,1,1,0.014707999071106315
3584,107.55494400000332,1,1,1,0.014833000022917986
3585,107.58494400000332,1,1,1,0.014457997167482972
3586,107.61494400000332,1,1,1,0.01570799940964207
3587,107.64494400000332,1,1,1,0.015124998753890395
3588,107.67494400000332,0,0,1,0.0023749962565489113
3589,107.70494400000332,1,1,1,0.02908399619627744
3590,107.73494400000332,1,1,1,0.015833997167646885
3591,107.76494400000333,1,1,1,0.014875004126224667
3592,107.79494400000333,1,1,1,0.014999997802078724
3593,107.82494400000333,1,1,1,0.015249999705702066
3594,107.85494400000333,1,1,1,0.014665994967799634
3595,107.88494400000333,1,1,1,0.014790995919611305
3596,107.91494400000333,1,1,1,0.014792000001762062
3597,107.94494400000333,1,1,1,0.014625002222601324
3598,107.97494400000333,1,1,1,0.014290999388322234
3599,108.00494400000333,1,1,1,0.01445900124963373
3600,108.03494400000334,1,1,1,0.014250006643123925
3601,108.06494400000334,1,1,1,0.01424999936716631
3602,108.09494400000334,1,1,1,0.014583994925487787
3603,108.12494400000334,1,1,1,0.013583005056716502
3604,108.15494400000334,1,1,1,0.0145840022014454
3605,108.18494400000334,1,1,1,0.014708006347063929
3606,108.21494400000334,1,1,1,0.01462499494664371
3607,108.24494400000334,1,1,1,0.014792000001762062
3608,108.27494400000334,1,1,1,0.0145840022014454
3609,108.30494400000335,1,1,1,0.014792000001762062
3610,108.33494400000335,1,1,1,0.014582998119294643
3611,108.36494400000335,1,1,1,0.01591700129210949
3612,108.39494400000335,1,1,1,0.014749995898455381
3613,108.42494400000335,1,1,1,0.014749995898455381
3614,108.45494400000335,1,1,1,0.014708995877299458
3615,108.48494400000335,1,1,1,0.014666999049950391
3616,108.51494400000335,1,1,1,0.014666999049950391
3617,108.54494400000335,1,1,1,0.014667006325908005
3618,108.57494400000336,1,1,1,0.014666999049950391
3619,108.60494400000336,0,0,1,0.0025420013116672635
3620,108.63494400000336,1,1,1,0.015541998436674476
3621,108.66494400000336,1,1,1,0.014917000953573734
3622,108.69494400000336,1,1,1,0.014500001270789653
3623,108.72494400000336,1,1,1,0.014582998119294643
3624,108.75494400000336,1,1,1,0.014583005395252258
3625,108.78494400000336,1,1,1,0.014749995898455381
3626,108.81494400000336,1,1,1,0.028083995857741684
3627,108.84494400000337,1,1,1,0.015875004464760423
3628,108.87494400000337,1,1,1,0.014042001566849649
3629,108.90494400000337,1,1,1,0.014291006664279848
3630,108.93494400000337,1,1,1,0.013666998711414635
3631,108.96494400000337,1,1,1,0.013791999663226306
3632,108.99494400000337,1,1,1,0.013791999663226306
3633,109.02494400000337,1,1,1,0.01462499494664371
3634,109.05494400000337,1,1,1,0.01462499494664371
3635,109.08494400000338,1,1,1,0.014665994967799634
3636,109.11494400000338,1,1,1,0.0145840022014454
3637,109.14494400000338,1,1,1,0.015500001609325409
3638,109.17494400000338,1,1,1,0.015666002582293004
3639,109.20494400000338,1,1,1,0.014917000953573734
3640,109.23494400000338,1,1,1,0.01587499718880281
3641,109.26494400000338,1,1,1,0.01612499909242615
3642,109.29494400000338,1,1,1,0.015249999705702066
3643,109.32494400000338,1,1,1,0.015541998436674476
3644,109.35494400000339,1,1,1,0.015500001609325409
3645,109.38494400000339,1,1,1,0.015249999705702066
3646,109.41494400000339,1,1,1,0.015375000657513738
3647,109.44494400000339,1,1,1,0.015375000657513738
3648,109.47494400000339,1,1,1,0.014792000001762062
3649,109.50494400000339,1,1,1,0.015583995264023542
3650,109.53494400000339,1,1,1,0.016041005437728018
3651,109.5649440000034,1,1,1,0.015457997506018728
3652,109.5949440000034,0,0,1,0.002624998160172254
3653,109.6249440000034,1,1,1,0.016167003195732832
3654,109.6549440000034,1,1,1,0.01562500256113708
3655,109.6849440000034,1,1,1,0.015040997823234648
3656,109.7149440000034,1,1,1,0.015165998775046319
3657,109.7449440000034,1,1,1,0.014165998436510563
3658,109.7749440000034,1,1,1,0.013874996511731297
3659,109.8049440000034,0,0,1,0.0022500025806948543
3660,109.8349440000034,1,1,1,0.01416700251866132
3661,109.8649440000034,0,0,1,0.0021669984562322497
3662,109.8949440000034,1,1,1,0.014375000318977982
3663,109.9249440000034,1,0,1,0.016165999113582075
3664,109.95494400000341,1,0,1,0.016167003195732832
3665,109.98494400000341,0,0,1,0.0023339962353929877
3666,110.01494400000341,0,0,1,0.0020830048015341163
3667,110.04494400000341,0,0,0,0.015207995602395386
3668,110.07494400000341,0,0,0,0.0010829971870407462
3669,110.10494400000341,0,0,0,0.0008749993867240846
3670,110.13494400000341,0,0,0,0.0008330025593750179
3671,110.16494400000342,1,0,1,0.009082999895326793
3672,110.19494400000342,0,0,1,0.0022500025806948543
3673,110.22494400000342,1,0,1,0.010167001164518297
3674,110.25494400000342,1,0,1,0.01629199687158689
3675,110.28494400000342,1,0,1,0.015541001630481333
3676,110.31494400000342,1,1,1,0.016250000044237822
3677,110.34494400000342,1,1,1,0.015249999705702066
3678,110.37494400000342,1,1,1,0.015416997484862804
3679,110.40494400000343,1,1,1,0.015249999705702066
3680,110.43494400000343,1,1,1,0.015334000636357814
3681,110.46494400000343,1,1,1,0.015915997209958732
3682,110.49494400000343,1,1,1,0.016625002899672836
3683,110.52494400000343,1,1,1,0.0155829984578304
3684,110.55494400000343,1,1,1,0.014957993698772043
3685,110.58494400000343,1,1,1,0.016834004782140255
3686,110.61494400000343,1,1,1,0.016375000996049494
3687,110.64494400000343,1,1,1,0.01587499718880281
3688,110.67494400000344,1,1,1,0.015958998119458556
3689,110.70494400000344,1,1,1,0.015458994312211871
3690,110.73494400000344,1,1,1,0.016083002265077084
3691,110.76494400000344,1,1,1,0.01591700129210949
3692,110.79494400000344,1,1,1,0.014333003491628915
3693,110.82494400000344,1,1,1,0.015042001905385405
3694,110.85494400000344,1,1,1,0.01575000351294875
3695,110.88494400000344,1,1,1,0.015500001609325409
3696,110.91494400000344,1,1,1,0.015332996554207057
3697,110.94494400000345,1,1,1,0.015042001905385405
3698,110.97494400000345,1,1,1,0.015124998753890395
3699,111.00494400000345,1,1,1,0.015541001630481333
3700,111.03494400000345,1,1,1,0.01570799940964207
3701,111.06494400000345,1,1,1,0.015416997484862804
3702,111.09494400000345,1,1,1,0.014708006347063929
3703,111.12494400000345,1,1,1,0.015208999684546143
3704,111.15494400000345,1,1,1,0.014958000974729657
3705,111.18494400000345,1,1,1,0.014750003174412996
3706,111.21494400000346,1,1,1,0.0158340044436045
3707,111.24494400000346,1,1,1,0.015207995602395386
3708,111.27494400000346,1,1,1,0.015167002857197076
3709,111.30494400000346,1,1,1,0.02858399966498837
3710,111.33494400000346,1,1,1,0.016709003830328584
3711,111.36494400000346,1,1,1,0.015833000361453742
3712,111.39494400000346,1,1,1,0.014915996871422976
3713,111.42494400000346,1,1,1,0.014999997802078724
3714,111.45494400000347,1,1,1,0.015166006051003933
3715,111.48494400000347,1,1,1,0.015083001926541328
3716,111.51494400000347,1,1,1,0.015082994650583714
3717,111.54494400000347,1,1,1,0.015292003809008747
3718,111.57494400000347,1,1,1,0.015666999388486147
3719,111.60494400000347,1,1,1,0.01383299968438223
3720,111.63494400000347,1,1,1,0.014458004443440586
3721,111.66494400000347,1,1,1,0.015249999705702066
3722,111.69494400000347,0,0,1,0.0028330032364465296
3723,111.72494400000348,0,0,1,0.0025420013116672635
3724,111.75494400000348,0,0,0,0.002749999111983925
3725,111.78494400000348,1,0,1,0.00841599830891937
3726,111.81494400000348,1,0,1,0.009874995157588273
3727,111.84494400000348,1,1,1,0.01570799940964207
3728,111.87494400000348,1,1,1,0.016208003216888756
3729,111.90494400000348,0,0,1,0.0024999972083605826
3730,111.93494400000348,1,1,1,0.015459001588169485
3731,111.96494400000348,1,1,1,0.015292003809008747
3732,111.99494400000349,1,1,1,0.01504199462942779
3733,112.02494400000349,1,1,1,0.014999997802078724
3734,112.05494400000349,1,1,1,0.015416000678669661
3735,112.08494400000349,1,1,1,0.01612499909242615
3736,112.11494400000349,1,1,1,0.015916004485916346
3737,112.14494400000349,1,1,1,0.015207995602395386
3738,112.17494400000349,1,1,1,0.015541998436674476
3739,112.2049440000035,1,1,1,0.015332996554207057
3740,112.2349440000035,1,1,1,0.014834004105068743
3741,112.2649440000035,1,1,1,0.015167002857197076
3742,112.2949440000035,1,1,1,0.014959005056880414
3743,112.3249440000035,1,1,1,0.014875004126224667
3744,112.3549440000035,1,1,1,0.015124998753890395
3745,112.3849440000035,1,1,1,0.016500001947861165
3746,112.4149440000035,1,1,1,0.014875004126224667
3747,112.4449440000035,1,1,1,0.015333003830164671
3748,112.4749440000035,1,1,1,0.016083002265077084
3749,112.5049440000035,1,1,1,0.014958000974729657
3750,112.5349440000035,1,1,1,0.027707996196113527
3751,112.5649440000035,1,1,1,0.016165999113582075
3752,112.59494400000351,1,1,1,0.015167002857197076
3753,112.62494400000351,0,0,1,0.002749999111983925
3754,112.65494400000351,0,0,1,0.002291002601850778
3755,112.68494400000351,0,0,0,0.002583001332823187
3756,112.698865,0,0,0,0.0010000003385357559
