window_id,start_sec,end_sec,event_count,original_candidates,filtered_candidates,original_accepted,filtered_accepted,detection_ms,enabled,min_area_px,raw_support_enabled,raw_support_min_pixels,raw_components_before,raw_components_removed,raw_unique_pixels_before,raw_unique_pixels_removed,raw_events_before,raw_events_removed
0,0.006676,0.036676,2408,1,1,0,0,141.53579199773958,False,0,True,3,406,395,1366,406,2408,418
1,0.036676,0.066676,1962,1,1,0,0,136.4510000057635,False,0,True,3,443,428,1242,441,1962,453
2,0.066676,0.096676,2226,3,3,0,0,135.99891700141598,False,0,True,3,447,432,1403,450,2226,466
3,0.096676,0.126676,1535,2,2,0,0,135.05387500481447,False,0,True,3,460,451,1078,466,1535,477
4,0.126676,0.156676,1591,1,1,1,1,132.4413749971427,False,0,True,3,429,415,1049,425,1591,435
5,0.156676,0.186676,1618,2,2,1,1,133.8884170036181,False,0,True,3,451,437,1011,459,1618,481
6,0.186676,0.216676,1037,1,1,1,1,133.88387500162935,False,0,True,3,418,399,741,419,1037,435
7,0.216676,0.246676,1310,2,2,2,2,134.5608749979874,False,0,True,3,441,427,783,444,1310,474
8,0.246676,0.27667600000000003,1606,2,2,2,2,146.92458299396094,False,0,True,3,430,417,835,425,1606,434
9,0.27667600000000003,0.30667600000000006,1571,2,2,2,2,163.18245800357545,False,0,True,3,380,371,788,379,1571,406
10,0.30667600000000006,0.3366760000000001,1584,2,2,2,2,134.29983399691992,False,0,True,3,367,362,764,374,1584,383
11,0.3366760000000001,0.3666760000000001,1707,2,2,2,2,139.6963750012219,False,0,True,3,399,393,805,401,1707,415
12,0.3666760000000001,0.39667600000000014,1761,2,2,2,2,137.4984170033713,False,0,True,3,380,372,811,385,1761,392
13,0.39667600000000014,0.42667600000000017,1711,2,2,2,2,135.24066699756077,False,0,True,3,422,412,805,422,1711,424
14,0.42667600000000017,0.4566760000000002,1616,2,2,2,2,137.551291998534,False,0,True,3,394,381,730,391,1616,394
15,0.4566760000000002,0.4866760000000002,1656,3,3,2,2,136.58741600374924,False,0,True,3,429,413,735,421,1656,427
16,0.4866760000000002,0.5166760000000002,1607,3,3,2,2,140.31441700353753,False,0,True,3,412,398,778,405,1607,413
17,0.5166760000000002,0.5466760000000003,1624,4,3,2,2,136.5743329952238,False,0,True,3,408,392,770,400,1624,424
18,0.5466760000000003,0.5766760000000003,1533,3,3,2,2,143.16300000064075,False,0,True,3,436,423,727,440,1533,461
19,0.5766760000000003,0.6066760000000003,1398,3,3,3,3,136.122832998808,False,0,True,3,396,378,671,394,1398,401
20,0.6066760000000003,0.6366760000000004,1523,4,4,3,3,140.97587500145892,False,0,True,3,431,419,704,436,1523,447
21,0.6366760000000004,0.6666760000000004,1536,3,3,3,3,141.60233300208347,False,0,True,3,346,334,653,348,1536,352
22,0.6666760000000004,0.6966760000000004,1725,3,3,2,2,146.5176249985234,False,0,True,3,385,374,673,386,1725,392
23,0.6966760000000004,0.7266760000000004,1752,4,4,4,4,135.2884579973761,False,0,True,3,450,435,788,448,1752,455
24,0.7266760000000004,0.7566760000000005,1628,4,4,3,3,139.04112499585608,False,0,True,3,384,369,724,376,1628,383
25,0.7566760000000005,0.7866760000000005,1828,3,3,2,2,134.26116699702106,False,0,True,3,448,436,805,448,1828,457
26,0.7866760000000005,0.8166760000000005,2007,3,3,2,2,141.43883300130256,False,0,True,3,481,470,833,481,2007,488
27,0.8166760000000005,0.8466760000000005,1973,3,3,3,3,135.12258300033864,False,0,True,3,456,446,815,460,1973,465
28,0.8466760000000005,0.8766760000000006,1989,3,3,3,3,135.9575410024263,False,0,True,3,408,399,758,409,1989,419
29,0.8766760000000006,0.9066760000000006,1959,2,2,2,2,135.2984579934855,False,0,True,3,418,412,762,429,1959,451
30,0.9066760000000006,0.9366760000000006,1885,3,3,3,3,136.30204200308071,False,0,True,3,435,426,750,440,1885,459
31,0.9366760000000006,0.9666760000000006,1770,2,2,2,2,134.1457500020624,False,0,True,3,444,436,764,448,1770,461
32,0.9666760000000006,0.9966760000000007,1777,2,2,2,2,137.22466599574545,False,0,True,3,445,437,739,445,1777,454
33,0.9966760000000007,1.0266760000000006,1648,2,2,1,1,135.7189579939586,False,0,True,3,414,408,698,417,1648,421
34,1.0266760000000006,1.0566760000000006,1540,2,2,2,2,134.10779200057732,False,0,True,3,466,458,697,466,1540,474
35,1.0566760000000006,1.0866760000000006,1415,2,2,2,2,134.01475000136998,False,0,True,3,380,372,622,380,1415,388
36,1.0866760000000006,1.1166760000000007,1567,2,2,2,2,139.12079200235894,False,0,True,3,457,450,707,459,1567,467
37,1.1166760000000007,1.1466760000000007,1433,1,1,1,1,136.07600000250386,False,0,True,3,400,389,645,402,1433,410
38,1.1466760000000007,1.1766760000000007,1423,2,2,1,1,134.14000000193482,False,0,True,3,413,404,641,411,1423,421
39,1.1766760000000007,1.2066760000000007,1530,3,2,1,1,134.67620900337351,False,0,True,3,420,411,666,425,1530,450
40,1.2066760000000007,1.2366760000000008,1510,2,2,0,0,137.90991700079758,False,0,True,3,427,418,671,429,1510,442
41,1.2366760000000008,1.2666760000000008,1458,2,2,0,0,138.7220830001752,False,0,True,3,424,418,643,433,1458,445
42,1.2666760000000008,1.2966760000000008,1389,4,3,2,2,134.65770799666643,False,0,True,3,414,407,632,417,1389,450
43,1.2966760000000008,1.3266760000000009,1358,2,2,1,1,134.46012499480275,False,0,True,3,399,389,621,401,1358,416
44,1.3266760000000009,1.3566760000000009,1308,2,2,1,1,134.92920900171157,False,0,True,3,403,396,639,407,1308,409
45,1.3566760000000009,1.386676000000001,1410,1,1,1,1,133.83579200308304,False,0,True,3,423,414,667,424,1410,441
46,1.386676000000001,1.416676000000001,1392,1,1,1,1,134.01854199764784,False,0,True,3,390,383,625,394,1392,410
47,1.416676000000001,1.446676000000001,1387,1,1,1,1,134.8855830001412,False,0,True,3,387,382,626,388,1387,398
48,1.446676000000001,1.476676000000001,1473,2,2,1,1,138.06691599893384,False,0,True,3,389,379,629,385,1473,391
49,1.476676000000001,1.506676000000001,1478,2,2,1,1,136.62462499632966,False,0,True,3,388,380,653,389,1478,402
50,1.506676000000001,1.536676000000001,1587,1,1,1,1,133.84387500263983,False,0,True,3,449,438,698,447,1587,456
51,1.536676000000001,1.566676000000001,1479,1,1,1,1,133.22966600389918,False,0,True,3,420,413,648,423,1479,425
52,1.566676000000001,1.596676000000001,1435,1,1,1,1,139.5260830031475,False,0,True,3,401,392,621,403,1435,408
53,1.596676000000001,1.6266760000000011,1399,1,1,1,1,134.24962499993853,False,0,True,3,438,431,668,440,1399,445
54,1.6266760000000011,1.6566760000000011,1492,1,1,1,1,138.4283340012189,False,0,True,3,425,416,679,425,1492,434
55,1.6566760000000011,1.6866760000000012,1618,1,1,1,1,137.47608399717137,False,0,True,3,448,442,708,449,1618,459
56,1.6866760000000012,1.7166760000000012,1718,1,1,1,1,136.00766699528322,False,0,True,3,394,385,674,392,1718,399
57,1.7166760000000012,1.7466760000000012,1859,1,1,1,1,133.49487500090618,False,0,True,3,412,403,698,416,1859,431
58,1.7466760000000012,1.7766760000000013,1914,2,2,1,1,136.17887500004144,False,0,True,3,435,426,710,434,1914,437
59,1.7766760000000013,1.8066760000000013,1949,2,2,1,1,137.98912500351435,False,0,True,3,455,442,741,455,1949,469
60,1.8066760000000013,1.8366760000000013,1818,2,2,2,2,138.24045899673365,False,0,True,3,395,387,675,397,1818,401
61,1.8366760000000013,1.8666760000000013,1840,2,2,2,2,135.46458299970254,False,0,True,3,405,396,703,408,1840,418
62,1.8666760000000013,1.8966760000000014,1828,2,2,2,2,140.03500000399072,False,0,True,3,431,423,719,434,1828,440
63,1.8966760000000014,1.9266760000000014,1859,2,2,2,2,136.51650000247173,False,0,True,3,434,426,713,435,1859,437
64,1.9266760000000014,1.9566760000000014,1770,2,2,2,2,138.1103749954491,False,0,True,3,397,388,662,393,1770,402
65,1.9566760000000014,1.9866760000000014,1670,2,2,2,2,139.40462499886053,False,0,True,3,426,418,689,426,1670,439
66,1.9866760000000014,2.0166760000000012,1645,1,1,1,1,134.72616699436912,False,0,True,3,448,443,699,449,1645,471
67,2.0166760000000012,2.046676000000001,1499,1,1,1,1,143.53333399776602,False,0,True,3,431,420,692,429,1499,451
68,2.046676000000001,2.076676000000001,1475,2,2,1,1,143.56804200360784,False,0,True,3,474,464,767,475,1475,485
69,2.076676000000001,2.1066760000000007,1306,2,2,2,2,134.96741600101814,False,0,True,3,466,455,715,464,1306,481
70,2.1066760000000007,2.1366760000000005,1151,2,2,2,2,134.58833299955586,False,0,True,3,430,420,674,430,1151,438
71,2.1366760000000005,2.1666760000000003,1122,2,2,2,2,137.26791700173635,False,0,True,3,455,444,682,454,1122,480
72,2.1666760000000003,2.196676,1045,2,2,2,2,132.91408400255023,False,0,True,3,447,440,666,448,1045,459
73,2.196676,2.226676,1112,3,3,2,2,134.83545800409047,False,0,True,3,454,441,662,453,1112,462
74,2.226676,2.2566759999999997,1115,3,3,2,2,137.4341250048019,False,0,True,3,487,478,690,497,1115,512
75,2.2566759999999997,2.2866759999999995,1005,3,3,3,3,136.10883300134446,False,0,True,3,459,446,660,457,1005,463
76,2.2866759999999995,2.3166759999999993,894,2,2,2,2,136.17299999896204,False,0,True,3,446,434,640,442,894,455
77,2.3166759999999993,2.346675999999999,907,2,2,2,2,140.62424999428913,False,0,True,3,469,456,666,469,907,491
78,2.346675999999999,2.376675999999999,933,3,3,2,2,139.04687499598367,False,0,True,3,414,399,640,409,933,441
79,2.376675999999999,2.4066759999999987,996,4,4,2,2,138.1912500000908,False,0,True,3,452,437,663,454,996,467
80,2.4066759999999987,2.4366759999999985,939,2,2,2,2,137.8170419993694,False,0,True,3,428,417,632,425,939,433
81,2.4366759999999985,2.4666759999999983,943,2,2,2,2,142.90437499585096,False,0,True,3,425,411,644,417,943,430
82,2.4666759999999983,2.496675999999998,1020,2,2,1,1,138.63962500181515,False,0,True,3,453,443,697,450,1020,467
83,2.496675999999998,2.526675999999998,1029,3,2,2,2,137.54129099834245,False,0,True,3,415,402,648,414,1029,447
84,2.526675999999998,2.5566759999999977,1087,2,2,2,2,135.7571660046233,False,0,True,3,437,424,689,438,1087,459
85,2.5566759999999977,2.5866759999999975,1115,2,2,2,2,137.33079200028442,False,0,True,3,438,429,703,442,1115,447
86,2.5866759999999975,2.6166759999999973,1045,2,2,2,2,138.25783299398609,False,0,True,3,393,389,629,395,1045,399
87,2.6166759999999973,2.646675999999997,1144,2,2,2,2,135.3533330038772,False,0,True,3,401,396,650,404,1144,413
88,2.646675999999997,2.676675999999997,1164,2,2,2,2,134.8954999994021,False,0,True,3,401,398,659,408,1164,412
89,2.676675999999997,2.7066759999999968,1192,2,2,2,2,135.71166600013385,False,0,True,3,380,374,656,380,1192,383
90,2.7066759999999968,2.7366759999999966,1238,3,3,2,2,137.04349999898113,False,0,True,3,393,387,675,395,1238,405
91,2.7366759999999966,2.7666759999999964,1124,2,2,2,2,134.58808299765224,False,0,True,3,434,430,693,441,1124,447
92,2.7666759999999964,2.796675999999996,1120,1,1,1,1,139.4194999957108,False,0,True,3,429,422,686,431,1120,438
93,2.796675999999996,2.826675999999996,1078,2,2,2,2,145.49491700017825,False,0,True,3,386,380,653,384,1078,394
94,2.826675999999996,2.8566759999999958,1141,1,1,1,1,135.8587080030702,False,0,True,3,394,388,669,398,1141,408
95,2.8566759999999958,2.8866759999999956,1155,2,2,2,2,138.284125001519,False,0,True,3,385,379,665,391,1155,400
96,2.8866759999999956,2.9166759999999954,1248,2,2,2,2,136.59716600523097,False,0,True,3,401,396,674,403,1248,413
97,2.9166759999999954,2.946675999999995,1250,2,2,1,1,135.69133399869315,False,0,True,3,423,418,703,427,1250,436
98,2.946675999999995,2.976675999999995,1280,2,2,2,2,133.90208299824735,False,0,True,3,418,412,698,426,1280,459
99,2.976675999999995,3.006675999999995,1237,2,2,2,2,135.9078750028857,False,0,True,3,394,389,659,403,1237,418
100,3.006675999999995,3.0366759999999946,1331,2,2,2,2,137.6229159941431,False,0,True,3,420,415,686,422,1331,431
101,3.0366759999999946,3.0666759999999944,1289,1,1,1,1,133.88241600478068,False,0,True,3,400,395,657,401,1289,408
102,3.0666759999999944,3.096675999999994,1306,1,1,1,1,139.18820900289575,False,0,True,3,411,406,670,409,1306,417
103,3.096675999999994,3.126675999999994,1296,1,1,1,1,136.91720900533255,False,0,True,3,388,383,644,392,1296,404
104,3.126675999999994,3.156675999999994,1268,1,1,1,1,136.2713749986142,False,0,True,3,352,345,630,349,1268,355
105,3.156675999999994,3.1866759999999936,1174,2,2,2,2,136.6027500043856,False,0,True,3,425,417,721,420,1174,424
106,3.1866759999999936,3.2166759999999934,1082,2,2,2,2,143.34841699746903,False,0,True,3,364,356,633,365,1082,370
107,3.2166759999999934,3.2466759999999932,1145,2,2,2,2,137.7900419975049,False,0,True,3,436,428,708,432,1145,437
108,3.2466759999999932,3.276675999999993,1198,2,2,2,2,142.28266699501546,False,0,True,3,387,381,676,387,1198,395
109,3.276675999999993,3.306675999999993,1162,2,2,2,2,140.73783400090178,False,0,True,3,362,356,647,365,1162,370
110,3.306675999999993,3.3366759999999926,1109,2,2,2,2,193.1831250039977,False,0,True,3,378,374,646,381,1109,393
111,3.3366759999999926,3.3666759999999925,1070,2,2,2,2,136.77670800097985,False,0,True,3,398,391,670,399,1070,414
112,3.3666759999999925,3.3966759999999923,1101,2,2,2,2,136.65304199821549,False,0,True,3,406,401,702,413,1101,420
113,3.3966759999999923,3.426675999999992,1113,2,2,2,2,140.6941250024829,False,0,True,3,439,434,702,445,1113,453
114,3.426675999999992,3.456675999999992,1019,2,2,2,2,134.2264169943519,False,0,True,3,391,383,653,392,1019,404
115,3.456675999999992,3.4866759999999917,1053,2,2,2,2,138.34195899835322,False,0,True,3,457,451,751,457,1053,465
116,3.4866759999999917,3.5166759999999915,1053,2,2,2,2,134.86433299840428,False,0,True,3,453,445,732,448,1053,465
117,3.5166759999999915,3.5466759999999913,987,2,2,2,2,134.40754199837102,False,0,True,3,418,412,677,420,987,427
118,3.5466759999999913,3.576675999999991,952,2,2,2,2,135.24666699959198,False,0,True,3,414,405,681,414,952,418
119,3.576675999999991,3.606675999999991,959,2,2,2,2,137.41666699934285,False,0,True,3,445,439,731,447,959,459
120,3.606675999999991,3.6366759999999907,976,2,2,2,2,140.51033400028246,False,0,True,3,437,429,707,436,976,446
121,3.6366759999999907,3.6666759999999905,934,2,2,2,2,136.12595800077543,False,0,True,3,429,420,710,429,934,437
122,3.6666759999999905,3.6966759999999903,1079,2,2,2,2,134.9142499966547,False,0,True,3,466,456,790,466,1079,478
123,3.6966759999999903,3.72667599999999,996,2,2,2,2,134.21204099722672,False,0,True,3,414,401,733,409,996,434
124,3.72667599999999,3.75667599999999,855,2,2,2,2,143.11183399695437,False,0,True,3,423,418,649,424,855,433
125,3.75667599999999,3.7866759999999897,971,3,2,2,2,135.84662500215927,False,0,True,3,448,440,772,450,971,470
126,3.7866759999999897,3.8166759999999895,1090,3,2,2,2,133.59249999484746,False,0,True,3,420,409,902,420,1090,441
127,3.8166759999999895,3.8466759999999893,968,2,2,2,2,134.69862499914598,False,0,True,3,446,426,809,437,968,460
128,3.8466759999999893,3.876675999999989,1346,1,1,1,1,132.5307920051273,False,0,True,3,463,435,1192,451,1346,474
129,3.876675999999989,3.906675999999989,839,2,2,2,2,135.2906659958535,False,0,True,3,450,441,654,455,839,472
130,3.906675999999989,3.9366759999999887,776,2,2,2,2,130.08916599937947,False,0,True,3,397,388,593,398,776,410
131,3.9366759999999887,3.9666759999999885,841,2,2,2,2,137.06291699782014,False,0,True,3,392,382,591,387,841,409
132,3.9666759999999885,3.9966759999999883,970,2,2,2,2,137.81983399530873,False,0,True,3,439,432,624,440,970,467
133,3.9966759999999883,4.026675999999989,884,2,2,2,2,135.33279200055404,False,0,True,3,414,402,600,409,884,425
134,4.026675999999989,4.056675999999989,802,1,1,1,1,135.1865420001559,False,0,True,3,402,395,575,402,802,411
135,4.056675999999989,4.086675999999989,825,2,2,2,2,134.8521250038175,False,0,True,3,431,423,614,440,825,451
136,4.086675999999989,4.116675999999989,818,2,2,2,2,135.33383400499588,False,0,True,3,437,425,606,433,818,441
137,4.116675999999989,4.14667599999999,762,2,2,2,2,136.56779099983396,False,0,True,3,405,397,565,404,762,419
138,4.14667599999999,4.17667599999999,763,2,3,2,2,134.83495900436537,False,0,True,3,395,383,569,390,763,403
139,4.17667599999999,4.20667599999999,845,3,2,2,1,135.18083399685565,False,0,True,3,432,423,600,440,845,473
140,4.20667599999999,4.23667599999999,795,2,2,1,1,134.89858300454216,False,0,True,3,406,400,572,406,795,414
141,4.23667599999999,4.266675999999991,798,2,2,2,2,140.88754199474351,False,0,True,3,385,376,573,384,798,402
142,4.266675999999991,4.296675999999991,823,2,2,2,2,133.18016700213775,False,0,True,3,410,400,601,408,823,419
143,4.296675999999991,4.326675999999991,834,2,2,1,2,136.05629200174008,False,0,True,3,379,371,572,376,834,387
144,4.326675999999991,4.356675999999991,779,2,2,2,2,134.61979199928464,False,0,True,3,397,383,591,391,779,397
145,4.356675999999991,4.386675999999992,767,2,2,2,2,140.55908299633302,False,0,True,3,372,364,571,376,767,383
146,4.386675999999992,4.416675999999992,769,2,2,2,2,139.25420899613528,False,0,True,3,433,423,614,429,769,466
147,4.416675999999992,4.446675999999992,680,2,2,2,2,138.72891700157197,False,0,True,3,409,397,572,407,680,422
148,4.446675999999992,4.476675999999992,815,2,2,2,2,134.39812500291737,False,0,True,3,419,408,620,412,815,426
149,4.476675999999992,4.506675999999993,807,2,2,2,2,134.84195800265297,False,0,True,3,421,412,639,418,807,433
150,4.506675999999993,4.536675999999993,873,2,2,2,2,137.69783300085692,False,0,True,3,397,389,609,397,873,408
151,4.536675999999993,4.566675999999993,819,2,2,2,2,136.26887500140583,False,0,True,3,400,388,636,399,819,403
152,4.566675999999993,4.596675999999993,883,4,4,2,2,136.01666699833004,False,0,True,3,403,389,702,399,883,407
153,4.596675999999993,4.626675999999994,932,3,3,2,2,136.25545900140423,False,0,True,3,435,428,732,441,932,446
154,4.626675999999994,4.656675999999994,926,3,3,3,3,136.22412500262726,False,0,True,3,437,426,735,432,926,440
155,4.656675999999994,4.686675999999994,960,2,2,1,1,133.30433299415745,False,0,True,3,464,455,768,469,960,485
156,4.686675999999994,4.716675999999994,1055,2,2,1,1,134.59541700285627,False,0,True,3,451,445,757,453,1055,467
157,4.716675999999994,4.746675999999995,1038,2,2,2,2,138.85441700404044,False,0,True,3,434,425,745,435,1038,442
158,4.746675999999995,4.776675999999995,1050,2,2,2,2,132.98266700439854,False,0,True,3,442,431,749,441,1050,451
159,4.776675999999995,4.806675999999995,1061,2,2,2,2,137.10283300315496,False,0,True,3,433,426,715,436,1061,443
160,4.806675999999995,4.836675999999995,1069,2,2,2,2,133.82275000185473,False,0,True,3,434,426,736,437,1069,462
161,4.836675999999995,4.866675999999996,1001,2,2,2,2,138.5142920044018,False,0,True,3,448,438,725,450,1001,470
162,4.866675999999996,4.896675999999996,1061,2,2,2,2,139.6062499989057,False,0,True,3,452,441,740,449,1061,462
163,4.896675999999996,4.926675999999996,1138,2,2,2,2,136.11137500265613,False,0,True,3,486,471,822,480,1138,488
164,4.926675999999996,4.956675999999996,1259,3,3,2,2,144.1583330015419,False,0,True,3,480,468,854,487,1259,502
165,4.956675999999996,4.9866759999999966,1488,2,2,2,2,138.39587499387562,False,0,True,3,487,475,943,487,1488,499
166,4.9866759999999966,5.016675999999997,1209,2,2,2,2,135.11441699665738,False,0,True,3,470,454,845,466,1209,471
167,5.016675999999997,5.046675999999997,1249,2,2,2,2,134.80108399380697,False,0,True,3,459,446,848,463,1249,470
168,5.046675999999997,5.076675999999997,1315,2,2,2,2,140.8953330028453,False,0,True,3,495,482,900,499,1315,520
169,5.076675999999997,5.1066759999999976,1172,2,2,2,2,133.5947500047041,False,0,True,3,454,433,843,441,1172,450
170,5.1066759999999976,5.136675999999998,1111,2,2,2,2,139.69620900024893,False,0,True,3,421,402,781,409,1111,422
171,5.136675999999998,5.166675999999998,1153,3,2,2,2,135.49620900448645,False,0,True,3,446,435,797,449,1153,478
172,5.166675999999998,5.196675999999998,1094,2,2,2,2,135.15420899784658,False,0,True,3,461,449,809,461,1094,470
173,5.196675999999998,5.2266759999999985,1083,2,2,2,2,137.60008299868787,False,0,True,3,466,461,791,477,1083,493
174,5.2266759999999985,5.256675999999999,1044,1,1,1,1,134.43412500055274,False,0,True,3,472,463,793,477,1044,481
175,5.256675999999999,5.286675999999999,1101,2,2,2,2,137.8855829971144,False,0,True,3,457,440,804,452,1101,465
176,5.286675999999999,5.316675999999999,1069,2,2,2,2,137.18224999320228,False,0,True,3,466,458,798,469,1069,483
177,5.316675999999999,5.3466759999999995,954,2,2,2,2,136.23195800028043,False,0,True,3,414,406,727,418,954,430
178,5.3466759999999995,5.376676,951,2,2,2,2,134.8324999999022,False,0,True,3,429,421,715,433,951,450
179,5.376676,5.406676,1007,3,3,2,2,137.36841700301738,False,0,True,3,424,412,775,425,1007,439
180,5.406676,5.436676,1130,2,2,1,1,135.8804580013384,False,0,True,3,435,426,798,438,1130,453
181,5.436676,5.4666760000000005,1116,2,2,2,2,136.13166700088186,False,0,True,3,456,440,837,455,1116,477
182,5.4666760000000005,5.496676000000001,1143,2,2,2,2,135.80408299458213,False,0,True,3,468,454,858,466,1143,474
183,5.496676000000001,5.526676000000001,1187,2,2,2,2,136.46379200508818,False,0,True,3,432,417,851,430,1187,439
184,5.526676000000001,5.556676000000001,1220,3,3,2,2,137.49300000199582,False,0,True,3,446,431,885,447,1220,456
185,5.556676000000001,5.5866760000000015,1274,3,3,2,2,135.43954199849395,False,0,True,3,477,462,904,473,1274,488
186,5.5866760000000015,5.616676000000002,1268,2,2,1,1,135.86133300123038,False,0,True,3,505,486,973,505,1268,510
187,5.616676000000002,5.646676000000002,1249,4,4,2,2,143.1476660000044,False,0,True,3,460,436,905,451,1249,459
188,5.646676000000002,5.676676000000002,1250,3,3,2,2,139.60179200512357,False,0,True,3,481,453,913,472,1250,480
189,5.676676000000002,5.7066760000000025,1203,2,2,2,2,136.37470899993787,False,0,True,3,497,473,883,498,1203,509
190,5.7066760000000025,5.736676000000003,1209,2,2,2,2,136.43325000157347,False,0,True,3,473,459,846,483,1209,496
191,5.736676000000003,5.766676000000003,1237,3,3,2,2,136.1659160029376,False,0,True,3,484,462,872,482,1237,490
192,5.766676000000003,5.796676000000003,1273,2,2,2,2,133.6535830050707,False,0,True,3,464,447,860,465,1273,474
193,5.796676000000003,5.8266760000000035,1245,1,1,1,1,133.40208300360246,False,0,True,3,478,462,867,480,1245,494
194,5.8266760000000035,5.856676000000004,1140,1,1,1,1,136.11591700464487,False,0,True,3,467,455,805,467,1140,482
195,5.856676000000004,5.886676000000004,936,1,1,1,1,134.32812500104774,False,0,True,3,475,453,755,463,936,472
196,5.886676000000004,5.916676000000004,1055,1,1,1,1,138.83520899980795,False,0,True,3,521,508,825,524,1055,535
197,5.916676000000004,5.9466760000000045,934,2,2,1,1,137.98033400235,False,0,True,3,457,439,765,456,934,468
198,5.9466760000000045,5.976676000000005,988,2,2,1,1,137.29979200434173,False,0,True,3,469,456,777,471,988,478
199,5.976676000000005,6.006676000000005,928,2,2,2,2,135.5886669989559,False,0,True,3,435,421,719,432,928,437
200,6.006676000000005,6.036676000000005,1081,2,2,1,1,138.96962499711663,False,0,True,3,452,442,790,449,1081,454
201,6.036676000000005,6.0666760000000055,1109,2,2,1,1,135.09258400154067,False,0,True,3,460,446,795,462,1109,473
202,6.0666760000000055,6.096676000000006,1237,3,3,2,2,134.50854199618334,False,0,True,3,479,472,847,486,1237,499
203,6.096676000000006,6.126676000000006,1299,2,2,2,2,134.25945800554473,False,0,True,3,464,453,850,470,1299,478
204,6.126676000000006,6.156676000000006,1335,2,2,2,2,136.96862499637064,False,0,True,3,513,494,897,505,1335,515
205,6.156676000000006,6.1866760000000065,1220,2,2,2,2,134.6566670035827,False,0,True,3,440,425,795,443,1220,451
206,6.1866760000000065,6.216676000000007,1232,2,2,2,2,138.1368750007823,False,0,True,3,474,460,791,473,1232,480
207,6.216676000000007,6.246676000000007,1309,4,4,2,2,140.01295799971558,False,0,True,3,430,413,709,427,1309,437
208,6.246676000000007,6.276676000000007,1597,2,2,1,1,139.4856670012814,False,0,True,3,465,451,722,469,1597,482
209,6.276676000000007,6.3066760000000075,1760,3,3,1,1,136.57141699513886,False,0,True,3,501,488,834,508,1760,517
210,6.3066760000000075,6.336676000000008,1746,3,3,3,3,134.53295899671502,False,0,True,3,447,436,885,456,1746,465
211,6.336676000000008,6.366676000000008,3096,3,3,3,3,135.63199999771314,False,0,True,3,442,431,1363,448,3096,465
212,6.366676000000008,6.396676000000008,3640,3,3,3,3,137.07920799788553,False,0,True,3,513,501,1619,521,3640,534
213,6.396676000000008,6.4266760000000085,3611,3,3,3,3,137.64837499911664,False,0,True,3,505,493,1749,509,3611,519
214,6.4266760000000085,6.456676000000009,3681,3,3,3,3,139.75166699674446,False,0,True,3,513,499,1743,520,3681,527
215,6.456676000000009,6.486676000000009,2690,3,3,3,3,134.8622079967754,False,0,True,3,527,512,1156,534,2690,556
216,6.486676000000009,6.516676000000009,2969,2,2,2,2,135.9282080011326,False,0,True,3,476,456,1166,472,2969,482
217,6.516676000000009,6.5466760000000095,3409,3,3,3,3,135.50383399706334,False,0,True,3,487,470,1215,486,3409,498
218,6.5466760000000095,6.57667600000001,3226,3,3,3,3,143.3753750025062,False,0,True,3,483,473,1234,483,3226,493
219,6.57667600000001,6.60667600000001,3155,3,3,3,3,136.2052090044017,False,0,True,3,519,507,1331,534,3155,541
220,6.60667600000001,6.63667600000001,2873,3,3,3,3,136.8914999984554,False,0,True,3,481,470,1210,495,2873,505
221,6.63667600000001,6.6666760000000105,3088,3,3,3,3,138.29149999946821,False,0,True,3,476,463,1207,473,3088,482
222,6.6666760000000105,6.696676000000011,2706,3,3,3,3,142.5645830022404,False,0,True,3,525,515,1234,538,2706,545
223,6.696676000000011,6.726676000000011,2629,3,3,3,3,136.3422919966979,False,0,True,3,476,466,1173,482,2629,499
224,6.726676000000011,6.756676000000011,2448,3,3,3,3,142.85362500231713,False,0,True,3,469,461,1176,478,2448,485
225,6.756676000000011,6.7866760000000115,2351,3,3,3,3,137.45516700146254,False,0,True,3,454,444,1125,466,2351,477
226,6.7866760000000115,6.816676000000012,2441,3,3,3,3,136.15849999769125,False,0,True,3,457,451,1110,463,2441,471
227,6.816676000000012,6.846676000000012,2763,3,3,3,3,137.55379199574236,False,0,True,3,488,481,1153,504,2763,513
228,6.846676000000012,6.876676000000012,2521,3,3,3,3,145.3004159993725,False,0,True,3,469,463,1156,476,2521,482
229,6.876676000000012,6.9066760000000125,2555,3,3,3,3,138.53162500163307,False,0,True,3,518,508,1172,523,2555,531
230,6.9066760000000125,6.936676000000013,2526,3,3,3,3,141.27758300310234,False,0,True,3,481,473,1116,486,2526,495
231,6.936676000000013,6.966676000000013,2374,3,3,3,3,142.33524999872316,False,0,True,3,425,417,1069,435,2374,449
232,6.966676000000013,6.996676000000013,2571,3,3,3,3,138.06729100178927,False,0,True,3,500,489,1127,505,2571,522
233,6.996676000000013,7.0266760000000135,2563,3,3,3,3,138.5999999984051,False,0,True,3,527,515,1174,529,2563,540
234,7.0266760000000135,7.056676000000014,2382,3,3,3,3,142.42899999953806,False,0,True,3,447,434,1109,456,2382,463
235,7.056676000000014,7.086676000000014,2766,3,3,3,3,143.68799999647308,False,0,True,3,488,478,1176,488,2766,496
236,7.086676000000014,7.116676000000014,3119,2,2,2,2,141.54724999389146,False,0,True,3,514,506,1267,522,3119,533
237,7.116676000000014,7.1466760000000145,2805,2,2,2,2,136.909666005522,False,0,True,3,440,436,1201,450,2805,453
238,7.1466760000000145,7.176676000000015,2445,3,3,3,3,142.88637499703327,False,0,True,3,497,491,1217,504,2445,509
239,7.176676000000015,7.206676000000015,2367,3,3,3,3,141.50858300126856,False,0,True,3,472,467,1185,475,2367,483
240,7.206676000000015,7.236676000000015,2402,3,3,3,3,139.24775000486989,False,0,True,3,493,483,1231,496,2402,506
241,7.236676000000015,7.2666760000000155,2473,3,3,3,3,137.1022079983959,False,0,True,3,527,520,1251,545,2473,565
242,7.2666760000000155,7.296676000000016,2412,3,3,3,3,137.07583399809664,False,0,True,3,553,542,1268,559,2412,567
243,7.296676000000016,7.326676000000016,2153,3,3,3,3,137.62329099699855,False,0,True,3,510,500,1157,512,2153,524
244,7.326676000000016,7.356676000000016,2096,4,4,3,3,141.46025000081863,False,0,True,3,509,504,1154,518,2096,527
245,7.356676000000016,7.3866760000000165,1888,4,4,3,3,138.56500000110827,False,0,True,3,539,534,1150,547,1888,560
246,7.3866760000000165,7.416676000000017,1911,2,2,2,2,138.62379099737154,False,0,True,3,482,473,1095,488,1911,495
247,7.416676000000017,7.446676000000017,1888,2,2,2,2,136.92329100013012,False,0,True,3,513,507,1089,523,1888,531
248,7.446676000000017,7.476676000000017,1846,2,2,2,2,138.93787500273902,False,0,True,3,511,501,1077,515,1846,520
249,7.476676000000017,7.5066760000000174,1736,3,3,2,2,276.3021669961745,False,0,True,3,537,528,1083,537,1736,544
250,7.5066760000000174,7.536676000000018,1693,2,2,1,1,145.19079100136878,False,0,True,3,503,495,1038,504,1693,514
251,7.536676000000018,7.566676000000018,1688,2,2,1,1,138.64237500092713,False,0,True,3,512,498,1016,506,1688,517
252,7.566676000000018,7.596676000000018,1739,2,2,1,1,146.63079200545326,False,0,True,3,545,528,1029,548,1739,556
253,7.596676000000018,7.626676000000018,1607,2,2,2,1,157.00733399717137,False,0,True,3,504,489,989,505,1607,543
254,7.626676000000018,7.656676000000019,1436,2,2,2,2,151.82108400040306,False,0,True,3,512,498,948,511,1436,522
255,7.656676000000019,7.686676000000019,1433,2,2,2,2,139.87504199758405,False,0,True,3,487,478,883,494,1433,510
256,7.686676000000019,7.716676000000019,1481,2,2,2,2,142.19908299855888,False,0,True,3,500,485,909,496,1481,505
257,7.716676000000019,7.746676000000019,1356,1,1,1,1,144.0805829988676,False,0,True,3,491,478,859,492,1356,502
258,7.746676000000019,7.77667600000002,1389,2,2,2,2,145.18212500115624,False,0,True,3,523,512,906,528,1389,546
259,7.77667600000002,7.80667600000002,1263,2,2,2,2,145.81112500309246,False,0,True,3,488,479,828,491,1263,506
260,7.80667600000002,7.83667600000002,1254,2,2,2,2,141.4945840006112,False,0,True,3,450,441,826,449,1254,461
261,7.83667600000002,7.86667600000002,1102,3,3,2,2,142.4772500031395,False,0,True,3,440,433,772,448,1102,457
262,7.86667600000002,7.896676000000021,1117,2,2,2,2,144.90762499917764,False,0,True,3,430,419,758,428,1117,442
263,7.896676000000021,7.926676000000021,1053,2,2,2,2,144.4692910008598,False,0,True,3,409,402,727,411,1053,417
264,7.926676000000021,7.956676000000021,1044,2,2,2,2,212.051500006055,False,0,True,3,464,458,768,469,1044,483
265,7.956676000000021,7.986676000000021,1104,2,2,2,2,141.90908300224692,False,0,True,3,467,455,819,467,1104,474
266,7.986676000000021,8.016676000000022,1216,2,2,2,2,142.45733300049324,False,0,True,3,486,475,864,492,1216,497
267,8.016676000000022,8.046676000000021,1467,2,2,2,2,143.4921249965555,False,0,True,3,483,473,885,487,1467,497
268,8.046676000000021,8.07667600000002,1628,2,2,2,2,140.53175000299234,False,0,True,3,470,465,866,477,1628,483
269,8.07667600000002,8.10667600000002,1673,3,3,2,2,143.1449999945471,False,0,True,3,461,453,866,461,1673,476
270,8.10667600000002,8.13667600000002,1641,3,3,2,2,143.33862499915995,False,0,True,3,480,473,910,490,1641,498
271,8.13667600000002,8.166676000000018,1411,2,2,2,2,140.51874999859137,False,0,True,3,433,429,826,435,1411,441
272,8.166676000000018,8.196676000000018,1397,3,3,2,2,143.7098340029479,False,0,True,3,473,465,837,478,1397,482
273,8.196676000000018,8.226676000000017,1399,4,3,2,2,152.46920799836516,False,0,True,3,475,467,853,481,1399,507
274,8.226676000000017,8.256676000000017,1353,2,2,2,2,142.33650000096532,False,0,True,3,454,449,805,458,1353,470
275,8.256676000000017,8.286676000000016,1429,2,2,2,2,140.10362500266638,False,0,True,3,471,462,850,473,1429,484
276,8.286676000000016,8.316676000000015,1389,3,3,2,2,136.8848749989411,False,0,True,3,460,452,814,466,1389,483
277,8.316676000000015,8.346676000000015,1475,4,4,3,3,142.19595800386742,False,0,True,3,451,447,833,457,1475,472
278,8.346676000000015,8.376676000000014,1758,3,3,2,2,147.93679199647158,False,0,True,3,460,453,875,460,1758,469
279,8.376676000000014,8.406676000000013,1965,3,3,3,3,148.88158300163923,False,0,True,3,474,467,895,476,1965,483
280,8.406676000000013,8.436676000000013,2025,3,3,3,3,143.73566699941875,False,0,True,3,467,463,870,471,2025,482
281,8.436676000000013,8.466676000000012,2032,3,3,3,3,144.94366599683417,False,0,True,3,446,440,867,453,2032,461
282,8.466676000000012,8.496676000000011,2004,2,2,2,2,140.50387499446515,False,0,True,3,448,442,858,450,2004,459
283,8.496676000000011,8.52667600000001,1911,4,4,3,3,140.80737499898532,False,0,True,3,409,406,830,419,1911,428
284,8.52667600000001,8.55667600000001,1748,3,3,3,3,140.5340410055942,False,0,True,3,440,436,784,443,1748,446
285,8.55667600000001,8.58667600000001,1621,1,1,1,1,136.73954200203298,False,0,True,3,431,425,749,435,1621,446
286,8.58667600000001,8.616676000000009,1510,1,1,1,1,140.66258299862966,False,0,True,3,429,423,734,430,1510,450
287,8.616676000000009,8.646676000000008,1466,1,1,1,1,137.84670799941523,False,0,True,3,404,399,704,405,1466,434
288,8.646676000000008,8.676676000000008,1387,2,2,1,1,138.88129199767718,False,0,True,3,430,424,719,440,1387,468
289,8.676676000000008,8.706676000000007,1286,1,1,1,1,138.92333299736492,False,0,True,3,453,448,740,457,1286,465
290,8.706676000000007,8.736676000000006,1265,1,1,1,1,135.32154200220248,False,0,True,3,420,415,718,424,1265,435
291,8.736676000000006,8.766676000000006,1207,2,2,1,1,139.84495800104924,False,0,True,3,449,445,736,451,1207,457
292,8.766676000000006,8.796676000000005,1183,1,1,1,1,136.80070800182875,False,0,True,3,463,460,738,474,1183,482
293,8.796676000000005,8.826676000000004,1136,1,1,1,1,134.8100830000476,False,0,True,3,420,417,694,431,1136,444
294,8.826676000000004,8.856676000000004,1094,1,1,1,1,138.54345800064038,False,0,True,3,418,411,686,422,1094,435
295,8.856676000000004,8.886676000000003,1094,1,1,1,1,136.92033300321782,False,0,True,3,437,434,682,440,1094,452
296,8.886676000000003,8.916676000000002,1207,2,2,1,1,140.90241699886974,False,0,True,3,448,444,708,453,1207,484
297,8.916676000000002,8.946676000000002,1154,2,2,1,1,139.47012500284472,False,0,True,3,450,442,712,453,1154,465
298,8.946676000000002,8.976676000000001,1102,2,2,2,2,136.39008299651323,False,0,True,3,391,383,662,391,1102,411
299,8.976676000000001,9.006676,1094,2,2,2,2,143.873374996474,False,0,True,3,427,414,698,428,1094,436
300,9.006676,9.036676,1014,2,2,2,2,137.27662499877624,False,0,True,3,391,384,642,400,1014,401
301,9.036676,9.066676,1062,2,2,2,2,138.98899999912828,False,0,True,3,425,417,689,436,1062,446
302,9.066676,9.096675999999999,1111,2,2,2,2,140.15383399964776,False,0,True,3,423,419,670,429,1111,433
303,9.096675999999999,9.126675999999998,1139,2,2,2,2,139.5090000005439,False,0,True,3,440,431,705,447,1139,456
304,9.126675999999998,9.156675999999997,1231,2,2,2,2,142.65712500491645,False,0,True,3,411,400,693,418,1231,422
305,9.156675999999997,9.186675999999997,1257,2,2,2,2,141.54033300292213,False,0,True,3,425,417,700,427,1257,445
306,9.186675999999997,9.216675999999996,1156,2,2,2,2,142.16495899745496,False,0,True,3,423,414,687,428,1156,439
307,9.216675999999996,9.246675999999995,1130,2,2,2,2,144.54708300036145,False,0,True,3,444,434,690,440,1130,449
308,9.246675999999995,9.276675999999995,1061,1,1,1,1,137.58020899695111,False,0,True,3,414,408,635,417,1061,421
309,9.276675999999995,9.306675999999994,1116,1,1,1,1,136.9142080002348,False,0,True,3,446,439,680,454,1116,463
310,9.306675999999994,9.336675999999994,1186,1,1,1,1,142.8481249968172,False,0,True,3,421,411,694,420,1186,435
311,9.336675999999994,9.366675999999993,1229,2,2,1,1,139.92295900243334,False,0,True,3,429,420,716,429,1229,445
312,9.366675999999993,9.396675999999992,1221,2,2,1,1,139.74858300207416,False,0,True,3,426,418,716,435,1221,442
313,9.396675999999992,9.426675999999992,1224,2,2,2,2,136.05104199814377,False,0,True,3,441,432,715,441,1224,450
314,9.426675999999992,9.456675999999991,1248,2,2,2,2,141.5980839956319,False,0,True,3,463,456,738,466,1248,476
315,9.456675999999991,9.48667599999999,1264,2,2,2,2,137.96245800040197,False,0,True,3,433,426,715,438,1264,445
316,9.48667599999999,9.51667599999999,1236,1,1,1,1,141.6489589973935,False,0,True,3,434,425,710,432,1236,437
317,9.51667599999999,9.546675999999989,1332,1,1,1,1,143.01474999956554,False,0,True,3,450,441,752,455,1332,465
318,9.546675999999989,9.576675999999988,1329,2,2,2,2,140.3070829983335,False,0,True,3,462,457,754,466,1329,476
319,9.576675999999988,9.606675999999988,1361,2,2,2,2,136.93208299810067,False,0,True,3,498,490,801,505,1361,516
320,9.606675999999988,9.636675999999987,1455,2,2,2,2,141.5549169978476,False,0,True,3,506,495,827,512,1455,527
321,9.636675999999987,9.666675999999987,1363,1,1,1,1,140.73825000377838,False,0,True,3,484,477,806,490,1363,504
322,9.666675999999987,9.696675999999986,1296,1,1,1,1,140.323958999943,False,0,True,3,487,479,788,487,1296,494
323,9.696675999999986,9.726675999999985,1211,1,1,1,1,149.82645800046157,False,0,True,3,453,443,762,455,1211,461
324,9.726675999999985,9.756675999999985,1196,1,1,1,1,137.31533399550244,False,0,True,3,446,438,747,453,1196,465
325,9.756675999999985,9.786675999999984,1141,1,1,1,1,135.5208750028396,False,0,True,3,425,414,725,422,1141,431
326,9.786675999999984,9.816675999999983,1062,1,1,1,1,136.9862080027815,False,0,True,3,410,401,697,413,1062,423
327,9.816675999999983,9.846675999999983,1082,1,1,1,1,136.8599580018781,False,0,True,3,455,444,754,460,1082,478
328,9.846675999999983,9.876675999999982,1024,1,1,1,1,140.36291600496043,False,0,True,3,492,482,757,500,1024,518
329,9.876675999999982,9.906675999999981,996,2,2,1,1,138.3744159975322,False,0,True,3,509,499,773,518,996,531
330,9.906675999999981,9.93667599999998,907,1,1,1,1,139.0927499960526,False,0,True,3,479,472,722,490,907,510
331,9.93667599999998,9.96667599999998,868,0,0,0,0,141.86462499492336,False,0,True,3,512,508,735,531,868,541
332,9.96667599999998,9.99667599999998,819,1,1,1,1,137.6379579960485,False,0,True,3,488,482,691,498,819,522
333,9.99667599999998,10.026675999999979,771,1,1,1,1,137.6009579980746,False,0,True,3,510,499,696,514,771,523
334,10.026675999999979,10.056675999999978,715,1,1,1,1,143.53683299850672,False,0,True,3,457,446,647,469,715,477
335,10.056675999999978,10.086675999999978,751,1,1,1,1,134.3230419952306,False,0,True,3,481,472,668,488,751,497
336,10.086675999999978,10.116675999999977,766,1,1,1,1,140.84704099514056,False,0,True,3,473,464,651,488,766,494
337,10.116675999999977,10.146675999999976,792,1,1,1,1,139.36137499695178,False,0,True,3,449,440,654,459,792,465
338,10.146675999999976,10.176675999999976,869,2,2,1,1,139.61691700387746,False,0,True,3,499,492,697,506,869,519
339,10.176675999999976,10.206675999999975,893,1,1,1,1,140.06104200234404,False,0,True,3,473,465,696,487,893,495
340,10.206675999999975,10.236675999999974,951,1,1,1,1,136.2497500012978,False,0,True,3,511,504,730,519,951,528
341,10.236675999999974,10.266675999999974,980,1,1,1,1,135.64437499735504,False,0,True,3,496,490,728,509,980,519
342,10.266675999999974,10.296675999999973,946,1,1,1,1,133.74016700254288,False,0,True,3,436,424,673,436,946,441
343,10.296675999999973,10.326675999999972,1031,1,1,1,1,140.5793329977314,False,0,True,3,483,477,726,486,1031,495
344,10.326675999999972,10.356675999999972,1034,1,1,1,1,136.75658399733948,False,0,True,3,471,461,720,472,1034,479
345,10.356675999999972,10.386675999999971,998,2,2,1,1,135.07866700092563,False,0,True,3,442,436,690,448,998,454
346,10.386675999999971,10.41667599999997,1123,1,1,1,1,141.62745799694676,False,0,True,3,516,508,769,520,1123,529
347,10.41667599999997,10.44667599999997,1181,1,1,1,1,139.93395899888128,False,0,True,3,518,506,807,524,1181,531
348,10.44667599999997,10.47667599999997,1103,1,1,1,1,140.29833300446626,False,0,True,3,502,492,762,504,1103,509
349,10.47667599999997,10.506675999999969,1048,2,2,1,1,138.2873330003349,False,0,True,3,495,490,738,506,1048,512
350,10.506675999999969,10.536675999999968,1011,1,1,1,1,136.42129200161435,False,0,True,3,454,444,683,452,1011,460
351,10.536675999999968,10.566675999999967,1019,1,1,1,1,179.83462499978486,False,0,True,3,495,490,716,498,1019,509
352,10.566675999999967,10.596675999999967,933,2,2,1,1,139.0590409937431,False,0,True,3,449,442,668,454,933,462
353,10.596675999999967,10.626675999999966,1016,2,2,2,2,139.30299999628915,False,0,True,3,523,516,752,529,1016,539
354,10.626675999999966,10.656675999999965,929,1,1,1,1,139.81962500110967,False,0,True,3,466,459,689,468,929,479
355,10.656675999999965,10.686675999999965,913,1,1,1,1,136.71050000266405,False,0,True,3,439,432,676,445,913,448
356,10.686675999999965,10.716675999999964,928,1,1,1,1,140.09362499928102,False,0,True,3,471,464,701,475,928,493
357,10.716675999999964,10.746675999999963,970,2,2,1,1,140.51800000015646,False,0,True,3,465,457,691,465,970,475
358,10.746675999999963,10.776675999999963,975,2,2,1,1,135.19891599571565,False,0,True,3,422,412,660,424,975,432
359,10.776675999999963,10.806675999999962,951,2,2,2,2,139.95191699359566,False,0,True,3,414,409,657,414,951,429
360,10.806675999999962,10.836675999999962,992,1,1,1,1,139.01866700325627,False,0,True,3,429,421,670,433,992,454
361,10.836675999999962,10.866675999999961,983,1,1,1,1,135.56249999965075,False,0,True,3,434,428,665,434,983,455
362,10.866675999999961,10.89667599999996,915,1,1,1,1,135.79029199900106,False,0,True,3,388,385,588,392,915,399
363,10.89667599999996,10.92667599999996,990,1,1,1,1,141.83570799650624,False,0,True,3,438,433,652,437,990,442
364,10.92667599999996,10.956675999999959,1008,1,1,1,1,139.58020899735857,False,0,True,3,428,420,658,423,1008,429
365,10.956675999999959,10.986675999999958,981,1,1,1,1,140.66429100057576,False,0,True,3,371,368,593,377,981,386
366,10.986675999999958,11.016675999999958,1073,1,1,1,1,142.85779200145043,False,0,True,3,436,430,677,445,1073,452
367,11.016675999999958,11.046675999999957,1106,1,1,1,1,137.64929099852452,False,0,True,3,427,421,682,430,1106,443
368,11.046675999999957,11.076675999999956,1216,1,1,1,1,138.06045800447464,False,0,True,3,462,456,736,465,1216,481
369,11.076675999999956,11.106675999999956,1249,1,1,1,1,135.01320899376879,False,0,True,3,465,456,760,465,1249,478
370,11.106675999999956,11.136675999999955,1306,2,2,1,1,139.04720899881795,False,0,True,3,449,446,779,457,1306,470
371,11.136675999999955,11.166675999999955,1349,3,3,1,1,139.22366699989652,False,0,True,3,416,410,758,422,1349,427
372,11.166675999999955,11.196675999999954,1441,1,1,1,1,139.68912500422448,False,0,True,3,457,452,820,465,1441,481
373,11.196675999999954,11.226675999999953,1532,2,2,1,1,137.1409169951221,False,0,True,3,470,464,844,473,1532,485
374,11.226675999999953,11.256675999999953,1479,1,1,1,1,139.11874999757856,False,0,True,3,453,448,841,458,1479,462
375,11.256675999999953,11.286675999999952,1572,3,3,1,1,137.95966700126883,False,0,True,3,448,440,859,450,1572,455
376,11.286675999999952,11.316675999999951,1787,2,2,1,1,138.54975000140257,False,0,True,3,467,456,960,469,1787,481
377,11.316675999999951,11.34667599999995,1728,1,1,1,1,139.2193749998114,False,0,True,3,430,424,902,436,1728,448
378,11.34667599999995,11.37667599999995,1760,1,1,1,1,136.7305000021588,False,0,True,3,427,420,898,428,1760,445
379,11.37667599999995,11.40667599999995,1537,1,1,1,1,144.4066250041942,False,0,True,3,432,425,782,430,1537,441
380,11.40667599999995,11.436675999999949,1552,1,1,1,1,135.13254200370284,False,0,True,3,406,399,766,408,1552,416
381,11.436675999999949,11.466675999999948,1564,1,1,1,1,143.95129100012127,False,0,True,3,385,380,734,387,1564,397
382,11.466675999999948,11.496675999999947,1653,1,1,1,1,134.65583400102332,False,0,True,3,419,414,793,426,1653,431
383,11.496675999999947,11.526675999999947,1679,1,1,1,1,141.34929200372426,False,0,True,3,423,419,782,429,1679,437
384,11.526675999999947,11.556675999999946,1738,1,1,1,1,139.20841700019082,False,0,True,3,413,407,783,417,1738,431
385,11.556675999999946,11.586675999999946,1852,2,2,1,1,138.11499999428634,False,0,True,3,461,456,823,462,1852,471
386,11.586675999999946,11.616675999999945,2060,2,2,1,1,139.35645800665952,False,0,True,3,486,481,884,500,2060,510
387,11.616675999999945,11.646675999999944,2148,2,2,1,1,140.04483300232096,False,0,True,3,465,459,880,476,2148,480
388,11.646675999999944,11.676675999999944,2022,2,2,2,2,139.99879200127907,False,0,True,3,463,457,877,466,2022,489
389,11.676675999999944,11.706675999999943,2023,2,2,2,2,164.4565840033465,False,0,True,3,505,500,929,515,2023,546
390,11.706675999999943,11.736675999999942,1896,2,2,2,2,158.46883400081424,False,0,True,3,529,522,961,541,1896,576
391,11.736675999999942,11.766675999999942,2349,2,2,2,2,144.68370800022967,False,0,True,3,548,543,984,559,2349,596
392,11.766675999999942,11.796675999999941,2394,2,2,2,2,148.4891250001965,False,0,True,3,517,510,1000,519,2394,546
393,11.796675999999941,11.82667599999994,2397,3,2,2,2,144.4511249937932,False,0,True,3,437,432,926,445,2397,476
394,11.82667599999994,11.85667599999994,2076,2,2,2,2,140.12916699721245,False,0,True,3,478,471,965,483,2076,502
395,11.85667599999994,11.88667599999994,1744,2,2,2,2,138.8087919985992,False,0,True,3,453,444,919,458,1744,469
396,11.88667599999994,11.916675999999939,1673,2,2,2,2,142.91862500249408,False,0,True,3,452,448,887,460,1673,477
397,11.916675999999939,11.946675999999938,1753,2,2,2,2,137.06641699536704,False,0,True,3,485,476,933,486,1753,507
398,11.946675999999938,11.976675999999937,1528,2,2,2,2,139.22283300053095,False,0,True,3,451,446,851,462,1528,476
399,11.976675999999937,12.006675999999937,1507,3,3,2,2,139.45316600438673,False,0,True,3,465,460,833,468,1507,480
400,12.006675999999937,12.036675999999936,1412,2,2,2,2,141.8849580004462,False,0,True,3,466,461,837,478,1412,486
401,12.036675999999936,12.066675999999935,1401,2,2,2,2,138.6283750034636,False,0,True,3,457,454,788,464,1401,482
402,12.066675999999935,12.096675999999935,1381,2,2,2,2,142.5143750020652,False,0,True,3,430,425,783,436,1381,450
403,12.096675999999935,12.126675999999934,1278,2,2,2,2,140.7706669997424,False,0,True,3,468,464,815,475,1278,488
404,12.126675999999934,12.156675999999933,1339,2,2,2,2,138.82379199640127,False,0,True,3,458,453,805,466,1339,481
405,12.156675999999933,12.186675999999933,1196,2,2,2,2,140.5188749995432,False,0,True,3,482,476,821,485,1196,489
406,12.186675999999933,12.216675999999932,1068,2,2,2,2,142.47820900345687,False,0,True,3,431,423,747,429,1068,437
407,12.216675999999932,12.246675999999932,1138,2,2,2,2,135.20024999888847,False,0,True,3,439,433,756,440,1138,454
408,12.246675999999932,12.27667599999993,1109,2,2,2,2,134.8670840015984,False,0,True,3,449,445,740,456,1109,465
409,12.27667599999993,12.30667599999993,1014,2,2,2,2,139.5347919969936,False,0,True,3,439,436,733,444,1014,449
410,12.30667599999993,12.33667599999993,1044,2,2,2,2,142.3040419977042,False,0,True,3,493,488,761,501,1044,507
411,12.33667599999993,12.366675999999929,1012,2,2,2,2,136.3082499956363,False,0,True,3,436,430,705,440,1012,453
412,12.366675999999929,12.396675999999928,983,3,2,2,2,139.95241700467886,False,0,True,3,451,447,722,452,983,470
413,12.396675999999928,12.426675999999928,962,2,2,2,2,142.04920899646822,False,0,True,3,435,430,700,439,962,445
414,12.426675999999928,12.456675999999927,930,1,1,1,1,136.26529199973447,False,0,True,3,440,436,704,443,930,456
415,12.456675999999927,12.486675999999926,853,1,1,1,1,136.1934590022429,False,0,True,3,392,387,646,394,853,400
416,12.486675999999926,12.516675999999926,991,2,2,2,2,138.576290999481,False,0,True,3,418,414,704,423,991,427
417,12.516675999999926,12.546675999999925,1197,2,2,2,2,138.06312499946216,False,0,True,3,435,432,735,437,1197,445
418,12.546675999999925,12.576675999999924,959,2,2,2,2,134.28625000233296,False,0,True,3,445,440,729,451,959,460
419,12.576675999999924,12.606675999999924,980,3,3,2,2,140.65166700311238,False,0,True,3,417,414,697,422,980,438
420,12.606675999999924,12.636675999999923,1009,3,3,2,2,138.19325000076788,False,0,True,3,427,423,717,433,1009,450
421,12.636675999999923,12.666675999999923,952,3,3,2,2,138.76579199859407,False,0,True,3,421,417,714,428,952,452
422,12.666675999999923,12.696675999999922,1048,3,3,3,3,138.65691600221908,False,0,True,3,406,402,704,405,1048,413
423,12.696675999999922,12.726675999999921,1263,3,3,3,3,140.89512499776902,False,0,True,3,394,391,723,400,1263,413
424,12.726675999999921,12.75667599999992,1460,2,2,2,2,138.2872079993831,False,0,True,3,433,427,805,436,1460,456
425,12.75667599999992,12.78667599999992,1447,2,2,2,2,146.12737500283401,False,0,True,3,412,409,793,414,1447,434
426,12.78667599999992,12.81667599999992,1322,2,2,2,2,140.57375000265893,False,0,True,3,428,425,819,429,1322,440
427,12.81667599999992,12.846675999999919,1333,3,3,2,2,137.48591700277757,False,0,True,3,405,403,782,408,1333,421
428,12.846675999999919,12.876675999999918,1475,2,2,1,1,134.6760419983184,False,0,True,3,415,411,809,418,1475,444
429,12.876675999999918,12.906675999999917,1669,2,2,1,1,139.24124999903142,False,0,True,3,438,434,849,444,1669,479
430,12.906675999999917,12.936675999999917,1861,2,2,2,2,135.64008299726993,False,0,True,3,439,437,844,445,1861,462
431,12.936675999999917,12.966675999999916,1916,2,2,2,2,138.9312079991214,False,0,True,3,484,481,939,491,1916,514
432,12.966675999999916,12.996675999999916,1822,2,2,2,2,141.595667002548,False,0,True,3,466,463,947,472,1822,482
433,12.996675999999916,13.026675999999915,1790,2,2,2,2,141.7875830011326,False,0,True,3,434,428,933,440,1790,462
434,13.026675999999915,13.056675999999914,2000,2,2,2,2,135.1544159988407,False,0,True,3,426,420,934,430,2000,435
435,13.056675999999914,13.086675999999914,2054,2,2,2,2,140.55116700183135,False,0,True,3,448,441,955,450,2054,461
436,13.086675999999914,13.116675999999913,2056,2,2,2,2,142.73962500010384,False,0,True,3,438,433,934,445,2056,458
437,13.116675999999913,13.146675999999912,1948,2,2,2,2,145.29812499677064,False,0,True,3,484,476,968,484,1948,493
438,13.146675999999912,13.176675999999912,2043,2,2,2,2,139.41741699818522,False,0,True,3,428,419,906,428,2043,436
439,13.176675999999912,13.206675999999911,1923,2,2,2,2,142.29387500381563,False,0,True,3,456,449,946,460,1923,476
440,13.206675999999911,13.23667599999991,1785,2,2,2,2,134.81933299772209,False,0,True,3,469,461,938,473,1785,495
441,13.23667599999991,13.26667599999991,1725,2,2,2,2,135.6724579964066,False,0,True,3,447,436,921,448,1725,461
442,13.26667599999991,13.29667599999991,1644,2,2,2,2,138.66579200112028,False,0,True,3,455,451,939,461,1644,487
443,13.29667599999991,13.326675999999908,1915,2,2,2,2,135.63224999961676,False,0,True,3,462,456,1005,465,1915,481
444,13.326675999999908,13.356675999999908,1805,3,2,2,2,136.6173330025049,False,0,True,3,413,408,910,416,1805,435
445,13.356675999999908,13.386675999999907,1548,2,2,2,2,139.89500000025146,False,0,True,3,416,409,854,420,1548,442
446,13.386675999999907,13.416675999999907,1323,1,1,1,1,139.10720800049603,False,0,True,3,428,424,828,432,1323,442
447,13.416675999999907,13.446675999999906,1287,2,2,2,2,137.728125002468,False,0,True,3,441,438,857,443,1287,446
448,13.446675999999906,13.476675999999905,1237,1,1,1,1,141.2765830027638,False,0,True,3,433,429,821,436,1237,445
449,13.476675999999905,13.506675999999905,1238,2,2,2,2,139.55312500183936,False,0,True,3,478,472,877,480,1238,492
450,13.506675999999905,13.536675999999904,1091,2,2,2,2,142.9521250029211,False,0,True,3,416,413,784,422,1091,435
451,13.536675999999904,13.566675999999903,1096,2,2,2,2,139.25345800089417,False,0,True,3,381,377,754,383,1096,389
452,13.566675999999903,13.596675999999903,1165,2,2,2,2,143.42458300234284,False,0,True,3,429,424,779,431,1165,437
453,13.596675999999903,13.626675999999902,1205,2,2,2,2,138.4845829961705,False,0,True,3,413,409,798,422,1205,437
454,13.626675999999902,13.656675999999901,1206,2,2,2,2,135.75045900506666,False,0,True,3,452,445,831,454,1206,471
455,13.656675999999901,13.6866759999999,1257,2,2,2,2,141.31629099574639,False,0,True,3,454,449,840,459,1257,472
456,13.6866759999999,13.7166759999999,1155,2,2,2,2,136.7592919996241,False,0,True,3,453,449,828,461,1155,471
457,13.7166759999999,13.7466759999999,1291,3,3,2,2,137.8656669985503,False,0,True,3,484,480,889,494,1291,504
458,13.7466759999999,13.776675999999899,1263,3,3,2,2,141.0733749944484,False,0,True,3,491,487,903,499,1263,510
459,13.776675999999899,13.806675999999898,1157,2,2,1,1,141.798791999463,False,0,True,3,464,460,821,471,1157,478
460,13.806675999999898,13.836675999999898,1081,3,3,2,2,133.60150000517024,False,0,True,3,487,481,830,494,1081,502
461,13.836675999999898,13.866675999999897,1023,2,2,1,1,138.4738330016262,False,0,True,3,474,469,786,478,1023,493
462,13.866675999999897,13.896675999999896,1042,2,2,2,2,139.75775000290014,False,0,True,3,493,486,795,497,1042,503
463,13.896675999999896,13.926675999999896,923,2,2,2,2,137.967042006494,False,0,True,3,442,439,716,452,923,462
464,13.926675999999896,13.956675999999895,943,2,2,2,2,137.8898749971995,False,0,True,3,459,450,744,456,943,466
465,13.956675999999895,13.986675999999894,888,2,2,2,2,139.17258300352842,False,0,True,3,444,440,727,457,888,468
466,13.986675999999894,14.016675999999894,906,2,2,2,2,138.55808299558703,False,0,True,3,457,449,758,456,906,461
467,14.016675999999894,14.046675999999893,914,2,2,2,2,138.0858749980689,False,0,True,3,480,475,764,497,914,500
468,14.046675999999893,14.076675999999892,926,2,2,2,2,142.93900000484427,False,0,True,3,429,414,753,431,926,443
469,14.076675999999892,14.106675999999892,927,1,1,1,1,140.2573749946896,False,0,True,3,454,444,768,457,927,474
470,14.106675999999892,14.136675999999891,992,2,2,1,1,134.9453330039978,False,0,True,3,474,460,795,473,992,487
471,14.136675999999891,14.16667599999989,1007,1,1,1,1,137.3643750048359,False,0,True,3,468,452,786,472,1007,480
472,14.16667599999989,14.19667599999989,1008,1,1,1,1,135.7685839975602,False,0,True,3,430,419,774,429,1008,433
473,14.19667599999989,14.22667599999989,1160,2,1,1,1,135.92725000489736,False,0,True,3,501,488,888,507,1160,526
474,14.22667599999989,14.256675999999889,1138,2,3,1,1,135.19966600142652,False,0,True,3,453,443,847,458,1138,484
475,14.256675999999889,14.286675999999888,1219,1,1,0,0,140.65550000668736,False,0,True,3,475,466,859,479,1219,514
476,14.286675999999888,14.316675999999887,1188,2,3,1,1,135.3547079997952,False,0,True,3,480,468,877,486,1188,517
477,14.316675999999887,14.346675999999887,1188,1,1,1,1,135.95012499717996,False,0,True,3,424,414,836,434,1188,450
478,14.346675999999887,14.376675999999886,1287,3,3,1,1,143.10995900450507,False,0,True,3,493,482,929,506,1287,518
479,14.376675999999886,14.406675999999885,1306,3,3,0,0,141.95666599698598,False,0,True,3,442,433,885,450,1306,459
480,14.406675999999885,14.436675999999885,1355,2,2,0,1,137.90820800204528,False,0,True,3,509,496,951,520,1355,528
481,14.436675999999885,14.466675999999884,1467,1,1,1,1,136.63229200028582,False,0,True,3,508,497,966,513,1467,521
482,14.466675999999884,14.496675999999884,1466,1,1,1,1,137.43925000017043,False,0,True,3,433,421,891,440,1466,462
483,14.496675999999884,14.526675999999883,1532,3,3,1,1,134.8287500004517,False,0,True,3,466,457,901,470,1532,475
484,14.526675999999883,14.556675999999882,1582,2,2,2,2,137.56920799642103,False,0,True,3,503,493,888,515,1582,518
485,14.556675999999882,14.586675999999882,1647,1,1,1,1,137.43679199978942,False,0,True,3,468,458,866,474,1647,487
486,14.586675999999882,14.616675999999881,1684,2,2,2,2,141.40954100003,False,0,True,3,493,485,908,507,1684,512
487,14.616675999999881,14.64667599999988,1741,1,1,1,1,140.00704199861502,False,0,True,3,530,517,943,533,1741,543
488,14.64667599999988,14.67667599999988,1688,2,2,2,2,140.70950000314042,False,0,True,3,488,483,890,496,1688,501
489,14.67667599999988,14.706675999999879,1635,2,2,2,2,137.63037500029895,False,0,True,3,455,445,885,460,1635,466
490,14.706675999999879,14.736675999999878,1697,2,2,2,2,135.29533399560023,False,0,True,3,465,452,914,459,1697,467
491,14.736675999999878,14.766675999999878,1700,2,2,2,2,137.67074999486795,False,0,True,3,496,482,940,501,1700,510
492,14.766675999999878,14.796675999999877,1719,2,2,2,2,138.40579200041248,False,0,True,3,506,490,948,510,1719,517
493,14.796675999999877,14.826675999999877,1524,2,2,2,2,137.23587500135181,False,0,True,3,434,426,798,446,1524,455
494,14.826675999999877,14.856675999999876,1545,2,2,2,2,137.9710420005722,False,0,True,3,438,434,801,447,1545,450
495,14.856675999999876,14.886675999999875,1433,2,2,2,2,143.2120000026771,False,0,True,3,410,403,767,412,1433,415
496,14.886675999999875,14.916675999999875,1430,2,2,2,2,136.25250000040978,False,0,True,3,423,416,762,429,1430,436
497,14.916675999999875,14.946675999999874,1397,1,1,1,1,142.71808399644215,False,0,True,3,433,425,774,438,1397,446
498,14.946675999999874,14.976675999999873,1330,2,2,2,2,139.90491699951235,False,0,True,3,387,379,722,403,1330,412
499,14.976675999999873,15.006675999999873,1192,2,2,2,2,136.33425000443822,False,0,True,3,464,459,770,472,1192,478
500,15.006675999999873,15.036675999999872,1087,2,2,2,2,135.9829590001027,False,0,True,3,431,426,723,434,1087,446
501,15.036675999999872,15.066675999999871,1041,2,2,2,2,139.29233299859334,False,0,True,3,468,460,762,475,1041,486
502,15.066675999999871,15.09667599999987,992,1,1,1,1,139.71762499568285,False,0,True,3,439,431,738,442,992,450
503,15.09667599999987,15.12667599999987,1058,2,1,1,1,134.81683399731992,False,0,True,3,446,439,734,459,1058,491
504,15.12667599999987,15.15667599999987,1614,4,4,2,2,137.96487500076182,False,0,True,3,497,483,1028,497,1614,515
505,15.15667599999987,15.186675999999869,1700,2,2,2,2,140.24004200473428,False,0,True,3,510,503,1037,525,1700,538
506,15.186675999999869,15.216675999999868,1007,2,2,2,2,134.57262500014622,False,0,True,3,486,476,742,492,1007,506
507,15.216675999999868,15.246675999999868,975,2,2,2,2,139.2697919945931,False,0,True,3,517,510,744,524,975,529
508,15.246675999999868,15.276675999999867,902,2,2,2,2,143.02508300170302,False,0,True,3,468,458,712,483,902,499
509,15.276675999999867,15.306675999999866,963,2,2,2,2,138.083915997413,False,0,True,3,478,463,760,480,963,495
510,15.306675999999866,15.336675999999866,1100,2,2,2,2,135.27424999483628,False,0,True,3,456,445,855,458,1100,466
511,15.336675999999866,15.366675999999865,990,2,2,2,2,137.69845799834002,False,0,True,3,448,431,811,447,990,455
512,15.366675999999865,15.396675999999864,1054,2,2,2,2,139.5852499990724,False,0,True,3,476,461,891,475,1054,484
513,15.396675999999864,15.426675999999864,1131,2,2,2,2,134.01395799883176,False,0,True,3,491,483,959,494,1131,501
514,15.426675999999864,15.456675999999863,1045,2,2,2,2,138.24374999967404,False,0,True,3,481,468,869,486,1045,498
515,15.456675999999863,15.486675999999862,947,2,2,2,2,138.41162499738857,False,0,True,3,443,434,791,450,947,460
516,15.486675999999862,15.516675999999862,1041,1,1,1,1,134.37675000022864,False,0,True,3,460,448,845,464,1041,476
517,15.516675999999862,15.546675999999861,1035,3,2,2,2,135.25633300014306,False,0,True,3,482,468,833,486,1035,512
518,15.546675999999861,15.57667599999986,1088,2,2,2,2,140.28425000287825,False,0,True,3,519,508,873,531,1088,553
519,15.57667599999986,15.60667599999986,930,3,2,2,2,137.28570799867157,False,0,True,3,463,454,768,470,930,501
520,15.60667599999986,15.63667599999986,879,1,1,1,1,141.94091600074898,False,0,True,3,507,496,748,512,879,517
521,15.63667599999986,15.666675999999859,850,2,2,2,2,143.05879099993035,False,0,True,3,458,442,715,455,850,461
522,15.666675999999859,15.696675999999858,835,2,2,2,2,137.67395800095983,False,0,True,3,459,448,704,463,835,469
523,15.696675999999858,15.726675999999857,846,2,2,2,2,134.8036659983336,False,0,True,3,539,529,749,551,846,554
524,15.726675999999857,15.756675999999857,706,2,2,2,2,138.1887910029036,False,0,True,3,442,430,612,448,706,461
525,15.756675999999857,15.786675999999856,822,1,1,1,1,137.7585829977761,False,0,True,3,527,519,724,538,822,548
526,15.786675999999856,15.816675999999855,894,2,2,1,1,139.12545800121734,False,0,True,3,552,537,766,557,894,572
527,15.816675999999855,15.846675999999855,744,2,2,2,2,136.20737499877578,False,0,True,3,441,431,625,447,744,458
528,15.846675999999855,15.876675999999854,834,2,2,2,2,138.41637500445358,False,0,True,3,482,472,683,487,834,497
529,15.876675999999854,15.906675999999853,817,2,2,2,2,134.26691699714866,False,0,True,3,506,497,697,514,817,522
530,15.906675999999853,15.936675999999853,751,1,1,1,1,141.48812500206986,False,0,True,3,444,434,634,448,751,467
531,15.936675999999853,15.966675999999852,815,2,2,2,2,136.0540840032627,False,0,True,3,474,467,658,476,815,482
532,15.966675999999852,15.996675999999852,789,2,2,2,2,137.7344579959754,False,0,True,3,508,493,706,514,789,522
533,15.996675999999852,16.026675999999853,725,2,2,2,2,136.7895419971319,False,0,True,3,457,447,651,461,725,461
534,16.026675999999853,16.056675999999854,771,2,2,2,2,139.38824999786448,False,0,True,3,496,478,699,492,771,502
535,16.056675999999854,16.086675999999855,815,1,1,1,1,135.67045899981167,False,0,True,3,519,510,712,526,815,533
536,16.086675999999855,16.116675999999856,869,2,2,2,2,135.012500002631,False,0,True,3,523,515,728,538,869,545
537,16.116675999999856,16.146675999999857,852,2,2,2,2,136.69341700006044,False,0,True,3,497,484,708,500,852,512
538,16.146675999999857,16.17667599999986,804,2,2,2,2,141.60691700089956,False,0,True,3,487,480,689,494,804,516
539,16.17667599999986,16.20667599999986,742,0,0,0,0,135.52462499501416,False,0,True,3,470,458,645,474,742,489
540,16.20667599999986,16.23667599999986,806,1,1,1,1,142.84533399768407,False,0,True,3,493,481,700,497,806,502
541,16.23667599999986,16.266675999999862,825,2,2,2,2,138.74416600447148,False,0,True,3,514,499,707,513,825,525
542,16.266675999999862,16.296675999999863,745,1,1,1,1,134.87075000011828,False,0,True,3,487,476,670,495,745,502
543,16.296675999999863,16.326675999999864,808,1,1,1,1,132.31762500072364,False,0,True,3,491,478,699,489,808,493
544,16.326675999999864,16.356675999999865,801,0,0,0,0,138.93308300612262,False,0,True,3,529,518,722,534,801,538
545,16.356675999999865,16.386675999999866,760,1,1,1,1,139.03320799727226,False,0,True,3,472,458,673,470,760,473
546,16.386675999999866,16.416675999999867,799,1,1,0,0,134.95016600063536,False,0,True,3,520,507,719,524,799,532
547,16.416675999999867,16.44667599999987,767,1,1,1,1,134.86245799867902,False,0,True,3,494,479,689,498,767,527
548,16.44667599999987,16.47667599999987,718,2,2,1,1,137.1309160022065,False,0,True,3,473,461,664,481,718,491
549,16.47667599999987,16.50667599999987,664,2,1,1,1,127.64020800386788,False,0,True,3,440,423,603,448,664,478
550,16.50667599999987,16.536675999999872,680,1,1,0,0,128.75437500042608,False,0,True,3,475,464,609,469,680,481
551,16.536675999999872,16.566675999999873,708,1,1,0,0,128.72562499978812,False,0,True,3,509,503,641,518,708,529
552,16.566675999999873,16.596675999999874,703,0,0,0,0,127.7394579956308,False,0,True,3,528,521,643,541,703,563
553,16.596675999999874,16.626675999999875,654,1,1,0,0,126.44091599941021,False,0,True,3,440,430,586,445,654,452
554,16.626675999999875,16.656675999999877,653,1,1,0,0,129.06758300232468,False,0,True,3,448,440,559,451,653,467
555,16.656675999999877,16.686675999999878,783,2,2,1,1,129.77329199929954,False,0,True,3,480,469,647,481,783,504
556,16.686675999999878,16.71667599999988,788,2,2,1,1,129.7857079989626,False,0,True,3,495,486,684,499,788,516
557,16.71667599999988,16.74667599999988,795,2,2,1,1,129.7527499991702,False,0,True,3,462,453,676,472,795,484
558,16.74667599999988,16.77667599999988,790,0,0,0,0,127.76070899417391,False,0,True,3,475,470,680,491,790,501
559,16.77667599999988,16.806675999999882,861,1,1,1,1,129.96312500035856,False,0,True,3,472,465,703,480,861,486
560,16.806675999999882,16.836675999999883,898,2,1,1,1,127.16770800034283,False,0,True,3,471,464,682,480,898,502
561,16.836675999999883,16.866675999999885,876,2,1,1,1,126.31929200142622,False,0,True,3,465,460,667,473,876,499
562,16.866675999999885,16.896675999999886,833,1,1,1,1,128.81091599410865,False,0,True,3,421,419,630,431,833,451
563,16.896675999999886,16.926675999999887,876,2,1,1,1,128.94229200173868,False,0,True,3,451,445,682,460,876,483
564,16.926675999999887,16.956675999999888,960,1,1,1,1,128.57604199962225,False,0,True,3,515,506,733,519,960,530
565,16.956675999999888,16.98667599999989,1010,1,1,1,1,129.13954100076808,False,0,True,3,490,484,712,497,1010,517
566,16.98667599999989,17.01667599999989,1022,1,1,1,1,130.75783399835927,False,0,True,3,475,467,706,476,1022,489
567,17.01667599999989,17.04667599999989,958,1,1,1,1,126.69787499908125,False,0,True,3,465,457,668,467,958,475
568,17.04667599999989,17.076675999999892,858,1,1,1,1,127.85491700196872,False,0,True,3,459,455,637,469,858,473
569,17.076675999999892,17.106675999999894,941,1,1,1,1,129.0397079937975,False,0,True,3,471,465,678,479,941,496
570,17.106675999999894,17.136675999999895,985,1,1,1,1,129.445416998351,False,0,True,3,470,466,701,477,985,484
571,17.136675999999895,17.166675999999896,961,1,1,1,1,126.74849999893922,False,0,True,3,446,443,671,450,961,463
572,17.166675999999896,17.196675999999897,993,1,1,1,1,127.78937500115717,False,0,True,3,434,431,670,443,993,450
573,17.196675999999897,17.226675999999898,1013,2,2,1,1,131.50849999510683,False,0,True,3,382,377,626,385,1013,398
574,17.226675999999898,17.2566759999999,1049,1,1,1,1,129.14483299391577,False,0,True,3,418,412,670,421,1049,429
575,17.2566759999999,17.2866759999999,955,1,1,1,1,127.04499999381369,False,0,True,3,430,425,664,436,955,449
576,17.2866759999999,17.3166759999999,940,3,2,1,1,129.8605830015731,False,0,True,3,437,431,671,446,940,465
577,17.3166759999999,17.346675999999903,920,1,1,1,1,130.78370899893343,False,0,True,3,465,460,687,471,920,475
578,17.346675999999903,17.376675999999904,941,1,1,1,1,127.9677500060643,False,0,True,3,460,451,700,464,941,469
579,17.376675999999904,17.406675999999905,1034,1,1,1,1,128.65641599637456,False,0,True,3,520,509,765,518,1034,527
580,17.406675999999905,17.436675999999906,1052,1,1,1,1,128.13733400253113,False,0,True,3,465,458,722,470,1052,483
581,17.436675999999906,17.466675999999907,1063,1,1,1,1,127.8143329982413,False,0,True,3,470,460,729,476,1063,491
582,17.466675999999907,17.49667599999991,1111,1,1,1,1,127.46408399834763,False,0,True,3,480,471,732,488,1111,503
583,17.49667599999991,17.52667599999991,1003,2,1,1,1,128.0103329991107,False,0,True,3,398,387,653,401,1003,433
584,17.52667599999991,17.55667599999991,999,1,1,1,1,130.19629200425697,False,0,True,3,397,392,614,399,999,422
585,17.55667599999991,17.586675999999912,998,1,1,1,1,128.86866699409438,False,0,True,3,451,449,674,460,998,477
586,17.586675999999912,17.616675999999913,967,1,1,1,1,128.8239169953158,False,0,True,3,417,413,642,421,967,439
587,17.616675999999913,17.646675999999914,993,1,1,1,1,130.38174999383045,False,0,True,3,414,412,655,421,993,434
588,17.646675999999914,17.676675999999915,1016,2,2,1,1,130.05204100045376,False,0,True,3,429,424,668,434,1016,443
589,17.676675999999915,17.706675999999916,999,2,2,1,1,128.65129199781222,False,0,True,3,435,429,671,437,999,451
590,17.706675999999916,17.736675999999918,929,2,2,1,1,130.21562500216532,False,0,True,3,425,419,669,430,929,438
591,17.736675999999918,17.76667599999992,893,1,1,1,1,129.53425000159768,False,0,True,3,427,422,654,429,893,439
592,17.76667599999992,17.79667599999992,890,2,2,2,2,126.95308300317265,False,0,True,3,442,437,659,443,890,447
593,17.79667599999992,17.82667599999992,827,2,2,1,1,126.96916700224392,False,0,True,3,425,421,633,431,827,442
594,17.82667599999992,17.856675999999922,802,1,1,1,1,129.59266699908767,False,0,True,3,427,424,628,433,802,439
595,17.856675999999922,17.886675999999923,806,2,2,1,1,129.66525000229012,False,0,True,3,442,440,629,446,806,458
596,17.886675999999923,17.916675999999924,805,2,2,1,1,128.01670799672138,False,0,True,3,426,423,614,432,805,438
597,17.916675999999924,17.946675999999925,809,2,2,2,2,129.04354200145463,False,0,True,3,443,437,637,446,809,466
598,17.946675999999925,17.976675999999927,722,1,2,1,2,130.41758399776882,False,0,True,3,371,365,551,371,722,404
599,17.976675999999927,18.006675999999928,722,1,1,1,1,127.0151669959887,False,0,True,3,442,439,612,449,722,463
600,18.006675999999928,18.03667599999993,650,1,1,1,1,127.13412500306731,False,0,True,3,406,399,568,411,650,421
601,18.03667599999993,18.06667599999993,637,1,1,1,1,129.0232079991256,False,0,True,3,407,399,573,412,637,425
602,18.06667599999993,18.09667599999993,623,1,1,1,1,130.09379200229887,False,0,True,3,465,457,589,466,623,476
603,18.09667599999993,18.126675999999932,596,0,0,0,0,124.83845799579285,False,0,True,3,438,428,567,438,596,448
604,18.126675999999932,18.156675999999933,587,0,0,0,0,114.31537500175182,False,0,True,3,476,462,564,471,587,481
605,18.156675999999933,18.186675999999935,516,0,0,0,0,129.64191699575167,False,0,True,3,424,415,500,428,516,436
606,18.186675999999935,18.216675999999936,554,0,0,0,0,113.92912500014063,False,0,True,3,459,451,518,461,554,488
607,18.216675999999936,18.246675999999937,593,0,0,0,0,115.28683300275588,False,0,True,3,472,466,569,473,593,479
608,18.246675999999937,18.276675999999938,595,1,1,0,0,131.34816600359045,False,0,True,3,423,418,554,428,595,432
609,18.276675999999938,18.30667599999994,618,1,1,0,0,129.60920799378073,False,0,True,3,404,399,561,410,618,416
610,18.30667599999994,18.33667599999994,628,1,1,0,0,128.4178330024588,False,0,True,3,384,379,539,383,628,393
611,18.33667599999994,18.36667599999994,725,1,1,1,1,127.11924999894109,False,0,True,3,421,417,599,425,725,433
612,18.36667599999994,18.396675999999943,769,1,1,1,1,129.9016249977285,False,0,True,3,443,438,620,445,769,450
613,18.396675999999943,18.426675999999944,768,1,1,1,1,129.69879199954448,False,0,True,3,396,389,591,393,768,398
614,18.426675999999944,18.456675999999945,727,1,1,1,1,127.22391600254923,False,0,True,3,377,372,558,379,727,386
615,18.456675999999945,18.486675999999946,747,1,1,1,1,129.347208996478,False,0,True,3,406,403,600,418,747,428
616,18.486675999999946,18.516675999999947,761,2,2,1,1,128.1574999957229,False,0,True,3,374,371,566,381,761,390
617,18.516675999999947,18.546675999999948,845,2,2,1,1,131.24316700123018,False,0,True,3,406,398,629,404,845,411
618,18.546675999999948,18.57667599999995,801,1,1,1,1,128.82808400172507,False,0,True,3,400,395,620,410,801,417
619,18.57667599999995,18.60667599999995,844,1,1,1,1,127.53891699685482,False,0,True,3,404,399,624,409,844,421
620,18.60667599999995,18.63667599999995,916,1,1,1,1,128.66474999464117,False,0,True,3,414,406,650,412,916,419
621,18.63667599999995,18.666675999999953,967,1,1,1,1,127.41412500326987,False,0,True,3,421,417,658,426,967,430
622,18.666675999999953,18.696675999999954,949,1,1,1,1,128.7030000021332,False,0,True,3,415,410,649,419,949,431
623,18.696675999999954,18.726675999999955,988,1,1,1,1,130.3574160046992,False,0,True,3,426,421,685,425,988,431
624,18.726675999999955,18.756675999999956,959,1,1,1,1,129.28479100082768,False,0,True,3,409,405,671,413,959,424
625,18.756675999999956,18.786675999999957,1031,1,1,1,1,131.9102909983485,False,0,True,3,391,385,673,393,1031,398
626,18.786675999999957,18.81667599999996,1035,2,2,1,1,136.19870800175704,False,0,True,3,412,405,697,409,1035,422
627,18.81667599999996,18.84667599999996,1023,1,1,1,1,140.36404100625077,False,0,True,3,400,396,674,403,1023,411
628,18.84667599999996,18.87667599999996,1055,2,2,1,1,134.0554999987944,False,0,True,3,421,416,702,421,1055,430
629,18.87667599999996,18.906675999999962,1018,2,2,1,1,130.63179099845001,False,0,True,3,393,388,675,397,1018,405
630,18.906675999999962,18.936675999999963,984,1,1,1,1,125.90212500072084,False,0,True,3,408,402,685,405,984,408
631,18.936675999999963,18.966675999999964,1030,2,2,1,1,125.86579199705739,False,0,True,3,410,403,688,407,1030,414
632,18.966675999999964,18.996675999999965,968,1,1,1,1,123.6657080007717,False,0,True,3,416,409,684,413,968,418
633,18.996675999999965,19.026675999999966,1044,2,2,1,1,124.09450000268407,False,0,True,3,380,375,679,380,1044,393
634,19.026675999999966,19.056675999999968,1167,1,1,1,1,122.76016700343462,False,0,True,3,416,410,725,416,1167,434
635,19.056675999999968,19.08667599999997,1054,1,1,1,1,122.3442080008681,False,0,True,3,410,408,665,415,1054,435
636,19.08667599999997,19.11667599999997,881,1,1,1,1,122.95854100375436,False,0,True,3,388,384,643,393,881,399
637,19.11667599999997,19.14667599999997,855,2,2,1,1,122.6299999980256,False,0,True,3,377,374,629,382,855,397
638,19.14667599999997,19.176675999999972,1020,1,1,1,1,121.25837500207126,False,0,True,3,394,390,670,400,1020,410
639,19.176675999999972,19.206675999999973,1093,1,1,1,1,121.65254200226627,False,0,True,3,415,410,678,418,1093,432
640,19.206675999999973,19.236675999999974,1029,2,2,1,1,123.60720799915725,False,0,True,3,392,386,650,393,1029,400
641,19.236675999999974,19.266675999999975,1093,1,1,1,1,126.37370800075587,False,0,True,3,400,396,674,400,1093,406
642,19.266675999999975,19.296675999999977,1112,1,1,1,1,121.30016700393753,False,0,True,3,425,418,712,429,1112,439
643,19.296675999999977,19.326675999999978,1119,2,2,2,2,129.94854200223926,False,0,True,3,390,384,652,388,1119,403
644,19.326675999999978,19.35667599999998,1154,1,1,1,1,122.74895799782826,False,0,True,3,421,414,685,420,1154,437
645,19.35667599999998,19.38667599999998,1138,2,2,2,2,123.03687499661464,False,0,True,3,387,382,624,389,1138,413
646,19.38667599999998,19.41667599999998,1178,1,1,1,1,123.1101250014035,False,0,True,3,410,403,643,412,1178,424
647,19.41667599999998,19.446675999999982,1120,1,1,1,1,122.13304100441746,False,0,True,3,394,390,626,396,1120,405
648,19.446675999999982,19.476675999999983,1031,1,1,1,1,123.70033300248906,False,0,True,3,389,383,636,387,1031,392
649,19.476675999999983,19.506675999999985,1174,2,2,1,1,124.19862500246381,False,0,True,3,393,389,700,394,1174,403
650,19.506675999999985,19.536675999999986,1162,1,1,1,1,123.23379100416787,False,0,True,3,388,382,693,392,1162,398
651,19.536675999999986,19.566675999999987,979,1,1,1,1,129.80883400450693,False,0,True,3,354,350,666,363,979,370
652,19.566675999999987,19.596675999999988,1106,1,1,1,1,126.20679199608276,False,0,True,3,403,397,738,405,1106,412
653,19.596675999999988,19.62667599999999,2010,2,2,1,1,124.78654099686537,False,0,True,3,393,384,1050,391,2010,397
654,19.62667599999999,19.65667599999999,1962,2,2,1,1,125.57866700080922,False,0,True,3,431,423,1037,433,1962,443
655,19.65667599999999,19.68667599999999,1862,2,2,2,2,125.35916599881602,False,0,True,3,484,471,1024,486,1862,500
656,19.68667599999999,19.716675999999993,1689,2,2,2,2,127.1569169985014,False,0,True,3,457,448,920,458,1689,468
657,19.716675999999993,19.746675999999994,1616,2,2,2,2,124.02266699791653,False,0,True,3,438,432,897,443,1616,447
658,19.746675999999994,19.776675999999995,1515,2,2,2,2,123.18583400337957,False,0,True,3,378,372,784,380,1515,406
659,19.776675999999995,19.806675999999996,1431,3,2,2,2,123.02420899504796,False,0,True,3,435,429,823,442,1431,461
660,19.806675999999996,19.836675999999997,1391,2,2,2,2,122.60237499867799,False,0,True,3,470,465,809,476,1391,502
661,19.836675999999997,19.866676,1326,2,2,2,2,123.99554099829402,False,0,True,3,418,410,758,416,1326,436
662,19.866676,19.896676,1297,2,2,2,2,180.87716700392775,False,0,True,3,401,394,742,406,1297,412
663,19.896676,19.926676,1184,2,2,2,2,127.72499999846332,False,0,True,3,425,418,736,426,1184,434
664,19.926676,19.956676,1207,2,2,2,2,125.39950000063982,False,0,True,3,462,456,770,470,1207,475
665,19.956676,19.986676000000003,1087,1,1,1,1,124.10616599663626,False,0,True,3,442,434,695,442,1087,451
666,19.986676000000003,20.016676000000004,1105,2,2,2,2,123.4813330011093,False,0,True,3,438,432,692,444,1105,451
667,20.016676000000004,20.046676000000005,1056,1,1,1,1,121.25250000099186,False,0,True,3,403,394,662,408,1056,415
668,20.046676000000005,20.076676000000006,1112,2,2,2,2,123.43458300165366,False,0,True,3,482,475,764,492,1112,499
669,20.076676000000006,20.106676000000007,1042,1,1,1,1,122.35325000074226,False,0,True,3,422,414,692,426,1042,437
670,20.106676000000007,20.13667600000001,1055,1,1,1,1,122.11829199804924,False,0,True,3,419,409,690,422,1055,445
671,20.13667600000001,20.16667600000001,1002,1,1,1,1,122.80404200282646,False,0,True,3,422,412,683,421,1002,441
672,20.16667600000001,20.19667600000001,938,1,1,1,1,123.2060000038473,False,0,True,3,420,413,647,422,938,443
673,20.19667600000001,20.226676000000012,865,2,2,1,1,123.5761249990901,False,0,True,3,410,404,621,414,865,419
674,20.226676000000012,20.256676000000013,944,1,1,1,1,125.6715420022374,False,0,True,3,458,452,670,471,944,485
675,20.256676000000013,20.286676000000014,989,2,1,1,1,124.70749999920372,False,0,True,3,485,480,696,489,989,514
676,20.286676000000014,20.316676000000015,942,2,2,1,1,124.01325000246288,False,0,True,3,425,419,646,429,942,431
677,20.316676000000015,20.346676000000016,975,2,2,2,2,122.67558299936354,False,0,True,3,449,443,681,455,975,464
678,20.346676000000016,20.376676000000018,1019,1,1,1,1,123.73149999621091,False,0,True,3,462,454,702,464,1019,473
679,20.376676000000018,20.40667600000002,1076,1,1,1,1,123.28900000284193,False,0,True,3,468,459,711,470,1076,485
680,20.40667600000002,20.43667600000002,1152,2,2,2,2,124.94195799808949,False,0,True,3,478,466,753,481,1152,488
681,20.43667600000002,20.46667600000002,1117,2,2,2,2,126.07479200232774,False,0,True,3,472,464,727,476,1117,498
682,20.46667600000002,20.496676000000022,1160,2,2,1,1,126.68999999732478,False,0,True,3,448,439,723,452,1160,470
683,20.496676000000022,20.526676000000023,1250,3,3,2,2,122.61816699901829,False,0,True,3,444,431,743,438,1250,443
684,20.526676000000023,20.556676000000024,1000,3,3,3,3,126.65591699624201,False,0,True,3,422,412,711,427,1000,432
685,20.556676000000024,20.586676000000026,965,2,2,2,2,125.37249999877531,False,0,True,3,465,456,751,477,965,485
686,20.586676000000026,20.616676000000027,1043,2,2,2,2,124.00012500438606,False,0,True,3,503,493,774,512,1043,542
687,20.616676000000027,20.646676000000028,1036,2,2,2,2,123.85037499916507,False,0,True,3,465,456,737,475,1036,495
688,20.646676000000028,20.67667600000003,997,2,2,2,2,122.5539579972974,False,0,True,3,460,452,737,464,997,473
689,20.67667600000003,20.70667600000003,1046,2,2,2,2,122.58054099947913,False,0,True,3,466,457,771,475,1046,478
690,20.70667600000003,20.73667600000003,1166,3,3,2,2,123.91054200270446,False,0,True,3,468,458,817,471,1166,482
691,20.73667600000003,20.766676000000032,1257,3,3,2,2,123.80491600197274,False,0,True,3,443,431,843,441,1257,448
692,20.766676000000032,20.796676000000033,1297,3,3,3,3,124.81074999959674,False,0,True,3,456,445,884,459,1297,470
693,20.796676000000033,20.826676000000035,1305,3,3,2,2,124.1540420014644,False,0,True,3,470,460,876,469,1305,480
694,20.826676000000035,20.856676000000036,1156,3,3,2,2,125.4579169981298,False,0,True,3,396,389,756,394,1156,407
695,20.856676000000036,20.886676000000037,1080,3,3,3,3,125.99520799994934,False,0,True,3,430,418,770,429,1080,443
696,20.886676000000037,20.916676000000038,1004,3,3,3,3,128.03333299962105,False,0,True,3,406,395,717,405,1004,417
697,20.916676000000038,20.94667600000004,951,3,3,3,3,126.39758300065296,False,0,True,3,459,448,719,456,951,466
698,20.94667600000004,20.97667600000004,908,1,1,1,1,122.11566699988907,False,0,True,3,452,446,689,458,908,470
699,20.97667600000004,21.00667600000004,854,2,2,2,2,123.84037500305567,False,0,True,3,418,410,643,417,854,437
700,21.00667600000004,21.036676000000043,954,2,2,2,2,123.48404200020013,False,0,True,3,434,424,704,437,954,443
701,21.036676000000043,21.066676000000044,1025,3,3,2,2,124.08816699462477,False,0,True,3,406,395,692,401,1025,413
702,21.066676000000044,21.096676000000045,925,3,3,2,2,123.9935420016991,False,0,True,3,388,374,669,384,925,388
703,21.096676000000045,21.126676000000046,904,2,2,2,2,127.03304100432433,False,0,True,3,405,395,671,407,904,412
704,21.126676000000046,21.156676000000047,892,3,3,2,2,125.11158300185343,False,0,True,3,410,401,678,414,892,423
705,21.156676000000047,21.18667600000005,937,3,3,3,3,123.79083300038474,False,0,True,3,421,412,693,424,937,434
706,21.18667600000005,21.21667600000005,937,3,3,2,2,124.2687920021126,False,0,True,3,399,393,685,401,937,413
707,21.21667600000005,21.24667600000005,980,3,3,3,3,127.11370900069596,False,0,True,3,421,410,695,416,980,435
708,21.24667600000005,21.27667600000005,986,3,3,3,3,124.46745800116332,False,0,True,3,406,395,663,402,986,419
709,21.27667600000005,21.306676000000053,933,3,3,3,3,125.60145900351927,False,0,True,3,403,395,666,401,933,425
710,21.306676000000053,21.336676000000054,990,3,3,3,3,125.71179199585458,False,0,True,3,424,416,698,426,990,445
711,21.336676000000054,21.366676000000055,1065,3,3,3,3,125.39233300049091,False,0,True,3,413,401,712,407,1065,433
712,21.366676000000055,21.396676000000056,1108,3,3,3,3,124.8987090002629,False,0,True,3,452,440,788,446,1108,454
713,21.396676000000056,21.426676000000057,1031,3,3,3,3,122.86341700382764,False,0,True,3,427,420,744,430,1031,436
714,21.426676000000057,21.45667600000006,1168,3,3,3,3,125.08358299965039,False,0,True,3,459,452,794,463,1168,473
715,21.45667600000006,21.48667600000006,1179,3,3,3,3,124.38383300468558,False,0,True,3,409,399,761,411,1179,428
716,21.48667600000006,21.51667600000006,1240,3,3,3,3,123.30841700168094,False,0,True,3,439,432,821,440,1240,446
717,21.51667600000006,21.546676000000062,1274,3,3,3,3,123.61629099905258,False,0,True,3,439,434,821,445,1274,466
718,21.546676000000062,21.576676000000063,1257,3,3,3,3,126.07720799860545,False,0,True,3,411,406,808,418,1257,428
719,21.576676000000063,21.606676000000064,1317,2,2,2,2,123.786416996154,False,0,True,3,413,407,809,413,1317,426
720,21.606676000000064,21.636676000000065,1455,3,3,3,3,123.85879200155614,False,0,True,3,463,458,873,465,1455,485
721,21.636676000000065,21.666676000000066,1525,3,3,3,3,124.77416700130561,False,0,True,3,424,420,859,430,1525,446
722,21.666676000000066,21.696676000000068,1556,3,3,3,3,125.95337499806192,False,0,True,3,427,421,892,433,1556,439
723,21.696676000000068,21.72667600000007,1588,3,3,3,3,126.04858300619526,False,0,True,3,431,423,894,433,1588,440
724,21.72667600000007,21.75667600000007,1612,3,3,3,3,125.42462499550311,False,0,True,3,448,443,919,452,1612,469
725,21.75667600000007,21.78667600000007,1522,2,2,2,2,124.27449999813689,False,0,True,3,398,392,850,405,1522,414
726,21.78667600000007,21.816676000000072,1440,3,3,3,3,125.47916699986672,False,0,True,3,414,407,851,414,1440,423
727,21.816676000000072,21.846676000000073,1376,3,3,3,3,124.59537500399165,False,0,True,3,432,427,830,434,1376,454
728,21.846676000000073,21.876676000000074,1278,4,3,3,3,123.43020799744409,False,0,True,3,400,390,782,403,1278,418
729,21.876676000000074,21.906676000000076,1256,2,2,2,2,123.8543329964159,False,0,True,3,439,433,793,445,1256,473
730,21.906676000000076,21.936676000000077,1089,2,2,2,2,122.09333300415892,False,0,True,3,378,375,682,382,1089,392
731,21.936676000000077,21.966676000000078,1003,2,2,2,2,123.57358300505439,False,0,True,3,404,394,673,402,1003,408
732,21.966676000000078,21.99667600000008,959,3,3,2,2,123.98325000685873,False,0,True,3,388,377,630,389,959,395
733,21.99667600000008,22.02667600000008,1050,3,3,2,2,124.22137500107056,False,0,True,3,428,417,739,430,1050,439
734,22.02667600000008,22.05667600000008,1172,3,3,3,3,123.9731249952456,False,0,True,3,411,401,799,410,1172,423
735,22.05667600000008,22.086676000000082,1296,4,3,2,2,122.63691599946469,False,0,True,3,402,394,849,403,1296,418
736,22.086676000000082,22.116676000000083,1426,2,2,2,2,123.0544589998317,False,0,True,3,405,399,878,401,1426,408
737,22.116676000000083,22.146676000000085,1565,2,2,2,2,122.5222919965745,False,0,True,3,440,433,933,441,1565,455
738,22.146676000000085,22.176676000000086,1667,2,3,2,2,123.57295899710152,False,0,True,3,428,418,950,425,1667,440
739,22.176676000000086,22.206676000000087,1806,4,4,2,2,124.16262500482844,False,0,True,3,419,410,1003,426,1806,442
740,22.206676000000087,22.236676000000088,2050,3,3,2,2,124.40966700523859,False,0,True,3,462,450,1047,461,2050,480
741,22.236676000000088,22.26667600000009,2066,3,3,2,2,123.74224999803118,False,0,True,3,442,435,1050,447,2066,466
742,22.26667600000009,22.29667600000009,1983,4,3,3,3,122.51920800190419,False,0,True,3,445,436,1062,445,1983,464
743,22.29667600000009,22.32667600000009,2077,3,3,3,3,124.17591700068442,False,0,True,3,465,453,1126,468,2077,476
744,22.32667600000009,22.356676000000093,2729,3,3,3,3,123.73441700037802,False,0,True,3,433,421,1099,431,2729,436
745,22.356676000000093,22.386676000000094,1825,2,2,2,2,124.34387500252342,False,0,True,3,454,436,1052,453,1825,464
746,22.386676000000094,22.416676000000095,1671,2,2,2,2,122.47691700031282,False,0,True,3,443,424,934,440,1671,461
747,22.416676000000095,22.446676000000096,1675,2,2,2,2,125.82758400094463,False,0,True,3,473,460,936,481,1675,501
748,22.446676000000096,22.476676000000097,1544,2,2,2,2,124.83658400014974,False,0,True,3,462,449,911,461,1544,478
749,22.476676000000097,22.5066760000001,1782,2,2,2,2,123.53887499921257,False,0,True,3,431,420,948,428,1782,437
750,22.5066760000001,22.5366760000001,2020,3,3,2,2,123.2470420000027,False,0,True,3,476,463,1075,472,2020,477
751,22.5366760000001,22.5666760000001,1827,3,3,2,2,125.48383300600108,False,0,True,3,459,442,1045,455,1827,462
752,22.5666760000001,22.5966760000001,1774,3,3,2,2,121.87599999742815,False,0,True,3,489,475,1044,493,1774,508
753,22.5966760000001,22.626676000000103,1792,3,3,2,2,123.12087499594782,False,0,True,3,450,437,987,451,1792,462
754,22.626676000000103,22.656676000000104,1529,3,3,2,2,124.09370800014585,False,0,True,3,502,482,982,498,1529,512
755,22.656676000000104,22.686676000000105,1421,3,3,1,1,123.075624993362,False,0,True,3,469,455,905,472,1421,487
756,22.686676000000105,22.716676000000106,1317,3,3,2,2,122.83891699917149,False,0,True,3,457,438,883,454,1317,464
757,22.716676000000106,22.746676000000107,1319,3,3,3,3,124.91429100191453,False,0,True,3,471,453,880,470,1319,475
758,22.746676000000107,22.77667600000011,1376,3,3,3,3,122.86679200042272,False,0,True,3,483,463,940,485,1376,489
759,22.77667600000011,22.80667600000011,1366,3,3,3,3,122.82170799880987,False,0,True,3,468,451,943,464,1366,481
760,22.80667600000011,22.83667600000011,1272,4,4,3,3,124.87979199795518,False,0,True,3,480,458,913,472,1272,481
761,22.83667600000011,22.866676000000112,1178,3,4,2,3,125.24879200645955,False,0,True,3,487,471,895,488,1178,502
762,22.866676000000112,22.896676000000113,1070,3,3,3,3,124.5497499985504,False,0,True,3,480,464,851,483,1070,501
763,22.896676000000113,22.926676000000114,1037,3,3,2,3,124.88624999969034,False,0,True,3,475,457,843,472,1037,485
764,22.926676000000114,22.956676000000115,1096,3,3,3,3,122.55904199992074,False,0,True,3,494,479,868,493,1096,501
765,22.956676000000115,22.986676000000116,1094,3,3,3,3,122.4274999985937,False,0,True,3,483,464,869,486,1094,489
766,22.986676000000116,23.016676000000118,1102,4,4,4,4,122.81008299760288,False,0,True,3,524,506,905,522,1102,537
767,23.016676000000118,23.04667600000012,1089,4,4,4,4,123.83241700445069,False,0,True,3,488,473,873,495,1089,508
768,23.04667600000012,23.07667600000012,1161,4,4,4,4,124.23587499506539,False,0,True,3,483,467,905,483,1161,485
769,23.07667600000012,23.10667600000012,1178,3,3,3,3,122.37737500254298,False,0,True,3,513,494,945,510,1178,513
770,23.10667600000012,23.136676000000122,1190,4,4,4,4,123.03504200099269,False,0,True,3,491,475,948,496,1190,499
771,23.136676000000122,23.166676000000123,1170,2,2,2,2,125.81820899504237,False,0,True,3,476,463,936,486,1170,498
772,23.166676000000123,23.196676000000124,1248,3,3,3,3,125.38045799738029,False,0,True,3,463,445,949,460,1248,470
773,23.196676000000124,23.226676000000126,1275,3,3,3,3,126.74695899477229,False,0,True,3,499,482,952,499,1275,513
774,23.226676000000126,23.256676000000127,1232,3,3,3,3,125.9362080018036,False,0,True,3,468,459,905,478,1232,486
775,23.256676000000127,23.286676000000128,1278,3,3,3,3,129.64616699900944,False,0,True,3,520,509,948,529,1278,548
776,23.286676000000128,23.31667600000013,1351,2,2,2,2,125.25287499738624,False,0,True,3,496,487,956,501,1351,523
777,23.31667600000013,23.34667600000013,1359,2,2,2,2,125.53079200006323,False,0,True,3,449,440,905,453,1359,467
778,23.34667600000013,23.37667600000013,1408,2,2,2,2,127.56933300261153,False,0,True,3,465,453,940,472,1408,487
779,23.37667600000013,23.406676000000132,1505,2,2,2,2,125.18254199676448,False,0,True,3,509,497,982,516,1505,526
780,23.406676000000132,23.436676000000134,1455,2,2,2,2,123.96054199780338,False,0,True,3,506,497,948,509,1455,521
781,23.436676000000134,23.466676000000135,1474,2,2,2,2,124.88566699903458,False,0,True,3,512,502,965,522,1474,531
782,23.466676000000135,23.496676000000136,1470,2,2,2,2,129.54366699705133,False,0,True,3,501,489,950,504,1470,508
783,23.496676000000136,23.526676000000137,1608,2,2,2,2,124.79733299551299,False,0,True,3,507,497,977,511,1608,522
784,23.526676000000137,23.556676000000138,1969,2,2,2,2,123.88104200363159,False,0,True,3,479,469,980,485,1969,493
785,23.556676000000138,23.58667600000014,1842,2,2,2,2,127.11504199978663,False,0,True,3,463,454,981,469,1842,478
786,23.58667600000014,23.61667600000014,1726,2,2,2,2,125.35483399551595,False,0,True,3,462,447,978,464,1726,481
787,23.61667600000014,23.64667600000014,1579,2,2,2,2,125.70104200131027,False,0,True,3,497,489,975,505,1579,525
788,23.64667600000014,23.676676000000143,1529,3,3,2,2,127.36883299658075,False,0,True,3,482,472,944,494,1529,502
789,23.676676000000143,23.706676000000144,1521,3,3,2,2,128.0767089992878,False,0,True,3,493,478,919,492,1521,510
790,23.706676000000144,23.736676000000145,1136,3,3,3,3,127.82500000321306,False,0,True,3,481,467,849,477,1136,487
791,23.736676000000145,23.766676000000146,1334,3,3,3,3,126.81299999530893,False,0,True,3,484,474,879,489,1334,502
792,23.766676000000146,23.796676000000147,1310,2,2,2,2,126.93049999506911,False,0,True,3,461,449,855,462,1310,469
793,23.796676000000147,23.82667600000015,1048,2,2,2,2,128.5620829949039,False,0,True,3,491,477,816,491,1048,501
794,23.82667600000015,23.85667600000015,929,1,1,1,1,125.44466600229498,False,0,True,3,469,456,759,466,929,474
795,23.85667600000015,23.88667600000015,968,2,2,2,2,126.18479200318689,False,0,True,3,508,494,788,506,968,513
796,23.88667600000015,23.91667600000015,1005,1,1,1,1,127.57383300049696,False,0,True,3,533,522,780,541,1005,555
797,23.91667600000015,23.946676000000153,1013,2,2,1,1,128.09204200311797,False,0,True,3,466,455,772,464,1013,472
798,23.946676000000153,23.976676000000154,1061,3,3,2,2,128.45212499814807,False,0,True,3,497,484,808,490,1061,495
799,23.976676000000154,24.006676000000155,1118,2,2,2,2,123.33195799874375,False,0,True,3,450,437,824,448,1118,456
800,24.006676000000155,24.036676000000156,1234,3,3,2,2,125.15108400111785,False,0,True,3,465,453,866,466,1234,478
801,24.036676000000156,24.066676000000157,1322,3,3,2,2,125.78154200309655,False,0,True,3,469,455,889,465,1322,476
802,24.066676000000157,24.09667600000016,1365,3,3,3,3,124.40254100511083,False,0,True,3,497,488,916,495,1365,503
803,24.09667600000016,24.12667600000016,1407,3,3,3,3,124.27362499875017,False,0,True,3,506,492,942,510,1407,522
804,24.12667600000016,24.15667600000016,1404,3,3,3,3,124.99091700010467,False,0,True,3,486,477,911,497,1404,506
805,24.15667600000016,24.186676000000162,1491,3,3,3,3,124.50162500317674,False,0,True,3,477,462,904,471,1491,480
806,24.186676000000162,24.216676000000163,1585,3,3,3,3,123.71166599768912,False,0,True,3,474,458,933,470,1585,478
807,24.216676000000163,24.246676000000164,1735,4,4,3,3,128.00783299462637,False,0,True,3,489,474,1011,494,1735,504
808,24.246676000000164,24.276676000000165,1913,4,4,3,3,127.7610840043053,False,0,True,3,548,532,1134,552,1913,564
809,24.276676000000165,24.306676000000166,1798,3,3,3,3,126.47208300040802,False,0,True,3,481,468,1038,494,1798,501
810,24.306676000000166,24.336676000000168,1832,4,4,4,4,127.52212499617599,False,0,True,3,444,428,1019,442,1832,454
811,24.336676000000168,24.36667600000017,1896,4,4,3,3,128.92958300653845,False,0,True,3,498,481,1076,500,1896,512
812,24.36667600000017,24.39667600000017,1851,4,4,3,3,127.50212500395719,False,0,True,3,515,499,1081,515,1851,524
813,24.39667600000017,24.42667600000017,1820,3,3,3,3,126.86741699872073,False,0,True,3,481,465,1049,488,1820,500
814,24.42667600000017,24.456676000000172,1907,3,3,3,3,128.04704099835362,False,0,True,3,477,458,997,477,1907,479
815,24.456676000000172,24.486676000000173,1829,3,3,3,3,128.39299999905052,False,0,True,3,479,462,943,481,1829,492
816,24.486676000000173,24.516676000000174,1650,2,2,2,2,125.79104200267466,False,0,True,3,456,440,835,453,1650,483
817,24.516676000000174,24.546676000000176,1769,3,4,2,3,127.2798749996582,False,0,True,3,469,455,894,471,1769,491
818,24.546676000000176,24.576676000000177,1854,2,2,2,2,128.4777499968186,False,0,True,3,475,460,950,483,1854,490
819,24.576676000000177,24.606676000000178,1885,2,2,2,2,127.43904200033285,False,0,True,3,485,466,922,477,1885,489
820,24.606676000000178,24.63667600000018,2000,2,2,2,2,126.47229200229049,False,0,True,3,562,546,999,564,2000,589
821,24.63667600000018,24.66667600000018,1991,3,3,2,2,127.80520900560077,False,0,True,3,460,447,892,458,1991,473
822,24.66667600000018,24.69667600000018,2072,3,3,2,2,129.2189999949187,False,0,True,3,449,436,881,449,2072,453
823,24.69667600000018,24.726676000000182,2167,3,3,3,3,125.727790997189,False,0,True,3,462,450,885,458,2167,466
824,24.726676000000182,24.756676000000184,1819,3,3,3,3,125.85679100448033,False,0,True,3,488,479,821,487,1819,493
825,24.756676000000184,24.786676000000185,1637,2,2,2,2,125.76462499418994,False,0,True,3,467,458,766,479,1637,487
826,24.786676000000185,24.816676000000186,1638,2,2,2,2,126.08020799962105,False,0,True,3,455,449,758,464,1638,489
827,24.816676000000186,24.846676000000187,1663,2,2,2,2,129.22037500538863,False,0,True,3,428,418,749,425,1663,433
828,24.846676000000187,24.876676000000188,1693,2,2,2,2,125.8359580024262,False,0,True,3,404,397,725,406,1693,415
829,24.876676000000188,24.90667600000019,1678,2,2,2,2,127.21916699956637,False,0,True,3,411,405,733,415,1678,426
830,24.90667600000019,24.93667600000019,1714,2,2,2,2,125.89908299560193,False,0,True,3,402,397,720,406,1714,415
831,24.93667600000019,24.96667600000019,1777,2,2,2,2,125.100792000012,False,0,True,3,435,426,762,439,1777,453
832,24.96667600000019,24.996676000000193,1842,2,2,2,2,125.36737500340678,False,0,True,3,479,468,892,479,1842,486
833,24.996676000000193,25.026676000000194,1887,2,2,2,2,126.65133400150808,False,0,True,3,447,437,868,447,1887,455
834,25.026676000000194,25.056676000000195,1813,2,2,2,2,126.43583300086902,False,0,True,3,432,419,810,430,1813,434
835,25.056676000000195,25.086676000000196,1909,2,2,2,2,126.19204099610215,False,0,True,3,457,446,840,451,1909,461
836,25.086676000000196,25.116676000000197,1898,2,2,2,2,125.94529199850513,False,0,True,3,426,416,824,427,1898,438
837,25.116676000000197,25.1466760000002,1953,2,2,2,2,126.29670800379245,False,0,True,3,436,425,798,435,1953,446
838,25.1466760000002,25.1766760000002,1937,2,2,2,2,124.18175000493648,False,0,True,3,427,421,776,431,1937,436
839,25.1766760000002,25.2066760000002,1989,2,2,2,2,122.543958001188,False,0,True,3,414,408,769,420,1989,426
840,25.2066760000002,25.2366760000002,2143,2,2,2,2,122.23145899770316,False,0,True,3,409,405,757,411,2143,418
841,25.2366760000002,25.266676000000203,2349,2,2,2,2,122.29225000191946,False,0,True,3,408,402,777,414,2349,429
842,25.266676000000203,25.296676000000204,2347,2,2,2,2,123.12424999981886,False,0,True,3,389,386,751,390,2347,399
843,25.296676000000204,25.326676000000205,2178,2,2,2,2,123.69966699770885,False,0,True,3,367,362,725,374,2178,384
844,25.326676000000205,25.356676000000206,2464,3,3,2,2,122.66354099847376,False,0,True,3,452,447,796,453,2464,459
845,25.356676000000206,25.386676000000207,2279,2,2,1,1,122.95708300371189,False,0,True,3,371,366,708,372,2279,383
846,25.386676000000207,25.41667600000021,2343,2,2,2,2,122.21512500400422,False,0,True,3,398,392,737,394,2343,408
847,25.41667600000021,25.44667600000021,2336,3,3,2,2,123.1171670006006,False,0,True,3,402,398,739,404,2336,407
848,25.44667600000021,25.47667600000021,2305,3,2,1,1,123.48120900423964,False,0,True,3,417,411,749,419,2305,441
849,25.47667600000021,25.506676000000212,2361,2,2,2,2,123.73754200234544,False,0,True,3,408,403,753,410,2361,419
850,25.506676000000212,25.536676000000213,2430,3,3,2,2,123.41579199710395,False,0,True,3,410,404,760,410,2430,414
851,25.536676000000213,25.566676000000214,2377,2,2,1,1,123.27887499850476,False,0,True,3,397,392,750,402,2377,404
852,25.566676000000214,25.596676000000215,2312,2,2,2,2,122.45070799690438,False,0,True,3,417,408,765,417,2312,425
853,25.596676000000215,25.626676000000217,2368,1,1,1,1,123.70237499999348,False,0,True,3,446,437,814,442,2368,449
854,25.626676000000217,25.656676000000218,2368,3,3,2,2,123.82770799740683,False,0,True,3,388,377,769,387,2368,394
855,25.656676000000218,25.68667600000022,2541,2,2,1,1,123.59825000021374,False,0,True,3,445,435,824,442,2541,448
856,25.68667600000022,25.71667600000022,2514,2,2,2,2,123.61358299676795,False,0,True,3,424,416,801,428,2514,434
857,25.71667600000022,25.74667600000022,2410,1,1,1,1,122.51812500471715,False,0,True,3,397,390,767,400,2410,409
858,25.74667600000022,25.776676000000222,2576,2,2,1,1,122.03600000066217,False,0,True,3,429,422,801,432,2576,445
859,25.776676000000222,25.806676000000223,2421,1,1,1,1,122.16941600490827,False,0,True,3,397,389,754,400,2421,423
860,25.806676000000223,25.836676000000224,2510,1,1,1,1,123.0234999966342,False,0,True,3,444,438,846,448,2510,465
861,25.836676000000224,25.866676000000226,2481,1,1,1,1,122.02758400235325,False,0,True,3,427,417,804,430,2481,439
862,25.866676000000226,25.896676000000227,2383,1,1,1,1,121.73170800087973,False,0,True,3,426,418,785,432,2383,459
863,25.896676000000227,25.926676000000228,2516,1,1,1,1,123.0942080001114,False,0,True,3,430,419,801,430,2516,435
864,25.926676000000228,25.95667600000023,2465,2,2,1,1,124.14895799884107,False,0,True,3,398,386,789,392,2465,418
865,25.95667600000023,25.98667600000023,2502,1,1,1,1,121.71337500330992,False,0,True,3,457,448,853,459,2502,475
866,25.98667600000023,26.01667600000023,2468,1,1,1,1,122.992417003843,False,0,True,3,413,400,820,416,2468,422
867,26.01667600000023,26.046676000000232,2515,3,3,1,1,124.15041699568974,False,0,True,3,404,395,791,407,2515,418
868,26.046676000000232,26.076676000000234,2536,2,2,1,1,122.53162499837345,False,0,True,3,434,425,843,438,2536,455
869,26.076676000000234,26.106676000000235,2504,1,1,1,1,121.56483400030993,False,0,True,3,427,419,808,433,2504,452
870,26.106676000000235,26.136676000000236,2512,2,2,1,1,123.09741700300947,False,0,True,3,415,407,809,430,2512,451
871,26.136676000000236,26.166676000000237,2539,2,2,2,2,123.6838330005412,False,0,True,3,457,447,858,462,2539,492
872,26.166676000000237,26.196676000000238,2375,3,3,2,2,124.35924999590497,False,0,True,3,456,451,855,463,2375,467
873,26.196676000000238,26.22667600000024,2179,2,2,2,2,123.82608300686115,False,0,True,3,417,410,808,421,2179,440
874,26.22667600000024,26.25667600000024,2103,2,2,2,2,123.57233299553627,False,0,True,3,439,433,782,440,2103,457
875,26.25667600000024,26.28667600000024,1932,1,1,1,1,152.13545900041936,False,0,True,3,428,419,789,424,1932,456
876,26.28667600000024,26.316676000000243,1870,2,2,2,2,123.18058300297707,False,0,True,3,461,452,804,461,1870,479
877,26.316676000000243,26.346676000000244,1759,2,2,2,2,122.5814579956932,False,0,True,3,445,435,805,445,1759,469
878,26.346676000000244,26.376676000000245,1545,3,3,2,2,122.85045900352998,False,0,True,3,420,411,779,415,1545,430
879,26.376676000000245,26.406676000000246,1450,3,3,2,2,123.64250000246102,False,0,True,3,425,417,767,430,1450,443
880,26.406676000000246,26.436676000000247,1357,3,3,3,3,123.56345800071722,False,0,True,3,425,418,744,428,1357,437
881,26.436676000000247,26.46667600000025,1368,3,3,3,3,125.02883400156861,False,0,True,3,427,420,752,433,1368,444
882,26.46667600000025,26.49667600000025,1320,2,2,2,2,124.04308300028788,False,0,True,3,358,350,677,355,1320,357
883,26.49667600000025,26.52667600000025,1327,4,3,3,3,123.75374999828637,False,0,True,3,407,401,711,412,1327,442
884,26.52667600000025,26.55667600000025,1299,3,4,3,3,124.11404200247489,False,0,True,3,405,399,721,404,1299,420
885,26.55667600000025,26.586676000000253,1353,3,3,3,3,122.85104200418573,False,0,True,3,404,397,727,406,1353,411
886,26.586676000000253,26.616676000000254,1258,2,2,2,2,122.57133299863199,False,0,True,3,380,375,668,383,1258,388
887,26.616676000000254,26.646676000000255,1333,2,2,2,2,123.38987499970244,False,0,True,3,415,406,730,412,1333,430
888,26.646676000000255,26.676676000000256,1309,3,3,3,3,125.4237910034135,False,0,True,3,442,431,750,439,1309,449
889,26.676676000000256,26.706676000000257,1263,2,2,2,2,123.25829100154806,False,0,True,3,395,388,690,396,1263,404
890,26.706676000000257,26.73667600000026,1372,2,2,2,2,123.58987500192598,False,0,True,3,409,398,741,405,1372,419
891,26.73667600000026,26.76667600000026,1315,2,2,2,2,121.89537499943981,False,0,True,3,419,408,734,419,1315,427
892,26.76667600000026,26.79667600000026,1424,3,3,1,1,122.93787499947939,False,0,True,3,454,443,784,452,1424,477
893,26.79667600000026,26.826676000000262,1423,4,4,2,2,122.83008400117978,False,0,True,3,385,375,751,385,1423,392
894,26.826676000000262,26.856676000000263,1450,4,4,2,2,124.70741599827306,False,0,True,3,401,393,789,402,1450,412
895,26.856676000000263,26.886676000000264,1562,3,3,2,2,123.64849999721628,False,0,True,3,432,424,832,434,1562,453
896,26.886676000000264,26.916676000000265,1736,3,3,2,2,126.33166599698598,False,0,True,3,424,415,855,419,1736,445
897,26.916676000000265,26.946676000000267,1838,3,4,3,4,124.64858299790649,False,0,True,3,435,424,871,431,1838,455
898,26.946676000000267,26.976676000000268,1889,3,4,3,4,124.37233299715444,False,0,True,3,402,389,835,400,1889,425
899,26.976676000000268,27.00667600000027,1921,2,2,2,2,123.62949999806006,False,0,True,3,461,450,868,463,1921,474
900,27.00667600000027,27.03667600000027,2051,4,4,3,4,124.13958300021477,False,0,True,3,436,425,859,431,2051,438
901,27.03667600000027,27.06667600000027,2123,4,4,3,4,125.28529099654406,False,0,True,3,441,429,882,434,2123,437
902,27.06667600000027,27.096676000000272,2209,4,4,4,4,124.72758300282294,False,0,True,3,426,415,868,423,2209,432
903,27.096676000000272,27.126676000000273,2111,3,3,2,3,123.58074999792734,False,0,True,3,407,400,838,407,2111,414
904,27.126676000000273,27.156676000000274,2150,2,2,2,2,123.64545900345547,False,0,True,3,405,399,817,404,2150,408
905,27.156676000000274,27.186676000000276,2131,2,2,2,2,122.50366700027371,False,0,True,3,410,405,819,410,2131,415
906,27.186676000000276,27.216676000000277,2048,2,2,2,2,122.6576249973732,False,0,True,3,419,412,784,418,2048,419
907,27.216676000000277,27.246676000000278,2043,2,2,2,2,122.56679099664325,False,0,True,3,438,431,805,439,2043,445
908,27.246676000000278,27.27667600000028,2063,3,3,2,2,122.44270800147206,False,0,True,3,424,416,798,420,2063,425
909,27.27667600000028,27.30667600000028,1986,3,3,2,2,123.81425000057789,False,0,True,3,429,425,783,429,1986,433
910,27.30667600000028,27.33667600000028,2002,3,3,3,3,122.9755419990397,False,0,True,3,408,402,787,409,2002,419
911,27.33667600000028,27.366676000000282,1940,3,3,3,3,123.27912500040838,False,0,True,3,415,409,768,417,1940,425
912,27.366676000000282,27.396676000000284,1882,2,2,2,2,122.80787499912549,False,0,True,3,376,369,724,373,1882,380
913,27.396676000000284,27.426676000000285,1858,2,2,2,2,122.92833299579797,False,0,True,3,426,420,753,430,1858,454
914,27.426676000000285,27.456676000000286,1804,3,2,2,2,122.20487499871524,False,0,True,3,406,401,714,409,1804,438
915,27.456676000000286,27.486676000000287,1721,3,3,2,2,123.66441699850839,False,0,True,3,396,389,713,399,1721,412
916,27.486676000000287,27.516676000000288,1655,2,2,1,1,122.14491600025212,False,0,True,3,418,411,715,422,1655,434
917,27.516676000000288,27.54667600000029,1698,2,3,1,2,125.26795799931278,False,0,True,3,438,431,734,435,1698,451
918,27.54667600000029,27.57667600000029,1749,2,3,1,3,123.18683299963595,False,0,True,3,433,426,730,437,1749,457
919,27.57667600000029,27.60667600000029,1490,1,1,1,1,122.1973749998142,False,0,True,3,429,420,681,428,1490,443
920,27.60667600000029,27.636676000000293,1494,1,1,1,1,122.4373330041999,False,0,True,3,434,429,694,438,1494,443
921,27.636676000000293,27.666676000000294,1544,2,2,1,1,123.22758300433634,False,0,True,3,460,452,734,459,1544,465
922,27.666676000000294,27.696676000000295,1541,2,2,1,2,122.5830830007908,False,0,True,3,429,418,741,425,1541,432
923,27.696676000000295,27.726676000000296,1520,3,3,2,2,122.62504099635407,False,0,True,3,431,422,760,429,1520,440
924,27.726676000000296,27.756676000000297,1502,2,2,1,1,122.71479099581484,False,0,True,3,491,484,811,491,1502,510
925,27.756676000000297,27.7866760000003,1439,3,2,2,2,123.86983299802523,False,0,True,3,465,458,764,468,1439,490
926,27.7866760000003,27.8166760000003,1232,3,3,1,1,124.93499999982305,False,0,True,3,420,412,726,422,1232,445
927,27.8166760000003,27.8466760000003,1192,2,2,1,1,122.68108400166966,False,0,True,3,459,450,750,456,1192,466
928,27.8466760000003,27.8766760000003,1063,2,2,2,2,123.22291700547794,False,0,True,3,434,423,718,432,1063,439
929,27.8766760000003,27.906676000000303,979,2,2,2,2,121.5639160000137,False,0,True,3,413,404,670,408,979,415
930,27.906676000000303,27.936676000000304,1066,2,2,2,2,124.10941700363765,False,0,True,3,448,437,725,444,1066,450
931,27.936676000000304,27.966676000000305,962,1,1,1,1,122.9432079999242,False,0,True,3,428,418,689,429,962,434
932,27.966676000000305,27.996676000000306,936,1,1,1,1,121.75987500086194,False,0,True,3,435,430,641,437,936,446
933,27.996676000000306,28.026676000000307,891,1,1,1,1,120.36783300573006,False,0,True,3,426,420,648,426,891,430
934,28.026676000000307,28.05667600000031,986,1,1,1,1,122.66583299788181,False,0,True,3,422,415,648,422,986,434
935,28.05667600000031,28.08667600000031,915,1,1,1,1,122.7206660041702,False,0,True,3,454,446,681,450,915,458
936,28.08667600000031,28.11667600000031,971,1,1,1,1,122.71949999558274,False,0,True,3,415,406,667,412,971,427
937,28.11667600000031,28.146676000000312,825,1,1,1,1,121.6569169991999,False,0,True,3,415,403,604,411,825,423
938,28.146676000000312,28.176676000000313,865,1,1,1,1,121.50258399924496,False,0,True,3,414,409,581,415,865,437
939,28.176676000000313,28.206676000000314,782,1,1,1,1,121.41162500483915,False,0,True,3,419,413,580,416,782,447
940,28.206676000000314,28.236676000000315,860,1,1,1,1,121.72137499874225,False,0,True,3,386,379,580,389,860,395
941,28.236676000000315,28.266676000000317,803,1,1,1,1,123.7183749981341,False,0,True,3,413,405,603,410,803,419
942,28.266676000000317,28.296676000000318,982,1,1,1,1,121.36333400121657,False,0,True,3,471,462,683,471,982,483
943,28.296676000000318,28.32667600000032,925,2,2,1,1,121.65783299860777,False,0,True,3,413,402,673,408,925,417
944,28.32667600000032,28.35667600000032,984,3,3,1,1,123.8186249975115,False,0,True,3,402,394,659,404,984,416
945,28.35667600000032,28.38667600000032,1020,2,2,2,2,124.26295899786055,False,0,True,3,431,425,696,432,1020,442
946,28.38667600000032,28.416676000000322,1092,3,3,2,2,124.02020800072933,False,0,True,3,441,431,696,436,1092,448
947,28.416676000000322,28.446676000000323,987,2,2,2,2,124.36083400098141,False,0,True,3,398,390,646,401,987,409
948,28.446676000000323,28.476676000000325,886,2,2,2,2,125.29524999990826,False,0,True,3,434,429,640,436,886,469
949,28.476676000000325,28.506676000000326,807,2,2,1,1,124.00491599692032,False,0,True,3,383,377,602,386,807,393
950,28.506676000000326,28.536676000000327,891,2,2,2,2,124.56895899958909,False,0,True,3,467,458,675,466,891,471
951,28.536676000000327,28.566676000000328,864,2,2,2,2,125.2013330013142,False,0,True,3,418,412,639,418,864,425
952,28.566676000000328,28.59667600000033,755,2,2,2,2,122.1751250050147,False,0,True,3,398,390,568,397,755,404
953,28.59667600000033,28.62667600000033,760,2,2,2,2,122.88433399953647,False,0,True,3,395,383,571,385,760,389
954,28.62667600000033,28.65667600000033,732,1,1,1,1,121.966083002917,False,0,True,3,409,398,558,401,732,410
955,28.65667600000033,28.686676000000332,758,1,1,1,1,123.66612500045449,False,0,True,3,424,416,568,421,758,429
956,28.686676000000332,28.716676000000334,731,1,1,1,1,122.83620800008066,False,0,True,3,399,386,548,394,731,412
957,28.716676000000334,28.746676000000335,820,1,1,1,1,121.3981250039069,False,0,True,3,446,437,594,443,820,458
958,28.746676000000335,28.776676000000336,812,2,2,1,1,121.78779199894052,False,0,True,3,390,380,567,382,812,388
959,28.776676000000336,28.806676000000337,872,2,2,1,1,123.37375000061002,False,0,True,3,435,426,628,433,872,439
960,28.806676000000337,28.836676000000338,849,1,1,1,1,122.75854200561298,False,0,True,3,455,444,638,452,849,460
961,28.836676000000338,28.86667600000034,847,3,3,2,2,123.72766699991189,False,0,True,3,422,412,615,419,847,427
962,28.86667600000034,28.89667600000034,890,3,3,2,2,122.55008400097722,False,0,True,3,450,438,632,446,890,459
963,28.89667600000034,28.92667600000034,777,2,2,2,2,122.05275000451365,False,0,True,3,373,364,541,370,777,378
964,28.92667600000034,28.956676000000343,849,3,3,2,2,123.22833399957744,False,0,True,3,434,427,622,433,849,446
965,28.956676000000343,28.986676000000344,886,3,3,3,3,123.79066600260558,False,0,True,3,474,462,656,473,886,495
966,28.986676000000344,29.016676000000345,932,3,3,2,2,122.15470799856121,False,0,True,3,463,452,677,459,932,475
967,29.016676000000345,29.046676000000346,924,2,2,2,2,121.96262500219746,False,0,True,3,431,418,650,426,924,435
968,29.046676000000346,29.076676000000347,994,2,2,2,2,122.60804099787492,False,0,True,3,401,394,639,398,994,407
969,29.076676000000347,29.10667600000035,1192,2,2,2,2,123.71454199455911,False,0,True,3,443,432,700,442,1192,463
970,29.10667600000035,29.13667600000035,1125,2,2,2,2,123.41845799528528,False,0,True,3,456,450,688,459,1125,467
971,29.13667600000035,29.16667600000035,945,2,2,2,2,130.6258339973283,False,0,True,3,455,448,656,454,945,466
972,29.16667600000035,29.196676000000352,1014,3,3,2,2,123.6592909990577,False,0,True,3,434,424,657,437,1014,459
973,29.196676000000352,29.226676000000353,1271,3,3,2,2,122.60150000656722,False,0,True,3,456,446,732,452,1271,468
974,29.226676000000353,29.256676000000354,1252,3,3,3,3,123.44533300347393,False,0,True,3,415,407,711,414,1252,421
975,29.256676000000354,29.286676000000355,1274,4,4,3,3,127.37258299603127,False,0,True,3,415,404,711,416,1274,422
976,29.286676000000355,29.316676000000356,1439,4,4,3,3,124.42729200120084,False,0,True,3,434,428,759,436,1439,450
977,29.316676000000356,29.346676000000357,1361,4,4,4,4,123.1733329987037,False,0,True,3,406,394,730,400,1361,409
978,29.346676000000357,29.37667600000036,1344,4,4,4,4,124.59649999800604,False,0,True,3,422,411,744,414,1344,427
979,29.37667600000036,29.40667600000036,1182,3,3,3,3,123.2569580024574,False,0,True,3,381,373,681,376,1182,390
980,29.40667600000036,29.43667600000036,1253,3,3,3,3,123.6908749997383,False,0,True,3,390,380,682,382,1253,385
981,29.43667600000036,29.466676000000362,1302,3,3,3,3,123.8097090026713,False,0,True,3,397,392,719,400,1302,409
982,29.466676000000362,29.496676000000363,1192,3,3,3,3,124.02541700430447,False,0,True,3,382,374,694,378,1192,387
983,29.496676000000363,29.526676000000364,1089,3,3,3,3,123.55883299460402,False,0,True,3,347,342,642,347,1089,350
984,29.526676000000364,29.556676000000365,1093,3,3,3,3,122.79241699434351,False,0,True,3,397,390,705,394,1093,400
985,29.556676000000365,29.586676000000367,1159,2,2,2,2,123.51316700369352,False,0,True,3,400,393,713,399,1159,411
986,29.586676000000367,29.616676000000368,1247,3,3,3,3,123.94287500501378,False,0,True,3,429,424,756,427,1247,442
987,29.616676000000368,29.64667600000037,1279,3,3,3,3,123.7131660018349,False,0,True,3,410,403,763,406,1279,413
988,29.64667600000037,29.67667600000037,1199,3,3,3,3,124.40545799472602,False,0,True,3,347,340,694,346,1199,359
989,29.67667600000037,29.70667600000037,1179,3,3,3,3,124.06491699948674,False,0,True,3,408,399,750,410,1179,414
990,29.70667600000037,29.736676000000372,1137,2,2,2,2,123.81958399782889,False,0,True,3,403,395,708,405,1137,416
991,29.736676000000372,29.766676000000373,1210,2,2,2,2,123.28208400140284,False,0,True,3,434,425,756,431,1210,440
992,29.766676000000373,29.796676000000375,1256,2,2,2,2,122.52979199547553,False,0,True,3,430,423,737,430,1256,437
993,29.796676000000375,29.826676000000376,1258,2,2,2,2,123.16995800210861,False,0,True,3,382,378,691,388,1258,417
994,29.826676000000376,29.856676000000377,1291,2,2,2,2,122.08000000100583,False,0,True,3,418,413,719,416,1291,425
995,29.856676000000377,29.886676000000378,1136,2,2,2,2,162.23616599745583,False,0,True,3,395,384,695,396,1136,403
996,29.886676000000378,29.91667600000038,897,2,2,2,2,121.80120799894212,False,0,True,3,390,380,652,388,897,401
997,29.91667600000038,29.94667600000038,901,2,2,2,2,123.69354199472582,False,0,True,3,409,402,671,408,901,415
998,29.94667600000038,29.97667600000038,1043,2,2,2,2,122.74366700148676,False,0,True,3,445,438,717,448,1043,460
999,29.97667600000038,30.006676000000382,1130,2,2,2,2,123.92858299426734,False,0,True,3,423,417,690,424,1130,438
1000,30.006676000000382,30.036676000000384,1353,2,2,2,2,122.88237499888055,False,0,True,3,508,500,809,509,1353,517
1001,30.036676000000384,30.066676000000385,1436,1,1,1,1,123.04879200382857,False,0,True,3,444,432,743,437,1436,441
1002,30.066676000000385,30.096676000000386,1406,2,2,2,2,123.32108300324762,False,0,True,3,401,395,692,408,1406,417
1003,30.096676000000386,30.126676000000387,1440,2,2,2,2,123.32325000170385,False,0,True,3,439,434,729,449,1440,462
1004,30.126676000000387,30.156676000000388,1465,2,2,2,2,123.4836669973447,False,0,True,3,474,465,773,472,1465,483
1005,30.156676000000388,30.18667600000039,1440,2,2,2,2,122.351375001017,False,0,True,3,445,437,735,447,1440,454
1006,30.18667600000039,30.21667600000039,1379,2,2,2,2,123.44420899898978,False,0,True,3,445,438,727,452,1379,462
1007,30.21667600000039,30.24667600000039,1452,2,2,2,2,123.29429099918343,False,0,True,3,464,456,773,467,1452,474
1008,30.24667600000039,30.276676000000393,1599,2,2,2,2,123.50658299692441,False,0,True,3,486,476,841,492,1599,513
1009,30.276676000000393,30.306676000000394,1548,4,4,2,2,121.89170900091995,False,0,True,3,445,426,838,440,1548,449
1010,30.306676000000394,30.336676000000395,1429,3,3,2,2,122.1627080012695,False,0,True,3,472,461,795,471,1429,478
1011,30.336676000000395,30.366676000000396,1326,3,3,2,2,124.47495800006436,False,0,True,3,430,415,752,426,1326,433
1012,30.366676000000396,30.396676000000397,1405,3,3,3,3,123.6200409985031,False,0,True,3,503,488,838,501,1405,507
1013,30.396676000000397,30.4266760000004,1342,3,3,3,3,122.17829200380947,False,0,True,3,489,476,820,488,1342,511
1014,30.4266760000004,30.4566760000004,1365,3,3,3,3,123.53554199944483,False,0,True,3,484,469,834,481,1365,491
1015,30.4566760000004,30.4866760000004,1390,3,3,3,3,127.29424999997718,False,0,True,3,478,465,836,476,1390,483
1016,30.4866760000004,30.516676000000402,1269,3,3,3,3,126.0994580006809,False,0,True,3,454,440,809,454,1269,463
1017,30.516676000000402,30.546676000000403,1244,3,3,3,3,124.58741699811071,False,0,True,3,430,417,796,429,1244,433
1018,30.546676000000403,30.576676000000404,1239,2,2,2,2,123.77595900034066,False,0,True,3,443,427,808,445,1239,456
1019,30.576676000000404,30.606676000000405,1115,2,2,2,2,124.06775000272319,False,0,True,3,470,455,801,469,1115,482
1020,30.606676000000405,30.636676000000406,1187,2,2,2,2,121.59850000170991,False,0,True,3,451,436,810,453,1187,469
1021,30.636676000000406,30.666676000000407,1152,3,3,2,2,122.30737500067335,False,0,True,3,503,489,845,504,1152,511
1022,30.666676000000407,30.69667600000041,1054,2,2,2,2,124.51300000248011,False,0,True,3,466,453,790,476,1054,492
1023,30.69667600000041,30.72667600000041,970,2,2,2,2,123.48241699510254,False,0,True,3,447,432,745,441,970,451
1024,30.72667600000041,30.75667600000041,951,3,3,1,1,121.99933300144039,False,0,True,3,442,427,727,443,951,455
1025,30.75667600000041,30.786676000000412,935,3,3,3,3,122.0625830028439,False,0,True,3,451,435,733,452,935,458
1026,30.786676000000412,30.816676000000413,950,3,3,2,2,123.91166700399481,False,0,True,3,461,444,739,456,950,462
1027,30.816676000000413,30.846676000000414,885,2,2,2,2,121.97616599587491,False,0,True,3,402,388,684,397,885,401
1028,30.846676000000414,30.876676000000415,929,1,1,1,1,122.884124997654,False,0,True,3,445,430,720,438,929,449
1029,30.876676000000415,30.906676000000417,807,2,2,1,1,121.44275000173366,False,0,True,3,416,401,634,407,807,416
1030,30.906676000000417,30.936676000000418,844,3,2,1,1,122.12470899976324,False,0,True,3,427,413,632,417,844,439
1031,30.936676000000418,30.96667600000042,775,2,2,2,2,121.88541700015776,False,0,True,3,402,388,618,394,775,407
1032,30.96667600000042,30.99667600000042,783,2,2,2,2,124.51020799926482,False,0,True,3,416,406,615,414,783,418
1033,30.99667600000042,31.02667600000042,756,1,1,1,1,124.72737499774667,False,0,True,3,396,386,563,393,756,398
1034,31.02667600000042,31.056676000000422,777,2,2,1,1,123.40912500076229,False,0,True,3,388,377,568,380,777,397
1035,31.056676000000422,31.086676000000423,830,1,1,1,1,123.48916700284462,False,0,True,3,425,411,640,420,830,424
1036,31.086676000000423,31.116676000000425,738,1,0,1,0,124.95520799711812,False,0,True,3,435,419,598,426,738,439
1037,31.116676000000425,31.146676000000426,770,2,2,1,1,124.28370900306618,False,0,True,3,428,412,608,424,770,434
1038,31.146676000000426,31.176676000000427,699,2,2,0,0,122.59370800165925,False,0,True,3,415,406,562,421,699,424
1039,31.176676000000427,31.206676000000428,730,1,1,1,1,121.42133299494162,False,0,True,3,438,419,589,431,730,442
1040,31.206676000000428,31.23667600000043,824,1,1,1,1,121.268125003553,False,0,True,3,463,447,645,460,824,481
1041,31.23667600000043,31.26667600000043,813,1,1,1,0,122.37625000125263,False,0,True,3,459,442,649,453,813,467
1042,31.26667600000043,31.29667600000043,816,1,1,1,1,122.07987500005402,False,0,True,3,438,425,667,438,816,443
1043,31.29667600000043,31.326676000000433,855,1,1,1,1,121.30441699991934,False,0,True,3,484,472,679,486,855,496
1044,31.326676000000433,31.356676000000434,835,2,2,1,1,122.25800000305753,False,0,True,3,446,427,666,438,835,443
1045,31.356676000000434,31.386676000000435,789,2,2,1,1,124.19470799795818,False,0,True,3,425,409,632,417,789,423
1046,31.386676000000435,31.416676000000436,787,1,1,1,1,122.27420899580466,False,0,True,3,480,465,667,476,787,488
1047,31.416676000000436,31.446676000000437,675,1,1,1,1,121.39012499392265,False,0,True,3,441,425,604,441,675,450
1048,31.446676000000437,31.476676000000438,665,2,2,1,1,121.81929199869046,False,0,True,3,431,418,555,427,665,467
1049,31.476676000000438,31.50667600000044,2410,1,1,1,0,123.41200000082608,False,0,True,3,1653,1529,2319,1718,2410,1735
1050,31.50667600000044,31.53667600000044,14516,2,2,1,2,122.49616700137267,False,0,True,3,7806,6441,14377,7769,14516,7813
1051,31.53667600000044,31.56667600000044,2694,1,1,1,1,122.8190000038012,False,0,True,3,1833,1727,2511,1897,2694,1953
1052,31.56667600000044,31.596676000000443,1172,1,1,0,0,124.2377500020666,False,0,True,3,885,870,1071,901,1172,924
1053,31.596676000000443,31.626676000000444,4148,2,2,1,1,124.15466700622346,False,0,True,3,2653,2408,3977,2760,4148,2818
1054,31.626676000000444,31.656676000000445,2139,1,1,1,1,121.35212500288617,False,0,True,3,1432,1329,2012,1488,2139,1533
1055,31.656676000000445,31.686676000000446,1619,1,1,1,1,121.32320800446905,False,0,True,3,1196,1157,1503,1243,1619,1291
1056,31.686676000000446,31.716676000000447,1263,1,1,1,1,124.28879200160736,False,0,True,3,945,922,1155,971,1263,1011
1057,31.716676000000447,31.74667600000045,1339,1,1,1,1,123.21804199746111,False,0,True,3,1019,999,1220,1038,1339,1103
1058,31.74667600000045,31.77667600000045,1133,2,1,1,0,121.92833299923223,False,0,True,3,842,827,1027,867,1133,911
1059,31.77667600000045,31.80667600000045,1238,1,1,0,0,123.53362499561626,False,0,True,3,907,892,1101,929,1238,1012
1060,31.80667600000045,31.836676000000452,1165,2,2,2,1,125.56270800268976,False,0,True,3,829,809,1027,837,1165,883
1061,31.836676000000452,31.866676000000453,1218,3,3,2,1,123.35854200500762,False,0,True,3,827,810,1039,843,1218,912
1062,31.866676000000453,31.896676000000454,1165,2,2,1,0,121.83858299977146,False,0,True,3,761,744,1015,763,1165,822
1063,31.896676000000454,31.926676000000455,1078,2,2,2,2,122.89337499532849,False,0,True,3,674,655,906,669,1078,723
1064,31.926676000000455,31.956676000000456,1189,3,3,2,2,124.2962499964051,False,0,True,3,637,621,933,635,1189,676
1065,31.956676000000456,31.986676000000458,1101,2,2,1,1,122.92641699605156,False,0,True,3,598,585,844,599,1101,650
1066,31.986676000000458,32.01667600000046,1132,2,2,2,2,123.016916004417,False,0,True,3,576,566,842,582,1132,613
1067,32.01667600000046,32.04667600000046,1077,2,2,2,2,124.22495799546596,False,0,True,3,577,561,822,573,1077,622
1068,32.04667600000046,32.07667600000046,1162,1,1,1,1,124.27220799872885,False,0,True,3,542,524,836,532,1162,553
1069,32.07667600000046,32.10667600000046,1166,1,1,1,1,121.68333400040865,False,0,True,3,600,589,842,596,1166,623
1070,32.10667600000046,32.13667600000046,1208,1,1,1,1,122.61208300333237,False,0,True,3,518,508,787,518,1208,535
1071,32.13667600000046,32.166676000000464,1156,2,2,1,1,125.08241699833889,False,0,True,3,513,504,784,512,1156,527
1072,32.166676000000464,32.196676000000465,1241,1,1,1,1,122.59750000521308,False,0,True,3,472,460,759,470,1241,495
1073,32.196676000000465,32.22667600000047,1267,1,1,1,1,121.63233399769524,False,0,True,3,466,453,769,460,1267,468
1074,32.22667600000047,32.25667600000047,1329,1,1,1,1,121.95079200319014,False,0,True,3,485,472,831,483,1329,498
1075,32.25667600000047,32.28667600000047,1347,1,1,1,1,122.52733300556429,False,0,True,3,428,415,778,428,1347,443
1076,32.28667600000047,32.31667600000047,1350,1,1,1,1,122.19291699875612,False,0,True,3,431,420,769,431,1350,436
1077,32.31667600000047,32.34667600000047,1275,1,1,1,1,122.23108400212368,False,0,True,3,428,421,760,427,1275,435
1078,32.34667600000047,32.37667600000047,1291,1,1,1,1,123.80666699755238,False,0,True,3,370,363,704,365,1291,370
1079,32.37667600000047,32.40667600000047,1297,2,2,1,1,124.8226669995347,False,0,True,3,385,379,709,387,1297,396
1080,32.40667600000047,32.436676000000475,1381,1,1,1,1,121.74295800650725,False,0,True,3,404,398,745,404,1381,417
1081,32.436676000000475,32.466676000000476,1301,2,2,1,1,122.14079099794617,False,0,True,3,393,387,712,395,1301,399
1082,32.466676000000476,32.49667600000048,1265,1,1,1,1,122.68775000120513,False,0,True,3,358,351,676,357,1265,364
1083,32.49667600000048,32.52667600000048,1317,2,2,1,1,127.02954099950148,False,0,True,3,376,370,699,373,1317,391
1084,32.52667600000048,32.55667600000048,1301,3,3,2,2,125.66375000460539,False,0,True,3,407,401,732,407,1301,421
1085,32.55667600000048,32.58667600000048,1244,2,2,2,2,124.64029200054938,False,0,True,3,416,409,718,417,1244,428
1086,32.58667600000048,32.61667600000048,1164,3,3,2,2,128.7248329972499,False,0,True,3,379,374,673,381,1164,397
1087,32.61667600000048,32.64667600000048,1090,2,2,2,2,126.66058300237637,False,0,True,3,352,348,623,351,1090,361
1088,32.64667600000048,32.676676000000484,1105,2,2,2,2,126.08020800689701,False,0,True,3,391,385,672,390,1105,400
1089,32.676676000000484,32.706676000000485,1063,3,3,2,2,127.83725000190316,False,0,True,3,343,338,631,342,1063,350
1090,32.706676000000485,32.736676000000486,977,2,2,1,1,127.57566700020107,False,0,True,3,366,360,637,364,977,371
1091,32.736676000000486,32.76667600000049,1012,3,3,2,2,126.47962500341237,False,0,True,3,379,374,653,376,1012,389
1092,32.76667600000049,32.79667600000049,973,3,3,2,2,126.87479200394591,False,0,True,3,373,368,673,374,973,380
1093,32.79667600000049,32.82667600000049,1013,2,2,2,2,128.13829200604232,False,0,True,3,369,362,682,367,1013,384
1094,32.82667600000049,32.85667600000049,993,2,2,2,2,127.45458400604548,False,0,True,3,391,382,698,386,993,396
1095,32.85667600000049,32.88667600000049,1048,3,3,2,2,127.13662500027567,False,0,True,3,367,360,709,366,1048,374
1096,32.88667600000049,32.91667600000049,1746,3,3,2,2,127.60675000026822,False,0,True,3,359,350,830,353,1746,363
1097,32.91667600000049,32.946676000000494,2760,4,4,2,2,129.1034160021809,False,0,True,3,389,379,1081,387,2760,396
1098,32.946676000000494,32.976676000000495,1574,4,4,3,3,127.54700000368757,False,0,True,3,415,401,940,413,1574,420
1099,32.976676000000495,33.006676000000496,2129,4,4,3,3,127.76666699937778,False,0,True,3,433,424,1003,435,2129,442
1100,33.006676000000496,33.0366760000005,2332,4,4,4,4,129.29587499820627,False,0,True,3,404,394,1029,406,2332,418
1101,33.0366760000005,33.0666760000005,1783,4,4,4,4,127.48158300382784,False,0,True,3,426,417,957,429,1783,436
1102,33.0666760000005,33.0966760000005,1261,2,2,2,2,125.4977919961675,False,0,True,3,418,407,771,420,1261,435
1103,33.0966760000005,33.1266760000005,1231,3,3,3,3,124.40591699851211,False,0,True,3,432,426,743,439,1231,459
1104,33.1266760000005,33.1566760000005,1187,2,2,2,2,125.2452920016367,False,0,True,3,468,457,759,471,1187,488
1105,33.1566760000005,33.1866760000005,1223,2,2,2,2,122.40470799588365,False,0,True,3,400,390,704,400,1223,411
1106,33.1866760000005,33.216676000000504,1166,2,2,2,2,122.66100000124425,False,0,True,3,460,449,674,457,1166,464
1107,33.216676000000504,33.246676000000505,1205,2,2,2,2,123.86479200358735,False,0,True,3,432,420,658,429,1205,453
1108,33.246676000000505,33.276676000000506,1236,2,2,2,2,126.26883399934741,False,0,True,3,447,438,738,451,1236,458
1109,33.276676000000506,33.30667600000051,1522,2,2,2,2,124.03904100210639,False,0,True,3,400,389,733,397,1522,408
1110,33.30667600000051,33.33667600000051,1113,2,2,2,2,121.64508299611043,False,0,True,3,459,440,764,455,1113,463
1111,33.33667600000051,33.36667600000051,1103,2,2,2,2,124.04095899546519,False,0,True,3,452,439,740,448,1103,474
1112,33.36667600000051,33.39667600000051,1140,3,3,2,2,123.42783300118754,False,0,True,3,417,407,684,413,1140,445
1113,33.39667600000051,33.42667600000051,1022,2,3,2,2,123.63308299973141,False,0,True,3,403,395,676,404,1022,422
1114,33.42667600000051,33.45667600000051,850,3,3,2,2,123.30129199835937,False,0,True,3,411,401,629,409,850,421
1115,33.45667600000051,33.486676000000514,923,3,3,2,2,124.52666699391557,False,0,True,3,378,368,632,373,923,380
1116,33.486676000000514,33.516676000000516,1033,2,2,2,2,123.92849999741884,False,0,True,3,424,417,702,423,1033,428
1117,33.516676000000516,33.54667600000052,992,2,2,2,1,122.87833300069906,False,0,True,3,412,403,661,416,992,429
1118,33.54667600000052,33.57667600000052,816,2,2,2,2,122.96054100443143,False,0,True,3,411,395,601,404,816,419
1119,33.57667600000052,33.60667600000052,702,2,2,1,1,122.55179200292332,False,0,True,3,379,366,538,371,702,384
1120,33.60667600000052,33.63667600000052,768,2,3,2,2,122.41954199998872,False,0,True,3,387,373,566,382,768,405
1121,33.63667600000052,33.66667600000052,828,4,4,2,2,122.88837500091176,False,0,True,3,397,385,593,393,828,409
1122,33.66667600000052,33.69667600000052,886,4,4,1,2,123.91999999817926,False,0,True,3,386,373,618,383,886,397
1123,33.69667600000052,33.72667600000052,754,4,4,2,2,126.52370799332857,False,0,True,3,367,357,561,365,754,374
1124,33.72667600000052,33.756676000000525,804,4,4,3,3,123.5532919963589,False,0,True,3,349,340,583,344,804,347
1125,33.756676000000525,33.786676000000526,931,4,4,3,4,121.89083299745107,False,0,True,3,423,409,679,415,931,437
1126,33.786676000000526,33.81667600000053,692,3,2,3,2,123.71720899682259,False,0,True,3,330,319,518,330,692,404
1127,33.81667600000053,33.84667600000053,686,3,3,2,3,123.77966599888168,False,0,True,3,356,344,521,352,686,382
1128,33.84667600000053,33.87667600000053,756,2,2,1,2,122.37958399782656,False,0,True,3,385,374,559,382,756,435
1129,33.87667600000053,33.90667600000053,799,3,3,2,1,122.98516699956963,False,0,True,3,376,363,580,369,799,383
1130,33.90667600000053,33.93667600000053,678,3,3,2,1,124.22087500453927,False,0,True,3,396,381,551,388,678,400
1131,33.93667600000053,33.96667600000053,742,3,3,2,2,122.64312500337837,False,0,True,3,431,418,597,429,742,444
1132,33.96667600000053,33.996676000000534,669,3,3,2,2,122.11158300488023,False,0,True,3,413,401,543,411,669,433
1133,33.996676000000534,34.026676000000535,670,3,3,2,2,123.5790420032572,False,0,True,3,392,379,556,386,670,396
1134,34.026676000000535,34.056676000000536,683,2,2,2,2,123.84891599504044,False,0,True,3,377,365,556,380,683,393
1135,34.056676000000536,34.08667600000054,721,2,1,1,0,122.02629199600779,False,0,True,3,367,352,572,360,721,416
1136,34.08667600000054,34.11667600000054,696,1,0,0,0,121.29379099496873,False,0,True,3,399,389,575,393,696,437
1137,34.11667600000054,34.14667600000054,631,0,0,0,0,122.62075000035111,False,0,True,3,397,380,551,393,631,423
1138,34.14667600000054,34.17667600000054,645,1,1,0,0,123.41137500334298,False,0,True,3,386,373,542,380,645,400
1139,34.17667600000054,34.20667600000054,788,1,1,0,0,122.27533300028881,False,0,True,3,387,375,594,388,788,422
1140,34.20667600000054,34.23667600000054,680,1,1,0,0,122.17729200347094,False,0,True,3,359,345,528,354,680,388
1141,34.23667600000054,34.266676000000544,590,0,0,0,0,122.88191699917661,False,0,True,3,347,335,493,345,590,357
1142,34.266676000000544,34.296676000000545,551,2,1,0,0,121.76750000071479,False,0,True,3,331,320,453,327,551,387
1143,34.296676000000545,34.326676000000546,568,2,2,1,0,122.48983299650718,False,0,True,3,361,348,482,360,568,368
1144,34.326676000000546,34.35667600000055,547,1,1,1,0,121.54412500240142,False,0,True,3,340,326,452,336,547,391
1145,34.35667600000055,34.38667600000055,575,1,1,0,0,123.72645900177304,False,0,True,3,369,358,477,369,575,387
1146,34.38667600000055,34.41667600000055,535,1,1,1,0,121.83104200084927,False,0,True,3,335,323,445,333,535,350
1147,34.41667600000055,34.44667600000055,488,1,1,1,0,121.06583300192142,False,0,True,3,349,337,445,346,488,354
1148,34.44667600000055,34.47667600000055,482,0,0,0,0,122.57900000258815,False,0,True,3,323,306,431,310,482,315
1149,34.47667600000055,34.50667600000055,576,3,2,1,0,124.07749999692896,False,0,True,3,361,347,483,359,576,376
1150,34.50667600000055,34.536676000000554,628,1,1,1,1,122.24208300176542,False,0,True,3,375,366,529,376,628,387
1151,34.536676000000554,34.566676000000555,2993,1,1,1,1,121.18237499817042,False,0,True,3,369,347,1675,360,2993,380
1152,34.566676000000555,34.596676000000556,4235,2,2,1,1,122.83637499785982,False,0,True,3,399,380,2284,405,4235,423
1153,34.596676000000556,34.62667600000056,1445,2,2,1,1,124.42579199705506,False,0,True,3,448,425,974,441,1445,475
1154,34.62667600000056,34.65667600000056,734,2,2,2,2,122.2008340046159,False,0,True,3,427,412,600,424,734,437
1155,34.65667600000056,34.68667600000056,684,2,2,2,2,122.80812500102911,False,0,True,3,377,359,572,366,684,374
1156,34.68667600000056,34.71667600000056,657,2,2,2,2,124.42141700012144,False,0,True,3,366,354,545,357,657,368
1157,34.71667600000056,34.74667600000056,637,2,2,2,2,122.88204200012842,False,0,True,3,336,320,522,330,637,335
1158,34.74667600000056,34.77667600000056,653,1,1,1,1,120.88441699597752,False,0,True,3,343,330,510,343,653,386
1159,34.77667600000056,34.806676000000564,615,1,1,1,1,122.32666699856054,False,0,True,3,371,358,529,365,615,373
1160,34.806676000000564,34.836676000000566,627,1,1,1,1,123.68954200064763,False,0,True,3,374,362,538,368,627,374
1161,34.836676000000566,34.86667600000057,685,1,1,1,1,121.71174999821233,False,0,True,3,363,353,561,361,685,369
1162,34.86667600000057,34.89667600000057,758,3,3,1,1,122.921583999414,False,0,True,3,389,378,561,383,758,396
1163,34.89667600000057,34.92667600000057,653,2,2,1,1,123.57241699646693,False,0,True,3,321,312,503,322,653,327
1164,34.92667600000057,34.95667600000057,681,1,1,1,1,125.71979100175668,False,0,True,3,341,333,541,340,681,371
1165,34.95667600000057,34.98667600000057,726,3,3,2,2,122.67379200056894,False,0,True,3,350,339,564,345,726,356
1166,34.98667600000057,35.01667600000057,740,2,2,2,2,123.59458300488768,False,0,True,3,370,355,582,362,740,368
1167,35.01667600000057,35.04667600000057,689,1,1,1,1,122.07595899963053,False,0,True,3,368,355,556,360,689,389
1168,35.04667600000057,35.076676000000575,656,1,1,1,1,122.65833299898077,False,0,True,3,370,360,525,366,656,408
1169,35.076676000000575,35.106676000000576,620,1,1,1,1,120.39133300277172,False,0,True,3,364,356,493,365,620,404
1170,35.106676000000576,35.13667600000058,658,1,1,1,1,120.94475000048988,False,0,True,3,357,346,495,352,658,377
1171,35.13667600000058,35.16667600000058,711,2,1,1,0,123.26829200173961,False,0,True,3,375,370,506,376,711,430
1172,35.16667600000058,35.19667600000058,673,3,2,1,1,123.97545899875695,False,0,True,3,345,334,503,340,673,357
1173,35.19667600000058,35.22667600000058,780,1,1,0,1,120.74974999995902,False,0,True,3,410,402,559,409,780,464
1174,35.22667600000058,35.25667600000058,654,2,2,1,1,122.13345900090644,False,0,True,3,339,331,478,335,654,382
1175,35.25667600000058,35.28667600000058,677,2,2,2,2,123.48308399668895,False,0,True,3,343,335,482,344,677,379
1176,35.28667600000058,35.316676000000584,621,1,1,1,1,121.37737499870127,False,0,True,3,357,349,476,355,621,392
1177,35.316676000000584,35.346676000000585,605,2,2,1,1,122.70316699869,False,0,True,3,372,366,493,372,605,381
1178,35.346676000000585,35.376676000000586,605,2,2,2,2,122.3150829973747,False,0,True,3,377,370,497,374,605,436
1179,35.376676000000586,35.40667600000059,650,3,3,2,2,123.56416699913098,False,0,True,3,334,325,501,329,650,390
1180,35.40667600000059,35.43667600000059,722,3,2,2,2,122.3998749992461,False,0,True,3,379,371,559,376,722,421
1181,35.43667600000059,35.46667600000059,659,1,1,1,1,121.35741599922767,False,0,True,3,337,326,504,329,659,389
1182,35.46667600000059,35.49667600000059,598,2,1,2,1,122.76650000421796,False,0,True,3,375,368,479,376,598,446
1183,35.49667600000059,35.52667600000059,577,2,2,2,2,123.14054199669044,False,0,True,3,364,355,448,360,577,432
1184,35.52667600000059,35.55667600000059,575,1,1,1,1,120.88000000221655,False,0,True,3,367,360,452,367,575,431
1185,35.55667600000059,35.586676000000594,566,2,2,1,1,120.51804200018523,False,0,True,3,392,384,498,389,566,424
1186,35.586676000000594,35.616676000000595,576,1,1,1,1,125.11720800102921,False,0,True,3,391,381,496,387,576,413
1187,35.616676000000595,35.646676000000596,509,1,1,1,1,115.43970899947453,False,0,True,3,372,362,459,366,509,375
1188,35.646676000000596,35.6766760000006,533,1,1,1,1,127.23779200314311,False,0,True,3,358,349,459,357,533,374
1189,35.6766760000006,35.7066760000006,539,1,1,1,1,127.1082910025143,False,0,True,3,354,344,467,353,539,361
1190,35.7066760000006,35.7366760000006,537,1,1,1,1,133.15795800008345,False,0,True,3,348,338,464,342,537,357
1191,35.7366760000006,35.7666760000006,584,1,1,1,1,126.16754199552815,False,0,True,3,376,365,483,370,584,402
1192,35.7666760000006,35.7966760000006,567,2,2,1,1,125.68716700479854,False,0,True,3,366,357,460,368,567,397
1193,35.7966760000006,35.8266760000006,593,1,1,1,1,126.27400000201305,False,0,True,3,354,345,475,353,593,369
1194,35.8266760000006,35.856676000000604,620,2,2,1,1,127.81424999411684,False,0,True,3,369,362,478,370,620,398
1195,35.856676000000604,35.886676000000605,618,2,2,1,1,126.67958300153259,False,0,True,3,369,358,504,360,618,373
1196,35.886676000000605,35.91667600000061,610,1,1,1,1,126.14066699461546,False,0,True,3,389,381,514,394,610,414
1197,35.91667600000061,35.94667600000061,659,2,2,1,1,128.16270800249185,False,0,True,3,407,398,537,402,659,449
1198,35.94667600000061,35.97667600000061,652,1,1,1,1,126.57349999790313,False,0,True,3,390,381,533,390,652,408
1199,35.97667600000061,36.00667600000061,761,2,2,1,1,124.83274999976857,False,0,True,3,433,423,607,437,761,496
1200,36.00667600000061,36.03667600000061,713,2,2,2,2,124.86762499611359,False,0,True,3,396,382,556,392,713,429
1201,36.03667600000061,36.06667600000061,657,2,2,2,2,124.9596669949824,False,0,True,3,382,371,531,374,657,418
1202,36.06667600000061,36.09667600000061,587,2,2,2,2,123.57829100074014,False,0,True,3,357,346,498,356,587,376
1203,36.09667600000061,36.126676000000614,973,3,3,2,2,122.85254100424936,False,0,True,3,350,341,678,352,973,374
1204,36.126676000000614,36.156676000000616,1020,1,1,1,1,125.40887499926612,False,0,True,3,389,378,724,391,1020,417
1205,36.156676000000616,36.18667600000062,1030,2,2,1,1,126.24704200425185,False,0,True,3,388,374,709,379,1030,397
1206,36.18667600000062,36.21667600000062,998,3,3,2,2,124.69275000330526,False,0,True,3,411,396,699,400,998,439
1207,36.21667600000062,36.24667600000062,955,3,3,2,2,123.10266699932981,False,0,True,3,396,383,664,400,955,430
1208,36.24667600000062,36.27667600000062,970,3,2,2,1,124.01879200479016,False,0,True,3,423,407,695,422,970,532
1209,36.27667600000062,36.30667600000062,921,2,2,1,1,124.03270800132304,False,0,True,3,394,377,678,389,921,422
1210,36.30667600000062,36.33667600000062,940,2,2,1,1,124.0890000044601,False,0,True,3,439,426,725,432,940,443
1211,36.33667600000062,36.36667600000062,878,2,2,1,1,125.12791699555237,False,0,True,3,391,382,676,392,878,401
1212,36.36667600000062,36.396676000000625,888,1,1,1,1,125.24795799981803,False,0,True,3,375,361,660,366,888,407
1213,36.396676000000625,36.426676000000626,860,2,2,2,2,122.44266599736875,False,0,True,3,410,396,656,405,860,451
1214,36.426676000000626,36.45667600000063,880,3,3,2,2,122.73495800036471,False,0,True,3,383,365,675,380,880,440
1215,36.45667600000063,36.48667600000063,867,3,3,2,2,125.27104100445285,False,0,True,3,386,370,657,384,867,452
1216,36.48667600000063,36.51667600000063,950,3,4,2,2,126.03762500657467,False,0,True,3,405,388,696,400,950,435
1217,36.51667600000063,36.54667600000063,986,3,4,2,2,123.14137499924982,False,0,True,3,373,357,697,367,986,394
1218,36.54667600000063,36.57667600000063,872,3,3,2,2,122.60408300062409,False,0,True,3,337,323,627,333,872,339
1219,36.57667600000063,36.60667600000063,720,3,3,3,3,124.36316700041061,False,0,True,3,365,350,563,356,720,383
1220,36.60667600000063,36.636676000000634,712,4,3,3,2,123.45229199854657,False,0,True,3,373,361,568,373,712,436
1221,36.636676000000634,36.666676000000635,660,2,2,2,2,120.9578749985667,False,0,True,3,347,332,541,339,660,346
1222,36.666676000000635,36.696676000000636,725,2,2,2,2,122.39029199554352,False,0,True,3,413,400,597,414,725,449
1223,36.696676000000636,36.72667600000064,648,2,2,2,2,123.34595799620729,False,0,True,3,387,372,548,381,648,388
1224,36.72667600000064,36.75667600000064,690,2,2,2,2,123.1874169970979,False,0,True,3,383,367,561,379,690,383
1225,36.75667600000064,36.78667600000064,687,2,2,2,2,122.06295799842337,False,0,True,3,396,385,577,395,687,419
1226,36.78667600000064,36.81667600000064,729,3,3,2,2,123.55508399923565,False,0,True,3,399,381,586,385,729,388
1227,36.81667600000064,36.84667600000064,813,3,3,2,2,123.63854199793423,False,0,True,3,425,409,635,419,813,434
1228,36.84667600000064,36.87667600000064,803,3,3,2,2,123.20312499650754,False,0,True,3,391,376,587,385,803,418
1229,36.87667600000064,36.906676000000644,867,2,2,2,2,122.39100000442704,False,0,True,3,446,428,647,437,867,453
1230,36.906676000000644,36.936676000000645,816,2,2,2,2,124.60616700263927,False,0,True,3,430,413,625,426,816,434
1231,36.936676000000645,36.966676000000646,799,2,2,2,2,123.55008400481893,False,0,True,3,414,403,616,416,799,424
1232,36.966676000000646,36.99667600000065,711,1,1,1,1,121.85645800491329,False,0,True,3,423,409,622,417,711,428
1233,36.99667600000065,37.02667600000065,625,1,1,1,1,120.61679199541686,False,0,True,3,411,396,555,407,625,424
1234,37.02667600000065,37.05667600000065,559,1,1,1,1,123.69366700295359,False,0,True,3,342,332,462,337,559,368
1235,37.05667600000065,37.08667600000065,610,2,2,1,1,122.46266600413946,False,0,True,3,367,355,493,367,610,371
1236,37.08667600000065,37.11667600000065,591,1,1,1,1,121.92050000157906,False,0,True,3,361,344,490,348,591,357
1237,37.11667600000065,37.14667600000065,584,2,1,1,1,121.84116699791048,False,0,True,3,361,346,492,357,584,382
1238,37.14667600000065,37.176676000000654,523,2,2,2,1,124.72654199518729,False,0,True,3,341,332,448,341,523,361
1239,37.176676000000654,37.206676000000655,523,2,1,2,1,122.32387499534525,False,0,True,3,355,345,446,357,523,387
1240,37.206676000000655,37.23667600000066,515,2,1,1,0,121.93754199688556,False,0,True,3,364,354,456,368,515,401
1241,37.23667600000066,37.26667600000066,511,2,2,2,1,123.62766600563191,False,0,True,3,350,342,428,352,511,363
1242,37.26667600000066,37.29667600000066,478,1,1,1,1,124.59741700149607,False,0,True,3,360,355,422,370,478,381
1243,37.29667600000066,37.32667600000066,527,1,1,1,1,123.53183399682166,False,0,True,3,371,358,450,365,527,373
1244,37.32667600000066,37.35667600000066,508,1,1,1,0,122.57162499736296,False,0,True,3,372,361,433,370,508,385
1245,37.35667600000066,37.38667600000066,466,1,0,1,0,99.96783400129061,False,0,True,3,370,358,436,364,466,372
1246,37.38667600000066,37.41667600000066,456,1,1,1,0,89.31754199875286,False,0,True,3,374,366,422,381,456,385
1247,37.41667600000066,37.446676000000664,530,1,1,1,0,122.96329199307365,False,0,True,3,398,384,477,392,530,404
1248,37.446676000000664,37.476676000000666,546,1,1,1,1,123.51825000223471,False,0,True,3,424,413,485,431,546,442
1249,37.476676000000666,37.50667600000067,577,1,1,1,1,112.98808400169946,False,0,True,3,417,402,502,415,577,437
1250,37.50667600000067,37.53667600000067,614,1,1,1,1,125.62549999711337,False,0,True,3,381,368,503,382,614,413
1251,37.53667600000067,37.56667600000067,684,2,2,1,1,125.61962499603396,False,0,True,3,406,395,557,404,684,415
1252,37.56667600000067,37.59667600000067,656,2,2,1,1,124.43495800107485,False,0,True,3,361,352,525,362,656,373
1253,37.59667600000067,37.62667600000067,735,2,2,2,2,127.32945899915649,False,0,True,3,385,374,567,381,735,403
1254,37.62667600000067,37.65667600000067,732,2,2,2,2,126.24612499348586,False,0,True,3,392,385,548,392,732,439
1255,37.65667600000067,37.68667600000067,744,2,2,1,1,125.65008400270017,False,0,True,3,386,373,568,381,744,395
1256,37.68667600000067,37.716676000000675,709,2,2,2,2,125.45116600085748,False,0,True,3,393,380,559,388,709,408
1257,37.716676000000675,37.746676000000676,605,2,2,1,1,125.41591699846322,False,0,True,3,375,368,534,374,605,382
1258,37.746676000000676,37.77667600000068,607,2,2,2,2,125.38624999433523,False,0,True,3,381,371,528,379,607,386
1259,37.77667600000068,37.80667600000068,636,2,2,1,1,123.7184999990859,False,0,True,3,385,372,532,378,636,390
1260,37.80667600000068,37.83667600000068,625,2,2,1,1,127.07983300060732,False,0,True,3,366,355,511,367,625,373
1261,37.83667600000068,37.86667600000068,645,2,2,2,2,127.0456669954001,False,0,True,3,377,370,518,381,645,391
1262,37.86667600000068,37.89667600000068,663,1,1,1,1,123.65183299698401,False,0,True,3,410,400,548,407,663,414
1263,37.89667600000068,37.92667600000068,701,2,2,2,2,124.23091699747602,False,0,True,3,437,424,586,437,701,443
1264,37.92667600000068,37.956676000000684,701,1,1,1,1,122.88391600304749,False,0,True,3,444,432,580,443,701,481
1265,37.956676000000684,37.986676000000685,625,2,2,2,2,124.15566599520389,False,0,True,3,377,370,495,379,625,403
1266,37.986676000000685,38.016676000000686,602,2,1,2,1,113.00537499482743,False,0,True,3,389,384,492,396,602,455
1267,38.016676000000686,38.04667600000069,583,2,1,2,1,123.99279200326419,False,0,True,3,366,361,464,372,583,456
1268,38.04667600000069,38.07667600000069,649,1,1,1,0,125.44487499690149,False,0,True,3,427,422,515,432,649,471
1269,38.07667600000069,38.10667600000069,680,1,1,1,1,124.43295800039778,False,0,True,3,479,471,577,480,680,512
1270,38.10667600000069,38.13667600000069,678,2,2,2,1,124.69562500336906,False,0,True,3,408,395,545,409,678,438
1271,38.13667600000069,38.16667600000069,622,1,0,1,0,125.53783399926033,False,0,True,3,395,387,516,398,622,423
1272,38.16667600000069,38.19667600000069,680,2,2,2,1,123.39962499390822,False,0,True,3,418,408,553,415,680,423
1273,38.19667600000069,38.226676000000694,642,1,0,1,0,123.72808399959467,False,0,True,3,386,378,522,392,642,409
1274,38.226676000000694,38.256676000000695,650,1,1,1,1,124.96416700014379,False,0,True,3,387,379,512,389,650,409
1275,38.256676000000695,38.286676000000696,737,1,1,1,0,123.1429580002441,False,0,True,3,435,428,578,432,737,460
1276,38.286676000000696,38.3166760000007,700,1,1,1,0,125.50520800141385,False,0,True,3,372,364,515,373,700,409
1277,38.3166760000007,38.3466760000007,762,1,1,1,1,125.43941700278083,False,0,True,3,414,403,584,411,762,420
1278,38.3466760000007,38.3766760000007,755,1,1,1,1,125.25237500085495,False,0,True,3,408,402,550,409,755,421
1279,38.3766760000007,38.4066760000007,797,2,2,1,1,123.66912500147009,False,0,True,3,390,381,539,390,797,442
1280,38.4066760000007,38.4366760000007,704,1,1,1,1,122.71274999511661,False,0,True,3,412,405,540,417,704,455
1281,38.4366760000007,38.4666760000007,695,1,1,1,1,122.246458005975,False,0,True,3,420,412,571,422,695,463
1282,38.4666760000007,38.496676000000704,693,1,1,1,1,123.83045800379477,False,0,True,3,406,402,541,415,693,419
1283,38.496676000000704,38.526676000000705,696,2,2,1,1,124.10887499572709,False,0,True,3,450,443,575,448,696,472
1284,38.526676000000705,38.55667600000071,699,1,1,1,1,122.11508400650928,False,0,True,3,471,462,614,477,699,506
1285,38.55667600000071,38.58667600000071,793,2,2,1,1,122.4689579976257,False,0,True,3,476,471,628,478,793,503
1286,38.58667600000071,38.61667600000071,713,1,1,1,1,124.49487500271061,False,0,True,3,402,393,549,405,713,417
1287,38.61667600000071,38.64667600000071,679,1,1,1,1,122.23795799945947,False,0,True,3,421,416,527,428,679,458
1288,38.64667600000071,38.67667600000071,646,1,1,1,1,125.43362499854993,False,0,True,3,410,402,508,413,646,454
1289,38.67667600000071,38.70667600000071,612,2,2,1,1,124.78716699843062,False,0,True,3,391,382,475,392,612,421
1290,38.70667600000071,38.73667600000071,676,2,2,1,1,123.90883299667621,False,0,True,3,418,411,534,421,676,445
1291,38.73667600000071,38.766676000000714,655,2,1,1,1,124.36829199577915,False,0,True,3,387,377,501,385,655,408
1292,38.766676000000714,38.796676000000716,623,2,2,2,2,122.8847919992404,False,0,True,3,407,399,516,404,623,419
1293,38.796676000000716,38.82667600000072,652,1,1,1,1,122.18958300218219,False,0,True,3,404,395,507,407,652,433
1294,38.82667600000072,38.85667600000072,670,1,1,1,1,121.60920799942687,False,0,True,3,456,446,542,458,670,478
1295,38.85667600000072,38.88667600000072,645,1,1,1,1,122.14020799729042,False,0,True,3,390,382,481,392,645,448
1296,38.88667600000072,38.91667600000072,650,3,3,1,1,124.38337499770569,False,0,True,3,418,412,507,423,650,459
1297,38.91667600000072,38.94667600000072,622,2,2,1,1,123.9326249997248,False,0,True,3,421,412,511,426,622,451
1298,38.94667600000072,38.97667600000072,592,2,2,2,2,148.699833000137,False,0,True,3,399,393,482,407,592,424
1299,38.97667600000072,39.00667600000072,577,1,1,1,1,125.89437499991618,False,0,True,3,392,385,471,393,577,403
1300,39.00667600000072,39.036676000000725,555,2,2,2,2,125.92104200302856,False,0,True,3,393,388,452,399,555,412
1301,39.036676000000725,39.066676000000726,497,2,1,1,0,123.02254200039897,False,0,True,3,361,356,415,365,497,438
1302,39.066676000000726,39.09667600000073,499,1,1,1,1,129.41045799379935,False,0,True,3,384,378,423,381,499,385
1303,39.09667600000073,39.12667600000073,512,1,1,1,1,123.06304200319573,False,0,True,3,382,377,427,386,512,396
1304,39.12667600000073,39.15667600000073,569,2,2,1,1,123.81641699903412,False,0,True,3,403,395,488,406,569,412
1305,39.15667600000073,39.18667600000073,609,2,2,2,2,123.32695799705107,False,0,True,3,415,409,506,415,609,416
1306,39.18667600000073,39.21667600000073,652,2,2,2,2,122.84954200003995,False,0,True,3,415,406,516,413,652,429
1307,39.21667600000073,39.24667600000073,615,2,2,2,2,123.02595799701521,False,0,True,3,398,387,500,395,615,426
1308,39.24667600000073,39.276676000000734,618,2,2,2,2,124.88391700026114,False,0,True,3,388,375,496,384,618,402
1309,39.276676000000734,39.306676000000735,640,2,2,2,2,125.95275000057882,False,0,True,3,409,401,525,412,640,444
1310,39.306676000000735,39.336676000000736,632,2,2,2,2,125.52733399934368,False,0,True,3,414,404,536,415,632,435
1311,39.336676000000736,39.36667600000074,699,2,2,2,2,124.92108300648397,False,0,True,3,414,406,570,414,699,426
1312,39.36667600000074,39.39667600000074,677,1,1,1,1,122.71929200505838,False,0,True,3,385,373,567,378,677,388
1313,39.39667600000074,39.42667600000074,728,2,2,2,2,124.90700000489596,False,0,True,3,357,349,578,356,728,364
1314,39.42667600000074,39.45667600000074,727,2,2,1,1,125.89095900329994,False,0,True,3,366,360,605,365,727,376
1315,39.45667600000074,39.48667600000074,770,2,2,1,1,123.95358399953693,False,0,True,3,373,363,618,367,770,391
1316,39.48667600000074,39.51667600000074,762,2,2,0,0,123.42329200328095,False,0,True,3,368,360,617,366,762,379
1317,39.51667600000074,39.546676000000744,750,3,3,1,1,123.79879099898972,False,0,True,3,389,382,635,394,750,400
1318,39.546676000000744,39.576676000000745,938,2,2,2,2,125.16287499602186,False,0,True,3,403,392,703,401,938,426
1319,39.576676000000745,39.606676000000746,923,3,3,2,2,124.2020420031622,False,0,True,3,385,372,679,378,923,394
1320,39.606676000000746,39.63667600000075,952,2,2,2,2,124.15387500368524,False,0,True,3,400,387,678,395,952,424
1321,39.63667600000075,39.66667600000075,924,1,1,1,1,122.50141700496897,False,0,True,3,396,387,661,394,924,407
1322,39.66667600000075,39.69667600000075,1047,2,2,1,1,124.44262499775505,False,0,True,3,411,401,709,407,1047,417
1323,39.69667600000075,39.72667600000075,1224,2,2,1,1,123.24195900146151,False,0,True,3,387,378,748,385,1224,401
1324,39.72667600000075,39.75667600000075,1340,2,2,2,2,124.9766670007375,False,0,True,3,404,394,790,406,1340,410
1325,39.75667600000075,39.78667600000075,1268,2,2,2,2,122.68666700401809,False,0,True,3,368,357,722,365,1268,372
1326,39.78667600000075,39.816676000000754,1238,2,2,2,2,124.76450000394834,False,0,True,3,391,380,732,389,1238,394
1327,39.816676000000754,39.846676000000755,1227,2,2,2,2,124.4431670056656,False,0,True,3,334,324,670,333,1227,342
1328,39.846676000000755,39.87667600000076,1257,2,2,2,2,125.15020799764898,False,0,True,3,381,369,719,378,1257,386
1329,39.87667600000076,39.90667600000076,1309,1,1,1,1,123.6470419971738,False,0,True,3,367,354,714,362,1309,373
1330,39.90667600000076,39.93667600000076,1236,2,2,2,2,124.09812500118278,False,0,True,3,393,383,720,393,1236,400
1331,39.93667600000076,39.96667600000076,1333,1,1,1,1,124.15262500144308,False,0,True,3,412,401,758,411,1333,417
1332,39.96667600000076,39.99667600000076,1340,1,1,1,1,124.29870900086826,False,0,True,3,413,400,759,409,1340,412
1333,39.99667600000076,40.02667600000076,1278,2,2,1,1,122.75491599575616,False,0,True,3,391,377,705,385,1278,397
1334,40.02667600000076,40.05667600000076,1280,1,1,1,1,123.93304199940758,False,0,True,3,391,384,683,391,1280,401
1335,40.05667600000076,40.086676000000764,1281,2,2,1,1,127.65650000073947,False,0,True,3,409,398,687,406,1281,416
1336,40.086676000000764,40.116676000000766,1237,2,2,2,2,125.19762499869103,False,0,True,3,417,408,725,419,1237,428
1337,40.116676000000766,40.14667600000077,1346,2,2,1,1,125.25545800599502,False,0,True,3,392,380,738,391,1346,396
1338,40.14667600000077,40.17667600000077,1400,2,2,1,1,125.6077500001993,False,0,True,3,429,414,792,425,1400,430
1339,40.17667600000077,40.20667600000077,1366,2,2,2,2,132.79249999322928,False,0,True,3,459,447,805,457,1366,463
1340,40.20667600000077,40.23667600000077,1257,2,2,1,1,129.62474999949336,False,0,True,3,396,380,722,381,1257,385
1341,40.23667600000077,40.26667600000077,1331,2,2,1,1,126.60108300042339,False,0,True,3,405,389,763,405,1331,418
1342,40.26667600000077,40.29667600000077,1374,2,2,2,2,127.27233300392982,False,0,True,3,443,431,775,435,1374,459
1343,40.29667600000077,40.326676000000774,1320,2,2,2,2,127.11379200482043,False,0,True,3,408,396,750,405,1320,418
1344,40.326676000000774,40.356676000000775,1310,3,2,2,2,125.40554199949838,False,0,True,3,406,396,734,413,1310,438
1345,40.356676000000775,40.386676000000776,1122,1,1,1,1,124.69974999839906,False,0,True,3,367,358,645,366,1122,376
1346,40.386676000000776,40.41667600000078,1166,3,2,1,1,126.30312499823049,False,0,True,3,405,395,689,408,1166,425
1347,40.41667600000078,40.44667600000078,1135,2,2,1,1,124.81537500570994,False,0,True,3,426,417,679,427,1135,445
1348,40.44667600000078,40.47667600000078,1036,2,2,2,2,125.0637920020381,False,0,True,3,431,425,675,434,1036,442
1349,40.47667600000078,40.50667600000078,1044,2,2,2,2,124.68579199776286,False,0,True,3,419,412,664,423,1044,426
1350,40.50667600000078,40.53667600000078,1068,2,2,2,2,124.85008299699984,False,0,True,3,419,412,671,424,1068,436
1351,40.53667600000078,40.56667600000078,1055,2,2,2,2,123.86733300081687,False,0,True,3,411,405,662,417,1055,432
1352,40.56667600000078,40.596676000000784,1063,2,2,2,2,127.50037499790778,False,0,True,3,426,416,664,425,1063,448
1353,40.596676000000784,40.626676000000785,975,2,2,2,2,124.94775000232039,False,0,True,3,418,406,670,414,975,426
1354,40.626676000000785,40.656676000000786,941,1,1,1,1,125.29075000202283,False,0,True,3,437,431,679,441,941,451
1355,40.656676000000786,40.68667600000079,847,2,2,2,2,125.39116599509725,False,0,True,3,404,397,632,402,847,408
1356,40.68667600000079,40.71667600000079,894,2,2,2,2,127.19374999869615,False,0,True,3,375,363,618,372,894,381
1357,40.71667600000079,40.74667600000079,936,2,2,2,2,125.69591699866578,False,0,True,3,438,431,676,443,936,444
1358,40.74667600000079,40.77667600000079,805,1,1,1,1,125.94762499793433,False,0,True,3,371,361,606,369,805,374
1359,40.77667600000079,40.80667600000079,835,2,2,2,2,125.7352920001722,False,0,True,3,442,434,637,441,835,447
1360,40.80667600000079,40.83667600000079,739,2,2,2,2,123.01720799587201,False,0,True,3,418,410,593,419,739,423
1361,40.83667600000079,40.866676000000794,731,2,2,2,2,126.2868339981651,False,0,True,3,391,381,584,386,731,392
1362,40.866676000000794,40.896676000000795,813,1,1,1,1,124.4725409997045,False,0,True,3,433,423,625,431,813,444
1363,40.896676000000795,40.926676000000796,778,1,1,1,1,124.62045800202759,False,0,True,3,391,385,586,391,778,399
1364,40.926676000000796,40.9566760000008,734,1,1,1,1,123.81545899552293,False,0,True,3,394,384,570,393,734,424
1365,40.9566760000008,40.9866760000008,758,2,2,1,1,123.96741699922131,False,0,True,3,423,414,609,418,758,438
1366,40.9866760000008,41.0166760000008,813,2,2,1,1,122.9438329974073,False,0,True,3,389,381,601,391,813,400
1367,41.0166760000008,41.0466760000008,945,2,2,2,2,125.86220799857983,False,0,True,3,386,381,617,390,945,407
1368,41.0466760000008,41.0766760000008,933,2,2,2,2,123.62962499901187,False,0,True,3,388,380,616,386,933,396
1369,41.0766760000008,41.1066760000008,985,2,2,2,2,126.57195799693,False,0,True,3,423,417,668,423,985,431
1370,41.1066760000008,41.136676000000804,920,3,3,2,2,125.02654199488461,False,0,True,3,405,398,629,404,920,407
1371,41.136676000000804,41.166676000000805,880,2,2,2,2,125.45958300324855,False,0,True,3,384,377,619,383,880,385
1372,41.166676000000805,41.19667600000081,949,2,2,2,2,123.9332499972079,False,0,True,3,387,382,639,393,949,403
1373,41.19667600000081,41.22667600000081,968,3,3,2,2,123.94958299410064,False,0,True,3,423,416,666,423,968,429
1374,41.22667600000081,41.25667600000081,928,2,2,2,2,124.2465839968645,False,0,True,3,406,398,634,404,928,409
1375,41.25667600000081,41.28667600000081,963,2,2,2,2,126.00033299531788,False,0,True,3,446,440,661,451,963,458
1376,41.28667600000081,41.31667600000081,849,2,2,2,2,124.66541700268863,False,0,True,3,395,388,615,395,849,401
1377,41.31667600000081,41.34667600000081,905,2,2,2,2,125.31237499933923,False,0,True,3,407,400,640,406,905,409
1378,41.34667600000081,41.37667600000081,868,2,2,2,2,124.11599999904865,False,0,True,3,394,385,622,397,868,398
1379,41.37667600000081,41.406676000000814,853,2,2,2,2,125.01304200122831,False,0,True,3,413,404,641,419,853,428
1380,41.406676000000814,41.436676000000816,889,1,1,1,1,124.85704099526629,False,0,True,3,438,429,668,437,889,444
1381,41.436676000000816,41.46667600000082,929,2,2,2,2,125.12987499940209,False,0,True,3,441,434,692,444,929,452
1382,41.46667600000082,41.49667600000082,999,3,3,2,2,127.34174999786774,False,0,True,3,480,472,725,478,999,494
1383,41.49667600000082,41.52667600000082,994,4,4,2,2,127.29058300465113,False,0,True,3,414,408,652,410,994,429
1384,41.52667600000082,41.55667600000082,955,3,3,2,2,124.82266600272851,False,0,True,3,416,409,660,417,955,431
1385,41.55667600000082,41.58667600000082,851,3,3,2,2,127.68520900135627,False,0,True,3,382,373,618,379,851,400
1386,41.58667600000082,41.61667600000082,854,2,2,1,1,125.40637500205776,False,0,True,3,398,391,640,400,854,409
1387,41.61667600000082,41.646676000000824,924,3,3,3,3,126.86804200347979,False,0,True,3,413,403,674,412,924,417
1388,41.646676000000824,41.676676000000825,947,3,3,3,3,125.97104100132128,False,0,True,3,411,401,674,406,947,413
1389,41.676676000000825,41.706676000000826,1033,3,3,3,3,126.21458400099073,False,0,True,3,422,410,723,415,1033,420
1390,41.706676000000826,41.73667600000083,1142,3,3,3,3,125.67662500077859,False,0,True,3,444,434,770,444,1142,453
1391,41.73667600000083,41.76667600000083,1083,3,3,3,3,124.29133399564307,False,0,True,3,413,402,728,411,1083,416
1392,41.76667600000083,41.79667600000083,1059,3,3,3,3,124.84866699378472,False,0,True,3,434,424,728,431,1059,439
1393,41.79667600000083,41.82667600000083,1075,2,2,2,2,125.93966699932935,False,0,True,3,477,465,762,476,1075,484
1394,41.82667600000083,41.85667600000083,942,2,2,2,2,124.28324999928009,False,0,True,3,414,404,665,408,942,416
1395,41.85667600000083,41.88667600000083,929,2,2,2,2,126.5497919957852,False,0,True,3,413,402,676,409,929,414
1396,41.88667600000083,41.916676000000834,922,2,2,2,2,127.09266699675936,False,0,True,3,431,421,683,425,922,441
1397,41.916676000000834,41.946676000000835,933,2,2,2,2,126.14770799700636,False,0,True,3,411,404,666,409,933,430
1398,41.946676000000835,41.976676000000836,817,2,2,2,2,123.90624999534339,False,0,True,3,411,400,627,408,817,427
1399,41.976676000000836,42.00667600000084,779,2,2,2,2,124.76512500143144,False,0,True,3,407,396,620,400,779,407
1400,42.00667600000084,42.03667600000084,708,2,2,2,2,124.75187499512685,False,0,True,3,384,372,578,379,708,388
1401,42.03667600000084,42.06667600000084,724,2,2,2,2,125.10495799506316,False,0,True,3,414,404,592,413,724,421
1402,42.06667600000084,42.09667600000084,697,2,2,2,2,124.36154099850683,False,0,True,3,401,392,574,399,697,409
1403,42.09667600000084,42.12667600000084,666,2,2,2,2,123.73700000171084,False,0,True,3,406,399,565,406,666,419
1404,42.12667600000084,42.15667600000084,697,2,2,2,2,122.67699999938486,False,0,True,3,429,421,598,432,697,441
1405,42.15667600000084,42.186676000000844,671,2,2,2,2,125.0233750033658,False,0,True,3,429,419,581,428,671,435
1406,42.186676000000844,42.216676000000845,619,1,1,1,1,127.63212499703513,False,0,True,3,369,360,534,369,619,375
1407,42.216676000000845,42.246676000000846,626,2,2,2,2,127.01733299763873,False,0,True,3,406,398,545,405,626,414
1408,42.246676000000846,42.27667600000085,673,2,2,2,2,124.97762499697274,False,0,True,3,452,440,598,448,673,461
1409,42.27667600000085,42.30667600000085,599,0,0,0,0,125.29904200346209,False,0,True,3,434,424,555,432,599,438
1410,42.30667600000085,42.33667600000085,571,1,1,1,1,127.92324999463744,False,0,True,3,430,417,522,426,571,442
1411,42.33667600000085,42.36667600000085,544,0,0,0,0,124.91425000189338,False,0,True,3,397,387,496,394,544,413
1412,42.36667600000085,42.39667600000085,570,0,0,0,0,125.2998329946422,False,0,True,3,444,432,530,446,570,470
1413,42.39667600000085,42.42667600000085,567,0,0,0,0,125.98362500284566,False,0,True,3,437,425,533,432,567,445
1414,42.42667600000085,42.456676000000854,550,1,0,0,0,126.14470800326671,False,0,True,3,428,421,501,431,550,463
1415,42.456676000000854,42.486676000000855,545,0,0,0,0,113.45195800095098,False,0,True,3,421,411,505,421,545,449
1416,42.486676000000855,42.51667600000086,516,1,1,0,0,113.14037500414997,False,0,True,3,401,390,489,402,516,408
1417,42.51667600000086,42.54667600000086,522,0,0,0,0,122.3495840022224,False,0,True,3,431,417,505,424,522,429
1418,42.54667600000086,42.57667600000086,584,0,0,0,0,114.16450000251643,False,0,True,3,441,430,555,439,584,444
1419,42.57667600000086,42.60667600000086,543,0,0,0,0,89.49433399538975,False,0,True,3,422,412,513,417,543,423
1420,42.60667600000086,42.63667600000086,607,0,0,0,0,123.90275000507245,False,0,True,3,439,428,570,443,607,448
1421,42.63667600000086,42.66667600000086,634,0,0,0,0,125.22750000061933,False,0,True,3,416,402,576,414,634,431
1422,42.66667600000086,42.69667600000086,673,0,0,0,0,127.74804200307699,False,0,True,3,455,442,626,450,673,457
1423,42.69667600000086,42.726676000000865,671,0,0,0,0,123.92824999551522,False,0,True,3,411,396,594,405,671,421
1424,42.726676000000865,42.756676000000866,804,0,0,0,0,125.70479200076079,False,0,True,3,467,448,690,458,804,471
1425,42.756676000000866,42.78667600000087,716,0,0,0,0,127.41283299692441,False,0,True,3,450,436,632,450,716,457
1426,42.78667600000087,42.81667600000087,732,1,1,0,0,126.73575000371784,False,0,True,3,450,435,644,447,732,459
1427,42.81667600000087,42.84667600000087,703,1,1,0,0,126.14383300387999,False,0,True,3,423,411,620,422,703,428
1428,42.84667600000087,42.87667600000087,808,1,1,1,1,125.47370800166391,False,0,True,3,507,492,721,509,808,517
1429,42.87667600000087,42.90667600000087,846,1,1,1,1,125.18825000006473,False,0,True,3,489,463,760,472,846,481
1430,42.90667600000087,42.93667600000087,745,0,0,0,0,124.26550000236603,False,0,True,3,446,428,648,444,745,465
1431,42.93667600000087,42.966676000000874,718,0,0,0,0,124.00745799823198,False,0,True,3,476,457,653,472,718,487
1432,42.966676000000874,42.996676000000875,655,2,2,1,1,124.97658299980685,False,0,True,3,444,431,588,441,655,447
1433,42.996676000000875,43.026676000000876,774,2,2,0,0,126.11445899528917,False,0,True,3,525,511,689,521,774,549
1434,43.026676000000876,43.05667600000088,766,2,2,2,2,124.5017920009559,False,0,True,3,481,466,649,480,766,511
1435,43.05667600000088,43.08667600000088,1061,2,2,2,2,124.93366700073238,False,0,True,3,507,483,806,491,1061,525
1436,43.08667600000088,43.11667600000088,2229,2,2,2,2,125.90566700237105,False,0,True,3,559,522,1562,545,2229,622
1437,43.11667600000088,43.14667600000088,1378,3,3,2,2,125.84645800234284,False,0,True,3,517,479,1035,500,1378,533
1438,43.14667600000088,43.17667600000088,1112,3,3,2,2,124.44420799874933,False,0,True,3,472,454,838,468,1112,489
1439,43.17667600000088,43.20667600000088,1085,2,2,2,2,124.99937499524094,False,0,True,3,444,430,789,442,1085,457
1440,43.20667600000088,43.236676000000884,1113,3,3,2,2,127.06170900491998,False,0,True,3,448,434,801,440,1113,455
1441,43.236676000000884,43.266676000000885,1120,3,3,2,2,125.56249999761349,False,0,True,3,437,426,809,441,1120,450
1442,43.266676000000885,43.296676000000886,1143,0,0,0,0,123.70187499618623,False,0,True,3,445,435,824,444,1143,463
1443,43.296676000000886,43.32667600000089,1140,2,2,0,0,126.09095800144132,False,0,True,3,450,439,834,449,1140,465
1444,43.32667600000089,43.35667600000089,994,1,1,0,0,125.36225000076229,False,0,True,3,442,431,763,442,994,462
1445,43.35667600000089,43.38667600000089,706,1,1,0,0,126.23275000078138,False,0,True,3,405,396,598,402,706,413
1446,43.38667600000089,43.41667600000089,699,2,1,1,1,124.61166700086324,False,0,True,3,391,384,592,392,699,410
1447,43.41667600000089,43.44667600000089,726,2,2,1,1,126.68404199939687,False,0,True,3,394,386,594,395,726,408
1448,43.44667600000089,43.47667600000089,696,2,2,1,2,126.89387499995064,False,0,True,3,414,408,584,415,696,424
1449,43.47667600000089,43.506676000000894,736,2,2,2,1,125.6809999977122,False,0,True,3,446,441,616,449,736,454
1450,43.506676000000894,43.536676000000895,728,2,2,2,2,126.08962500235066,False,0,True,3,452,448,627,456,728,465
1451,43.536676000000895,43.566676000000896,706,2,2,2,2,126.21675000264077,False,0,True,3,435,431,599,443,706,444
1452,43.566676000000896,43.5966760000009,647,2,2,2,2,125.0200419963221,False,0,True,3,409,405,550,411,647,423
1453,43.5966760000009,43.6266760000009,598,2,2,2,2,126.53774999489542,False,0,True,3,404,400,525,406,598,419
1454,43.6266760000009,43.6566760000009,589,1,1,1,1,126.10970900277607,False,0,True,3,416,412,525,417,589,428
1455,43.6566760000009,43.6866760000009,628,1,1,1,1,126.39012499857927,False,0,True,3,431,425,559,434,628,442
1456,43.6866760000009,43.7166760000009,617,1,1,1,1,126.01249999715947,False,0,True,3,429,424,549,427,617,431
1457,43.7166760000009,43.7466760000009,629,1,1,1,1,125.4800829992746,False,0,True,3,431,426,538,430,629,445
1458,43.7466760000009,43.776676000000904,656,1,1,1,1,126.2499580043368,False,0,True,3,466,462,579,469,656,478
1459,43.776676000000904,43.806676000000905,634,1,1,1,1,124.16483400011202,False,0,True,3,417,411,541,416,634,440
1460,43.806676000000905,43.83667600000091,653,1,1,1,1,123.63895900489297,False,0,True,3,426,421,561,429,653,451
1461,43.83667600000091,43.86667600000091,641,1,1,1,1,125.22508300025947,False,0,True,3,431,425,556,428,641,444
1462,43.86667600000091,43.89667600000091,639,1,1,1,1,125.72124999860534,False,0,True,3,419,414,551,424,639,431
1463,43.89667600000091,43.92667600000091,701,1,1,1,1,125.58687500131782,False,0,True,3,480,475,591,476,701,483
1464,43.92667600000091,43.95667600000091,646,1,1,1,1,124.45658299839124,False,0,True,3,408,404,518,410,646,419
1465,43.95667600000091,43.98667600000091,678,1,1,1,1,125.1832080015447,False,0,True,3,441,436,563,443,678,449
1466,43.98667600000091,44.01667600000091,648,1,1,1,1,125.53441600175574,False,0,True,3,388,384,502,387,648,402
1467,44.01667600000091,44.046676000000915,666,1,1,1,1,125.59937500191154,False,0,True,3,403,398,524,402,666,406
1468,44.046676000000915,44.076676000000916,699,1,1,1,1,123.55029199534329,False,0,True,3,422,417,554,424,699,437
1469,44.076676000000916,44.10667600000092,685,2,2,1,1,126.85108299774583,False,0,True,3,399,395,547,401,685,407
1470,44.10667600000092,44.13667600000092,637,1,1,1,1,125.80087499372894,False,0,True,3,358,352,510,354,637,363
1471,44.13667600000092,44.16667600000092,690,1,1,1,1,124.49799999740208,False,0,True,3,382,377,533,381,690,398
1472,44.16667600000092,44.19667600000092,689,1,1,1,1,123.92066699976567,False,0,True,3,408,405,558,409,689,418
1473,44.19667600000092,44.22667600000092,732,1,1,1,1,126.69287499738857,False,0,True,3,414,406,582,411,732,422
1474,44.22667600000092,44.25667600000092,734,1,1,1,1,125.21050000214018,False,0,True,3,408,399,588,409,734,422
1475,44.25667600000092,44.286676000000924,749,1,1,1,1,125.76316600461723,False,0,True,3,404,394,611,403,749,411
1476,44.286676000000924,44.316676000000925,732,1,1,1,1,125.61441699654097,False,0,True,3,384,371,594,377,732,385
1477,44.316676000000925,44.346676000000926,747,1,1,1,1,124.45741600095062,False,0,True,3,395,386,596,396,747,400
1478,44.346676000000926,44.37667600000093,720,1,1,1,1,126.89054099610075,False,0,True,3,382,373,588,382,720,386
1479,44.37667600000093,44.40667600000093,764,1,1,1,1,125.14066699804971,False,0,True,3,384,372,600,379,764,383
1480,44.40667600000093,44.43667600000093,825,1,1,1,1,123.70879200170748,False,0,True,3,408,398,654,402,825,418
1481,44.43667600000093,44.46667600000093,844,1,1,1,1,125.94633399567101,False,0,True,3,412,403,653,411,844,415
1482,44.46667600000093,44.49667600000093,816,2,2,1,1,128.28108399844496,False,0,True,3,419,409,642,414,816,426
1483,44.49667600000093,44.52667600000093,789,1,1,1,1,127.19183300214354,False,0,True,3,396,387,615,395,789,407
1484,44.52667600000093,44.556676000000934,849,2,2,1,1,126.91891600115923,False,0,True,3,413,405,634,417,849,427
1485,44.556676000000934,44.586676000000935,806,1,1,1,1,125.35970899625681,False,0,True,3,364,356,581,364,806,369
1486,44.586676000000935,44.616676000000936,831,2,2,2,2,128.95758300146554,False,0,True,3,399,389,653,399,831,406
1487,44.616676000000936,44.64667600000094,860,2,2,2,2,126.81487500231015,False,0,True,3,418,404,666,408,860,420
1488,44.64667600000094,44.67667600000094,822,2,2,2,2,128.6030409974046,False,0,True,3,419,411,636,421,822,428
1489,44.67667600000094,44.70667600000094,808,1,1,1,1,128.55820800177753,False,0,True,3,390,385,610,392,808,400
1490,44.70667600000094,44.73667600000094,887,2,2,2,2,129.2747089974,False,0,True,3,420,413,645,421,887,452
1491,44.73667600000094,44.76667600000094,939,2,2,2,2,128.2200420027948,False,0,True,3,428,416,694,427,939,441
1492,44.76667600000094,44.79667600000094,1026,2,2,2,2,128.56283300061477,False,0,True,3,446,433,728,438,1026,451
1493,44.79667600000094,44.826676000000944,875,1,1,1,1,129.13420800032327,False,0,True,3,411,404,638,410,875,430
1494,44.826676000000944,44.856676000000945,958,2,2,2,2,127.16762499621836,False,0,True,3,425,416,677,422,958,431
1495,44.856676000000945,44.886676000000946,963,2,2,2,2,128.02133299555862,False,0,True,3,424,413,689,418,963,425
1496,44.886676000000946,44.91667600000095,1081,2,2,1,1,131.01358299900312,False,0,True,3,449,439,727,449,1081,461
1497,44.91667600000095,44.94667600000095,1323,3,3,2,2,130.42254200263415,False,0,True,3,467,461,799,468,1323,484
1498,44.94667600000095,44.97667600000095,1344,3,3,3,3,129.42654200014658,False,0,True,3,450,440,762,450,1344,462
1499,44.97667600000095,45.00667600000095,1139,1,1,1,1,129.64716699934797,False,0,True,3,474,465,740,476,1139,489
1500,45.00667600000095,45.03667600000095,1112,2,2,2,2,128.725457994733,False,0,True,3,438,429,744,439,1112,459
1501,45.03667600000095,45.06667600000095,1400,3,3,1,1,127.99241700122366,False,0,True,3,451,438,880,444,1400,474
1502,45.06667600000095,45.096676000000954,1244,2,2,2,2,127.60258300113492,False,0,True,3,456,442,827,451,1244,476
1503,45.096676000000954,45.126676000000955,968,1,1,1,1,128.69708299695048,False,0,True,3,428,417,699,429,968,464
1504,45.126676000000955,45.15667600000096,935,1,1,1,1,126.44595799793024,False,0,True,3,494,488,703,502,935,523
1505,45.15667600000096,45.18667600000096,868,1,1,1,1,125.60262499755481,False,0,True,3,437,431,635,438,868,443
1506,45.18667600000096,45.21667600000096,910,1,1,1,1,126.79520800156752,False,0,True,3,442,430,695,435,910,445
1507,45.21667600000096,45.24667600000096,986,2,2,1,1,127.17537499702303,False,0,True,3,463,454,731,464,986,475
1508,45.24667600000096,45.27667600000096,770,1,1,1,1,126.4391250006156,False,0,True,3,502,494,647,502,770,510
1509,45.27667600000096,45.30667600000096,761,1,1,1,1,124.75283299863804,False,0,True,3,487,480,647,484,761,504
1510,45.30667600000096,45.33667600000096,942,2,2,1,1,125.69358399923658,False,0,True,3,486,481,685,487,942,503
1511,45.33667600000096,45.366676000000965,830,2,2,1,1,125.39958300476428,False,0,True,3,439,431,622,443,830,452
1512,45.366676000000965,45.396676000000966,834,2,2,1,1,124.32954199903179,False,0,True,3,462,456,652,459,834,486
1513,45.396676000000966,45.42667600000097,920,3,3,1,1,125.51362500380492,False,0,True,3,413,409,657,415,920,442
1514,45.42667600000097,45.45667600000097,667,2,2,1,1,127.15333300002385,False,0,True,3,442,438,581,447,667,461
1515,45.45667600000097,45.48667600000097,682,2,2,1,1,125.45429099554894,False,0,True,3,415,410,593,420,682,424
1516,45.48667600000097,45.51667600000097,640,2,2,2,2,125.64658300107112,False,0,True,3,394,391,537,398,640,415
1517,45.51667600000097,45.54667600000097,638,2,2,2,2,125.58829100453295,False,0,True,3,401,394,556,400,638,410
1518,45.54667600000097,45.57667600000097,636,1,1,1,1,126.31412500195438,False,0,True,3,402,395,562,403,636,416
1519,45.57667600000097,45.606676000000974,718,2,2,2,2,124.74833300075261,False,0,True,3,430,424,595,430,718,442
1520,45.606676000000974,45.636676000000975,804,2,2,2,2,125.13154200132703,False,0,True,3,483,475,663,485,804,513
1521,45.636676000000975,45.666676000000976,749,2,2,2,2,126.18237500282703,False,0,True,3,436,432,636,440,749,451
1522,45.666676000000976,45.69667600000098,684,2,2,2,2,125.80466700455872,False,0,True,3,402,396,584,403,684,421
1523,45.69667600000098,45.72667600000098,664,1,1,1,1,125.09974999557016,False,0,True,3,397,392,569,398,664,415
1524,45.72667600000098,45.75667600000098,686,2,2,1,1,125.22837500000605,False,0,True,3,422,418,604,427,686,438
1525,45.75667600000098,45.78667600000098,708,2,2,2,2,126.78537500323728,False,0,True,3,457,448,627,457,708,486
1526,45.78667600000098,45.81667600000098,659,1,1,1,1,125.03791700146394,False,0,True,3,445,435,603,450,659,462
1527,45.81667600000098,45.84667600000098,668,1,1,1,1,124.70808299985947,False,0,True,3,456,447,601,459,668,479
1528,45.84667600000098,45.876676000000984,638,2,2,2,2,126.44929200178012,False,0,True,3,425,412,572,416,638,433
1529,45.876676000000984,45.906676000000985,681,2,2,1,1,126.74604200583417,False,0,True,3,449,442,619,459,681,467
1530,45.906676000000985,45.936676000000986,650,2,2,1,1,125.65975000325125,False,0,True,3,437,431,593,441,650,445
1531,45.936676000000986,45.96667600000099,726,1,1,1,1,125.34216700441903,False,0,True,3,457,449,636,466,726,481
1532,45.96667600000099,45.99667600000099,715,2,2,1,1,124.75995799468365,False,0,True,3,446,439,618,449,715,462
1533,45.99667600000099,46.02667600000099,660,1,1,1,1,125.55933299881872,False,0,True,3,421,416,568,429,660,441
1534,46.02667600000099,46.05667600000099,721,2,1,2,1,124.81245899834903,False,0,True,3,468,463,615,473,721,483
1535,46.05667600000099,46.08667600000099,825,1,1,1,1,125.8765000020503,False,0,True,3,464,457,667,465,825,486
1536,46.08667600000099,46.11667600000099,854,2,2,1,1,126.04354200448142,False,0,True,3,451,444,665,456,854,475
1537,46.11667600000099,46.146676000000994,959,4,3,1,1,129.2786670019268,False,0,True,3,482,477,700,494,959,516
1538,46.146676000000994,46.176676000000995,983,2,2,2,2,127.82691699976567,False,0,True,3,516,512,761,522,983,537
1539,46.176676000000995,46.206676000000996,1038,2,2,2,2,128.11074999626726,False,0,True,3,522,516,771,526,1038,553
1540,46.206676000000996,46.236676000001,966,2,2,2,2,129.22529200295685,False,0,True,3,429,424,700,431,966,436
1541,46.236676000001,46.266676000001,1080,2,2,2,2,128.9982919988688,False,0,True,3,492,484,787,495,1080,507
1542,46.266676000001,46.296676000001,1163,2,2,2,2,127.11970799864503,False,0,True,3,472,463,799,472,1163,477
1543,46.296676000001,46.326676000001,1136,2,2,2,2,129.36633299977984,False,0,True,3,425,416,776,427,1136,431
1544,46.326676000001,46.356676000001,1192,2,2,2,2,129.09400000353344,False,0,True,3,473,464,807,469,1192,476
1545,46.356676000001,46.386676000001,1221,2,2,2,2,127.9133339994587,False,0,True,3,463,458,845,468,1221,480
1546,46.386676000001,46.416676000001004,1254,3,3,2,2,127.26554099936038,False,0,True,3,451,443,846,451,1254,464
1547,46.416676000001004,46.446676000001005,1327,3,3,1,1,127.51254199974937,False,0,True,3,458,450,884,458,1327,461
1548,46.446676000001005,46.47667600000101,1403,3,3,1,1,126.45741600135807,False,0,True,3,461,451,900,459,1403,470
1549,46.47667600000101,46.50667600000101,1319,3,3,2,2,127.78637500014156,False,0,True,3,429,417,861,422,1319,437
1550,46.50667600000101,46.53667600000101,1240,4,4,3,3,130.34720799623756,False,0,True,3,436,428,871,430,1240,438
1551,46.53667600000101,46.56667600000101,1300,3,3,2,2,128.74920800095424,False,0,True,3,452,440,899,446,1300,452
1552,46.56667600000101,46.59667600000101,1343,3,3,3,3,127.82462500035763,False,0,True,3,433,422,907,432,1343,440
1553,46.59667600000101,46.62667600000101,1343,3,3,3,3,129.13479200506117,False,0,True,3,407,396,898,400,1343,415
1554,46.62667600000101,46.65667600000101,1321,3,3,3,3,128.01195899373852,False,0,True,3,432,424,919,434,1321,440
1555,46.65667600000101,46.686676000001015,1300,3,3,3,3,126.52466699364595,False,0,True,3,423,411,896,416,1300,423
1556,46.686676000001015,46.716676000001016,1448,3,3,1,2,125.98254199838266,False,0,True,3,485,472,985,483,1448,512
1557,46.716676000001016,46.74667600000102,1451,3,3,2,2,128.09425000159536,False,0,True,3,462,452,966,458,1451,466
1558,46.74667600000102,46.77667600000102,1612,2,2,2,2,129.12100000539795,False,0,True,3,464,449,997,456,1612,463
1559,46.77667600000102,46.80667600000102,1729,3,3,3,3,125.83445799828041,False,0,True,3,450,436,1015,448,1729,464
1560,46.80667600000102,46.83667600000102,1808,3,3,2,2,125.04587500006892,False,0,True,3,471,456,1065,468,1808,480
1561,46.83667600000102,46.86667600000102,1894,4,4,3,3,127.6393329972052,False,0,True,3,436,422,1039,435,1894,441
1562,46.86667600000102,46.89667600000102,2070,4,4,3,3,128.70162499893922,False,0,True,3,477,460,1096,468,2070,477
1563,46.89667600000102,46.926676000001024,2221,2,2,1,1,126.35354100348195,False,0,True,3,455,441,1099,453,2221,463
1564,46.926676000001024,46.956676000001025,2491,3,3,2,2,127.47616700653452,False,0,True,3,464,450,1143,462,2491,471
1565,46.956676000001025,46.986676000001026,2629,3,3,3,3,127.60462499863934,False,0,True,3,430,411,1083,418,2629,426
1566,46.986676000001026,47.01667600000103,2733,3,3,3,3,126.98112499492709,False,0,True,3,474,456,1136,466,2733,475
1567,47.01667600000103,47.04667600000103,2913,4,4,3,3,127.83604199648835,False,0,True,3,523,503,1205,518,2913,532
1568,47.04667600000103,47.07667600000103,2945,3,3,2,2,128.49854199885158,False,0,True,3,461,445,1156,456,2945,471
1569,47.07667600000103,47.10667600000103,2947,4,4,4,4,127.74583399732364,False,0,True,3,488,474,1202,484,2947,494
1570,47.10667600000103,47.13667600000103,3066,4,4,3,3,129.24483299866552,False,0,True,3,458,440,1214,445,3066,454
1571,47.13667600000103,47.16667600000103,2970,4,4,3,3,127.97074999980396,False,0,True,3,445,427,1190,436,2970,445
1572,47.16667600000103,47.196676000001034,2925,4,4,4,4,128.89483300386928,False,0,True,3,462,441,1212,450,2925,463
1573,47.196676000001034,47.226676000001035,2919,4,4,3,3,127.2312500004773,False,0,True,3,448,430,1163,441,2919,453
1574,47.226676000001035,47.256676000001036,2953,4,4,2,2,127.43483400117839,False,0,True,3,476,457,1229,466,2953,478
1575,47.256676000001036,47.28667600000104,2958,4,4,4,4,128.66362500062678,False,0,True,3,474,457,1230,469,2958,476
1576,47.28667600000104,47.31667600000104,2817,4,4,4,4,128.64462500147056,False,0,True,3,470,451,1224,456,2817,464
1577,47.31667600000104,47.34667600000104,2942,4,4,4,4,128.13887499942211,False,0,True,3,440,426,1257,439,2942,451
1578,47.34667600000104,47.37667600000104,2945,4,4,4,4,128.63195800309768,False,0,True,3,426,413,1264,419,2945,425
1579,47.37667600000104,47.40667600000104,3114,4,4,4,4,129.30595799844014,False,0,True,3,434,414,1342,427,3114,435
1580,47.40667600000104,47.43667600000104,3167,4,4,4,4,127.984667000419,False,0,True,3,443,423,1325,435,3167,443
1581,47.43667600000104,47.466676000001044,3186,4,4,3,3,126.8664999952307,False,0,True,3,435,417,1317,426,3186,438
1582,47.466676000001044,47.496676000001045,3001,3,4,3,3,127.39879199943971,False,0,True,3,472,450,1333,460,3001,479
1583,47.496676000001045,47.526676000001046,3028,4,4,3,4,129.86745800299104,False,0,True,3,468,447,1335,453,3028,464
1584,47.526676000001046,47.55667600000105,3054,4,4,3,3,128.05041699903086,False,0,True,3,468,449,1362,462,3054,471
1585,47.55667600000105,47.58667600000105,2934,4,4,4,4,127.84854199708207,False,0,True,3,440,420,1316,434,2934,443
1586,47.58667600000105,47.61667600000105,2891,4,4,4,4,129.06991699856007,False,0,True,3,438,416,1303,426,2891,448
1587,47.61667600000105,47.64667600000105,2909,4,4,2,3,126.53699999646051,False,0,True,3,462,440,1347,455,2909,464
1588,47.64667600000105,47.67667600000105,2903,4,4,4,4,126.4389160060091,False,0,True,3,495,472,1381,483,2903,495
1589,47.67667600000105,47.70667600000105,2898,4,4,3,3,127.94745800056262,False,0,True,3,476,454,1353,464,2898,482
1590,47.70667600000105,47.736676000001054,2977,4,4,4,4,128.53416700090747,False,0,True,3,478,460,1386,476,2977,483
1591,47.736676000001054,47.766676000001056,2899,4,4,4,4,127.26391600153875,False,0,True,3,462,441,1363,455,2899,471
1592,47.766676000001056,47.79667600000106,2824,4,4,4,4,127.54316700011259,False,0,True,3,441,416,1352,433,2824,439
1593,47.79667600000106,47.82667600000106,2687,3,3,2,2,129.23145799868507,False,0,True,3,482,453,1361,461,2687,472
1594,47.82667600000106,47.85667600000106,2410,4,4,3,3,129.14829100191128,False,0,True,3,448,423,1301,432,2410,443
1595,47.85667600000106,47.88667600000106,2466,4,4,3,3,128.31000000005588,False,0,True,3,497,470,1353,488,2466,507
1596,47.88667600000106,47.91667600000106,2522,4,4,4,4,130.29050000477582,False,0,True,3,448,427,1315,439,2522,474
1597,47.91667600000106,47.94667600000106,2574,4,4,4,4,129.52483299886808,False,0,True,3,421,399,1374,413,2574,438
1598,47.94667600000106,47.97667600000106,2621,3,4,3,3,128.61316699854797,False,0,True,3,444,427,1423,440,2621,477
1599,47.97667600000106,48.006676000001065,2629,4,4,4,4,128.44945899996674,False,0,True,3,452,430,1418,445,2629,460
1600,48.006676000001065,48.036676000001066,2547,4,4,3,4,127.91095799912,False,0,True,3,380,356,1378,367,2547,378
1601,48.036676000001066,48.06667600000107,2774,3,3,2,3,127.55812500108732,False,0,True,3,442,418,1468,432,2774,451
1602,48.06667600000107,48.09667600000107,2870,4,4,3,3,128.23866700637154,False,0,True,3,448,424,1492,444,2870,447
1603,48.09667600000107,48.12667600000107,2929,4,4,3,3,128.21908300247742,False,0,True,3,483,455,1522,475,2929,487
1604,48.12667600000107,48.15667600000107,2861,4,4,4,4,129.3782079956145,False,0,True,3,479,455,1528,460,2861,472
1605,48.15667600000107,48.18667600000107,2718,4,4,3,3,126.75058400054695,False,0,True,3,490,464,1467,484,2718,495
1606,48.18667600000107,48.21667600000107,2683,4,4,3,3,128.11541600240162,False,0,True,3,462,434,1496,444,2683,449
1607,48.21667600000107,48.246676000001074,2743,4,4,3,3,128.7511250047828,False,0,True,3,477,447,1564,467,2743,472
1608,48.246676000001074,48.276676000001075,2739,4,4,3,3,129.24945799750276,False,0,True,3,458,429,1609,437,2739,445
1609,48.276676000001075,48.306676000001076,2770,4,4,3,3,128.33120900177164,False,0,True,3,451,427,1609,439,2770,458
1610,48.306676000001076,48.33667600000108,2805,4,4,4,4,129.04525000340072,False,0,True,3,463,439,1620,453,2805,475
1611,48.33667600000108,48.36667600000108,2846,4,4,4,4,130.1686669976334,False,0,True,3,501,470,1703,490,2846,495
1612,48.36667600000108,48.39667600000108,2747,4,4,3,3,127.85912500112318,False,0,True,3,432,395,1574,409,2747,412
1613,48.39667600000108,48.42667600000108,2813,4,4,4,4,128.38154199562268,False,0,True,3,472,444,1646,464,2813,470
1614,48.42667600000108,48.45667600000108,2711,4,4,3,3,128.82062499556923,False,0,True,3,474,441,1631,454,2711,463
1615,48.45667600000108,48.48667600000108,2563,4,4,4,4,129.25904099392937,False,0,True,3,478,454,1627,472,2563,482
1616,48.48667600000108,48.516676000001084,2524,4,4,3,3,127.87187500362052,False,0,True,3,480,449,1615,463,2524,472
1617,48.516676000001084,48.546676000001085,2561,4,4,4,4,128.13891599944327,False,0,True,3,493,459,1617,481,2561,492
1618,48.546676000001085,48.576676000001086,2448,4,4,4,4,129.10304099932546,False,0,True,3,461,431,1610,446,2448,455
1619,48.576676000001086,48.60667600000109,2267,4,4,4,4,127.69533399841748,False,0,True,3,475,442,1536,454,2267,464
1620,48.60667600000109,48.63667600000109,2194,4,4,3,2,127.69312499585794,False,0,True,3,496,467,1537,486,2194,496
1621,48.63667600000109,48.66667600000109,2244,4,4,3,3,128.6990419976064,False,0,True,3,448,411,1483,424,2244,442
1622,48.66667600000109,48.69667600000109,2121,4,4,3,3,128.506875000312,False,0,True,3,470,435,1459,447,2121,458
1623,48.69667600000109,48.72667600000109,2211,4,4,3,3,129.28516599640716,False,0,True,3,487,454,1499,462,2211,472
1624,48.72667600000109,48.75667600000109,2197,4,4,3,3,128.04345899348846,False,0,True,3,531,493,1532,509,2197,517
1625,48.75667600000109,48.786676000001094,2028,4,4,3,4,130.5087500004447,False,0,True,3,475,434,1405,443,2028,455
1626,48.786676000001094,48.816676000001095,1978,4,4,3,3,127.41545899916673,False,0,True,3,523,487,1435,508,1978,511
1627,48.816676000001095,48.846676000001096,2027,4,4,4,4,128.28774999798043,False,0,True,3,515,474,1407,490,2027,503
1628,48.846676000001096,48.8766760000011,2071,4,4,4,4,129.10504199680872,False,0,True,3,541,501,1438,523,2071,532
1629,48.8766760000011,48.9066760000011,2103,4,4,3,3,129.51249999605352,False,0,True,3,480,445,1421,461,2103,474
1630,48.9066760000011,48.9366760000011,2161,4,4,4,4,128.08154100639513,False,0,True,3,519,490,1461,510,2161,524
1631,48.9366760000011,48.9666760000011,2109,4,4,4,4,128.3757909986889,False,0,True,3,557,516,1517,532,2109,547
1632,48.9666760000011,48.9966760000011,2119,3,4,3,3,128.83216599584557,False,0,True,3,521,488,1480,506,2119,533
1633,48.9966760000011,49.0266760000011,2246,4,4,4,4,128.19224999839207,False,0,True,3,517,476,1534,498,2246,504
1634,49.0266760000011,49.056676000001104,2297,4,4,4,4,128.52791699697264,False,0,True,3,532,501,1533,519,2297,533
1635,49.056676000001104,49.086676000001106,2225,4,4,3,3,128.53875000291737,False,0,True,3,492,460,1507,473,2225,479
1636,49.086676000001106,49.11667600000111,2229,4,4,4,4,127.95337499846937,False,0,True,3,486,459,1542,475,2229,482
1637,49.11667600000111,49.14667600000111,2169,4,4,4,4,127.3553749997518,False,0,True,3,485,458,1510,470,2169,486
1638,49.14667600000111,49.17667600000111,2263,4,4,4,4,127.40233299700776,False,0,True,3,519,484,1575,498,2263,513
1639,49.17667600000111,49.20667600000111,2176,4,4,4,4,129.46479200036265,False,0,True,3,467,442,1489,458,2176,467
1640,49.20667600000111,49.23667600000111,2314,4,4,4,4,128.48425000265706,False,0,True,3,476,448,1527,461,2314,473
1641,49.23667600000111,49.26667600000111,2327,4,4,4,4,129.70679100544658,False,0,True,3,542,511,1565,528,2327,536
1642,49.26667600000111,49.29667600000111,2308,4,4,4,4,128.8402499994845,False,0,True,3,509,482,1543,506,2308,514
1643,49.29667600000111,49.326676000001115,2353,4,4,3,3,129.4649589981418,False,0,True,3,541,514,1589,545,2353,556
1644,49.326676000001115,49.356676000001116,2279,4,4,4,4,129.01520800369326,False,0,True,3,485,456,1463,463,2279,469
1645,49.356676000001116,49.38667600000112,2147,2,3,2,3,127.23395800276194,False,0,True,3,519,485,1454,502,2147,511
1646,49.38667600000112,49.41667600000112,2144,3,4,3,4,130.0782500038622,False,0,True,3,492,460,1483,478,2144,499
1647,49.41667600000112,49.44667600000112,2111,4,4,3,3,128.15620800392935,False,0,True,3,535,497,1468,514,2111,529
1648,49.44667600000112,49.47667600000112,2122,3,3,2,2,127.79225000122096,False,0,True,3,523,486,1472,505,2122,535
1649,49.47667600000112,49.50667600000112,2007,3,3,3,3,128.4857499995269,False,0,True,3,500,462,1442,485,2007,507
1650,49.50667600000112,49.53667600000112,2067,4,4,3,3,129.67291699897032,False,0,True,3,536,506,1471,525,2067,543
1651,49.53667600000112,49.566676000001124,2201,4,4,3,3,129.42987499991432,False,0,True,3,539,510,1525,530,2201,537
1652,49.566676000001124,49.596676000001125,2157,3,3,3,3,128.3482919970993,False,0,True,3,544,514,1495,535,2157,549
1653,49.596676000001125,49.626676000001126,2252,4,4,3,3,129.454166002688,False,0,True,3,578,547,1558,568,2252,578
1654,49.626676000001126,49.65667600000113,2085,4,4,3,3,127.17279099888401,False,0,True,3,568,533,1481,549,2085,553
1655,49.65667600000113,49.68667600000113,2092,3,3,3,3,127.67662500118604,False,0,True,3,572,535,1520,552,2092,559
1656,49.68667600000113,49.71667600000113,2029,4,4,3,3,128.47720900026616,False,0,True,3,516,480,1467,493,2029,503
1657,49.71667600000113,49.74667600000113,2036,3,3,3,3,128.11212499946123,False,0,True,3,595,561,1494,580,2036,585
1658,49.74667600000113,49.77667600000113,2035,4,4,3,3,127.88608299888438,False,0,True,3,577,549,1520,567,2035,579
1659,49.77667600000113,49.80667600000113,1993,4,4,3,3,128.97112499922514,False,0,True,3,597,561,1493,578,1993,591
1660,49.80667600000113,49.836676000001134,2106,4,4,2,2,129.88133299950277,False,0,True,3,578,546,1544,563,2106,578
1661,49.836676000001134,49.866676000001135,2063,4,4,3,3,127.91112499689916,False,0,True,3,559,524,1552,547,2063,562
1662,49.866676000001135,49.896676000001136,2149,4,4,4,4,127.59404200187419,False,0,True,3,579,544,1594,569,2149,583
1663,49.896676000001136,49.92667600000114,2088,4,4,3,3,128.9535409960081,False,0,True,3,516,486,1536,502,2088,515
1664,49.92667600000114,49.95667600000114,2002,4,4,3,3,128.17183399602072,False,0,True,3,517,485,1492,500,2002,515
1665,49.95667600000114,49.98667600000114,2169,4,4,2,2,129.67420799395768,False,0,True,3,560,533,1559,542,2169,553
1666,49.98667600000114,50.01667600000114,2207,4,4,4,4,129.45583299733698,False,0,True,3,557,526,1571,542,2207,553
1667,50.01667600000114,50.04667600000114,2283,4,4,3,3,130.3354580013547,False,0,True,3,584,550,1614,560,2283,584
1668,50.04667600000114,50.07667600000114,2164,4,4,2,2,129.37508300092304,False,0,True,3,577,539,1589,552,2164,572
1669,50.07667600000114,50.106676000001144,2095,4,4,3,3,128.23104199924273,False,0,True,3,510,489,1534,506,2095,516
1670,50.106676000001144,50.136676000001145,2271,4,4,3,3,129.44458400306758,False,0,True,3,552,526,1579,551,2271,568
1671,50.136676000001145,50.16667600000115,2250,4,4,4,4,129.66758300171932,False,0,True,3,522,500,1540,517,2250,526
1672,50.16667600000115,50.19667600000115,2165,4,4,4,4,128.75020900537493,False,0,True,3,549,524,1521,540,2165,546
1673,50.19667600000115,50.22667600000115,2111,4,4,4,4,128.06149999960326,False,0,True,3,543,518,1522,533,2111,539
1674,50.22667600000115,50.25667600000115,2064,3,3,3,3,129.91283299925271,False,0,True,3,564,530,1516,547,2064,558
1675,50.25667600000115,50.28667600000115,2064,4,4,4,4,128.03479200374568,False,0,True,3,543,514,1496,532,2064,539
1676,50.28667600000115,50.31667600000115,1981,4,4,3,3,128.48366599791916,False,0,True,3,585,555,1462,574,1981,584
1677,50.31667600000115,50.34667600000115,1907,4,4,3,3,128.37370800116332,False,0,True,3,564,536,1470,561,1907,569
1678,50.34667600000115,50.376676000001154,1861,4,4,3,3,129.2749170024763,False,0,True,3,563,525,1409,544,1861,558
1679,50.376676000001154,50.406676000001156,1944,3,3,3,3,131.29949999711243,False,0,True,3,596,562,1478,582,1944,590
1680,50.406676000001156,50.43667600000116,1888,4,4,2,2,129.76258299750043,False,0,True,3,532,505,1428,525,1888,541
1681,50.43667600000116,50.46667600000116,1966,4,4,2,2,129.50370799808297,False,0,True,3,574,533,1453,553,1966,583
1682,50.46667600000116,50.49667600000116,2013,4,4,2,2,130.49974999739788,False,0,True,3,639,598,1518,618,2013,634
1683,50.49667600000116,50.52667600000116,1914,4,4,3,3,128.93462500505848,False,0,True,3,567,528,1443,542,1914,553
1684,50.52667600000116,50.55667600000116,1738,3,3,2,2,129.56049999775132,False,0,True,3,575,540,1386,564,1738,574
1685,50.55667600000116,50.58667600000116,1748,3,4,2,2,130.7029999952647,False,0,True,3,524,487,1365,499,1748,520
1686,50.58667600000116,50.61667600000116,1819,3,4,2,3,128.27887500316137,False,0,True,3,609,575,1413,596,1819,620
1687,50.61667600000116,50.646676000001165,1795,3,3,2,2,129.62770800368162,False,0,True,3,541,509,1374,527,1795,548
1688,50.646676000001165,50.676676000001166,1778,4,4,2,2,131.80758399539627,False,0,True,3,558,529,1367,548,1778,582
1689,50.676676000001166,50.70667600000117,1834,3,3,2,2,129.33508300193353,False,0,True,3,545,519,1433,537,1834,544
1690,50.70667600000117,50.73667600000117,1859,4,4,2,3,129.57108299451647,False,0,True,3,561,528,1414,546,1859,560
1691,50.73667600000117,50.76667600000117,1978,4,4,3,3,129.8716249948484,False,0,True,3,565,533,1492,557,1978,565
1692,50.76667600000117,50.79667600000117,2070,4,4,3,3,129.78224999824306,False,0,True,3,571,535,1578,553,2070,565
1693,50.79667600000117,50.82667600000117,1990,3,3,1,1,127.78912499925354,False,0,True,3,572,530,1544,548,1990,564
1694,50.82667600000117,50.85667600000117,2104,4,4,3,2,127.09966600232292,False,0,True,3,546,512,1550,532,2104,557
1695,50.85667600000117,50.886676000001174,2110,4,4,2,2,129.44462499581277,False,0,True,3,564,531,1543,561,2110,590
1696,50.886676000001174,50.916676000001175,2165,4,4,3,3,128.4407499988447,False,0,True,3,590,555,1565,583,2165,599
1697,50.916676000001175,50.946676000001176,2186,4,4,3,2,127.74258299759822,False,0,True,3,573,528,1557,555,2186,566
1698,50.946676000001176,50.97667600000118,2167,4,4,3,2,127.9958750019432,False,0,True,3,590,552,1555,575,2167,600
1699,50.97667600000118,51.00667600000118,2065,4,4,2,1,130.47091699991142,False,0,True,3,555,515,1497,540,2065,552
1700,51.00667600000118,51.03667600000118,1992,4,4,4,4,127.91279099474195,False,0,True,3,548,509,1487,528,1992,539
1701,51.03667600000118,51.06667600000118,2063,4,4,3,3,126.63012499979232,False,0,True,3,555,520,1499,543,2063,551
1702,51.06667600000118,51.09667600000118,2086,3,3,2,2,128.88245800422737,False,0,True,3,588,556,1518,576,2086,587
1703,51.09667600000118,51.12667600000118,2075,3,4,3,3,129.24520800152095,False,0,True,3,564,536,1476,560,2075,587
1704,51.12667600000118,51.156676000001184,2040,3,4,3,4,128.04283299919916,False,0,True,3,592,559,1462,586,2040,614
1705,51.156676000001184,51.186676000001185,2054,4,4,3,3,128.47154100018088,False,0,True,3,529,493,1436,511,2054,546
1706,51.186676000001185,51.216676000001186,2025,4,4,3,3,130.21245800337056,False,0,True,3,527,497,1388,515,2025,527
1707,51.216676000001186,51.24667600000119,2072,3,3,3,3,127.97704200056614,False,0,True,3,550,516,1420,536,2072,548
1708,51.24667600000119,51.27667600000119,1883,4,4,3,3,127.69045800087042,False,0,True,3,537,505,1334,526,1883,540
1709,51.27667600000119,51.30667600000119,1832,3,3,2,2,128.29812500422122,False,0,True,3,541,513,1306,529,1832,542
1710,51.30667600000119,51.33667600000119,1811,4,4,3,3,130.26074999652337,False,0,True,3,524,495,1248,511,1811,523
1711,51.33667600000119,51.36667600000119,1949,3,3,3,3,127.39670800510794,False,0,True,3,586,557,1346,575,1949,583
1712,51.36667600000119,51.39667600000119,1903,4,4,3,3,127.93033399793785,False,0,True,3,581,557,1290,579,1903,590
1713,51.39667600000119,51.426676000001194,1831,4,4,4,4,129.70745799975703,False,0,True,3,542,517,1268,526,1831,532
1714,51.426676000001194,51.456676000001195,1821,4,4,3,3,129.7031659996719,False,0,True,3,539,513,1238,523,1821,533
1715,51.456676000001195,51.4866760000012,1913,4,4,3,3,128.95662499795435,False,0,True,3,564,542,1298,560,1913,569
1716,51.4866760000012,51.5166760000012,1894,4,4,3,3,128.80479200248374,False,0,True,3,543,517,1288,533,1894,539
1717,51.5166760000012,51.5466760000012,1922,4,4,3,3,132.07229199906578,False,0,True,3,502,485,1232,500,1922,528
1718,51.5466760000012,51.5766760000012,2012,3,4,3,3,130.5617500038352,False,0,True,3,541,516,1267,529,2012,548
1719,51.5766760000012,51.6066760000012,1966,3,4,2,3,128.1508749962086,False,0,True,3,541,519,1261,539,1966,569
1720,51.6066760000012,51.6366760000012,1923,3,3,2,2,129.26870900264475,False,0,True,3,587,561,1273,576,1923,592
1721,51.6366760000012,51.6666760000012,1902,4,4,4,4,128.9232500057551,False,0,True,3,541,515,1242,537,1902,560
1722,51.6666760000012,51.696676000001204,1783,4,4,4,4,128.47899999906076,False,0,True,3,508,489,1174,516,1783,539
1723,51.696676000001204,51.726676000001206,1854,4,3,3,3,129.8308339974028,False,0,True,3,516,496,1213,514,1854,532
1724,51.726676000001206,51.75667600000121,1836,2,3,2,2,130.91604100191034,False,0,True,3,536,506,1226,520,1836,535
1725,51.75667600000121,51.78667600000121,1834,3,3,3,3,130.55637499928707,False,0,True,3,530,503,1243,517,1834,528
1726,51.78667600000121,51.81667600000121,1764,4,4,3,3,128.37366600433597,False,0,True,3,538,511,1209,529,1764,547
1727,51.81667600000121,51.84667600000121,1793,3,3,3,3,130.95625000278233,False,0,True,3,577,545,1245,562,1793,574
1728,51.84667600000121,51.87667600000121,1905,4,4,3,3,129.8129999995581,False,0,True,3,551,519,1199,538,1905,554
1729,51.87667600000121,51.90667600000121,1868,4,4,4,4,129.0099590041791,False,0,True,3,585,557,1253,580,1868,598
1730,51.90667600000121,51.93667600000121,1774,4,4,4,4,130.7629579969216,False,0,True,3,581,557,1205,577,1774,584
1731,51.93667600000121,51.966676000001215,1778,4,4,4,4,129.1726670024218,False,0,True,3,578,551,1213,579,1778,587
1732,51.966676000001215,51.996676000001216,1864,4,4,4,4,129.0770830019028,False,0,True,3,603,572,1288,592,1864,602
1733,51.996676000001216,52.02667600000122,1766,4,4,4,4,129.0584590024082,False,0,True,3,640,607,1278,631,1766,646
1734,52.02667600000122,52.05667600000122,1550,3,3,3,3,131.91050000023097,False,0,True,3,543,512,1135,536,1550,543
1735,52.05667600000122,52.08667600000122,1427,3,3,3,3,131.34787500166567,False,0,True,3,566,534,1112,557,1427,569
1736,52.08667600000122,52.11667600000122,1409,3,3,3,3,130.27820800198242,False,0,True,3,567,536,1088,561,1409,577
1737,52.11667600000122,52.14667600000122,1389,4,4,3,3,131.34991599508794,False,0,True,3,574,547,1089,575,1389,595
1738,52.14667600000122,52.17667600000122,1364,4,4,3,3,130.42208299884805,False,0,True,3,546,505,1068,516,1364,527
1739,52.17667600000122,52.206676000001224,1496,4,4,3,3,129.12191700161202,False,0,True,3,556,521,1149,536,1496,547
1740,52.206676000001224,52.236676000001225,1490,4,4,3,3,128.43458299903432,False,0,True,3,606,570,1162,595,1490,608
1741,52.236676000001225,52.266676000001226,1426,4,4,2,2,130.31462499930058,False,0,True,3,608,582,1126,599,1426,613
1742,52.266676000001226,52.29667600000123,1264,4,4,2,2,128.89733299380168,False,0,True,3,571,545,1049,569,1264,578
1743,52.29667600000123,52.32667600000123,1250,2,2,1,1,127.70641699898988,False,0,True,3,616,583,1057,608,1250,617
1744,52.32667600000123,52.35667600000123,1165,3,3,1,1,128.88991600630106,False,0,True,3,571,541,981,571,1165,586
1745,52.35667600000123,52.38667600000123,1165,4,4,3,3,130.65770800312748,False,0,True,3,600,567,978,591,1165,596
1746,52.38667600000123,52.41667600000123,1085,3,3,2,2,128.31008299690438,False,0,True,3,494,468,889,489,1085,494
1747,52.41667600000123,52.44667600000123,1184,2,2,1,1,128.73345900152344,False,0,True,3,578,544,985,563,1184,569
1748,52.44667600000123,52.476676000001234,1221,3,2,2,2,130.49495800078148,False,0,True,3,595,558,1044,576,1221,586
1749,52.476676000001234,52.506676000001235,1163,4,4,2,1,130.53154200315475,False,0,True,3,564,532,979,550,1163,561
1750,52.506676000001235,52.536676000001236,1174,3,3,2,2,128.70758400094928,False,0,True,3,536,503,993,534,1174,550
1751,52.536676000001236,52.56667600000124,1188,3,3,3,3,129.40412500029197,False,0,True,3,568,536,983,567,1188,578
1752,52.56667600000124,52.59667600000124,1179,3,3,2,2,130.07249999645865,False,0,True,3,600,573,981,603,1179,621
1753,52.59667600000124,52.62667600000124,1195,4,4,2,2,129.2639999956009,False,0,True,3,590,558,981,577,1195,592
1754,52.62667600000124,52.65667600000124,1287,4,4,3,3,130.22183300199686,False,0,True,3,543,510,988,527,1287,549
1755,52.65667600000124,52.68667600000124,1300,3,3,3,3,129.7925420003594,False,0,True,3,611,583,1022,601,1300,623
1756,52.68667600000124,52.71667600000124,1322,2,1,1,1,129.85883300279966,False,0,True,3,590,556,1037,574,1322,604
1757,52.71667600000124,52.746676000001244,1445,2,2,2,2,129.86000000091735,False,0,True,3,613,585,1081,614,1445,641
1758,52.746676000001244,52.776676000001245,1511,4,3,1,1,128.1452920011361,False,0,True,3,549,523,1040,538,1511,562
1759,52.776676000001245,52.80667600000125,1527,3,2,3,2,129.58191700454336,False,0,True,3,593,568,1076,588,1527,619
1760,52.80667600000125,52.83667600000125,1634,1,1,1,1,126.83375000051456,False,0,True,3,603,584,1048,611,1634,625
1761,52.83667600000125,52.86667600000125,1864,1,1,1,1,129.06870899314526,False,0,True,3,682,659,1107,688,1864,697
1762,52.86667600000125,52.89667600000125,1315,4,4,1,1,130.76791600178694,False,0,True,3,589,560,1039,589,1315,599
1763,52.89667600000125,52.92667600000125,2190,4,4,2,2,130.5515829953947,False,0,True,3,543,523,1111,543,2190,551
1764,52.92667600000125,52.95667600000125,2020,4,4,3,3,129.38862499868264,False,0,True,3,602,584,1159,601,2020,611
1765,52.95667600000125,52.98667600000125,2271,3,3,2,2,129.2681669947342,False,0,True,3,557,541,1118,560,2271,567
1766,52.98667600000125,53.016676000001254,2341,4,4,3,3,131.24579199939035,False,0,True,3,622,603,1193,621,2341,635
1767,53.016676000001254,53.046676000001256,2174,4,4,3,3,129.54541699582478,False,0,True,3,584,568,1103,594,2174,604
1768,53.046676000001256,53.07667600000126,2083,2,2,2,2,127.33762499556178,False,0,True,3,588,566,1076,581,2083,591
1769,53.07667600000126,53.10667600000126,1841,1,1,1,1,127.94108399975812,False,0,True,3,538,518,992,533,1841,544
1770,53.10667600000126,53.13667600000126,1723,1,1,1,1,129.3899170050281,False,0,True,3,536,515,987,532,1723,540
1771,53.13667600000126,53.16667600000126,1621,1,1,1,1,127.6388339974801,False,0,True,3,538,518,935,536,1621,540
1772,53.16667600000126,53.19667600000126,1449,2,2,1,1,128.4131249994971,False,0,True,3,541,519,899,539,1449,547
1773,53.19667600000126,53.22667600000126,1412,1,1,1,1,129.4256250039325,False,0,True,3,561,538,907,554,1412,561
1774,53.22667600000126,53.256676000001264,1111,1,1,1,1,127.79779199627228,False,0,True,3,573,552,888,570,1111,583
1775,53.256676000001264,53.286676000001265,1177,1,1,1,1,127.22295799903804,False,0,True,3,562,547,844,558,1177,569
1776,53.286676000001265,53.316676000001266,1206,1,1,1,1,129.2990000001737,False,0,True,3,525,506,838,521,1206,532
1777,53.316676000001266,53.34667600000127,1171,3,3,1,1,130.35500000114553,False,0,True,3,490,475,817,496,1171,510
1778,53.34667600000127,53.37667600000127,1092,3,3,1,1,128.0999590017018,False,0,True,3,511,494,823,514,1092,521
1779,53.37667600000127,53.40667600000127,1116,3,3,2,2,131.58929199562408,False,0,True,3,533,510,851,519,1116,534
1780,53.40667600000127,53.43667600000127,1082,3,3,3,3,130.87437500507804,False,0,True,3,547,530,871,545,1082,549
1781,53.43667600000127,53.46667600000127,1079,3,3,2,2,131.71445800253423,False,0,True,3,528,515,830,533,1079,553
1782,53.46667600000127,53.49667600000127,1018,4,4,3,3,129.8968750052154,False,0,True,3,518,499,805,517,1018,523
1783,53.49667600000127,53.526676000001274,932,2,1,1,1,128.62850000237813,False,0,True,3,506,487,763,505,932,531
1784,53.526676000001274,53.556676000001275,880,1,1,1,1,129.4880409986945,False,0,True,3,541,515,764,534,880,548
1785,53.556676000001275,53.586676000001276,744,0,0,0,0,126.19825000001583,False,0,True,3,527,511,701,537,744,553
1786,53.586676000001276,53.61667600000128,768,2,2,1,1,127.00424999638926,False,0,True,3,529,508,725,533,768,539
1787,53.61667600000128,53.64667600000128,793,1,1,0,0,126.66300000273623,False,0,True,3,534,512,742,528,793,540
1788,53.64667600000128,53.67667600000128,741,1,1,1,1,125.89624999964144,False,0,True,3,527,505,685,519,741,529
1789,53.67667600000128,53.70667600000128,837,2,2,1,1,126.96299999515759,False,0,True,3,569,542,770,560,837,577
1790,53.70667600000128,53.73667600000128,918,1,1,0,0,126.85212500218768,False,0,True,3,579,557,801,586,918,597
1791,53.73667600000128,53.76667600000128,881,3,3,1,1,130.25891599681927,False,0,True,3,509,483,749,502,881,511
1792,53.76667600000128,53.796676000001284,926,4,4,1,1,135.01904199802084,False,0,True,3,538,519,763,543,926,552
1793,53.796676000001284,53.826676000001285,926,2,2,2,2,133.42624999495456,False,0,True,3,511,485,800,509,926,516
1794,53.826676000001285,53.856676000001286,916,2,2,1,1,130.71299999865005,False,0,True,3,559,532,813,553,916,576
1795,53.856676000001286,53.88667600000129,971,3,3,3,3,132.31495799846016,False,0,True,3,555,523,860,544,971,551
1796,53.88667600000129,53.91667600000129,1372,3,3,3,3,132.07862499984913,False,0,True,3,562,523,1136,548,1372,586
1797,53.91667600000129,53.94667600000129,1483,3,3,3,3,132.04433400096605,False,0,True,3,628,581,1185,610,1483,623
1798,53.94667600000129,53.97667600000129,1634,2,2,2,2,135.17404199956218,False,0,True,3,589,553,1206,574,1634,587
1799,53.97667600000129,54.00667600000129,1723,2,2,2,2,131.37108299997635,False,0,True,3,556,530,1231,550,1723,585
1800,54.00667600000129,54.03667600000129,1836,2,2,2,2,130.9403339982964,False,0,True,3,572,542,1352,574,1836,601
1801,54.03667600000129,54.066676000001294,1429,2,1,2,1,148.77975000126753,False,0,True,3,558,537,1132,561,1429,593
1802,54.066676000001294,54.096676000001295,1303,4,3,2,1,130.90974999795435,False,0,True,3,537,505,1100,529,1303,549
1803,54.096676000001295,54.1266760000013,1380,2,2,1,1,130.10087500151712,False,0,True,3,526,504,1147,531,1380,547
1804,54.1266760000013,54.1566760000013,1083,4,3,2,1,130.62199999694712,False,0,True,3,605,578,913,595,1083,617
1805,54.1566760000013,54.1866760000013,977,3,3,3,2,131.2954999957583,False,0,True,3,558,538,809,556,977,582
1806,54.1866760000013,54.2166760000013,957,4,3,4,3,131.29708300402854,False,0,True,3,592,578,797,590,957,650
1807,54.2166760000013,54.2466760000013,932,3,2,3,2,130.5911669987836,False,0,True,3,567,552,772,571,932,641
1808,54.2466760000013,54.2766760000013,964,3,3,3,2,132.31629099755082,False,0,True,3,560,539,821,559,964,567
1809,54.2766760000013,54.3066760000013,901,3,3,2,2,129.82920799549902,False,0,True,3,515,498,779,518,901,536
1810,54.3066760000013,54.336676000001304,914,3,3,2,2,129.97691599593963,False,0,True,3,541,526,797,540,914,547
1811,54.336676000001304,54.366676000001306,911,2,2,1,1,130.29354200261878,False,0,True,3,550,536,791,546,911,550
1812,54.366676000001306,54.39667600000131,917,2,2,2,2,131.96229199820664,False,0,True,3,530,514,786,539,917,547
1813,54.39667600000131,54.42667600000131,936,1,1,1,1,128.82504199660616,False,0,True,3,540,522,791,544,936,565
1814,54.42667600000131,54.45667600000131,943,1,1,1,1,130.76900000305614,False,0,True,3,537,520,819,541,943,555
1815,54.45667600000131,54.48667600000131,912,4,4,1,1,131.27733299916144,False,0,True,3,529,509,787,527,912,538
1816,54.48667600000131,54.51667600000131,899,1,1,0,0,129.91070899443002,False,0,True,3,532,516,794,532,899,543
1817,54.51667600000131,54.54667600000131,899,1,1,1,1,128.85245800134726,False,0,True,3,488,469,773,478,899,489
1818,54.54667600000131,54.576676000001314,929,2,2,1,1,129.62775000050897,False,0,True,3,514,496,800,509,929,515
1819,54.576676000001314,54.606676000001315,937,3,3,1,1,130.45129099918995,False,0,True,3,511,495,783,514,937,526
1820,54.606676000001315,54.636676000001316,975,2,2,1,1,130.19983399863122,False,0,True,3,569,550,830,565,975,571
1821,54.636676000001316,54.66667600000132,919,1,1,1,1,128.93691600038437,False,0,True,3,544,528,790,543,919,551
1822,54.66667600000132,54.69667600000132,975,3,3,1,1,129.7199170003296,False,0,True,3,531,507,805,521,975,526
1823,54.69667600000132,54.72667600000132,947,1,1,1,1,128.26275000406895,False,0,True,3,536,519,789,534,947,544
1824,54.72667600000132,54.75667600000132,1010,1,1,1,1,128.5920000009355,False,0,True,3,605,584,892,608,1010,610
1825,54.75667600000132,54.78667600000132,1010,1,1,1,1,127.12562500382774,False,0,True,3,565,548,844,567,1010,577
1826,54.78667600000132,54.81667600000132,1095,3,3,1,1,130.94412499776809,False,0,True,3,556,539,880,566,1095,567
1827,54.81667600000132,54.846676000001324,1004,3,4,1,1,130.61949999973876,False,0,True,3,512,499,806,518,1004,529
1828,54.846676000001324,54.876676000001325,1000,2,2,2,2,129.91162500111386,False,0,True,3,527,511,823,531,1000,535
1829,54.876676000001325,54.906676000001326,1152,2,2,2,2,129.67570799810346,False,0,True,3,537,518,863,539,1152,554
1830,54.906676000001326,54.93667600000133,1088,3,3,2,2,129.12616600078763,False,0,True,3,534,512,831,535,1088,547
1831,54.93667600000133,54.96667600000133,1109,4,4,2,2,128.85383299726527,False,0,True,3,560,541,877,563,1109,568
1832,54.96667600000133,54.99667600000133,1127,3,3,3,3,128.53637499938486,False,0,True,3,545,532,857,556,1127,567
1833,54.99667600000133,55.02667600000133,1060,3,3,3,3,128.40820800192887,False,0,True,3,554,537,876,555,1060,570
1834,55.02667600000133,55.05667600000133,955,3,3,3,3,130.41550000343705,False,0,True,3,523,507,811,525,955,530
1835,55.05667600000133,55.08667600000133,964,3,3,2,2,129.09004199900664,False,0,True,3,509,489,815,508,964,518
1836,55.08667600000133,55.116676000001334,922,3,3,3,3,129.59383300039917,False,0,True,3,507,495,770,507,922,517
1837,55.116676000001334,55.146676000001335,955,3,3,3,3,129.11287500173785,False,0,True,3,534,519,807,537,955,547
1838,55.146676000001335,55.176676000001336,919,2,2,2,2,128.66999999823747,False,0,True,3,532,512,790,530,919,537
1839,55.176676000001336,55.20667600000134,956,2,2,2,2,128.5658750057337,False,0,True,3,585,562,841,576,956,584
1840,55.20667600000134,55.23667600000134,891,2,2,2,2,129.75262499821838,False,0,True,3,572,553,789,570,891,578
1841,55.23667600000134,55.26667600000134,922,3,3,2,2,129.6291670005303,False,0,True,3,605,587,829,602,922,609
1842,55.26667600000134,55.29667600000134,906,3,3,2,2,129.9765829971875,False,0,True,3,546,526,782,541,906,557
1843,55.29667600000134,55.32667600000134,923,2,2,2,2,127.82066699583083,False,0,True,3,587,569,808,587,923,604
1844,55.32667600000134,55.35667600000134,973,3,3,2,2,130.00124999962281,False,0,True,3,568,549,829,566,973,571
1845,55.35667600000134,55.386676000001344,957,2,2,2,2,127.4028339976212,False,0,True,3,573,556,829,573,957,581
1846,55.386676000001344,55.416676000001345,1040,2,2,2,2,128.4467079967726,False,0,True,3,591,574,894,599,1040,605
1847,55.416676000001345,55.44667600000135,1012,2,2,2,2,130.74087499990128,False,0,True,3,536,518,858,535,1012,538
1848,55.44667600000135,55.47667600000135,999,3,3,2,2,129.41929200314917,False,0,True,3,551,539,847,554,999,562
1849,55.47667600000135,55.50667600000135,1041,1,1,1,1,126.70220900326967,False,0,True,3,595,575,878,596,1041,603
1850,55.50667600000135,55.53667600000135,1116,1,1,1,1,128.03837499814108,False,0,True,3,609,594,933,612,1116,635
1851,55.53667600000135,55.56667600000135,1066,1,1,1,1,128.51879200024996,False,0,True,3,563,542,893,562,1066,574
1852,55.56667600000135,55.59667600000135,1140,1,1,1,1,127.3553749997518,False,0,True,3,576,558,958,583,1140,586
1853,55.59667600000135,55.62667600000135,1179,1,1,1,1,127.46350000088569,False,0,True,3,548,535,951,552,1179,554
1854,55.62667600000135,55.656676000001355,1293,2,2,1,1,131.01245800498873,False,0,True,3,565,542,1018,560,1293,569
1855,55.656676000001355,55.686676000001356,1455,3,3,1,1,131.25391700305045,False,0,True,3,641,624,1165,645,1455,651
1856,55.686676000001356,55.71667600000136,1560,3,3,1,1,128.23399999615503,False,0,True,3,590,572,1169,600,1560,611
1857,55.71667600000136,55.74667600000136,1651,3,3,2,2,128.74045799981104,False,0,True,3,596,568,1214,587,1651,600
1858,55.74667600000136,55.77667600000136,1800,3,3,2,2,131.7913749953732,False,0,True,3,645,618,1330,637,1800,645
1859,55.77667600000136,55.80667600000136,2105,2,2,2,2,128.70083300367696,False,0,True,3,623,596,1431,626,2105,638
1860,55.80667600000136,55.83667600000136,2388,1,1,1,1,128.75491700106068,False,0,True,3,579,554,1505,582,2388,597
1861,55.83667600000136,55.86667600000136,1650,3,3,1,1,129.81554200086975,False,0,True,3,638,616,1193,643,1650,651
1862,55.86667600000136,55.896676000001364,1289,3,3,1,1,129.63716699596262,False,0,True,3,567,546,953,556,1289,559
1863,55.896676000001364,55.926676000001365,1330,2,2,1,1,128.44433399732225,False,0,True,3,645,624,1048,650,1330,664
1864,55.926676000001365,55.956676000001366,1297,2,2,2,2,128.98370800394332,False,0,True,3,639,619,1021,653,1297,661
1865,55.956676000001366,55.98667600000137,1305,3,3,2,2,130.71058400237234,False,0,True,3,635,614,1014,651,1305,664
1866,55.98667600000137,56.01667600000137,1125,2,2,2,2,129.05241599946748,False,0,True,3,616,597,891,623,1125,632
1867,56.01667600000137,56.04667600000137,1034,2,2,2,2,127.57425000017975,False,0,True,3,622,603,878,619,1034,629
1868,56.04667600000137,56.07667600000137,1098,2,2,1,1,129.8570840008324,False,0,True,3,604,590,850,607,1098,618
1869,56.07667600000137,56.10667600000137,1082,1,1,1,1,130.52541599608958,False,0,True,3,655,638,894,677,1082,681
1870,56.10667600000137,56.13667600000137,1089,1,1,1,1,129.52445799601264,False,0,True,3,663,643,890,669,1089,684
1871,56.13667600000137,56.166676000001374,1078,1,1,1,1,129.41295800555963,False,0,True,3,631,609,893,639,1078,649
1872,56.166676000001374,56.196676000001375,1201,1,1,1,1,129.5088749975548,False,0,True,3,626,610,966,632,1201,650
1873,56.196676000001375,56.226676000001376,1648,1,1,1,1,130.2248749998398,False,0,True,3,631,606,1203,635,1648,639
1874,56.226676000001376,56.25667600000138,1777,1,1,0,0,130.87883299886016,False,0,True,3,556,538,1137,566,1777,572
1875,56.25667600000138,56.28667600000138,1845,2,2,1,1,130.9619170060614,False,0,True,3,639,613,1215,637,1845,644
1876,56.28667600000138,56.31667600000138,1715,1,1,1,1,131.81341699964833,False,0,True,3,624,599,1151,623,1715,628
1877,56.31667600000138,56.34667600000138,1643,3,3,1,1,130.36550000106217,False,0,True,3,608,586,1112,614,1643,622
1878,56.34667600000138,56.37667600000138,1542,2,2,1,1,129.8811669985298,False,0,True,3,590,572,1054,596,1542,607
1879,56.37667600000138,56.40667600000138,1694,2,3,1,1,131.24087500182213,False,0,True,3,612,585,1160,605,1694,620
1880,56.40667600000138,56.436676000001384,1546,1,1,1,1,130.4664579947712,False,0,True,3,639,620,1091,643,1546,657
1881,56.436676000001384,56.466676000001385,1179,2,2,1,1,129.05679200048326,False,0,True,3,576,554,944,576,1179,588
1882,56.466676000001385,56.496676000001386,1078,3,2,2,2,129.83866700233193,False,0,True,3,568,549,866,574,1078,595
1883,56.496676000001386,56.52667600000139,1040,2,2,2,2,131.52899999840884,False,0,True,3,553,534,851,555,1040,572
1884,56.52667600000139,56.55667600000139,929,2,2,2,2,128.93849999818485,False,0,True,3,566,551,778,584,929,590
1885,56.55667600000139,56.58667600000139,937,2,2,2,2,128.4862910033553,False,0,True,3,578,565,777,584,937,592
1886,56.58667600000139,56.61667600000139,989,3,2,2,2,129.5402909963741,False,0,True,3,606,590,828,613,989,636
1887,56.61667600000139,56.64667600000139,1006,2,2,2,2,129.06337500317022,False,0,True,3,575,559,818,582,1006,596
1888,56.64667600000139,56.67667600000139,1048,2,2,2,2,127.85941699985415,False,0,True,3,597,582,846,607,1048,623
1889,56.67667600000139,56.706676000001394,1022,2,2,2,2,128.30475000373553,False,0,True,3,582,571,808,593,1022,603
1890,56.706676000001394,56.736676000001395,1055,3,3,2,2,129.9769999968703,False,0,True,3,589,576,827,597,1055,603
1891,56.736676000001395,56.7666760000014,1015,2,2,2,2,128.5293340042699,False,0,True,3,558,545,795,561,1015,567
1892,56.7666760000014,56.7966760000014,1030,2,2,2,2,128.15608300297754,False,0,True,3,596,585,824,602,1030,611
1893,56.7966760000014,56.8266760000014,1170,3,3,2,2,129.1877920011757,False,0,True,3,604,591,875,614,1170,628
1894,56.8266760000014,56.8566760000014,1189,3,3,2,2,130.29445800202666,False,0,True,3,581,570,837,584,1189,602
1895,56.8566760000014,56.8866760000014,1275,3,3,3,3,129.10591699619545,False,0,True,3,586,569,861,583,1275,592
1896,56.8866760000014,56.9166760000014,1318,2,2,2,2,129.4314589977148,False,0,True,3,586,570,884,587,1318,598
1897,56.9166760000014,56.9466760000014,1425,2,2,2,2,129.40370800060919,False,0,True,3,541,530,846,550,1425,564
1898,56.9466760000014,56.976676000001405,1467,2,2,2,2,128.74691599427024,False,0,True,3,555,542,879,567,1467,571
1899,56.976676000001405,57.006676000001406,1493,2,2,2,2,128.7359580019256,False,0,True,3,580,570,896,595,1493,608
1900,57.006676000001406,57.03667600000141,1448,2,2,2,2,128.63062499673106,False,0,True,3,508,497,807,515,1448,520
1901,57.03667600000141,57.06667600000141,1513,2,2,2,2,129.45866699737962,False,0,True,3,571,554,894,574,1513,578
1902,57.06667600000141,57.09667600000141,1534,2,2,2,2,128.16929100517882,False,0,True,3,535,516,874,534,1534,549
1903,57.09667600000141,57.12667600000141,1562,2,2,2,2,128.66766599472612,False,0,True,3,590,582,895,614,1562,628
1904,57.12667600000141,57.15667600000141,1612,2,2,2,2,130.3993330002413,False,0,True,3,536,517,899,534,1612,537
1905,57.15667600000141,57.18667600000141,1670,2,2,2,2,129.20054200367304,False,0,True,3,515,493,937,514,1670,521
1906,57.18667600000141,57.216676000001414,1614,2,2,2,2,128.1052920021466,False,0,True,3,585,568,975,594,1614,611
1907,57.216676000001414,57.246676000001415,1721,3,3,2,2,130.48641700152075,False,0,True,3,583,564,971,592,1721,610
1908,57.246676000001415,57.276676000001416,1826,3,3,2,2,129.9115410001832,False,0,True,3,630,617,1027,642,1826,659
1909,57.276676000001416,57.30667600000142,1933,3,2,2,2,128.7376249965746,False,0,True,3,603,583,1035,612,1933,637
1910,57.30667600000142,57.33667600000142,1887,2,2,2,2,128.46783400163986,False,0,True,3,525,501,964,520,1887,532
1911,57.33667600000142,57.36667600000142,2105,3,2,2,2,129.77479200344533,False,0,True,3,565,546,1064,570,2105,586
1912,57.36667600000142,57.39667600000142,2200,2,2,2,2,129.67016699985834,False,0,True,3,568,552,1109,573,2200,580
1913,57.39667600000142,57.42667600000142,2327,3,3,2,2,129.942999999912,False,0,True,3,581,564,1120,589,2327,610
1914,57.42667600000142,57.45667600000142,2933,4,4,2,2,131.0829579961137,False,0,True,3,562,544,1322,573,2933,589
1915,57.45667600000142,57.486676000001424,2632,3,3,2,2,131.01279200054705,False,0,True,3,593,570,1338,594,2632,600
1916,57.486676000001424,57.516676000001425,3073,2,2,2,2,129.32887499482604,False,0,True,3,627,613,1457,644,3073,656
1917,57.516676000001425,57.546676000001426,3480,3,3,2,2,129.24191699858056,False,0,True,3,567,555,1660,571,3480,581
1918,57.546676000001426,57.57667600000143,3516,3,3,3,3,131.04691700573312,False,0,True,3,605,593,1844,618,3516,627
1919,57.57667600000143,57.60667600000143,3100,4,4,3,3,131.05212499795016,False,0,True,3,682,662,1547,680,3100,683
1920,57.60667600000143,57.63667600000143,3314,4,4,3,3,130.5087079963414,False,0,True,3,630,620,1650,649,3314,652
1921,57.63667600000143,57.66667600000143,3690,3,3,2,2,131.2505410023732,False,0,True,3,602,581,1781,611,3690,623
1922,57.66667600000143,57.69667600000143,4210,4,4,2,2,131.32266700267792,False,0,True,3,623,598,1949,628,4210,644
1923,57.69667600000143,57.72667600000143,5255,2,3,2,3,129.46983399888268,False,0,True,3,648,624,2221,655,5255,676
1924,57.72667600000143,57.756676000001434,4034,3,3,2,2,130.1698329989449,False,0,True,3,697,671,1892,704,4034,748
1925,57.756676000001434,57.786676000001435,4377,3,4,2,2,131.75820800097426,False,0,True,3,671,648,2038,671,4377,692
1926,57.786676000001435,57.816676000001436,3075,3,3,2,2,129.14245799765922,False,0,True,3,706,677,1588,710,3075,723
1927,57.816676000001436,57.84667600000144,2310,2,2,2,2,129.39829099923372,False,0,True,3,629,611,1168,638,2310,650
1928,57.84667600000144,57.87667600000144,2268,3,3,3,3,129.68687499960652,False,0,True,3,668,648,1221,678,2268,690
1929,57.87667600000144,57.90667600000144,1907,2,2,2,2,129.47724999685306,False,0,True,3,594,580,1011,600,1907,619
1930,57.90667600000144,57.93667600000144,1830,2,2,2,2,128.03295799676562,False,0,True,3,554,544,948,559,1830,568
1931,57.93667600000144,57.96667600000144,1872,3,4,2,3,129.51158399664564,False,0,True,3,555,539,1004,564,1872,573
1932,57.96667600000144,57.99667600000144,1893,4,4,2,3,131.41587500285823,False,0,True,3,572,560,1006,577,1893,583
1933,57.99667600000144,58.026676000001444,1779,4,4,3,4,129.95241599855945,False,0,True,3,547,537,968,556,1779,569
1934,58.026676000001444,58.056676000001445,1701,4,4,4,4,130.59916599740973,False,0,True,3,570,556,977,570,1701,573
1935,58.056676000001445,58.08667600000145,1731,2,2,2,2,130.00379200093448,False,0,True,3,599,587,962,604,1731,612
1936,58.08667600000145,58.11667600000145,1659,2,2,2,2,129.90295799681917,False,0,True,3,615,603,954,620,1659,637
1937,58.11667600000145,58.14667600000145,1568,2,2,2,2,129.3337919996702,False,0,True,3,572,561,900,584,1568,603
1938,58.14667600000145,58.17667600000145,1410,2,2,2,2,127.99670799722662,False,0,True,3,579,571,878,589,1410,603
1939,58.17667600000145,58.20667600000145,1345,2,2,2,2,130.9179590025451,False,0,True,3,566,556,858,575,1345,582
1940,58.20667600000145,58.23667600000145,1171,2,2,2,2,129.31741699867416,False,0,True,3,557,548,833,563,1171,569
1941,58.23667600000145,58.26667600000145,1115,2,2,2,2,128.22754199441988,False,0,True,3,559,547,808,565,1115,580
1942,58.26667600000145,58.296676000001455,1050,2,2,2,2,129.85087500419468,False,0,True,3,532,523,767,532,1050,541
1943,58.296676000001455,58.326676000001456,1034,2,2,2,2,131.58649999968475,False,0,True,3,549,541,779,563,1034,568
1944,58.326676000001456,58.35667600000146,1024,2,2,2,2,129.57416699646274,False,0,True,3,557,550,781,571,1024,580
1945,58.35667600000146,58.38667600000146,981,2,2,2,2,128.5754589989665,False,0,True,3,585,573,783,589,981,600
1946,58.38667600000146,58.41667600000146,968,1,1,1,1,129.3820000064443,False,0,True,3,582,567,785,580,968,588
1947,58.41667600000146,58.44667600000146,847,2,2,1,1,127.84691700653639,False,0,True,3,524,508,701,518,847,524
1948,58.44667600000146,58.47667600000146,841,1,1,0,0,127.56924999848707,False,0,True,3,579,567,749,590,841,597
1949,58.47667600000146,58.50667600000146,923,2,2,2,2,129.3837910052389,False,0,True,3,602,584,787,604,923,613
1950,58.50667600000146,58.536676000001464,901,2,2,1,1,130.4027089936426,False,0,True,3,593,574,782,596,901,610
1951,58.536676000001464,58.566676000001465,970,2,2,1,1,129.23937500454485,False,0,True,3,604,582,854,608,970,617
1952,58.566676000001465,58.596676000001466,1014,1,1,1,1,128.02516700321576,False,0,True,3,595,572,879,588,1014,599
1953,58.596676000001466,58.62667600000147,1119,1,1,0,0,128.65891699766507,False,0,True,3,612,593,936,625,1119,636
1954,58.62667600000147,58.65667600000147,1094,1,1,0,0,128.6901669955114,False,0,True,3,595,575,912,595,1094,605
1955,58.65667600000147,58.68667600000147,1116,1,1,1,1,127.53487500594929,False,0,True,3,555,533,856,555,1116,563
1956,58.68667600000147,58.71667600000147,1088,1,1,1,1,129.06804099475266,False,0,True,3,563,540,850,566,1088,572
1957,58.71667600000147,58.74667600000147,1043,1,1,1,1,131.64429100288544,False,0,True,3,519,502,787,521,1043,532
1958,58.74667600000147,58.77667600000147,1277,1,1,1,1,128.43949999660254,False,0,True,3,622,599,896,619,1277,623
1959,58.77667600000147,58.806676000001474,1340,1,1,1,1,128.00091600365704,False,0,True,3,537,518,893,544,1340,546
1960,58.806676000001474,58.836676000001475,1525,2,2,1,1,129.24383299832698,False,0,True,3,643,625,1018,644,1525,660
1961,58.836676000001475,58.866676000001476,1387,2,2,1,1,130.9104579995619,False,0,True,3,579,558,931,580,1387,601
1962,58.866676000001476,58.89667600000148,1453,2,2,1,1,129.9037499993574,False,0,True,3,582,565,960,591,1453,601
1963,58.89667600000148,58.92667600000148,1393,2,2,1,1,129.36062500375556,False,0,True,3,512,497,860,521,1393,536
1964,58.92667600000148,58.95667600000148,1336,3,3,2,2,130.7886659997166,False,0,True,3,541,524,874,555,1336,566
1965,58.95667600000148,58.98667600000148,1369,2,2,2,2,128.99004200153286,False,0,True,3,527,508,863,532,1369,540
1966,58.98667600000148,59.01667600000148,1395,3,3,2,2,129.98625000182074,False,0,True,3,577,557,935,593,1395,610
1967,59.01667600000148,59.04667600000148,1399,3,3,2,2,130.43408299563453,False,0,True,3,562,545,897,564,1399,577
1968,59.04667600000148,59.076676000001484,1419,3,3,2,2,130.84570799401263,False,0,True,3,574,554,963,580,1419,588
1969,59.076676000001484,59.106676000001485,1410,3,3,3,3,130.05987500218907,False,0,True,3,595,571,965,595,1410,608
1970,59.106676000001485,59.136676000001486,1323,3,3,2,2,131.3172910013236,False,0,True,3,583,564,920,583,1323,604
1971,59.136676000001486,59.16667600000149,1350,4,3,2,2,132.96995800192235,False,0,True,3,580,559,931,588,1350,613
1972,59.16667600000149,59.19667600000149,1386,2,2,2,2,131.08929200097919,False,0,True,3,589,571,984,600,1386,625
1973,59.19667600000149,59.22667600000149,1387,4,3,3,3,130.1674999995157,False,0,True,3,601,577,1024,614,1387,638
1974,59.22667600000149,59.25667600000149,1355,4,4,3,3,131.01616600033594,False,0,True,3,613,586,999,613,1355,625
1975,59.25667600000149,59.28667600000149,1265,3,3,2,2,130.55216600332642,False,0,True,3,579,559,950,589,1265,600
1976,59.28667600000149,59.31667600000149,1323,3,3,2,2,130.79658299830044,False,0,True,3,533,512,946,530,1323,539
1977,59.31667600000149,59.346676000001494,1304,2,2,2,2,128.16004200431053,False,0,True,3,549,529,972,552,1304,561
1978,59.346676000001494,59.376676000001495,1164,3,3,2,2,131.6579999984242,False,0,True,3,522,505,922,529,1164,541
1979,59.376676000001495,59.4066760000015,1183,4,4,2,2,130.7270420002169,False,0,True,3,563,539,949,563,1183,575
1980,59.4066760000015,59.4366760000015,1303,4,4,3,3,130.41591700311983,False,0,True,3,575,552,1039,572,1303,581
1981,59.4366760000015,59.4666760000015,1340,4,4,2,2,133.4617500033346,False,0,True,3,549,523,1049,553,1340,560
1982,59.4666760000015,59.4966760000015,1344,3,4,1,2,132.4119580021943,False,0,True,3,574,543,1032,557,1344,583
1983,59.4966760000015,59.5266760000015,1225,3,3,2,2,129.515041000559,False,0,True,3,550,525,967,543,1225,555
1984,59.5266760000015,59.5566760000015,1166,4,4,3,3,130.0126670030295,False,0,True,3,535,514,910,531,1166,554
1985,59.5566760000015,59.5866760000015,1213,4,4,4,4,130.25200000265613,False,0,True,3,566,551,917,566,1213,585
1986,59.5866760000015,59.616676000001505,1254,4,4,4,4,130.14462499995716,False,0,True,3,576,562,963,584,1254,604
1987,59.616676000001505,59.646676000001506,1303,4,4,4,4,128.32212499779416,False,0,True,3,658,635,1036,659,1303,668
1988,59.646676000001506,59.67667600000151,1174,4,4,4,4,131.03154100099346,False,0,True,3,557,543,935,570,1174,590
1989,59.67667600000151,59.70667600000151,1234,3,4,3,3,129.62050000351155,False,0,True,3,598,574,1009,605,1234,625
1990,59.70667600000151,59.73667600000151,1257,4,4,4,4,130.46295900130644,False,0,True,3,574,548,996,580,1257,597
1991,59.73667600000151,59.76667600000151,1250,4,4,4,3,129.87133400019957,False,0,True,3,574,552,959,585,1250,607
1992,59.76667600000151,59.79667600000151,1201,3,3,3,3,131.5204580023419,False,0,True,3,583,559,942,599,1201,609
1993,59.79667600000151,59.82667600000151,1244,4,4,3,3,129.43233400437748,False,0,True,3,614,598,957,626,1244,645
1994,59.82667600000151,59.856676000001514,1254,4,4,3,3,129.81283300177893,False,0,True,3,636,607,975,624,1254,627
1995,59.856676000001514,59.886676000001515,1182,4,4,4,3,129.79037500190316,False,0,True,3,568,539,939,566,1182,572
1996,59.886676000001515,59.916676000001516,1087,2,2,1,2,129.61395799356978,False,0,True,3,602,580,912,612,1087,622
1997,59.916676000001516,59.94667600000152,1030,3,3,3,3,130.57412499620114,False,0,True,3,575,548,880,579,1030,580
1998,59.94667600000152,59.97667600000152,1037,2,2,2,2,129.72454199916683,False,0,True,3,566,541,867,568,1037,575
1999,59.97667600000152,60.00667600000152,1179,2,2,2,2,130.23183299810626,False,0,True,3,568,540,949,568,1179,575
2000,60.00667600000152,60.03667600000152,1213,3,3,2,2,130.14104200556176,False,0,True,3,577,546,1003,577,1213,585
2001,60.03667600000152,60.06667600000152,1282,4,4,2,2,129.2380829981994,False,0,True,3,553,519,1026,540,1282,542
2002,60.06667600000152,60.09667600000152,1288,4,4,3,3,195.02337500307476,False,0,True,3,485,460,954,478,1288,488
2003,60.09667600000152,60.126676000001524,1529,3,3,1,1,131.3319170003524,False,0,True,3,567,542,1100,567,1529,573
2004,60.126676000001524,60.156676000001525,1564,3,3,2,2,130.856916999619,False,0,True,3,589,567,1120,590,1564,607
2005,60.156676000001525,60.186676000001526,1510,4,4,3,3,131.88924999849405,False,0,True,3,571,546,1097,581,1510,597
2006,60.186676000001526,60.21667600000153,1541,3,4,3,4,132.30937499611173,False,0,True,3,592,566,1138,589,1541,610
2007,60.21667600000153,60.24667600000153,1595,4,4,4,3,129.57087499671616,False,0,True,3,613,585,1180,611,1595,615
2008,60.24667600000153,60.27667600000153,1635,3,3,3,2,131.73087500035763,False,0,True,3,589,567,1202,594,1635,602
2009,60.27667600000153,60.30667600000153,1822,4,4,3,3,131.44112499867333,False,0,True,3,596,573,1232,605,1822,612
2010,60.30667600000153,60.33667600000153,1636,4,4,4,3,131.21279200277058,False,0,True,3,604,572,1124,601,1636,611
2011,60.33667600000153,60.36667600000153,1570,4,4,4,4,130.5623750013183,False,0,True,3,541,518,1056,546,1570,558
2012,60.36667600000153,60.396676000001534,1577,3,3,3,3,133.16199999826495,False,0,True,3,588,566,1092,594,1577,598
2013,60.396676000001534,60.426676000001535,1495,4,4,4,4,132.2287920047529,False,0,True,3,606,589,1079,619,1495,629
2014,60.426676000001535,60.456676000001536,1628,4,4,4,4,131.43699999636738,False,0,True,3,678,660,1190,690,1628,696
2015,60.456676000001536,60.48667600000154,1575,4,4,3,3,131.5057500032708,False,0,True,3,620,597,1133,618,1575,621
2016,60.48667600000154,60.51667600000154,1569,4,4,4,4,132.16300000203773,False,0,True,3,587,566,1131,587,1569,601
2017,60.51667600000154,60.54667600000154,1658,4,4,4,4,131.40629100234946,False,0,True,3,646,631,1186,668,1658,671
2018,60.54667600000154,60.57667600000154,1608,3,3,3,3,130.91649999842048,False,0,True,3,618,598,1170,627,1608,634
2019,60.57667600000154,60.60667600000154,1465,4,4,4,4,132.22091700299643,False,0,True,3,612,594,1090,619,1465,632
2020,60.60667600000154,60.63667600000154,1396,4,4,3,3,130.70458300353494,False,0,True,3,564,543,1016,567,1396,572
2021,60.63667600000154,60.666676000001544,1430,3,3,3,3,129.67595899681328,False,0,True,3,621,599,1075,617,1430,627
2022,60.666676000001544,60.696676000001546,1393,4,4,4,4,132.9161249959725,False,0,True,3,651,635,1062,660,1393,669
2023,60.696676000001546,60.72667600000155,1406,4,4,3,3,130.73529199755285,False,0,True,3,619,596,1059,622,1406,635
2024,60.72667600000155,60.75667600000155,1408,4,4,4,4,129.68733299931046,False,0,True,3,592,572,1027,596,1408,605
2025,60.75667600000155,60.78667600000155,1356,4,4,4,4,130.7486660007271,False,0,True,3,609,583,1040,610,1356,619
2026,60.78667600000155,60.81667600000155,1417,4,4,4,4,131.17766699724598,False,0,True,3,610,584,1136,606,1417,612
2027,60.81667600000155,60.84667600000155,1444,4,4,4,4,129.6990840055514,False,0,True,3,596,571,1138,586,1444,594
2028,60.84667600000155,60.87667600000155,1390,4,4,3,3,129.7469579949393,False,0,True,3,613,595,1105,615,1390,625
2029,60.87667600000155,60.90667600000155,1466,3,3,2,2,130.83724999887636,False,0,True,3,599,573,1106,590,1466,601
2030,60.90667600000155,60.936676000001555,1354,3,4,2,2,131.79795799806016,False,0,True,3,569,547,1024,567,1354,581
2031,60.936676000001555,60.966676000001556,1264,4,4,4,3,130.51075000112178,False,0,True,3,576,555,982,576,1264,589
2032,60.966676000001556,60.99667600000156,1181,4,4,3,3,129.90554200223414,False,0,True,3,585,563,954,587,1181,595
2033,60.99667600000156,61.02667600000156,1171,2,2,2,2,130.35487500019372,False,0,True,3,591,567,988,592,1171,599
2034,61.02667600000156,61.05667600000156,1176,3,3,2,2,130.9207080048509,False,0,True,3,519,499,987,520,1176,532
2035,61.05667600000156,61.08667600000156,1221,3,3,2,2,130.49395800044294,False,0,True,3,619,592,1020,612,1221,637
2036,61.08667600000156,61.11667600000156,994,3,3,1,1,130.95604100089986,False,0,True,3,530,510,809,538,994,554
2037,61.11667600000156,61.14667600000156,940,4,3,2,3,134.09733300068183,False,0,True,3,527,499,804,519,940,540
2038,61.14667600000156,61.176676000001564,979,2,2,2,2,129.79966700368095,False,0,True,3,560,539,816,564,979,593
2039,61.176676000001564,61.206676000001565,949,4,4,3,2,129.53254199965158,False,0,True,3,539,516,770,535,949,560
2040,61.206676000001565,61.236676000001566,1024,4,3,2,2,128.32524999976158,False,0,True,3,535,517,851,540,1024,549
2041,61.236676000001566,61.26667600000157,1124,3,3,2,2,129.49212500097929,False,0,True,3,560,535,907,549,1124,566
2042,61.26667600000157,61.29667600000157,1066,2,2,2,2,129.1076669949689,False,0,True,3,581,564,882,591,1066,599
2043,61.29667600000157,61.32667600000157,975,2,2,2,2,130.70541599881835,False,0,True,3,525,505,800,521,975,530
2044,61.32667600000157,61.35667600000157,1035,2,3,2,2,129.9349170003552,False,0,True,3,522,505,825,520,1035,531
2045,61.35667600000157,61.38667600000157,1032,3,3,2,2,129.65424999856623,False,0,True,3,525,509,825,527,1032,550
2046,61.38667600000157,61.41667600000157,1159,4,3,2,2,129.01425000018207,False,0,True,3,555,539,865,556,1159,602
2047,61.41667600000157,61.446676000001574,1100,4,4,2,3,129.9834580058814,False,0,True,3,516,499,822,515,1100,539
2048,61.446676000001574,61.476676000001575,1126,4,4,3,4,132.07820800016634,False,0,True,3,545,531,836,544,1126,568
2049,61.476676000001575,61.506676000001576,1134,4,4,3,4,131.34049999644049,False,0,True,3,500,484,820,499,1134,523
2050,61.506676000001576,61.53667600000158,1146,3,3,3,3,129.90904199978104,False,0,True,3,483,465,824,479,1146,483
2051,61.53667600000158,61.56667600000158,1176,3,3,3,3,131.22958400344942,False,0,True,3,507,496,834,515,1176,521
2052,61.56667600000158,61.59667600000158,1259,3,3,3,3,131.2012079943088,False,0,True,3,498,483,861,501,1259,517
2053,61.59667600000158,61.62667600000158,1192,4,3,3,3,131.73354099853896,False,0,True,3,469,454,823,466,1192,476
2054,61.62667600000158,61.65667600000158,1205,4,4,3,3,130.68595900404034,False,0,True,3,486,473,823,484,1205,490
2055,61.65667600000158,61.68667600000158,1214,4,4,3,3,131.28787499590544,False,0,True,3,460,450,791,457,1214,463
2056,61.68667600000158,61.716676000001584,1280,4,4,3,3,131.41020799957914,False,0,True,3,520,508,855,527,1280,540
2057,61.716676000001584,61.746676000001585,1209,3,3,3,3,132.22200000018347,False,0,True,3,510,494,807,503,1209,507
2058,61.746676000001585,61.776676000001586,1241,3,3,3,3,130.15162499505095,False,0,True,3,515,503,824,521,1241,533
2059,61.776676000001586,61.80667600000159,1282,4,4,3,3,132.5672500024666,False,0,True,3,526,513,837,527,1282,531
2060,61.80667600000159,61.83667600000159,1258,4,4,3,3,130.78395900083706,False,0,True,3,506,493,816,505,1258,514
2061,61.83667600000159,61.86667600000159,1271,3,3,3,3,130.23608299408806,False,0,True,3,526,510,847,531,1271,540
2062,61.86667600000159,61.89667600000159,1362,3,3,3,3,130.30124999932013,False,0,True,3,560,547,903,572,1362,594
2063,61.89667600000159,61.92667600000159,1213,3,3,3,3,129.87166700622765,False,0,True,3,502,488,830,504,1213,522
2064,61.92667600000159,61.95667600000159,1260,3,3,3,3,132.1771250004531,False,0,True,3,551,536,890,569,1260,579
2065,61.95667600000159,61.986676000001594,1247,2,2,2,2,129.59749999572523,False,0,True,3,556,540,885,561,1247,572
2066,61.986676000001594,62.016676000001596,1205,2,2,2,2,130.2125420043012,False,0,True,3,547,524,849,540,1205,549
2067,62.016676000001596,62.0466760000016,1187,1,1,1,1,129.63945799856447,False,0,True,3,554,546,846,571,1187,583
2068,62.0466760000016,62.0766760000016,1204,2,2,2,2,130.32387500425102,False,0,True,3,531,510,866,531,1204,541
2069,62.0766760000016,62.1066760000016,1233,3,3,2,2,130.2060829984839,False,0,True,3,483,467,893,480,1233,504
2070,62.1066760000016,62.1366760000016,1304,2,2,2,2,128.66916600614786,False,0,True,3,586,571,993,594,1304,607
2071,62.1366760000016,62.1666760000016,1490,2,2,2,2,129.15187499311287,False,0,True,3,618,605,1041,629,1490,650
2072,62.1666760000016,62.1966760000016,1614,4,4,2,2,134.25904200266814,False,0,True,3,629,612,1096,642,1614,656
2073,62.1966760000016,62.2266760000016,1630,2,2,2,2,130.28637500246987,False,0,True,3,583,566,1102,585,1630,588
2074,62.2266760000016,62.256676000001605,1779,2,2,2,2,129.49558399850503,False,0,True,3,625,605,1196,620,1779,625
2075,62.256676000001605,62.286676000001606,1876,2,2,2,2,129.91208299354184,False,0,True,3,654,640,1244,666,1876,672
2076,62.286676000001606,62.31667600000161,1941,2,2,2,2,130.65137500234414,False,0,True,3,602,582,1227,606,1941,617
2077,62.31667600000161,62.34667600000161,2009,2,2,2,2,129.63841699820478,False,0,True,3,611,596,1231,610,2009,629
2078,62.34667600000161,62.37667600000161,2246,2,2,1,1,128.96891700074775,False,0,True,3,597,581,1289,598,2246,604
2079,62.37667600000161,62.40667600000161,1771,3,3,1,1,131.91287500376347,False,0,True,3,612,600,1117,625,1771,635
2080,62.40667600000161,62.43667600000161,1046,3,3,3,3,129.57445799838752,False,0,True,3,574,560,832,580,1046,588
2081,62.43667600000161,62.46667600000161,1012,3,2,3,2,128.58795899956021,False,0,True,3,574,560,817,581,1012,611
2082,62.46667600000161,62.496676000001614,970,2,2,2,2,133.7286249981844,False,0,True,3,540,528,780,550,970,556
2083,62.496676000001614,62.526676000001615,1001,3,3,2,3,131.90941599896178,False,0,True,3,554,539,785,553,1001,561
2084,62.526676000001615,62.556676000001616,1062,2,2,2,2,129.96495900006266,False,0,True,3,603,589,844,609,1062,632
2085,62.556676000001616,62.58667600000162,1026,3,3,2,3,133.79629200062482,False,0,True,3,552,539,789,563,1026,575
2086,62.58667600000162,62.61667600000162,1024,2,2,2,2,135.2719159986009,False,0,True,3,597,587,804,602,1024,610
2087,62.61667600000162,62.64667600000162,952,2,2,2,2,134.77616700401995,False,0,True,3,525,516,729,534,952,538
2088,62.64667600000162,62.67667600000162,1025,3,2,2,2,132.9295409959741,False,0,True,3,559,545,786,565,1025,589
2089,62.67667600000162,62.70667600000162,958,4,4,2,2,132.97700000111945,False,0,True,3,529,515,756,526,958,533
2090,62.70667600000162,62.73667600000162,1063,3,3,2,2,131.827584002167,False,0,True,3,545,536,813,552,1063,582
2091,62.73667600000162,62.766676000001624,1058,3,3,2,3,131.53333300579106,False,0,True,3,518,506,812,523,1058,538
2092,62.766676000001624,62.796676000001625,1055,3,3,2,3,131.45675000123447,False,0,True,3,475,465,765,477,1055,485
2093,62.796676000001625,62.826676000001626,1171,3,3,3,3,132.2098750024452,False,0,True,3,547,538,866,565,1171,578
2094,62.826676000001626,62.85667600000163,1174,3,3,3,3,129.92008400033228,False,0,True,3,518,509,838,526,1174,531
2095,62.85667600000163,62.88667600000163,1134,3,3,3,3,131.10441699973308,False,0,True,3,512,498,803,516,1134,525
2096,62.88667600000163,62.91667600000163,1164,2,2,2,2,128.82349999563303,False,0,True,3,517,502,816,518,1164,529
2097,62.91667600000163,62.94667600000163,1251,3,3,3,3,133.02545899932738,False,0,True,3,553,539,874,561,1251,571
2098,62.94667600000163,62.97667600000163,1290,3,3,3,3,130.9460419943207,False,0,True,3,580,566,904,586,1290,592
2099,62.97667600000163,63.00667600000163,1274,2,2,2,2,128.17983300192282,False,0,True,3,540,523,849,540,1274,548
2100,63.00667600000163,63.036676000001634,1296,2,2,2,2,129.30958299693884,False,0,True,3,540,530,834,552,1296,564
2101,63.036676000001634,63.066676000001635,1295,2,2,2,2,132.1229579989449,False,0,True,3,560,544,858,568,1295,575
2102,63.066676000001635,63.09667600000164,1325,2,2,2,2,131.80116700095823,False,0,True,3,524,515,822,535,1325,546
2103,63.09667600000164,63.12667600000164,1238,2,2,2,2,131.15754200407537,False,0,True,3,551,537,837,548,1238,563
2104,63.12667600000164,63.15667600000164,1114,2,2,2,2,130.85683399549453,False,0,True,3,541,527,818,545,1114,555
2105,63.15667600000164,63.18667600000164,1099,1,1,1,1,131.1562090049847,False,0,True,3,530,521,798,536,1099,556
2106,63.18667600000164,63.21667600000164,1137,1,1,1,1,129.1862090001814,False,0,True,3,560,548,813,570,1137,581
2107,63.21667600000164,63.24667600000164,1069,2,2,2,2,131.23666599858552,False,0,True,3,503,495,739,513,1069,518
2108,63.24667600000164,63.27667600000164,1074,2,2,1,1,132.6942089945078,False,0,True,3,479,473,730,496,1074,507
2109,63.27667600000164,63.306676000001644,1081,2,2,2,2,170.74387500179,False,0,True,3,486,479,724,498,1081,503
2110,63.306676000001644,63.336676000001646,1071,2,2,2,2,132.57162499940023,False,0,True,3,517,506,734,522,1071,527
2111,63.336676000001646,63.36667600000165,1049,1,1,1,1,129.53966700297315,False,0,True,3,515,500,749,518,1049,527
2112,63.36667600000165,63.39667600000165,960,1,1,1,1,129.65287500264822,False,0,True,3,490,477,687,499,960,505
2113,63.39667600000165,63.42667600000165,990,1,1,1,1,129.1393749997951,False,0,True,3,537,523,769,545,990,555
2114,63.42667600000165,63.45667600000165,1068,2,2,1,1,131.6452089959057,False,0,True,3,553,542,795,569,1068,583
2115,63.45667600000165,63.48667600000165,995,2,2,1,1,130.9134159964742,False,0,True,3,530,520,751,537,995,546
2116,63.48667600000165,63.51667600000165,1043,2,2,1,1,131.58429100440117,False,0,True,3,528,513,782,529,1043,537
2117,63.51667600000165,63.54667600000165,1026,2,2,2,2,129.70012499863515,False,0,True,3,538,523,792,546,1026,551
2118,63.54667600000165,63.576676000001655,968,2,2,2,2,129.7849580005277,False,0,True,3,544,529,786,550,968,560
2119,63.576676000001655,63.606676000001656,976,3,3,2,2,131.56449999951292,False,0,True,3,528,515,766,538,976,545
2120,63.606676000001656,63.63667600000166,934,3,3,2,2,129.94987500132993,False,0,True,3,513,499,748,524,934,529
2121,63.63667600000166,63.66667600000166,907,2,2,2,2,129.46658299915725,False,0,True,3,532,521,733,542,907,548
2122,63.66667600000166,63.69667600000166,885,2,2,2,2,131.2715419990127,False,0,True,3,529,515,731,536,885,542
2123,63.69667600000166,63.72667600000166,797,1,1,1,1,128.88770799327176,False,0,True,3,501,484,687,506,797,515
2124,63.72667600000166,63.75667600000166,859,2,2,1,1,130.95712500216905,False,0,True,3,541,526,721,550,859,563
2125,63.75667600000166,63.78667600000166,887,2,2,1,1,129.9998750037048,False,0,True,3,539,526,734,547,887,560
2126,63.78667600000166,63.816676000001664,893,1,1,1,1,131.07483399653574,False,0,True,3,499,485,709,506,893,522
2127,63.816676000001664,63.846676000001665,916,1,1,1,1,129.28429200110259,False,0,True,3,564,554,761,581,916,587
2128,63.846676000001665,63.876676000001666,950,1,1,1,1,130.82974999997532,False,0,True,3,573,560,784,578,950,590
2129,63.876676000001666,63.90667600000167,967,1,1,1,1,129.37954100198112,False,0,True,3,550,539,792,567,967,579
2130,63.90667600000167,63.93667600000167,923,1,1,1,1,130.05462499859277,False,0,True,3,523,511,754,537,923,543
2131,63.93667600000167,63.96667600000167,972,1,1,1,1,129.93224999809172,False,0,True,3,550,534,796,553,972,563
2132,63.96667600000167,63.99667600000167,1005,1,1,1,1,128.9269589979085,False,0,True,3,568,553,815,589,1005,596
2133,63.99667600000167,64.02667600000167,951,1,1,1,1,128.7480000028154,False,0,True,3,543,522,776,537,951,543
2134,64.02667600000167,64.05667600000167,946,1,1,1,1,129.23133300500922,False,0,True,3,570,553,793,575,946,587
2135,64.05667600000167,64.08667600000167,978,1,1,1,1,129.55916699866066,False,0,True,3,599,586,841,617,978,622
2136,64.08667600000167,64.11667600000168,947,1,1,1,1,128.65595800394658,False,0,True,3,555,537,791,557,947,571
2137,64.11667600000168,64.14667600000168,902,1,1,1,1,128.34475000272505,False,0,True,3,512,501,738,524,902,539
2138,64.14667600000168,64.17667600000168,882,1,1,1,1,128.05899999511894,False,0,True,3,521,506,764,547,882,554
2139,64.17667600000168,64.20667600000168,881,1,1,1,1,129.25479199475376,False,0,True,3,528,514,757,537,881,548
2140,64.20667600000168,64.23667600000168,887,1,1,1,1,128.64612499834038,False,0,True,3,532,517,778,539,887,548
2141,64.23667600000168,64.26667600000168,956,1,1,1,1,129.91541699739173,False,0,True,3,562,549,817,565,956,570
2142,64.26667600000168,64.29667600000168,995,1,1,1,1,130.01387500116834,False,0,True,3,552,535,833,551,995,554
2143,64.29667600000168,64.32667600000168,997,1,1,1,1,131.10195899935206,False,0,True,3,564,550,815,572,997,579
2144,64.32667600000168,64.35667600000168,1007,2,2,1,1,131.0444999980973,False,0,True,3,568,557,818,579,1007,599
2145,64.35667600000168,64.38667600000169,984,1,1,1,1,130.17141700402135,False,0,True,3,561,551,811,575,984,580
2146,64.38667600000169,64.41667600000169,956,1,1,1,1,130.727540999942,False,0,True,3,523,511,791,538,956,548
2147,64.41667600000169,64.44667600000169,1064,1,1,1,1,130.92212499759626,False,0,True,3,628,613,869,630,1064,643
2148,64.44667600000169,64.47667600000169,1029,1,1,1,1,130.66983300086576,False,0,True,3,570,556,836,579,1029,590
2149,64.47667600000169,64.50667600000169,1015,1,1,1,1,130.32383300014772,False,0,True,3,551,533,825,548,1015,562
2150,64.50667600000169,64.53667600000169,990,1,1,1,1,131.36370899883332,False,0,True,3,598,585,848,604,990,613
2151,64.53667600000169,64.56667600000169,1014,0,0,0,0,131.2193749981816,False,0,True,3,612,596,904,621,1014,650
2152,64.56667600000169,64.5966760000017,991,3,3,1,1,131.23662499856437,False,0,True,3,557,542,829,555,991,577
2153,64.5966760000017,64.6266760000017,917,0,0,0,0,129.0326250018552,False,0,True,3,527,508,803,528,917,545
2154,64.6266760000017,64.6566760000017,1065,2,2,0,0,132.57358300324995,False,0,True,3,618,598,926,616,1065,628
2155,64.6566760000017,64.6866760000017,1106,2,2,0,0,133.36841700220248,False,0,True,3,639,621,939,639,1106,659
2156,64.6866760000017,64.7166760000017,1074,2,2,0,0,131.78091699955985,False,0,True,3,601,580,907,599,1074,620
2157,64.7166760000017,64.7466760000017,1100,1,1,1,1,130.60908299667062,False,0,True,3,653,638,940,664,1100,685
2158,64.7466760000017,64.7766760000017,1054,1,1,1,1,129.9982920027105,False,0,True,3,625,611,889,632,1054,648
2159,64.7766760000017,64.8066760000017,1012,1,1,1,1,131.3436249984079,False,0,True,3,585,573,848,599,1012,603
2160,64.8066760000017,64.8366760000017,1011,1,1,1,1,130.57179199677194,False,0,True,3,645,632,896,653,1011,663
2161,64.8366760000017,64.8666760000017,991,1,1,1,1,133.5842499975115,False,0,True,3,600,585,868,601,991,610
2162,64.8666760000017,64.8966760000017,966,2,2,1,1,132.37466599821346,False,0,True,3,569,555,836,573,966,581
2163,64.8966760000017,64.9266760000017,955,2,2,1,1,133.1495830017957,False,0,True,3,569,549,843,567,955,581
2164,64.9266760000017,64.9566760000017,868,0,0,0,0,129.6410829963861,False,0,True,3,549,531,800,544,868,555
2165,64.9566760000017,64.98667600000171,843,0,0,0,0,128.4003330001724,False,0,True,3,530,510,773,531,843,538
2166,64.98667600000171,65.01667600000171,825,1,1,0,0,129.1198330000043,False,0,True,3,532,520,755,534,825,543
2167,65.01667600000171,65.04667600000171,824,1,1,0,0,130.05816699296702,False,0,True,3,534,519,771,532,824,541
2168,65.04667600000171,65.07667600000171,837,1,1,0,0,128.26599999971222,False,0,True,3,554,540,774,561,837,572
2169,65.07667600000171,65.10667600000171,782,2,2,1,1,130.1920420009992,False,0,True,3,517,503,721,519,782,529
2170,65.10667600000171,65.13667600000171,793,2,2,1,1,129.37374999455642,False,0,True,3,530,516,724,532,793,536
2171,65.13667600000171,65.16667600000171,832,2,2,1,1,130.75308300176403,False,0,True,3,538,522,752,541,832,559
2172,65.16667600000171,65.19667600000172,837,1,1,0,0,129.0928750022431,False,0,True,3,573,559,774,577,837,584
2173,65.19667600000172,65.22667600000172,854,1,1,0,0,130.08804200217128,False,0,True,3,565,549,778,572,854,583
2174,65.22667600000172,65.25667600000172,781,1,1,1,1,131.03337500069756,False,0,True,3,522,505,714,522,781,532
2175,65.25667600000172,65.28667600000172,824,1,1,1,1,129.41641700308537,False,0,True,3,536,521,727,542,824,559
2176,65.28667600000172,65.31667600000172,844,1,1,1,1,130.10345800284995,False,0,True,3,531,512,750,531,844,544
2177,65.31667600000172,65.34667600000172,933,1,1,1,1,128.66166599997086,False,0,True,3,582,570,807,588,933,617
2178,65.34667600000172,65.37667600000172,866,3,2,1,1,130.58175000332994,False,0,True,3,537,526,762,538,866,569
2179,65.37667600000172,65.40667600000172,939,1,1,1,1,129.1865829989547,False,0,True,3,578,567,840,591,939,599
2180,65.40667600000172,65.43667600000173,936,1,1,0,0,128.54604199674213,False,0,True,3,566,549,843,570,936,589
2181,65.43667600000173,65.46667600000173,932,2,2,2,2,129.3686670032912,False,0,True,3,610,594,844,616,932,644
2182,65.46667600000173,65.49667600000173,893,2,2,1,1,129.40583300223807,False,0,True,3,580,559,826,579,893,587
2183,65.49667600000173,65.52667600000173,836,3,2,2,1,129.73854199663037,False,0,True,3,520,502,741,524,836,547
2184,65.52667600000173,65.55667600000173,868,2,2,1,1,129.2310830031056,False,0,True,3,571,551,798,569,868,577
2185,65.55667600000173,65.58667600000173,908,1,1,1,1,128.5899590002373,False,0,True,3,593,578,826,613,908,620
2186,65.58667600000173,65.61667600000173,827,1,1,1,1,132.30420900072204,False,0,True,3,519,502,710,515,827,524
2187,65.61667600000173,65.64667600000173,852,1,1,1,1,129.81637500342913,False,0,True,3,541,529,726,551,852,558
2188,65.64667600000173,65.67667600000173,883,1,1,1,1,128.32691700168652,False,0,True,3,548,528,745,542,883,554
2189,65.67667600000173,65.70667600000174,867,1,1,1,1,129.56158300221432,False,0,True,3,559,541,755,565,867,576
2190,65.70667600000174,65.73667600000174,918,2,2,1,1,132.43720900209155,False,0,True,3,604,586,804,612,918,620
2191,65.73667600000174,65.76667600000174,946,2,2,1,1,132.97079200128792,False,0,True,3,621,607,807,625,946,634
2192,65.76667600000174,65.79667600000174,837,1,1,1,1,132.00562500423985,False,0,True,3,573,554,725,577,837,585
2193,65.79667600000174,65.82667600000174,773,1,1,0,0,130.02241600042908,False,0,True,3,594,580,732,597,773,610
2194,65.82667600000174,65.85667600000174,774,1,1,0,0,130.14600000315113,False,0,True,3,577,563,707,579,774,596
2195,65.85667600000174,65.88667600000174,751,0,0,0,0,130.76374999945983,False,0,True,3,565,546,714,566,751,580
2196,65.88667600000174,65.91667600000174,787,1,1,0,0,131.09362500108546,False,0,True,3,597,580,738,593,787,605
2197,65.91667600000174,65.94667600000174,744,0,0,0,0,128.9870830005384,False,0,True,3,571,565,692,578,744,613
2198,65.94667600000174,65.97667600000175,708,0,0,0,0,129.3061660035164,False,0,True,3,522,509,671,525,708,532
2199,65.97667600000175,66.00667600000175,734,0,0,0,0,130.3592080003,False,0,True,3,533,524,688,542,734,549
2200,66.00667600000175,66.03667600000175,758,0,0,0,0,128.8483329990413,False,0,True,3,524,512,704,528,758,538
2201,66.03667600000175,66.06667600000175,791,0,0,0,0,128.73187500372296,False,0,True,3,528,516,732,535,791,540
2202,66.06667600000175,66.09667600000175,872,0,0,0,0,128.2494589977432,False,0,True,3,571,559,796,571,872,578
2203,66.09667600000175,66.12667600000175,998,2,2,0,0,129.39279100100975,False,0,True,3,591,578,852,593,998,602
2204,66.12667600000175,66.15667600000175,948,2,2,0,0,129.8132079973584,False,0,True,3,547,540,811,563,948,574
2205,66.15667600000175,66.18667600000175,1004,1,1,1,1,130.11004099826096,False,0,True,3,542,533,851,543,1004,554
2206,66.18667600000175,66.21667600000175,1003,1,1,0,0,130.6174170022132,False,0,True,3,535,525,853,542,1003,548
2207,66.21667600000175,66.24667600000176,1080,1,1,0,0,130.75900000694674,False,0,True,3,543,530,874,539,1080,545
2208,66.24667600000176,66.27667600000176,1153,2,2,1,1,129.2059170009452,False,0,True,3,554,544,918,559,1153,568
2209,66.27667600000176,66.30667600000176,1203,2,2,1,1,129.93466599436942,False,0,True,3,525,515,887,528,1203,534
2210,66.30667600000176,66.33667600000176,1253,2,2,1,1,129.20104200020432,False,0,True,3,539,529,902,542,1253,557
2211,66.33667600000176,66.36667600000176,1126,2,2,1,1,129.97025000368012,False,0,True,3,527,515,853,532,1126,538
2212,66.36667600000176,66.39667600000176,1152,2,2,2,2,130.57520899747033,False,0,True,3,542,528,881,542,1152,558
2213,66.39667600000176,66.42667600000176,1077,2,2,2,2,130.50645800103666,False,0,True,3,553,540,868,560,1077,569
2214,66.42667600000176,66.45667600000176,989,3,3,2,2,130.7222079994972,False,0,True,3,534,521,814,538,989,548
2215,66.45667600000176,66.48667600000176,884,1,1,0,0,130.8599170006346,False,0,True,3,538,528,791,546,884,551
2216,66.48667600000176,66.51667600000177,1020,2,2,2,2,130.54912500228966,False,0,True,3,554,536,825,557,1020,564
2217,66.51667600000177,66.54667600000177,1198,2,2,1,1,130.3698340052506,False,0,True,3,514,502,837,514,1198,520
2218,66.54667600000177,66.57667600000177,1204,2,2,2,2,130.1245420036139,False,0,True,3,518,506,852,526,1204,543
2219,66.57667600000177,66.60667600000177,1277,2,2,1,1,130.95325000176672,False,0,True,3,551,534,897,550,1277,563
2220,66.60667600000177,66.63667600000177,1210,1,1,1,1,130.42987500375602,False,0,True,3,587,576,887,586,1210,598
2221,66.63667600000177,66.66667600000177,1174,3,3,1,1,131.0180419968674,False,0,True,3,511,498,854,523,1174,531
2222,66.66667600000177,66.69667600000177,1110,3,3,1,1,129.8220000026049,False,0,True,3,505,490,872,505,1110,529
2223,66.69667600000177,66.72667600000177,1164,3,3,1,2,133.93941699905554,False,0,True,3,479,469,863,487,1164,496
2224,66.72667600000177,66.75667600000178,1178,3,3,1,2,130.79179199849023,False,0,True,3,486,472,858,494,1178,504
2225,66.75667600000178,66.78667600000178,1223,3,3,2,3,132.3733750032261,False,0,True,3,540,529,913,553,1223,563
2226,66.78667600000178,66.81667600000178,1297,3,3,3,3,129.77229099487886,False,0,True,3,515,502,920,517,1297,540
2227,66.81667600000178,66.84667600000178,1466,3,3,3,3,132.20800000271993,False,0,True,3,534,522,996,546,1466,561
2228,66.84667600000178,66.87667600000178,1648,2,3,2,3,129.7873340008664,False,0,True,3,525,514,989,524,1648,557
2229,66.87667600000178,66.90667600000178,1652,3,3,2,3,131.81158399675041,False,0,True,3,548,533,1021,558,1652,574
2230,66.90667600000178,66.93667600000178,1629,3,3,3,3,130.0027079996653,False,0,True,3,484,473,926,495,1629,512
2231,66.93667600000178,66.96667600000178,1638,2,2,2,2,130.10683299944503,False,0,True,3,532,517,967,538,1638,549
2232,66.96667600000178,66.99667600000178,1674,3,3,2,3,130.32316700264346,False,0,True,3,552,535,994,555,1674,573
2233,66.99667600000178,67.02667600000179,1542,2,3,2,3,130.93379200290656,False,0,True,3,456,443,903,464,1542,480
2234,67.02667600000179,67.05667600000179,1551,3,3,3,3,130.86370899691246,False,0,True,3,489,479,921,488,1551,512
2235,67.05667600000179,67.08667600000179,1603,3,3,2,3,131.52049999916926,False,0,True,3,535,518,979,528,1603,545
2236,67.08667600000179,67.11667600000179,1615,3,3,2,3,130.958792004094,False,0,True,3,509,496,965,512,1615,517
2237,67.11667600000179,67.14667600000179,1735,2,2,2,2,131.61420799588086,False,0,True,3,535,525,1005,541,1735,549
2238,67.14667600000179,67.17667600000179,1716,3,3,3,3,131.687792003504,False,0,True,3,512,501,996,514,1716,521
2239,67.17667600000179,67.20667600000179,1770,1,1,1,1,130.72204099444207,False,0,True,3,590,575,1052,596,1770,604
2240,67.20667600000179,67.2366760000018,1592,2,2,2,2,128.98533399857115,False,0,True,3,505,490,966,504,1592,507
2241,67.2366760000018,67.2666760000018,1776,2,2,2,2,131.793957996706,False,0,True,3,527,511,1014,528,1776,537
2242,67.2666760000018,67.2966760000018,1638,3,3,2,2,130.2077080035815,False,0,True,3,511,494,976,511,1638,518
2243,67.2966760000018,67.3266760000018,1650,3,3,2,2,130.54112499958137,False,0,True,3,500,484,971,505,1650,522
2244,67.3266760000018,67.3566760000018,1713,3,3,3,3,130.65179099794477,False,0,True,3,557,544,1033,561,1713,568
2245,67.3566760000018,67.3866760000018,1603,3,3,2,2,131.73983299930114,False,0,True,3,551,539,1010,563,1603,572
2246,67.3866760000018,67.4166760000018,1780,3,3,3,3,134.5877079947968,False,0,True,3,557,547,1061,573,1780,593
2247,67.4166760000018,67.4466760000018,1675,2,2,2,2,135.717040997406,False,0,True,3,531,519,1007,538,1675,541
2248,67.4466760000018,67.4766760000018,1707,2,2,2,2,214.8605830007,False,0,True,3,566,550,1041,571,1707,577
2249,67.4766760000018,67.5066760000018,1508,2,2,2,2,141.20662500499748,False,0,True,3,545,531,1038,549,1508,550
2250,67.5066760000018,67.5366760000018,1535,2,2,2,2,134.11895799799822,False,0,True,3,586,571,1033,592,1535,606
2251,67.5366760000018,67.5666760000018,1460,2,2,2,2,133.67004199972143,False,0,True,3,542,529,991,548,1460,575
2252,67.5666760000018,67.5966760000018,1672,3,2,2,2,133.43399999575922,False,0,True,3,586,570,1050,596,1672,618
2253,67.5966760000018,67.62667600000181,1934,2,2,2,2,136.03341599809937,False,0,True,3,617,596,1143,621,1934,640
2254,67.62667600000181,67.65667600000181,1842,2,2,2,2,133.4412079959293,False,0,True,3,571,556,1085,575,1842,592
2255,67.65667600000181,67.68667600000181,1612,2,2,2,2,133.48291700094705,False,0,True,3,539,523,1047,552,1612,563
2256,67.68667600000181,67.71667600000181,1757,2,2,2,2,132.43512500048382,False,0,True,3,583,565,1087,588,1757,593
2257,67.71667600000181,67.74667600000181,1860,3,3,2,2,133.49162499798695,False,0,True,3,534,514,1057,528,1860,535
2258,67.74667600000181,67.77667600000181,1914,2,2,2,2,132.50187499943422,False,0,True,3,553,535,1113,555,1914,569
2259,67.77667600000181,67.80667600000181,2247,2,2,2,2,132.6379160018405,False,0,True,3,567,552,1151,573,2247,581
2260,67.80667600000181,67.83667600000182,2437,2,2,2,2,132.80912500340492,False,0,True,3,596,578,1233,601,2437,618
2261,67.83667600000182,67.86667600000182,2531,2,2,2,2,133.31904099322855,False,0,True,3,556,545,1156,568,2531,576
2262,67.86667600000182,67.89667600000182,2416,2,2,2,2,132.88058400212321,False,0,True,3,569,555,1188,576,2416,592
2263,67.89667600000182,67.92667600000182,2297,2,2,2,2,133.3106250021956,False,0,True,3,603,585,1183,600,2297,615
2264,67.92667600000182,67.95667600000182,2200,2,2,2,2,133.59937500354135,False,0,True,3,587,572,1162,602,2200,627
2265,67.95667600000182,67.98667600000182,2126,2,2,2,2,136.04691700311378,False,0,True,3,568,549,1150,563,2126,578
2266,67.98667600000182,68.01667600000182,2328,2,2,2,2,133.94800000241958,False,0,True,3,566,551,1187,579,2328,589
2267,68.01667600000182,68.04667600000182,2226,2,2,2,2,135.60475000122096,False,0,True,3,628,616,1234,633,2226,646
2268,68.04667600000182,68.07667600000183,2039,3,3,2,2,136.1662499984959,False,0,True,3,593,580,1184,601,2039,620
2269,68.07667600000183,68.10667600000183,2599,2,2,2,2,134.052082998096,False,0,True,3,651,634,1270,650,2599,673
2270,68.10667600000183,68.13667600000183,2534,3,3,2,2,133.6872920001042,False,0,True,3,600,586,1200,609,2534,623
2271,68.13667600000183,68.16667600000183,2575,3,3,2,2,133.96466599806445,False,0,True,3,658,646,1239,671,2575,677
2272,68.16667600000183,68.19667600000183,2435,3,3,2,2,133.90999999683117,False,0,True,3,658,645,1226,666,2435,674
2273,68.19667600000183,68.22667600000183,2565,2,2,2,2,133.57729100243887,False,0,True,3,646,636,1245,652,2565,664
2274,68.22667600000183,68.25667600000183,3030,3,3,2,2,134.8089580060332,False,0,True,3,621,601,1305,620,3030,640
2275,68.25667600000183,68.28667600000183,3249,2,2,2,2,135.14083300105995,False,0,True,3,675,656,1359,675,3249,692
2276,68.28667600000183,68.31667600000183,3072,3,3,3,3,133.69987499754643,False,0,True,3,625,609,1289,627,3072,636
2277,68.31667600000183,68.34667600000184,2989,2,2,2,2,133.73570799740264,False,0,True,3,628,607,1283,629,2989,643
2278,68.34667600000184,68.37667600000184,2846,2,2,2,2,133.2738339988282,False,0,True,3,602,591,1174,612,2846,628
2279,68.37667600000184,68.40667600000184,2724,2,2,2,2,134.21383399690967,False,0,True,3,637,621,1188,646,2724,660
2280,68.40667600000184,68.43667600000184,2712,2,2,2,2,131.977500001085,False,0,True,3,582,567,1130,595,2712,602
2281,68.43667600000184,68.46667600000184,2797,2,2,2,2,134.67183300235774,False,0,True,3,667,651,1215,681,2797,696
2282,68.46667600000184,68.49667600000184,2698,2,2,2,2,133.7639580015093,False,0,True,3,631,617,1170,649,2698,658
2283,68.49667600000184,68.52667600000184,2617,2,2,2,2,131.08591600030195,False,0,True,3,638,625,1159,651,2617,657
2284,68.52667600000184,68.55667600000184,2520,2,2,2,2,134.03033400390996,False,0,True,3,624,609,1148,641,2520,648
2285,68.55667600000184,68.58667600000184,2494,2,2,2,2,133.72679100575624,False,0,True,3,630,615,1154,636,2494,653
2286,68.58667600000184,68.61667600000185,2438,2,2,2,2,135.17150000552647,False,0,True,3,649,634,1182,669,2438,687
2287,68.61667600000185,68.64667600000185,2518,2,2,2,2,134.77966700156685,False,0,True,3,672,652,1200,665,2518,671
2288,68.64667600000185,68.67667600000185,2429,2,2,2,2,135.5647919990588,False,0,True,3,649,637,1167,655,2429,666
2289,68.67667600000185,68.70667600000185,2366,2,2,2,2,135.9903749980731,False,0,True,3,639,626,1162,644,2366,652
2290,68.70667600000185,68.73667600000185,2355,2,2,2,2,133.3972919965163,False,0,True,3,633,614,1194,640,2355,649
2291,68.73667600000185,68.76667600000185,2432,2,2,2,2,133.28458400064847,False,0,True,3,693,676,1242,706,2432,715
2292,68.76667600000185,68.79667600000185,2428,2,2,2,2,134.44091600104002,False,0,True,3,665,651,1211,673,2428,693
2293,68.79667600000185,68.82667600000185,2304,2,2,2,2,134.56850000511622,False,0,True,3,641,619,1233,640,2304,649
2294,68.82667600000185,68.85667600000185,2371,3,3,2,2,134.07558300241362,False,0,True,3,659,637,1250,671,2371,686
2295,68.85667600000185,68.88667600000186,2535,3,3,2,2,135.044916998595,False,0,True,3,668,650,1291,676,2535,681
2296,68.88667600000186,68.91667600000186,2631,3,3,3,3,134.48366700322367,False,0,True,3,651,631,1268,659,2631,670
2297,68.91667600000186,68.94667600000186,2714,2,2,2,2,133.970542003226,False,0,True,3,695,670,1292,704,2714,711
2298,68.94667600000186,68.97667600000186,2753,2,2,2,2,134.23145900014788,False,0,True,3,699,673,1242,704,2753,720
2299,68.97667600000186,69.00667600000186,2773,2,2,2,2,134.51112500479212,False,0,True,3,668,640,1200,667,2773,692
2300,69.00667600000186,69.03667600000186,2679,3,3,2,2,133.64062500477303,False,0,True,3,712,683,1234,720,2679,742
2301,69.03667600000186,69.06667600000186,2371,3,3,2,2,134.90858300065156,False,0,True,3,657,630,1158,662,2371,678
2302,69.06667600000186,69.09667600000186,2234,2,2,2,2,135.07833299809135,False,0,True,3,618,597,1071,634,2234,651
2303,69.09667600000186,69.12667600000186,2042,4,4,2,2,134.40458299737656,False,0,True,3,617,594,1020,626,2042,638
2304,69.12667600000186,69.15667600000187,2006,2,2,1,1,132.95195800310466,False,0,True,3,632,603,978,631,2006,671
2305,69.15667600000187,69.18667600000187,1934,2,2,1,1,134.37537499703467,False,0,True,3,666,634,1041,666,1934,684
2306,69.18667600000187,69.21667600000187,2009,2,2,1,1,133.98287500604056,False,0,True,3,667,637,1064,664,2009,675
2307,69.21667600000187,69.24667600000187,2228,3,3,2,2,134.94170799822314,False,0,True,3,762,735,1209,768,2228,782
2308,69.24667600000187,69.27667600000187,2187,2,3,2,2,134.63429200055543,False,0,True,3,697,670,1193,716,2187,736
2309,69.27667600000187,69.30667600000187,2240,3,3,2,2,134.87150000582915,False,0,True,3,645,615,1195,653,2240,671
2310,69.30667600000187,69.33667600000187,2297,2,2,2,2,133.99070800369373,False,0,True,3,658,625,1212,668,2297,682
2311,69.33667600000187,69.36667600000187,2367,2,2,2,2,133.61641699884785,False,0,True,3,724,692,1255,731,2367,740
2312,69.36667600000187,69.39667600000188,2296,3,3,3,3,134.79895800264785,False,0,True,3,660,632,1191,659,2296,667
2313,69.39667600000188,69.42667600000188,2417,3,3,3,3,136.70316700154217,False,0,True,3,655,628,1208,664,2417,671
2314,69.42667600000188,69.45667600000188,2362,3,2,2,2,132.8557919987361,False,0,True,3,656,630,1191,659,2362,681
2315,69.45667600000188,69.48667600000188,2409,3,4,3,3,135.2188750024652,False,0,True,3,725,694,1237,718,2409,729
2316,69.48667600000188,69.51667600000188,2343,2,2,2,2,134.42837500042515,False,0,True,3,713,693,1188,721,2343,737
2317,69.51667600000188,69.54667600000188,2279,2,2,2,2,133.14033399365144,False,0,True,3,628,606,1116,634,2279,643
2318,69.54667600000188,69.57667600000188,2440,1,1,1,1,132.8569580000476,False,0,True,3,707,689,1176,718,2440,725
2319,69.57667600000188,69.60667600000188,2589,2,2,2,2,134.07912500406383,False,0,True,3,688,665,1168,694,2589,700
2320,69.60667600000188,69.63667600000188,2665,1,1,1,1,135.00262500019744,False,0,True,3,705,682,1213,715,2665,724
2321,69.63667600000188,69.66667600000189,2864,1,1,1,1,134.251082999981,False,0,True,3,664,635,1219,658,2864,681
2322,69.66667600000189,69.69667600000189,2828,2,2,1,1,134.01516700105276,False,0,True,3,712,691,1212,724,2828,744
2323,69.69667600000189,69.72667600000189,2973,1,1,1,1,134.3540000016219,False,0,True,3,684,659,1222,680,2973,690
2324,69.72667600000189,69.75667600000189,3036,1,1,1,1,133.66162499733036,False,0,True,3,637,604,1224,629,3036,643
2325,69.75667600000189,69.78667600000189,3122,1,1,1,1,133.73133300046902,False,0,True,3,700,674,1274,701,3122,717
2326,69.78667600000189,69.81667600000189,3140,1,1,1,1,135.10604200564558,False,0,True,3,658,637,1213,670,3140,688
2327,69.81667600000189,69.84667600000189,3333,1,1,1,1,133.33674999739742,False,0,True,3,661,639,1269,672,3333,681
2328,69.84667600000189,69.8766760000019,3244,1,1,1,1,133.98516600136645,False,0,True,3,627,594,1249,625,3244,644
2329,69.8766760000019,69.9066760000019,3309,1,1,1,1,134.48095800413284,False,0,True,3,650,624,1303,660,3309,682
2330,69.9066760000019,69.9366760000019,3293,1,1,1,1,133.90408400300657,False,0,True,3,625,598,1227,631,3293,649
2331,69.9366760000019,69.9666760000019,3212,2,2,1,1,134.95299999340205,False,0,True,3,595,568,1218,594,3212,613
2332,69.9666760000019,69.9966760000019,3123,2,2,1,1,136.3485830006539,False,0,True,3,614,589,1263,612,3123,618
2333,69.9966760000019,70.0266760000019,3218,2,2,1,1,137.96929200179875,False,0,True,3,664,635,1307,664,3218,678
2334,70.0266760000019,70.0566760000019,3024,3,3,1,1,134.67862499965122,False,0,True,3,611,585,1266,614,3024,627
2335,70.0566760000019,70.0866760000019,3008,2,2,1,1,133.11137499840697,False,0,True,3,631,604,1243,638,3008,664
2336,70.0866760000019,70.1166760000019,2819,2,2,2,2,133.51962500019,False,0,True,3,626,596,1166,622,2819,635
2337,70.1166760000019,70.1466760000019,2900,2,2,2,2,134.8260000013397,False,0,True,3,648,620,1201,649,2900,655
2338,70.1466760000019,70.1766760000019,2731,1,1,1,1,133.27283300168347,False,0,True,3,720,690,1210,718,2731,732
2339,70.1766760000019,70.2066760000019,2630,1,1,1,1,132.70908399863401,False,0,True,3,665,645,1135,675,2630,687
2340,70.2066760000019,70.2366760000019,2673,1,1,1,1,132.1731669959263,False,0,True,3,663,640,1125,673,2673,686
2341,70.2366760000019,70.26667600000191,2670,1,1,1,1,131.63212499785004,False,0,True,3,661,633,1142,666,2670,682
2342,70.26667600000191,70.29667600000191,2701,1,1,1,1,130.5544170027133,False,0,True,3,665,638,1130,668,2701,684
2343,70.29667600000191,70.32667600000191,2741,2,2,1,1,133.88854100048775,False,0,True,3,667,641,1176,672,2741,682
2344,70.32667600000191,70.35667600000191,2909,2,2,1,1,132.34825000108685,False,0,True,3,756,731,1280,770,2909,774
2345,70.35667600000191,70.38667600000191,2806,3,3,2,2,133.20075000228826,False,0,True,3,704,668,1244,703,2806,716
2346,70.38667600000191,70.41667600000191,2828,3,3,2,2,133.24995799484896,False,0,True,3,670,642,1230,680,2828,694
2347,70.41667600000191,70.44667600000191,2790,3,3,3,3,133.24491700041108,False,0,True,3,697,669,1231,699,2790,708
2348,70.44667600000191,70.47667600000192,2779,2,2,2,2,132.03287500073202,False,0,True,3,740,708,1271,753,2779,759
2349,70.47667600000192,70.50667600000192,2561,2,2,2,2,132.30058400222333,False,0,True,3,691,663,1223,708,2561,722
2350,70.50667600000192,70.53667600000192,2419,2,2,2,2,132.98666600167053,False,0,True,3,683,657,1190,689,2419,702
2351,70.53667600000192,70.56667600000192,2411,3,3,2,2,133.52720799593953,False,0,True,3,696,669,1234,703,2411,714
2352,70.56667600000192,70.59667600000192,2337,2,2,2,2,132.72404199960874,False,0,True,3,703,677,1202,705,2337,710
2353,70.59667600000192,70.62667600000192,2224,2,2,2,2,134.3483329983428,False,0,True,3,717,685,1236,723,2224,730
2354,70.62667600000192,70.65667600000192,2007,3,3,2,2,132.3494579992257,False,0,True,3,726,705,1176,745,2007,753
2355,70.65667600000192,70.68667600000192,1950,3,3,2,2,132.31804199313046,False,0,True,3,742,716,1183,762,1950,775
2356,70.68667600000192,70.71667600000193,1891,2,2,2,2,132.80204200418666,False,0,True,3,716,691,1192,719,1891,727
2357,70.71667600000193,70.74667600000193,1735,3,3,2,2,133.05179199960548,False,0,True,3,740,711,1216,759,1735,771
2358,70.74667600000193,70.77667600000193,1681,3,3,2,2,132.6198749957257,False,0,True,3,717,689,1172,728,1681,737
2359,70.77667600000193,70.80667600000193,1774,2,2,2,2,133.05574999685632,False,0,True,3,712,680,1229,727,1774,733
2360,70.80667600000193,70.83667600000193,1797,3,3,2,2,133.79104100022232,False,0,True,3,730,694,1230,731,1797,746
2361,70.83667600000193,70.86667600000193,1797,3,3,1,1,132.73762500466546,False,0,True,3,677,645,1221,677,1797,684
2362,70.86667600000193,70.89667600000193,1583,2,2,1,1,131.50075000157813,False,0,True,3,653,619,1169,654,1583,665
2363,70.89667600000193,70.92667600000193,1628,3,3,2,2,133.12262499675853,False,0,True,3,692,662,1207,700,1628,708
2364,70.92667600000193,70.95667600000193,1708,2,2,1,1,136.97662499907892,False,0,True,3,684,653,1218,701,1708,707
2365,70.95667600000193,70.98667600000194,1709,2,2,1,1,132.1555000031367,False,0,True,3,711,675,1250,706,1709,710
2366,70.98667600000194,71.01667600000194,1628,4,4,3,3,131.92237500334159,False,0,True,3,654,609,1202,646,1628,655
2367,71.01667600000194,71.04667600000194,1443,1,1,1,1,133.0028750016936,False,0,True,3,617,591,1151,623,1443,629
2368,71.04667600000194,71.07667600000194,1466,3,3,3,3,131.72100000520004,False,0,True,3,670,640,1190,678,1466,687
2369,71.07667600000194,71.10667600000194,1540,4,4,4,4,132.1262499986915,False,0,True,3,658,629,1214,668,1540,680
2370,71.10667600000194,71.13667600000194,1517,2,2,2,2,132.89091699698474,False,0,True,3,623,591,1122,612,1517,628
2371,71.13667600000194,71.16667600000194,1746,4,4,2,2,134.13958399905823,False,0,True,3,671,640,1229,682,1746,700
2372,71.16667600000194,71.19667600000194,2059,3,3,1,1,132.6332500029821,False,0,True,3,707,669,1338,697,2059,723
2373,71.19667600000194,71.22667600000194,2009,4,4,2,2,132.43895799678285,False,0,True,3,677,644,1283,670,2009,714
2374,71.22667600000194,71.25667600000195,1824,2,3,2,3,132.3340000017197,False,0,True,3,705,672,1296,713,1824,728
2375,71.25667600000195,71.28667600000195,1719,1,1,1,1,133.64575000014156,False,0,True,3,679,652,1255,684,1719,703
2376,71.28667600000195,71.31667600000195,1836,1,1,1,1,133.3910419998574,False,0,True,3,686,651,1323,685,1836,698
2377,71.31667600000195,71.34667600000195,1809,4,4,2,2,135.70337500277674,False,0,True,3,690,657,1326,687,1809,697
2378,71.34667600000195,71.37667600000195,1621,2,2,1,1,134.81399999727728,False,0,True,3,651,623,1146,651,1621,658
2379,71.37667600000195,71.40667600000195,1740,3,3,1,1,131.3202919991454,False,0,True,3,660,636,1178,672,1740,683
2380,71.40667600000195,71.43667600000195,1810,3,3,3,3,133.25587500003166,False,0,True,3,624,586,1178,613,1810,620
2381,71.43667600000195,71.46667600000195,1934,3,3,2,2,131.6215410042787,False,0,True,3,654,632,1223,674,1934,684
2382,71.46667600000195,71.49667600000195,1882,2,2,2,2,131.10470800165785,False,0,True,3,640,610,1209,637,1882,640
2383,71.49667600000195,71.52667600000196,1948,3,3,1,1,130.61037499574013,False,0,True,3,628,596,1249,622,1948,639
2384,71.52667600000196,71.55667600000196,2053,2,2,2,2,131.517250003526,False,0,True,3,635,604,1290,643,2053,653
2385,71.55667600000196,71.58667600000196,2170,2,2,2,2,132.2304589994019,False,0,True,3,706,679,1294,721,2170,729
2386,71.58667600000196,71.61667600000196,2122,2,2,2,2,131.21058399701724,False,0,True,3,641,616,1220,652,2122,658
2387,71.61667600000196,71.64667600000196,2224,2,2,2,2,133.85849999758648,False,0,True,3,657,627,1295,664,2224,668
2388,71.64667600000196,71.67667600000196,2283,2,2,2,2,132.38083400210598,False,0,True,3,675,645,1327,677,2283,685
2389,71.67667600000196,71.70667600000196,2136,2,2,2,2,131.48925000132294,False,0,True,3,668,640,1214,677,2136,694
2390,71.70667600000196,71.73667600000196,2177,2,2,2,2,131.8064580045757,False,0,True,3,656,626,1185,664,2177,682
2391,71.73667600000196,71.76667600000197,2312,2,2,2,2,132.99079200078268,False,0,True,3,648,617,1190,649,2312,674
2392,71.76667600000197,71.79667600000197,2343,2,2,2,2,133.83554200117942,False,0,True,3,677,649,1206,676,2343,711
2393,71.79667600000197,71.82667600000197,2403,2,2,2,2,132.26125000073807,False,0,True,3,661,635,1201,670,2403,694
2394,71.82667600000197,71.85667600000197,2395,2,2,2,2,131.67062499996973,False,0,True,3,657,631,1182,668,2395,693
2395,71.85667600000197,71.88667600000197,2330,2,2,2,2,135.97370799834607,False,0,True,3,637,610,1127,644,2330,661
2396,71.88667600000197,71.91667600000197,2332,2,2,2,2,130.405542004155,False,0,True,3,671,644,1176,675,2332,685
2397,71.91667600000197,71.94667600000197,2153,2,2,2,2,136.40520899934927,False,0,True,3,635,616,1093,651,2153,663
2398,71.94667600000197,71.97667600000197,2101,2,2,2,2,197.31745900207898,False,0,True,3,624,598,1076,627,2101,638
2399,71.97667600000197,72.00667600000197,2088,2,2,2,2,134.58862499828683,False,0,True,3,636,606,1095,647,2088,674
2400,72.00667600000197,72.03667600000198,2047,2,2,2,2,131.84041699423688,False,0,True,3,632,604,1043,639,2047,646
2401,72.03667600000198,72.06667600000198,2062,3,3,2,2,135.2474999948754,False,0,True,3,687,667,1082,706,2062,720
2402,72.06667600000198,72.09667600000198,2033,1,1,1,1,134.92558400321286,False,0,True,3,698,674,1119,717,2033,724
2403,72.09667600000198,72.12667600000198,1957,1,1,1,1,133.43570799770532,False,0,True,3,701,682,1088,721,1957,743
2404,72.12667600000198,72.15667600000198,1875,1,1,1,1,132.39754200185416,False,0,True,3,669,641,1062,678,1875,698
2405,72.15667600000198,72.18667600000198,1925,2,2,1,1,133.2994999975199,False,0,True,3,645,621,1065,659,1925,675
2406,72.18667600000198,72.21667600000198,1952,2,2,1,1,132.5893330067629,False,0,True,3,627,595,1057,621,1952,645
2407,72.21667600000198,72.24667600000198,2042,2,2,1,1,133.40083400544245,False,0,True,3,664,633,1080,669,2042,680
2408,72.24667600000198,72.27667600000198,1871,0,0,0,0,133.13012500293553,False,0,True,3,632,606,1008,644,1871,656
2409,72.27667600000198,72.30667600000199,1960,2,2,2,2,132.3840420009219,False,0,True,3,637,613,1039,650,1960,664
2410,72.30667600000199,72.33667600000199,2110,1,1,1,1,132.29920899902936,False,0,True,3,634,605,1022,635,2110,655
2411,72.33667600000199,72.36667600000199,2048,1,1,1,1,132.02150000142865,False,0,True,3,637,615,1040,653,2048,660
2412,72.36667600000199,72.39667600000199,2095,1,1,1,1,133.11650000105146,False,0,True,3,636,607,1061,640,2095,648
2413,72.39667600000199,72.42667600000199,2297,2,2,1,1,131.13370800419943,False,0,True,3,666,640,1109,668,2297,674
2414,72.42667600000199,72.45667600000199,2476,2,2,1,1,131.66483400709694,False,0,True,3,657,627,1144,664,2476,668
2415,72.45667600000199,72.48667600000199,2328,2,2,2,2,133.5690420019091,False,0,True,3,707,680,1161,716,2328,733
2416,72.48667600000199,72.516676000002,2037,2,2,2,2,133.42958300199825,False,0,True,3,660,638,1067,664,2037,678
2417,72.516676000002,72.546676000002,1747,2,2,2,2,131.80862500303192,False,0,True,3,631,615,1014,658,1747,669
2418,72.546676000002,72.576676000002,1743,2,2,2,2,132.9408340025111,False,0,True,3,610,590,1004,631,1743,641
2419,72.576676000002,72.606676000002,1868,2,2,2,2,132.13625000207685,False,0,True,3,683,662,1083,704,1868,723
2420,72.606676000002,72.636676000002,1679,2,2,2,2,131.70020899997326,False,0,True,3,617,593,1037,629,1679,637
2421,72.636676000002,72.666676000002,1658,2,2,2,2,132.68170800438384,False,0,True,3,654,632,1039,662,1658,669
2422,72.666676000002,72.696676000002,1599,2,2,2,2,133.92679199751,False,0,True,3,606,578,1032,617,1599,625
2423,72.696676000002,72.726676000002,1718,2,2,2,2,132.24091599840904,False,0,True,3,608,585,1061,610,1718,616
2424,72.726676000002,72.756676000002,1770,2,2,2,2,132.5853750022361,False,0,True,3,624,595,1126,631,1770,639
2425,72.756676000002,72.786676000002,1684,2,2,2,2,133.09791699430207,False,0,True,3,684,657,1103,686,1684,705
2426,72.786676000002,72.816676000002,1612,2,2,2,2,132.20454199472442,False,0,True,3,642,606,1073,640,1612,650
2427,72.816676000002,72.846676000002,1546,2,2,2,2,131.6947919985978,False,0,True,3,643,614,1038,646,1546,650
2428,72.846676000002,72.876676000002,1532,2,2,2,2,132.38916699629044,False,0,True,3,692,668,1071,699,1532,707
2429,72.876676000002,72.90667600000201,1622,1,1,1,1,133.0080000043381,False,0,True,3,669,637,1112,670,1622,683
2430,72.90667600000201,72.93667600000201,1676,3,3,2,2,133.21362499846146,False,0,True,3,710,678,1167,715,1676,722
2431,72.93667600000201,72.96667600000201,1646,2,2,2,2,132.66233399917837,False,0,True,3,670,640,1106,679,1646,706
2432,72.96667600000201,72.99667600000201,1655,2,2,2,2,133.70450000365963,False,0,True,3,678,644,1121,679,1655,685
2433,72.99667600000201,73.02667600000201,1802,3,2,2,2,133.13874999585096,False,0,True,3,700,662,1143,694,1802,720
2434,73.02667600000201,73.05667600000201,1818,2,2,2,2,133.3259579987498,False,0,True,3,707,677,1121,713,1818,727
2435,73.05667600000201,73.08667600000202,1942,2,2,2,2,133.74254199879942,False,0,True,3,775,744,1217,781,1942,792
2436,73.08667600000202,73.11667600000202,1934,2,2,2,2,135.1609159974032,False,0,True,3,715,677,1165,724,1934,741
2437,73.11667600000202,73.14667600000202,1843,2,2,2,2,132.6683330044034,False,0,True,3,693,669,1140,708,1843,718
2438,73.14667600000202,73.17667600000202,1867,2,2,2,2,131.9482920007431,False,0,True,3,720,699,1132,742,1867,747
2439,73.17667600000202,73.20667600000202,2013,2,2,2,2,133.25658299436327,False,0,True,3,737,708,1152,749,2013,756
2440,73.20667600000202,73.23667600000202,2184,2,2,2,2,133.07479200011585,False,0,True,3,660,630,1107,662,2184,678
2441,73.23667600000202,73.26667600000202,2376,2,2,2,2,133.4889169957023,False,0,True,3,690,668,1120,702,2376,709
2442,73.26667600000202,73.29667600000202,2496,2,2,2,2,132.72675000189338,False,0,True,3,670,646,1134,672,2496,682
2443,73.29667600000202,73.32667600000202,2462,2,2,2,2,133.2685829984257,False,0,True,3,652,630,1111,668,2462,681
2444,73.32667600000202,73.35667600000203,2527,2,2,2,2,132.59770900185686,False,0,True,3,576,553,1067,584,2527,592
2445,73.35667600000203,73.38667600000203,2567,2,2,2,2,132.0965420018183,False,0,True,3,609,593,1090,624,2567,632
2446,73.38667600000203,73.41667600000203,2709,2,2,2,2,132.37141699937638,False,0,True,3,614,591,1154,626,2709,633
2447,73.41667600000203,73.44667600000203,2766,2,2,2,2,131.58974999532802,False,0,True,3,582,564,1125,601,2766,614
2448,73.44667600000203,73.47667600000203,2724,2,2,2,2,132.98670899530407,False,0,True,3,582,555,1119,577,2724,598
2449,73.47667600000203,73.50667600000203,3011,2,2,2,2,132.49366699892562,False,0,True,3,658,637,1222,673,3011,695
2450,73.50667600000203,73.53667600000203,3096,2,2,2,2,133.86079100018833,False,0,True,3,614,587,1227,617,3096,625
2451,73.53667600000203,73.56667600000203,3224,3,3,2,2,133.37825000053272,False,0,True,3,683,660,1273,709,3224,721
2452,73.56667600000203,73.59667600000203,3275,3,3,2,2,132.6180830001249,False,0,True,3,652,620,1289,667,3275,680
2453,73.59667600000203,73.62667600000204,3266,3,3,2,2,135.31033299659612,False,0,True,3,606,581,1232,612,3266,644
2454,73.62667600000204,73.65667600000204,3209,2,2,2,2,133.77370800299104,False,0,True,3,643,608,1321,654,3209,672
2455,73.65667600000204,73.68667600000204,3166,3,3,2,2,132.63354200171307,False,0,True,3,665,643,1259,681,3166,692
2456,73.68667600000204,73.71667600000204,3072,3,3,2,2,134.42308400408365,False,0,True,3,666,635,1264,665,3072,676
2457,73.71667600000204,73.74667600000204,2912,3,3,3,3,135.53050000336953,False,0,True,3,646,613,1261,647,2912,656
2458,73.74667600000204,73.77667600000204,2874,3,3,3,3,135.4150409970316,False,0,True,3,621,591,1282,625,2874,636
2459,73.77667600000204,73.80667600000204,2981,3,3,3,3,134.19450000219513,False,0,True,3,634,601,1283,635,2981,657
2460,73.80667600000204,73.83667600000204,2979,3,3,3,3,135.4072920003091,False,0,True,3,612,577,1352,612,2979,629
2461,73.83667600000204,73.86667600000204,3188,3,3,3,3,132.87750000017695,False,0,True,3,661,625,1485,662,3188,673
2462,73.86667600000204,73.89667600000205,3071,3,3,3,3,135.87299999926472,False,0,True,3,687,649,1510,686,3071,693
2463,73.89667600000205,73.92667600000205,2701,3,3,3,3,135.46562500414439,False,0,True,3,701,667,1422,720,2701,727
2464,73.92667600000205,73.95667600000205,2478,4,3,3,3,133.3827500056941,False,0,True,3,706,661,1259,705,2478,748
2465,73.95667600000205,73.98667600000205,2516,2,2,2,2,133.52012500399724,False,0,True,3,726,682,1299,726,2516,753
2466,73.98667600000205,74.01667600000205,2206,3,2,2,2,133.52508400566876,False,0,True,3,690,651,1233,706,2206,729
2467,74.01667600000205,74.04667600000205,2189,3,3,2,2,135.09199999680277,False,0,True,3,699,662,1240,715,2189,746
2468,74.04667600000205,74.07667600000205,2120,2,2,2,2,132.58224999299273,False,0,True,3,738,695,1245,728,2120,748
2469,74.07667600000205,74.10667600000205,2060,2,2,2,2,133.25249999616062,False,0,True,3,746,709,1231,745,2060,756
2470,74.10667600000205,74.13667600000205,2221,3,3,2,2,133.022041998629,False,0,True,3,751,711,1310,758,2221,769
2471,74.13667600000205,74.16667600000206,2293,3,3,2,2,133.43100000201957,False,0,True,3,693,654,1276,692,2293,703
2472,74.16667600000206,74.19667600000206,3015,4,4,3,3,133.6624160030624,False,0,True,3,745,705,1518,736,3015,746
2473,74.19667600000206,74.22667600000206,2349,4,4,3,3,133.91887499892619,False,0,True,3,766,726,1382,765,2349,773
2474,74.22667600000206,74.25667600000206,2176,3,3,2,2,133.6033750048955,False,0,True,3,730,692,1303,739,2176,759
2475,74.25667600000206,74.28667600000206,1890,2,2,2,2,131.5290000056848,False,0,True,3,695,665,1145,703,1890,713
2476,74.28667600000206,74.31667600000206,1850,2,2,2,2,132.83012499596225,False,0,True,3,694,662,1110,703,1850,714
2477,74.31667600000206,74.34667600000206,1838,2,2,2,2,131.91479200031608,False,0,True,3,683,649,1121,691,1838,706
2478,74.34667600000206,74.37667600000206,1750,2,2,2,2,133.08074999804376,False,0,True,3,667,641,1057,676,1750,687
2479,74.37667600000206,74.40667600000207,1803,2,2,2,2,132.1850419990369,False,0,True,3,677,651,1062,687,1803,694
2480,74.40667600000207,74.43667600000207,1803,1,1,1,1,132.81983399792807,False,0,True,3,658,626,1085,656,1803,675
2481,74.43667600000207,74.46667600000207,1634,2,2,2,2,133.27508300426416,False,0,True,3,614,586,986,626,1634,640
2482,74.46667600000207,74.49667600000207,1602,2,2,2,2,131.77933399856556,False,0,True,3,599,572,915,613,1602,631
2483,74.49667600000207,74.52667600000207,1681,2,2,2,2,133.13362500048243,False,0,True,3,612,582,957,611,1681,633
2484,74.52667600000207,74.55667600000207,1643,3,3,2,2,133.82320899836486,False,0,True,3,623,600,1023,637,1643,652
2485,74.55667600000207,74.58667600000207,1658,3,3,1,1,132.27650000044378,False,0,True,3,641,618,996,647,1658,673
2486,74.58667600000207,74.61667600000207,1689,4,4,2,2,132.95333299902268,False,0,True,3,612,585,1032,613,1689,628
2487,74.61667600000207,74.64667600000207,1635,3,3,2,2,133.119958001771,False,0,True,3,628,606,1040,627,1635,635
2488,74.64667600000207,74.67667600000208,1534,3,3,2,2,132.011000001512,False,0,True,3,595,569,995,596,1534,616
2489,74.67667600000208,74.70667600000208,1592,2,2,2,2,132.9390829996555,False,0,True,3,652,623,1088,655,1592,662
2490,74.70667600000208,74.73667600000208,1592,2,2,2,2,132.96054099919274,False,0,True,3,649,628,1021,664,1592,673
2491,74.73667600000208,74.76667600000208,1576,2,2,2,2,134.6211249983753,False,0,True,3,657,638,1035,680,1576,693
2492,74.76667600000208,74.79667600000208,1473,2,2,2,2,131.3899169981596,False,0,True,3,629,600,964,633,1473,652
2493,74.79667600000208,74.82667600000208,1423,2,2,2,2,131.95095799892442,False,0,True,3,631,609,918,634,1423,645
2494,74.82667600000208,74.85667600000208,1410,1,1,1,1,133.90866700501647,False,0,True,3,653,634,932,680,1410,695
2495,74.85667600000208,74.88667600000208,1465,3,3,2,2,133.1867089975276,False,0,True,3,650,621,1000,662,1465,684
2496,74.88667600000208,74.91667600000208,1492,3,3,2,2,132.21737500134623,False,0,True,3,624,600,955,624,1492,636
2497,74.91667600000208,74.94667600000209,1503,2,2,2,2,131.81333299871767,False,0,True,3,643,618,1014,647,1503,671
2498,74.94667600000209,74.97667600000209,1535,3,3,2,2,132.117000001017,False,0,True,3,670,643,1049,668,1535,673
2499,74.97667600000209,75.00667600000209,1543,4,4,3,3,133.7054999967222,False,0,True,3,650,629,1032,651,1543,657
2500,75.00667600000209,75.03667600000209,1530,3,3,2,2,134.96516699524364,False,0,True,3,627,598,996,637,1530,655
2501,75.03667600000209,75.06667600000209,1540,2,2,2,2,132.50541700108442,False,0,True,3,684,653,1036,692,1540,711
2502,75.06667600000209,75.09667600000209,1430,3,4,2,3,134.558958998241,False,0,True,3,662,634,979,673,1430,694
2503,75.09667600000209,75.12667600000209,1375,3,3,1,2,132.6480419957079,False,0,True,3,663,636,980,675,1375,680
2504,75.12667600000209,75.1566760000021,1517,3,3,2,2,134.0887910046149,False,0,True,3,686,659,1031,711,1517,734
2505,75.1566760000021,75.1866760000021,1462,3,3,3,3,133.5864579959889,False,0,True,3,697,673,1026,723,1462,736
2506,75.1866760000021,75.2166760000021,1358,3,3,3,3,132.80741599737667,False,0,True,3,673,647,998,693,1358,707
2507,75.2166760000021,75.2466760000021,1308,3,3,3,3,133.98654099728446,False,0,True,3,655,632,975,670,1308,691
2508,75.2466760000021,75.2766760000021,1307,3,3,3,3,133.89012499828823,False,0,True,3,696,668,999,701,1307,719
2509,75.2766760000021,75.3066760000021,1222,3,3,3,3,133.05374999617925,False,0,True,3,665,643,940,683,1222,694
2510,75.3066760000021,75.3366760000021,1205,3,3,3,3,133.86554099997738,False,0,True,3,705,682,990,717,1205,726
2511,75.3366760000021,75.3666760000021,1195,3,3,3,3,134.52654099819483,False,0,True,3,636,614,942,644,1195,655
2512,75.3666760000021,75.3966760000021,1186,3,3,3,3,132.18112500180723,False,0,True,3,636,612,930,654,1186,665
2513,75.3966760000021,75.4266760000021,1205,3,3,3,3,132.6865419978276,False,0,True,3,634,617,911,653,1205,684
2514,75.4266760000021,75.4566760000021,1189,3,3,3,3,133.41337499878136,False,0,True,3,656,634,926,667,1189,692
2515,75.4566760000021,75.4866760000021,1279,3,3,3,3,132.699917005084,False,0,True,3,654,628,951,660,1279,674
2516,75.4866760000021,75.51667600000211,1128,3,3,3,3,132.88179200026207,False,0,True,3,621,606,890,636,1128,652
2517,75.51667600000211,75.54667600000211,1103,2,2,2,2,131.7997500009369,False,0,True,3,661,642,906,670,1103,679
2518,75.54667600000211,75.57667600000211,1037,2,2,2,2,132.80350000422914,False,0,True,3,662,649,883,672,1037,679
2519,75.57667600000211,75.60667600000211,1081,3,3,3,3,131.08891699812375,False,0,True,3,679,660,936,694,1081,704
2520,75.60667600000211,75.63667600000211,1005,2,2,2,2,130.9881659981329,False,0,True,3,626,606,881,635,1005,648
2521,75.63667600000211,75.66667600000211,1047,2,2,2,2,133.3616659976542,False,0,True,3,638,622,905,651,1047,668
2522,75.66667600000211,75.69667600000211,1113,1,1,1,1,132.2063750048983,False,0,True,3,650,631,942,672,1113,684
2523,75.69667600000211,75.72667600000212,1111,2,2,2,2,132.14004099427257,False,0,True,3,658,639,933,663,1111,687
2524,75.72667600000212,75.75667600000212,1038,2,2,2,2,132.27420800103573,False,0,True,3,588,576,846,604,1038,616
2525,75.75667600000212,75.78667600000212,1152,1,1,1,1,133.27495800331235,False,0,True,3,682,665,951,702,1152,717
2526,75.78667600000212,75.81667600000212,1160,1,1,1,1,132.83620800211793,False,0,True,3,668,650,918,685,1160,696
2527,75.81667600000212,75.84667600000212,1224,2,2,1,1,133.86895899748197,False,0,True,3,726,703,1003,738,1224,750
2528,75.84667600000212,75.87667600000212,1262,1,1,1,1,133.3032499969704,False,0,True,3,713,692,1008,735,1262,759
2529,75.87667600000212,75.90667600000212,1265,3,3,2,2,134.6661249990575,False,0,True,3,708,686,986,729,1265,735
2530,75.90667600000212,75.93667600000212,1335,2,2,2,2,135.81695900211344,False,0,True,3,695,668,1010,703,1335,710
2531,75.93667600000212,75.96667600000212,1503,2,2,2,2,135.751584006357,False,0,True,3,760,729,1112,766,1503,775
2532,75.96667600000212,75.99667600000213,1545,2,2,2,2,133.49100000050385,False,0,True,3,712,685,1110,728,1545,732
2533,75.99667600000213,76.02667600000213,1464,2,2,2,2,132.88124999962747,False,0,True,3,712,683,1078,713,1464,721
2534,76.02667600000213,76.05667600000213,1463,3,3,2,2,134.8820000057458,False,0,True,3,694,665,1079,697,1463,703
2535,76.05667600000213,76.08667600000213,1548,3,3,2,2,134.61008400190622,False,0,True,3,674,656,1072,686,1548,690
2536,76.08667600000213,76.11667600000213,1649,3,3,3,3,133.59104200208094,False,0,True,3,699,679,1124,720,1649,735
2537,76.11667600000213,76.14667600000213,1646,3,3,3,3,132.51250000030268,False,0,True,3,731,714,1216,753,1646,762
2538,76.14667600000213,76.17667600000213,1742,2,2,2,2,133.72829199943226,False,0,True,3,703,685,1276,728,1742,739
2539,76.17667600000213,76.20667600000213,1696,3,3,3,3,134.99520800542086,False,0,True,3,717,688,1258,730,1696,737
2540,76.20667600000213,76.23667600000213,1660,4,4,3,3,133.80091699946206,False,0,True,3,692,669,1221,705,1660,713
2541,76.23667600000213,76.26667600000214,1570,3,3,3,3,133.40908299869625,False,0,True,3,732,708,1218,746,1570,755
2542,76.26667600000214,76.29667600000214,1355,2,2,2,2,133.79587500094203,False,0,True,3,726,699,1088,735,1355,750
2543,76.29667600000214,76.32667600000214,1204,1,1,1,1,131.61320800281828,False,0,True,3,702,684,1000,725,1204,726
2544,76.32667600000214,76.35667600000214,1308,2,2,1,1,131.42812499427237,False,0,True,3,728,700,1066,738,1308,765
2545,76.35667600000214,76.38667600000214,1358,1,1,1,1,132.15291599772172,False,0,True,3,776,744,1131,784,1358,812
2546,76.38667600000214,76.41667600000214,1363,1,1,1,1,132.27783299953444,False,0,True,3,732,702,1138,738,1363,754
2547,76.41667600000214,76.44667600000214,1402,1,1,1,1,130.1680420001503,False,0,True,3,719,686,1110,723,1402,743
2548,76.44667600000214,76.47667600000214,1500,3,3,1,1,132.47612499981187,False,0,True,3,722,692,1140,726,1500,744
2549,76.47667600000214,76.50667600000214,2154,3,3,1,1,132.6053330049035,False,0,True,3,722,687,1349,728,2154,743
2550,76.50667600000214,76.53667600000215,1499,2,1,1,1,131.84787499631057,False,0,True,3,689,663,1126,709,1499,731
2551,76.53667600000215,76.56667600000215,1243,3,2,1,1,131.37266699777683,False,0,True,3,726,702,1005,732,1243,759
2552,76.56667600000215,76.59667600000215,1239,1,1,0,0,133.5771250014659,False,0,True,3,721,692,1031,733,1239,762
2553,76.59667600000215,76.62667600000215,1339,2,2,2,1,133.7925420011743,False,0,True,3,724,703,1061,738,1339,762
2554,76.62667600000215,76.65667600000215,1201,2,2,2,2,133.01833299919963,False,0,True,3,677,661,990,692,1201,701
2555,76.65667600000215,76.68667600000215,1153,2,2,2,2,134.14354199630907,False,0,True,3,676,661,981,695,1153,701
2556,76.68667600000215,76.71667600000215,1278,2,2,2,2,132.49170900235185,False,0,True,3,726,711,1037,736,1278,748
2557,76.71667600000215,76.74667600000215,1260,2,2,2,2,133.3082499986631,False,0,True,3,712,697,1025,724,1260,734
2558,76.74667600000215,76.77667600000215,1185,2,2,2,2,132.57754199730698,False,0,True,3,706,689,989,711,1185,718
2559,76.77667600000215,76.80667600000216,1251,2,2,2,2,134.47387499763863,False,0,True,3,660,638,986,667,1251,685
2560,76.80667600000216,76.83667600000216,1314,1,1,1,1,130.77558299846714,False,0,True,3,713,691,1050,712,1314,729
2561,76.83667600000216,76.86667600000216,1338,2,2,2,2,131.50133300223388,False,0,True,3,707,690,1038,713,1338,724
2562,76.86667600000216,76.89667600000216,1272,1,1,1,1,132.37875000049826,False,0,True,3,654,638,972,660,1272,667
2563,76.89667600000216,76.92667600000216,1258,2,2,1,1,132.98962500266498,False,0,True,3,601,589,954,626,1258,632
2564,76.92667600000216,76.95667600000216,1317,1,1,1,1,131.76599999860628,False,0,True,3,672,652,1031,677,1317,688
2565,76.95667600000216,76.98667600000216,1328,2,2,2,2,131.6878750003525,False,0,True,3,679,662,1050,700,1328,704
2566,76.98667600000216,77.01667600000216,1343,1,1,1,1,131.8605410051532,False,0,True,3,665,643,1006,671,1343,678
2567,77.01667600000216,77.04667600000217,1349,2,2,2,2,132.99083300080383,False,0,True,3,634,612,1012,645,1349,656
2568,77.04667600000217,77.07667600000217,1324,1,1,1,1,131.45387500117067,False,0,True,3,660,641,1016,680,1324,694
2569,77.07667600000217,77.10667600000217,1353,1,1,1,1,132.3799579986371,False,0,True,3,695,677,1038,706,1353,711
2570,77.10667600000217,77.13667600000217,1420,1,1,1,1,131.60087500000373,False,0,True,3,689,663,1051,697,1420,713
2571,77.13667600000217,77.16667600000217,1383,1,1,1,1,131.0754580044886,False,0,True,3,685,666,1028,709,1383,717
2572,77.16667600000217,77.19667600000217,1413,1,1,1,1,131.05504200211726,False,0,True,3,732,711,1060,740,1413,757
2573,77.19667600000217,77.22667600000217,1372,1,1,1,1,131.63716700364603,False,0,True,3,720,693,1048,723,1372,734
2574,77.22667600000217,77.25667600000217,1487,1,1,1,1,131.1855000021751,False,0,True,3,791,762,1157,802,1487,817
2575,77.25667600000217,77.28667600000217,1472,2,2,1,1,131.5841250034282,False,0,True,3,786,761,1156,801,1472,815
2576,77.28667600000217,77.31667600000218,1530,1,1,1,1,131.4886670006672,False,0,True,3,798,767,1209,814,1530,823
2577,77.31667600000218,77.34667600000218,1620,1,1,1,1,131.2399579983321,False,0,True,3,811,779,1232,819,1620,844
2578,77.34667600000218,77.37667600000218,1521,2,1,1,1,131.3955830046325,False,0,True,3,785,759,1159,798,1521,832
2579,77.37667600000218,77.40667600000218,1501,1,1,1,1,130.95529199927114,False,0,True,3,826,795,1222,841,1501,858
2580,77.40667600000218,77.43667600000218,1564,1,1,1,1,132.3984170012409,False,0,True,3,845,815,1255,862,1564,878
2581,77.43667600000218,77.46667600000218,1624,2,2,1,1,133.27224999375176,False,0,True,3,817,787,1287,827,1624,838
2582,77.46667600000218,77.49667600000218,1546,2,2,1,1,132.01766700512962,False,0,True,3,798,764,1255,815,1546,819
2583,77.49667600000218,77.52667600000218,1481,1,1,1,1,133.05374999617925,False,0,True,3,824,791,1237,837,1481,845
2584,77.52667600000218,77.55667600000218,1419,2,2,1,1,133.96649999776855,False,0,True,3,833,803,1175,838,1419,851
2585,77.55667600000218,77.58667600000219,1612,2,2,1,1,133.68225000158418,False,0,True,3,881,852,1267,907,1612,928
2586,77.58667600000219,77.61667600000219,1611,2,2,2,2,133.47691699891584,False,0,True,3,854,821,1254,870,1611,879
2587,77.61667600000219,77.64667600000219,1662,2,2,2,2,133.05808300356148,False,0,True,3,881,838,1320,885,1662,905
2588,77.64667600000219,77.67667600000219,1722,2,2,2,2,132.97566700202879,False,0,True,3,850,816,1306,869,1722,876
2589,77.67667600000219,77.70667600000219,1666,2,2,2,2,132.41404200380202,False,0,True,3,806,779,1216,831,1666,867
2590,77.70667600000219,77.73667600000219,1746,2,2,2,2,132.86937499651685,False,0,True,3,792,756,1304,796,1746,803
2591,77.73667600000219,77.76667600000219,1638,1,1,1,1,131.3967500027502,False,0,True,3,824,786,1305,836,1638,847
2592,77.76667600000219,77.7966760000022,1713,2,2,2,2,131.84516599721974,False,0,True,3,796,755,1331,808,1713,833
2593,77.7966760000022,77.8266760000022,1739,2,2,2,2,132.19333299639402,False,0,True,3,844,811,1370,862,1739,871
2594,77.8266760000022,77.8566760000022,1684,2,2,2,2,142.10841699969023,False,0,True,3,821,787,1271,830,1684,900
2595,77.8566760000022,77.8866760000022,1566,2,2,2,2,134.64208300138125,False,0,True,3,743,717,1101,771,1566,803
2596,77.8866760000022,77.9166760000022,1640,2,2,2,2,133.7428750048275,False,0,True,3,864,827,1229,875,1640,883
2597,77.9166760000022,77.9466760000022,1587,2,2,2,2,137.56437499978347,False,0,True,3,864,828,1268,881,1587,889
2598,77.9466760000022,77.9766760000022,1638,2,2,2,2,141.10316699952818,False,0,True,3,854,809,1280,855,1638,867
2599,77.9766760000022,78.0066760000022,1473,2,2,2,2,170.0027919941931,False,0,True,3,841,810,1195,855,1473,879
2600,78.0066760000022,78.0366760000022,1610,3,2,2,2,140.08491699496517,False,0,True,3,841,813,1186,865,1610,894
2601,78.0366760000022,78.0666760000022,1527,2,2,2,2,139.36816599743906,False,0,True,3,840,805,1196,855,1527,925
2602,78.0666760000022,78.0966760000022,1590,3,3,2,2,139.11012499738717,False,0,True,3,818,786,1148,825,1590,842
2603,78.0966760000022,78.1266760000022,1512,3,2,2,2,138.4214579957188,False,0,True,3,817,786,1188,845,1512,895
2604,78.1266760000022,78.15667600000221,1657,3,3,3,2,140.9698749994277,False,0,True,3,902,854,1290,913,1657,926
2605,78.15667600000221,78.18667600000221,1774,2,2,1,1,142.28208299755352,False,0,True,3,885,845,1299,907,1774,922
2606,78.18667600000221,78.21667600000221,1886,3,3,1,1,141.60987499781186,False,0,True,3,900,865,1365,924,1886,938
2607,78.21667600000221,78.24667600000221,1723,2,2,2,1,142.7758330028155,False,0,True,3,892,847,1319,903,1723,928
2608,78.24667600000221,78.27667600000221,1960,2,2,2,2,140.89658300508745,False,0,True,3,915,868,1429,921,1960,967
2609,78.27667600000221,78.30667600000221,2175,3,3,2,2,141.25579100073082,False,0,True,3,954,904,1497,954,2175,971
2610,78.30667600000221,78.33667600000221,1911,3,3,2,2,140.56941700255265,False,0,True,3,906,846,1390,905,1911,916
2611,78.33667600000221,78.36667600000222,1931,3,3,3,2,140.50670800497755,False,0,True,3,891,845,1399,910,1931,931
2612,78.36667600000222,78.39667600000222,1648,2,2,2,1,140.33416700112866,False,0,True,3,871,835,1305,903,1648,929
2613,78.39667600000222,78.42667600000222,1589,2,2,2,2,139.03133400162915,False,0,True,3,869,835,1246,887,1589,902
2614,78.42667600000222,78.45667600000222,1707,2,2,2,2,135.55749999795808,False,0,True,3,828,801,1260,859,1707,874
2615,78.45667600000222,78.48667600000222,1939,2,2,2,2,135.75575000140816,False,0,True,3,867,831,1329,900,1939,910
2616,78.48667600000222,78.51667600000222,1942,2,2,2,2,136.4910839984077,False,0,True,3,819,787,1267,850,1942,864
2617,78.51667600000222,78.54667600000222,1840,3,3,2,2,140.0131250047707,False,0,True,3,826,795,1246,835,1840,844
2618,78.54667600000222,78.57667600000222,1815,2,2,1,1,137.51404199865647,False,0,True,3,865,831,1281,887,1815,899
2619,78.57667600000222,78.60667600000222,1701,2,2,1,1,137.15433399920585,False,0,True,3,812,785,1161,839,1701,856
2620,78.60667600000222,78.63667600000223,1710,2,2,1,1,139.0710420018877,False,0,True,3,809,781,1185,840,1710,856
2621,78.63667600000223,78.66667600000223,1582,2,2,2,2,137.08158299414208,False,0,True,3,732,708,1082,755,1582,780
2622,78.66667600000223,78.69667600000223,1518,2,2,2,2,136.91695800662274,False,0,True,3,790,763,1127,808,1518,820
2623,78.69667600000223,78.72667600000223,1490,3,3,2,2,138.27000000310363,False,0,True,3,753,727,1073,767,1490,777
2624,78.72667600000223,78.75667600000223,1503,2,2,1,1,194.99191700015217,False,0,True,3,733,717,1059,782,1503,787
2625,78.75667600000223,78.78667600000223,1541,2,2,1,1,141.7689169975347,False,0,True,3,765,740,1097,785,1541,787
2626,78.78667600000223,78.81667600000223,1658,2,2,2,2,142.31891699455446,False,0,True,3,780,751,1111,797,1658,809
2627,78.81667600000223,78.84667600000223,1569,3,3,2,2,138.9434579978115,False,0,True,3,706,675,1069,721,1569,731
2628,78.84667600000223,78.87667600000223,1556,2,2,2,2,140.70141600677744,False,0,True,3,754,726,1119,788,1556,793
2629,78.87667600000223,78.90667600000224,1453,2,2,2,2,142.0241250016261,False,0,True,3,697,673,1044,719,1453,733
2630,78.90667600000224,78.93667600000224,1485,2,2,2,2,137.55879199743504,False,0,True,3,671,648,1037,697,1485,703
2631,78.93667600000224,78.96667600000224,1511,2,2,2,2,136.5429170036805,False,0,True,3,723,694,1083,745,1511,764
2632,78.96667600000224,78.99667600000224,1614,2,2,2,2,138.8292090050527,False,0,True,3,730,702,1137,732,1614,742
2633,78.99667600000224,79.02667600000224,1584,2,2,2,2,136.85329200234264,False,0,True,3,740,709,1152,750,1584,758
2634,79.02667600000224,79.05667600000224,1678,2,2,2,2,140.1858329991228,False,0,True,3,714,682,1114,724,1678,739
2635,79.05667600000224,79.08667600000224,1849,3,3,2,2,140.58149999618763,False,0,True,3,754,719,1218,770,1849,786
2636,79.08667600000224,79.11667600000224,1846,3,3,2,2,138.26266700198175,False,0,True,3,759,728,1221,772,1846,779
2637,79.11667600000224,79.14667600000224,1766,2,2,2,2,136.74025000364054,False,0,True,3,756,723,1199,761,1766,770
2638,79.14667600000224,79.17667600000225,1861,2,2,2,2,136.30916699912632,False,0,True,3,770,733,1228,786,1861,800
2639,79.17667600000225,79.20667600000225,1925,2,2,2,2,137.20291599747725,False,0,True,3,754,717,1192,755,1925,767
2640,79.20667600000225,79.23667600000225,1916,2,2,2,2,135.1689580042148,False,0,True,3,780,742,1240,776,1916,786
2641,79.23667600000225,79.26667600000225,1988,2,2,2,2,134.8615839960985,False,0,True,3,777,744,1267,799,1988,815
2642,79.26667600000225,79.29667600000225,1922,2,2,2,2,136.69704199855914,False,0,True,3,800,775,1235,813,1922,830
2643,79.29667600000225,79.32667600000225,1996,2,2,2,2,138.41270900593372,False,0,True,3,784,751,1256,812,1996,828
2644,79.32667600000225,79.35667600000225,2064,2,2,2,2,138.06649999605725,False,0,True,3,826,792,1326,847,2064,854
2645,79.35667600000225,79.38667600000225,2098,2,2,2,2,138.54470800288254,False,0,True,3,777,737,1293,786,2098,807
2646,79.38667600000225,79.41667600000225,2073,2,2,2,2,136.99333400290925,False,0,True,3,815,779,1280,824,2073,834
2647,79.41667600000225,79.44667600000226,1981,2,2,2,2,136.4554589963518,False,0,True,3,836,798,1326,855,1981,867
2648,79.44667600000226,79.47667600000226,1732,2,2,2,2,137.1993329958059,False,0,True,3,795,766,1279,833,1732,841
2649,79.47667600000226,79.50667600000226,2151,2,2,2,2,141.03158399666427,False,0,True,3,813,779,1327,836,2151,850
2650,79.50667600000226,79.53667600000226,2223,2,2,2,2,140.8516670053359,False,0,True,3,797,764,1338,813,2223,828
2651,79.53667600000226,79.56667600000226,2167,2,2,2,2,140.5967500031693,False,0,True,3,805,780,1330,837,2167,848
2652,79.56667600000226,79.59667600000226,2199,2,2,2,2,138.7515840033302,False,0,True,3,821,797,1324,842,2199,850
2653,79.59667600000226,79.62667600000226,2217,2,2,2,2,141.9670000032056,False,0,True,3,776,748,1284,796,2217,802
2654,79.62667600000226,79.65667600000226,2334,2,2,2,2,189.7247079978115,False,0,True,3,843,810,1418,883,2334,895
2655,79.65667600000226,79.68667600000227,2418,2,2,2,2,142.6302920008311,False,0,True,3,871,835,1432,904,2418,918
2656,79.68667600000227,79.71667600000227,2450,2,2,2,2,145.6885420047911,False,0,True,3,855,817,1447,882,2450,893
2657,79.71667600000227,79.74667600000227,2636,3,3,2,2,140.50337499793386,False,0,True,3,950,898,1588,990,2636,1012
2658,79.74667600000227,79.77667600000227,2610,2,2,2,2,139.10079200286418,False,0,True,3,894,848,1545,920,2610,935
2659,79.77667600000227,79.80667600000227,2702,2,2,2,2,139.48416700441157,False,0,True,3,941,891,1608,974,2702,984
2660,79.80667600000227,79.83667600000227,2641,2,2,2,2,138.29487500333926,False,0,True,3,916,866,1548,930,2641,940
2661,79.83667600000227,79.86667600000227,2777,2,2,2,2,142.73141699959524,False,0,True,3,983,924,1690,1003,2777,1012
2662,79.86667600000227,79.89667600000227,2751,2,2,2,2,140.1992090031854,False,0,True,3,974,927,1641,999,2751,1010
2663,79.89667600000227,79.92667600000227,2776,2,2,2,2,137.68445899768267,False,0,True,3,958,904,1661,983,2776,988
2664,79.92667600000227,79.95667600000228,2857,2,2,2,2,136.40354199742433,False,0,True,3,1041,985,1736,1068,2857,1076
2665,79.95667600000228,79.98667600000228,2787,2,2,2,2,138.0044590041507,False,0,True,3,955,896,1673,985,2787,1006
2666,79.98667600000228,80.01667600000228,2837,3,3,2,2,137.8585829952499,False,0,True,3,1001,947,1692,1021,2837,1036
2667,80.01667600000228,80.04667600000228,2897,2,2,2,2,140.27766599610914,False,0,True,3,1037,992,1723,1078,2897,1086
2668,80.04667600000228,80.07667600000228,2910,2,2,2,2,138.12854200659785,False,0,True,3,1010,949,1731,1032,2910,1037
2669,80.07667600000228,80.10667600000228,3002,2,2,2,2,135.750832996564,False,0,True,3,1044,993,1761,1088,3002,1102
2670,80.10667600000228,80.13667600000228,3050,2,2,2,2,139.7718750013155,False,0,True,3,1108,1049,1854,1150,3050,1161
2671,80.13667600000228,80.16667600000228,2849,2,2,2,2,139.15970800007926,False,0,True,3,1049,1000,1724,1082,2849,1105
2672,80.16667600000228,80.19667600000228,2886,3,3,2,2,139.85758399940096,False,0,True,3,1039,991,1717,1069,2886,1077
2673,80.19667600000228,80.22667600000229,2852,2,2,2,2,138.8076670045848,False,0,True,3,1083,1028,1752,1109,2852,1120
2674,80.22667600000229,80.25667600000229,2715,2,2,2,2,138.50754200393567,False,0,True,3,1023,974,1667,1070,2715,1080
2675,80.25667600000229,80.28667600000229,2698,2,2,2,2,137.50741699914215,False,0,True,3,1064,1017,1663,1102,2698,1108
2676,80.28667600000229,80.31667600000229,2567,3,3,2,2,138.19679200241808,False,0,True,3,987,945,1592,1027,2567,1039
2677,80.31667600000229,80.34667600000229,2674,3,3,2,2,137.81095799640752,False,0,True,3,1027,979,1640,1052,2674,1059
2678,80.34667600000229,80.37667600000229,2578,3,3,3,3,138.3298750006361,False,0,True,3,970,923,1599,1004,2578,1020
2679,80.37667600000229,80.40667600000229,2604,3,3,3,3,138.18525000533555,False,0,True,3,1015,974,1629,1061,2604,1079
2680,80.40667600000229,80.4366760000023,2601,3,3,3,3,140.24595899536507,False,0,True,3,986,944,1609,1013,2601,1025
2681,80.4366760000023,80.4666760000023,2309,2,2,2,2,139.5173330020043,False,0,True,3,932,876,1486,944,2309,959
2682,80.4666760000023,80.4966760000023,2255,2,2,2,2,135.90741600637557,False,0,True,3,936,895,1460,970,2255,976
2683,80.4966760000023,80.5266760000023,2770,3,2,2,2,137.72308400075417,False,0,True,3,953,917,1715,985,2770,1014
2684,80.5266760000023,80.5566760000023,4600,2,2,2,2,140.35870900261216,False,0,True,3,977,923,2524,998,4600,1030
2685,80.5566760000023,80.5866760000023,6009,2,2,2,2,139.13841700559715,False,0,True,3,1018,958,3258,1051,6009,1072
2686,80.5866760000023,80.6166760000023,5249,2,2,2,2,141.05641600326635,False,0,True,3,1065,1012,2982,1106,5249,1125
2687,80.6166760000023,80.6466760000023,1987,2,2,2,2,138.9330419988255,False,0,True,3,968,936,1407,1010,1987,1027
2688,80.6466760000023,80.6766760000023,1904,2,2,2,2,138.5414579999633,False,0,True,3,930,903,1345,968,1904,976
2689,80.6766760000023,80.7066760000023,1841,2,2,2,2,173.0048329991405,False,0,True,3,902,869,1322,943,1841,955
2690,80.7066760000023,80.7366760000023,1785,2,2,2,2,140.01049999933457,False,0,True,3,988,958,1411,1039,1785,1051
2691,80.7366760000023,80.7666760000023,1739,2,2,2,2,138.48808300099336,False,0,True,3,942,900,1395,984,1739,1000
2692,80.7666760000023,80.79667600000231,1657,2,2,2,2,136.48416700016242,False,0,True,3,935,893,1345,963,1657,971
2693,80.79667600000231,80.82667600000231,1578,2,2,2,2,138.77525000134483,False,0,True,3,886,853,1279,920,1578,930
2694,80.82667600000231,80.85667600000231,1676,3,3,2,2,141.37445900269086,False,0,True,3,935,894,1352,964,1676,975
2695,80.85667600000231,80.88667600000231,1703,2,2,2,2,136.11204200424254,False,0,True,3,960,919,1365,996,1703,1007
2696,80.88667600000231,80.91667600000231,1727,2,2,2,2,134.78766700427514,False,0,True,3,1018,978,1459,1060,1727,1075
2697,80.91667600000231,80.94667600000231,1743,2,2,2,2,136.89824999892153,False,0,True,3,992,939,1495,1024,1743,1029
2698,80.94667600000231,80.97667600000231,1804,3,3,2,2,139.22879100573482,False,0,True,3,969,912,1488,992,1804,1004
2699,80.97667600000231,81.00667600000232,1937,2,2,2,2,137.88358299643733,False,0,True,3,984,925,1571,1010,1937,1030
2700,81.00667600000232,81.03667600000232,1891,3,3,2,2,139.04333300160943,False,0,True,3,956,903,1602,990,1891,1002
2701,81.03667600000232,81.06667600000232,1948,3,3,2,2,141.24683400586946,False,0,True,3,960,919,1626,1006,1948,1016
2702,81.06667600000232,81.09667600000232,1891,3,3,2,2,137.74762499815552,False,0,True,3,939,893,1575,959,1891,981
2703,81.09667600000232,81.12667600000232,1784,1,1,1,1,139.6935409939033,False,0,True,3,977,944,1491,1029,1784,1038
2704,81.12667600000232,81.15667600000232,1801,1,1,1,1,139.08537500537932,False,0,True,3,1000,957,1551,1026,1801,1039
2705,81.15667600000232,81.18667600000232,1860,2,2,1,1,138.4091250001802,False,0,True,3,1017,970,1595,1035,1860,1047
2706,81.18667600000232,81.21667600000232,1779,1,1,1,1,136.12879099673592,False,0,True,3,983,937,1537,1011,1779,1019
2707,81.21667600000232,81.24667600000232,1815,1,1,1,1,137.9136660034419,False,0,True,3,987,942,1543,1025,1815,1033
2708,81.24667600000232,81.27667600000233,1815,1,1,1,1,135.95004200033145,False,0,True,3,1000,955,1523,1029,1815,1048
2709,81.27667600000233,81.30667600000233,1979,1,2,1,1,137.49987500341376,False,0,True,3,1045,1012,1630,1105,1979,1129
2710,81.30667600000233,81.33667600000233,1934,2,3,1,1,138.36416599951917,False,0,True,3,973,924,1595,997,1934,1019
2711,81.33667600000233,81.36667600000233,2020,2,2,1,1,139.92429199424805,False,0,True,3,1083,1033,1689,1103,2020,1117
2712,81.36667600000233,81.39667600000233,1875,2,2,1,1,136.36183400376467,False,0,True,3,1073,1009,1613,1086,1875,1100
2713,81.39667600000233,81.42667600000233,1886,2,2,1,1,137.69166699785274,False,0,True,3,1050,990,1603,1084,1886,1095
2714,81.42667600000233,81.45667600000233,1965,2,2,1,1,141.3147090061102,False,0,True,3,1049,995,1650,1093,1965,1105
2715,81.45667600000233,81.48667600000233,1986,3,3,1,1,136.23358299810207,False,0,True,3,1045,993,1692,1095,1986,1101
2716,81.48667600000233,81.51667600000233,2089,3,3,1,1,140.4617500011227,False,0,True,3,1186,1140,1824,1245,2089,1258
2717,81.51667600000233,81.54667600000234,2255,1,1,1,1,140.9280830048374,False,0,True,3,1136,1074,1851,1167,2255,1201
2718,81.54667600000234,81.57667600000234,2300,3,3,1,1,137.4160830018809,False,0,True,3,1149,1092,1881,1195,2300,1219
2719,81.57667600000234,81.60667600000234,1894,2,2,1,1,136.40929200482788,False,0,True,3,1146,1096,1673,1200,1894,1213
2720,81.60667600000234,81.63667600000234,1921,1,1,1,1,138.19120800326345,False,0,True,3,1095,1039,1670,1132,1921,1147
2721,81.63667600000234,81.66667600000234,1571,1,1,1,1,135.10254200082272,False,0,True,3,1146,1086,1508,1179,1571,1198
2722,81.66667600000234,81.69667600000234,1500,1,1,1,1,134.91108400194207,False,0,True,3,1100,1035,1449,1123,1500,1141
2723,81.69667600000234,81.72667600000234,1488,0,0,0,0,133.9440410010866,False,0,True,3,1100,1047,1417,1134,1488,1165
2724,81.72667600000234,81.75667600000234,1615,1,1,1,1,135.68649999797344,False,0,True,3,1157,1091,1543,1195,1615,1209
2725,81.75667600000234,81.78667600000234,1593,1,0,1,0,134.0542079997249,False,0,True,3,1162,1108,1506,1205,1593,1237
2726,81.78667600000234,81.81667600000235,1611,0,0,0,0,139.11774999724003,False,0,True,3,1179,1123,1545,1239,1611,1248
2727,81.81667600000235,81.84667600000235,1582,0,0,0,0,135.91058299789438,False,0,True,3,1134,1070,1507,1164,1582,1182
2728,81.84667600000235,81.87667600000235,1631,0,0,0,0,135.9570829954464,False,0,True,3,1202,1145,1552,1224,1631,1237
2729,81.87667600000235,81.90667600000235,1562,2,2,0,0,159.5796249966952,False,0,True,3,1119,1062,1482,1147,1562,1155
2730,81.90667600000235,81.93667600000235,1554,1,1,0,0,151.7885409994051,False,0,True,3,1127,1077,1477,1166,1554,1181
2731,81.93667600000235,81.96667600000235,1470,2,2,0,0,139.1342499991879,False,0,True,3,1000,954,1380,1043,1470,1047
2732,81.96667600000235,81.99667600000235,1663,1,1,0,0,138.79412499954924,False,0,True,3,1063,1005,1500,1096,1663,1123
2733,81.99667600000235,82.02667600000235,1665,2,2,1,1,140.87591700081248,False,0,True,3,1045,977,1529,1061,1665,1077
2734,82.02667600000235,82.05667600000235,1609,1,1,1,1,137.0409169976483,False,0,True,3,1034,977,1491,1056,1609,1072
2735,82.05667600000235,82.08667600000236,1557,2,2,1,1,136.77583300159313,False,0,True,3,1014,961,1440,1047,1557,1058
2736,82.08667600000236,82.11667600000236,1649,1,1,1,1,139.06508400395978,False,0,True,3,1093,1033,1527,1117,1649,1134
2737,82.11667600000236,82.14667600000236,1593,1,1,1,1,141.37187499727588,False,0,True,3,1052,1001,1468,1080,1593,1086
2738,82.14667600000236,82.17667600000236,1615,1,1,1,1,138.04166699992493,False,0,True,3,1089,1031,1514,1112,1615,1120
2739,82.17667600000236,82.20667600000236,1610,1,1,1,1,138.32329100114293,False,0,True,3,1114,1059,1522,1153,1610,1161
2740,82.20667600000236,82.23667600000236,1644,1,1,1,1,140.6063339964021,False,0,True,3,1133,1072,1551,1173,1644,1184
2741,82.23667600000236,82.26667600000236,1606,1,1,1,1,136.0770829996909,False,0,True,3,1072,1009,1501,1115,1606,1126
2742,82.26667600000236,82.29667600000236,1627,1,1,1,1,135.38366700231563,False,0,True,3,1094,1044,1518,1153,1627,1164
2743,82.29667600000236,82.32667600000237,1619,2,2,1,1,135.31912500184262,False,0,True,3,1118,1057,1501,1147,1619,1156
2744,82.32667600000237,82.35667600000237,1552,1,1,1,1,135.87633399583865,False,0,True,3,1047,987,1449,1075,1552,1082
2745,82.35667600000237,82.38667600000237,1571,2,2,1,1,140.88099999935366,False,0,True,3,1082,1030,1463,1140,1571,1149
2746,82.38667600000237,82.41667600000237,1596,2,2,2,2,141.13058299699333,False,0,True,3,1087,1029,1497,1125,1596,1139
2747,82.41667600000237,82.44667600000237,1535,1,1,1,1,138.86674999957904,False,0,True,3,1088,1040,1440,1140,1535,1149
2748,82.44667600000237,82.47667600000237,1493,1,1,1,1,137.43212500412483,False,0,True,3,1085,1041,1406,1128,1493,1159
2749,82.47667600000237,82.50667600000237,1523,1,1,1,1,136.95887500216486,False,0,True,3,1073,1019,1422,1101,1523,1125
2750,82.50667600000237,82.53667600000237,1502,1,1,1,1,138.4669999970356,False,0,True,3,1092,1047,1420,1137,1502,1155
2751,82.53667600000237,82.56667600000237,1458,1,1,1,1,139.34787500329548,False,0,True,3,1069,1026,1371,1108,1458,1136
2752,82.56667600000237,82.59667600000238,1438,1,1,1,1,136.34970899875043,False,0,True,3,1031,977,1374,1071,1438,1078
2753,82.59667600000238,82.62667600000238,1436,1,1,1,1,136.9576249999227,False,0,True,3,1068,1017,1381,1096,1436,1100
2754,82.62667600000238,82.65667600000238,1352,0,0,0,0,138.79379099671496,False,0,True,3,1033,990,1309,1076,1352,1082
2755,82.65667600000238,82.68667600000238,1380,1,1,1,1,135.26354200439528,False,0,True,3,979,932,1318,1028,1380,1038
2756,82.68667600000238,82.71667600000238,1399,1,1,1,1,138.78908299375325,False,0,True,3,1014,966,1321,1047,1399,1061
2757,82.71667600000238,82.74667600000238,1477,1,1,1,1,141.56404200184625,False,0,True,3,1086,1036,1402,1112,1477,1124
2758,82.74667600000238,82.77667600000238,1450,1,1,1,1,137.36362499912502,False,0,True,3,1045,983,1380,1062,1450,1070
2759,82.77667600000238,82.80667600000238,1533,1,1,1,1,137.90233399777208,False,0,True,3,1123,1068,1459,1164,1533,1171
2760,82.80667600000238,82.83667600000238,1468,1,1,1,1,141.39987499947893,False,0,True,3,1090,1042,1401,1135,1468,1146
2761,82.83667600000238,82.86667600000239,1528,1,1,1,1,139.43358400138095,False,0,True,3,1145,1090,1469,1167,1528,1182
2762,82.86667600000239,82.89667600000239,1495,2,2,1,1,138.0531670001801,False,0,True,3,1098,1051,1427,1153,1495,1166
2763,82.89667600000239,82.92667600000239,1506,1,1,1,1,139.61483300226973,False,0,True,3,1107,1045,1447,1152,1506,1165
2764,82.92667600000239,82.95667600000239,1512,2,2,1,1,138.51129099930404,False,0,True,3,1101,1045,1446,1152,1512,1163
2765,82.95667600000239,82.98667600000239,1590,2,2,2,2,139.79458399990108,False,0,True,3,1156,1099,1514,1205,1590,1218
2766,82.98667600000239,83.01667600000239,1602,1,1,1,1,139.3991669974639,False,0,True,3,1167,1102,1532,1200,1602,1219
2767,83.01667600000239,83.04667600000239,1550,2,2,2,2,143.53187500091735,False,0,True,3,1147,1091,1485,1189,1550,1200
2768,83.04667600000239,83.0766760000024,1419,1,1,1,1,153.50933299487224,False,0,True,3,1037,977,1379,1066,1419,1072
2769,83.0766760000024,83.1066760000024,1411,0,0,0,0,141.24925000214716,False,0,True,3,1079,1024,1371,1119,1411,1124
2770,83.1066760000024,83.1366760000024,1508,1,1,1,1,141.43558300565928,False,0,True,3,1112,1052,1419,1132,1508,1142
2771,83.1366760000024,83.1666760000024,1463,1,0,1,0,142.46229200216476,False,0,True,3,1105,1050,1406,1147,1463,1173
2772,83.1666760000024,83.1966760000024,1445,1,0,1,0,137.02345899946522,False,0,True,3,1114,1060,1404,1154,1445,1179
2773,83.1966760000024,83.2266760000024,1463,1,1,1,1,143.01179199537728,False,0,True,3,1111,1055,1419,1139,1463,1152
2774,83.2266760000024,83.2566760000024,1389,2,2,1,1,139.09495899861213,False,0,True,3,1053,1008,1326,1084,1389,1102
2775,83.2566760000024,83.2866760000024,1465,1,1,1,0,136.78166599856922,False,0,True,3,1108,1066,1415,1170,1465,1184
2776,83.2866760000024,83.3166760000024,1371,1,1,1,0,139.3036250010482,False,0,True,3,1027,969,1306,1053,1371,1068
2777,83.3166760000024,83.3466760000024,1338,2,2,1,1,137.72195799538167,False,0,True,3,1013,969,1262,1047,1338,1057
2778,83.3466760000024,83.3766760000024,1392,1,1,1,1,138.44608399813296,False,0,True,3,1042,997,1305,1085,1392,1094
2779,83.3766760000024,83.4066760000024,1451,1,1,1,1,138.64633300545393,False,0,True,3,1117,1068,1379,1146,1451,1152
2780,83.4066760000024,83.43667600000241,1459,2,2,2,2,140.3645829996094,False,0,True,3,1093,1046,1372,1140,1459,1149
2781,83.43667600000241,83.46667600000241,1442,1,1,1,1,137.66320899594575,False,0,True,3,1073,1021,1353,1105,1442,1120
2782,83.46667600000241,83.49667600000241,1402,1,1,1,1,140.74579199950676,False,0,True,3,1034,981,1311,1054,1402,1073
2783,83.49667600000241,83.52667600000241,1259,2,2,2,2,140.7175839995034,False,0,True,3,964,926,1174,996,1259,1013
2784,83.52667600000241,83.55667600000241,1316,1,1,1,1,140.4280410060892,False,0,True,3,1025,977,1255,1057,1316,1090
2785,83.55667600000241,83.58667600000241,1254,1,1,1,1,139.62508300028276,False,0,True,3,987,948,1201,1017,1254,1041
2786,83.58667600000241,83.61667600000241,1282,2,0,1,0,139.61270800064085,False,0,True,3,980,938,1197,1020,1282,1090
2787,83.61667600000241,83.64667600000242,1265,1,0,1,0,141.05145799840102,False,0,True,3,946,899,1201,978,1265,1019
2788,83.64667600000242,83.67667600000242,1332,1,0,1,0,138.58674999937648,False,0,True,3,1017,969,1275,1043,1332,1083
2789,83.67667600000242,83.70667600000242,1271,1,1,1,0,137.46037500095554,False,0,True,3,994,948,1240,1046,1271,1056
2790,83.70667600000242,83.73667600000242,1297,1,1,1,0,142.3218329946394,False,0,True,3,1018,973,1254,1057,1297,1074
2791,83.73667600000242,83.76667600000242,1235,0,0,0,0,136.89699999667937,False,0,True,3,1012,971,1222,1034,1235,1042
2792,83.76667600000242,83.79667600000242,1211,0,0,0,0,122.42137500288663,False,0,True,3,1009,973,1195,1043,1211,1055
2793,83.79667600000242,83.82667600000242,1220,0,0,0,0,137.5384999992093,False,0,True,3,973,940,1209,1018,1220,1023
2794,83.82667600000242,83.85667600000242,1275,0,0,0,0,138.0947079960606,False,0,True,3,997,952,1241,1012,1275,1023
2795,83.85667600000242,83.88667600000242,1256,1,1,0,0,134.87220800016075,False,0,True,3,968,924,1225,990,1256,999
2796,83.88667600000242,83.91667600000243,1216,1,1,0,0,110.39833399991039,False,0,True,3,973,942,1185,1017,1216,1030
2797,83.91667600000243,83.94667600000243,1278,0,0,0,0,135.2112090025912,False,0,True,3,977,927,1250,1002,1278,1009
2798,83.94667600000243,83.97667600000243,1281,0,0,0,0,139.22612500027753,False,0,True,3,961,916,1246,982,1281,996
2799,83.97667600000243,84.00667600000243,1307,0,0,0,0,140.55616599944187,False,0,True,3,994,949,1257,1017,1307,1037
2800,84.00667600000243,84.03667600000243,1281,1,1,0,0,141.2878749979427,False,0,True,3,957,911,1222,995,1281,1008
2801,84.03667600000243,84.06667600000243,1291,1,1,0,0,137.36670900107129,False,0,True,3,923,879,1184,946,1291,953
2802,84.06667600000243,84.09667600000243,1263,1,1,0,0,186.4612909994321,False,0,True,3,916,873,1156,931,1263,939
2803,84.09667600000243,84.12667600000243,1279,1,1,1,1,145.1578749984037,False,0,True,3,956,917,1206,986,1279,990
2804,84.12667600000243,84.15667600000243,1326,1,1,0,0,143.07712500158232,False,0,True,3,969,930,1245,1028,1326,1041
2805,84.15667600000243,84.18667600000244,1317,1,1,1,1,137.05316700361436,False,0,True,3,994,956,1236,1029,1317,1042
2806,84.18667600000244,84.21667600000244,1348,1,1,1,1,134.69454199366737,False,0,True,3,1004,957,1259,1012,1348,1021
2807,84.21667600000244,84.24667600000244,1378,1,1,1,1,136.43187500565546,False,0,True,3,970,927,1292,990,1378,1001
2808,84.24667600000244,84.27667600000244,1365,1,1,1,1,139.90787499642465,False,0,True,3,946,905,1288,980,1365,992
2809,84.27667600000244,84.30667600000244,1360,1,1,1,1,140.67066699499264,False,0,True,3,975,938,1292,999,1360,1011
2810,84.30667600000244,84.33667600000244,1300,1,1,1,1,141.1190409999108,False,0,True,3,912,873,1212,935,1300,946
2811,84.33667600000244,84.36667600000244,1386,1,1,1,1,140.79758300067624,False,0,True,3,973,941,1289,1018,1386,1027
2812,84.36667600000244,84.39667600000244,1312,1,1,1,1,136.39470899943262,False,0,True,3,900,864,1194,925,1312,941
2813,84.39667600000244,84.42667600000244,1354,1,1,1,1,138.0957919973298,False,0,True,3,962,917,1235,976,1354,1011
2814,84.42667600000244,84.45667600000245,1325,1,1,1,1,139.1173749943846,False,0,True,3,962,932,1219,1004,1325,1013
2815,84.45667600000245,84.48667600000245,1348,1,1,1,1,145.3339999934542,False,0,True,3,957,926,1246,1001,1348,1014
2816,84.48667600000245,84.51667600000245,1386,1,1,1,1,138.0093339976156,False,0,True,3,990,952,1299,1032,1386,1052
2817,84.51667600000245,84.54667600000245,1298,2,1,1,1,143.81887500348967,False,0,True,3,939,905,1216,975,1298,999
2818,84.54667600000245,84.57667600000245,1302,0,0,0,0,138.8207499985583,False,0,True,3,937,887,1246,941,1302,948
2819,84.57667600000245,84.60667600000245,1446,1,1,1,1,139.98870799696306,False,0,True,3,1018,976,1333,1062,1446,1075
2820,84.60667600000245,84.63667600000245,1404,1,1,1,1,135.97662500251317,False,0,True,3,1043,1004,1342,1079,1404,1104
2821,84.63667600000245,84.66667600000245,1349,0,0,0,0,136.8597079999745,False,0,True,3,1003,965,1310,1050,1349,1060
2822,84.66667600000245,84.69667600000245,1335,1,0,0,0,139.018333000422,False,0,True,3,1035,994,1273,1061,1335,1097
2823,84.69667600000245,84.72667600000246,1226,1,0,1,0,139.42795799812302,False,0,True,3,931,888,1166,963,1226,997
2824,84.72667600000246,84.75667600000246,1337,1,0,1,0,139.02404200052842,False,0,True,3,1012,970,1267,1044,1337,1095
2825,84.75667600000246,84.78667600000246,1362,1,0,1,0,139.32133300113492,False,0,True,3,1003,969,1246,1054,1362,1141
2826,84.78667600000246,84.81667600000246,1404,1,1,1,0,139.97783300146693,False,0,True,3,1000,959,1285,1037,1404,1053
2827,84.81667600000246,84.84667600000246,1393,1,1,1,0,133.80100000358652,False,0,True,3,1025,982,1306,1052,1393,1063
2828,84.84667600000246,84.87667600000246,1482,2,2,1,1,140.47870799549855,False,0,True,3,1064,1013,1382,1092,1482,1104
2829,84.87667600000246,84.90667600000246,1462,2,2,1,0,139.2615000004298,False,0,True,3,993,949,1323,1030,1462,1074
2830,84.90667600000246,84.93667600000246,1524,2,2,2,1,139.41233299556188,False,0,True,3,1049,1002,1354,1067,1524,1135
2831,84.93667600000246,84.96667600000247,1542,3,1,1,0,139.21908300108043,False,0,True,3,1039,1002,1354,1103,1542,1225
2832,84.96667600000247,84.99667600000247,1436,2,1,1,0,137.7158750037779,False,0,True,3,980,940,1271,1014,1436,1084
2833,84.99667600000247,85.02667600000247,1447,1,0,1,0,133.9498330053175,False,0,True,3,1056,1021,1352,1108,1447,1165
2834,85.02667600000247,85.05667600000247,1419,1,1,1,0,138.91575000161538,False,0,True,3,1002,956,1293,1032,1419,1067
2835,85.05667600000247,85.08667600000247,1501,2,1,1,0,138.78762500098674,False,0,True,3,1054,1010,1359,1080,1501,1130
2836,85.08667600000247,85.11667600000247,1406,0,0,0,0,141.60241700301412,False,0,True,3,968,927,1291,999,1406,1036
2837,85.11667600000247,85.14667600000247,1297,0,0,0,0,137.90974999574246,False,0,True,3,900,866,1200,936,1297,962
2838,85.14667600000247,85.17667600000247,1394,2,1,2,1,135.93750000291038,False,0,True,3,953,911,1270,975,1394,1015
2839,85.17667600000247,85.20667600000247,1372,2,1,1,0,191.37804100319045,False,0,True,3,943,907,1273,983,1372,1035
2840,85.20667600000247,85.23667600000248,1478,2,2,2,1,141.47970900376095,False,0,True,3,961,926,1328,989,1478,1000
2841,85.23667600000248,85.26667600000248,1432,1,1,1,0,137.55562499864027,False,0,True,3,885,829,1277,885,1432,947
2842,85.26667600000248,85.29667600000248,1588,2,3,1,1,145.0594589987304,False,0,True,3,989,931,1379,994,1588,1065
2843,85.29667600000248,85.32667600000248,1367,2,2,1,0,144.12758300022688,False,0,True,3,965,927,1253,993,1367,1033
2844,85.32667600000248,85.35667600000248,1457,2,2,2,1,142.1842080017086,False,0,True,3,1005,963,1323,1054,1457,1093
2845,85.35667600000248,85.38667600000248,1458,3,3,2,2,138.8169999991078,False,0,True,3,997,963,1300,1036,1458,1053
2846,85.38667600000248,85.41667600000248,1479,3,2,2,1,140.46337499894435,False,0,True,3,978,935,1302,1002,1479,1024
2847,85.41667600000248,85.44667600000248,1351,2,2,2,2,141.65520799724618,False,0,True,3,950,909,1266,989,1351,1003
2848,85.44667600000248,85.47667600000248,1342,2,1,2,1,141.64733399957186,False,0,True,3,991,955,1253,1031,1342,1060
2849,85.47667600000248,85.50667600000249,1323,2,2,2,1,141.20220900076674,False,0,True,3,909,869,1195,948,1323,988
2850,85.50667600000249,85.53667600000249,1348,2,2,2,1,140.84374999947613,False,0,True,3,969,930,1231,1022,1348,1064
2851,85.53667600000249,85.56667600000249,1395,2,2,2,1,142.10874999844236,False,0,True,3,976,923,1279,989,1395,1013
2852,85.56667600000249,85.59667600000249,1401,1,1,1,0,144.37249999900814,False,0,True,3,994,946,1284,1009,1401,1054
2853,85.59667600000249,85.62667600000249,1497,2,2,2,1,138.90208300290396,False,0,True,3,1050,991,1392,1064,1497,1080
2854,85.62667600000249,85.65667600000249,1503,1,1,1,1,140.1836250006454,False,0,True,3,1093,1040,1413,1117,1503,1139
2855,85.65667600000249,85.68667600000249,1590,1,1,1,1,141.2878329938394,False,0,True,3,1083,1031,1489,1095,1590,1109
2856,85.68667600000249,85.7166760000025,1567,2,1,2,1,137.82216700201388,False,0,True,3,1025,978,1398,1059,1567,1093
2857,85.7166760000025,85.7466760000025,1716,1,1,1,1,137.91683399904286,False,0,True,3,1137,1079,1520,1167,1716,1175
2858,85.7466760000025,85.7766760000025,1633,2,1,1,1,139.60241599852452,False,0,True,3,1063,1017,1426,1102,1633,1134
2859,85.7766760000025,85.8066760000025,1691,2,2,2,1,139.47654200455872,False,0,True,3,1073,1024,1480,1108,1691,1119
2860,85.8066760000025,85.8366760000025,1614,2,2,1,1,138.7384999979986,False,0,True,3,985,933,1388,999,1614,1010
2861,85.8366760000025,85.8666760000025,1613,2,2,2,2,147.05600000161212,False,0,True,3,1014,959,1413,1039,1613,1047
2862,85.8666760000025,85.8966760000025,1639,2,1,2,1,141.29599999432685,False,0,True,3,1112,1060,1500,1141,1639,1186
2863,85.8966760000025,85.9266760000025,1518,0,0,0,0,135.44912500219652,False,0,True,3,1076,1019,1454,1113,1518,1137
2864,85.9266760000025,85.9566760000025,1442,0,0,0,0,133.37300000421237,False,0,True,3,1060,1005,1404,1087,1442,1094
2865,85.9566760000025,85.9866760000025,1538,1,1,0,0,137.60158300283365,False,0,True,3,1105,1055,1447,1148,1538,1159
2866,85.9866760000025,86.0166760000025,1537,2,1,1,1,138.05754199711373,False,0,True,3,1015,959,1370,1022,1537,1055
2867,86.0166760000025,86.0466760000025,1582,2,1,1,1,141.68733399856137,False,0,True,3,1061,1011,1419,1107,1582,1154
2868,86.0466760000025,86.07667600000251,1701,2,2,1,1,142.54379100020742,False,0,True,3,1123,1067,1509,1148,1701,1158
2869,86.07667600000251,86.10667600000251,1737,1,1,1,1,139.17562500137137,False,0,True,3,1136,1060,1578,1150,1737,1201
2870,86.10667600000251,86.13667600000251,1647,1,1,1,1,138.33733399951598,False,0,True,3,1105,1040,1534,1136,1647,1160
2871,86.13667600000251,86.16667600000251,1619,2,1,0,0,177.8138330046204,False,0,True,3,1103,1041,1505,1115,1619,1145
2872,86.16667600000251,86.19667600000251,1636,1,1,1,1,141.67908299714327,False,0,True,3,1133,1068,1540,1168,1636,1184
2873,86.19667600000251,86.22667600000251,1639,2,1,1,1,141.42862500011688,False,0,True,3,1150,1094,1548,1187,1639,1228
2874,86.22667600000251,86.25667600000251,1563,1,1,1,1,141.89312500093365,False,0,True,3,1131,1073,1509,1165,1563,1182
2875,86.25667600000251,86.28667600000252,1526,0,0,0,0,140.82937499915715,False,0,True,3,1105,1051,1441,1150,1526,1158
2876,86.28667600000252,86.31667600000252,1600,2,2,0,0,143.01720899675274,False,0,True,3,1109,1067,1444,1159,1600,1166
2877,86.31667600000252,86.34667600000252,1766,2,2,1,1,141.9034999998985,False,0,True,3,1174,1119,1580,1220,1766,1229
2878,86.34667600000252,86.37667600000252,1641,1,1,1,1,143.28337500046473,False,0,True,3,1109,1045,1547,1146,1641,1158
2879,86.37667600000252,86.40667600000252,1595,1,1,1,1,140.4493329973775,False,0,True,3,1120,1065,1521,1168,1595,1184
2880,86.40667600000252,86.43667600000252,1748,1,1,1,1,141.16683299653232,False,0,True,3,1209,1157,1622,1262,1748,1289
2881,86.43667600000252,86.46667600000252,1619,1,1,1,1,141.81683299830183,False,0,True,3,1093,1040,1493,1131,1619,1146
2882,86.46667600000252,86.49667600000252,1684,1,1,1,1,143.78554099675966,False,0,True,3,1105,1048,1522,1139,1684,1168
2883,86.49667600000252,86.52667600000252,1713,1,1,1,1,141.24454199918546,False,0,True,3,1092,1035,1536,1134,1713,1149
2884,86.52667600000252,86.55667600000253,1747,1,1,1,1,141.84000000386732,False,0,True,3,1112,1059,1539,1159,1747,1188
2885,86.55667600000253,86.58667600000253,1624,1,1,1,1,141.15158300410258,False,0,True,3,1062,1026,1434,1109,1624,1141
2886,86.58667600000253,86.61667600000253,1646,1,1,1,1,142.25929199892562,False,0,True,3,1027,987,1415,1076,1646,1123
2887,86.61667600000253,86.64667600000253,1686,2,1,1,1,160.6105419996311,False,0,True,3,1060,1014,1458,1092,1686,1123
2888,86.64667600000253,86.67667600000253,1762,2,1,1,1,154.69412499805912,False,0,True,3,1108,1072,1509,1160,1762,1212
2889,86.67667600000253,86.70667600000253,1775,2,2,1,1,143.0077920012991,False,0,True,3,1078,1036,1492,1141,1775,1188
2890,86.70667600000253,86.73667600000253,1825,2,2,1,1,143.78612500149757,False,0,True,3,1093,1049,1492,1124,1825,1143
2891,86.73667600000253,86.76667600000253,1780,2,2,1,1,143.398915999569,False,0,True,3,1089,1053,1440,1133,1780,1171
2892,86.76667600000253,86.79667600000253,1790,3,2,2,1,142.21491700300248,False,0,True,3,1096,1046,1486,1112,1790,1158
2893,86.79667600000253,86.82667600000254,1712,2,2,2,2,147.20916700025555,False,0,True,3,1035,991,1427,1070,1712,1082
2894,86.82667600000254,86.85667600000254,1703,2,2,2,2,143.17091699922457,False,0,True,3,1076,1035,1453,1112,1703,1128
2895,86.85667600000254,86.88667600000254,1587,2,2,2,2,146.46162500139326,False,0,True,3,999,958,1362,1030,1587,1037
2896,86.88667600000254,86.91667600000254,1678,2,2,2,2,143.6238750029588,False,0,True,3,1050,1005,1467,1096,1678,1120
2897,86.91667600000254,86.94667600000254,1706,2,2,2,2,148.37737500056392,False,0,True,3,1074,1035,1464,1112,1706,1147
2898,86.94667600000254,86.97667600000254,1723,2,2,2,2,144.30079200246837,False,0,True,3,1056,1013,1469,1083,1723,1103
2899,86.97667600000254,87.00667600000254,1763,2,2,2,2,143.16233299905434,False,0,True,3,1028,985,1458,1059,1763,1072
2900,87.00667600000254,87.03667600000254,1746,2,2,2,2,140.3033750029863,False,0,True,3,1098,1053,1521,1124,1746,1128
2901,87.03667600000254,87.06667600000254,1654,2,2,2,2,155.3056250049849,False,0,True,3,1073,1020,1514,1101,1654,1112
2902,87.06667600000254,87.09667600000255,1495,2,2,2,2,149.8606659952202,False,0,True,3,1062,1019,1402,1088,1495,1099
2903,87.09667600000255,87.12667600000255,1535,2,2,2,2,139.22008400550112,False,0,True,3,1094,1046,1451,1129,1535,1137
2904,87.12667600000255,87.15667600000255,1537,2,2,2,2,136.51266699889675,False,0,True,3,1079,1035,1420,1109,1537,1118
2905,87.15667600000255,87.18667600000255,1566,2,2,2,2,136.36683299409924,False,0,True,3,1078,1033,1438,1107,1566,1117
2906,87.18667600000255,87.21667600000255,1733,2,2,2,2,136.49516699661035,False,0,True,3,1112,1076,1504,1173,1733,1202
2907,87.21667600000255,87.24667600000255,1859,2,2,2,2,139.24954200047068,False,0,True,3,1060,1016,1476,1098,1859,1117
2908,87.24667600000255,87.27667600000255,1994,2,2,2,2,135.27249999606283,False,0,True,3,1069,1031,1484,1112,1994,1123
2909,87.27667600000255,87.30667600000255,1964,2,2,2,2,136.16533399908803,False,0,True,3,1047,1009,1470,1089,1964,1100
2910,87.30667600000255,87.33667600000256,2086,2,2,2,2,134.94370900298236,False,0,True,3,1040,994,1482,1073,2086,1082
2911,87.33667600000256,87.36667600000256,2080,2,2,2,2,140.29858299909392,False,0,True,3,1049,1007,1505,1088,2080,1106
2912,87.36667600000256,87.39667600000256,2096,2,2,2,2,137.23900000331923,False,0,True,3,1050,1009,1488,1092,2096,1116
2913,87.39667600000256,87.42667600000256,2062,2,2,2,2,136.81670799996937,False,0,True,3,1049,1012,1495,1097,2062,1123
2914,87.42667600000256,87.45667600000256,2059,2,2,2,2,136.50008299737237,False,0,True,3,1056,1016,1506,1103,2059,1113
2915,87.45667600000256,87.48667600000256,1995,2,2,2,2,135.1187079999363,False,0,True,3,1049,1009,1475,1094,1995,1099
2916,87.48667600000256,87.51667600000256,2057,2,2,2,2,134.17837499582674,False,0,True,3,1063,1023,1514,1104,2057,1112
2917,87.51667600000256,87.54667600000256,2026,2,2,2,2,134.48433300072793,False,0,True,3,1070,1025,1524,1108,2026,1114
2918,87.54667600000256,87.57667600000256,2061,2,2,2,2,136.04908299748786,False,0,True,3,1088,1047,1506,1119,2061,1130
2919,87.57667600000256,87.60667600000257,1986,2,2,2,2,135.481625002285,False,0,True,3,1037,991,1480,1084,1986,1095
2920,87.60667600000257,87.63667600000257,1984,2,2,2,2,133.73425000463612,False,0,True,3,1081,1044,1496,1132,1984,1141
2921,87.63667600000257,87.66667600000257,1944,2,2,2,2,145.38779099530075,False,0,True,3,1043,1008,1447,1090,1944,1098
2922,87.66667600000257,87.69667600000257,1994,2,2,2,2,137.51795799907995,False,0,True,3,1007,961,1449,1035,1994,1056
2923,87.69667600000257,87.72667600000257,1932,3,2,2,2,135.8766250050394,False,0,True,3,1023,979,1459,1055,1932,1081
2924,87.72667600000257,87.75667600000257,2002,2,2,2,2,134.09791600133758,False,0,True,3,1044,1005,1454,1075,2002,1086
2925,87.75667600000257,87.78667600000257,1920,2,2,2,2,133.0847079952946,False,0,True,3,1015,974,1437,1045,1920,1056
2926,87.78667600000257,87.81667600000257,1891,2,2,2,2,134.64408300205832,False,0,True,3,1058,1013,1489,1095,1891,1104
2927,87.81667600000257,87.84667600000257,1953,2,2,2,2,133.19108400173718,False,0,True,3,1013,969,1435,1036,1953,1042
2928,87.84667600000257,87.87667600000258,1962,2,2,2,2,133.80004200007534,False,0,True,3,1095,1044,1549,1121,1962,1131
2929,87.87667600000258,87.90667600000258,1889,1,1,1,1,133.942415995989,False,0,True,3,1055,1009,1484,1082,1889,1095
2930,87.90667600000258,87.93667600000258,1729,2,2,2,2,134.4079580012476,False,0,True,3,1061,1016,1408,1086,1729,1126
2931,87.93667600000258,87.96667600000258,1900,3,3,2,2,137.0154160031234,False,0,True,3,1037,989,1442,1058,1900,1069
2932,87.96667600000258,87.99667600000258,1822,2,2,2,2,137.28166699729627,False,0,True,3,991,944,1409,1039,1822,1055
2933,87.99667600000258,88.02667600000258,1928,2,2,2,2,135.73091699799988,False,0,True,3,1095,1042,1544,1125,1928,1132
2934,88.02667600000258,88.05667600000258,1959,2,2,2,2,133.49783400190063,False,0,True,3,1061,1025,1498,1118,1959,1129
2935,88.05667600000258,88.08667600000258,1996,2,2,2,2,132.52941699465737,False,0,True,3,1103,1057,1555,1154,1996,1173
2936,88.08667600000258,88.11667600000258,2074,2,2,2,2,134.83829100005096,False,0,True,3,1131,1088,1586,1168,2074,1186
2937,88.11667600000258,88.14667600000259,2284,2,2,2,2,132.06987499870593,False,0,True,3,1129,1077,1623,1168,2284,1189
2938,88.14667600000259,88.17667600000259,2238,2,2,2,2,133.83516699832398,False,0,True,3,1165,1116,1639,1201,2238,1218
2939,88.17667600000259,88.20667600000259,2166,2,2,2,2,134.0142500048387,False,0,True,3,1153,1112,1616,1208,2166,1225
2940,88.20667600000259,88.23667600000259,2359,2,2,2,2,134.14483299857238,False,0,True,3,1163,1118,1694,1232,2359,1240
2941,88.23667600000259,88.26667600000259,2265,2,2,2,2,133.23425000271527,False,0,True,3,1140,1089,1646,1200,2265,1213
2942,88.26667600000259,88.29667600000259,2399,3,2,2,2,132.3136249993695,False,0,True,3,1225,1170,1760,1281,2399,1299
2943,88.29667600000259,88.32667600000259,2568,2,2,2,2,134.57270900107687,False,0,True,3,1207,1142,1828,1235,2568,1244
2944,88.32667600000259,88.3566760000026,2823,2,2,2,2,133.63462499546586,False,0,True,3,1320,1268,2033,1374,2823,1383
2945,88.3566760000026,88.3866760000026,2691,2,2,2,2,133.68058299965924,False,0,True,3,1281,1224,1902,1325,2691,1332
2946,88.3866760000026,88.4166760000026,2702,3,2,2,2,135.0659999952768,False,0,True,3,1326,1263,1961,1380,2702,1402
2947,88.4166760000026,88.4466760000026,2775,3,2,2,2,134.65045799966902,False,0,True,3,1251,1180,1996,1292,2775,1313
2948,88.4466760000026,88.4766760000026,2850,2,2,2,2,133.04737500584451,False,0,True,3,1297,1228,2013,1330,2850,1348
2949,88.4766760000026,88.5066760000026,2719,2,2,2,2,133.88112500251736,False,0,True,3,1289,1232,1995,1348,2719,1364
2950,88.5066760000026,88.5366760000026,2590,2,2,2,2,135.6126669998048,False,0,True,3,1263,1210,1899,1317,2590,1341
2951,88.5366760000026,88.5666760000026,2532,2,2,2,2,132.67745800112607,False,0,True,3,1327,1267,1946,1372,2532,1379
2952,88.5666760000026,88.5966760000026,2499,3,3,2,2,133.7210409983527,False,0,True,3,1293,1231,1966,1334,2499,1350
2953,88.5966760000026,88.6266760000026,2416,3,3,2,2,134.41612500173505,False,0,True,3,1340,1273,1966,1403,2416,1439
2954,88.6266760000026,88.6566760000026,2339,3,3,2,2,134.0156250007567,False,0,True,3,1312,1247,1865,1355,2339,1368
2955,88.6566760000026,88.6866760000026,2571,3,3,2,2,133.59991599281784,False,0,True,3,1420,1352,2069,1477,2571,1495
2956,88.6866760000026,88.71667600000261,2764,3,3,2,2,134.76533300126903,False,0,True,3,1364,1312,2055,1431,2764,1442
2957,88.71667600000261,88.74667600000261,2990,2,2,2,2,135.40958399971714,False,0,True,3,1369,1307,2138,1424,2990,1440
2958,88.74667600000261,88.77667600000261,3125,2,2,2,2,132.8377919999184,False,0,True,3,1378,1321,2107,1434,3125,1449
2959,88.77667600000261,88.80667600000261,3452,3,3,3,3,134.43020900012925,False,0,True,3,1373,1305,2218,1430,3452,1452
2960,88.80667600000261,88.83667600000261,3691,3,3,3,3,135.52258299750974,False,0,True,3,1398,1339,2286,1468,3691,1475
2961,88.83667600000261,88.86667600000261,3639,3,3,3,3,132.95908400323242,False,0,True,3,1457,1384,2361,1502,3639,1520
2962,88.86667600000261,88.89667600000261,3516,2,2,2,2,132.8419589990517,False,0,True,3,1454,1379,2364,1499,3516,1507
2963,88.89667600000261,88.92667600000262,3407,2,2,2,2,136.1046659949352,False,0,True,3,1331,1255,2218,1370,3407,1388
2964,88.92667600000262,88.95667600000262,3511,2,2,2,2,134.66591599717503,False,0,True,3,1509,1440,2427,1585,3511,1598
2965,88.95667600000262,88.98667600000262,3590,2,2,2,2,133.62720800068928,False,0,True,3,1445,1382,2359,1516,3590,1549
2966,88.98667600000262,89.01667600000262,4179,2,2,1,1,135.62733300204854,False,0,True,3,1444,1356,2547,1500,4179,1521
2967,89.01667600000262,89.04667600000262,4298,2,2,2,2,134.58791699667927,False,0,True,3,1483,1396,2535,1544,4298,1554
2968,89.04667600000262,89.07667600000262,4398,2,2,2,2,133.15416599652963,False,0,True,3,1496,1424,2473,1555,4398,1576
2969,89.07667600000262,89.10667600000262,4663,2,2,2,2,132.66879099683138,False,0,True,3,1461,1375,2550,1499,4663,1515
2970,89.10667600000262,89.13667600000262,4689,2,2,2,2,134.62787499884143,False,0,True,3,1535,1459,2545,1601,4689,1621
2971,89.13667600000262,89.16667600000262,4670,2,2,2,2,134.0143750057905,False,0,True,3,1451,1387,2405,1531,4670,1545
2972,89.16667600000262,89.19667600000263,4809,2,2,2,2,132.49783300125273,False,0,True,3,1448,1390,2352,1532,4809,1550
2973,89.19667600000263,89.22667600000263,5064,2,2,2,2,133.7100839955383,False,0,True,3,1516,1446,2509,1573,5064,1587
2974,89.22667600000263,89.25667600000263,5400,2,2,2,2,134.9241659991094,False,0,True,3,1515,1442,2555,1571,5400,1586
2975,89.25667600000263,89.28667600000263,5626,2,2,2,2,132.97462499758694,False,0,True,3,1484,1416,2561,1554,5626,1589
2976,89.28667600000263,89.31667600000263,5682,2,2,2,2,133.0037910011015,False,0,True,3,1487,1415,2563,1536,5682,1563
2977,89.31667600000263,89.34667600000263,5747,2,2,2,2,135.3529999978491,False,0,True,3,1524,1450,2600,1574,5747,1602
2978,89.34667600000263,89.37667600000263,5698,2,2,2,2,133.59341700561345,False,0,True,3,1451,1383,2580,1524,5698,1544
2979,89.37667600000263,89.40667600000263,6104,2,2,2,2,134.06429199676495,False,0,True,3,1495,1431,2616,1587,6104,1613
2980,89.40667600000263,89.43667600000263,6215,3,3,2,2,133.92391600064002,False,0,True,3,1443,1368,2648,1496,6215,1519
2981,89.43667600000263,89.46667600000264,6312,2,2,2,2,134.80729200091446,False,0,True,3,1443,1370,2678,1491,6312,1506
2982,89.46667600000264,89.49667600000264,6466,2,2,2,2,133.66512500215322,False,0,True,3,1523,1447,2727,1573,6466,1594
2983,89.49667600000264,89.52667600000264,6655,2,2,2,2,134.05916700139642,False,0,True,3,1428,1356,2677,1486,6655,1505
2984,89.52667600000264,89.55667600000264,6797,1,1,1,1,134.57258300331887,False,0,True,3,1395,1314,2649,1427,6797,1444
2985,89.55667600000264,89.58667600000264,7152,2,2,2,2,151.31824999843957,False,0,True,3,1445,1367,2762,1497,7152,1514
2986,89.58667600000264,89.61667600000264,7509,2,2,2,2,132.14820899884216,False,0,True,3,1462,1374,2912,1500,7509,1513
2987,89.61667600000264,89.64667600000264,6819,2,2,2,2,135.37204200110864,False,0,True,3,1503,1418,2707,1540,6819,1547
2988,89.64667600000264,89.67667600000264,2618,1,0,0,0,133.05283299996518,False,0,True,3,1468,1368,2181,1497,2618,1521
2989,89.67667600000264,89.70667600000264,2033,0,0,0,0,131.6467919969,False,0,True,3,1433,1348,1972,1491,2033,1502
2990,89.70667600000264,89.73667600000265,2028,0,0,0,0,131.48095799988369,False,0,True,3,1450,1376,1947,1512,2028,1526
2991,89.73667600000265,89.76667600000265,2109,1,1,0,0,132.2662910024519,False,0,True,3,1478,1390,2021,1533,2109,1560
2992,89.76667600000265,89.79667600000265,2020,1,1,0,0,131.71999999758555,False,0,True,3,1438,1346,1962,1479,2020,1491
2993,89.79667600000265,89.82667600000265,2149,1,1,0,0,131.29462500364752,False,0,True,3,1508,1428,2067,1581,2149,1597
2994,89.82667600000265,89.85667600000265,2051,1,1,0,0,133.1996659937431,False,0,True,3,1439,1359,1970,1488,2051,1500
2995,89.85667600000265,89.88667600000265,2054,1,1,1,1,132.37029099400388,False,0,True,3,1424,1348,1946,1481,2054,1498
2996,89.88667600000265,89.91667600000265,2114,1,1,1,1,131.76024999847868,False,0,True,3,1454,1373,1988,1501,2114,1520
2997,89.91667600000265,89.94667600000265,2097,1,1,1,1,131.3452909962507,False,0,True,3,1384,1302,1933,1433,2097,1451
2998,89.94667600000265,89.97667600000266,2032,1,1,1,1,131.6990419945796,False,0,True,3,1404,1327,1927,1438,2032,1446
2999,89.97667600000266,90.00667600000266,1957,1,1,1,1,131.7587919984362,False,0,True,3,1351,1270,1860,1394,1957,1415
3000,90.00667600000266,90.03667600000266,1920,1,1,1,1,131.1404579973896,False,0,True,3,1320,1240,1833,1358,1920,1374
3001,90.03667600000266,90.06667600000266,1980,3,3,1,1,132.48499999463093,False,0,True,3,1348,1268,1881,1382,1980,1402
3002,90.06667600000266,90.09667600000266,1941,1,1,1,1,131.5062499998021,False,0,True,3,1347,1273,1861,1395,1941,1414
3003,90.09667600000266,90.12667600000266,1875,1,1,1,1,131.0414590043365,False,0,True,3,1329,1266,1790,1398,1875,1417
3004,90.12667600000266,90.15667600000266,1903,1,1,1,1,132.4355420001666,False,0,True,3,1288,1214,1819,1350,1903,1364
3005,90.15667600000266,90.18667600000266,2000,1,1,1,1,132.90595899889013,False,0,True,3,1328,1233,1903,1343,2000,1362
3006,90.18667600000266,90.21667600000266,2034,1,1,1,1,132.4161250013276,False,0,True,3,1402,1331,1932,1477,2034,1491
3007,90.21667600000266,90.24667600000267,1858,0,0,0,0,130.88662500376813,False,0,True,3,1317,1250,1786,1364,1858,1384
3008,90.24667600000267,90.27667600000267,1906,1,1,1,1,132.44637499883538,False,0,True,3,1393,1309,1844,1431,1906,1444
3009,90.27667600000267,90.30667600000267,1900,1,1,1,1,133.9311660049134,False,0,True,3,1404,1330,1843,1455,1900,1473
3010,90.30667600000267,90.33667600000267,1861,1,1,1,1,132.0332920004148,False,0,True,3,1363,1288,1807,1433,1861,1450
3011,90.33667600000267,90.36667600000267,1769,0,0,0,0,131.9250840024324,False,0,True,3,1361,1291,1738,1428,1769,1444
3012,90.36667600000267,90.39667600000267,1730,1,1,1,1,132.91095799650066,False,0,True,3,1286,1213,1669,1311,1730,1333
3013,90.39667600000267,90.42667600000267,1804,0,0,0,0,129.5522090003942,False,0,True,3,1322,1237,1741,1341,1804,1348
3014,90.42667600000267,90.45667600000267,1886,1,1,0,0,133.60166699567344,False,0,True,3,1382,1315,1800,1439,1886,1457
3015,90.45667600000267,90.48667600000267,1832,1,1,1,1,133.50412499858066,False,0,True,3,1303,1242,1715,1360,1832,1395
3016,90.48667600000267,90.51667600000268,1923,1,1,1,1,141.91870899958303,False,0,True,3,1342,1260,1823,1374,1923,1388
3017,90.51667600000268,90.54667600000268,1805,1,1,1,1,132.91395799751626,False,0,True,3,1303,1227,1719,1338,1805,1355
3018,90.54667600000268,90.57667600000268,1783,1,1,1,1,132.26058299915167,False,0,True,3,1261,1187,1686,1301,1783,1312
3019,90.57667600000268,90.60667600000268,1953,1,1,1,1,132.06916699709836,False,0,True,3,1349,1274,1830,1380,1953,1404
3020,90.60667600000268,90.63667600000268,1915,1,1,1,1,130.786875000922,False,0,True,3,1378,1303,1807,1429,1915,1439
3021,90.63667600000268,90.66667600000268,1874,1,1,1,1,132.19150000077207,False,0,True,3,1315,1240,1772,1350,1874,1359
3022,90.66667600000268,90.69667600000268,1782,1,1,1,1,131.389374997525,False,0,True,3,1257,1181,1691,1291,1782,1303
3023,90.69667600000268,90.72667600000268,1730,1,1,1,1,130.46849999955157,False,0,True,3,1226,1166,1618,1268,1730,1288
3024,90.72667600000268,90.75667600000268,1739,1,1,1,1,130.57799999660347,False,0,True,3,1254,1188,1637,1296,1739,1309
3025,90.75667600000268,90.78667600000269,1748,1,1,1,1,131.94462499814108,False,0,True,3,1275,1218,1649,1327,1748,1340
3026,90.78667600000269,90.81667600000269,1932,1,1,1,1,132.78033399546985,False,0,True,3,1357,1299,1813,1433,1932,1449
3027,90.81667600000269,90.84667600000269,2137,1,1,1,1,130.32925000152318,False,0,True,3,1309,1241,1967,1365,2137,1378
3028,90.84667600000269,90.87667600000269,2239,0,0,0,0,129.03124999866122,False,0,True,3,1354,1278,2057,1412,2239,1428
3029,90.87667600000269,90.90667600000269,2129,1,1,1,1,133.37908299581613,False,0,True,3,1337,1268,1967,1372,2129,1399
3030,90.90667600000269,90.93667600000269,1958,0,0,0,0,130.45358400268015,False,0,True,3,1296,1237,1845,1368,1958,1390
3031,90.93667600000269,90.96667600000269,2020,0,0,0,0,129.9366250023013,False,0,True,3,1341,1276,1903,1409,2020,1432
3032,90.96667600000269,90.9966760000027,1866,0,0,0,0,131.79800000216346,False,0,True,3,1334,1274,1794,1391,1866,1409
3033,90.9966760000027,91.0266760000027,1929,0,0,0,0,131.98791700415313,False,0,True,3,1334,1271,1853,1397,1929,1409
3034,91.0266760000027,91.0566760000027,1932,1,1,0,0,131.39108300674707,False,0,True,3,1438,1370,1832,1474,1932,1501
3035,91.0566760000027,91.0866760000027,1943,1,1,0,0,132.72795900411438,False,0,True,3,1400,1328,1835,1451,1943,1479
3036,91.0866760000027,91.1166760000027,1883,0,0,0,0,130.9261249989504,False,0,True,3,1393,1329,1806,1451,1883,1470
3037,91.1166760000027,91.1466760000027,1907,0,0,0,0,129.525582997303,False,0,True,3,1461,1398,1864,1518,1907,1530
3038,91.1466760000027,91.1766760000027,1960,0,0,0,0,129.03245800407603,False,0,True,3,1380,1304,1893,1415,1960,1427
3039,91.1766760000027,91.2066760000027,1906,0,0,0,0,130.06520799535792,False,0,True,3,1377,1322,1839,1455,1906,1471
3040,91.2066760000027,91.2366760000027,1774,0,0,0,0,129.43229200027417,False,0,True,3,1331,1274,1710,1394,1774,1420
3041,91.2366760000027,91.2666760000027,1833,0,0,0,0,128.86970800173003,False,0,True,3,1334,1280,1775,1427,1833,1436
3042,91.2666760000027,91.2966760000027,1914,0,0,0,0,128.48241699975915,False,0,True,3,1442,1370,1849,1480,1914,1497
3043,91.2966760000027,91.3266760000027,1877,0,0,0,0,131.52529200306162,False,0,True,3,1410,1343,1804,1478,1877,1496
3044,91.3266760000027,91.35667600000271,1894,0,0,0,0,130.33887499477714,False,0,True,3,1383,1312,1801,1428,1894,1457
3045,91.35667600000271,91.38667600000271,1916,1,1,0,0,131.14433400187409,False,0,True,3,1382,1305,1847,1421,1916,1430
3046,91.38667600000271,91.41667600000271,1873,0,0,0,0,130.88662500376813,False,0,True,3,1350,1278,1808,1401,1873,1419
3047,91.41667600000271,91.44667600000271,1866,0,0,0,0,130.79424999887124,False,0,True,3,1374,1306,1823,1438,1866,1453
3048,91.44667600000271,91.47667600000271,1911,1,1,0,0,130.8114170024055,False,0,True,3,1341,1275,1819,1396,1911,1411
3049,91.47667600000271,91.50667600000271,1838,1,1,0,0,130.24079099704977,False,0,True,3,1313,1249,1752,1366,1838,1381
3050,91.50667600000271,91.53667600000271,1802,0,0,0,0,130.74812500417465,False,0,True,3,1330,1271,1734,1398,1802,1415
3051,91.53667600000271,91.56667600000272,1896,1,1,0,0,131.9037919965922,False,0,True,3,1325,1264,1804,1375,1896,1388
3052,91.56667600000272,91.59667600000272,2000,1,1,1,1,132.3534999974072,False,0,True,3,1437,1378,1908,1502,2000,1512
3053,91.59667600000272,91.62667600000272,1794,1,1,1,1,131.07158299681032,False,0,True,3,1315,1254,1729,1355,1794,1372
3054,91.62667600000272,91.65667600000272,1823,1,1,0,0,133.20529199700104,False,0,True,3,1331,1269,1744,1395,1823,1410
3055,91.65667600000272,91.68667600000272,1861,1,1,0,0,129.35037499846658,False,0,True,3,1374,1304,1786,1412,1861,1428
3056,91.68667600000272,91.71667600000272,1889,1,1,0,0,131.55866700253682,False,0,True,3,1377,1309,1825,1421,1889,1435
3057,91.71667600000272,91.74667600000272,1877,2,2,0,0,130.65483299578773,False,0,True,3,1307,1243,1798,1360,1877,1371
3058,91.74667600000272,91.77667600000272,1781,0,0,0,0,131.28820800193353,False,0,True,3,1318,1263,1708,1369,1781,1388
3059,91.77667600000272,91.80667600000272,1771,1,0,0,0,130.40650000039022,False,0,True,3,1253,1191,1684,1285,1771,1299
3060,91.80667600000272,91.83667600000273,1890,0,0,0,0,129.68408300366718,False,0,True,3,1329,1266,1782,1377,1890,1402
3061,91.83667600000273,91.86667600000273,1908,0,0,0,0,131.25683299585944,False,0,True,3,1334,1272,1781,1369,1908,1404
3062,91.86667600000273,91.89667600000273,1839,0,0,0,0,131.2019169999985,False,0,True,3,1303,1255,1739,1363,1839,1374
3063,91.89667600000273,91.92667600000273,1827,0,0,0,0,128.6504590025288,False,0,True,3,1255,1199,1695,1293,1827,1334
3064,91.92667600000273,91.95667600000273,1815,0,0,0,0,130.67287499870872,False,0,True,3,1302,1245,1729,1347,1815,1384
3065,91.95667600000273,91.98667600000273,1678,0,0,0,0,131.2036250019446,False,0,True,3,1294,1241,1633,1361,1678,1388
3066,91.98667600000273,92.01667600000273,1704,0,0,0,0,131.24524999875575,False,0,True,3,1330,1271,1677,1394,1704,1413
3067,92.01667600000273,92.04667600000273,1721,0,0,0,0,130.4065830045147,False,0,True,3,1353,1298,1691,1402,1721,1415
3068,92.04667600000273,92.07667600000273,1709,0,0,0,0,129.60370800283272,False,0,True,3,1319,1260,1668,1389,1709,1410
3069,92.07667600000273,92.10667600000274,1870,1,1,0,0,130.98483299836516,False,0,True,3,1466,1403,1818,1537,1870,1557
3070,92.10667600000274,92.13667600000274,1891,0,0,0,0,130.70799999695737,False,0,True,3,1425,1350,1813,1473,1891,1492
3071,92.13667600000274,92.16667600000274,2220,0,0,0,0,133.02966600167565,False,0,True,3,1468,1394,1993,1522,2220,1541
3072,92.16667600000274,92.19667600000274,1890,0,0,0,0,132.74025000282563,False,0,True,3,1448,1391,1822,1527,1890,1549
3073,92.19667600000274,92.22667600000274,1760,0,0,0,0,128.73099999706028,False,0,True,3,1394,1335,1736,1464,1760,1477
3074,92.22667600000274,92.25667600000274,1676,0,0,0,0,130.25829200341832,False,0,True,3,1341,1282,1647,1401,1676,1419
3075,92.25667600000274,92.28667600000274,1722,0,0,0,0,129.32695799827343,False,0,True,3,1393,1338,1701,1468,1722,1483
3076,92.28667600000274,92.31667600000274,1783,0,0,0,0,128.78495900076814,False,0,True,3,1465,1406,1765,1520,1783,1528
3077,92.31667600000274,92.34667600000274,1680,0,0,0,0,129.96291600575205,False,0,True,3,1329,1275,1649,1393,1680,1406
3078,92.34667600000274,92.37667600000275,1671,0,0,0,0,130.02199999755248,False,0,True,3,1317,1249,1649,1373,1671,1383
3079,92.37667600000275,92.40667600000275,1723,0,0,0,0,130.87116600217996,False,0,True,3,1392,1331,1698,1465,1723,1480
3080,92.40667600000275,92.43667600000275,1737,0,0,0,0,128.9307499973802,False,0,True,3,1384,1324,1713,1470,1737,1487
3081,92.43667600000275,92.46667600000275,1731,0,0,0,0,129.08979100029683,False,0,True,3,1348,1279,1707,1418,1731,1427
3082,92.46667600000275,92.49667600000275,1627,0,0,0,0,132.187833005446,False,0,True,3,1295,1239,1601,1345,1627,1363
3083,92.49667600000275,92.52667600000275,1695,0,0,0,0,133.56525000563124,False,0,True,3,1356,1289,1662,1388,1695,1407
3084,92.52667600000275,92.55667600000275,1684,0,0,0,0,132.31391600129427,False,0,True,3,1340,1281,1651,1394,1684,1414
3085,92.55667600000275,92.58667600000275,1662,0,0,0,0,133.15129200054798,False,0,True,3,1337,1284,1627,1393,1662,1405
3086,92.58667600000275,92.61667600000276,1810,0,0,0,0,138.47370800067438,False,0,True,3,1366,1290,1758,1394,1810,1404
3087,92.61667600000276,92.64667600000276,1849,0,0,0,0,194.1718750022119,False,0,True,3,1345,1280,1789,1414,1849,1428
3088,92.64667600000276,92.67667600000276,1920,0,0,0,0,135.16058300592704,False,0,True,3,1381,1301,1844,1431,1920,1449
3089,92.67667600000276,92.70667600000276,1833,0,0,0,0,136.17991600040114,False,0,True,3,1340,1273,1763,1385,1833,1398
3090,92.70667600000276,92.73667600000276,1894,1,1,0,0,134.79791700228816,False,0,True,3,1348,1278,1813,1420,1894,1436
3091,92.73667600000276,92.76667600000276,1900,0,0,0,0,132.23966700024903,False,0,True,3,1367,1308,1815,1450,1900,1466
3092,92.76667600000276,92.79667600000276,1725,0,0,0,0,142.17962499969872,False,0,True,3,1331,1273,1677,1394,1725,1413
3093,92.79667600000276,92.82667600000276,1681,0,0,0,0,130.75587500497932,False,0,True,3,1319,1262,1645,1384,1681,1394
3094,92.82667600000276,92.85667600000276,1646,0,0,0,0,130.44166699546622,False,0,True,3,1254,1200,1606,1334,1646,1347
3095,92.85667600000276,92.88667600000277,1738,0,0,0,0,132.5290410022717,False,0,True,3,1353,1294,1696,1409,1738,1421
3096,92.88667600000277,92.91667600000277,1746,0,0,0,0,134.81279100233223,False,0,True,3,1350,1291,1692,1411,1746,1432
3097,92.91667600000277,92.94667600000277,1770,0,0,0,0,131.6007499990519,False,0,True,3,1367,1306,1718,1445,1770,1466
3098,92.94667600000277,92.97667600000277,1634,0,0,0,0,130.15879199519986,False,0,True,3,1264,1214,1582,1342,1634,1358
3099,92.97667600000277,93.00667600000277,1597,0,0,0,0,134.85400000354275,False,0,True,3,1269,1221,1546,1329,1597,1347
3100,93.00667600000277,93.03667600000277,1586,0,0,0,0,134.17220800329233,False,0,True,3,1279,1239,1549,1346,1586,1359
3101,93.03667600000277,93.06667600000277,1685,0,0,0,0,132.71191700187046,False,0,True,3,1331,1283,1636,1392,1685,1408
3102,93.06667600000277,93.09667600000277,1636,1,1,0,0,133.19795799907297,False,0,True,3,1309,1260,1596,1364,1636,1375
3103,93.09667600000277,93.12667600000277,1605,0,0,0,0,132.76849999965634,False,0,True,3,1289,1242,1565,1358,1605,1376
3104,93.12667600000277,93.15667600000278,1718,0,0,0,0,132.69920799939428,False,0,True,3,1365,1314,1678,1424,1718,1444
3105,93.15667600000278,93.18667600000278,1754,0,0,0,0,131.1141249971115,False,0,True,3,1378,1321,1707,1443,1754,1475
3106,93.18667600000278,93.21667600000278,1694,0,0,0,0,133.63541699800408,False,0,True,3,1335,1278,1659,1377,1694,1397
3107,93.21667600000278,93.24667600000278,1725,0,0,0,0,132.7287919993978,False,0,True,3,1324,1254,1684,1363,1725,1384
3108,93.24667600000278,93.27667600000278,1772,0,0,0,0,229.74162500031525,False,0,True,3,1373,1312,1740,1436,1772,1453
3109,93.27667600000278,93.30667600000278,1718,0,0,0,0,134.97600000118837,False,0,True,3,1366,1304,1691,1414,1718,1427
3110,93.30667600000278,93.33667600000278,1678,0,0,0,0,132.33575000049314,False,0,True,3,1359,1306,1652,1402,1678,1418
3111,93.33667600000278,93.36667600000278,1660,0,0,0,0,132.52058399666566,False,0,True,3,1318,1253,1635,1375,1660,1391
3112,93.36667600000278,93.39667600000278,1633,0,0,0,0,132.32016699475935,False,0,True,3,1275,1216,1614,1326,1633,1338
3113,93.39667600000278,93.42667600000279,1761,0,0,0,0,130.41766699461732,False,0,True,3,1345,1274,1743,1391,1761,1402
3114,93.42667600000279,93.45667600000279,1705,0,0,0,0,133.10445800016169,False,0,True,3,1336,1277,1684,1394,1705,1407
3115,93.45667600000279,93.48667600000279,1758,0,0,0,0,163.1942500025616,False,0,True,3,1369,1309,1724,1418,1758,1434
3116,93.48667600000279,93.51667600000279,1639,0,0,0,0,131.80245900002774,False,0,True,3,1280,1219,1600,1333,1639,1361
3117,93.51667600000279,93.54667600000279,1666,0,0,0,0,131.3700000027893,False,0,True,3,1275,1205,1635,1323,1666,1346
3118,93.54667600000279,93.57667600000279,1640,0,0,0,0,133.47500000236323,False,0,True,3,1307,1251,1614,1358,1640,1377
3119,93.57667600000279,93.60667600000279,1726,0,0,0,0,129.37487499584677,False,0,True,3,1345,1275,1704,1401,1726,1412
3120,93.60667600000279,93.6366760000028,1674,0,0,0,0,129.97791600355413,False,0,True,3,1298,1223,1656,1330,1674,1340
3121,93.6366760000028,93.6666760000028,1730,0,0,0,0,130.61000000016065,False,0,True,3,1339,1265,1706,1384,1730,1401
3122,93.6666760000028,93.6966760000028,1686,0,0,0,0,132.18445899838116,False,0,True,3,1326,1253,1662,1365,1686,1374
3123,93.6966760000028,93.7266760000028,1627,0,0,0,0,131.987749999098,False,0,True,3,1266,1201,1603,1323,1627,1335
3124,93.7266760000028,93.7566760000028,1755,0,0,0,0,130.22995900246315,False,0,True,3,1347,1272,1731,1395,1755,1406
3125,93.7566760000028,93.7866760000028,1833,0,0,0,0,131.88841700321063,False,0,True,3,1407,1338,1799,1460,1833,1476
3126,93.7866760000028,93.8166760000028,1837,0,0,0,0,129.81504100025631,False,0,True,3,1424,1357,1811,1490,1837,1503
3127,93.8166760000028,93.8466760000028,1855,0,0,0,0,129.9309579990222,False,0,True,3,1406,1318,1833,1453,1855,1463
3128,93.8466760000028,93.8766760000028,1824,0,0,0,0,128.17954199999804,False,0,True,3,1431,1357,1799,1490,1824,1507
3129,93.8766760000028,93.9066760000028,1785,0,0,0,0,128.22308400063775,False,0,True,3,1350,1276,1733,1397,1785,1420
3130,93.9066760000028,93.9366760000028,1752,0,0,0,0,129.862999994657,False,0,True,3,1392,1339,1725,1458,1752,1473
3131,93.9366760000028,93.9666760000028,1847,0,0,0,0,127.70137500046985,False,0,True,3,1433,1352,1815,1483,1847,1496
3132,93.9666760000028,93.99667600000281,1775,0,0,0,0,127.04962499992689,False,0,True,3,1380,1313,1728,1434,1775,1449
3133,93.99667600000281,94.02667600000281,1704,0,0,0,0,127.2300409982563,False,0,True,3,1302,1228,1664,1326,1704,1340
3134,94.02667600000281,94.05667600000281,1659,0,0,0,0,128.23924999975134,False,0,True,3,1298,1238,1627,1355,1659,1370
3135,94.05667600000281,94.08667600000281,1638,0,0,0,0,129.21620799897937,False,0,True,3,1281,1223,1599,1330,1638,1340
3136,94.08667600000281,94.11667600000281,1709,1,0,0,0,127.66070799989393,False,0,True,3,1357,1293,1666,1392,1709,1415
3137,94.11667600000281,94.14667600000281,1717,0,0,0,0,129.09691700042458,False,0,True,3,1325,1255,1682,1374,1717,1385
3138,94.14667600000281,94.17667600000281,1803,0,0,0,0,128.77645800472237,False,0,True,3,1390,1328,1765,1442,1803,1454
3139,94.17667600000281,94.20667600000282,1793,0,0,0,0,127.10783399961656,False,0,True,3,1357,1282,1760,1417,1793,1434
3140,94.20667600000282,94.23667600000282,1839,0,0,0,0,127.50600000435952,False,0,True,3,1423,1352,1794,1463,1839,1482
3141,94.23667600000282,94.26667600000282,1763,0,0,0,0,126.74662499921396,False,0,True,3,1330,1258,1722,1382,1763,1395
3142,94.26667600000282,94.29667600000282,1788,0,0,0,0,127.92991699825507,False,0,True,3,1343,1268,1752,1398,1788,1410
3143,94.29667600000282,94.32667600000282,1775,0,0,0,0,127.94420799764339,False,0,True,3,1361,1283,1741,1393,1775,1408
3144,94.32667600000282,94.35667600000282,1792,0,0,0,0,127.37075000040932,False,0,True,3,1358,1288,1754,1412,1792,1428
3145,94.35667600000282,94.38667600000282,1834,0,0,0,0,127.28258300194284,False,0,True,3,1345,1266,1801,1410,1834,1420
3146,94.38667600000282,94.41667600000282,1813,0,0,0,0,127.54883299930952,False,0,True,3,1383,1320,1780,1449,1813,1466
3147,94.41667600000282,94.44667600000282,1865,0,0,0,0,150.23395900061587,False,0,True,3,1383,1309,1823,1431,1865,1448
3148,94.44667600000282,94.47667600000283,1860,0,0,0,0,132.35083399922587,False,0,True,3,1416,1342,1822,1472,1860,1493
3149,94.47667600000283,94.50667600000283,1682,0,0,0,0,130.24125000083586,False,0,True,3,1332,1268,1656,1393,1682,1407
3150,94.50667600000283,94.53667600000283,1717,0,0,0,0,133.56595799996285,False,0,True,3,1376,1316,1696,1439,1717,1450
3151,94.53667600000283,94.56667600000283,1645,0,0,0,0,127.61695900553605,False,0,True,3,1317,1266,1627,1384,1645,1395
3152,94.56667600000283,94.59667600000283,1604,0,0,0,0,127.48062500031665,False,0,True,3,1300,1249,1577,1351,1604,1369
3153,94.59667600000283,94.62667600000283,1642,0,0,0,0,115.13149999518646,False,0,True,3,1309,1255,1615,1360,1642,1376
3154,94.62667600000283,94.65667600000283,1593,0,0,0,0,127.9109589959262,False,0,True,3,1269,1210,1572,1320,1593,1338
3155,94.65667600000283,94.68667600000283,1683,0,0,0,0,127.865832997486,False,0,True,3,1332,1281,1643,1392,1683,1416
3156,94.68667600000283,94.71667600000283,1710,0,0,0,0,126.66075000015553,False,0,True,3,1288,1207,1669,1332,1710,1350
3157,94.71667600000283,94.74667600000284,1696,0,0,0,0,127.31933400209527,False,0,True,3,1300,1232,1644,1345,1696,1374
3158,94.74667600000284,94.77667600000284,1672,1,1,0,0,129.69216599594802,False,0,True,3,1295,1240,1630,1360,1672,1380
3159,94.77667600000284,94.80667600000284,1731,2,1,0,0,129.55566600430757,False,0,True,3,1343,1281,1679,1393,1731,1426
3160,94.80667600000284,94.83667600000284,1766,1,1,1,1,129.9279579980066,False,0,True,3,1358,1297,1704,1417,1766,1450
3161,94.83667600000284,94.86667600000284,1697,0,0,0,0,127.63820800319081,False,0,True,3,1313,1259,1646,1377,1697,1401
3162,94.86667600000284,94.89667600000284,1731,1,1,0,0,129.32512499537552,False,0,True,3,1333,1275,1672,1376,1731,1400
3163,94.89667600000284,94.92667600000284,1854,1,1,0,0,128.7259999953676,False,0,True,3,1385,1299,1795,1405,1854,1418
3164,94.92667600000284,94.95667600000284,1876,1,1,1,1,129.50979200104484,False,0,True,3,1392,1324,1797,1449,1876,1489
3165,94.95667600000284,94.98667600000284,1847,1,1,1,1,129.37233300181106,False,0,True,3,1400,1329,1791,1449,1847,1468
3166,94.98667600000284,95.01667600000285,1856,1,1,1,1,129.913332995784,False,0,True,3,1397,1338,1788,1478,1856,1489
3167,95.01667600000285,95.04667600000285,1980,1,1,1,1,130.55591699958313,False,0,True,3,1501,1412,1929,1547,1980,1569
3168,95.04667600000285,95.07667600000285,1867,1,1,1,1,131.53208299627295,False,0,True,3,1377,1312,1774,1451,1867,1474
3169,95.07667600000285,95.10667600000285,1848,1,1,1,1,130.18800000281772,False,0,True,3,1385,1319,1780,1448,1848,1453
3170,95.10667600000285,95.13667600000285,1906,1,1,1,1,130.3962500023772,False,0,True,3,1414,1338,1833,1463,1906,1474
3171,95.13667600000285,95.16667600000285,1978,1,1,1,1,133.59620799747063,False,0,True,3,1409,1330,1874,1470,1978,1486
3172,95.16667600000285,95.19667600000285,2007,1,1,1,1,132.31441600510152,False,0,True,3,1451,1373,1914,1504,2007,1528
3173,95.19667600000285,95.22667600000285,1941,1,1,1,1,158.64241700182902,False,0,True,3,1415,1336,1880,1472,1941,1487
3174,95.22667600000285,95.25667600000286,1903,0,0,0,0,132.9686250028317,False,0,True,3,1381,1299,1842,1415,1903,1437
3175,95.25667600000286,95.28667600000286,2008,1,1,1,1,131.07562500226777,False,0,True,3,1426,1340,1926,1486,2008,1502
3176,95.28667600000286,95.31667600000286,1977,1,1,1,1,132.5548339955276,False,0,True,3,1405,1330,1902,1475,1977,1489
3177,95.31667600000286,95.34667600000286,1937,0,0,0,0,129.34858399967197,False,0,True,3,1401,1330,1866,1458,1937,1489
3178,95.34667600000286,95.37667600000286,1917,1,1,1,1,129.93400000414113,False,0,True,3,1412,1341,1825,1446,1917,1476
3179,95.37667600000286,95.40667600000286,1912,1,1,1,1,128.82524999440648,False,0,True,3,1368,1290,1838,1427,1912,1451
3180,95.40667600000286,95.43667600000286,1891,0,0,0,0,128.36737500037998,False,0,True,3,1452,1385,1845,1516,1891,1540
3181,95.43667600000286,95.46667600000286,1935,0,0,0,0,126.3343749960768,False,0,True,3,1452,1375,1890,1512,1935,1533
3182,95.46667600000286,95.49667600000286,1845,0,0,0,0,129.17204100085655,False,0,True,3,1450,1385,1810,1509,1845,1525
3183,95.49667600000286,95.52667600000287,1866,0,0,0,0,128.17633299709996,False,0,True,3,1427,1356,1823,1482,1866,1505
3184,95.52667600000287,95.55667600000287,1773,1,1,0,0,129.0404590035905,False,0,True,3,1343,1282,1722,1420,1773,1442
3185,95.55667600000287,95.58667600000287,1779,1,1,0,0,129.12691599922255,False,0,True,3,1340,1271,1739,1403,1779,1414
3186,95.58667600000287,95.61667600000287,1813,1,1,1,1,127.45375000667991,False,0,True,3,1347,1263,1772,1397,1813,1410
3187,95.61667600000287,95.64667600000287,1714,1,1,0,0,127.97554200369632,False,0,True,3,1287,1223,1655,1329,1714,1344
3188,95.64667600000287,95.67667600000287,1745,1,1,0,0,129.5647500010091,False,0,True,3,1287,1218,1685,1342,1745,1356
3189,95.67667600000287,95.70667600000287,1809,1,1,0,0,128.8939589940128,False,0,True,3,1332,1277,1725,1409,1809,1427
3190,95.70667600000287,95.73667600000287,1864,2,2,1,1,129.60612499591662,False,0,True,3,1339,1266,1764,1378,1864,1392
3191,95.73667600000287,95.76667600000287,1959,1,1,1,1,128.53129100403748,False,0,True,3,1342,1264,1839,1407,1959,1433
3192,95.76667600000287,95.79667600000288,1942,1,1,1,1,130.57829199533444,False,0,True,3,1381,1313,1838,1454,1942,1487
3193,95.79667600000288,95.82667600000288,1808,1,1,1,1,128.96283400186803,False,0,True,3,1294,1219,1748,1368,1808,1394
3194,95.82667600000288,95.85667600000288,1813,2,1,1,1,129.0884999980335,False,0,True,3,1344,1274,1750,1409,1813,1446
3195,95.85667600000288,95.88667600000288,1768,1,1,1,1,130.11633299902314,False,0,True,3,1302,1241,1717,1374,1768,1389
3196,95.88667600000288,95.91667600000288,1761,1,1,1,1,131.06687499384861,False,0,True,3,1281,1213,1707,1347,1761,1359
3197,95.91667600000288,95.94667600000288,1829,1,1,1,1,132.1334590029437,False,0,True,3,1349,1269,1780,1386,1829,1398
3198,95.94667600000288,95.97667600000288,1834,1,1,1,1,130.57970900263172,False,0,True,3,1359,1274,1783,1408,1834,1422
3199,95.97667600000288,96.00667600000288,1865,1,1,1,1,130.7580840002629,False,0,True,3,1405,1323,1810,1438,1865,1462
3200,96.00667600000288,96.03667600000288,1957,1,1,0,0,385.6083749997197,False,0,True,3,1437,1347,1904,1484,1957,1505
3201,96.03667600000288,96.06667600000289,1988,0,0,0,0,198.37129199731862,False,0,True,3,1449,1355,1936,1507,1988,1534
3202,96.06667600000289,96.09667600000289,2054,0,0,0,0,145.39329100080067,False,0,True,3,1481,1392,2008,1541,2054,1559
3203,96.09667600000289,96.12667600000289,2036,0,0,0,0,137.47070799581707,False,0,True,3,1461,1369,1996,1501,2036,1512
3204,96.12667600000289,96.15667600000289,2096,0,0,0,0,134.76483300473774,False,0,True,3,1493,1399,2045,1535,2096,1550
3205,96.15667600000289,96.18667600000289,2011,0,0,0,0,137.56658299826086,False,0,True,3,1417,1327,1970,1494,2011,1509
3206,96.18667600000289,96.21667600000289,2128,0,0,0,0,133.71737499983283,False,0,True,3,1529,1441,2093,1586,2128,1604
3207,96.21667600000289,96.24667600000289,2058,0,0,0,0,132.53304200043203,False,0,True,3,1424,1319,2007,1457,2058,1480
3208,96.24667600000289,96.2766760000029,2083,0,0,0,0,131.1719160003122,False,0,True,3,1426,1307,2030,1451,2083,1477
3209,96.2766760000029,96.3066760000029,2050,0,0,0,0,128.52091700187884,False,0,True,3,1462,1369,2007,1543,2050,1562
3210,96.3066760000029,96.3366760000029,2090,0,0,0,0,129.8943750007311,False,0,True,3,1476,1372,2025,1545,2090,1568
3211,96.3366760000029,96.3666760000029,2122,1,0,0,0,129.9447919955128,False,0,True,3,1514,1406,2070,1583,2122,1617
3212,96.3666760000029,96.3966760000029,2140,0,0,0,0,129.9127909951494,False,0,True,3,1603,1501,2107,1638,2140,1655
3213,96.3966760000029,96.4266760000029,1987,0,0,0,0,128.70562500029337,False,0,True,3,1509,1423,1953,1583,1987,1601
3214,96.4266760000029,96.4566760000029,2081,0,0,0,0,131.5122500018333,False,0,True,3,1530,1438,2049,1592,2081,1612
3215,96.4566760000029,96.4866760000029,2057,1,0,0,0,130.60966600460233,False,0,True,3,1537,1451,2011,1615,2057,1644
3216,96.4866760000029,96.5166760000029,2134,0,0,0,0,129.77500000124564,False,0,True,3,1602,1511,2101,1666,2134,1683
3217,96.5166760000029,96.5466760000029,2114,0,0,0,0,130.3436249945662,False,0,True,3,1635,1548,2088,1714,2114,1728
3218,96.5466760000029,96.5766760000029,2015,0,0,0,0,128.35812499542953,False,0,True,3,1525,1437,1970,1588,2015,1611
3219,96.5766760000029,96.6066760000029,2125,1,1,0,0,131.27804200485116,False,0,True,3,1595,1499,2060,1643,2125,1663
3220,96.6066760000029,96.63667600000291,2230,1,1,0,0,130.20241699996404,False,0,True,3,1615,1521,2164,1692,2230,1710
3221,96.63667600000291,96.66667600000291,2176,1,1,0,0,130.66125000477768,False,0,True,3,1597,1517,2116,1688,2176,1696
3222,96.66667600000291,96.69667600000291,2288,2,2,0,0,129.4834579966846,False,0,True,3,1606,1521,2161,1688,2288,1701
3223,96.69667600000291,96.72667600000291,2395,2,2,1,1,130.49920900084544,False,0,True,3,1581,1487,2209,1648,2395,1662
3224,96.72667600000291,96.75667600000291,2325,2,2,2,2,131.2101250005071,False,0,True,3,1590,1498,2168,1650,2325,1669
3225,96.75667600000291,96.78667600000291,2245,1,1,1,1,131.27370800066274,False,0,True,3,1557,1463,2148,1634,2245,1651
3226,96.78667600000291,96.81667600000291,2318,2,2,2,2,129.61329200334148,False,0,True,3,1582,1483,2202,1671,2318,1696
3227,96.81667600000291,96.84667600000292,2264,1,1,1,1,129.02354200195987,False,0,True,3,1600,1510,2179,1666,2264,1679
3228,96.84667600000292,96.87667600000292,2304,2,2,2,2,131.13604200043483,False,0,True,3,1627,1529,2218,1695,2304,1715
3229,96.87667600000292,96.90667600000292,2309,1,1,1,1,130.05570899986196,False,0,True,3,1643,1558,2199,1710,2309,1727
3230,96.90667600000292,96.93667600000292,2407,1,1,1,1,142.99416600260884,False,0,True,3,1630,1517,2276,1654,2407,1666
3231,96.93667600000292,96.96667600000292,2393,0,0,0,0,129.5173340040492,False,0,True,3,1679,1586,2281,1737,2393,1757
3232,96.96667600000292,96.99667600000292,2325,0,0,0,0,380.3250420023687,False,0,True,3,1555,1447,2223,1607,2325,1617
3233,96.99667600000292,97.02667600000292,2521,2,2,1,1,206.17987500008894,False,0,True,3,1664,1565,2365,1719,2521,1731
3234,97.02667600000292,97.05667600000292,2497,2,2,0,0,138.53404099791078,False,0,True,3,1617,1513,2318,1667,2497,1680
3235,97.05667600000292,97.08667600000292,2677,1,1,1,1,134.68512499821372,False,0,True,3,1676,1579,2434,1750,2677,1767
3236,97.08667600000292,97.11667600000293,2757,1,1,1,1,136.08970800123643,False,0,True,3,1747,1636,2473,1799,2757,1816
3237,97.11667600000293,97.14667600000293,2580,1,1,1,1,144.8025419958867,False,0,True,3,1637,1534,2376,1693,2580,1711
3238,97.14667600000293,97.17667600000293,2687,1,1,1,1,132.73800000024494,False,0,True,3,1701,1586,2522,1744,2687,1756
3239,97.17667600000293,97.20667600000293,2697,1,1,1,1,132.31699999596458,False,0,True,3,1603,1489,2455,1633,2697,1670
3240,97.20667600000293,97.23667600000293,2720,2,1,1,1,132.86100000550505,False,0,True,3,1567,1455,2441,1609,2720,1649
3241,97.23667600000293,97.26667600000293,2729,1,1,1,1,130.7007919967873,False,0,True,3,1556,1449,2437,1589,2729,1601
3242,97.26667600000293,97.29667600000293,2787,1,1,1,1,132.76958400092553,False,0,True,3,1567,1476,2457,1635,2787,1651
3243,97.29667600000293,97.32667600000293,2813,1,1,1,1,132.98495900380658,False,0,True,3,1582,1474,2506,1620,2813,1641
3244,97.32667600000293,97.35667600000293,2694,1,1,1,1,132.79116700141458,False,0,True,3,1589,1475,2448,1635,2694,1654
3245,97.35667600000293,97.38667600000294,2723,1,1,1,1,131.792583000788,False,0,True,3,1615,1493,2540,1665,2723,1677
3246,97.38667600000294,97.41667600000294,2800,2,2,1,1,134.60108400613535,False,0,True,3,1576,1444,2586,1601,2800,1615
3247,97.41667600000294,97.44667600000294,2777,1,1,1,1,131.31870899815112,False,0,True,3,1612,1485,2568,1666,2777,1676
3248,97.44667600000294,97.47667600000294,2957,2,2,1,1,133.67458400171017,False,0,True,3,1641,1512,2674,1689,2957,1700
3249,97.47667600000294,97.50667600000294,2894,1,1,1,1,135.96154099650448,False,0,True,3,1630,1485,2683,1687,2894,1703
3250,97.50667600000294,97.53667600000294,2522,1,1,1,1,132.65070800116519,False,0,True,3,1580,1470,2403,1632,2522,1642
3251,97.53667600000294,97.56667600000294,2653,1,1,1,1,130.77537500066683,False,0,True,3,1671,1534,2519,1705,2653,1722
3252,97.56667600000294,97.59667600000294,2619,1,1,1,1,131.3582079965272,False,0,True,3,1671,1554,2511,1723,2619,1744
3253,97.59667600000294,97.62667600000294,2512,1,1,1,1,133.89091700082645,False,0,True,3,1590,1486,2376,1643,2512,1659
3254,97.62667600000294,97.65667600000295,2444,2,2,1,1,134.19649999559624,False,0,True,3,1539,1439,2275,1596,2444,1628
3255,97.65667600000295,97.68667600000295,2433,1,1,1,1,132.98016699991422,False,0,True,3,1596,1500,2320,1676,2433,1697
3256,97.68667600000295,97.71667600000295,2424,2,1,1,1,133.80237499950454,False,0,True,3,1622,1498,2306,1639,2424,1667
3257,97.71667600000295,97.74667600000295,2323,1,1,1,1,129.87720900127897,False,0,True,3,1576,1465,2247,1630,2323,1641
3258,97.74667600000295,97.77667600000295,2148,1,1,1,1,129.43149999773595,False,0,True,3,1467,1360,2065,1527,2148,1540
3259,97.77667600000295,97.80667600000295,2157,1,1,1,1,129.8782499943627,False,0,True,3,1490,1387,2080,1533,2157,1546
3260,97.80667600000295,97.83667600000295,2223,1,1,1,1,130.45483300084015,False,0,True,3,1517,1412,2132,1560,2223,1573
3261,97.83667600000295,97.86667600000295,2142,1,1,1,1,133.3276669975021,False,0,True,3,1464,1370,2034,1517,2142,1528
3262,97.86667600000295,97.89667600000296,2377,1,1,1,1,131.6923330014106,False,0,True,3,1532,1425,2219,1600,2377,1614
3263,97.89667600000296,97.92667600000296,2425,1,1,1,1,130.02324999979464,False,0,True,3,1545,1434,2290,1594,2425,1610
3264,97.92667600000296,97.95667600000296,2376,1,1,1,1,130.80929200077662,False,0,True,3,1550,1434,2284,1581,2376,1595
3265,97.95667600000296,97.98667600000296,2421,1,1,1,1,137.15762500214623,False,0,True,3,1582,1470,2315,1656,2421,1676
3266,97.98667600000296,98.01667600000296,2337,1,1,1,1,134.01016599527793,False,0,True,3,1471,1371,2216,1517,2337,1537
3267,98.01667600000296,98.04667600000296,2392,1,1,1,1,130.73083299968857,False,0,True,3,1513,1396,2286,1558,2392,1581
3268,98.04667600000296,98.07667600000296,2383,0,0,0,0,131.15300000208663,False,0,True,3,1479,1372,2298,1528,2383,1543
3269,98.07667600000296,98.10667600000296,2295,1,1,1,1,133.15212500310736,False,0,True,3,1531,1432,2235,1580,2295,1597
3270,98.10667600000296,98.13667600000296,2390,1,1,1,1,190.39349999366095,False,0,True,3,1495,1388,2320,1551,2390,1564
3271,98.13667600000296,98.16667600000297,2342,0,0,0,0,130.7890409952961,False,0,True,3,1476,1372,2274,1507,2342,1530
3272,98.16667600000297,98.19667600000297,2370,0,0,0,0,131.06966700433986,False,0,True,3,1445,1324,2309,1483,2370,1500
3273,98.19667600000297,98.22667600000297,2306,0,0,0,0,131.11120800022036,False,0,True,3,1426,1325,2236,1474,2306,1505
3274,98.22667600000297,98.25667600000297,2241,0,0,0,0,130.66866699955426,False,0,True,3,1407,1292,2177,1424,2241,1453
3275,98.25667600000297,98.28667600000297,2260,0,0,0,0,131.349292001687,False,0,True,3,1405,1276,2204,1430,2260,1455
3276,98.28667600000297,98.31667600000297,2304,0,0,0,0,129.69637499918463,False,0,True,3,1531,1406,2262,1558,2304,1580
3277,98.31667600000297,98.34667600000297,2205,0,0,0,0,129.1467500050203,False,0,True,3,1472,1346,2173,1494,2205,1520
3278,98.34667600000297,98.37667600000297,2191,0,0,0,0,129.97166700370144,False,0,True,3,1550,1435,2170,1605,2191,1615
3279,98.37667600000297,98.40667600000297,2097,0,0,0,0,128.66466700506862,False,0,True,3,1505,1396,2061,1553,2097,1579
3280,98.40667600000297,98.43667600000298,2126,1,0,0,0,130.1298329999554,False,0,True,3,1492,1378,2083,1528,2126,1562
3281,98.43667600000298,98.46667600000298,2146,0,0,0,0,127.72974999825237,False,0,True,3,1588,1476,2128,1647,2146,1659
3282,98.46667600000298,98.49667600000298,2138,0,0,0,0,129.42766600463074,False,0,True,3,1475,1343,2110,1507,2138,1519
3283,98.49667600000298,98.52667600000298,2300,0,0,0,0,127.42687499849126,False,0,True,3,1574,1448,2259,1595,2300,1606
3284,98.52667600000298,98.55667600000298,2847,0,0,0,0,129.75479099986842,False,0,True,3,1569,1456,2561,1619,2847,1644
3285,98.55667600000298,98.58667600000298,2852,2,2,0,0,129.97179200465325,False,0,True,3,1609,1494,2558,1679,2852,1703
3286,98.58667600000298,98.61667600000298,2870,2,2,0,0,131.2353749963222,False,0,True,3,1589,1476,2562,1642,2870,1654
3287,98.61667600000298,98.64667600000298,2872,1,1,1,1,129.02775000111433,False,0,True,3,1611,1514,2545,1697,2872,1717
3288,98.64667600000298,98.67667600000298,2283,1,1,1,1,131.41054099833127,False,0,True,3,1595,1489,2224,1654,2283,1668
3289,98.67667600000298,98.70667600000299,2227,0,0,0,0,140.8411669981433,False,0,True,3,1612,1503,2189,1677,2227,1695
3290,98.70667600000299,98.73667600000299,2160,0,0,0,0,140.0067919967114,False,0,True,3,1530,1421,2132,1594,2160,1606
3291,98.73667600000299,98.76667600000299,2239,1,1,0,0,140.0980409962358,False,0,True,3,1590,1472,2198,1632,2239,1647
3292,98.76667600000299,98.79667600000299,2270,0,0,0,0,138.5642919995007,False,0,True,3,1608,1497,2234,1682,2270,1700
3293,98.79667600000299,98.82667600000299,2335,0,0,0,0,131.8389589941944,False,0,True,3,1629,1506,2271,1687,2335,1722
3294,98.82667600000299,98.85667600000299,2328,1,1,0,0,136.04854100412922,False,0,True,3,1573,1455,2249,1641,2328,1674
3295,98.85667600000299,98.88667600000299,2293,1,1,0,0,132.72983300703345,False,0,True,3,1596,1496,2200,1680,2293,1718
3296,98.88667600000299,98.916676000003,2221,1,1,0,0,133.1064160040114,False,0,True,3,1532,1426,2161,1602,2221,1614
3297,98.916676000003,98.946676000003,2148,0,0,0,0,137.2936670013587,False,0,True,3,1577,1476,2087,1625,2148,1638
3298,98.946676000003,98.976676000003,2135,1,1,1,1,134.38962499640184,False,0,True,3,1566,1462,2091,1621,2135,1635
3299,98.976676000003,99.006676000003,2100,1,1,1,1,132.7041249969625,False,0,True,3,1521,1433,2038,1583,2100,1596
3300,99.006676000003,99.036676000003,2061,1,1,1,1,133.63250000111293,False,0,True,3,1538,1455,2001,1594,2061,1615
3301,99.036676000003,99.066676000003,2061,1,1,1,1,130.35079200199107,False,0,True,3,1512,1421,1998,1563,2061,1577
3302,99.066676000003,99.096676000003,2063,1,1,1,1,135.85958299518097,False,0,True,3,1485,1391,1983,1530,2063,1561
3303,99.096676000003,99.126676000003,2045,1,1,1,1,134.93862500035902,False,0,True,3,1513,1441,1979,1582,2045,1598
3304,99.126676000003,99.156676000003,2180,1,1,1,1,133.56620800186647,False,0,True,3,1594,1510,2108,1686,2180,1706
3305,99.156676000003,99.186676000003,2157,1,1,1,1,134.60666700120782,False,0,True,3,1540,1441,2074,1592,2157,1610
3306,99.186676000003,99.216676000003,2172,1,1,1,1,134.00645799993072,False,0,True,3,1532,1433,2102,1597,2172,1608
3307,99.216676000003,99.246676000003,2133,1,1,1,1,132.9037920004339,False,0,True,3,1537,1445,2050,1605,2133,1632
3308,99.246676000003,99.27667600000301,2260,1,1,1,1,133.44149999466026,False,0,True,3,1559,1460,2197,1622,2260,1631
3309,99.27667600000301,99.30667600000301,2192,1,1,1,1,131.2130000005709,False,0,True,3,1538,1442,2121,1591,2192,1608
3310,99.30667600000301,99.33667600000301,2215,1,1,1,1,131.63958400400588,False,0,True,3,1539,1444,2143,1622,2215,1636
3311,99.33667600000301,99.36667600000301,2218,2,2,1,1,130.24154199956683,False,0,True,3,1525,1417,2160,1580,2218,1593
3312,99.36667600000301,99.39667600000301,2151,1,1,1,1,130.45862499711802,False,0,True,3,1488,1390,2083,1548,2151,1574
3313,99.39667600000301,99.42667600000301,2199,1,1,1,1,128.00883300224086,False,0,True,3,1582,1476,2142,1635,2199,1660
3314,99.42667600000301,99.45667600000301,2190,0,0,0,0,129.16479200066533,False,0,True,3,1543,1436,2130,1596,2190,1623
3315,99.45667600000301,99.48667600000302,2093,1,1,1,1,129.41291699826252,False,0,True,3,1553,1469,2050,1627,2093,1642
3316,99.48667600000302,99.51667600000302,2085,1,1,1,1,129.85099999787053,False,0,True,3,1536,1449,2028,1606,2085,1631
3317,99.51667600000302,99.54667600000302,2118,1,1,1,1,130.65525000274647,False,0,True,3,1575,1491,2059,1657,2118,1673
3318,99.54667600000302,99.57667600000302,1907,1,1,1,1,130.07824999658624,False,0,True,3,1459,1395,1831,1530,1907,1570
3319,99.57667600000302,99.60667600000302,1949,1,1,1,1,130.7234999985667,False,0,True,3,1443,1373,1877,1520,1949,1549
3320,99.60667600000302,99.63667600000302,1889,1,1,1,1,129.63591700099641,False,0,True,3,1424,1359,1844,1486,1889,1504
3321,99.63667600000302,99.66667600000302,1925,0,0,0,0,128.37787500029663,False,0,True,3,1406,1334,1894,1477,1925,1486
3322,99.66667600000302,99.69667600000302,1873,0,0,0,0,137.574250002217,False,0,True,3,1380,1299,1843,1412,1873,1433
3323,99.69667600000302,99.72667600000302,1960,0,0,0,0,132.08087500242982,False,0,True,3,1438,1358,1937,1484,1960,1496
3324,99.72667600000302,99.75667600000303,1843,0,0,0,0,131.9382920046337,False,0,True,3,1407,1330,1827,1469,1843,1480
3325,99.75667600000303,99.78667600000303,1921,0,0,0,0,134.98941600118997,False,0,True,3,1476,1393,1894,1527,1921,1543
3326,99.78667600000303,99.81667600000303,1850,0,0,0,0,132.316000002902,False,0,True,3,1368,1286,1819,1441,1850,1460
3327,99.81667600000303,99.84667600000303,1870,0,0,0,0,147.87712499673944,False,0,True,3,1404,1330,1837,1452,1870,1477
3328,99.84667600000303,99.87667600000303,2086,0,0,0,0,166.35300000052666,False,0,True,3,1525,1428,2047,1580,2086,1603
3329,99.87667600000303,99.90667600000303,1975,0,0,0,0,133.32995800010394,False,0,True,3,1481,1408,1936,1570,1975,1596
3330,99.90667600000303,99.93667600000303,2170,0,0,0,0,131.16308399912668,False,0,True,3,1609,1515,2128,1683,2170,1706
3331,99.93667600000303,99.96667600000303,2051,0,0,0,0,132.03400000202237,False,0,True,3,1543,1459,2012,1619,2051,1636
3332,99.96667600000303,99.99667600000303,2013,1,1,0,0,130.26016699586762,False,0,True,3,1499,1413,1975,1554,2013,1567
3333,99.99667600000303,100.02667600000304,2005,0,0,0,0,130.93879100051709,False,0,True,3,1466,1378,1958,1514,2005,1534
3334,100.02667600000304,100.05667600000304,2055,1,1,0,0,130.95000000612345,False,0,True,3,1490,1397,1993,1544,2055,1568
3335,100.05667600000304,100.08667600000304,1834,0,0,0,0,129.5968750055181,False,0,True,3,1385,1319,1771,1450,1834,1466
3336,100.08667600000304,100.11667600000304,2035,1,1,1,1,131.31504100601887,False,0,True,3,1451,1370,1947,1519,2035,1549
3337,100.11667600000304,100.14667600000304,2021,1,1,1,1,131.04379099968355,False,0,True,3,1433,1356,1911,1491,2021,1528
3338,100.14667600000304,100.17667600000304,2092,1,1,1,1,129.61141699634027,False,0,True,3,1462,1382,1974,1539,2092,1578
3339,100.17667600000304,100.20667600000304,2125,2,2,1,1,131.05304199416423,False,0,True,3,1444,1352,1975,1493,2125,1517
3340,100.20667600000304,100.23667600000304,2092,2,2,1,1,131.4782080007717,False,0,True,3,1433,1344,1947,1476,2092,1498
3341,100.23667600000304,100.26667600000305,2047,1,1,1,1,131.87024999933783,False,0,True,3,1445,1354,1946,1488,2047,1504
3342,100.26667600000305,100.29667600000305,2202,2,2,1,1,133.23824999679346,False,0,True,3,1453,1369,2012,1519,2202,1539
3343,100.29667600000305,100.32667600000305,2058,1,1,1,1,130.22058400383685,False,0,True,3,1451,1365,1959,1528,2058,1541
3344,100.32667600000305,100.35667600000305,2169,2,2,1,1,131.78420799522428,False,0,True,3,1497,1408,2046,1558,2169,1569
3345,100.35667600000305,100.38667600000305,2304,2,2,1,1,131.41554199683014,False,0,True,3,1490,1378,2140,1520,2304,1542
3346,100.38667600000305,100.41667600000305,2322,1,1,1,1,129.69979099580087,False,0,True,3,1545,1434,2182,1617,2322,1635
3347,100.41667600000305,100.44667600000305,2310,1,1,1,1,130.48591700498946,False,0,True,3,1549,1425,2202,1571,2310,1586
3348,100.44667600000305,100.47667600000305,2353,1,1,1,1,131.0812919982709,False,0,True,3,1580,1449,2245,1616,2353,1632
3349,100.47667600000305,100.50667600000305,2556,1,1,1,1,133.1859580022865,False,0,True,3,1605,1473,2392,1637,2556,1650
3350,100.50667600000305,100.53667600000306,2585,1,1,1,1,138.3926250055083,False,0,True,3,1634,1520,2422,1715,2585,1740
3351,100.53667600000306,100.56667600000306,2691,1,1,1,1,144.24991700070677,False,0,True,3,1615,1480,2512,1663,2691,1680
3352,100.56667600000306,100.59667600000306,2524,1,1,1,1,136.7084169978625,False,0,True,3,1580,1460,2375,1638,2524,1656
3353,100.59667600000306,100.62667600000306,2544,1,1,1,1,131.80499999725726,False,0,True,3,1631,1503,2401,1690,2544,1707
3354,100.62667600000306,100.65667600000306,2556,1,1,1,1,133.82629199622897,False,0,True,3,1661,1553,2413,1722,2556,1748
3355,100.65667600000306,100.68667600000306,2396,1,1,1,1,130.366834004235,False,0,True,3,1575,1461,2267,1620,2396,1638
3356,100.68667600000306,100.71667600000306,2327,0,0,0,0,129.8049999968498,False,0,True,3,1591,1489,2223,1674,2327,1688
3357,100.71667600000306,100.74667600000306,2394,1,1,1,1,129.88387500081444,False,0,True,3,1634,1538,2256,1709,2394,1732
3358,100.74667600000306,100.77667600000306,2302,1,1,1,1,128.63533400377491,False,0,True,3,1591,1495,2200,1650,2302,1668
3359,100.77667600000306,100.80667600000307,2245,1,1,1,1,129.4280419970164,False,0,True,3,1566,1469,2164,1631,2245,1649
3360,100.80667600000307,100.83667600000307,2105,0,0,0,0,130.50249999650987,False,0,True,3,1500,1416,2033,1584,2105,1603
3361,100.83667600000307,100.86667600000307,2233,1,1,1,1,129.9331250047544,False,0,True,3,1549,1455,2153,1629,2233,1641
3362,100.86667600000307,100.89667600000307,2130,1,1,1,1,128.09612499404466,False,0,True,3,1484,1404,2020,1555,2130,1576
3363,100.89667600000307,100.92667600000307,2222,1,1,1,1,134.57745800405974,False,0,True,3,1546,1467,2089,1619,2222,1636
3364,100.92667600000307,100.95667600000307,2266,1,1,1,1,134.68674999603536,False,0,True,3,1572,1493,2144,1664,2266,1676
3365,100.95667600000307,100.98667600000307,2114,1,1,1,1,141.01254099659855,False,0,True,3,1471,1387,1992,1538,2114,1550
3366,100.98667600000307,101.01667600000307,2248,1,1,1,1,138.02504199702526,False,0,True,3,1626,1530,2176,1694,2248,1704
3367,101.01667600000307,101.04667600000307,2251,1,1,1,1,137.50275000347756,False,0,True,3,1578,1464,2171,1634,2251,1649
3368,101.04667600000307,101.07667600000308,2335,1,1,1,1,131.97337499877904,False,0,True,3,1629,1536,2183,1705,2335,1725
3369,101.07667600000308,101.10667600000308,2421,1,1,1,1,130.14770799782127,False,0,True,3,1577,1451,2293,1620,2421,1640
3370,101.10667600000308,101.13667600000308,2421,1,1,1,1,133.23837499774527,False,0,True,3,1580,1458,2252,1601,2421,1624
3371,101.13667600000308,101.16667600000308,2322,1,1,1,1,133.55749999755062,False,0,True,3,1543,1429,2192,1610,2322,1626
3372,101.16667600000308,101.19667600000308,2316,1,1,1,1,129.27308399957838,False,0,True,3,1574,1473,2175,1637,2316,1650
3373,101.19667600000308,101.22667600000308,2230,1,1,1,1,130.64974999724654,False,0,True,3,1531,1436,2114,1598,2230,1612
3374,101.22667600000308,101.25667600000308,2329,1,1,1,1,130.59212500229478,False,0,True,3,1644,1543,2235,1701,2329,1726
3375,101.25667600000308,101.28667600000308,2146,1,1,1,1,129.66287499875762,False,0,True,3,1546,1465,2044,1627,2146,1646
3376,101.28667600000308,101.31667600000308,2087,1,1,1,1,131.7142080006306,False,0,True,3,1556,1491,1989,1641,2087,1663
3377,101.31667600000308,101.34667600000309,2073,1,1,1,1,129.52237500576302,False,0,True,3,1565,1488,2019,1640,2073,1650
3378,101.34667600000309,101.37667600000309,1964,1,1,1,1,129.9172080034623,False,0,True,3,1460,1392,1895,1524,1964,1541
3379,101.37667600000309,101.40667600000309,2061,0,0,0,0,129.08545800019056,False,0,True,3,1495,1413,1962,1558,2061,1594
3380,101.40667600000309,101.43667600000309,2007,0,0,0,0,139.8564159972011,False,0,True,3,1504,1438,1930,1586,2007,1623
3381,101.43667600000309,101.46667600000309,1988,0,0,0,0,127.75679200422019,False,0,True,3,1460,1386,1915,1527,1988,1545
3382,101.46667600000309,101.49667600000309,2105,1,1,0,0,137.23720899724867,False,0,True,3,1562,1492,2036,1652,2105,1668
3383,101.49667600000309,101.52667600000309,2078,1,1,0,0,139.59604199772002,False,0,True,3,1568,1498,2016,1651,2078,1669
3384,101.52667600000309,101.5566760000031,2041,1,1,1,1,135.50824999401812,False,0,True,3,1544,1464,1988,1598,2041,1619
3385,101.5566760000031,101.5866760000031,1976,1,0,0,0,131.47845799539937,False,0,True,3,1504,1434,1924,1579,1976,1612
3386,101.5866760000031,101.6166760000031,1921,0,0,0,0,133.07933299802244,False,0,True,3,1528,1457,1898,1579,1921,1587
3387,101.6166760000031,101.6466760000031,2058,0,0,0,0,131.62937499873806,False,0,True,3,1583,1494,2027,1634,2058,1656
3388,101.6466760000031,101.6766760000031,1994,0,0,0,0,129.62445799348643,False,0,True,3,1544,1466,1966,1608,1994,1623
3389,101.6766760000031,101.7066760000031,2025,0,0,0,0,129.9683749966789,False,0,True,3,1562,1488,1998,1671,2025,1689
3390,101.7066760000031,101.7366760000031,2122,0,0,0,0,133.07050000003073,False,0,True,3,1612,1520,2095,1679,2122,1703
3391,101.7366760000031,101.7666760000031,2115,0,0,0,0,130.90116599778412,False,0,True,3,1586,1484,2092,1644,2115,1656
3392,101.7666760000031,101.7966760000031,2061,0,0,0,0,130.35099999979138,False,0,True,3,1617,1521,2039,1675,2061,1688
3393,101.7966760000031,101.8266760000031,1986,0,0,0,0,140.05958400230156,False,0,True,3,1565,1490,1960,1646,1986,1664
3394,101.8266760000031,101.8566760000031,2129,0,0,0,0,127.82016699929954,False,0,True,3,1593,1485,2110,1645,2129,1655
3395,101.8566760000031,101.8866760000031,2202,0,0,0,0,127.39308299933327,False,0,True,3,1681,1591,2170,1746,2202,1763
3396,101.8866760000031,101.91667600000311,2062,0,0,0,0,127.39079199673142,False,0,True,3,1587,1496,2039,1642,2062,1657
3397,101.91667600000311,101.94667600000311,2205,0,0,0,0,127.7804159981315,False,0,True,3,1661,1558,2168,1723,2205,1745
3398,101.94667600000311,101.97667600000311,2190,1,0,0,0,130.26095800159965,False,0,True,3,1635,1543,2130,1692,2190,1731
3399,101.97667600000311,102.00667600000311,2155,0,0,0,0,129.75154200103134,False,0,True,3,1614,1525,2127,1698,2155,1716
3400,102.00667600000311,102.03667600000311,2199,0,0,0,0,129.12558300013188,False,0,True,3,1593,1479,2137,1618,2199,1653
3401,102.03667600000311,102.06667600000311,2126,0,0,0,0,127.81454100331757,False,0,True,3,1547,1458,2060,1612,2126,1640
3402,102.06667600000311,102.09667600000311,2111,0,0,0,0,130.66645900107687,False,0,True,3,1501,1408,2020,1546,2111,1575
3403,102.09667600000311,102.12667600000312,2206,0,0,0,0,129.82620800175937,False,0,True,3,1581,1482,2146,1619,2206,1638
3404,102.12667600000312,102.15667600000312,2205,0,0,0,0,127.33437499991851,False,0,True,3,1619,1541,2146,1706,2205,1724
3405,102.15667600000312,102.18667600000312,2251,0,0,0,0,129.92404100077692,False,0,True,3,1566,1467,2160,1608,2251,1621
3406,102.18667600000312,102.21667600000312,2255,0,0,0,0,130.15845799964154,False,0,True,3,1601,1514,2161,1656,2255,1668
3407,102.21667600000312,102.24667600000312,2365,0,0,0,0,128.33449999743607,False,0,True,3,1545,1451,2217,1597,2365,1613
3408,102.24667600000312,102.27667600000312,2181,0,0,0,0,127.3453329995391,False,0,True,3,1465,1381,2030,1514,2181,1536
3409,102.27667600000312,102.30667600000312,2090,0,0,0,0,127.45245800033445,False,0,True,3,1495,1411,1996,1563,2090,1584
3410,102.30667600000312,102.33667600000312,1801,0,0,0,0,127.01333400036674,False,0,True,3,1425,1364,1780,1488,1801,1499
3411,102.33667600000312,102.36667600000312,1968,0,0,0,0,129.64937499782536,False,0,True,3,1481,1407,1933,1541,1968,1564
3412,102.36667600000312,102.39667600000313,1822,0,0,0,0,128.44983299874002,False,0,True,3,1416,1352,1801,1470,1822,1483
3413,102.39667600000313,102.42667600000313,1809,0,0,0,0,128.3270830026595,False,0,True,3,1395,1326,1782,1446,1809,1461
3414,102.42667600000313,102.45667600000313,1919,0,0,0,0,130.53875000332482,False,0,True,3,1435,1354,1882,1469,1919,1480
3415,102.45667600000313,102.48667600000313,1885,1,0,0,0,130.79995800217148,False,0,True,3,1409,1344,1827,1453,1885,1481
3416,102.48667600000313,102.51667600000313,1702,0,0,0,0,128.31895800627535,False,0,True,3,1291,1241,1643,1343,1702,1368
3417,102.51667600000313,102.54667600000313,1684,0,0,0,0,128.17599999834783,False,0,True,3,1258,1201,1637,1291,1684,1307
3418,102.54667600000313,102.57667600000313,1781,1,1,0,0,129.74674999713898,False,0,True,3,1292,1226,1734,1334,1781,1347
3419,102.57667600000313,102.60667600000313,1671,0,0,0,0,130.30283300031442,False,0,True,3,1243,1190,1620,1275,1671,1288
3420,102.60667600000313,102.63667600000313,1786,0,0,0,0,126.90608299453743,False,0,True,3,1283,1211,1727,1318,1786,1336
3421,102.63667600000313,102.66667600000314,1713,1,1,0,0,130.10083400149597,False,0,True,3,1284,1231,1672,1346,1713,1359
3422,102.66667600000314,102.69667600000314,1679,0,0,0,0,127.48945799830835,False,0,True,3,1294,1245,1636,1354,1679,1375
3423,102.69667600000314,102.72667600000314,1742,0,0,0,0,127.25191600475227,False,0,True,3,1327,1275,1701,1405,1742,1426
3424,102.72667600000314,102.75667600000314,1807,0,0,0,0,129.49645899789175,False,0,True,3,1347,1278,1756,1408,1807,1436
3425,102.75667600000314,102.78667600000314,1857,0,0,0,0,127.83287499769358,False,0,True,3,1322,1252,1785,1377,1857,1390
3426,102.78667600000314,102.81667600000314,1858,0,0,0,0,127.2698329994455,False,0,True,3,1396,1330,1787,1447,1858,1463
3427,102.81667600000314,102.84667600000314,1710,0,0,0,0,128.12004199804505,False,0,True,3,1347,1297,1683,1417,1710,1432
3428,102.84667600000314,102.87667600000314,1785,0,0,0,0,127.62212500092573,False,0,True,3,1401,1347,1742,1477,1785,1506
3429,102.87667600000314,102.90667600000315,1852,0,0,0,0,126.4660829983768,False,0,True,3,1423,1365,1796,1511,1852,1532
3430,102.90667600000315,102.93667600000315,1911,1,1,0,0,129.49179100542096,False,0,True,3,1424,1353,1843,1455,1911,1479
3431,102.93667600000315,102.96667600000315,1879,1,1,0,0,131.71258399961516,False,0,True,3,1376,1318,1792,1447,1879,1479
3432,102.96667600000315,102.99667600000315,2004,1,1,0,0,130.16700000298442,False,0,True,3,1416,1347,1888,1470,2004,1500
3433,102.99667600000315,103.02667600000315,1876,2,2,0,0,131.9120829939493,False,0,True,3,1402,1351,1808,1484,1876,1503
3434,103.02667600000315,103.05667600000315,1939,1,1,1,1,131.1532499967143,False,0,True,3,1437,1374,1869,1494,1939,1518
3435,103.05667600000315,103.08667600000315,1950,1,1,1,1,128.85487499443116,False,0,True,3,1498,1438,1895,1557,1950,1579
3436,103.08667600000315,103.11667600000315,1902,1,1,1,1,130.45970900566317,False,0,True,3,1394,1327,1833,1467,1902,1491
3437,103.11667600000315,103.14667600000315,1861,0,0,0,0,127.66845800069859,False,0,True,3,1449,1398,1811,1517,1861,1530
3438,103.14667600000315,103.17667600000316,1775,1,1,1,1,127.89279199932935,False,0,True,3,1369,1311,1733,1431,1775,1442
3439,103.17667600000316,103.20667600000316,1759,1,1,1,1,128.03404200531077,False,0,True,3,1339,1289,1703,1410,1759,1432
3440,103.20667600000316,103.23667600000316,1719,0,0,0,0,126.98037499649217,False,0,True,3,1325,1259,1692,1391,1719,1410
3441,103.23667600000316,103.26667600000316,1709,1,1,0,0,128.52391600608826,False,0,True,3,1349,1292,1663,1406,1709,1434
3442,103.26667600000316,103.29667600000316,1693,0,0,0,0,126.81224999687402,False,0,True,3,1319,1263,1673,1394,1693,1402
3443,103.29667600000316,103.32667600000316,1779,0,0,0,0,126.51149999874178,False,0,True,3,1368,1305,1744,1427,1779,1449
3444,103.32667600000316,103.35667600000316,1696,0,0,0,0,126.93683299585246,False,0,True,3,1322,1270,1655,1377,1696,1396
3445,103.35667600000316,103.38667600000316,1673,0,0,0,0,128.6312079973868,False,0,True,3,1306,1248,1628,1357,1673,1381
3446,103.38667600000316,103.41667600000316,1703,1,1,0,0,128.9161669992609,False,0,True,3,1282,1219,1656,1319,1703,1341
3447,103.41667600000316,103.44667600000317,1767,0,0,0,0,127.96362500375835,False,0,True,3,1333,1273,1725,1378,1767,1405
3448,103.44667600000317,103.47667600000317,1721,0,0,0,0,127.73675000062212,False,0,True,3,1259,1187,1674,1304,1721,1321
3449,103.47667600000317,103.50667600000317,1702,1,1,0,0,129.4491669978015,False,0,True,3,1278,1220,1657,1307,1702,1328
3450,103.50667600000317,103.53667600000317,1688,1,1,1,1,129.13229200057685,False,0,True,3,1254,1203,1628,1307,1688,1328
3451,103.53667600000317,103.56667600000317,1728,1,1,1,1,129.0134169976227,False,0,True,3,1261,1209,1666,1320,1728,1334
3452,103.56667600000317,103.59667600000317,1748,1,1,1,1,128.95925000339048,False,0,True,3,1256,1192,1689,1310,1748,1323
3453,103.59667600000317,103.62667600000317,1656,1,1,1,1,128.66349999967497,False,0,True,3,1210,1156,1599,1248,1656,1255
3454,103.62667600000317,103.65667600000317,1766,1,1,1,1,127.95204199937871,False,0,True,3,1226,1170,1685,1294,1766,1307
3455,103.65667600000317,103.68667600000317,1789,1,1,1,1,127.90208300430095,False,0,True,3,1248,1189,1723,1298,1789,1309
3456,103.68667600000317,103.71667600000318,1726,1,1,1,1,127.66950000514043,False,0,True,3,1213,1157,1653,1260,1726,1277
3457,103.71667600000318,103.74667600000318,1722,1,1,1,1,128.85812500462634,False,0,True,3,1223,1170,1645,1272,1722,1288
3458,103.74667600000318,103.77667600000318,1791,0,0,0,0,128.46037500275997,False,0,True,3,1225,1161,1710,1280,1791,1288
3459,103.77667600000318,103.80667600000318,1758,1,1,1,1,128.55008299811743,False,0,True,3,1228,1168,1683,1283,1758,1297
3460,103.80667600000318,103.83667600000318,1731,1,1,1,1,129.38299999950686,False,0,True,3,1183,1119,1657,1229,1731,1247
3461,103.83667600000318,103.86667600000318,1673,0,0,0,0,127.3478749935748,False,0,True,3,1175,1111,1620,1204,1673,1211
3462,103.86667600000318,103.89667600000318,1739,1,1,0,0,129.46804200328188,False,0,True,3,1225,1165,1668,1252,1739,1263
3463,103.89667600000318,103.92667600000318,1653,1,1,0,0,128.60970800102223,False,0,True,3,1142,1078,1567,1162,1653,1183
3464,103.92667600000318,103.95667600000318,1666,1,1,1,1,128.7240000019665,False,0,True,3,1137,1080,1594,1177,1666,1192
3465,103.95667600000318,103.98667600000319,1700,1,1,1,1,128.89541700133123,False,0,True,3,1120,1069,1588,1158,1700,1169
3466,103.98667600000319,104.01667600000319,1758,1,1,1,1,128.21495800017146,False,0,True,3,1104,1049,1617,1141,1758,1155
3467,104.01667600000319,104.04667600000319,1934,0,0,0,0,127.6815000019269,False,0,True,3,1171,1107,1792,1211,1934,1225
3468,104.04667600000319,104.07667600000319,1900,1,1,0,0,129.2395829950692,False,0,True,3,1161,1108,1707,1208,1900,1233
3469,104.07667600000319,104.10667600000319,1967,1,1,1,1,129.20629199652467,False,0,True,3,1172,1109,1770,1222,1967,1249
3470,104.10667600000319,104.13667600000319,2017,1,1,1,1,128.7196249977569,False,0,True,3,1205,1149,1783,1245,2017,1260
3471,104.13667600000319,104.16667600000319,2096,2,2,1,1,128.65595900075277,False,0,True,3,1220,1147,1881,1252,2096,1259
3472,104.16667600000319,104.1966760000032,2137,2,2,1,1,127.4923330056481,False,0,True,3,1182,1112,1871,1211,2137,1230
3473,104.1966760000032,104.2266760000032,2101,1,1,1,1,129.24737499997718,False,0,True,3,1175,1112,1816,1219,2101,1236
3474,104.2266760000032,104.2566760000032,2205,1,1,1,1,128.2346250009141,False,0,True,3,1217,1159,1887,1267,2205,1288
3475,104.2566760000032,104.2866760000032,2283,2,2,1,1,129.30229199992027,False,0,True,3,1196,1130,1901,1251,2283,1275
3476,104.2866760000032,104.3166760000032,2225,2,2,0,0,128.762916996493,False,0,True,3,1260,1208,1858,1309,2225,1323
3477,104.3166760000032,104.3466760000032,2350,1,1,1,1,128.21145899943076,False,0,True,3,1241,1175,1939,1286,2350,1307
3478,104.3466760000032,104.3766760000032,2444,1,1,1,1,127.86204199801432,False,0,True,3,1244,1185,1957,1317,2444,1336
3479,104.3766760000032,104.4066760000032,2517,1,1,1,1,128.8993339985609,False,0,True,3,1283,1232,1959,1352,2517,1385
3480,104.4066760000032,104.4366760000032,2676,1,1,1,1,129.63433300319593,False,0,True,3,1257,1186,2027,1296,2676,1351
3481,104.4366760000032,104.4666760000032,2646,1,1,1,1,129.70579199463828,False,0,True,3,1242,1172,2030,1288,2646,1320
3482,104.4666760000032,104.4966760000032,2606,2,2,1,1,130.0578339942149,False,0,True,3,1195,1125,2015,1221,2606,1238
3483,104.4966760000032,104.5266760000032,2661,1,1,1,1,130.45041699660942,False,0,True,3,1235,1163,2025,1264,2661,1287
3484,104.5266760000032,104.55667600000321,2882,1,1,1,1,129.9924170016311,False,0,True,3,1302,1236,2168,1377,2882,1396
3485,104.55667600000321,104.58667600000321,3085,1,1,1,1,129.86437499785097,False,0,True,3,1322,1252,2272,1386,3085,1407
3486,104.58667600000321,104.61667600000321,3095,1,1,0,0,129.58933300251374,False,0,True,3,1338,1277,2212,1396,3095,1410
3487,104.61667600000321,104.64667600000321,3205,1,1,1,1,129.85024999943562,False,0,True,3,1289,1220,2193,1334,3205,1358
3488,104.64667600000321,104.67667600000321,3346,1,1,1,1,128.05458300135797,False,0,True,3,1291,1229,2196,1342,3346,1365
3489,104.67667600000321,104.70667600000321,3393,1,1,1,1,129.65366699791048,False,0,True,3,1285,1208,2247,1305,3393,1334
3490,104.70667600000321,104.73667600000321,3630,1,1,1,1,128.65137500193669,False,0,True,3,1364,1289,2407,1396,3630,1428
3491,104.73667600000321,104.76667600000322,3512,3,2,1,1,128.8249999997788,False,0,True,3,1257,1198,2260,1311,3512,1341
3492,104.76667600000322,104.79667600000322,3781,2,2,1,1,128.92704199475702,False,0,True,3,1323,1270,2450,1392,3781,1423
3493,104.79667600000322,104.82667600000322,3873,0,0,0,0,128.69420900096884,False,0,True,3,1346,1274,2490,1393,3873,1409
3494,104.82667600000322,104.85667600000322,4067,2,2,2,2,128.77833299717167,False,0,True,3,1312,1244,2550,1358,4067,1375
3495,104.85667600000322,104.88667600000322,4225,1,1,1,1,129.00895799975842,False,0,True,3,1277,1212,2556,1326,4225,1350
3496,104.88667600000322,104.91667600000322,4337,2,2,2,2,127.88270800228929,False,0,True,3,1261,1209,2508,1320,4337,1342
3497,104.91667600000322,104.94667600000322,4573,0,0,0,0,128.13166600244585,False,0,True,3,1300,1241,2612,1347,4573,1383
3498,104.94667600000322,104.97667600000322,4718,1,1,1,1,129.02741599828005,False,0,True,3,1247,1200,2585,1307,4718,1323
3499,104.97667600000322,105.00667600000322,5149,2,2,2,2,129.2172500034212,False,0,True,3,1307,1248,2801,1374,5149,1390
3500,105.00667600000322,105.03667600000323,5581,1,1,0,0,129.56329099688446,False,0,True,3,1291,1233,2886,1330,5581,1354
3501,105.03667600000323,105.06667600000323,5817,3,3,2,2,129.88895900343778,False,0,True,3,1312,1265,3007,1380,5817,1396
3502,105.06667600000323,105.09667600000323,6267,3,3,1,1,130.4454999990412,False,0,True,3,1323,1276,3150,1391,6267,1422
3503,105.09667600000323,105.12667600000323,6323,3,3,2,2,131.96104099915829,False,0,True,3,1370,1313,3155,1434,6323,1463
3504,105.12667600000323,105.15667600000323,6604,0,0,0,0,128.6287920011091,False,0,True,3,1333,1269,3219,1379,6604,1403
3505,105.15667600000323,105.18667600000323,7009,1,1,1,1,135.8598750011879,False,0,True,3,1303,1248,3284,1355,7009,1370
3506,105.18667600000323,105.21667600000323,5896,2,2,2,2,137.68700000218814,False,0,True,3,1389,1324,2862,1439,5896,1461
3507,105.21667600000323,105.24667600000323,1933,2,2,2,2,137.10799999535084,False,0,True,3,1325,1267,1825,1400,1933,1423
3508,105.24667600000323,105.27667600000323,1715,1,1,1,1,134.04975000594277,False,0,True,3,1292,1231,1635,1352,1715,1368
3509,105.27667600000323,105.30667600000324,1690,2,2,1,1,129.42854200082365,False,0,True,3,1265,1215,1598,1345,1690,1367
3510,105.30667600000324,105.33667600000324,1662,1,1,1,1,128.25266700383509,False,0,True,3,1286,1240,1599,1349,1662,1364
3511,105.33667600000324,105.36667600000324,1645,2,1,1,1,128.99745799950324,False,0,True,3,1225,1166,1571,1295,1645,1312
3512,105.36667600000324,105.39667600000324,1624,1,1,0,0,130.06458299787482,False,0,True,3,1241,1186,1564,1303,1624,1332
3513,105.39667600000324,105.42667600000324,1630,0,0,0,0,129.11708400497446,False,0,True,3,1285,1218,1600,1323,1630,1351
3514,105.42667600000324,105.45667600000324,1636,0,0,0,0,127.92500000068685,False,0,True,3,1282,1231,1601,1355,1636,1390
3515,105.45667600000324,105.48667600000324,1586,1,0,0,0,129.37870799942175,False,0,True,3,1249,1192,1540,1296,1586,1331
3516,105.48667600000324,105.51667600000324,1567,0,0,0,0,128.64237499888986,False,0,True,3,1209,1150,1519,1262,1567,1287
3517,105.51667600000324,105.54667600000325,1572,0,0,0,0,127.08800000109477,False,0,True,3,1223,1184,1521,1306,1572,1324
3518,105.54667600000325,105.57667600000325,1533,0,0,0,0,127.40379099705024,False,0,True,3,1236,1179,1514,1293,1533,1311
3519,105.57667600000325,105.60667600000325,1569,0,0,0,0,128.69795800361317,False,0,True,3,1264,1208,1546,1318,1569,1339
3520,105.60667600000325,105.63667600000325,1632,0,0,0,0,127.27154200547375,False,0,True,3,1303,1263,1572,1394,1632,1416
3521,105.63667600000325,105.66667600000325,1495,0,0,0,0,127.75683300424134,False,0,True,3,1175,1128,1434,1229,1495,1254
3522,105.66667600000325,105.69667600000325,1428,0,0,0,0,126.96095900173532,False,0,True,3,1189,1143,1413,1240,1428,1255
3523,105.69667600000325,105.72667600000325,1400,0,0,0,0,126.5041249935166,False,0,True,3,1146,1100,1378,1201,1400,1220
3524,105.72667600000325,105.75667600000325,1412,0,0,0,0,126.53449999925215,False,0,True,3,1152,1107,1389,1212,1412,1231
3525,105.75667600000325,105.78667600000325,1411,0,0,0,0,126.48479099880205,False,0,True,3,1117,1056,1394,1150,1411,1163
3526,105.78667600000325,105.81667600000326,1396,0,0,0,0,127.38679200265324,False,0,True,3,1124,1074,1374,1169,1396,1186
3527,105.81667600000326,105.84667600000326,1399,0,0,0,0,126.3928330008639,False,0,True,3,1122,1058,1380,1147,1399,1163
3528,105.84667600000326,105.87667600000326,1366,0,0,0,0,125.62162500398699,False,0,True,3,1082,1030,1356,1124,1366,1134
3529,105.87667600000326,105.90667600000326,1334,0,0,0,0,125.67475000105333,False,0,True,3,1083,1038,1321,1125,1334,1137
3530,105.90667600000326,105.93667600000326,1384,0,0,0,0,125.73600000177976,False,0,True,3,1064,1008,1366,1089,1384,1101
3531,105.93667600000326,105.96667600000326,1408,0,0,0,0,124.34762500197394,False,0,True,3,1089,1029,1386,1107,1408,1124
3532,105.96667600000326,105.99667600000326,1382,0,0,0,0,125.57220800226787,False,0,True,3,1084,1039,1364,1130,1382,1145
3533,105.99667600000326,106.02667600000326,1424,0,0,0,0,127.35899999825051,False,0,True,3,1128,1081,1409,1185,1424,1195
3534,106.02667600000326,106.05667600000326,1464,0,0,0,0,124.17045800248161,False,0,True,3,1101,1043,1413,1140,1464,1171
3535,106.05667600000326,106.08667600000327,1413,0,0,0,0,124.26700000651181,False,0,True,3,1133,1080,1391,1168,1413,1189
3536,106.08667600000327,106.11667600000327,1458,0,0,0,0,125.01658300607232,False,0,True,3,1165,1113,1435,1214,1458,1229
3537,106.11667600000327,106.14667600000327,1402,0,0,0,0,127.79591699654702,False,0,True,3,1113,1064,1371,1169,1402,1189
3538,106.14667600000327,106.17667600000327,1386,0,0,0,0,128.66824999946402,False,0,True,3,1097,1048,1365,1157,1386,1175
3539,106.17667600000327,106.20667600000327,1341,0,0,0,0,125.63433299510507,False,0,True,3,1067,1022,1323,1109,1341,1126
3540,106.20667600000327,106.23667600000327,1358,0,0,0,0,125.66266700014239,False,0,True,3,1082,1034,1342,1115,1358,1124
3541,106.23667600000327,106.26667600000327,1491,0,0,0,0,125.77854200208094,False,0,True,3,1112,1057,1473,1173,1491,1183
3542,106.26667600000327,106.29667600000327,1435,0,0,0,0,125.9115840002778,False,0,True,3,1083,1035,1419,1125,1435,1137
3543,106.29667600000327,106.32667600000327,1427,0,0,0,0,124.98733300162712,False,0,True,3,1100,1052,1410,1142,1427,1153
3544,106.32667600000327,106.35667600000328,1363,0,0,0,0,125.02437500370434,False,0,True,3,1057,1007,1334,1093,1363,1111
3545,106.35667600000328,106.38667600000328,1341,0,0,0,0,125.71525000385009,False,0,True,3,1053,1006,1320,1097,1341,1109
3546,106.38667600000328,106.41667600000328,1345,0,0,0,0,125.37591599539155,False,0,True,3,1043,996,1327,1086,1345,1098
3547,106.41667600000328,106.44667600000328,1366,0,0,0,0,125.96329099324066,False,0,True,3,1051,1002,1338,1085,1366,1104
3548,106.44667600000328,106.47667600000328,1374,0,0,0,0,126.06179099384462,False,0,True,3,1051,1007,1339,1100,1374,1119
3549,106.47667600000328,106.50667600000328,1442,0,0,0,0,127.92087500565685,False,0,True,3,1074,1011,1405,1111,1442,1135
3550,106.50667600000328,106.53667600000328,1435,1,1,0,0,127.03283299924806,False,0,True,3,1107,1065,1383,1142,1435,1173
3551,106.53667600000328,106.56667600000328,1462,0,0,0,0,124.6293340009288,False,0,True,3,1070,1016,1410,1106,1462,1132
3552,106.56667600000328,106.59667600000328,1555,0,0,0,0,125.36191600520397,False,0,True,3,1129,1081,1519,1192,1555,1210
3553,106.59667600000328,106.62667600000329,1593,0,0,0,0,127.07324999792036,False,0,True,3,1136,1070,1558,1162,1593,1179
3554,106.62667600000329,106.65667600000329,1617,0,0,0,0,125.68637499498436,False,0,True,3,1108,1047,1569,1142,1617,1159
3555,106.65667600000329,106.68667600000329,1655,0,0,0,0,126.69587499840418,False,0,True,3,1193,1128,1615,1230,1655,1243
3556,106.68667600000329,106.71667600000329,1627,0,0,0,0,127.61495800077682,False,0,True,3,1137,1064,1577,1172,1627,1184
3557,106.71667600000329,106.74667600000329,1685,0,0,0,0,125.33166600042023,False,0,True,3,1192,1134,1652,1275,1685,1283
3558,106.74667600000329,106.77667600000329,1656,0,0,0,0,127.48658399505075,False,0,True,3,1145,1079,1572,1188,1656,1206
3559,106.77667600000329,106.80667600000329,1936,1,1,0,0,126.52679199527483,False,0,True,3,1266,1196,1768,1319,1936,1337
3560,106.80667600000329,106.8366760000033,1775,0,0,0,0,126.28320800286019,False,0,True,3,1236,1169,1661,1294,1775,1325
3561,106.8366760000033,106.8666760000033,1728,1,0,0,0,127.17479199636728,False,0,True,3,1247,1183,1653,1314,1728,1350
3562,106.8666760000033,106.8966760000033,1645,0,0,0,0,127.07745800435077,False,0,True,3,1260,1194,1598,1313,1645,1341
3563,106.8966760000033,106.9266760000033,1679,0,0,0,0,126.92129200149793,False,0,True,3,1282,1218,1631,1330,1679,1360
3564,106.9266760000033,106.9566760000033,1677,0,0,0,0,126.34404200071003,False,0,True,3,1278,1216,1630,1328,1677,1364
3565,106.9566760000033,106.9866760000033,1729,0,0,0,0,125.4327079950599,False,0,True,3,1276,1199,1700,1314,1729,1331
3566,106.9866760000033,107.0166760000033,1609,0,0,0,0,126.82574999780627,False,0,True,3,1230,1173,1572,1293,1609,1314
3567,107.0166760000033,107.0466760000033,1735,0,0,0,0,125.18645799718797,False,0,True,3,1224,1163,1685,1299,1735,1312
3568,107.0466760000033,107.0766760000033,1680,0,0,0,0,124.75841699779266,False,0,True,3,1213,1152,1615,1276,1680,1292
3569,107.0766760000033,107.1066760000033,1653,1,1,0,0,127.98870900587644,False,0,True,3,1162,1106,1566,1195,1653,1212
3570,107.1066760000033,107.1366760000033,1640,1,1,0,0,127.723582998442,False,0,True,3,1205,1149,1583,1258,1640,1264
3571,107.1366760000033,107.1666760000033,1582,1,1,1,1,127.97262499952922,False,0,True,3,1130,1073,1503,1191,1582,1210
3572,107.1666760000033,107.19667600000331,1581,1,1,1,1,125.46087500231806,False,0,True,3,1159,1107,1506,1200,1581,1213
3573,107.19667600000331,107.22667600000331,1593,2,2,1,1,128.1692499978817,False,0,True,3,1142,1086,1516,1187,1593,1199
3574,107.22667600000331,107.25667600000331,1549,1,1,1,1,127.01625000045169,False,0,True,3,1120,1061,1465,1153,1549,1163
3575,107.25667600000331,107.28667600000331,1653,1,1,1,1,128.71566700050607,False,0,True,3,1137,1080,1541,1176,1653,1198
3576,107.28667600000331,107.31667600000331,1629,2,2,1,1,127.66825000289828,False,0,True,3,1176,1125,1542,1233,1629,1252
3577,107.31667600000331,107.34667600000331,1446,0,0,0,0,126.20295800297754,False,0,True,3,1098,1058,1393,1157,1446,1184
3578,107.34667600000331,107.36556999999999,867,0,0,0,0,125.67491599475034,False,0,True,3,711,685,848,728,867,744
